timestamp,eventType,mazeNumber,attemptNumber,collectedCoins,totalCoins,totalScore,mazeElapsedTime,totalGameElapsedTime,headPositionX,headPositionY,headPositionZ,headRotationX,headRotationY,headRotationZ,playerPositionX,playerPositionY,playerPositionZ,playerRotationY,rightThumbstickX,rightThumbstickY,rightTrigger,leftThumbstickX,leftThumbstickY,leftTrigger
4.128221,DATA,1,0,0,0,0,0.0,0.0,0.5514868,1.7489959,-1.05838609,41.4479942,-7.729309,-12.6560364,0.55,0.0,-0.05,0.0,0.0,0.0,0.0,0.0,0.0,0.0
4.186501,DATA,1,0,0,0,0,0.0,0.0,0.550927937,1.749696,-1.05607438,45.5216141,-6.747223,-11.9454651,0.55,0.0,-0.05,0.0,0.0,0.0,0.0,0.0,0.0,0.0
4.25011826,DATA,1,0,0,0,0,0.0,0.0,0.5496748,1.75200057,-1.05171657,50.4128647,-4.662506,-11.7814941,0.55,0.0,-0.05,0.0,0.0,0.0,0.0,0.0,0.0,0.0
4.310793,DATA,1,0,0,0,0,0.0,0.0,0.5488208,1.75170827,-1.04907537,53.5478172,-3.87976074,-12.6218872,0.55,0.0,-0.05,0.0,0.0,0.0,0.0,0.0,0.0,0.0
4.364376,DATA,1,0,0,0,0,0.0,0.0,0.5488065,1.75186253,-1.04857516,55.3026924,-4.005554,-13.4868164,0.55,0.0,-0.05,0.0,0.0,0.0,0.0,0.0,0.0,0.0
4.42453146,DATA,1,0,0,0,0,0.0,0.0,0.5490635,1.75167918,-1.04808021,56.1551323,-4.3522644,-13.83786,0.55,0.0,-0.05,0.0,0.0,0.0,0.0,0.0,0.0,0.0
4.48096848,DATA,1,0,0,0,0,0.0,0.0,0.549009144,1.75159085,-1.0480206,56.62373,-4.04550171,-13.7156677,0.55,0.0,-0.05,0.0,0.0,0.0,0.0,0.0,0.0,0.0
4.53644228,DATA,1,0,0,0,0,0.0,0.0,0.549087346,1.75232625,-1.04754138,57.0580521,-3.86315918,-13.6991882,0.55,0.0,-0.05,0.0,0.0,0.0,0.0,0.0,0.0,0.0
4.58910847,DATA,1,0,0,0,0,0.0,0.0,0.5492194,1.75367153,-1.04779124,57.6920471,-3.90267944,-14.0444031,0.55,0.0,-0.05,0.0,0.0,0.0,0.0,0.0,0.0,0.0
4.643259,DATA,1,0,0,0,0,0.0,0.0,0.5488475,1.75299883,-1.04830623,56.97561,-3.54278564,-13.4965515,0.55,0.0,-0.05,0.0,0.0,0.0,0.0,0.0,0.0,0.0
4.693944,DATA,1,0,0,0,0,0.0,0.0,0.547520936,1.75243163,-1.0493,56.21287,-2.257721,-12.2513733,0.55,0.0,-0.05,0.0,0.0,0.0,0.0,0.0,0.0,0.0
4.75298738,DATA,1,0,0,0,0,0.0,0.0,0.546410859,1.75235415,-1.05082107,55.3258438,-1.00537109,-11.01123,0.55,0.0,-0.05,0.0,0.0,0.0,0.0,0.0,0.0,0.0
4.8083396,DATA,1,0,0,0,0,0.0,0.0,0.545460045,1.75261569,-1.05157256,54.4534569,-0.640350342,-10.5949707,0.55,0.0,-0.05,0.0,0.0,0.0,0.0,0.0,0.0,0.0
4.865041,DATA,1,0,0,0,0,0.0,0.0,0.544049561,1.75316322,-1.0530622,53.0718575,0.156894743,-9.612061,0.55,0.0,-0.05,0.0,0.0,0.0,0.0,0.0,0.0,0.0
4.92074728,DATA,1,0,0,0,0,0.0,0.0,0.542670548,1.75316608,-1.05386043,51.71694,0.5853579,-8.876862,0.55,0.0,-0.05,0.0,0.0,0.0,0.0,0.0,0.0,0.0
4.975994,DATA,1,0,0,0,0,0.0,0.0,0.54129535,1.75380349,-1.05464864,50.57188,0.806403935,-8.490601,0.55,0.0,-0.05,0.0,0.0,0.0,0.0,0.0,0.0,0.0
5.031513,DATA,1,0,0,0,0,0.0,0.0,0.540395558,1.75380158,-1.0544498,50.3036041,1.04759955,-8.402649,0.55,0.0,-0.05,0.0,0.0,0.0,0.0,0.0,0.0,0.0
5.087418,DATA,1,0,0,0,0,0.0,0.0,0.5398877,1.7546252,-1.05306029,50.1345253,1.09288728,-8.937286,0.55,0.0,-0.05,0.0,0.0,0.0,0.0,0.0,0.0,0.0
5.143049,DATA,1,0,0,0,0,0.0,0.0,0.5391744,1.75512469,-1.050616,49.5770569,0.7110261,-9.9104,0.55,0.0,-0.05,0.0,0.0,0.0,0.0,0.0,0.0,0.0
5.198612,DATA,1,0,0,0,0,0.0,0.0,0.5384324,1.75647974,-1.04720378,47.840847,0.050541386,-11.1126709,0.55,0.0,-0.05,0.0,0.0,0.0,0.0,0.0,0.0,0.0
5.254137,DATA,1,0,0,0,0,0.0,0.0,0.5383614,1.75794876,-1.043639,46.145813,-0.5352478,-12.0899658,0.55,0.0,-0.05,0.0,0.0,0.0,0.0,0.0,0.0,0.0
5.30935574,DATA,1,0,0,0,0,0.0,0.0,0.5380495,1.75899088,-1.041003,44.14675,-0.256073,-12.17041,0.55,0.0,-0.05,0.0,0.0,0.0,0.0,0.0,0.0,0.0
5.38396263,DATA,1,0,0,0,0,0.0,0.0,0.5382741,1.75937748,-1.03972507,42.9095345,-0.137115479,-11.6542969,0.55,0.0,-0.05,0.0,0.0,0.0,0.0,0.0,0.0,0.0
5.44551754,DATA,1,0,0,0,0,0.0,0.0,0.5386117,1.7599864,-1.03931069,43.1526375,0.138919383,-10.7919922,0.55,0.0,-0.05,0.0,0.0,0.0,0.0,0.0,0.0,0.0
5.500976,DATA,1,0,0,0,0,0.0,0.0,0.538791955,1.76082444,-1.03898215,43.78213,0.3761964,-10.5999756,0.55,0.0,-0.05,0.0,0.0,0.0,0.0,0.0,0.0,0.0
5.55642033,DATA,1,0,0,0,0,0.0,0.0,0.539892,1.764102,-1.03885674,44.917614,0.6278945,-10.3440552,0.55,0.0,-0.05,0.0,0.0,0.0,0.0,0.0,0.0,0.0
5.61177969,DATA,1,0,0,0,0,0.0,0.0,0.5412758,1.76744032,-1.04041362,45.7678757,0.073781006,-10.6086731,0.55,0.0,-0.05,0.0,0.0,0.0,0.0,0.0,0.0,0.0
5.667491,DATA,1,0,0,0,0,0.0,0.0,0.542270958,1.77344358,-1.04278731,47.5575638,-0.172149658,-10.990509,0.55,0.0,-0.05,0.0,0.0,0.0,0.0,0.0,0.0,0.0
5.723181,DATA,1,0,0,0,0,0.0,0.0,0.543539345,1.78066647,-1.04702449,49.407692,-1.52450562,-12.3730164,0.55,0.0,-0.05,0.0,0.0,0.0,0.0,0.0,0.0,0.0
5.778715,DATA,1,0,0,0,0,0.0,0.0,0.544931233,1.78966677,-1.0513742,51.068615,-3.481781,-14.379364,0.55,0.0,-0.05,0.0,0.0,0.0,0.0,0.0,0.0,0.0
5.834494,DATA,1,0,0,0,0,0.0,0.0,0.5462368,1.79978108,-1.05424285,52.18797,-5.380951,-16.8085327,0.55,0.0,-0.05,0.0,0.0,0.0,0.0,0.0,0.0,0.0
5.89285231,DATA,1,0,0,0,0,0.0,0.0,0.5479062,1.81092286,-1.05569577,53.5025826,-6.726166,-19.19632,0.55,0.0,-0.05,0.0,0.0,0.0,0.0,0.0,0.0,0.0
5.948155,DATA,1,0,0,0,0,0.0,0.0,0.549959,1.82361829,-1.05571437,55.38014,-8.644196,-22.6958,0.55,0.0,-0.05,0.0,0.0,0.0,0.0,0.0,0.0,0.0
6.00385237,DATA,1,0,0,0,0,0.0,0.0,0.5514887,1.83641648,-1.05624652,56.7758255,-11.7762146,-27.5134888,0.55,0.0,-0.05,0.0,0.0,0.0,0.0,0.0,0.0,0.0
6.05973148,DATA,1,0,0,0,0,0.0,0.0,0.5524834,1.847142,-1.06098437,56.85747,-14.3388977,-29.3341064,0.55,0.0,-0.05,0.0,0.0,0.0,0.0,0.0,0.0,0.0
6.11508226,DATA,1,0,0,0,0,0.0,0.0,0.553093731,1.85672915,-1.06696677,55.77175,-16.0015869,-30.1861877,0.55,0.0,-0.05,0.0,0.0,0.0,0.0,0.0,0.0,0.0
6.170578,DATA,1,0,0,0,0,0.0,0.0,0.5536955,1.866937,-1.07347512,56.01057,-18.4932861,-30.7435913,0.55,0.0,-0.05,0.0,0.0,0.0,0.0,0.0,0.0,0.0
6.226233,DATA,1,0,0,0,0,0.0,0.0,0.5532301,1.8788538,-1.0791862,57.3650322,-22.64389,-33.74051,0.55,0.0,-0.05,0.0,0.0,0.0,0.0,0.0,0.0,0.0
6.28222036,DATA,1,0,0,0,0,0.0,0.0,0.552028,1.89210629,-1.08443713,59.3058357,-28.8126221,-38.8835449,0.55,0.0,-0.05,0.0,0.0,0.0,0.0,0.0,0.0,0.0
6.33782339,DATA,1,0,0,0,0,0.0,0.0,0.549280941,1.90524447,-1.08855987,60.07256,-34.3560181,-43.6416,0.55,0.0,-0.05,0.0,0.0,0.0,0.0,0.0,0.0,0.0
6.39422941,DATA,1,0,0,0,0,0.0,0.0,0.5456937,1.91785252,-1.09172988,60.0398827,-38.605072,-46.9896851,0.55,0.0,-0.05,0.0,0.0,0.0,0.0,0.0,0.0,0.0
6.449067,DATA,1,0,0,0,0,0.0,0.0,0.540881455,1.92960846,-1.0943563,59.24435,-40.2639465,-47.7731934,0.55,0.0,-0.05,0.0,0.0,0.0,0.0,0.0,0.0,0.0
6.50436068,DATA,1,0,0,0,0,0.0,0.0,0.535802662,1.94065475,-1.0967195,58.34123,-40.6170044,-46.9967957,0.55,0.0,-0.05,0.0,0.0,0.0,0.0,0.0,0.0,0.0
6.56042576,DATA,1,0,0,0,0,0.0,0.0,0.532414258,1.95283926,-1.09791875,58.7529526,-43.0654,-47.8981,0.55,0.0,-0.05,0.0,0.0,0.0,0.0,0.0,0.0,0.0
6.61620665,DATA,1,0,0,0,0,0.0,0.0,0.5304683,1.96582186,-1.09691691,58.9248161,-43.9743042,-49.3335876,0.55,0.0,-0.05,0.0,0.0,0.0,0.0,0.0,0.0,0.0
6.67133474,DATA,1,0,0,0,0,0.0,0.0,0.5273054,1.9786135,-1.09525657,59.41189,-39.6660156,-46.637085,0.55,0.0,-0.05,0.0,0.0,0.0,0.0,0.0,0.0,0.0
6.72729826,DATA,1,0,0,0,0,0.0,0.0,0.5249837,1.99130511,-1.09398484,61.6462822,-37.90979,-46.43637,0.55,0.0,-0.05,0.0,0.0,0.0,0.0,0.0,0.0,0.0
6.78248167,DATA,1,0,0,0,0,0.0,0.0,0.52434665,2.00321984,-1.09487462,63.3279839,-40.08029,-48.8487854,0.55,0.0,-0.05,0.0,0.0,0.0,0.0,0.0,0.0,0.0
6.83854628,DATA,1,0,0,0,0,0.0,0.0,0.524381936,2.013114,-1.09526992,63.95856,-40.6170654,-48.026886,0.55,0.0,-0.05,0.0,0.0,0.0,0.0,0.0,0.0,0.0
6.894015,DATA,1,0,0,0,0,0.0,0.0,0.5239995,2.01801825,-1.097738,63.47696,-37.23639,-43.3823853,0.55,0.0,-0.05,0.0,0.0,0.0,0.0,0.0,0.0,0.0
6.94873047,DATA,1,0,0,0,0,0.0,0.0,0.5244115,2.01994252,-1.10063434,62.8596535,-35.41626,-41.2714844,0.55,0.0,-0.05,0.0,0.0,0.0,0.0,0.0,0.0,0.0
7.00476027,DATA,1,0,0,0,0,0.0,0.0,0.526532948,2.0196414,-1.10401511,61.39248,-35.76474,-41.316803,0.55,0.0,-0.05,0.0,0.0,0.0,0.0,0.0,0.0,0.0
7.06001949,DATA,1,0,0,0,0,0.0,0.0,0.52786237,2.01871967,-1.10640788,60.20641,-35.5968628,-40.446228,0.55,0.0,-0.05,0.0,0.0,0.0,0.0,0.0,0.0,0.0
7.11576366,DATA,1,0,0,0,0,0.0,0.0,0.528939068,2.01902032,-1.10728908,60.0479965,-35.8003235,-40.4915161,0.55,0.0,-0.05,0.0,0.0,0.0,0.0,0.0,0.0,0.0
7.170782,DATA,1,0,0,0,0,0.0,0.0,0.529209435,2.01862383,-1.10715079,60.0026169,-35.3286743,-40.3511353,0.55,0.0,-0.05,0.0,0.0,0.0,0.0,0.0,0.0,0.0
7.226521,DATA,1,0,0,0,0,0.0,0.0,0.529248536,2.01841831,-1.10634065,60.1886,-35.26944,-40.4944153,0.55,0.0,-0.05,0.0,0.0,0.0,0.0,0.0,0.0,0.0
7.282299,DATA,1,0,0,0,0,0.0,0.0,0.5294054,2.01594353,-1.10617471,59.5421753,-34.7438354,-39.986908,0.55,0.0,-0.05,0.0,0.0,0.0,0.0,0.0,0.0,0.0
7.33766937,DATA,1,0,0,0,0,0.0,0.0,0.530281842,2.01139069,-1.10634255,58.22987,-34.2843628,-39.58966,0.55,0.0,-0.05,0.0,0.0,0.0,0.0,0.0,0.0,0.0
7.393185,DATA,1,0,0,0,0,0.0,0.0,0.5313886,2.00411844,-1.10599828,56.95289,-34.10974,-40.4299,0.55,0.0,-0.05,0.0,0.0,0.0,0.0,0.0,0.0,0.0
7.44835758,DATA,1,0,0,0,0,0.0,0.0,0.532748044,1.993367,-1.106262,55.5331421,-32.2479858,-40.3232422,0.55,0.0,-0.05,0.0,0.0,0.0,0.0,0.0,0.0,0.0
7.504044,DATA,1,0,0,0,0,0.0,0.0,0.535195649,1.98010135,-1.10610127,54.29246,-31.1850586,-41.1683044,0.55,0.0,-0.05,0.0,0.0,0.0,0.0,0.0,0.0,0.0
7.559842,DATA,1,0,0,0,0,0.0,0.0,0.5378917,1.96220076,-1.10498977,52.5041656,-30.0492249,-41.8103333,0.55,0.0,-0.05,0.0,0.0,0.0,0.0,0.0,0.0,0.0
7.61506,DATA,1,0,0,0,0,0.0,0.0,0.5412281,1.94228685,-1.10367942,50.9268074,-30.1401672,-42.4737854,0.55,0.0,-0.05,0.0,0.0,0.0,0.0,0.0,0.0,0.0
7.67052031,DATA,1,0,0,0,0,0.0,0.0,0.543845952,1.92131853,-1.10134673,51.2091064,-29.5061646,-42.64142,0.55,0.0,-0.05,0.0,0.0,0.0,0.0,0.0,0.0,0.0
7.726453,DATA,1,0,0,0,0,0.0,0.0,0.544725239,1.90293229,-1.09891438,53.6278267,-28.6259766,-42.20172,0.55,0.0,-0.05,0.0,0.0,0.0,0.0,0.0,0.0,0.0
7.782063,DATA,1,0,0,0,0,0.0,0.0,0.544737637,1.88956761,-1.09750772,55.2907448,-27.13675,-41.33719,0.55,0.0,-0.05,0.0,0.0,0.0,0.0,0.0,0.0,0.0
7.83741665,DATA,1,0,0,0,0,0.0,0.0,0.5446575,1.88622868,-1.09685016,57.19152,-29.9551086,-44.4842224,0.55,0.0,-0.05,0.0,0.0,0.0,0.0,0.0,0.0,0.0
7.893802,DATA,1,0,0,0,0,0.0,0.0,0.5443576,1.88962412,-1.09692931,59.3415451,-34.91812,-50.4732971,0.55,0.0,-0.05,0.0,0.0,0.0,0.0,0.0,0.0,0.0
7.94859,DATA,1,0,0,0,0,0.0,0.0,0.5442293,1.8973968,-1.09844422,62.05182,-45.3952637,-59.86621,0.55,0.0,-0.05,0.0,0.0,0.0,0.0,0.0,0.0,0.0
8.004905,DATA,1,0,0,0,0,0.0,0.0,0.5413497,1.90624094,-1.10004878,63.2977867,-55.68692,-69.59555,0.55,0.0,-0.05,0.0,0.0,0.0,0.0,0.0,0.0,0.0
8.060631,DATA,1,0,0,0,0,0.0,0.0,0.536073,1.91466308,-1.100097,63.96932,-61.9786072,-75.5775452,0.55,0.0,-0.05,0.0,0.0,0.0,0.0,0.0,0.0,0.0
8.116288,DATA,1,0,0,0,0,0.0,0.0,0.532460034,1.92055631,-1.09691072,63.4480934,-66.9648743,-79.64758,0.55,0.0,-0.05,0.0,0.0,0.0,0.0,0.0,0.0,0.0
8.171878,DATA,1,0,0,0,0,0.0,0.0,0.5271695,1.92665863,-1.09339261,64.08173,-69.24121,-81.25769,0.55,0.0,-0.05,0.0,0.0,0.0,0.0,0.0,0.0,0.0
8.227812,DATA,1,0,0,0,0,0.0,0.0,0.519646,1.935808,-1.09159732,65.9263153,-69.13782,-80.51611,0.55,0.0,-0.05,0.0,0.0,0.0,0.0,0.0,0.0,0.0
8.283193,DATA,1,0,0,0,0,0.0,0.0,0.509283364,1.94977915,-1.09353042,68.4078751,-66.7749,-79.3952,0.55,0.0,-0.05,0.0,0.0,0.0,0.0,0.0,0.0,0.0
8.338856,DATA,1,0,0,0,0,0.0,0.0,0.498437226,1.96706688,-1.0967176,70.6518555,-60.67923,-72.70007,0.55,0.0,-0.05,0.0,0.0,0.0,0.0,0.0,0.0,0.0
8.393387,DATA,1,0,0,0,0,0.0,0.0,0.487287343,1.984385,-1.09865069,71.60175,-54.5221863,-64.59787,0.55,0.0,-0.05,0.0,0.0,0.0,0.0,0.0,0.0,0.0
8.449326,DATA,1,0,0,0,0,0.0,0.0,0.476781666,1.99960685,-1.09894443,71.36583,-50.6088257,-57.1370239,0.55,0.0,-0.05,0.0,0.0,0.0,0.0,0.0,0.0,0.0
8.504646,DATA,1,0,0,0,0,0.0,0.0,0.468598664,2.010797,-1.0957458,70.62724,-54.0650024,-55.0681152,0.55,0.0,-0.05,0.0,0.0,0.0,0.0,0.0,0.0,0.0
8.560587,DATA,1,0,0,0,0,0.0,0.0,0.463431656,2.01374173,-1.09161353,68.11922,-62.8670044,-58.60498,0.55,0.0,-0.05,0.0,0.0,0.0,0.0,0.0,0.0,0.0
8.616935,DATA,1,0,0,0,0,0.0,0.0,0.462970078,2.00928068,-1.08625007,65.5635757,-69.9790955,-62.7353821,0.55,0.0,-0.05,0.0,0.0,0.0,0.0,0.0,0.0,0.0
8.671422,DATA,1,0,0,0,0,0.0,0.0,0.466949761,1.9999156,-1.08092189,64.1821,-75.22098,-66.76611,0.55,0.0,-0.05,0.0,0.0,0.0,0.0,0.0,0.0,0.0
8.727901,DATA,1,0,0,0,0,0.0,0.0,0.4749816,1.988025,-1.07601714,64.22093,-82.732605,-75.9820251,0.55,0.0,-0.05,0.0,0.0,0.0,0.0,0.0,0.0,0.0
8.781801,DATA,1,0,0,0,0,0.0,0.0,0.4846161,1.97586763,-1.073168,64.05067,-89.47598,-86.46704,0.55,0.0,-0.05,0.0,0.0,0.0,0.0,0.0,0.0,0.0
8.838523,DATA,1,0,0,0,0,0.0,0.0,0.494472325,1.96765184,-1.07284427,63.5431976,-92.58127,-93.08035,0.55,0.0,-0.05,0.0,0.0,0.0,0.0,0.0,0.0,0.0
8.894323,DATA,1,0,0,0,0,0.0,0.0,0.5007947,1.96282816,-1.07511783,62.9380226,-92.4000244,-95.35324,0.55,0.0,-0.05,0.0,0.0,0.0,0.0,0.0,0.0,0.0
8.949542,DATA,1,0,0,0,0,0.0,0.0,0.5038994,1.95963132,-1.07682347,62.5767441,-92.94238,-97.19757,0.55,0.0,-0.05,0.0,0.0,0.0,0.0,0.0,0.0,0.0
9.005272,DATA,1,0,0,0,0,0.0,0.0,0.5039361,1.9572885,-1.076122,62.58796,-95.44977,-100.573792,0.55,0.0,-0.05,0.0,0.0,0.0,0.0,0.0,0.0,0.0
9.060807,DATA,1,0,0,0,0,0.0,0.0,0.5028718,1.95582747,-1.07672811,63.27328,-96.99414,-104.169983,0.55,0.0,-0.05,0.0,0.0,0.0,0.0,0.0,0.0,0.0
9.116073,DATA,1,0,0,0,0,0.0,0.0,0.503074944,1.95526838,-1.08023715,64.2186661,-97.29797,-107.305725,0.55,0.0,-0.05,0.0,0.0,0.0,0.0,0.0,0.0,0.0
9.171444,DATA,1,0,0,0,0,0.0,0.0,0.5039032,1.95634913,-1.08110213,65.56721,-100.602783,-111.693573,0.55,0.0,-0.05,0.0,0.0,0.0,0.0,0.0,0.0,0.0
9.227548,DATA,1,0,0,0,0,0.0,0.0,0.5009268,1.956654,-1.0755713,67.57668,-113.660904,-127.85022,0.55,0.0,-0.05,0.0,0.0,0.0,0.0,0.0,0.0,0.0
9.283376,DATA,1,0,0,0,0,0.0,0.0,0.498390973,1.95394671,-1.06734538,66.37329,-128.840286,-146.481735,0.55,0.0,-0.05,0.0,0.0,0.0,0.0,0.0,0.0,0.0
9.33869,DATA,1,0,0,0,0,0.0,0.0,0.4961365,1.95173609,-1.06244063,66.09088,-137.95195,-156.632828,0.55,0.0,-0.05,0.0,0.0,0.0,0.0,0.0,0.0,0.0
9.394382,DATA,1,0,0,0,0,0.0,0.0,0.494226277,1.95341063,-1.06216693,67.09981,-138.642883,-156.241119,0.55,0.0,-0.05,0.0,0.0,0.0,0.0,0.0,0.0,0.0
9.44928,DATA,1,0,0,0,0,0.0,0.0,0.4916075,1.959565,-1.063173,69.51643,-134.509628,-149.369583,0.55,0.0,-0.05,0.0,0.0,0.0,0.0,0.0,0.0,0.0
9.504972,DATA,1,0,0,0,0,0.0,0.0,0.4891222,1.96956611,-1.06370664,71.68329,-130.857681,-143.181534,0.55,0.0,-0.05,0.0,0.0,0.0,0.0,0.0,0.0,0.0
9.560998,DATA,1,0,0,0,0,0.0,0.0,0.486306965,1.98219061,-1.063112,73.81445,-129.1633,-139.3971,0.55,0.0,-0.05,0.0,0.0,0.0,0.0,0.0,0.0,0.0
9.616149,DATA,1,0,0,0,0,0.0,0.0,0.482317746,1.99652231,-1.06224227,76.34631,-123.784973,-131.960983,0.55,0.0,-0.05,0.0,0.0,0.0,0.0,0.0,0.0,0.0
9.670692,DATA,1,0,0,0,0,0.0,0.0,0.478120148,2.012671,-1.06110358,79.04395,-111.596375,-116.415771,0.55,0.0,-0.05,0.0,0.0,0.0,0.0,0.0,0.0,0.0
9.726581,DATA,1,0,0,0,0,0.0,0.0,0.4764927,2.02999473,-1.06153893,79.48036,-78.7633057,-79.00757,0.55,0.0,-0.05,0.0,0.0,0.0,0.0,0.0,0.0,0.0
9.782461,DATA,1,0,0,0,0,0.0,0.0,0.47792846,2.04830265,-1.06432319,75.78469,-51.6234741,-47.2102966,0.55,0.0,-0.05,0.0,0.0,0.0,0.0,0.0,0.0,0.0
9.837891,DATA,1,0,0,0,0,0.0,0.0,0.481910527,2.067305,-1.06998754,70.33885,-39.02597,-31.3440857,0.55,0.0,-0.05,0.0,0.0,0.0,0.0,0.0,0.0,0.0
9.89218,DATA,1,0,0,0,0,0.0,0.0,0.486210644,2.08544445,-1.07921576,65.81008,-30.70993,-21.93155,0.55,0.0,-0.05,0.0,0.0,0.0,0.0,0.0,0.0,0.0
9.9473,DATA,1,0,0,0,0,0.0,0.0,0.4895118,2.10298347,-1.08852839,63.9158936,-24.0975037,-16.18689,0.55,0.0,-0.05,0.0,0.0,0.0,0.0,0.0,0.0,0.0
10.0028982,DATA,1,0,0,0,0,0.0,0.0,0.492100537,2.11688876,-1.097017,62.5140457,-18.60205,-11.9902039,0.55,0.0,-0.05,0.0,0.0,0.0,0.0,0.0,0.0,0.0
10.0587549,DATA,1,0,0,0,0,0.0,0.0,0.493871033,2.12733865,-1.10368419,60.7809525,-17.4950256,-12.4749146,0.55,0.0,-0.05,0.0,0.0,0.0,0.0,0.0,0.0,0.0
10.1140738,DATA,1,0,0,0,0,0.0,0.0,0.4937604,2.13484454,-1.10914111,59.74846,-16.7168274,-11.6013184,0.55,0.0,-0.05,0.0,0.0,0.0,0.0,0.0,0.0,0.0
10.1693506,DATA,1,0,0,0,0,0.0,0.0,0.4927109,2.13944,-1.114702,57.7296829,-16.320343,-10.53302,0.55,0.0,-0.05,0.0,0.0,0.0,0.0,0.0,0.0,0.0
10.2250261,DATA,1,0,0,0,0,0.0,0.0,0.4914158,2.1441946,-1.11917663,56.5375137,-17.0045471,-9.882935,0.55,0.0,-0.05,0.0,0.0,0.0,0.0,0.0,0.0,0.0
10.2814713,DATA,1,0,0,0,0,0.0,0.0,0.4876302,2.14819813,-1.12426066,55.4177971,-15.575531,-7.576599,0.55,0.0,-0.05,0.0,0.0,0.0,0.0,0.0,0.0,0.0
10.337409,DATA,1,0,0,0,0,0.0,0.0,0.482529938,2.150248,-1.129154,54.5242,-14.0183716,-5.409607,0.55,0.0,-0.05,0.0,0.0,0.0,0.0,0.0,0.0,0.0
10.39266,DATA,1,0,0,0,0,0.0,0.0,0.478060544,2.15098786,-1.13450789,53.273922,-14.2788086,-5.13974,0.55,0.0,-0.05,0.0,0.0,0.0,0.0,0.0,0.0,0.0
10.4482546,DATA,1,0,0,0,0,0.0,0.0,0.474466145,2.15234232,-1.14076781,51.9946823,-13.6281738,-3.3303833,0.55,0.0,-0.05,0.0,0.0,0.0,0.0,0.0,0.0,0.0
10.5043344,DATA,1,0,0,0,0,0.0,0.0,0.47114116,2.15334988,-1.14818263,50.0517,-12.28537,-1.22817993,0.55,0.0,-0.05,0.0,0.0,0.0,0.0,0.0,0.0,0.0
10.56018,DATA,1,0,0,0,0,0.0,0.0,0.469453156,2.153552,-1.15441155,48.5676231,-11.5502014,-0.358795166,0.55,0.0,-0.05,0.0,0.0,0.0,0.0,0.0,0.0,0.0
10.6155109,DATA,1,0,0,0,0,0.0,0.0,0.4688061,2.15354776,-1.15570331,48.87083,-12.0562439,-0.787750244,0.55,0.0,-0.05,0.0,0.0,0.0,0.0,0.0,0.0,0.0
10.6708355,DATA,1,0,0,0,0,0.0,0.0,0.467305481,2.15418172,-1.15657783,49.2612877,-11.7019958,-0.8650818,0.55,0.0,-0.05,0.0,0.0,0.0,0.0,0.0,0.0,0.0
10.72639,DATA,1,0,0,0,0,0.0,0.0,0.465669453,2.15474749,-1.1585834,49.2160568,-11.5238647,-0.532043457,0.55,0.0,-0.05,0.0,0.0,0.0,0.0,0.0,0.0,0.0
10.7822323,DATA,1,0,0,0,0,0.0,0.0,0.466151536,2.15454078,-1.16175914,48.8108253,-12.061615,-0.7772827,0.55,0.0,-0.05,0.0,0.0,0.0,0.0,0.0,0.0,0.0
10.837966,DATA,1,0,0,0,0,0.0,0.0,0.466806233,2.15386844,-1.16345382,48.511776,-12.6954041,-1.26898193,0.55,0.0,-0.05,0.0,0.0,0.0,0.0,0.0,0.0,0.0
10.8927555,DATA,1,0,0,0,0,0.0,0.0,0.467579663,2.15322018,-1.1646173,48.412075,-13.1395874,-2.2170105,0.55,0.0,-0.05,0.0,0.0,0.0,0.0,0.0,0.0,0.0
10.9485064,DATA,1,0,0,0,0,0.0,0.0,0.467697442,2.15250444,-1.16643357,47.91837,-13.0279541,-2.93847656,0.55,0.0,-0.05,0.0,0.0,0.0,0.0,0.0,0.0,0.0
11.0045033,DATA,1,0,0,0,0,0.0,0.0,0.46829778,2.15215874,-1.16816258,47.6312523,-12.8149719,-3.142334,0.55,0.0,-0.05,0.0,0.0,0.0,0.0,0.0,0.0,0.0
11.0598574,DATA,1,0,0,0,0,0.0,0.0,0.468953431,2.1520617,-1.16957545,47.3561859,-12.467865,-2.72436523,0.55,0.0,-0.05,0.0,0.0,0.0,0.0,0.0,0.0,0.0
11.1154909,DATA,1,0,0,0,0,0.0,0.0,0.4693268,2.15204525,-1.17059588,47.2208977,-12.3691406,-2.492859,0.55,0.0,-0.05,0.0,0.0,0.0,0.0,0.0,0.0,0.0
11.17084,DATA,1,0,0,0,0,0.0,0.0,0.46971494,2.1517663,-1.17143655,46.91975,-12.4327393,-2.38299561,0.55,0.0,-0.05,0.0,0.0,0.0,0.0,0.0,0.0,0.0
11.22679,DATA,1,0,0,0,0,0.0,0.0,0.46995765,2.15162015,-1.17163634,46.8160439,-12.46048,-2.30844116,0.55,0.0,-0.05,0.0,0.0,0.0,0.0,0.0,0.0,0.0
11.2823868,DATA,1,0,0,0,0,0.0,0.0,0.470469773,2.151432,-1.17182422,46.7922745,-12.4686279,-2.3215332,0.55,0.0,-0.05,0.0,0.0,0.0,0.0,0.0,0.0,0.0
11.3373976,DATA,1,0,0,0,0,0.0,0.0,0.470670044,2.15127921,-1.17151809,46.7979279,-12.4446411,-2.43167114,0.55,0.0,-0.05,0.0,0.0,0.0,0.0,0.0,0.0,0.0
11.3928738,DATA,1,0,0,0,0,0.0,0.0,0.4708069,2.151172,-1.171138,46.76886,-12.5008545,-2.34796143,0.55,0.0,-0.05,0.0,0.0,0.0,0.0,0.0,0.0,0.0
11.4481382,DATA,1,0,0,0,0,0.0,0.0,0.470412076,2.1513412,-1.17084575,46.7870369,-12.59137,-2.468933,0.55,0.0,-0.05,0.0,0.0,0.0,0.0,0.0,0.0,0.0
11.5042095,DATA,1,0,0,0,0,0.0,0.0,0.470488369,2.15130234,-1.17041087,46.8677559,-12.59375,-2.4637146,0.55,0.0,-0.05,0.0,0.0,0.0,0.0,0.0,0.0,0.0
11.5600843,DATA,1,0,0,0,0,0.0,0.0,0.470420182,2.15143037,-1.17009807,46.9567032,-12.68045,-2.433838,0.55,0.0,-0.05,0.0,0.0,0.0,0.0,0.0,0.0,0.0
11.6157894,DATA,1,0,0,0,0,0.0,0.0,0.470434,2.15131426,-1.1693027,47.0773773,-12.7891541,-2.58270264,0.55,0.0,-0.05,0.0,0.0,0.0,0.0,0.0,0.0,0.0
11.6705,DATA,1,0,0,0,0,0.0,0.0,0.469614327,2.15198469,-1.1654284,48.1829376,-12.7157593,-2.58102417,0.55,0.0,-0.05,0.0,0.0,0.0,0.0,0.0,0.0,0.0
11.726923,DATA,1,0,0,0,0,0.0,0.0,0.4674633,2.15420723,-1.15621829,50.4818153,-11.38385,-1.28497314,0.55,0.0,-0.05,0.0,0.0,0.0,0.0,0.0,0.0,0.0
11.782095,DATA,1,0,0,0,0,0.0,0.0,0.461819,2.15928841,-1.138231,56.20296,-9.082001,0.4811371,0.55,0.0,-0.05,0.0,0.0,0.0,0.0,0.0,0.0,0.0
11.8377209,DATA,1,0,0,0,0,0.0,0.0,0.452915,2.16403365,-1.11325431,64.12868,-5.49890137,3.72831035,0.55,0.0,-0.05,0.0,0.0,0.0,0.0,0.0,0.0,0.0
11.8928671,DATA,1,0,0,0,0,0.0,0.0,0.4428423,2.16611075,-1.08791709,71.2713852,-1.44412231,8.242786,0.55,0.0,-0.05,0.0,0.0,0.0,0.0,0.0,0.0,0.0
11.9481544,DATA,1,0,0,0,0,0.0,0.0,0.4338072,2.16646719,-1.06807828,75.76525,0.92972374,12.839509,0.55,0.0,-0.05,0.0,0.0,0.0,0.0,0.0,0.0,0.0
12.0040531,DATA,1,0,0,0,0,0.0,0.0,0.427459061,2.16591334,-1.05572677,77.36127,-4.76843262,11.0944681,0.55,0.0,-0.05,0.0,0.0,0.0,0.0,0.0,0.0,0.0
12.0597792,DATA,1,0,0,0,0,0.0,0.0,0.423589051,2.16579366,-1.04993272,76.519455,-15.1317444,5.490571,0.55,0.0,-0.05,0.0,0.0,0.0,0.0,0.0,0.0,0.0
12.1150227,DATA,1,0,0,0,0,0.0,0.0,0.420721829,2.166074,-1.04864049,75.31835,-23.149353,1.55636871,0.55,0.0,-0.05,0.0,0.0,0.0,0.0,0.0,0.0,0.0
12.1691313,DATA,1,0,0,0,0,0.0,0.0,0.417643368,2.16730714,-1.0504396,74.3893661,-24.9219055,1.98112965,0.55,0.0,-0.05,0.0,0.0,0.0,0.0,0.0,0.0,0.0
12.2252264,DATA,1,0,0,0,0,0.0,0.0,0.414434254,2.169085,-1.05408549,73.76773,-23.4692383,4.37461758,0.55,0.0,-0.05,0.0,0.0,0.0,0.0,0.0,0.0,0.0
12.2812586,DATA,1,0,0,0,0,0.0,0.0,0.4114917,2.17088032,-1.05862212,73.0957,-21.4150085,6.88439274,0.55,0.0,-0.05,0.0,0.0,0.0,0.0,0.0,0.0,0.0
12.3366861,DATA,1,0,0,0,0,0.0,0.0,0.409056485,2.17228746,-1.06304049,72.5825348,-19.8046265,8.7744,0.55,0.0,-0.05,0.0,0.0,0.0,0.0,0.0,0.0,0.0
12.3918934,DATA,1,0,0,0,0,0.0,0.0,0.406985581,2.173294,-1.06636024,72.31615,-19.0061951,9.826445,0.55,0.0,-0.05,0.0,0.0,0.0,0.0,0.0,0.0,0.0
12.44762,DATA,1,0,0,0,0,0.0,0.0,0.4048503,2.17362547,-1.06779742,72.7798157,-19.697052,9.633398,0.55,0.0,-0.05,0.0,0.0,0.0,0.0,0.0,0.0,0.0
12.5033464,DATA,1,0,0,0,0,0.0,0.0,0.402887166,2.17424917,-1.06887412,72.34952,-19.03357,10.5598621,0.55,0.0,-0.05,0.0,0.0,0.0,0.0,0.0,0.0,0.0
12.5589342,DATA,1,0,0,0,0,0.0,0.0,0.400641739,2.17459059,-1.0694921,72.18567,-19.018158,10.6642971,0.55,0.0,-0.05,0.0,0.0,0.0,0.0,0.0,0.0,0.0
12.6146355,DATA,1,0,0,0,0,0.0,0.0,0.3985017,2.17509675,-1.07034659,72.12808,-19.0177,10.8311892,0.55,0.0,-0.05,0.0,0.0,0.0,0.0,0.0,0.0,0.0
12.6697187,DATA,1,0,0,0,0,0.0,0.0,0.396536171,2.17576957,-1.07193208,71.54586,-19.061554,11.239398,0.55,0.0,-0.05,0.0,0.0,0.0,0.0,0.0,0.0,0.0
12.7262535,DATA,1,0,0,0,0,0.0,0.0,0.39476186,2.176068,-1.07284331,70.99947,-19.6394653,11.37367,0.55,0.0,-0.05,0.0,0.0,0.0,0.0,0.0,0.0,0.0
12.7815886,DATA,1,0,0,0,0,0.0,0.0,0.392703831,2.17626977,-1.07295012,70.80896,-20.36377,11.4756193,0.55,0.0,-0.05,0.0,0.0,0.0,0.0,0.0,0.0,0.0
12.8365107,DATA,1,0,0,0,0,0.0,0.0,0.3913687,2.17634,-1.07257533,70.57665,-20.7091675,11.6352654,0.55,0.0,-0.05,0.0,0.0,0.0,0.0,0.0,0.0,0.0
12.8926239,DATA,1,0,0,0,0,0.0,0.0,0.390016854,2.17640162,-1.07184243,70.7794952,-20.4698486,11.8730268,0.55,0.0,-0.05,0.0,0.0,0.0,0.0,0.0,0.0,0.0
12.9476042,DATA,1,0,0,0,0,0.0,0.0,0.388983071,2.176477,-1.07060981,71.03656,-19.8139954,12.1689663,0.55,0.0,-0.05,0.0,0.0,0.0,0.0,0.0,0.0,0.0
13.003706,DATA,1,0,0,0,0,0.0,0.0,0.388007462,2.17649269,-1.06977534,71.31657,-19.25058,12.1626072,0.55,0.0,-0.05,0.0,0.0,0.0,0.0,0.0,0.0,0.0
13.0590105,DATA,1,0,0,0,0,0.0,0.0,0.3874467,2.17641068,-1.06873965,71.69387,-18.95935,12.0118179,0.55,0.0,-0.05,0.0,0.0,0.0,0.0,0.0,0.0,0.0
13.1148,DATA,1,0,0,0,0,0.0,0.0,0.386988938,2.176342,-1.06823087,71.89391,-19.0517883,11.5899134,0.55,0.0,-0.05,0.0,0.0,0.0,0.0,0.0,0.0,0.0
13.1696711,DATA,1,0,0,0,0,0.0,0.0,0.386948884,2.17629385,-1.068114,71.80418,-19.60968,10.8575048,0.55,0.0,-0.05,0.0,0.0,0.0,0.0,0.0,0.0,0.0
13.22535,DATA,1,0,0,0,0,0.0,0.0,0.387118638,2.17621446,-1.06832671,71.65963,-20.02945,10.4027586,0.55,0.0,-0.05,0.0,0.0,0.0,0.0,0.0,0.0,0.0
13.2810869,DATA,1,0,0,0,0,0.0,0.0,0.387152016,2.1762073,-1.06894088,71.42866,-20.0499878,10.4203873,0.55,0.0,-0.05,0.0,0.0,0.0,0.0,0.0,0.0,0.0
13.3371038,DATA,1,0,0,0,0,0.0,0.0,0.3867467,2.17645216,-1.06992459,71.26361,-19.8430176,10.6009665,0.55,0.0,-0.05,0.0,0.0,0.0,0.0,0.0,0.0,0.0
13.3919048,DATA,1,0,0,0,0,0.0,0.0,0.385948,2.17683649,-1.0709455,71.19402,-19.61679,10.8638124,0.55,0.0,-0.05,0.0,0.0,0.0,0.0,0.0,0.0,0.0
13.4474993,DATA,1,0,0,0,0,0.0,0.0,0.385194123,2.17712259,-1.07192779,71.0329742,-19.3182068,11.215929,0.55,0.0,-0.05,0.0,0.0,0.0,0.0,0.0,0.0,0.0
13.5042191,DATA,1,0,0,0,0,0.0,0.0,0.384359181,2.177443,-1.07306552,70.90849,-19.2855225,11.3105717,0.55,0.0,-0.05,0.0,0.0,0.0,0.0,0.0,0.0,0.0
13.55885,DATA,1,0,0,0,0,0.0,0.0,0.3835948,2.17764521,-1.07397723,70.850174,-19.1463318,11.5811033,0.55,0.0,-0.05,0.0,0.0,0.0,0.0,0.0,0.0,0.0
13.6147423,DATA,1,0,0,0,0,0.0,0.0,0.382845223,2.17768335,-1.0750258,70.843956,-19.3508,11.51322,0.55,0.0,-0.05,0.0,0.0,0.0,0.0,0.0,0.0,0.0
13.6698875,DATA,1,0,0,0,0,0.0,0.0,0.3819173,2.17791462,-1.07598472,70.68577,-19.4053955,11.6699066,0.55,0.0,-0.05,0.0,0.0,0.0,0.0,0.0,0.0,0.0
13.7257061,DATA,1,0,0,0,0,0.0,0.0,0.380759537,2.17812443,-1.07705855,70.5813141,-19.3371277,11.9615917,0.55,0.0,-0.05,0.0,0.0,0.0,0.0,0.0,0.0,0.0
13.7812319,DATA,1,0,0,0,0,0.0,0.0,0.379477322,2.17844,-1.07790112,70.58365,-18.6688538,12.9049606,0.55,0.0,-0.05,0.0,0.0,0.0,0.0,0.0,0.0,0.0
13.8366051,DATA,1,0,0,0,0,0.0,0.0,0.378278553,2.17879486,-1.07872844,70.61372,-17.9058228,13.79212,0.55,0.0,-0.05,0.0,0.0,0.0,0.0,0.0,0.0,0.0
13.8921747,DATA,1,0,0,0,0,0.0,0.0,0.3773659,2.17900181,-1.079684,70.49349,-17.7671814,13.9117861,0.55,0.0,-0.05,0.0,0.0,0.0,0.0,0.0,0.0,0.0
13.9479561,DATA,1,0,0,0,0,0.0,0.0,0.3764885,2.17929769,-1.08060431,70.43656,-17.3276062,14.3718519,0.55,0.0,-0.05,0.0,0.0,0.0,0.0,0.0,0.0,0.0
14.0034208,DATA,1,0,0,0,0,0.0,0.0,0.375906765,2.179454,-1.0814693,70.32442,-17.0522461,14.6800318,0.55,0.0,-0.05,0.0,0.0,0.0,0.0,0.0,0.0,0.0
14.0589075,DATA,1,0,0,0,0,0.0,0.0,0.375507653,2.179543,-1.08200622,70.27758,-16.9320679,14.8549767,0.55,0.0,-0.05,0.0,0.0,0.0,0.0,0.0,0.0,0.0
14.1147709,DATA,1,0,0,0,0,0.0,0.0,0.375120938,2.17958283,-1.08241725,70.23984,-16.76535,15.073987,0.55,0.0,-0.05,0.0,0.0,0.0,0.0,0.0,0.0,0.0
14.1700411,DATA,1,0,0,0,0,0.0,0.0,0.3747204,2.17958355,-1.08268809,70.19607,-16.6473083,15.2139959,0.55,0.0,-0.05,0.0,0.0,0.0,0.0,0.0,0.0,0.0
14.2259674,DATA,1,0,0,0,0,0.0,0.0,0.374408066,2.179581,-1.08272815,70.151825,-16.743042,15.1213846,0.55,0.0,-0.05,0.0,0.0,0.0,0.0,0.0,0.0,0.0
14.2812271,DATA,1,0,0,0,0,0.0,0.0,0.373990357,2.17959857,-1.08277774,70.12664,-16.5201721,15.32559,0.55,0.0,-0.05,0.0,0.0,0.0,0.0,0.0,0.0,0.0
14.3372412,DATA,1,0,0,0,0,0.0,0.0,0.373465359,2.17974281,-1.08279872,70.12956,-16.4832153,15.3795862,0.55,0.0,-0.05,0.0,0.0,0.0,0.0,0.0,0.0,0.0
14.3922148,DATA,1,0,0,0,0,0.0,0.0,0.372971833,2.17970729,-1.082495,70.17596,-16.4602966,15.4906111,0.55,0.0,-0.05,0.0,0.0,0.0,0.0,0.0,0.0,0.0
14.44765,DATA,1,0,0,0,0,0.0,0.0,0.372520745,2.17962956,-1.08203578,70.2420654,-16.3451538,15.7670612,0.55,0.0,-0.05,0.0,0.0,0.0,0.0,0.0,0.0,0.0
14.5033808,DATA,1,0,0,0,0,0.0,0.0,0.371956646,2.179566,-1.08141494,70.3543854,-16.2887878,15.9562778,0.55,0.0,-0.05,0.0,0.0,0.0,0.0,0.0,0.0,0.0
14.55891,DATA,1,0,0,0,0,0.0,0.0,0.371465027,2.17977047,-1.08097243,70.42409,-16.1594849,16.1973248,0.55,0.0,-0.05,0.0,0.0,0.0,0.0,0.0,0.0,0.0
14.614583,DATA,1,0,0,0,0,0.0,0.0,0.3714221,2.179686,-1.08005023,70.54954,-16.0963135,16.30719,0.55,0.0,-0.05,0.0,0.0,0.0,0.0,0.0,0.0,0.0
14.6698227,DATA,1,0,0,0,0,0.0,0.0,0.372082531,2.17954731,-1.07904315,70.66002,-16.5594788,15.8710308,0.55,0.0,-0.05,0.0,0.0,0.0,0.0,0.0,0.0,0.0
14.7258186,DATA,1,0,0,0,0,0.0,0.0,0.3734768,2.179116,-1.0774982,70.74346,-17.5195,14.9711361,0.55,0.0,-0.05,0.0,0.0,0.0,0.0,0.0,0.0,0.0
14.7811413,DATA,1,0,0,0,0,0.0,0.0,0.375894368,2.17844534,-1.0755012,70.70631,-19.2572937,13.3385162,0.55,0.0,-0.05,0.0,0.0,0.0,0.0,0.0,0.0,0.0
14.8371258,DATA,1,0,0,0,0,0.0,0.0,0.379851162,2.17731142,-1.072581,70.58179,-21.7927856,11.0316954,0.55,0.0,-0.05,0.0,0.0,0.0,0.0,0.0,0.0,0.0
14.8919,DATA,1,0,0,0,0,0.0,0.0,0.3849519,2.1757803,-1.06866145,70.41406,-25.3379517,7.7701993,0.55,0.0,-0.05,0.0,0.0,0.0,0.0,0.0,0.0,0.0
14.9476671,DATA,1,0,0,0,0,0.0,0.0,0.390177071,2.17405629,-1.0639236,70.43298,-28.3297729,5.151225,0.55,0.0,-0.05,0.0,0.0,0.0,0.0,0.0,0.0,0.0
15.0036163,DATA,1,0,0,0,0,0.0,0.0,0.395276845,2.172132,-1.05880332,70.02509,-30.35141,3.36109471,0.55,0.0,-0.05,0.0,0.0,0.0,0.0,0.0,0.0,0.0
15.0589628,DATA,1,0,0,0,0,0.0,0.0,0.3999589,2.17040515,-1.05384374,69.44173,-30.6060181,3.508823,0.55,0.0,-0.05,0.0,0.0,0.0,0.0,0.0,0.0,0.0
15.1149006,DATA,1,0,0,0,0,0.0,0.0,0.40463,2.16841078,-1.05001378,67.8835,-30.1105042,4.65687656,0.55,0.0,-0.05,0.0,0.0,0.0,0.0,0.0,0.0,0.0
15.1697979,DATA,1,0,0,0,0,0.0,0.0,0.408999741,2.16656518,-1.04696107,66.40027,-28.7243347,7.43144464,0.55,0.0,-0.05,0.0,0.0,0.0,0.0,0.0,0.0,0.0
15.22559,DATA,1,0,0,0,0,0.0,0.0,0.413995564,2.1639123,-1.04504466,65.10036,-26.9978027,10.8122883,0.55,0.0,-0.05,0.0,0.0,0.0,0.0,0.0,0.0,0.0
15.2811594,DATA,1,0,0,0,0,0.0,0.0,0.42063266,2.159749,-1.04387975,64.10465,-26.3291626,12.21998,0.55,0.0,-0.05,0.0,0.0,0.0,0.0,0.0,0.0,0.0
15.33699,DATA,1,0,0,0,0,0.0,0.0,0.430016816,2.15132833,-1.04227757,64.23509,-27.654541,9.79293251,0.55,0.0,-0.05,0.0,0.0,0.0,0.0,0.0,0.0,0.0
15.3918276,DATA,1,0,0,0,0,0.0,0.0,0.441977322,2.13797021,-1.04143023,64.06681,-31.8165283,2.29784465,0.55,0.0,-0.05,0.0,0.0,0.0,0.0,0.0,0.0,0.0
15.4475679,DATA,1,0,0,0,0,0.0,0.0,0.454997838,2.115479,-1.04241443,63.5810356,-35.83783,-6.23806763,0.55,0.0,-0.05,0.0,0.0,0.0,0.0,0.0,0.0,0.0
15.5030937,DATA,1,0,0,0,0,0.0,0.0,0.468654454,2.086569,-1.04731727,62.6908569,-40.29715,-15.5336,0.55,0.0,-0.05,0.0,0.0,0.0,0.0,0.0,0.0,0.0
15.5587854,DATA,1,0,0,0,0,0.0,0.0,0.483610928,2.05448675,-1.0544765,61.30901,-47.7065125,-26.9838562,0.55,0.0,-0.05,0.0,0.0,0.0,0.0,0.0,0.0,0.0
15.6143637,DATA,1,0,0,0,0,0.0,0.0,0.4982651,2.021625,-1.06284022,58.7552948,-54.2203979,-37.2462463,0.55,0.0,-0.05,0.0,0.0,0.0,0.0,0.0,0.0,0.0
15.6704493,DATA,1,0,0,0,0,0.0,0.0,0.5099824,1.99106026,-1.06999183,55.59279,-59.6688843,-45.89572,0.55,0.0,-0.05,0.0,0.0,0.0,0.0,0.0,0.0,0.0
15.7268143,DATA,1,0,0,0,0,0.0,0.0,0.515745938,1.96737242,-1.07501006,54.0894279,-62.1670837,-49.5227661,0.55,0.0,-0.05,0.0,0.0,0.0,0.0,0.0,0.0,0.0
15.7818584,DATA,1,0,0,0,0,0.0,0.0,0.5153945,1.95414758,-1.07866549,54.1518326,-63.7430725,-53.3987732,0.55,0.0,-0.05,0.0,0.0,0.0,0.0,0.0,0.0,0.0
15.8372307,DATA,1,0,0,0,0,0.0,0.0,0.5124753,1.95167887,-1.08177352,55.4496765,-63.41736,-54.75885,0.55,0.0,-0.05,0.0,0.0,0.0,0.0,0.0,0.0,0.0
15.8928881,DATA,1,0,0,0,0,0.0,0.0,0.509473145,1.95333171,-1.08516479,58.1213379,-62.1748352,-54.13098,0.55,0.0,-0.05,0.0,0.0,0.0,0.0,0.0,0.0,0.0
15.9484072,DATA,1,0,0,0,0,0.0,0.0,0.5087145,1.95234513,-1.08740783,59.3789749,-64.16333,-56.9685974,0.55,0.0,-0.05,0.0,0.0,0.0,0.0,0.0,0.0,0.0
16.0044155,DATA,1,0,0,0,0,0.0,0.0,0.5090602,1.94633842,-1.08868957,59.38167,-66.0506,-59.0179138,0.55,0.0,-0.05,0.0,0.0,0.0,0.0,0.0,0.0,0.0
16.06032,DATA,1,0,0,0,0,0.0,0.0,0.511346161,1.937527,-1.08875251,57.6018677,-68.1924438,-61.013916,0.55,0.0,-0.05,0.0,0.0,0.0,0.0,0.0,0.0,0.0
16.11507,DATA,1,0,0,0,0,0.0,0.0,0.5144208,1.93004227,-1.08879828,55.25393,-68.82971,-62.12552,0.55,0.0,-0.05,0.0,0.0,0.0,0.0,0.0,0.0,0.0
16.1704922,DATA,1,0,0,0,0,0.0,0.0,0.5160778,1.92622042,-1.088495,53.7827721,-69.30441,-62.72223,0.55,0.0,-0.05,0.0,0.0,0.0,0.0,0.0,0.0,0.0
16.2263126,DATA,1,0,0,0,0,0.0,0.0,0.5173481,1.9246285,-1.08835721,54.33076,-68.93753,-62.64218,0.55,0.0,-0.05,0.0,0.0,0.0,0.0,0.0,0.0,0.0
16.281765,DATA,1,0,0,0,0,0.0,0.0,0.5188473,1.92210364,-1.08781219,54.67511,-69.98511,-65.21979,0.55,0.0,-0.05,0.0,0.0,0.0,0.0,0.0,0.0,0.0
16.3374767,DATA,1,0,0,0,0,0.0,0.0,0.5210832,1.91747975,-1.08733344,54.0382538,-71.4028,-67.60803,0.55,0.0,-0.05,0.0,0.0,0.0,0.0,0.0,0.0,0.0
16.3926048,DATA,1,0,0,0,0,0.0,0.0,0.523667634,1.91147971,-1.08767772,52.2347755,-71.74963,-68.0540161,0.55,0.0,-0.05,0.0,0.0,0.0,0.0,0.0,0.0,0.0
16.448349,DATA,1,0,0,0,0,0.0,0.0,0.5270112,1.904973,-1.08822846,49.71219,-71.98578,-68.1818542,0.55,0.0,-0.05,0.0,0.0,0.0,0.0,0.0,0.0,0.0
16.5039139,DATA,1,0,0,0,0,0.0,0.0,0.529276669,1.9007082,-1.08989215,47.9834976,-71.2959,-67.9029541,0.55,0.0,-0.05,0.0,0.0,0.0,0.0,0.0,0.0,0.0
16.5600147,DATA,1,0,0,0,0,0.0,0.0,0.5297411,1.89998055,-1.09203744,47.48554,-70.14429,-66.92001,0.55,0.0,-0.05,0.0,0.0,0.0,0.0,0.0,0.0,0.0
16.6157055,DATA,1,0,0,0,0,0.0,0.0,0.529429734,1.90142012,-1.09457326,47.5725,-68.6912842,-65.65381,0.55,0.0,-0.05,0.0,0.0,0.0,0.0,0.0,0.0,0.0
16.67067,DATA,1,0,0,0,0,0.0,0.0,0.528910458,1.90261722,-1.09673429,47.39579,-67.04596,-64.09845,0.55,0.0,-0.05,0.0,0.0,0.0,0.0,0.0,0.0,0.0
16.7265263,DATA,1,0,0,0,0,0.0,0.0,0.529120266,1.90250373,-1.09807754,46.9670448,-65.7680054,-62.93747,0.55,0.0,-0.05,0.0,0.0,0.0,0.0,0.0,0.0,0.0
16.782011,DATA,1,0,0,0,0,0.0,0.0,0.530470669,1.89904606,-1.09865451,45.55934,-65.0805054,-62.09674,0.55,0.0,-0.05,0.0,0.0,0.0,0.0,0.0,0.0,0.0
16.8376637,DATA,1,0,0,0,0,0.0,0.0,0.5333393,1.89247525,-1.09986377,42.7213249,-63.8179626,-60.29251,0.55,0.0,-0.05,0.0,0.0,0.0,0.0,0.0,0.0,0.0
16.8923359,DATA,1,0,0,0,0,0.0,0.0,0.537339032,1.88394463,-1.10209823,39.0093727,-62.75885,-58.46826,0.55,0.0,-0.05,0.0,0.0,0.0,0.0,0.0,0.0,0.0
16.9484768,DATA,1,0,0,0,0,0.0,0.0,0.5432051,1.873459,-1.105747,34.2827568,-61.0169373,-55.8983154,0.55,0.0,-0.05,0.0,0.0,0.0,0.0,0.0,0.0,0.0
17.0042667,DATA,1,0,0,0,0,0.0,0.0,0.546315,1.86523461,-1.10976481,30.5421982,-57.6200562,-51.98004,0.55,0.0,-0.05,0.0,0.0,0.0,0.0,0.0,0.0,0.0
17.0594139,DATA,1,0,0,0,0,0.0,0.0,0.5510848,1.85198712,-1.112222,24.2164249,-54.8121643,-49.0934143,0.55,0.0,-0.05,0.0,0.0,0.0,0.0,0.0,0.0,0.0
17.114109,DATA,1,0,0,0,0,0.0,0.0,0.5558122,1.84062338,-1.11432576,19.9394588,-49.1430359,-46.5787354,0.55,0.0,-0.05,0.0,0.0,0.0,0.0,0.0,0.0,0.0
17.17032,DATA,1,0,0,0,0,0.0,0.0,0.5599583,1.83045316,-1.11319184,19.03309,-45.3395081,-44.90512,0.55,0.0,-0.05,0.0,0.0,0.0,0.0,0.0,0.0,0.0
17.2261124,DATA,1,0,0,0,0,0.0,0.0,0.563021958,1.82160687,-1.10991788,17.8156414,-43.1152344,-44.3115845,0.55,0.0,-0.05,0.0,0.0,0.0,0.0,0.0,0.0,0.0
17.28123,DATA,1,0,0,0,0,0.0,0.0,0.5651544,1.81429625,-1.10373282,17.3582363,-40.9518433,-45.7156067,0.55,0.0,-0.05,0.0,0.0,0.0,0.0,0.0,0.0,0.0
17.3376045,DATA,1,0,0,0,0,0.0,0.0,0.5656708,1.80818629,-1.09557652,16.882576,-38.60559,-46.17752,0.55,0.0,-0.05,0.0,0.0,0.0,0.0,0.0,0.0,0.0
17.3929958,DATA,1,0,0,0,0,0.0,0.0,0.5636051,1.80236757,-1.08821177,15.458807,-33.97104,-44.05719,0.55,0.0,-0.05,0.0,0.0,0.0,0.0,0.0,0.0,0.0
17.4480724,DATA,1,0,0,0,0,0.0,0.0,0.5617903,1.79607892,-1.08125472,12.7848587,-28.3128967,-41.4819946,0.55,0.0,-0.05,0.0,0.0,0.0,0.0,0.0,0.0,0.0
17.5043583,DATA,1,0,0,0,0,0.0,0.0,0.5610989,1.79059684,-1.07635474,10.3192825,-24.1495361,-39.85556,0.55,0.0,-0.05,0.0,0.0,0.0,0.0,0.0,0.0,0.0
17.5597343,DATA,1,0,0,0,0,0.0,0.0,0.561004,1.78295362,-1.0720818,8.029771,-19.98642,-36.4860535,0.55,0.0,-0.05,0.0,0.0,0.0,0.0,0.0,0.0,0.0
17.6154156,DATA,1,0,0,0,0,0.0,0.0,0.561562836,1.77412307,-1.06917357,6.58827066,-17.6867371,-32.8747559,0.55,0.0,-0.05,0.0,0.0,0.0,0.0,0.0,0.0,0.0
17.6710014,DATA,1,0,0,0,0,0.0,0.0,0.5598238,1.76198125,-1.06528735,3.64841127,-14.2138672,-28.5947266,0.55,0.0,-0.05,0.0,0.0,0.0,0.0,0.0,0.0,0.0
17.7272034,DATA,1,0,0,0,0,0.0,0.0,0.5571316,1.74815345,-1.05939364,2.43882227,-10.5183716,-24.0787659,0.55,0.0,-0.05,0.0,0.0,0.0,0.0,0.0,0.0,0.0
17.7829571,DATA,1,0,0,0,0,0.0,0.0,0.5528191,1.74344945,-1.050905,3.55180264,-7.24624634,-23.72232,0.55,0.0,-0.05,0.0,0.0,0.0,0.0,0.0,0.0,0.0
17.8386288,DATA,1,0,0,0,0,0.0,0.0,0.548744,1.737244,-1.04351974,3.94695258,-2.982544,-22.8388672,0.55,0.0,-0.05,0.0,0.0,0.0,0.0,0.0,0.0,0.0
17.8929653,DATA,1,0,0,0,0,0.0,0.0,0.547780335,1.72769129,-1.03899646,3.0386138,-0.0433959961,-21.6787415,0.55,0.0,-0.05,0.0,0.0,0.0,0.0,0.0,0.0,0.0
17.9481869,DATA,1,0,0,0,0,0.0,0.0,0.546676457,1.72578323,-1.03774667,2.70847225,1.95295429,-19.9270325,0.55,0.0,-0.05,0.0,0.0,0.0,0.0,0.0,0.0,0.0
18.0044346,DATA,1,0,0,0,0,0.0,0.0,0.5443476,1.72314525,-1.03996968,-0.21182251,1.95971763,-17.0867615,0.55,0.0,-0.05,0.0,0.0,0.0,0.0,0.0,0.0,0.0
18.0607,DATA,1,0,0,0,0,0.0,0.0,0.542427838,1.71875739,-1.04262233,-3.93792725,1.86629653,-13.8937988,0.55,0.0,-0.05,0.0,0.0,0.0,0.0,0.0,0.0,0.0
18.1158981,DATA,1,0,0,0,0,0.0,0.0,0.54086,1.71666026,-1.04494214,-6.825348,1.98850334,-11.275177,0.55,0.0,-0.05,0.0,0.0,0.0,0.0,0.0,0.0,0.0
18.17165,DATA,1,0,0,0,0,0.0,0.0,0.5396021,1.71655607,-1.04530883,-7.26593,1.96145856,-10.3308105,0.55,0.0,-0.05,0.0,0.0,0.0,0.0,0.0,0.0,0.0
18.2270584,DATA,1,0,0,0,0,0.0,0.0,0.5393279,1.71668744,-1.04539037,-6.999939,1.95960414,-10.6785889,0.55,0.0,-0.05,0.0,0.0,0.0,0.0,0.0,0.0,0.0
18.2832317,DATA,1,0,0,0,0,0.0,0.0,0.5410245,1.71717858,-1.04536033,-6.400879,1.99794006,-11.7946472,0.55,0.0,-0.05,0.0,0.0,0.0,0.0,0.0,0.0,0.0
18.3389072,DATA,1,0,0,0,0,0.0,0.0,0.5422037,1.71758,-1.04535651,-5.904114,1.90522563,-12.5432129,0.55,0.0,-0.05,0.0,0.0,0.0,0.0,0.0,0.0,0.0
18.3938332,DATA,1,0,0,0,0,0.0,0.0,0.542147,1.71767855,-1.04568124,-6.28652954,1.95107687,-12.1689758,0.55,0.0,-0.05,0.0,0.0,0.0,0.0,0.0,0.0,0.0
18.4493885,DATA,1,0,0,0,0,0.0,0.0,0.5410884,1.71727514,-1.04534507,-6.31500244,1.98899555,-11.6464539,0.55,0.0,-0.05,0.0,0.0,0.0,0.0,0.0,0.0,0.0
18.50502,DATA,1,0,0,0,0,0.0,0.0,0.5414155,1.717659,-1.045069,-5.773834,1.89660764,-12.2401428,0.55,0.0,-0.05,0.0,0.0,0.0,0.0,0.0,0.0,0.0
18.561058,DATA,1,0,0,0,0,0.0,0.0,0.5423487,1.71811652,-1.04504371,-5.355713,1.87377155,-12.8869019,0.55,0.0,-0.05,0.0,0.0,0.0,0.0,0.0,0.0,0.0
18.6160355,DATA,1,0,0,0,0,0.0,0.0,0.5427373,1.71829391,-1.045223,-5.54147339,1.91633654,-12.8476563,0.55,0.0,-0.05,0.0,0.0,0.0,0.0,0.0,0.0,0.0
18.6715374,DATA,1,0,0,0,0,0.0,0.0,0.5425213,1.71828449,-1.04522777,-5.72290039,1.97466946,-12.446991,0.55,0.0,-0.05,0.0,0.0,0.0,0.0,0.0,0.0,0.0
18.7275333,DATA,1,0,0,0,0,0.0,0.0,0.5419958,1.71805966,-1.04553819,-6.043518,2.00389433,-11.9548035,0.55,0.0,-0.05,0.0,0.0,0.0,0.0,0.0,0.0,0.0
18.7829247,DATA,1,0,0,0,0,0.0,0.0,0.5413049,1.71793282,-1.04551053,-6.22055054,2.03476763,-11.5592041,0.55,0.0,-0.05,0.0,0.0,0.0,0.0,0.0,0.0,0.0
18.8389874,DATA,1,0,0,0,0,0.0,0.0,0.5409115,1.71778846,-1.045294,-6.53430176,2.06116533,-11.19873,0.55,0.0,-0.05,0.0,0.0,0.0,0.0,0.0,0.0,0.0
18.8944664,DATA,1,0,0,0,0,0.0,0.0,0.541045,1.71777892,-1.04547286,-6.64590454,2.075567,-11.1151123,0.55,0.0,-0.05,0.0,0.0,0.0,0.0,0.0,0.0,0.0
18.9495983,DATA,1,0,0,0,0,0.0,0.0,0.541184247,1.71795022,-1.04533267,-6.476837,2.06588483,-11.29483,0.55,0.0,-0.05,0.0,0.0,0.0,0.0,0.0,0.0,0.0
19.0041733,DATA,1,0,0,0,0,0.0,0.0,0.541145146,1.71802831,-1.04509282,-6.349457,2.048813,-11.4231567,0.55,0.0,-0.05,0.0,0.0,0.0,0.0,0.0,0.0,0.0
19.0600262,DATA,1,0,0,0,0,0.0,0.0,0.5409911,1.71792245,-1.04513431,-6.43493652,2.04961753,-11.2803955,0.55,0.0,-0.05,0.0,0.0,0.0,0.0,0.0,0.0,0.0
19.1158276,DATA,1,0,0,0,0,0.0,0.0,0.540848553,1.71776462,-1.04523826,-6.58197,2.06011772,-11.073761,0.55,0.0,-0.05,0.0,0.0,0.0,0.0,0.0,0.0,0.0
19.170126,DATA,1,0,0,0,0,0.0,0.0,0.540826142,1.7178179,-1.04513431,-6.581848,2.060684,-11.0775146,0.55,0.0,-0.05,0.0,0.0,0.0,0.0,0.0,0.0,0.0
19.2258949,DATA,1,0,0,0,0,0.0,0.0,0.5409463,1.71799254,-1.04498935,-6.45568848,2.05009484,-11.2366333,0.55,0.0,-0.05,0.0,0.0,0.0,0.0,0.0,0.0,0.0
19.2815685,DATA,1,0,0,0,0,0.0,0.0,0.540990651,1.71805,-1.0449369,-6.41171265,2.0493834,-11.261322,0.55,0.0,-0.05,0.0,0.0,0.0,0.0,0.0,0.0,0.0
19.33759,DATA,1,0,0,0,0,0.0,0.0,0.5407446,1.718151,-1.04488015,-6.509918,2.054122,-11.1355591,0.55,0.0,-0.05,0.0,0.0,0.0,0.0,0.0,0.0,0.0
19.3926334,DATA,1,0,0,0,0,0.0,0.0,0.5406659,1.71814728,-1.04496074,-6.54412842,2.05860281,-11.0732117,0.55,0.0,-0.05,0.0,0.0,0.0,0.0,0.0,0.0,0.0
19.44772,DATA,1,0,0,0,0,0.0,0.0,0.540758431,1.71818006,-1.04495406,-6.51513672,2.0600462,-11.1141357,0.55,0.0,-0.05,0.0,0.0,0.0,0.0,0.0,0.0,0.0
19.504015,DATA,1,0,0,0,0,0.0,0.0,0.5406807,1.71821249,-1.0447104,-6.4569397,2.04918337,-11.1684875,0.55,0.0,-0.05,0.0,0.0,0.0,0.0,0.0,0.0,0.0
19.5596542,DATA,1,0,0,0,0,0.0,0.0,0.5406869,1.71825337,-1.04474235,-6.47549438,2.05535483,-11.148468,0.55,0.0,-0.05,0.0,0.0,0.0,0.0,0.0,0.0,0.0
19.615097,DATA,1,0,0,0,0,0.0,0.0,0.5406721,1.71822453,-1.04484057,-6.5411377,2.054958,-11.0540771,0.55,0.0,-0.05,0.0,0.0,0.0,0.0,0.0,0.0,0.0
19.66986,DATA,1,0,0,0,0,0.0,0.0,0.5405639,1.718205,-1.0447166,-6.55334473,2.05447769,-11.0274658,0.55,0.0,-0.05,0.0,0.0,0.0,0.0,0.0,0.0,0.0
19.7266941,DATA,1,0,0,0,0,0.0,0.0,0.5406421,1.71826148,-1.04466987,-6.499115,2.05274534,-11.0818481,0.55,0.0,-0.05,0.0,0.0,0.0,0.0,0.0,0.0,0.0
19.7813873,DATA,1,0,0,0,0,0.0,0.0,0.5406526,1.71831429,-1.04461646,-6.48049927,2.049988,-11.095459,0.55,0.0,-0.05,0.0,0.0,0.0,0.0,0.0,0.0,0.0
19.83704,DATA,1,0,0,0,0,0.0,0.0,0.540661633,1.71830761,-1.04466891,-6.531555,2.05057669,-11.04483,0.55,0.0,-0.05,0.0,0.0,0.0,0.0,0.0,0.0,0.0
19.89264,DATA,1,0,0,0,0,0.0,0.0,0.540667832,1.71830881,-1.0447104,-6.55203247,2.06063128,-11.0065308,0.55,0.0,-0.05,0.0,0.0,0.0,0.0,0.0,0.0,0.0
19.94807,DATA,1,0,0,0,0,0.0,0.0,0.5406559,1.71835136,-1.04466367,-6.52432251,2.055317,-11.0364685,0.55,0.0,-0.05,0.0,0.0,0.0,0.0,0.0,0.0,0.0
20.0037575,DATA,1,0,0,0,0,0.0,0.0,0.540745556,1.718377,-1.04464078,-6.494232,2.05043936,-11.06311,0.55,0.0,-0.05,0.0,0.0,0.0,0.0,0.0,0.0,0.0
20.0593376,DATA,1,0,0,0,0,0.0,0.0,0.5405906,1.71837807,-1.044564,-6.50610352,2.05614424,-11.0449524,0.55,0.0,-0.05,0.0,0.0,0.0,0.0,0.0,0.0,0.0
20.11428,DATA,1,0,0,0,0,0.0,0.0,0.5406135,1.71838748,-1.044596,-6.53964233,2.05904269,-11.0085754,0.55,0.0,-0.05,0.0,0.0,0.0,0.0,0.0,0.0,0.0
20.1694,DATA,1,0,0,0,0,0.0,0.0,0.5405095,1.71843958,-1.04455161,-6.52279663,2.05396414,-11.0085449,0.55,0.0,-0.05,0.0,0.0,0.0,0.0,0.0,0.0,0.0
20.2251053,DATA,1,0,0,0,0,0.0,0.0,0.5405677,1.71849942,-1.04460406,-6.52728271,2.05048156,-11.0385132,0.55,0.0,-0.05,0.0,0.0,0.0,0.0,0.0,0.0,0.0
20.2811775,DATA,1,0,0,0,0,0.0,0.0,0.540409863,1.71840882,-1.04453349,-6.52108765,2.05132771,-11.0060425,0.55,0.0,-0.05,0.0,0.0,0.0,0.0,0.0,0.0,0.0
20.3370037,DATA,1,0,0,0,0,0.0,0.0,0.540401757,1.718441,-1.04457736,-6.55307,2.05201745,-10.9870605,0.55,0.0,-0.05,0.0,0.0,0.0,0.0,0.0,0.0,0.0
20.3916569,DATA,1,0,0,0,0,0.0,0.0,0.5403517,1.71839476,-1.04457641,-6.5552063,2.057606,-10.97583,0.55,0.0,-0.05,0.0,0.0,0.0,0.0,0.0,0.0,0.0
20.4475384,DATA,1,0,0,0,0,0.0,0.0,0.5403779,1.71840429,-1.04459262,-6.560364,2.05633,-10.9731445,0.55,0.0,-0.05,0.0,0.0,0.0,0.0,0.0,0.0,0.0
20.5035038,DATA,1,0,0,0,0,0.0,0.0,0.540377438,1.7184248,-1.04454589,-6.5335083,2.059682,-10.9885254,0.55,0.0,-0.05,0.0,0.0,0.0,0.0,0.0,0.0,0.0
20.55879,DATA,1,0,0,0,0,0.0,0.0,0.5403579,1.71845651,-1.04454255,-6.527313,2.05473614,-10.9938354,0.55,0.0,-0.05,0.0,0.0,0.0,0.0,0.0,0.0,0.0
20.6142883,DATA,1,0,0,0,0,0.0,0.0,0.540313065,1.71847546,-1.04457164,-6.54989624,2.05922651,-10.9723511,0.55,0.0,-0.05,0.0,0.0,0.0,0.0,0.0,0.0,0.0
20.66963,DATA,1,0,0,0,0,0.0,0.0,0.54029876,1.71847987,-1.04456878,-6.54943848,2.05611849,-10.949646,0.55,0.0,-0.05,0.0,0.0,0.0,0.0,0.0,0.0,0.0
20.7261429,DATA,1,0,0,0,0,0.0,0.0,0.540352166,1.71852779,-1.044625,-6.54303,2.0553484,-10.9831238,0.55,0.0,-0.05,0.0,0.0,0.0,0.0,0.0,0.0,0.0
20.781105,DATA,1,0,0,0,0,0.0,0.0,0.540325,1.71844184,-1.0446403,-6.53424072,2.06003261,-10.9761353,0.55,0.0,-0.05,0.0,0.0,0.0,0.0,0.0,0.0,0.0
20.8367176,DATA,1,0,0,0,0,0.0,0.0,0.5403126,1.71845019,-1.04464793,-6.552246,2.05702949,-10.93338,0.55,0.0,-0.05,0.0,0.0,0.0,0.0,0.0,0.0,0.0
20.8913765,DATA,1,0,0,0,0,0.0,0.0,0.5402706,1.71849775,-1.04458785,-6.55056763,2.058087,-10.9631653,0.55,0.0,-0.05,0.0,0.0,0.0,0.0,0.0,0.0,0.0
20.9472961,DATA,1,0,0,0,0,0.0,0.0,0.540284455,1.7185322,-1.04459929,-6.547455,2.05893254,-10.9518433,0.55,0.0,-0.05,0.0,0.0,0.0,0.0,0.0,0.0,0.0
21.0032883,DATA,1,0,0,0,0,0.0,0.0,0.540416539,1.71847546,-1.04457927,-6.54690552,2.059531,-10.9536438,0.55,0.0,-0.05,0.0,0.0,0.0,0.0,0.0,0.0,0.0
21.0588055,DATA,1,0,0,0,0,0.0,0.0,0.540420353,1.7185173,-1.04455543,-6.53115845,2.051723,-10.9520874,0.55,0.0,-0.05,0.0,0.0,0.0,0.0,0.0,0.0,0.0
21.114151,DATA,1,0,0,0,0,0.0,0.0,0.540294468,1.718548,-1.04447532,-6.5383606,2.0566988,-10.9529419,0.55,0.0,-0.05,0.0,0.0,0.0,0.0,0.0,0.0,0.0
21.1695747,DATA,1,0,0,0,0,0.0,0.0,0.5402797,1.71857584,-1.04448676,-6.558441,2.05973077,-10.9211731,0.55,0.0,-0.05,0.0,0.0,0.0,0.0,0.0,0.0,0.0
21.225069,DATA,1,0,0,0,0,0.0,0.0,0.540234864,1.7185297,-1.0444572,-6.550415,2.0592854,-10.9311523,0.55,0.0,-0.05,0.0,0.0,0.0,0.0,0.0,0.0,0.0
21.2811,DATA,1,0,0,0,0,0.0,0.0,0.540231049,1.7185216,-1.04444146,-6.54177856,2.05757427,-10.9572754,0.55,0.0,-0.05,0.0,0.0,0.0,0.0,0.0,0.0,0.0
21.3368587,DATA,1,0,0,0,0,0.0,0.0,0.54024297,1.718528,-1.04443622,-6.53045654,2.062066,-10.943573,0.55,0.0,-0.05,0.0,0.0,0.0,0.0,0.0,0.0,0.0
21.3916912,DATA,1,0,0,0,0,0.0,0.0,0.540284455,1.71848214,-1.04446769,-6.56011963,2.05605721,-10.9033813,0.55,0.0,-0.05,0.0,0.0,0.0,0.0,0.0,0.0,0.0
21.447546,DATA,1,0,0,0,0,0.0,0.0,0.540311158,1.7185111,-1.04449248,-6.55975342,2.05883527,-10.934021,0.55,0.0,-0.05,0.0,0.0,0.0,0.0,0.0,0.0,0.0
21.5030041,DATA,1,0,0,0,0,0.0,0.0,0.540315449,1.7184968,-1.04442859,-6.550293,2.05976868,-10.9300537,0.55,0.0,-0.05,0.0,0.0,0.0,0.0,0.0,0.0,0.0
21.55909,DATA,1,0,0,0,0,0.0,0.0,0.54033643,1.71851635,-1.04437852,-6.544586,2.058131,-10.930542,0.55,0.0,-0.05,0.0,0.0,0.0,0.0,0.0,0.0,0.0
21.6142387,DATA,1,0,0,0,0,0.0,0.0,0.540338337,1.71843982,-1.04438376,-6.535797,2.05936766,-10.9328308,0.55,0.0,-0.05,0.0,0.0,0.0,0.0,0.0,0.0,0.0
21.6693859,DATA,1,0,0,0,0,0.0,0.0,0.5403541,1.71844876,-1.0443933,-6.54898071,2.05684137,-10.92392,0.55,0.0,-0.05,0.0,0.0,0.0,0.0,0.0,0.0,0.0
21.7258739,DATA,1,0,0,0,0,0.0,0.0,0.540288746,1.718401,-1.04444289,-6.56069946,2.05660367,-10.90802,0.55,0.0,-0.05,0.0,0.0,0.0,0.0,0.0,0.0,0.0
21.780756,DATA,1,0,0,0,0,0.0,0.0,0.5403269,1.71841216,-1.0444591,-6.5609436,2.05743337,-10.9104,0.55,0.0,-0.05,0.0,0.0,0.0,0.0,0.0,0.0,0.0
21.8365765,DATA,1,0,0,0,0,0.0,0.0,0.5403555,1.71842635,-1.04449916,-6.557953,2.05727458,-10.9231567,0.55,0.0,-0.05,0.0,0.0,0.0,0.0,0.0,0.0,0.0
21.8917446,DATA,1,0,0,0,0,0.0,0.0,0.5403431,1.71845186,-1.04448867,-6.549408,2.05943537,-10.9240417,0.55,0.0,-0.05,0.0,0.0,0.0,0.0,0.0,0.0,0.0
21.9469376,DATA,1,0,0,0,0,0.0,0.0,0.540305436,1.71850753,-1.04449725,-6.56018066,2.05872464,-10.8933716,0.55,0.0,-0.05,0.0,0.0,0.0,0.0,0.0,0.0,0.0
22.00329,DATA,1,0,0,0,0,0.0,0.0,0.5403169,1.7185545,-1.04458213,-6.57479858,2.05767322,-10.8999634,0.55,0.0,-0.05,0.0,0.0,0.0,0.0,0.0,0.0,0.0
22.0587387,DATA,1,0,0,0,0,0.0,0.0,0.5403722,1.7185235,-1.04464793,-6.5730896,2.06065583,-10.9030151,0.55,0.0,-0.05,0.0,0.0,0.0,0.0,0.0,0.0,0.0
22.1143322,DATA,1,0,0,0,0,0.0,0.0,0.5404089,1.71846581,-1.04464412,-6.54989624,2.06168151,-10.9202271,0.55,0.0,-0.05,0.0,0.0,0.0,0.0,0.0,0.0,0.0
22.1695461,DATA,1,0,0,0,0,0.0,0.0,0.540387452,1.71847987,-1.0446384,-6.548584,2.05721521,-10.9122009,0.55,0.0,-0.05,0.0,0.0,0.0,0.0,0.0,0.0,0.0
22.2251663,DATA,1,0,0,0,0,0.0,0.0,0.54030925,1.71850419,-1.04457355,-6.55810547,2.05921054,-10.8942871,0.55,0.0,-0.05,0.0,0.0,0.0,0.0,0.0,0.0,0.0
22.2811584,DATA,1,0,0,0,0,0.0,0.0,0.5403207,1.7185173,-1.044646,-6.58251953,2.06092167,-10.8665771,0.55,0.0,-0.05,0.0,0.0,0.0,0.0,0.0,0.0,0.0
22.33644,DATA,1,0,0,0,0,0.0,0.0,0.54037267,1.71843815,-1.04456782,-6.576172,2.06061363,-10.8831787,0.55,0.0,-0.05,0.0,0.0,0.0,0.0,0.0,0.0,0.0
22.3917618,DATA,1,0,0,0,0,0.0,0.0,0.5404318,1.718446,-1.04460549,-6.56549072,2.056878,-10.8969421,0.55,0.0,-0.05,0.0,0.0,0.0,0.0,0.0,0.0,0.0
22.4476719,DATA,1,0,0,0,0,0.0,0.0,0.540428936,1.71845317,-1.04454494,-6.56259155,2.05323076,-10.9024658,0.55,0.0,-0.05,0.0,0.0,0.0,0.0,0.0,0.0,0.0
22.5030289,DATA,1,0,0,0,0,0.0,0.0,0.540385544,1.71845984,-1.04455924,-6.567566,2.056649,-10.8687744,0.55,0.0,-0.05,0.0,0.0,0.0,0.0,0.0,0.0,0.0
22.55881,DATA,1,0,0,0,0,0.0,0.0,0.540339768,1.718478,-1.04446483,-6.58270264,2.05735278,-10.860199,0.55,0.0,-0.05,0.0,0.0,0.0,0.0,0.0,0.0,0.0
22.614315,DATA,1,0,0,0,0,0.0,0.0,0.540406048,1.71849215,-1.04453588,-6.57260132,2.05665088,-10.8724976,0.55,0.0,-0.05,0.0,0.0,0.0,0.0,0.0,0.0,0.0
22.66967,DATA,1,0,0,0,0,0.0,0.0,0.5404466,1.71849036,-1.04453731,-6.576874,2.05431247,-10.8861694,0.55,0.0,-0.05,0.0,0.0,0.0,0.0,0.0,0.0,0.0
22.7258911,DATA,1,0,0,0,0,0.0,0.0,0.5404199,1.7184788,-1.04453731,-6.55285645,2.04929018,-10.88266,0.55,0.0,-0.05,0.0,0.0,0.0,0.0,0.0,0.0,0.0
22.7813454,DATA,1,0,0,0,0,0.0,0.0,0.540344059,1.71849549,-1.044544,-6.576782,2.04694963,-10.8557434,0.55,0.0,-0.05,0.0,0.0,0.0,0.0,0.0,0.0,0.0
22.8364067,DATA,1,0,0,0,0,0.0,0.0,0.540294,1.71849906,-1.04449916,-6.5838623,2.05123878,-10.8322754,0.55,0.0,-0.05,0.0,0.0,0.0,0.0,0.0,0.0,0.0
22.8919525,DATA,1,0,0,0,0,0.0,0.0,0.540319741,1.71845913,-1.04446578,-6.595703,2.04685736,-10.8373108,0.55,0.0,-0.05,0.0,0.0,0.0,0.0,0.0,0.0,0.0
22.9472065,DATA,1,0,0,0,0,0.0,0.0,0.540325463,1.71846,-1.04443479,-6.582123,2.04439449,-10.8597412,0.55,0.0,-0.05,0.0,0.0,0.0,0.0,0.0,0.0,0.0
23.0029736,DATA,1,0,0,0,0,0.0,0.0,0.540255368,1.71847367,-1.04443526,-6.600189,2.043236,-10.8558655,0.55,0.0,-0.05,0.0,0.0,0.0,0.0,0.0,0.0,0.0
23.0588017,DATA,1,0,0,0,0,0.0,0.0,0.540200055,1.71843886,-1.04433608,-6.59848,2.04083943,-10.7993774,0.55,0.0,-0.05,0.0,0.0,0.0,0.0,0.0,0.0,0.0
23.1140919,DATA,1,0,0,0,0,0.0,0.0,0.540090859,1.71844673,-1.04434752,-6.62774658,2.02946138,-10.7738647,0.55,0.0,-0.05,0.0,0.0,0.0,0.0,0.0,0.0,0.0
23.1692829,DATA,1,0,0,0,0,0.0,0.0,0.5400513,1.71843708,-1.044399,-6.624817,2.02397537,-10.7575989,0.55,0.0,-0.05,0.0,0.0,0.0,0.0,0.0,0.0,0.0
23.2253933,DATA,1,0,0,0,0,0.0,0.0,0.5400074,1.718435,-1.04442811,-6.64343262,2.01465845,-10.7262268,0.55,0.0,-0.05,0.0,0.0,0.0,0.0,0.0,0.0,0.0
23.2811451,DATA,1,0,0,0,0,0.0,0.0,0.5397857,1.71844733,-1.04437041,-6.639221,2.00060868,-10.6594238,0.55,0.0,-0.05,0.0,0.0,0.0,0.0,0.0,0.0,0.0
23.33668,DATA,1,0,0,0,0,0.0,0.0,0.5396674,1.718436,-1.04446769,-6.64242554,1.98364532,-10.6353455,0.55,0.0,-0.05,0.0,0.0,0.0,0.0,0.0,0.0,0.0
23.3917828,DATA,1,0,0,0,0,0.0,0.0,0.5398248,1.718547,-1.04446292,-6.484375,1.945678,-10.8430481,0.55,0.0,-0.05,0.0,0.0,0.0,0.0,0.0,0.0,0.0
23.4473076,DATA,1,0,0,0,0,0.0,0.0,0.5395711,1.71834493,-1.044524,-6.57113647,1.9591316,-10.6624451,0.55,0.0,-0.05,0.0,0.0,0.0,0.0,0.0,0.0,0.0
23.5027256,DATA,1,0,0,0,0,0.0,0.0,0.539327443,1.71817875,-1.04476142,-6.811676,1.95818329,-10.38504,0.55,0.0,-0.05,0.0,0.0,0.0,0.0,0.0,0.0,0.0
23.5588341,DATA,1,0,0,0,0,0.0,0.0,0.5393489,1.71811509,-1.0449369,-6.90792847,1.969225,-10.3623657,0.55,0.0,-0.05,0.0,0.0,0.0,0.0,0.0,0.0,0.0
23.614275,DATA,1,0,0,0,0,0.0,0.0,0.539637864,1.7182976,-1.04490733,-6.775635,1.98062956,-10.5935669,0.55,0.0,-0.05,0.0,0.0,0.0,0.0,0.0,0.0,0.0
23.6693039,DATA,1,0,0,0,0,0.0,0.0,0.539767563,1.71843588,-1.04465747,-6.64331055,1.98771632,-10.7565308,0.55,0.0,-0.05,0.0,0.0,0.0,0.0,0.0,0.0,0.0
23.7260056,DATA,1,0,0,0,0,0.0,0.0,0.5396765,1.71833658,-1.04466224,-6.66482544,1.98066676,-10.7133484,0.55,0.0,-0.05,0.0,0.0,0.0,0.0,0.0,0.0,0.0
23.78179,DATA,1,0,0,0,0,0.0,0.0,0.5394538,1.718228,-1.04487014,-6.809906,1.99061358,-10.50238,0.55,0.0,-0.05,0.0,0.0,0.0,0.0,0.0,0.0,0.0
23.8363266,DATA,1,0,0,0,0,0.0,0.0,0.539397061,1.71816635,-1.0448072,-6.826233,1.99871337,-10.4442749,0.55,0.0,-0.05,0.0,0.0,0.0,0.0,0.0,0.0,0.0
23.8916836,DATA,1,0,0,0,0,0.0,0.0,0.5396512,1.71821439,-1.04478526,-6.768738,1.99164116,-10.5734253,0.55,0.0,-0.05,0.0,0.0,0.0,0.0,0.0,0.0,0.0
23.9475975,DATA,1,0,0,0,0,0.0,0.0,0.5398405,1.71831179,-1.04473233,-6.682495,2.01120782,-10.7125244,0.55,0.0,-0.05,0.0,0.0,0.0,0.0,0.0,0.0,0.0
24.0031528,DATA,1,0,0,0,0,0.0,0.0,0.539666951,1.718273,-1.04477859,-6.696167,1.99732,-10.6555481,0.55,0.0,-0.05,0.0,0.0,0.0,0.0,0.0,0.0,0.0
24.0587654,DATA,1,0,0,0,0,0.0,0.0,0.5395506,1.71819139,-1.04493833,-6.81207275,1.99770975,-10.5093994,0.55,0.0,-0.05,0.0,0.0,0.0,0.0,0.0,0.0,0.0
24.1142273,DATA,1,0,0,0,0,0.0,0.0,0.539714158,1.71817183,-1.045058,-6.893585,2.02784443,-10.50592,0.55,0.0,-0.05,0.0,0.0,0.0,0.0,0.0,0.0,0.0
24.1693859,DATA,1,0,0,0,0,0.0,0.0,0.5400422,1.71825027,-1.0448482,-6.796692,2.03056622,-10.67511,0.55,0.0,-0.05,0.0,0.0,0.0,0.0,0.0,0.0,0.0
24.2249241,DATA,1,0,0,0,0,0.0,0.0,0.540317833,1.71843553,-1.04477572,-6.62585449,2.048513,-10.9358826,0.55,0.0,-0.05,0.0,0.0,0.0,0.0,0.0,0.0,0.0
24.2810459,DATA,1,0,0,0,0,0.0,0.0,0.540319741,1.71842432,-1.04491782,-6.640991,2.0574708,-10.9619446,0.55,0.0,-0.05,0.0,0.0,0.0,0.0,0.0,0.0,0.0
24.33641,DATA,1,0,0,0,0,0.0,0.0,0.5400093,1.7183497,-1.04492354,-6.74700928,2.07838178,-10.7294922,0.55,0.0,-0.05,0.0,0.0,0.0,0.0,0.0,0.0,0.0
24.3911247,DATA,1,0,0,0,0,0.0,0.0,0.5399335,1.71820486,-1.04495883,-6.78723145,2.090293,-10.6283569,0.55,0.0,-0.05,0.0,0.0,0.0,0.0,0.0,0.0,0.0
24.447319,DATA,1,0,0,0,0,0.0,0.0,0.5401204,1.71830368,-1.04507661,-6.72189331,2.08241343,-10.8226318,0.55,0.0,-0.05,0.0,0.0,0.0,0.0,0.0,0.0,0.0
24.5028877,DATA,1,0,0,0,0,0.0,0.0,0.540286362,1.71829009,-1.04506135,-6.662689,2.07693052,-10.93158,0.55,0.0,-0.05,0.0,0.0,0.0,0.0,0.0,0.0,0.0
24.5588512,DATA,1,0,0,0,0,0.0,0.0,0.5401018,1.7182405,-1.04496264,-6.66217041,2.07779551,-10.8298035,0.55,0.0,-0.05,0.0,0.0,0.0,0.0,0.0,0.0,0.0
24.6137829,DATA,1,0,0,0,0,0.0,0.0,0.539989769,1.71812272,-1.04508853,-6.76861572,2.06804848,-10.7128906,0.55,0.0,-0.05,0.0,0.0,0.0,0.0,0.0,0.0,0.0
24.66917,DATA,1,0,0,0,0,0.0,0.0,0.5400451,1.718099,-1.04509807,-6.84667969,2.06783271,-10.71347,0.55,0.0,-0.05,0.0,0.0,0.0,0.0,0.0,0.0,0.0
24.7248878,DATA,1,0,0,0,0,0.0,0.0,0.540093243,1.71810222,-1.04513526,-6.750824,2.09047222,-10.8114014,0.55,0.0,-0.05,0.0,0.0,0.0,0.0,0.0,0.0,0.0
24.7802124,DATA,1,0,0,0,0,0.0,0.0,0.5400341,1.71818614,-1.04528213,-6.76971436,2.1013968,-10.8628845,0.55,0.0,-0.05,0.0,0.0,0.0,0.0,0.0,0.0,0.0
24.8369389,DATA,1,0,0,0,0,0.0,0.0,0.5399359,1.71809077,-1.04538035,-6.902252,2.09487271,-10.6817932,0.55,0.0,-0.05,0.0,0.0,0.0,0.0,0.0,0.0,0.0
24.8907566,DATA,1,0,0,0,0,0.0,0.0,0.5397118,1.718182,-1.04533458,-6.92272949,2.099176,-10.6098633,0.55,0.0,-0.05,0.0,0.0,0.0,0.0,0.0,0.0,0.0
24.9475155,DATA,1,0,0,0,0,0.0,0.0,0.539734662,1.71831369,-1.04528785,-6.804199,2.08941221,-10.7592163,0.55,0.0,-0.05,0.0,0.0,0.0,0.0,0.0,0.0,0.0
25.0030861,DATA,1,0,0,0,0,0.0,0.0,0.53972894,1.7183063,-1.04528022,-6.81112671,2.07230043,-10.727356,0.55,0.0,-0.05,0.0,0.0,0.0,0.0,0.0,0.0,0.0
25.0585613,DATA,1,0,0,0,0,0.0,0.0,0.539539635,1.71831036,-1.04525924,-6.848938,2.091253,-10.6168518,0.55,0.0,-0.05,0.0,0.0,0.0,0.0,0.0,0.0,0.0
25.1139488,DATA,1,0,0,0,0,0.0,0.0,0.5394762,1.71828163,-1.04523921,-6.872101,2.07005,-10.60614,0.55,0.0,-0.05,0.0,0.0,0.0,0.0,0.0,0.0,0.0
25.1693039,DATA,1,0,0,0,0,0.0,0.0,0.539463341,1.71839869,-1.04522586,-6.806488,2.07969284,-10.6400452,0.55,0.0,-0.05,0.0,0.0,0.0,0.0,0.0,0.0,0.0
25.2248268,DATA,1,0,0,0,0,0.0,0.0,0.5396336,1.71835065,-1.04522967,-6.82855225,2.09820151,-10.6828918,0.55,0.0,-0.05,0.0,0.0,0.0,0.0,0.0,0.0,0.0
25.2807541,DATA,1,0,0,0,0,0.0,0.0,0.539650261,1.71835339,-1.04512382,-6.77120972,2.08165479,-10.6827087,0.55,0.0,-0.05,0.0,0.0,0.0,0.0,0.0,0.0,0.0
25.3363361,DATA,1,0,0,0,0,0.0,0.0,0.539563,1.71838033,-1.045212,-6.87179565,2.09153986,-10.6282959,0.55,0.0,-0.05,0.0,0.0,0.0,0.0,0.0,0.0,0.0
25.3915749,DATA,1,0,0,0,0,0.0,0.0,0.5395401,1.71838522,-1.04512477,-6.8536377,2.09723234,-10.6199951,0.55,0.0,-0.05,0.0,0.0,0.0,0.0,0.0,0.0,0.0
25.4469471,DATA,1,0,0,0,0,0.0,0.0,0.53962785,1.7183944,-1.044976,-6.789978,2.082621,-10.724762,0.55,0.0,-0.05,0.0,0.0,0.0,0.0,0.0,0.0,0.0
25.5025177,DATA,1,0,0,0,0,0.0,0.0,0.5395821,1.71848929,-1.04487777,-6.741913,2.09980536,-10.7304077,0.55,0.0,-0.05,0.0,0.0,0.0,0.0,0.0,0.0,0.0
25.5586338,DATA,1,0,0,0,0,0.0,0.0,0.5395358,1.71836782,-1.0450213,-6.816284,2.083355,-10.6271667,0.55,0.0,-0.05,0.0,0.0,0.0,0.0,0.0,0.0,0.0
25.6139622,DATA,1,0,0,0,0,0.0,0.0,0.5394862,1.71837449,-1.0451858,-6.87979126,2.084663,-10.591156,0.55,0.0,-0.05,0.0,0.0,0.0,0.0,0.0,0.0,0.0
25.6689072,DATA,1,0,0,0,0,0.0,0.0,0.5394457,1.7183814,-1.04514384,-6.89273071,2.09985852,-10.5700073,0.55,0.0,-0.05,0.0,0.0,0.0,0.0,0.0,0.0,0.0
25.7257786,DATA,1,0,0,0,0,0.0,0.0,0.539590657,1.718365,-1.04506469,-6.82443237,2.08854532,-10.668396,0.55,0.0,-0.05,0.0,0.0,0.0,0.0,0.0,0.0,0.0
25.7807083,DATA,1,0,0,0,0,0.0,0.0,0.5395077,1.71858025,-1.04498982,-6.74035645,2.08711767,-10.7837524,0.55,0.0,-0.05,0.0,0.0,0.0,0.0,0.0,0.0,0.0
25.8360062,DATA,1,0,0,0,0,0.0,0.0,0.53944093,1.7185806,-1.04505229,-6.815735,2.07386565,-10.641449,0.55,0.0,-0.05,0.0,0.0,0.0,0.0,0.0,0.0,0.0
25.8913841,DATA,1,0,0,0,0,0.0,0.0,0.539419949,1.71841359,-1.04502416,-6.9553833,2.11884522,-10.526123,0.55,0.0,-0.05,0.0,0.0,0.0,0.0,0.0,0.0,0.0
25.94745,DATA,1,0,0,0,0,0.0,0.0,0.5396612,1.7185415,-1.04491448,-6.831482,2.11665368,-10.6710205,0.55,0.0,-0.05,0.0,0.0,0.0,0.0,0.0,0.0,0.0
26.0025826,DATA,1,0,0,0,0,0.0,0.0,0.539730847,1.71860743,-1.044904,-6.70874,2.114322,-10.8937073,0.55,0.0,-0.05,0.0,0.0,0.0,0.0,0.0,0.0,0.0
26.0583038,DATA,1,0,0,0,0,0.0,0.0,0.5395854,1.71860266,-1.0448997,-6.77142334,2.123705,-10.7867126,0.55,0.0,-0.05,0.0,0.0,0.0,0.0,0.0,0.0,0.0
26.1139412,DATA,1,0,0,0,0,0.0,0.0,0.539449036,1.71841681,-1.04499793,-6.843994,2.10209656,-10.6416016,0.55,0.0,-0.05,0.0,0.0,0.0,0.0,0.0,0.0,0.0
26.1691685,DATA,1,0,0,0,0,0.0,0.0,0.539409935,1.71854937,-1.04516673,-6.875305,2.11642218,-10.6399536,0.55,0.0,-0.05,0.0,0.0,0.0,0.0,0.0,0.0,0.0
26.2247143,DATA,1,0,0,0,0,0.0,0.0,0.5396078,1.71846676,-1.04512954,-6.84494,2.090444,-10.6897278,0.55,0.0,-0.05,0.0,0.0,0.0,0.0,0.0,0.0,0.0
26.2808361,DATA,1,0,0,0,0,0.0,0.0,0.5395892,1.71866572,-1.045079,-6.76953125,2.1359992,-10.8013916,0.55,0.0,-0.05,0.0,0.0,0.0,0.0,0.0,0.0,0.0
26.3360443,DATA,1,0,0,0,0,0.0,0.0,0.539691269,1.71852028,-1.04529262,-6.800995,2.10388136,-10.8265686,0.55,0.0,-0.05,0.0,0.0,0.0,0.0,0.0,0.0,0.0
26.3911743,DATA,1,0,0,0,0,0.0,0.0,0.539347947,1.71854258,-1.04510665,-6.80770874,2.12473488,-10.7098694,0.55,0.0,-0.05,0.0,0.0,0.0,0.0,0.0,0.0,0.0
26.4475136,DATA,1,0,0,0,0,0.0,0.0,0.53921634,1.71850133,-1.04513335,-6.862793,2.11941743,-10.6488342,0.55,0.0,-0.05,0.0,0.0,0.0,0.0,0.0,0.0,0.0
26.5026226,DATA,1,0,0,0,0,0.0,0.0,0.53938514,1.71855354,-1.04527211,-6.88079834,2.104681,-10.6672974,0.55,0.0,-0.05,0.0,0.0,0.0,0.0,0.0,0.0,0.0
26.5581627,DATA,1,0,0,0,0,0.0,0.0,0.5396579,1.71862745,-1.045232,-6.79727173,2.12507153,-10.8499756,0.55,0.0,-0.05,0.0,0.0,0.0,0.0,0.0,0.0,0.0
26.6138744,DATA,1,0,0,0,0,0.0,0.0,0.539676964,1.71871245,-1.04526782,-6.72219849,2.12508559,-11.0097351,0.55,0.0,-0.05,0.0,0.0,0.0,0.0,0.0,0.0,0.0
26.668766,DATA,1,0,0,0,0,0.0,0.0,0.53938514,1.71871638,-1.04529786,-6.73440552,2.105975,-10.8923645,0.55,0.0,-0.05,0.0,0.0,0.0,0.0,0.0,0.0,0.0
26.7250786,DATA,1,0,0,0,0,0.0,0.0,0.5391868,1.71858978,-1.04527974,-6.88723755,2.12697077,-10.71991,0.55,0.0,-0.05,0.0,0.0,0.0,0.0,0.0,0.0,0.0
26.78042,DATA,1,0,0,0,0,0.0,0.0,0.5393022,1.7185297,-1.04545,-6.92489624,2.16707754,-10.7758789,0.55,0.0,-0.05,0.0,0.0,0.0,0.0,0.0,0.0,0.0
26.8362064,DATA,1,0,0,0,0,0.0,0.0,0.539570153,1.718593,-1.0455358,-6.82507324,2.185798,-11.0119324,0.55,0.0,-0.05,0.0,0.0,0.0,0.0,0.0,0.0,0.0
26.8905163,DATA,1,0,0,0,0,0.0,0.0,0.5396226,1.71854556,-1.04537654,-6.766205,2.19494963,-11.1095276,0.55,0.0,-0.05,0.0,0.0,0.0,0.0,0.0,0.0,0.0
26.9470654,DATA,1,0,0,0,0,0.0,0.0,0.5394266,1.71843624,-1.04541278,-6.836212,2.19118476,-11.0304565,0.55,0.0,-0.05,0.0,0.0,0.0,0.0,0.0,0.0,0.0
27.0027466,DATA,1,0,0,0,0,0.0,0.0,0.5390156,1.71821165,-1.04531741,-6.93640137,2.19847822,-10.8579712,0.55,0.0,-0.05,0.0,0.0,0.0,0.0,0.0,0.0,0.0
27.0580921,DATA,1,0,0,0,0,0.0,0.0,0.538606,1.71803188,-1.04497218,-6.97698975,2.19034052,-10.7460632,0.55,0.0,-0.05,0.0,0.0,0.0,0.0,0.0,0.0,0.0
27.1133041,DATA,1,0,0,0,0,0.0,0.0,0.538376153,1.71805477,-1.044883,-6.94271851,2.17839336,-10.7850342,0.55,0.0,-0.05,0.0,0.0,0.0,0.0,0.0,0.0,0.0
27.1690025,DATA,1,0,0,0,0,0.0,0.0,0.538101,1.71812189,-1.04478192,-6.92050171,2.23850083,-10.9642639,0.55,0.0,-0.05,0.0,0.0,0.0,0.0,0.0,0.0,0.0
27.2248478,DATA,1,0,0,0,0,0.0,0.0,0.5377057,1.71805453,-1.04471469,-7.076294,2.274341,-10.8574524,0.55,0.0,-0.05,0.0,0.0,0.0,0.0,0.0,0.0,0.0
27.2803955,DATA,1,0,0,0,0,0.0,0.0,0.537600338,1.71786058,-1.04491735,-7.141571,2.3275044,-10.8200073,0.55,0.0,-0.05,0.0,0.0,0.0,0.0,0.0,0.0,0.0
27.3363552,DATA,1,0,0,0,0,0.0,0.0,0.5377191,1.71797109,-1.04509234,-7.143982,2.33859,-10.9167786,0.55,0.0,-0.05,0.0,0.0,0.0,0.0,0.0,0.0,0.0
27.3908844,DATA,1,0,0,0,0,0.0,0.0,0.5381473,1.7181251,-1.04525352,-7.10986328,2.34098577,-11.0646057,0.55,0.0,-0.05,0.0,0.0,0.0,0.0,0.0,0.0,0.0
27.4465256,DATA,1,0,0,0,0,0.0,0.0,0.5384725,1.71823359,-1.0454886,-7.08453369,2.38648915,-11.1672974,0.55,0.0,-0.05,0.0,0.0,0.0,0.0,0.0,0.0,0.0
27.5023746,DATA,1,0,0,0,0,0.0,0.0,0.5387452,1.718386,-1.04570985,-7.001709,2.40269423,-11.3256531,0.55,0.0,-0.05,0.0,0.0,0.0,0.0,0.0,0.0,0.0
27.5584831,DATA,1,0,0,0,0,0.0,0.0,0.538853467,1.718522,-1.04615283,-6.919739,2.40300751,-11.3715515,0.55,0.0,-0.05,0.0,0.0,0.0,0.0,0.0,0.0,0.0
27.6128578,DATA,1,0,0,0,0,0.0,0.0,0.539259255,1.71848655,-1.04690909,-7.08966064,2.399961,-11.2018433,0.55,0.0,-0.05,0.0,0.0,0.0,0.0,0.0,0.0,0.0
27.66854,DATA,1,0,0,0,0,0.0,0.0,0.539695561,1.718241,-1.04706216,-7.425171,2.47172,-11.1558838,0.55,0.0,-0.05,0.0,0.0,0.0,0.0,0.0,0.0,0.0
27.72554,DATA,1,0,0,0,0,0.0,0.0,0.5395573,1.71849358,-1.0462482,-6.945526,2.45368028,-11.3947144,0.55,0.0,-0.05,0.0,0.0,0.0,0.0,0.0,0.0,0.0
27.7800674,DATA,1,0,0,0,0,0.0,0.0,0.5392998,1.71837485,-1.04599452,-6.68808,2.338863,-11.4999084,0.55,0.0,-0.05,0.0,0.0,0.0,0.0,0.0,0.0,0.0
27.8357449,DATA,1,0,0,0,0,0.0,0.0,0.538765252,1.71824884,-1.04611754,-7.056885,2.38636112,-11.1577148,0.55,0.0,-0.05,0.0,0.0,0.0,0.0,0.0,0.0,0.0
27.8910618,DATA,1,0,0,0,0,0.0,0.0,0.5383428,1.71776831,-1.04592681,-7.28033447,2.39491177,-10.7106323,0.55,0.0,-0.05,0.0,0.0,0.0,0.0,0.0,0.0,0.0
27.9465752,DATA,1,0,0,0,0,0.0,0.0,0.538150132,1.71797943,-1.0455277,-7.225281,2.38125634,-10.8352051,0.55,0.0,-0.05,0.0,0.0,0.0,0.0,0.0,0.0,0.0
28.00233,DATA,1,0,0,0,0,0.0,0.0,0.538397133,1.71808743,-1.045388,-6.980591,2.38786221,-11.1231689,0.55,0.0,-0.05,0.0,0.0,0.0,0.0,0.0,0.0,0.0
28.05785,DATA,1,0,0,0,0,0.0,0.0,0.5384696,1.71807146,-1.04541945,-6.96841431,2.36274123,-11.1580505,0.55,0.0,-0.05,0.0,0.0,0.0,0.0,0.0,0.0,0.0
28.11307,DATA,1,0,0,0,0,0.0,0.0,0.538345635,1.71792,-1.04555106,-7.158325,2.38431048,-10.9642334,0.55,0.0,-0.05,0.0,0.0,0.0,0.0,0.0,0.0,0.0
28.1689968,DATA,1,0,0,0,0,0.0,0.0,0.538281739,1.717888,-1.04545808,-7.17584229,2.392203,-10.8989563,0.55,0.0,-0.05,0.0,0.0,0.0,0.0,0.0,0.0,0.0
28.22465,DATA,1,0,0,0,0,0.0,0.0,0.5383714,1.7179873,-1.04529166,-7.080261,2.37582445,-11.0751343,0.55,0.0,-0.05,0.0,0.0,0.0,0.0,0.0,0.0,0.0
28.280407,DATA,1,0,0,0,0,0.0,0.0,0.5382164,1.71793377,-1.04515529,-7.04272461,2.37575984,-11.1098328,0.55,0.0,-0.05,0.0,0.0,0.0,0.0,0.0,0.0,0.0
28.3358631,DATA,1,0,0,0,0,0.0,0.0,0.537952244,1.71786988,-1.04512191,-7.13989258,2.3671627,-10.9487915,0.55,0.0,-0.05,0.0,0.0,0.0,0.0,0.0,0.0,0.0
28.3908749,DATA,1,0,0,0,0,0.0,0.0,0.5377849,1.71773589,-1.045152,-7.208008,2.343712,-10.8116455,0.55,0.0,-0.05,0.0,0.0,0.0,0.0,0.0,0.0,0.0
28.4469357,DATA,1,0,0,0,0,0.0,0.0,0.537658036,1.71770906,-1.04515147,-7.21478271,2.35113025,-10.7516174,0.55,0.0,-0.05,0.0,0.0,0.0,0.0,0.0,0.0,0.0
28.5024128,DATA,1,0,0,0,0,0.0,0.0,0.5377057,1.71778345,-1.04526687,-7.228943,2.318544,-10.7746582,0.55,0.0,-0.05,0.0,0.0,0.0,0.0,0.0,0.0,0.0
28.55814,DATA,1,0,0,0,0,0.0,0.0,0.5377224,1.71766543,-1.04543471,-7.25912476,2.31513548,-10.6649475,0.55,0.0,-0.05,0.0,0.0,0.0,0.0,0.0,0.0,0.0
28.6132717,DATA,1,0,0,0,0,0.0,0.0,0.537730038,1.71767569,-1.04570174,-7.331421,2.298329,-10.5517578,0.55,0.0,-0.05,0.0,0.0,0.0,0.0,0.0,0.0,0.0
28.66878,DATA,1,0,0,0,0,0.0,0.0,0.5378025,1.71772838,-1.04589152,-7.44424438,2.30462313,-10.49118,0.55,0.0,-0.05,0.0,0.0,0.0,0.0,0.0,0.0,0.0
28.7254047,DATA,1,0,0,0,0,0.0,0.0,0.5379546,1.71779692,-1.04572177,-7.497528,2.33464026,-10.58252,0.55,0.0,-0.05,0.0,0.0,0.0,0.0,0.0,0.0,0.0
28.7803631,DATA,1,0,0,0,0,0.0,0.0,0.538124859,1.71791887,-1.04567218,-7.42739868,2.36090755,-10.7887573,0.55,0.0,-0.05,0.0,0.0,0.0,0.0,0.0,0.0,0.0
28.8361988,DATA,1,0,0,0,0,0.0,0.0,0.5379942,1.71812391,-1.04570174,-7.37008667,2.351113,-10.8629761,0.55,0.0,-0.05,0.0,0.0,0.0,0.0,0.0,0.0,0.0
28.8909512,DATA,1,0,0,0,0,0.0,0.0,0.5379837,1.71803737,-1.04600692,-7.51660156,2.32637024,-10.7008667,0.55,0.0,-0.05,0.0,0.0,0.0,0.0,0.0,0.0,0.0
28.9473057,DATA,1,0,0,0,0,0.0,0.0,0.538229764,1.71807075,-1.04658294,-7.65179443,2.33347058,-10.5898743,0.55,0.0,-0.05,0.0,0.0,0.0,0.0,0.0,0.0,0.0
29.00274,DATA,1,0,0,0,0,0.0,0.0,0.5387762,1.71819544,-1.04707313,-7.733185,2.35588455,-10.6334534,0.55,0.0,-0.05,0.0,0.0,0.0,0.0,0.0,0.0,0.0
29.0579357,DATA,1,0,0,0,0,0.0,0.0,0.5391343,1.71833682,-1.04715037,-7.64059448,2.37599754,-10.7932129,0.55,0.0,-0.05,0.0,0.0,0.0,0.0,0.0,0.0,0.0
29.1129,DATA,1,0,0,0,0,0.0,0.0,0.5392969,1.71841145,-1.047241,-7.57791138,2.35968637,-10.8955383,0.55,0.0,-0.05,0.0,0.0,0.0,0.0,0.0,0.0,0.0
29.1689243,DATA,1,0,0,0,0,0.0,0.0,0.5390423,1.71833861,-1.04721951,-7.63134766,2.36198878,-10.7598877,0.55,0.0,-0.05,0.0,0.0,0.0,0.0,0.0,0.0,0.0
29.2243652,DATA,1,0,0,0,0,0.0,0.0,0.53874,1.71830523,-1.04704452,-7.65905762,2.35184956,-10.6482849,0.55,0.0,-0.05,0.0,0.0,0.0,0.0,0.0,0.0,0.0
29.28072,DATA,1,0,0,0,0,0.0,0.0,0.538775265,1.71829307,-1.04690433,-7.60437,2.34802938,-10.7374268,0.55,0.0,-0.05,0.0,0.0,0.0,0.0,0.0,0.0,0.0
29.33583,DATA,1,0,0,0,0,0.0,0.0,0.538592637,1.718288,-1.04672122,-7.54595947,2.315735,-10.7101746,0.55,0.0,-0.05,0.0,0.0,0.0,0.0,0.0,0.0,0.0
29.3909378,DATA,1,0,0,0,0,0.0,0.0,0.538440049,1.71827292,-1.04666972,-7.58898926,2.30028915,-10.6242676,0.55,0.0,-0.05,0.0,0.0,0.0,0.0,0.0,0.0,0.0
29.4468575,DATA,1,0,0,0,0,0.0,0.0,0.5385187,1.71821046,-1.04671264,-7.58187866,2.29525948,-10.6086731,0.55,0.0,-0.05,0.0,0.0,0.0,0.0,0.0,0.0,0.0
29.5022869,DATA,1,0,0,0,0,0.0,0.0,0.5386866,1.718269,-1.046778,-7.573517,2.3005898,-10.6834106,0.55,0.0,-0.05,0.0,0.0,0.0,0.0,0.0,0.0,0.0
29.5577679,DATA,1,0,0,0,0,0.0,0.0,0.538808167,1.71828318,-1.04681945,-7.58221436,2.3113122,-10.6888733,0.55,0.0,-0.05,0.0,0.0,0.0,0.0,0.0,0.0,0.0
29.6129761,DATA,1,0,0,0,0,0.0,0.0,0.53889066,1.71837485,-1.04689956,-7.59677124,2.32677078,-10.7235718,0.55,0.0,-0.05,0.0,0.0,0.0,0.0,0.0,0.0,0.0
29.6684647,DATA,1,0,0,0,0,0.0,0.0,0.538975537,1.71840608,-1.04686713,-7.57861328,2.32762337,-10.74173,0.55,0.0,-0.05,0.0,0.0,0.0,0.0,0.0,0.0,0.0
29.72486,DATA,1,0,0,0,0,0.0,0.0,0.5389727,1.71847725,-1.04678416,-7.55255127,2.328597,-10.8107605,0.55,0.0,-0.05,0.0,0.0,0.0,0.0,0.0,0.0,0.0
29.7803879,DATA,1,0,0,0,0,0.0,0.0,0.5388954,1.71851444,-1.04657531,-7.502289,2.320747,-10.8443909,0.55,0.0,-0.05,0.0,0.0,0.0,0.0,0.0,0.0,0.0
29.8359261,DATA,1,0,0,0,0,0.0,0.0,0.5388277,1.71846843,-1.04664969,-7.50244141,2.304998,-10.8134766,0.55,0.0,-0.05,0.0,0.0,0.0,0.0,0.0,0.0,0.0
29.8909874,DATA,1,0,0,0,0,0.0,0.0,0.538718045,1.7184422,-1.04668689,-7.50964355,2.29622722,-10.7755737,0.55,0.0,-0.05,0.0,0.0,0.0,0.0,0.0,0.0,0.0
29.9470482,DATA,1,0,0,0,0,0.0,0.0,0.538750947,1.7184149,-1.04669881,-7.52008057,2.293437,-10.7650757,0.55,0.0,-0.05,0.0,0.0,0.0,0.0,0.0,0.0,0.0
30.0024529,DATA,1,0,0,0,0,0.0,0.0,0.538893044,1.7183497,-1.04675746,-7.49118042,2.30133653,-10.8376465,0.55,0.0,-0.05,0.0,0.0,0.0,0.0,0.0,0.0,0.0
30.0580826,DATA,1,0,0,0,0,0.0,0.0,0.538898766,1.71833563,-1.0467031,-7.45928955,2.29565048,-10.8533325,0.55,0.0,-0.05,0.0,0.0,0.0,0.0,0.0,0.0,0.0
30.1132431,DATA,1,0,0,0,0,0.0,0.0,0.5388368,1.71829844,-1.04659724,-7.441742,2.30416775,-10.8778381,0.55,0.0,-0.05,0.0,0.0,0.0,0.0,0.0,0.0,0.0
30.168478,DATA,1,0,0,0,0,0.0,0.0,0.5388754,1.71822929,-1.04665637,-7.42810059,2.293434,-10.8528442,0.55,0.0,-0.05,0.0,0.0,0.0,0.0,0.0,0.0,0.0
30.22452,DATA,1,0,0,0,0,0.0,0.0,0.5387123,1.718229,-1.04661632,-7.455719,2.28708982,-10.8094177,0.55,0.0,-0.05,0.0,0.0,0.0,0.0,0.0,0.0,0.0
30.2803078,DATA,1,0,0,0,0,0.0,0.0,0.538559735,1.718194,-1.04653144,-7.47937,2.29076934,-10.7480164,0.55,0.0,-0.05,0.0,0.0,0.0,0.0,0.0,0.0,0.0
30.3356552,DATA,1,0,0,0,0,0.0,0.0,0.5385278,1.71825218,-1.04647374,-7.44448853,2.288098,-10.7880554,0.55,0.0,-0.05,0.0,0.0,0.0,0.0,0.0,0.0,0.0
30.39104,DATA,1,0,0,0,0,0.0,0.0,0.538300335,1.71826971,-1.04637074,-7.43405151,2.273104,-10.7619934,0.55,0.0,-0.05,0.0,0.0,0.0,0.0,0.0,0.0,0.0
30.44664,DATA,1,0,0,0,0,0.0,0.0,0.538102,1.71827269,-1.04646945,-7.475891,2.27845335,-10.6929932,0.55,0.0,-0.05,0.0,0.0,0.0,0.0,0.0,0.0,0.0
30.5024223,DATA,1,0,0,0,0,0.0,0.0,0.538317,1.7183075,-1.04673839,-7.52432251,2.27857041,-10.6585693,0.55,0.0,-0.05,0.0,0.0,0.0,0.0,0.0,0.0,0.0
30.5581245,DATA,1,0,0,0,0,0.0,0.0,0.538491547,1.71837163,-1.04687858,-7.52645874,2.29888773,-10.705719,0.55,0.0,-0.05,0.0,0.0,0.0,0.0,0.0,0.0,0.0
30.61312,DATA,1,0,0,0,0,0.0,0.0,0.5386837,1.71840465,-1.04704642,-7.538574,2.30518484,-10.7303772,0.55,0.0,-0.05,0.0,0.0,0.0,0.0,0.0,0.0,0.0
30.6683426,DATA,1,0,0,0,0,0.0,0.0,0.5388215,1.71832776,-1.04709315,-7.555298,2.31535435,-10.7362671,0.55,0.0,-0.05,0.0,0.0,0.0,0.0,0.0,0.0,0.0
30.72458,DATA,1,0,0,0,0,0.0,0.0,0.5388692,1.71839678,-1.04693866,-7.544281,2.32236028,-10.7704468,0.55,0.0,-0.05,0.0,0.0,0.0,0.0,0.0,0.0,0.0
30.780077,DATA,1,0,0,0,0,0.0,0.0,0.538896859,1.71839881,-1.04690528,-7.5383606,2.327952,-10.7996216,0.55,0.0,-0.05,0.0,0.0,0.0,0.0,0.0,0.0,0.0
30.8355942,DATA,1,0,0,0,0,0.0,0.0,0.5387476,1.71834159,-1.0468781,-7.53057861,2.323892,-10.778656,0.55,0.0,-0.05,0.0,0.0,0.0,0.0,0.0,0.0,0.0
30.8905277,DATA,1,0,0,0,0,0.0,0.0,0.538483441,1.718308,-1.04670691,-7.56188965,2.31284142,-10.6914978,0.55,0.0,-0.05,0.0,0.0,0.0,0.0,0.0,0.0,0.0
30.9466171,DATA,1,0,0,0,0,0.0,0.0,0.538351357,1.71824193,-1.04663682,-7.55847168,2.30786538,-10.6678772,0.55,0.0,-0.05,0.0,0.0,0.0,0.0,0.0,0.0,0.0
31.0022354,DATA,1,0,0,0,0,0.0,0.0,0.5382965,1.71823645,-1.0466435,-7.569824,2.31283116,-10.6643066,0.55,0.0,-0.05,0.0,0.0,0.0,0.0,0.0,0.0,0.0
31.057703,DATA,1,0,0,0,0,0.0,0.0,0.538334668,1.7181952,-1.04657388,-7.58563232,2.31986928,-10.66922,0.55,0.0,-0.05,0.0,0.0,0.0,0.0,0.0,0.0,0.0
31.1130657,DATA,1,0,0,0,0,0.0,0.0,0.5383733,1.718154,-1.04650474,-7.5668335,2.32601953,-10.6683655,0.55,0.0,-0.05,0.0,0.0,0.0,0.0,0.0,0.0,0.0
31.16778,DATA,1,0,0,0,0,0.0,0.0,0.5382884,1.71813488,-1.04656577,-7.596039,2.32800579,-10.6627808,0.55,0.0,-0.05,0.0,0.0,0.0,0.0,0.0,0.0,0.0
31.2242813,DATA,1,0,0,0,0,0.0,0.0,0.538160145,1.71815646,-1.0464685,-7.606201,2.32574,-10.598877,0.55,0.0,-0.05,0.0,0.0,0.0,0.0,0.0,0.0,0.0
31.2798672,DATA,1,0,0,0,0,0.0,0.0,0.538314641,1.71821916,-1.04649138,-7.6116333,2.33979678,-10.652771,0.55,0.0,-0.05,0.0,0.0,0.0,0.0,0.0,0.0,0.0
31.3353519,DATA,1,0,0,0,0,0.0,0.0,0.538355649,1.71821821,-1.0464952,-7.57025146,2.33257127,-10.6947937,0.55,0.0,-0.05,0.0,0.0,0.0,0.0,0.0,0.0,0.0
31.39077,DATA,1,0,0,0,0,0.0,0.0,0.53819114,1.71820021,-1.04663253,-7.612549,2.32294583,-10.6260681,0.55,0.0,-0.05,0.0,0.0,0.0,0.0,0.0,0.0,0.0
31.4461727,DATA,1,0,0,0,0,0.0,0.0,0.538236439,1.71816087,-1.04681277,-7.660858,2.31223488,-10.546875,0.55,0.0,-0.05,0.0,0.0,0.0,0.0,0.0,0.0,0.0
31.5017967,DATA,1,0,0,0,0,0.0,0.0,0.5383728,1.71819663,-1.04683089,-7.653656,2.334932,-10.59021,0.55,0.0,-0.05,0.0,0.0,0.0,0.0,0.0,0.0,0.0
31.55783,DATA,1,0,0,0,0,0.0,0.0,0.5384515,1.71828008,-1.04675889,-7.591675,2.34911323,-10.6948242,0.55,0.0,-0.05,0.0,0.0,0.0,0.0,0.0,0.0,0.0
31.6127033,DATA,1,0,0,0,0,0.0,0.0,0.5385459,1.71823287,-1.04675364,-7.57568359,2.351151,-10.69458,0.55,0.0,-0.05,0.0,0.0,0.0,0.0,0.0,0.0,0.0
31.6678085,DATA,1,0,0,0,0,0.0,0.0,0.538415253,1.71822238,-1.04670787,-7.60314941,2.34732842,-10.6463318,0.55,0.0,-0.05,0.0,0.0,0.0,0.0,0.0,0.0,0.0
31.72514,DATA,1,0,0,0,0,0.0,0.0,0.5383137,1.71825457,-1.04670882,-7.62719727,2.3567884,-10.59137,0.55,0.0,-0.05,0.0,0.0,0.0,0.0,0.0,0.0,0.0
31.7799644,DATA,1,0,0,0,0,0.0,0.0,0.5383981,1.71819806,-1.046787,-7.62997437,2.35526967,-10.6258545,0.55,0.0,-0.05,0.0,0.0,0.0,0.0,0.0,0.0,0.0
31.8354,DATA,1,0,0,0,0,0.0,0.0,0.538413346,1.71823037,-1.04681945,-7.611511,2.34393263,-10.6540222,0.55,0.0,-0.05,0.0,0.0,0.0,0.0,0.0,0.0,0.0
31.8905373,DATA,1,0,0,0,0,0.0,0.0,0.538397133,1.71824622,-1.04698539,-7.640686,2.35019875,-10.6188049,0.55,0.0,-0.05,0.0,0.0,0.0,0.0,0.0,0.0,0.0
31.9463978,DATA,1,0,0,0,0,0.0,0.0,0.5385893,1.71824551,-1.04716325,-7.6586,2.35021639,-10.6087646,0.55,0.0,-0.05,0.0,0.0,0.0,0.0,0.0,0.0,0.0
32.0017433,DATA,1,0,0,0,0,0.0,0.0,0.5387519,1.71824121,-1.047179,-7.652893,2.36590481,-10.653595,0.55,0.0,-0.05,0.0,0.0,0.0,0.0,0.0,0.0,0.0
32.0575,DATA,1,0,0,0,0,0.0,0.0,0.5387996,1.718287,-1.04721808,-7.61495972,2.375111,-10.7136536,0.55,0.0,-0.05,0.0,0.0,0.0,0.0,0.0,0.0,0.0
32.1126823,DATA,1,0,0,0,0,0.0,0.0,0.5387667,1.71830082,-1.0472486,-7.606598,2.37134314,-10.71579,0.55,0.0,-0.05,0.0,0.0,0.0,0.0,0.0,0.0,0.0
32.1679955,DATA,1,0,0,0,0,0.0,0.0,0.538693249,1.71828043,-1.04712081,-7.65448,2.3750515,-10.6549683,0.55,0.0,-0.05,0.0,0.0,0.0,0.0,0.0,0.0,0.0
32.22425,DATA,1,0,0,0,0,0.0,0.0,0.5387185,1.71831989,-1.04721045,-7.639374,2.361327,-10.6488647,0.55,0.0,-0.05,0.0,0.0,0.0,0.0,0.0,0.0,0.0
32.28005,DATA,1,0,0,0,0,0.0,0.0,0.5388258,1.71838951,-1.047323,-7.64059448,2.36265922,-10.679718,0.55,0.0,-0.05,0.0,0.0,0.0,0.0,0.0,0.0,0.0
32.33567,DATA,1,0,0,0,0,0.0,0.0,0.538935,1.71831954,-1.04722285,-7.63830566,2.35582685,-10.693573,0.55,0.0,-0.05,0.0,0.0,0.0,0.0,0.0,0.0,0.0
32.39032,DATA,1,0,0,0,0,0.0,0.0,0.538981736,1.71828711,-1.04735732,-7.66842651,2.35099673,-10.6531982,0.55,0.0,-0.05,0.0,0.0,0.0,0.0,0.0,0.0,0.0
32.4465561,DATA,1,0,0,0,0,0.0,0.0,0.5389703,1.71829,-1.047384,-7.645935,2.36155438,-10.6702576,0.55,0.0,-0.05,0.0,0.0,0.0,0.0,0.0,0.0,0.0
32.5018959,DATA,1,0,0,0,0,0.0,0.0,0.5389736,1.71832335,-1.04716039,-7.663452,2.34892178,-10.6494751,0.55,0.0,-0.05,0.0,0.0,0.0,0.0,0.0,0.0,0.0
32.55764,DATA,1,0,0,0,0,0.0,0.0,0.538925,1.71828413,-1.04717708,-7.65945435,2.35334921,-10.6419067,0.55,0.0,-0.05,0.0,0.0,0.0,0.0,0.0,0.0,0.0
32.6128464,DATA,1,0,0,0,0,0.0,0.0,0.538864434,1.71826541,-1.04709792,-7.643921,2.340052,-10.6347961,0.55,0.0,-0.05,0.0,0.0,0.0,0.0,0.0,0.0,0.0
32.6681137,DATA,1,0,0,0,0,0.0,0.0,0.538695157,1.71829879,-1.04698157,-7.61654663,2.33649945,-10.6665955,0.55,0.0,-0.05,0.0,0.0,0.0,0.0,0.0,0.0,0.0
32.7238159,DATA,1,0,0,0,0,0.0,0.0,0.5386446,1.71826768,-1.0469811,-7.60656738,2.32492661,-10.6122437,0.55,0.0,-0.05,0.0,0.0,0.0,0.0,0.0,0.0,0.0
32.779274,DATA,1,0,0,0,0,0.0,0.0,0.5386813,1.718255,-1.04694247,-7.64337158,2.33342528,-10.603241,0.55,0.0,-0.05,0.0,0.0,0.0,0.0,0.0,0.0,0.0
32.8353157,DATA,1,0,0,0,0,0.0,0.0,0.538804352,1.71832657,-1.04691768,-7.596283,2.32962561,-10.6973572,0.55,0.0,-0.05,0.0,0.0,0.0,0.0,0.0,0.0,0.0
32.8903465,DATA,1,0,0,0,0,0.0,0.0,0.5388244,1.718313,-1.04697633,-7.59170532,2.33623672,-10.6819763,0.55,0.0,-0.05,0.0,0.0,0.0,0.0,0.0,0.0,0.0
32.9465981,DATA,1,0,0,0,0,0.0,0.0,0.538891137,1.718342,-1.04710269,-7.636963,2.33776522,-10.6583252,0.55,0.0,-0.05,0.0,0.0,0.0,0.0,0.0,0.0,0.0
33.0021324,DATA,1,0,0,0,0,0.0,0.0,0.538989365,1.71836448,-1.04717422,-7.63293457,2.33675718,-10.64859,0.55,0.0,-0.05,0.0,0.0,0.0,0.0,0.0,0.0,0.0
33.0576,DATA,1,0,0,0,0,0.0,0.0,0.5389922,1.71841908,-1.04722714,-7.6427,2.33503962,-10.6694336,0.55,0.0,-0.05,0.0,0.0,0.0,0.0,0.0,0.0,0.0
33.1124573,DATA,1,0,0,0,0,0.0,0.0,0.5389245,1.718375,-1.04720044,-7.63806152,2.33236361,-10.6463318,0.55,0.0,-0.05,0.0,0.0,0.0,0.0,0.0,0.0,0.0
33.168148,DATA,1,0,0,0,0,0.0,0.0,0.538857758,1.71837616,-1.04717231,-7.649414,2.33322453,-10.6423645,0.55,0.0,-0.05,0.0,0.0,0.0,0.0,0.0,0.0,0.0
33.2243767,DATA,1,0,0,0,0,0.0,0.0,0.5388954,1.71836662,-1.04698539,-7.632141,2.32719612,-10.6110229,0.55,0.0,-0.05,0.0,0.0,0.0,0.0,0.0,0.0,0.0
33.2791,DATA,1,0,0,0,0,0.0,0.0,0.53892976,1.71828961,-1.04683661,-7.634674,2.3339808,-10.6304626,0.55,0.0,-0.05,0.0,0.0,0.0,0.0,0.0,0.0,0.0
33.3352051,DATA,1,0,0,0,0,0.0,0.0,0.538876355,1.71828008,-1.0467813,-7.61438,2.3314023,-10.6672974,0.55,0.0,-0.05,0.0,0.0,0.0,0.0,0.0,0.0,0.0
33.3905373,DATA,1,0,0,0,0,0.0,0.0,0.5387624,1.718245,-1.04681516,-7.61447144,2.32634187,-10.6124878,0.55,0.0,-0.05,0.0,0.0,0.0,0.0,0.0,0.0,0.0
33.446228,DATA,1,0,0,0,0,0.0,0.0,0.5387805,1.71829653,-1.04683375,-7.62735,2.32637954,-10.6210327,0.55,0.0,-0.05,0.0,0.0,0.0,0.0,0.0,0.0,0.0
33.50219,DATA,1,0,0,0,0,0.0,0.0,0.5389336,1.718281,-1.04686236,-7.598938,2.330767,-10.6581726,0.55,0.0,-0.05,0.0,0.0,0.0,0.0,0.0,0.0,0.0
33.55746,DATA,1,0,0,0,0,0.0,0.0,0.538945,1.71831489,-1.04686332,-7.59335327,2.339354,-10.7037048,0.55,0.0,-0.05,0.0,0.0,0.0,0.0,0.0,0.0,0.0
33.61238,DATA,1,0,0,0,0,0.0,0.0,0.5388177,1.71829176,-1.04675794,-7.59069824,2.33804965,-10.6582336,0.55,0.0,-0.05,0.0,0.0,0.0,0.0,0.0,0.0,0.0
33.6683273,DATA,1,0,0,0,0,0.0,0.0,0.538736641,1.71828771,-1.04663825,-7.589752,2.34243178,-10.6483765,0.55,0.0,-0.05,0.0,0.0,0.0,0.0,0.0,0.0,0.0
33.7240639,DATA,1,0,0,0,0,0.0,0.0,0.538626,1.7182312,-1.04642081,-7.5513,2.34906268,-10.6752319,0.55,0.0,-0.05,0.0,0.0,0.0,0.0,0.0,0.0,0.0
33.7793732,DATA,1,0,0,0,0,0.0,0.0,0.53862983,1.71819186,-1.0462811,-7.53430176,2.334674,-10.7030029,0.55,0.0,-0.05,0.0,0.0,0.0,0.0,0.0,0.0,0.0
33.83499,DATA,1,0,0,0,0,0.0,0.0,0.538561642,1.718169,-1.04626918,-7.544098,2.3251853,-10.700531,0.55,0.0,-0.05,0.0,0.0,0.0,0.0,0.0,0.0,0.0
33.8901634,DATA,1,0,0,0,0,0.0,0.0,0.5384224,1.71806967,-1.04631686,-7.56176758,2.320292,-10.6117249,0.55,0.0,-0.05,0.0,0.0,0.0,0.0,0.0,0.0,0.0
33.9458122,DATA,1,0,0,0,0,0.0,0.0,0.5384005,1.7180407,-1.04644561,-7.61560059,2.31843424,-10.5297852,0.55,0.0,-0.05,0.0,0.0,0.0,0.0,0.0,0.0,0.0
34.00134,DATA,1,0,0,0,0,0.0,0.0,0.5383013,1.71798491,-1.04638171,-7.598297,2.32187319,-10.5089111,0.55,0.0,-0.05,0.0,0.0,0.0,0.0,0.0,0.0,0.0
34.0575333,DATA,1,0,0,0,0,0.0,0.0,0.5383027,1.71799362,-1.04638648,-7.579071,2.33374763,-10.5714417,0.55,0.0,-0.05,0.0,0.0,0.0,0.0,0.0,0.0,0.0
34.11234,DATA,1,0,0,0,0,0.0,0.0,0.538328469,1.717965,-1.04644561,-7.56039429,2.34068012,-10.5596619,0.55,0.0,-0.05,0.0,0.0,0.0,0.0,0.0,0.0,0.0
34.1680069,DATA,1,0,0,0,0,0.0,0.0,0.538390934,1.71794367,-1.04662776,-7.606781,2.327137,-10.5137634,0.55,0.0,-0.05,0.0,0.0,0.0,0.0,0.0,0.0,0.0
34.2230339,DATA,1,0,0,0,0,0.0,0.0,0.53851825,1.71799254,-1.04687667,-7.640381,2.33137131,-10.4823914,0.55,0.0,-0.05,0.0,0.0,0.0,0.0,0.0,0.0,0.0
34.2800179,DATA,1,0,0,0,0,0.0,0.0,0.538698,1.71800673,-1.04694247,-7.644623,2.35390615,-10.5016479,0.55,0.0,-0.05,0.0,0.0,0.0,0.0,0.0,0.0,0.0
34.3351555,DATA,1,0,0,0,0,0.0,0.0,0.539100468,1.718069,-1.04727912,-7.67944336,2.3604517,-10.5614929,0.55,0.0,-0.05,0.0,0.0,0.0,0.0,0.0,0.0,0.0
34.3899841,DATA,1,0,0,0,0,0.0,0.0,0.5389531,1.71806228,-1.04718614,-7.66696167,2.355244,-10.5205688,0.55,0.0,-0.05,0.0,0.0,0.0,0.0,0.0,0.0,0.0
34.4462433,DATA,1,0,0,0,0,0.0,0.0,0.538555443,1.71800828,-1.04692626,-7.661743,2.36577487,-10.4675293,0.55,0.0,-0.05,0.0,0.0,0.0,0.0,0.0,0.0,0.0
34.5012,DATA,1,0,0,0,0,0.0,0.0,0.538159668,1.717908,-1.04660058,-7.64779663,2.34463978,-10.4279175,0.55,0.0,-0.05,0.0,0.0,0.0,0.0,0.0,0.0,0.0
34.5574379,DATA,1,0,0,0,0,0.0,0.0,0.5376509,1.71786177,-1.04634929,-7.624878,2.33531713,-10.3269653,0.55,0.0,-0.05,0.0,0.0,0.0,0.0,0.0,0.0,0.0
34.61256,DATA,1,0,0,0,0,0.0,0.0,0.537288964,1.7177999,-1.0463078,-7.712982,2.32019925,-10.1867065,0.55,0.0,-0.05,0.0,0.0,0.0,0.0,0.0,0.0,0.0
34.6678734,DATA,1,0,0,0,0,0.0,0.0,0.5373872,1.71763849,-1.04640269,-7.74349976,2.31274724,-10.1399231,0.55,0.0,-0.05,0.0,0.0,0.0,0.0,0.0,0.0,0.0
34.72386,DATA,1,0,0,0,0,0.0,0.0,0.5376294,1.71773386,-1.04641652,-7.691559,2.32244515,-10.2565918,0.55,0.0,-0.05,0.0,0.0,0.0,0.0,0.0,0.0,0.0
34.77947,DATA,1,0,0,0,0,0.0,0.0,0.537923634,1.71781015,-1.04663634,-7.69018555,2.327653,-10.3073425,0.55,0.0,-0.05,0.0,0.0,0.0,0.0,0.0,0.0,0.0
34.8358765,DATA,1,0,0,0,0,0.0,0.0,0.538133442,1.71782494,-1.046726,-7.7300415,2.35603547,-10.3158875,0.55,0.0,-0.05,0.0,0.0,0.0,0.0,0.0,0.0,0.0
34.89021,DATA,1,0,0,0,0,0.0,0.0,0.5383037,1.71790636,-1.04687953,-7.726288,2.364037,-10.3877869,0.55,0.0,-0.05,0.0,0.0,0.0,0.0,0.0,0.0,0.0
34.94581,DATA,1,0,0,0,0,0.0,0.0,0.5383604,1.71799326,-1.04684472,-7.69760132,2.36841655,-10.4134827,0.55,0.0,-0.05,0.0,0.0,0.0,0.0,0.0,0.0,0.0
35.0015,DATA,1,0,0,0,0,0.0,0.0,0.5383881,1.71805382,-1.04688382,-7.70455933,2.37268782,-10.4270325,0.55,0.0,-0.05,0.0,0.0,0.0,0.0,0.0,0.0,0.0
35.05684,DATA,1,0,0,0,0,0.0,0.0,0.5384286,1.71809459,-1.04689622,-7.699463,2.36432385,-10.4178772,0.55,0.0,-0.05,0.0,0.0,0.0,0.0,0.0,0.0,0.0
35.1123,DATA,1,0,0,0,0,0.0,0.0,0.538328,1.718034,-1.04679275,-7.71157837,2.358691,-10.391571,0.55,0.0,-0.05,0.0,0.0,0.0,0.0,0.0,0.0,0.0
35.16801,DATA,1,0,0,0,0,0.0,0.0,0.5382455,1.7179985,-1.0467236,-7.717682,2.34783864,-10.3610229,0.55,0.0,-0.05,0.0,0.0,0.0,0.0,0.0,0.0,0.0
35.2236671,DATA,1,0,0,0,0,0.0,0.0,0.5383027,1.71810091,-1.04654288,-7.695648,2.35156345,-10.3873291,0.55,0.0,-0.05,0.0,0.0,0.0,0.0,0.0,0.0,0.0
35.2792,DATA,1,0,0,0,0,0.0,0.0,0.538159668,1.71815622,-1.04653049,-7.67025757,2.35041142,-10.3970337,0.55,0.0,-0.05,0.0,0.0,0.0,0.0,0.0,0.0,0.0
35.33504,DATA,1,0,0,0,0,0.0,0.0,0.538011849,1.71811891,-1.0464747,-7.69802856,2.34597,-10.3327332,0.55,0.0,-0.05,0.0,0.0,0.0,0.0,0.0,0.0,0.0
35.3899651,DATA,1,0,0,0,0,0.0,0.0,0.5379494,1.71806049,-1.046356,-7.69873047,2.34797573,-10.3544006,0.55,0.0,-0.05,0.0,0.0,0.0,0.0,0.0,0.0,0.0
35.4462624,DATA,1,0,0,0,0,0.0,0.0,0.5379761,1.7179873,-1.04630733,-7.66183472,2.3429358,-10.3775635,0.55,0.0,-0.05,0.0,0.0,0.0,0.0,0.0,0.0,0.0
35.5017,DATA,1,0,0,0,0,0.0,0.0,0.5379775,1.71797967,-1.04643464,-7.689789,2.33308244,-10.3280334,0.55,0.0,-0.05,0.0,0.0,0.0,0.0,0.0,0.0,0.0
35.55696,DATA,1,0,0,0,0,0.0,0.0,0.5380233,1.71799552,-1.04661155,-7.70568848,2.33528161,-10.3106384,0.55,0.0,-0.05,0.0,0.0,0.0,0.0,0.0,0.0,0.0
35.6123619,DATA,1,0,0,0,0,0.0,0.0,0.538083851,1.71794939,-1.046716,-7.70709229,2.335613,-10.3211365,0.55,0.0,-0.05,0.0,0.0,0.0,0.0,0.0,0.0,0.0
35.6680145,DATA,1,0,0,0,0,0.0,0.0,0.538132,1.71794665,-1.04677987,-7.715393,2.33353114,-10.3192749,0.55,0.0,-0.05,0.0,0.0,0.0,0.0,0.0,0.0,0.0
35.724102,DATA,1,0,0,0,0,0.0,0.0,0.5381902,1.71792984,-1.04683948,-7.720398,2.34176064,-10.3162537,0.55,0.0,-0.05,0.0,0.0,0.0,0.0,0.0,0.0,0.0
35.77911,DATA,1,0,0,0,0,0.0,0.0,0.538132966,1.71798956,-1.04670978,-7.71359253,2.35037947,-10.3529053,0.55,0.0,-0.05,0.0,0.0,0.0,0.0,0.0,0.0,0.0
35.83467,DATA,1,0,0,0,0,0.0,0.0,0.538077652,1.71798682,-1.04678893,-7.70733643,2.33917928,-10.341217,0.55,0.0,-0.05,0.0,0.0,0.0,0.0,0.0,0.0,0.0
35.890316,DATA,1,0,0,0,0,0.0,0.0,0.5379818,1.71794891,-1.04689145,-7.76239,2.33034182,-10.2647095,0.55,0.0,-0.05,0.0,0.0,0.0,0.0,0.0,0.0,0.0
35.946064,DATA,1,0,0,0,0,0.0,0.0,0.537937462,1.71787357,-1.04678226,-7.7769165,2.34308338,-10.25943,0.55,0.0,-0.05,0.0,0.0,0.0,0.0,0.0,0.0,0.0
36.00154,DATA,1,0,0,0,0,0.0,0.0,0.538001835,1.71782756,-1.04653907,-7.73535156,2.331123,-10.3062134,0.55,0.0,-0.05,0.0,0.0,0.0,0.0,0.0,0.0,0.0
36.0573,DATA,1,0,0,0,0,0.0,0.0,0.537731946,1.71776342,-1.04631877,-7.72283936,2.33435631,-10.2750549,0.55,0.0,-0.05,0.0,0.0,0.0,0.0,0.0,0.0,0.0
36.1124649,DATA,1,0,0,0,0,0.0,0.0,0.5374015,1.71768332,-1.04600883,-7.75231934,2.32300639,-10.1654663,0.55,0.0,-0.05,0.0,0.0,0.0,0.0,0.0,0.0,0.0
36.1678619,DATA,1,0,0,0,0,0.0,0.0,0.5371855,1.717602,-1.04582524,-7.736084,2.328479,-10.1430359,0.55,0.0,-0.05,0.0,0.0,0.0,0.0,0.0,0.0,0.0
36.2239952,DATA,1,0,0,0,0,0.0,0.0,0.53698,1.71760249,-1.04553246,-7.67395,2.32789636,-10.1922913,0.55,0.0,-0.05,0.0,0.0,0.0,0.0,0.0,0.0,0.0
36.2796822,DATA,1,0,0,0,0,0.0,0.0,0.5368975,1.7176671,-1.0456059,-7.63586426,2.31635833,-10.1594849,0.55,0.0,-0.05,0.0,0.0,0.0,0.0,0.0,0.0,0.0
36.33488,DATA,1,0,0,0,0,0.0,0.0,0.537305653,1.71753407,-1.04616237,-7.83724976,2.35355878,-10.1205139,0.55,0.0,-0.05,0.0,0.0,0.0,0.0,0.0,0.0,0.0
36.3900452,DATA,1,0,0,0,0,0.0,0.0,0.5376895,1.71764219,-1.046354,-7.773529,2.358731,-10.24527,0.55,0.0,-0.05,0.0,0.0,0.0,0.0,0.0,0.0,0.0
36.4460831,DATA,1,0,0,0,0,0.0,0.0,0.538131535,1.7177434,-1.04659247,-7.717804,2.36839128,-10.3816223,0.55,0.0,-0.05,0.0,0.0,0.0,0.0,0.0,0.0,0.0
36.501564,DATA,1,0,0,0,0,0.0,0.0,0.5382717,1.71781576,-1.04683709,-7.780121,2.41405463,-10.3809814,0.55,0.0,-0.05,0.0,0.0,0.0,0.0,0.0,0.0,0.0
36.5573463,DATA,1,0,0,0,0,0.0,0.0,0.5381349,1.71784961,-1.046571,-7.80627441,2.39902472,-10.3295288,0.55,0.0,-0.05,0.0,0.0,0.0,0.0,0.0,0.0,0.0
36.6127472,DATA,1,0,0,0,0,0.0,0.0,0.5378292,1.71785176,-1.0463922,-7.73965454,2.3897202,-10.2979736,0.55,0.0,-0.05,0.0,0.0,0.0,0.0,0.0,0.0,0.0
36.6678162,DATA,1,0,0,0,0,0.0,0.0,0.537568867,1.71779311,-1.04626632,-7.76483154,2.384038,-10.2191162,0.55,0.0,-0.05,0.0,0.0,0.0,0.0,0.0,0.0,0.0
36.7241669,DATA,1,0,0,0,0,0.0,0.0,0.5372632,1.71777272,-1.045984,-7.76501465,2.36908746,-10.1673279,0.55,0.0,-0.05,0.0,0.0,0.0,0.0,0.0,0.0,0.0
36.77973,DATA,1,0,0,0,0,0.0,0.0,0.5372017,1.717749,-1.04604411,-7.7645874,2.351915,-10.1641846,0.55,0.0,-0.05,0.0,0.0,0.0,0.0,0.0,0.0,0.0
36.8351746,DATA,1,0,0,0,0,0.0,0.0,0.5371235,1.71768153,-1.04614091,-7.77615356,2.3541224,-10.1340942,0.55,0.0,-0.05,0.0,0.0,0.0,0.0,0.0,0.0,0.0
36.8900146,DATA,1,0,0,0,0,0.0,0.0,0.537106335,1.71757686,-1.046066,-7.79354858,2.355642,-10.1177063,0.55,0.0,-0.05,0.0,0.0,0.0,0.0,0.0,0.0,0.0
36.94586,DATA,1,0,0,0,0,0.0,0.0,0.537157834,1.71757317,-1.04623485,-7.771393,2.36212349,-10.1413879,0.55,0.0,-0.05,0.0,0.0,0.0,0.0,0.0,0.0,0.0
37.00174,DATA,1,0,0,0,0,0.0,0.0,0.537236035,1.71755278,-1.04646564,-7.79785156,2.381456,-10.1359558,0.55,0.0,-0.05,0.0,0.0,0.0,0.0,0.0,0.0,0.0
37.0572624,DATA,1,0,0,0,0,0.0,0.0,0.537402451,1.71752954,-1.04642463,-7.81646729,2.38467455,-10.1513062,0.55,0.0,-0.05,0.0,0.0,0.0,0.0,0.0,0.0,0.0
37.11213,DATA,1,0,0,0,0,0.0,0.0,0.5375264,1.71758723,-1.04648566,-7.804474,2.38708,-10.2050476,0.55,0.0,-0.05,0.0,0.0,0.0,0.0,0.0,0.0,0.0
37.1675873,DATA,1,0,0,0,0,0.0,0.0,0.53759414,1.71756232,-1.04660058,-7.7789,2.38743258,-10.2325134,0.55,0.0,-0.05,0.0,0.0,0.0,0.0,0.0,0.0,0.0
37.2238426,DATA,1,0,0,0,0,0.0,0.0,0.537359536,1.71757519,-1.04651809,-7.77822876,2.37556028,-10.2007141,0.55,0.0,-0.05,0.0,0.0,0.0,0.0,0.0,0.0,0.0
37.27937,DATA,1,0,0,0,0,0.0,0.0,0.5373085,1.7175312,-1.04640651,-7.782776,2.36983919,-10.1687317,0.55,0.0,-0.05,0.0,0.0,0.0,0.0,0.0,0.0,0.0
37.3351479,DATA,1,0,0,0,0,0.0,0.0,0.53735,1.71754408,-1.04639268,-7.764374,2.37220645,-10.1974487,0.55,0.0,-0.05,0.0,0.0,0.0,0.0,0.0,0.0,0.0
37.3901443,DATA,1,0,0,0,0,0.0,0.0,0.5374177,1.71756423,-1.046385,-7.7361145,2.37294626,-10.2408447,0.55,0.0,-0.05,0.0,0.0,0.0,0.0,0.0,0.0,0.0
37.44592,DATA,1,0,0,0,0,0.0,0.0,0.537480652,1.717523,-1.04646277,-7.75921631,2.36305928,-10.2012634,0.55,0.0,-0.05,0.0,0.0,0.0,0.0,0.0,0.0,0.0
37.5014839,DATA,1,0,0,0,0,0.0,0.0,0.5375331,1.717553,-1.04647708,-7.76306152,2.36824632,-10.2123413,0.55,0.0,-0.05,0.0,0.0,0.0,0.0,0.0,0.0,0.0
37.55731,DATA,1,0,0,0,0,0.0,0.0,0.5376256,1.71759307,-1.04651237,-7.742157,2.36362,-10.2536621,0.55,0.0,-0.05,0.0,0.0,0.0,0.0,0.0,0.0,0.0
37.61223,DATA,1,0,0,0,0,0.0,0.0,0.5377138,1.71762586,-1.04656,-7.73416138,2.36397386,-10.254303,0.55,0.0,-0.05,0.0,0.0,0.0,0.0,0.0,0.0,0.0
37.6677,DATA,1,0,0,0,0,0.0,0.0,0.5377677,1.71764374,-1.04648566,-7.761688,2.36023116,-10.2512207,0.55,0.0,-0.05,0.0,0.0,0.0,0.0,0.0,0.0,0.0
37.7245827,DATA,1,0,0,0,0,0.0,0.0,0.537840664,1.717669,-1.04645419,-7.72302246,2.35515451,-10.3097839,0.55,0.0,-0.05,0.0,0.0,0.0,0.0,0.0,0.0,0.0
37.7794,DATA,1,0,0,0,0,0.0,0.0,0.537812531,1.71764767,-1.04627967,-7.68829346,2.33677053,-10.3070374,0.55,0.0,-0.05,0.0,0.0,0.0,0.0,0.0,0.0,0.0
37.834877,DATA,1,0,0,0,0,0.0,0.0,0.5376714,1.71746171,-1.0458858,-7.67843628,2.3072238,-10.20993,0.55,0.0,-0.05,0.0,0.0,0.0,0.0,0.0,0.0,0.0
37.8897972,DATA,1,0,0,0,0,0.0,0.0,0.5374482,1.71748376,-1.04558349,-7.537964,2.25126362,-10.184906,0.55,0.0,-0.05,0.0,0.0,0.0,0.0,0.0,0.0,0.0
37.9458122,DATA,1,0,0,0,0,0.0,0.0,0.537365258,1.71719408,-1.04580522,-7.59787,2.198123,-10.1423035,0.55,0.0,-0.05,0.0,0.0,0.0,0.0,0.0,0.0,0.0
38.0013,DATA,1,0,0,0,0,0.0,0.0,0.5373753,1.7172513,-1.04610515,-7.846863,2.23523617,-10.108551,0.55,0.0,-0.05,0.0,0.0,0.0,0.0,0.0,0.0,0.0
38.05725,DATA,1,0,0,0,0,0.0,0.0,0.5374606,1.71720648,-1.04618335,-7.839447,2.21865034,-10.1225891,0.55,0.0,-0.05,0.0,0.0,0.0,0.0,0.0,0.0,0.0
38.1122169,DATA,1,0,0,0,0,0.0,0.0,0.537281334,1.71722341,-1.04588771,-7.702881,2.222635,-10.1367493,0.55,0.0,-0.05,0.0,0.0,0.0,0.0,0.0,0.0,0.0
38.1671333,DATA,1,0,0,0,0,0.0,0.0,0.537019551,1.71727014,-1.045603,-7.68695068,2.24596381,-10.10965,0.55,0.0,-0.05,0.0,0.0,0.0,0.0,0.0,0.0,0.0
38.2233162,DATA,1,0,0,0,0,0.0,0.0,0.5367349,1.71721613,-1.04579425,-7.772766,2.222772,-10.0117188,0.55,0.0,-0.05,0.0,0.0,0.0,0.0,0.0,0.0,0.0
38.2794,DATA,1,0,0,0,0,0.0,0.0,0.5365456,1.71720326,-1.04594827,-7.866272,2.20565176,-9.854553,0.55,0.0,-0.05,0.0,0.0,0.0,0.0,0.0,0.0,0.0
38.33451,DATA,1,0,0,0,0,0.0,0.0,0.536543667,1.71733677,-1.04601836,-8.077057,2.263556,-9.68631,0.55,0.0,-0.05,0.0,0.0,0.0,0.0,0.0,0.0,0.0
38.3896866,DATA,1,0,0,0,0,0.0,0.0,0.536362946,1.71705556,-1.04621387,-8.159302,2.2717495,-9.530609,0.55,0.0,-0.05,0.0,0.0,0.0,0.0,0.0,0.0,0.0
38.44603,DATA,1,0,0,0,0,0.0,0.0,0.535810769,1.71673155,-1.04587913,-7.818817,2.08000159,-9.156311,0.55,0.0,-0.05,0.0,0.0,0.0,0.0,0.0,0.0,0.0
38.5011063,DATA,1,0,0,0,0,0.0,0.0,0.5356968,1.71850514,-1.0441196,-5.91653442,1.729469,-9.668488,0.55,0.0,-0.05,0.0,0.0,0.0,0.0,0.0,0.0,0.0
38.55727,DATA,1,0,0,0,0,0.0,0.0,0.5367587,1.72000706,-1.0434463,-4.65744,1.39164734,-10.9416809,0.55,0.0,-0.05,0.0,0.0,0.0,0.0,0.0,0.0,0.0
38.6118431,DATA,1,0,0,0,0,0.0,0.0,0.538667,1.723173,-1.04194522,-1.861023,1.709856,-13.1921692,0.55,0.0,-0.05,0.0,0.0,0.0,0.0,0.0,0.0,0.0
38.6671638,DATA,1,0,0,0,0,0.0,0.0,0.5409344,1.72848535,-1.04079413,1.71292782,1.99093509,-14.9491272,0.55,0.0,-0.05,0.0,0.0,0.0,0.0,0.0,0.0,0.0
38.7230148,DATA,1,0,0,0,0,0.0,0.0,0.5439494,1.73489189,-1.03903842,6.84424067,1.620189,-16.7591858,0.55,0.0,-0.05,0.0,0.0,0.0,0.0,0.0,0.0,0.0
38.777832,DATA,1,0,0,0,0,0.0,0.0,0.5488885,1.7428441,-1.03806615,14.9035177,-0.9677124,-18.1307678,0.55,0.0,-0.05,0.0,0.0,0.0,0.0,0.0,0.0,0.0
38.83262,DATA,1,0,0,0,0,0.0,0.0,0.5524309,1.748158,-1.03895354,18.0472431,-3.192627,-20.622467,0.55,0.0,-0.05,0.0,0.0,0.0,0.0,0.0,0.0,0.0
38.88778,DATA,1,0,0,0,0,0.0,0.0,0.5525959,1.75189471,-1.04132533,21.10954,-5.14813232,-23.7566223,0.55,0.0,-0.05,0.0,0.0,0.0,0.0,0.0,0.0,0.0
38.9433,DATA,1,0,0,0,0,0.0,0.0,0.5516489,1.75646448,-1.044761,25.0945454,-6.67688,-26.87497,0.55,0.0,-0.05,0.0,0.0,0.0,0.0,0.0,0.0,0.0
38.99848,DATA,1,0,0,0,0,0.0,0.0,0.5499409,1.76206851,-1.04961848,25.2232761,-7.540283,-27.31903,0.55,0.0,-0.05,0.0,0.0,0.0,0.0,0.0,0.0,0.0
39.0532951,DATA,1,0,0,0,0,0.0,0.0,0.5475982,1.7713145,-1.05644774,23.8734856,-8.355286,-26.5604858,0.55,0.0,-0.05,0.0,0.0,0.0,0.0,0.0,0.0,0.0
39.1095047,DATA,1,0,0,0,0,0.0,0.0,0.5449007,1.78534329,-1.06554484,23.5249176,-9.882996,-26.0757751,0.55,0.0,-0.05,0.0,0.0,0.0,0.0,0.0,0.0,0.0
39.16584,DATA,1,0,0,0,0,0.0,0.0,0.541159,1.80581307,-1.07691932,26.4957314,-12.7895508,-27.2280579,0.55,0.0,-0.05,0.0,0.0,0.0,0.0,0.0,0.0,0.0
39.2214775,DATA,1,0,0,0,0,0.0,0.0,0.5374568,1.83083963,-1.0877955,30.7992287,-16.2609558,-30.0604553,0.55,0.0,-0.05,0.0,0.0,0.0,0.0,0.0,0.0,0.0
39.2771072,DATA,1,0,0,0,0,0.0,0.0,0.5343159,1.85871458,-1.0965879,36.47923,-22.3630981,-35.12378,0.55,0.0,-0.05,0.0,0.0,0.0,0.0,0.0,0.0,0.0
39.33286,DATA,1,0,0,0,0,0.0,0.0,0.529480755,1.88706112,-1.10177493,42.2363129,-30.6181946,-42.2297363,0.55,0.0,-0.05,0.0,0.0,0.0,0.0,0.0,0.0,0.0
39.38832,DATA,1,0,0,0,0,0.0,0.0,0.5249689,1.91372311,-1.10496879,49.1499367,-43.04486,-51.9680176,0.55,0.0,-0.05,0.0,0.0,0.0,0.0,0.0,0.0,0.0
39.4448662,DATA,1,0,0,0,0,0.0,0.0,0.523623765,1.93629777,-1.10522056,47.95736,-48.97873,-57.6930847,0.55,0.0,-0.05,0.0,0.0,0.0,0.0,0.0,0.0,0.0
39.50084,DATA,1,0,0,0,0,0.0,0.0,0.5208958,1.95526123,-1.10336757,49.7898254,-51.9349976,-60.4506226,0.55,0.0,-0.05,0.0,0.0,0.0,0.0,0.0,0.0,0.0
39.556488,DATA,1,0,0,0,0,0.0,0.0,0.516842663,1.97577,-1.09985948,55.33236,-54.20221,-63.4815369,0.55,0.0,-0.05,0.0,0.0,0.0,0.0,0.0,0.0,0.0
39.6117439,DATA,1,0,0,0,0,0.0,0.0,0.5097106,1.99499559,-1.09743285,61.69962,-54.4674377,-64.41919,0.55,0.0,-0.05,0.0,0.0,0.0,0.0,0.0,0.0,0.0
39.6674957,DATA,1,0,0,0,0,0.0,0.0,0.504696667,2.013979,-1.09264255,66.53765,-57.6659241,-65.730835,0.55,0.0,-0.05,0.0,0.0,0.0,0.0,0.0,0.0,0.0
39.72416,DATA,1,0,0,0,0,0.0,0.0,0.497847855,2.0355773,-1.08995509,71.02953,-54.91028,-60.93634,0.55,0.0,-0.05,0.0,0.0,0.0,0.0,0.0,0.0,0.0
39.7787933,DATA,1,0,0,0,0,0.0,0.0,0.491058648,2.05842257,-1.09310651,73.62091,-42.2997131,-47.1487122,0.55,0.0,-0.05,0.0,0.0,0.0,0.0,0.0,0.0,0.0
39.83443,DATA,1,0,0,0,0,0.0,0.0,0.488725,2.08015251,-1.10099626,71.8313,-30.80722,-33.8622742,0.55,0.0,-0.05,0.0,0.0,0.0,0.0,0.0,0.0,0.0
39.8894272,DATA,1,0,0,0,0,0.0,0.0,0.4893654,2.0993104,-1.112479,67.07694,-22.120697,-22.8682556,0.55,0.0,-0.05,0.0,0.0,0.0,0.0,0.0,0.0,0.0
39.9452438,DATA,1,0,0,0,0,0.0,0.0,0.492915928,2.11493921,-1.12494063,60.95414,-19.0737,-17.5422363,0.55,0.0,-0.05,0.0,0.0,0.0,0.0,0.0,0.0,0.0
40.00053,DATA,1,0,0,0,0,0.0,0.0,0.4977725,2.12885141,-1.13547921,56.8908844,-18.0993958,-14.5157776,0.55,0.0,-0.05,0.0,0.0,0.0,0.0,0.0,0.0,0.0
40.0563164,DATA,1,0,0,0,0,0.0,0.0,0.5019396,2.14065027,-1.14314723,54.15089,-16.1478882,-10.8783569,0.55,0.0,-0.05,0.0,0.0,0.0,0.0,0.0,0.0,0.0
40.1112823,DATA,1,0,0,0,0,0.0,0.0,0.5051568,2.14997387,-1.14838672,51.82987,-13.6457825,-7.591522,0.55,0.0,-0.05,0.0,0.0,0.0,0.0,0.0,0.0,0.0
40.16735,DATA,1,0,0,0,0,0.0,0.0,0.5081199,2.15889668,-1.15191913,51.3389,-11.8789978,-6.32562256,0.55,0.0,-0.05,0.0,0.0,0.0,0.0,0.0,0.0,0.0
40.22221,DATA,1,0,0,0,0,0.0,0.0,0.5099376,2.16615486,-1.15695548,49.90597,-10.0126953,-5.15109253,0.55,0.0,-0.05,0.0,0.0,0.0,0.0,0.0,0.0,0.0
40.27861,DATA,1,0,0,0,0,0.0,0.0,0.5110181,2.171316,-1.16404033,47.3711166,-8.742859,-4.15344238,0.55,0.0,-0.05,0.0,0.0,0.0,0.0,0.0,0.0,0.0
40.33412,DATA,1,0,0,0,0,0.0,0.0,0.5120147,2.17496037,-1.17020345,45.13395,-8.635162,-3.34860229,0.55,0.0,-0.05,0.0,0.0,0.0,0.0,0.0,0.0,0.0
40.3894043,DATA,1,0,0,0,0,0.0,0.0,0.5135854,2.17819071,-1.17550063,43.1787,-8.68512,-2.944397,0.55,0.0,-0.05,0.0,0.0,0.0,0.0,0.0,0.0,0.0
40.4452553,DATA,1,0,0,0,0,0.0,0.0,0.5142935,2.181211,-1.17781711,41.9855881,-8.55365,-2.82595825,0.55,0.0,-0.05,0.0,0.0,0.0,0.0,0.0,0.0,0.0
40.500576,DATA,1,0,0,0,0,0.0,0.0,0.5145214,2.183561,-1.179074,41.0438538,-8.925873,-2.329895,0.55,0.0,-0.05,0.0,0.0,0.0,0.0,0.0,0.0,0.0
40.55687,DATA,1,0,0,0,0,0.0,0.0,0.5148271,2.184745,-1.18162417,40.0359573,-9.336243,-1.90939331,0.55,0.0,-0.05,0.0,0.0,0.0,0.0,0.0,0.0,0.0
40.61174,DATA,1,0,0,0,0,0.0,0.0,0.514582932,2.18562126,-1.18393779,39.164032,-9.427032,-1.96847534,0.55,0.0,-0.05,0.0,0.0,0.0,0.0,0.0,0.0,0.0
40.6677322,DATA,1,0,0,0,0,0.0,0.0,0.5150569,2.186531,-1.18540215,38.80772,-9.550079,-2.28955078,0.55,0.0,-0.05,0.0,0.0,0.0,0.0,0.0,0.0,0.0
40.72348,DATA,1,0,0,0,0,0.0,0.0,0.5152672,2.18655729,-1.18660235,38.3615341,-9.485779,-2.37915039,0.55,0.0,-0.05,0.0,0.0,0.0,0.0,0.0,0.0,0.0
40.7791328,DATA,1,0,0,0,0,0.0,0.0,0.5156844,2.186085,-1.18753028,38.07163,-9.727936,-2.98126221,0.55,0.0,-0.05,0.0,0.0,0.0,0.0,0.0,0.0,0.0
40.8344727,DATA,1,0,0,0,0,0.0,0.0,0.5160993,2.18569446,-1.188318,38.3313866,-9.690308,-2.9793396,0.55,0.0,-0.05,0.0,0.0,0.0,0.0,0.0,0.0,0.0
40.8898163,DATA,1,0,0,0,0,0.0,0.0,0.5163043,2.18531251,-1.18874335,38.3777428,-9.900604,-2.94989014,0.55,0.0,-0.05,0.0,0.0,0.0,0.0,0.0,0.0,0.0
40.9456558,DATA,1,0,0,0,0,0.0,0.0,0.5162323,2.185524,-1.1887362,38.29135,-10.2084961,-2.80163574,0.55,0.0,-0.05,0.0,0.0,0.0,0.0,0.0,0.0,0.0
41.0021477,DATA,1,0,0,0,0,0.0,0.0,0.5316363,2.186449,-1.18927419,38.0060921,-10.8304749,-2.43786621,0.55,0.0,-0.05,-0.7826843,0.0,0.0,0.0,0.0,0.0,0.0
41.0566254,DATA,1,0,0,0,0,0.0,0.0,0.531517148,2.187262,-1.18980324,37.4786568,-10.6829224,-2.08007813,0.55,0.0,-0.05,-0.7826843,0.0,0.0,0.0,0.0,0.0,0.0
41.1120148,DATA,1,0,0,0,0,0.0,0.0,0.531690061,2.18784666,-1.18996155,36.7565041,-10.7774048,-2.13485718,0.55,0.0,-0.05,-0.7826843,0.0,0.0,0.0,0.0,0.0,0.0
41.167675,DATA,1,0,0,0,0,0.0,0.0,0.5315332,2.18834925,-1.189824,36.310257,-10.7447815,-1.96353149,0.55,0.0,-0.05,-0.7826843,0.0,0.0,0.0,0.0,0.0,0.0
41.22338,DATA,1,0,0,0,0,0.0,0.0,0.531958759,2.18816328,-1.18976855,36.27398,-10.7129211,-1.96575928,0.55,0.0,-0.05,-0.7826843,0.0,0.0,0.0,0.0,0.0,0.0
41.2792664,DATA,1,0,0,0,0,0.0,0.0,0.531979144,2.18758774,-1.19049215,36.5632172,-10.5882874,-1.95462036,0.55,0.0,-0.05,-0.7826843,0.0,0.0,0.0,0.0,0.0,0.0
41.3347473,DATA,1,0,0,0,0,0.0,0.0,0.5323361,2.186635,-1.190721,36.8776779,-10.5197754,-1.92684937,0.55,0.0,-0.05,-0.7826843,0.0,0.0,0.0,0.0,0.0,0.0
41.38977,DATA,1,0,0,0,0,0.0,0.0,0.5322063,2.18617988,-1.19141,37.0961342,-10.50769,-1.86584473,0.55,0.0,-0.05,-0.7826843,0.0,0.0,0.0,0.0,0.0,0.0
41.44537,DATA,1,0,0,0,0,0.0,0.0,0.532236934,2.18619823,-1.19155788,37.0930252,-10.5630493,-1.81207275,0.55,0.0,-0.05,-0.7826843,0.0,0.0,0.0,0.0,0.0,0.0
41.5012131,DATA,1,0,0,0,0,0.0,0.0,0.5322633,2.18643212,-1.19170916,37.0567665,-10.59613,-1.70388794,0.55,0.0,-0.05,-0.7826843,0.0,0.0,0.0,0.0,0.0,0.0
41.5570145,DATA,1,0,0,0,0,0.0,0.0,0.53218,2.18680787,-1.19207072,37.00892,-10.6412964,-1.67822266,0.55,0.0,-0.05,-0.7826843,0.0,0.0,0.0,0.0,0.0,0.0
41.6121674,DATA,1,0,0,0,0,0.0,0.0,0.532119453,2.18702435,-1.19249129,36.8788338,-10.7161255,-1.63787842,0.55,0.0,-0.05,-0.7826843,0.0,0.0,0.0,0.0,0.0,0.0
41.6678,DATA,1,0,0,0,0,0.0,0.0,0.5319943,2.18729734,-1.19320548,36.63711,-10.8011475,-1.727478,0.55,0.0,-0.05,-0.7826843,0.0,0.0,0.0,0.0,0.0,0.0
41.72374,DATA,1,0,0,0,0,0.0,0.0,0.5319299,2.18773174,-1.19366121,36.2113075,-10.914978,-1.82827759,0.55,0.0,-0.05,-0.7826843,0.0,0.0,0.0,0.0,0.0,0.0
41.7790756,DATA,1,0,0,0,0,0.0,0.0,0.531813264,2.188398,-1.19433761,35.571846,-11.0350342,-1.800415,0.55,0.0,-0.05,-0.7826843,0.0,0.0,0.0,0.0,0.0,0.0
41.8347778,DATA,1,0,0,0,0,0.0,0.0,0.5317132,2.18932343,-1.19469285,34.86778,-11.08844,-1.72518921,0.55,0.0,-0.05,-0.7826843,0.0,0.0,0.0,0.0,0.0,0.0
41.8897247,DATA,1,0,0,0,0,0.0,0.0,0.5317306,2.19033146,-1.19561541,34.1198769,-10.8883057,-1.41033936,0.55,0.0,-0.05,-0.7826843,0.0,0.0,0.0,0.0,0.0,0.0
41.9450035,DATA,1,0,0,0,0,0.0,0.0,0.5317902,2.19108081,-1.19669759,33.3398552,-10.7079773,-1.42901611,0.55,0.0,-0.05,-0.7826843,0.0,0.0,0.0,0.0,0.0,0.0
42.00091,DATA,1,0,0,0,0,0.0,0.0,0.5319024,2.19149184,-1.19771755,32.8505974,-10.7870178,-1.45632935,0.55,0.0,-0.05,-0.7826843,0.0,0.0,0.0,0.0,0.0,0.0
42.0565453,DATA,1,0,0,0,0,0.0,0.0,0.5320357,2.19170642,-1.1983676,32.4995346,-10.842804,-1.50158691,0.55,0.0,-0.05,-0.7826843,0.0,0.0,0.0,0.0,0.0,0.0
42.1122437,DATA,1,0,0,0,0,0.0,0.0,0.532193065,2.1917913,-1.19941652,32.3071,-10.8275757,-1.48748779,0.55,0.0,-0.05,-0.7826843,0.0,0.0,0.0,0.0,0.0,0.0
42.1674538,DATA,1,0,0,0,0,0.0,0.0,0.532443941,2.19191623,-1.20004344,32.1377068,-10.9117737,-1.56469727,0.55,0.0,-0.05,-0.7826843,0.0,0.0,0.0,0.0,0.0,0.0
42.223587,DATA,1,0,0,0,0,0.0,0.0,0.532605767,2.19187546,-1.20075417,32.0323029,-10.99411,-1.60714722,0.55,0.0,-0.05,-0.7826843,0.0,0.0,0.0,0.0,0.0,0.0
42.27917,DATA,1,0,0,0,0,0.0,0.0,0.5329281,2.19183445,-1.20134878,31.9512711,-10.986969,-1.59912109,0.55,0.0,-0.05,-0.7826843,0.0,0.0,0.0,0.0,0.0,0.0
42.3345222,DATA,1,0,0,0,0,0.0,0.0,0.5333369,2.19189858,-1.2017386,31.980011,-10.9491272,-1.609436,0.55,0.0,-0.05,-0.7826843,0.0,0.0,0.0,0.0,0.0,0.0
42.3901,DATA,1,0,0,0,0,0.0,0.0,0.533633769,2.19200516,-1.20213985,31.966898,-11.0466919,-1.69506836,0.55,0.0,-0.05,-0.7826843,0.0,0.0,0.0,0.0,0.0,0.0
42.44531,DATA,1,0,0,0,0,0.0,0.0,0.5338711,2.1920495,-1.202479,31.8966484,-11.1136475,-1.62576294,0.55,0.0,-0.05,-0.7826843,0.0,0.0,0.0,0.0,0.0,0.0
42.50288,DATA,1,0,0,0,0,0.0,0.0,0.533925056,2.19191813,-1.20303953,31.9625511,-11.0572815,-1.52539063,0.55,0.0,-0.05,-0.7826843,0.0,0.0,0.0,0.0,0.0,0.0
42.5537949,DATA,1,0,0,0,0,0.0,0.0,0.5343698,2.19169712,-1.20337772,32.0378761,-10.9526978,-1.57150269,0.55,0.0,-0.05,-0.7826843,0.0,0.0,0.0,0.0,0.0,0.0
42.6096268,DATA,1,0,0,0,0,0.0,0.0,0.534656,2.19135141,-1.20373106,32.1105,-10.9028015,-1.67752075,0.55,0.0,-0.05,-0.7826843,0.0,0.0,0.0,0.0,0.0,0.0
42.6648827,DATA,1,0,0,0,0,0.0,0.0,0.5347178,2.19136667,-1.2036835,32.1032639,-10.9415283,-1.64953613,0.55,0.0,-0.05,-0.7826843,0.0,0.0,0.0,0.0,0.0,0.0
42.7204971,DATA,1,0,0,0,0,0.0,0.0,0.5343819,2.19126821,-1.20398378,32.13528,-10.9636841,-1.57583618,0.55,0.0,-0.05,-0.7826843,0.0,0.0,0.0,0.0,0.0,0.0
42.77676,DATA,1,0,0,0,0,0.0,0.0,0.534213245,2.19131613,-1.20395839,32.2386475,-10.9341125,-1.48199463,0.55,0.0,-0.05,-0.7826843,0.0,0.0,0.0,0.0,0.0,0.0
42.8316536,DATA,1,0,0,0,0,0.0,0.0,0.5340031,2.191185,-1.20386589,32.2544022,-10.9367371,-1.4039917,0.55,0.0,-0.05,-0.7826843,0.0,0.0,0.0,0.0,0.0,0.0
42.887455,DATA,1,0,0,0,0,0.0,0.0,0.533795536,2.191126,-1.20386016,32.2824,-10.9370117,-1.35961914,0.55,0.0,-0.05,-0.7826843,0.0,0.0,0.0,0.0,0.0,0.0
42.94295,DATA,1,0,0,0,0,0.0,0.0,0.5335309,2.191022,-1.20389664,32.30399,-10.9388428,-1.28540039,0.55,0.0,-0.05,-0.7826843,0.0,0.0,0.0,0.0,0.0,0.0
42.9990158,DATA,1,0,0,0,0,0.0,0.0,0.533371449,2.1911943,-1.20391977,32.2427673,-10.9231262,-1.20874023,0.55,0.0,-0.05,-0.7826843,0.0,0.0,0.0,0.0,0.0,0.0
43.0548553,DATA,1,0,0,0,0,0.0,0.0,0.5331905,2.191444,-1.20400763,32.0608826,-10.9565735,-1.18191528,0.55,0.0,-0.05,-0.7826843,0.0,0.0,0.0,0.0,0.0,0.0
43.11055,DATA,1,0,0,0,0,0.0,0.0,0.533062458,2.1917305,-1.2042011,31.9383888,-10.9522705,-1.12088013,0.55,0.0,-0.05,-0.7826843,0.0,0.0,0.0,0.0,0.0,0.0
43.1662636,DATA,1,0,0,0,0,0.0,0.0,0.533032238,2.191888,-1.20439553,31.8782,-10.9710083,-1.11724854,0.55,0.0,-0.05,-0.7826843,0.0,0.0,0.0,0.0,0.0,0.0
43.2214241,DATA,1,0,0,0,0,0.0,0.0,0.5328677,2.19196033,-1.204747,31.88122,-10.9543152,-1.05096436,0.55,0.0,-0.05,-0.7826843,0.0,0.0,0.0,0.0,0.0,0.0
43.2772636,DATA,1,0,0,0,0,0.0,0.0,0.5328681,2.19191623,-1.20487714,31.93526,-10.9515991,-0.941589355,0.55,0.0,-0.05,-0.7826843,0.0,0.0,0.0,0.0,0.0,0.0
43.33237,DATA,1,0,0,0,0,0.0,0.0,0.532951057,2.191832,-1.20515537,31.9944744,-10.8869629,-0.9349365,0.55,0.0,-0.05,-0.7826843,0.0,0.0,0.0,0.0,0.0,0.0
43.3877563,DATA,1,0,0,0,0,0.0,0.0,0.533156455,2.19185066,-1.20535672,31.9931126,-10.8161316,-0.952148438,0.55,0.0,-0.05,-0.7826843,0.0,0.0,0.0,0.0,0.0,0.0
43.4438324,DATA,1,0,0,0,0,0.0,0.0,0.5330804,2.19191837,-1.20547986,31.9712925,-10.8733215,-0.920593262,0.55,0.0,-0.05,-0.7826843,0.0,0.0,0.0,0.0,0.0,0.0
43.4996338,DATA,1,0,0,0,0,0.0,0.0,0.5330363,2.19206452,-1.20539129,31.9587364,-11.0783081,-0.9246521,0.55,0.0,-0.05,-0.7826843,0.0,0.0,0.0,0.0,0.0,0.0
43.55501,DATA,1,0,0,0,0,0.0,0.0,0.5331059,2.19181418,-1.20535743,31.9291573,-11.2916565,-1.09609985,0.55,0.0,-0.05,-0.7826843,0.0,0.0,0.0,0.0,0.0,0.0
43.61021,DATA,1,0,0,0,0,0.0,0.0,0.533344448,2.1914928,-1.2050842,32.04785,-11.2992249,-1.1897583,0.55,0.0,-0.05,-0.7826843,0.0,0.0,0.0,0.0,0.0,0.0
43.6658936,DATA,1,0,0,0,0,0.0,0.0,0.5336239,2.19102359,-1.2047323,32.192234,-11.2194519,-1.25527954,0.55,0.0,-0.05,-0.7826843,0.0,0.0,0.0,0.0,0.0,0.0
43.72134,DATA,1,0,0,0,0,0.0,0.0,0.5337774,2.190755,-1.20441639,32.3211479,-11.1217957,-1.23336792,0.55,0.0,-0.05,-0.7826843,0.0,0.0,0.0,0.0,0.0,0.0
43.77717,DATA,1,0,0,0,0,0.0,0.0,0.533777,2.19068336,-1.20424569,32.3876152,-11.0672607,-1.168457,0.55,0.0,-0.05,-0.7826843,0.0,0.0,0.0,0.0,0.0,0.0
43.8324165,DATA,1,0,0,0,0,0.0,0.0,0.533682644,2.19064331,-1.2040782,32.3795967,-11.1646118,-1.15612793,0.55,0.0,-0.05,-0.7826843,0.0,0.0,0.0,0.0,0.0,0.0
43.8876152,DATA,1,0,0,0,0,0.0,0.0,0.533580363,2.1906476,-1.20395458,32.4100456,-11.1917725,-1.15893555,0.55,0.0,-0.05,-0.7826843,0.0,0.0,0.0,0.0,0.0,0.0
43.9440651,DATA,1,0,0,0,0,0.0,0.0,0.533484161,2.190361,-1.20417285,32.47038,-11.21048,-1.18554688,0.55,0.0,-0.05,-0.7826843,0.0,0.0,0.0,0.0,0.0,0.0
43.9996147,DATA,1,0,0,0,0,0.0,0.0,0.533374369,2.19012475,-1.20434225,32.5710526,-11.2179871,-1.1585083,0.55,0.0,-0.05,-0.7826843,0.0,0.0,0.0,0.0,0.0,0.0
44.05483,DATA,1,0,0,0,0,0.0,0.0,0.5328775,2.19020367,-1.20465994,32.5731621,-11.2235107,-1.0607605,0.55,0.0,-0.05,-0.7826843,0.0,0.0,0.0,0.0,0.0,0.0
44.1100044,DATA,1,0,0,0,0,0.0,0.0,0.5325137,2.19059038,-1.20476747,32.37581,-11.1688843,-0.854064941,0.55,0.0,-0.05,-0.7826843,0.0,0.0,0.0,0.0,0.0,0.0
44.16604,DATA,1,0,0,0,0,0.0,0.0,0.5322519,2.191211,-1.20490932,31.9511814,-10.8815918,-0.463287354,0.55,0.0,-0.05,-0.7826843,0.0,0.0,0.0,0.0,0.0,0.0
44.22128,DATA,1,0,0,0,0,0.0,0.0,0.5323234,2.19206548,-1.2049427,31.3570366,-10.35788,-0.143096924,0.55,0.0,-0.05,-0.7826843,0.0,0.0,0.0,0.0,0.0,0.0
44.27738,DATA,1,0,0,0,0,0.0,0.0,0.532577932,2.19274235,-1.2053169,30.79741,-9.818787,0.118032128,0.55,0.0,-0.05,-0.7826843,0.0,0.0,0.0,0.0,0.0,0.0
44.3324127,DATA,1,0,0,0,0,0.0,0.0,0.533042431,2.19329214,-1.20548987,30.418026,-9.325134,0.4282583,0.55,0.0,-0.05,-0.7826843,0.0,0.0,0.0,0.0,0.0,0.0
44.38731,DATA,1,0,0,0,0,0.0,0.0,0.533666,2.19346857,-1.20575655,30.271553,-8.9328,0.593510151,0.55,0.0,-0.05,-0.7826843,0.0,0.0,0.0,0.0,0.0,0.0
44.4438438,DATA,1,0,0,0,0,0.0,0.0,0.534210742,2.19341874,-1.20611489,30.3104229,-8.690033,0.6121354,0.55,0.0,-0.05,-0.7826843,0.0,0.0,0.0,0.0,0.0,0.0
44.49973,DATA,1,0,0,0,0,0.0,0.0,0.534455657,2.19331145,-1.2064482,30.36436,-8.725769,0.5071566,0.55,0.0,-0.05,-0.7826843,0.0,0.0,0.0,0.0,0.0,0.0
44.55483,DATA,1,0,0,0,0,0.0,0.0,0.534526765,2.19326854,-1.20683825,30.390234,-8.886139,0.448960572,0.55,0.0,-0.05,-0.7826843,0.0,0.0,0.0,0.0,0.0,0.0
44.61049,DATA,1,0,0,0,0,0.0,0.0,0.5346147,2.19336271,-1.20713079,30.4097652,-9.060272,0.366494715,0.55,0.0,-0.05,-0.7826843,0.0,0.0,0.0,0.0,0.0,0.0
44.66624,DATA,1,0,0,0,0,0.0,0.0,0.5346747,2.19350266,-1.20740283,30.367506,-9.17691,0.3146892,0.55,0.0,-0.05,-0.7826843,0.0,0.0,0.0,0.0,0.0,0.0
44.7211723,DATA,1,0,0,0,0,0.0,0.0,0.534785569,2.19369721,-1.20749187,30.3227386,-9.190247,0.313708931,0.55,0.0,-0.05,-0.7826843,0.0,0.0,0.0,0.0,0.0,0.0
44.77706,DATA,1,0,0,0,0,0.0,0.0,0.535020769,2.19372559,-1.20742667,30.33755,-9.05835,0.368506551,0.55,0.0,-0.05,-0.7826843,0.0,0.0,0.0,0.0,0.0,0.0
44.8325348,DATA,1,0,0,0,0,0.0,0.0,0.5352529,2.19376874,-1.20738864,30.358654,-8.884857,0.436520249,0.55,0.0,-0.05,-0.7826843,0.0,0.0,0.0,0.0,0.0,0.0
44.887867,DATA,1,0,0,0,0,0.0,0.0,0.535372853,2.19378924,-1.20740378,30.3887177,-8.709595,0.449424267,0.55,0.0,-0.05,-0.7826843,0.0,0.0,0.0,0.0,0.0,0.0
44.9441261,DATA,1,0,0,0,0,0.0,0.0,0.535546958,2.19384313,-1.2073375,30.3948784,-8.64059448,0.4719078,0.55,0.0,-0.05,-0.7826843,0.0,0.0,0.0,0.0,0.0,0.0
44.99906,DATA,1,0,0,0,0,0.0,0.0,0.5355445,2.19374228,-1.20726216,30.3801174,-8.716461,0.4674068,0.55,0.0,-0.05,-0.7826843,0.0,0.0,0.0,0.0,0.0,0.0
45.0546265,DATA,1,0,0,0,0,0.0,0.0,0.535602868,2.19371128,-1.20710015,30.3949032,-8.808136,0.358368844,0.55,0.0,-0.05,-0.7826843,0.0,0.0,0.0,0.0,0.0,0.0
45.1101723,DATA,1,0,0,0,0,0.0,0.0,0.5355879,2.19360256,-1.20712376,30.4278,-8.796356,0.374821752,0.55,0.0,-0.05,-0.7826843,0.0,0.0,0.0,0.0,0.0,0.0
45.1664238,DATA,1,0,0,0,0,0.0,0.0,0.535539031,2.19344139,-1.2071774,30.4652634,-8.793213,0.388779759,0.55,0.0,-0.05,-0.7826843,0.0,0.0,0.0,0.0,0.0,0.0
45.2212,DATA,1,0,0,0,0,0.0,0.0,0.5355288,2.19332314,-1.20733249,30.515461,-8.795929,0.3823879,0.55,0.0,-0.05,-0.7826843,0.0,0.0,0.0,0.0,0.0,0.0
45.2773933,DATA,1,0,0,0,0,0.0,0.0,0.5355297,2.19325018,-1.20746791,30.5107384,-8.794708,0.363019824,0.55,0.0,-0.05,-0.7826843,0.0,0.0,0.0,0.0,0.0,0.0
45.3324547,DATA,1,0,0,0,0,0.0,0.0,0.5354648,2.193273,-1.20753884,30.5019855,-8.812988,0.336459428,0.55,0.0,-0.05,-0.7826843,0.0,0.0,0.0,0.0,0.0,0.0
45.3879852,DATA,1,0,0,0,0,0.0,0.0,0.5353217,2.19332027,-1.20756948,30.4789276,-8.895477,0.337366581,0.55,0.0,-0.05,-0.7826843,0.0,0.0,0.0,0.0,0.0,0.0
45.44371,DATA,1,0,0,0,0,0.0,0.0,0.5352952,2.193231,-1.20761847,30.483736,-8.90448,0.374605566,0.55,0.0,-0.05,-0.7826843,0.0,0.0,0.0,0.0,0.0,0.0
45.4996529,DATA,1,0,0,0,0,0.0,0.0,0.5353206,2.19303656,-1.207908,30.5636463,-8.757721,0.496723,0.55,0.0,-0.05,-0.7826843,0.0,0.0,0.0,0.0,0.0,0.0
45.55523,DATA,1,0,0,0,0,0.0,0.0,0.5353094,2.19304681,-1.20802641,30.5812683,-8.697388,0.5400097,0.55,0.0,-0.05,-0.7826843,0.0,0.0,0.0,0.0,0.0,0.0
45.6103134,DATA,1,0,0,0,0,0.0,0.0,0.53521055,2.193201,-1.20819426,30.5322819,-8.740082,0.5808327,0.55,0.0,-0.05,-0.7826843,0.0,0.0,0.0,0.0,0.0,0.0
45.6663628,DATA,1,0,0,0,0,0.0,0.0,0.5352231,2.19324875,-1.20817447,30.56522,-8.7517395,0.5544449,0.55,0.0,-0.05,-0.7826843,0.0,0.0,0.0,0.0,0.0,0.0
45.7219772,DATA,1,0,0,0,0,0.0,0.0,0.535294652,2.193117,-1.20820689,30.580492,-8.80645752,0.543843031,0.55,0.0,-0.05,-0.7826843,0.0,0.0,0.0,0.0,0.0,0.0
45.7773666,DATA,1,0,0,0,0,0.0,0.0,0.5352763,2.19285083,-1.208261,30.636919,-8.811432,0.5260967,0.55,0.0,-0.05,-0.7826843,0.0,0.0,0.0,0.0,0.0,0.0
45.8322449,DATA,1,0,0,0,0,0.0,0.0,0.5352484,2.19280052,-1.2083106,30.6731339,-8.886475,0.561544538,0.55,0.0,-0.05,-0.7826843,0.0,0.0,0.0,0.0,0.0,0.0
45.8878136,DATA,1,0,0,0,0,0.0,0.0,0.5352571,2.19278812,-1.20842636,30.6902981,-8.85934448,0.5673401,0.55,0.0,-0.05,-0.7826843,0.0,0.0,0.0,0.0,0.0,0.0
45.9440575,DATA,1,0,0,0,0,0.0,0.0,0.535171449,2.192925,-1.20854425,30.60962,-8.878571,0.545267,0.55,0.0,-0.05,-0.7826843,0.0,0.0,0.0,0.0,0.0,0.0
45.9996872,DATA,1,0,0,0,0,0.0,0.0,0.5349935,2.19318223,-1.20861208,30.5621185,-8.887726,0.6068961,0.55,0.0,-0.05,-0.7826843,0.0,0.0,0.0,0.0,0.0,0.0
46.05509,DATA,1,0,0,0,0,0.0,0.0,0.5349171,2.19320273,-1.20863843,30.50666,-8.867767,0.6789493,0.55,0.0,-0.05,-0.7826843,0.0,0.0,0.0,0.0,0.0,0.0
46.1105423,DATA,1,0,0,0,0,0.0,0.0,0.5348958,2.19313741,-1.20871592,30.4975567,-8.800293,0.752008557,0.55,0.0,-0.05,-0.7826843,0.0,0.0,0.0,0.0,0.0,0.0
46.1649,DATA,1,0,0,0,0,0.0,0.0,0.5348836,2.193148,-1.208698,30.45774,-8.811493,0.7497336,0.55,0.0,-0.05,-0.7826843,0.0,0.0,0.0,0.0,0.0,0.0
46.2213821,DATA,1,0,0,0,0,0.0,0.0,0.5349265,2.19322586,-1.20886767,30.4461212,-8.811707,0.7462192,0.55,0.0,-0.05,-0.7826843,0.0,0.0,0.0,0.0,0.0,0.0
46.2776031,DATA,1,0,0,0,0,0.0,0.0,0.534997165,2.19317818,-1.20880759,30.44224,-8.867828,0.705239236,0.55,0.0,-0.05,-0.7826843,0.0,0.0,0.0,0.0,0.0,0.0
46.3325081,DATA,1,0,0,0,0,0.0,0.0,0.534990966,2.19323754,-1.20891118,30.3969917,-8.943573,0.628761768,0.55,0.0,-0.05,-0.7826843,0.0,0.0,0.0,0.0,0.0,0.0
46.3878746,DATA,1,0,0,0,0,0.0,0.0,0.53505373,2.193163,-1.2088654,30.38191,-8.975281,0.6671603,0.55,0.0,-0.05,-0.7826843,0.0,0.0,0.0,0.0,0.0,0.0
46.4440842,DATA,1,0,0,0,0,0.0,0.0,0.535135567,2.19310737,-1.20916474,30.4145317,-8.999329,0.656352341,0.55,0.0,-0.05,-0.7826843,0.0,0.0,0.0,0.0,0.0,0.0
46.49933,DATA,1,0,0,0,0,0.0,0.0,0.5351981,2.1930325,-1.20923686,30.3862762,-8.982941,0.6954926,0.55,0.0,-0.05,-0.7826843,0.0,0.0,0.0,0.0,0.0,0.0
46.5547028,DATA,1,0,0,0,0,0.0,0.0,0.535100341,2.19327831,-1.20941138,30.3171959,-8.9982605,0.6816451,0.55,0.0,-0.05,-0.7826843,0.0,0.0,0.0,0.0,0.0,0.0
46.6103134,DATA,1,0,0,0,0,0.0,0.0,0.535050035,2.193427,-1.2094301,30.2222481,-9.041321,0.731502,0.55,0.0,-0.05,-0.7826843,0.0,0.0,0.0,0.0,0.0,0.0
46.66601,DATA,1,0,0,0,0,0.0,0.0,0.5347985,2.193668,-1.20962572,30.16771,-9.050751,0.7468074,0.55,0.0,-0.05,-0.7826843,0.0,0.0,0.0,0.0,0.0,0.0
46.7213669,DATA,1,0,0,0,0,0.0,0.0,0.5347032,2.1936655,-1.2096647,30.1332073,-9.076324,0.769194245,0.55,0.0,-0.05,-0.7826843,0.0,0.0,0.0,0.0,0.0,0.0
46.7773247,DATA,1,0,0,0,0,0.0,0.0,0.5346066,2.19366,-1.20978427,30.152916,-9.07428,0.7653306,0.55,0.0,-0.05,-0.7826843,0.0,0.0,0.0,0.0,0.0,0.0
46.8322029,DATA,1,0,0,0,0,0.0,0.0,0.534541667,2.19366,-1.20988345,30.1693039,-9.110535,0.749407351,0.55,0.0,-0.05,-0.7826843,0.0,0.0,0.0,0.0,0.0,0.0
46.8879738,DATA,1,0,0,0,0,0.0,0.0,0.5346294,2.19362473,-1.209815,30.155138,-9.080658,0.7573427,0.55,0.0,-0.05,-0.7826843,0.0,0.0,0.0,0.0,0.0,0.0
46.94386,DATA,1,0,0,0,0,0.0,0.0,0.53476274,2.19368267,-1.20972776,30.124279,-9.105957,0.7000116,0.55,0.0,-0.05,-0.7826843,0.0,0.0,0.0,0.0,0.0,0.0
46.9991035,DATA,1,0,0,0,0,0.0,0.0,0.5347861,2.19372177,-1.2096951,30.1432037,-9.108673,0.749273956,0.55,0.0,-0.05,-0.7826843,0.0,0.0,0.0,0.0,0.0,0.0
47.0544739,DATA,1,0,0,0,0,0.0,0.0,0.5347334,2.19361973,-1.209713,30.1313763,-9.153778,0.7175643,0.55,0.0,-0.05,-0.7826843,0.0,0.0,0.0,0.0,0.0,0.0
47.10959,DATA,1,0,0,0,0,0.0,0.0,0.53468883,2.193584,-1.20976508,30.1289387,-9.15097,0.7475919,0.55,0.0,-0.05,-0.7826843,0.0,0.0,0.0,0.0,0.0,0.0
47.1660767,DATA,1,0,0,0,0,0.0,0.0,0.534741163,2.19362831,-1.20986116,30.1338959,-9.156891,0.7355277,0.55,0.0,-0.05,-0.7826843,0.0,0.0,0.0,0.0,0.0,0.0
47.2215843,DATA,1,0,0,0,0,0.0,0.0,0.534758866,2.19367671,-1.20993483,30.0925064,-9.138702,0.722616,0.55,0.0,-0.05,-0.7826843,0.0,0.0,0.0,0.0,0.0,0.0
47.27676,DATA,1,0,0,0,0,0.0,0.0,0.534757733,2.19394732,-1.21006262,30.0344086,-9.122162,0.761500359,0.55,0.0,-0.05,-0.7826843,0.0,0.0,0.0,0.0,0.0,0.0
47.3316879,DATA,1,0,0,0,0,0.0,0.0,0.5346978,2.194065,-1.21010447,29.9769669,-9.133728,0.831773043,0.55,0.0,-0.05,-0.7826843,0.0,0.0,0.0,0.0,0.0,0.0
47.3877335,DATA,1,0,0,0,0,0.0,0.0,0.534517169,2.19411826,-1.21035826,29.95721,-9.106995,0.8845343,0.55,0.0,-0.05,-0.7826843,0.0,0.0,0.0,0.0,0.0,0.0
47.4430428,DATA,1,0,0,0,0,0.0,0.0,0.5344171,2.1941824,-1.21046782,29.9328289,-9.134003,0.910284936,0.55,0.0,-0.05,-0.7826843,0.0,0.0,0.0,0.0,0.0,0.0
47.4989357,DATA,1,0,0,0,0,0.0,0.0,0.534387469,2.19424582,-1.21060276,29.876009,-9.143433,0.9127026,0.55,0.0,-0.05,-0.7826843,0.0,0.0,0.0,0.0,0.0,0.0
47.5546532,DATA,1,0,0,0,0,0.0,0.0,0.534318149,2.194305,-1.21076775,29.8601456,-9.171082,0.9507657,0.55,0.0,-0.05,-0.7826843,0.0,0.0,0.0,0.0,0.0,0.0
47.6096954,DATA,1,0,0,0,0,0.0,0.0,0.534254253,2.19437814,-1.21076524,29.84664,-9.15274048,0.9895134,0.55,0.0,-0.05,-0.7826843,0.0,0.0,0.0,0.0,0.0,0.0
47.6659279,DATA,1,0,0,0,0,0.0,0.0,0.534128368,2.19438672,-1.21083713,29.8312778,-9.185272,1.01710427,0.55,0.0,-0.05,-0.7826843,0.0,0.0,0.0,0.0,0.0,0.0
47.7211876,DATA,1,0,0,0,0,0.0,0.0,0.534073353,2.1942153,-1.21089411,29.8617783,-9.249451,1.0516541,0.55,0.0,-0.05,-0.7826843,0.0,0.0,0.0,0.0,0.0,0.0
47.77624,DATA,1,0,0,0,0,0.0,0.0,0.53417486,2.19415,-1.21109974,29.9097462,-9.195557,1.06469738,0.55,0.0,-0.05,-0.7826843,0.0,0.0,0.0,0.0,0.0,0.0
47.83234,DATA,1,0,0,0,0,0.0,0.0,0.5342104,2.19416475,-1.21108019,29.8337364,-9.244171,1.01998162,0.55,0.0,-0.05,-0.7826843,0.0,0.0,0.0,0.0,0.0,0.0
47.8878326,DATA,1,0,0,0,0,0.0,0.0,0.5338518,2.194755,-1.21115184,29.6351967,-9.3367,1.09842658,0.55,0.0,-0.05,-0.7826843,0.0,0.0,0.0,0.0,0.0,0.0
47.943264,DATA,1,0,0,0,0,0.0,0.0,0.5335949,2.19530773,-1.21098936,29.3546124,-9.498077,1.14947128,0.55,0.0,-0.05,-0.7826843,0.0,0.0,0.0,0.0,0.0,0.0
47.999054,DATA,1,0,0,0,0,0.0,0.0,0.533403635,2.19573665,-1.21109259,29.04912,-9.646973,1.1612066,0.55,0.0,-0.05,-0.7826843,0.0,0.0,0.0,0.0,0.0,0.0
48.05457,DATA,1,0,0,0,0,0.0,0.0,0.5333198,2.19602633,-1.2111305,28.8894329,-9.621643,1.26537073,0.55,0.0,-0.05,-0.7826843,0.0,0.0,0.0,0.0,0.0,0.0
48.110054,DATA,1,0,0,0,0,0.0,0.0,0.533281744,2.1961298,-1.21138656,28.79982,-9.536835,1.32251072,0.55,0.0,-0.05,-0.7826843,0.0,0.0,0.0,0.0,0.0,0.0
48.1663628,DATA,1,0,0,0,0,0.0,0.0,0.533241153,2.19614744,-1.21152115,28.7218437,-9.477936,1.43390357,0.55,0.0,-0.05,-0.7826843,0.0,0.0,0.0,0.0,0.0,0.0
48.22119,DATA,1,0,0,0,0,0.0,0.0,0.533169746,2.19633269,-1.21170473,28.5838451,-9.52520752,1.40115762,0.55,0.0,-0.05,-0.7826843,0.0,0.0,0.0,0.0,0.0,0.0
48.27679,DATA,1,0,0,0,0,0.0,0.0,0.533104241,2.1966567,-1.21190023,28.37175,-9.629486,1.43649042,0.55,0.0,-0.05,-0.7826843,0.0,0.0,0.0,0.0,0.0,0.0
48.33213,DATA,1,0,0,0,0,0.0,0.0,0.533030033,2.197462,-1.21212351,27.7746239,-9.602997,1.41505194,0.55,0.0,-0.05,-0.7826843,0.0,0.0,0.0,0.0,0.0,0.0
48.38802,DATA,1,0,0,0,0,0.0,0.0,0.5327485,2.20045424,-1.21193945,25.8593,-9.51059,1.64014184,0.55,0.0,-0.05,-0.7826843,0.0,0.0,0.0,0.0,0.0,0.0
48.44434,DATA,1,0,0,0,0,0.0,0.0,0.5329292,2.20526385,-1.21161652,23.28706,-8.816681,2.18214941,0.55,0.0,-0.05,-0.7826843,0.0,0.0,0.0,0.0,0.0,0.0
48.4987221,DATA,1,0,0,0,0,0.0,0.0,0.533391953,2.21109915,-1.2119478,20.47083,-8.170074,2.441898,0.55,0.0,-0.05,-0.7826843,0.0,0.0,0.0,0.0,0.0,0.0
48.5555267,DATA,1,0,0,0,0,0.0,0.0,0.533884168,2.216106,-1.21303511,17.86681,-7.80215454,2.57057548,0.55,0.0,-0.05,-0.7826843,0.0,0.0,0.0,0.0,0.0,0.0
48.6106148,DATA,1,0,0,0,0,0.0,0.0,0.5345792,2.2201643,-1.2151444,15.6616755,-7.60638428,2.6023047,0.55,0.0,-0.05,-0.7826843,0.0,0.0,0.0,0.0,0.0,0.0
48.66638,DATA,1,0,0,0,0,0.0,0.0,0.5356906,2.22333479,-1.21743393,13.7907066,-6.997345,2.70597219,0.55,0.0,-0.05,-0.7826843,0.0,0.0,0.0,0.0,0.0,0.0
48.7217445,DATA,1,0,0,0,0,0.0,0.0,0.5372878,2.226149,-1.22061634,12.3718414,-5.972595,2.86644959,0.55,0.0,-0.05,-0.7826843,0.0,0.0,0.0,0.0,0.0,0.0
48.77758,DATA,1,0,0,0,0,0.0,0.0,0.5395075,2.228345,-1.22343338,11.235527,-4.65032959,2.922178,0.55,0.0,-0.05,-0.7826843,0.0,0.0,0.0,0.0,0.0,0.0
48.8330765,DATA,1,0,0,0,0,0.0,0.0,0.542018652,2.23055,-1.225765,9.780838,-3.47766113,2.92667246,0.55,0.0,-0.05,-0.7826843,0.0,0.0,0.0,0.0,0.0,0.0
48.8882,DATA,1,0,0,0,0,0.0,0.0,0.543887138,2.23295617,-1.22796977,8.158708,-2.82235718,2.58638978,0.55,0.0,-0.05,-0.7826843,0.0,0.0,0.0,0.0,0.0,0.0
48.94483,DATA,1,0,0,0,0,0.0,0.0,0.5452269,2.23514938,-1.23070216,6.679533,-2.37713623,2.58484483,0.55,0.0,-0.05,-0.7826843,0.0,0.0,0.0,0.0,0.0,0.0
48.9999161,DATA,1,0,0,0,0,0.0,0.0,0.5457596,2.23689961,-1.23329055,5.842641,-2.4263916,2.64000082,0.55,0.0,-0.05,-0.7826843,0.0,0.0,0.0,0.0,0.0,0.0
49.0555458,DATA,1,0,0,0,0,0.0,0.0,0.5457297,2.23773527,-1.23535824,5.26680565,-3.08883667,2.763452,0.55,0.0,-0.05,-0.7826843,0.0,0.0,0.0,0.0,0.0,0.0
49.1105728,DATA,1,0,0,0,0,0.0,0.0,0.545564532,2.23841715,-1.237618,4.7628665,-3.73580933,2.78122115,0.55,0.0,-0.05,-0.7826843,0.0,0.0,0.0,0.0,0.0,0.0
49.16673,DATA,1,0,0,0,0,0.0,0.0,0.545050144,2.23912716,-1.23944485,4.26221466,-4.42404175,3.003488,0.55,0.0,-0.05,-0.7826843,0.0,0.0,0.0,0.0,0.0,0.0
49.22199,DATA,1,0,0,0,0,0.0,0.0,0.5444771,2.23945284,-1.24211168,4.308316,-4.76605225,3.07687688,0.55,0.0,-0.05,-0.7826843,0.0,0.0,0.0,0.0,0.0,0.0
49.27768,DATA,1,0,0,0,0,0.0,0.0,0.5439722,2.238449,-1.24417686,4.91186762,-4.686554,3.111803,0.55,0.0,-0.05,-0.7826843,0.0,0.0,0.0,0.0,0.0,0.0
49.3338432,DATA,1,0,0,0,0,0.0,0.0,0.54339397,2.23609161,-1.24622154,5.88481855,-4.63552856,3.18596125,0.55,0.0,-0.05,-0.7826843,0.0,0.0,0.0,0.0,0.0,0.0
49.3886147,DATA,1,0,0,0,0,0.0,0.0,0.542665,2.23353958,-1.24717474,7.106493,-4.76260376,3.392558,0.55,0.0,-0.05,-0.7826843,0.0,0.0,0.0,0.0,0.0,0.0
49.44451,DATA,1,0,0,0,0,0.0,0.0,0.5416948,2.231391,-1.247755,8.260529,-5.178955,3.849039,0.55,0.0,-0.05,-0.7826843,0.0,0.0,0.0,0.0,0.0,0.0
49.49977,DATA,1,0,0,0,0,0.0,0.0,0.5404646,2.22916174,-1.2474823,9.537741,-5.683197,4.135647,0.55,0.0,-0.05,-0.7826843,0.0,0.0,0.0,0.0,0.0,0.0
49.5558853,DATA,1,0,0,0,0,0.0,0.0,0.539163,2.22680378,-1.24684346,10.7915859,-6.27868652,4.18485165,0.55,0.0,-0.05,-0.7826843,0.0,0.0,0.0,0.0,0.0,0.0
49.61051,DATA,1,0,0,0,0,0.0,0.0,0.5380957,2.22425342,-1.24568677,12.2385216,-6.784851,4.193613,0.55,0.0,-0.05,-0.7826843,0.0,0.0,0.0,0.0,0.0,0.0
49.66607,DATA,1,0,0,0,0,0.0,0.0,0.5369908,2.221716,-1.24443626,13.6437645,-7.35910034,3.826083,0.55,0.0,-0.05,-0.7826843,0.0,0.0,0.0,0.0,0.0,0.0
49.7219048,DATA,1,0,0,0,0,0.0,0.0,0.5360895,2.21941233,-1.24296689,15.0231342,-7.86969,3.59440064,0.55,0.0,-0.05,-0.7826843,0.0,0.0,0.0,0.0,0.0,0.0
49.77653,DATA,1,0,0,0,0,0.0,0.0,0.5351955,2.217269,-1.24144506,16.2526169,-8.414093,3.521239,0.55,0.0,-0.05,-0.7826843,0.0,0.0,0.0,0.0,0.0,0.0
49.8317947,DATA,1,0,0,0,0,0.0,0.0,0.5344854,2.21530485,-1.24004364,17.33846,-8.871826,3.51418662,0.55,0.0,-0.05,-0.7826843,0.0,0.0,0.0,0.0,0.0,0.0
49.887867,DATA,1,0,0,0,0,0.0,0.0,0.534013,2.2137363,-1.23852265,18.2458687,-9.215424,3.47970581,0.55,0.0,-0.05,-0.7826843,0.0,0.0,0.0,0.0,0.0,0.0
49.943634,DATA,1,0,0,0,0,0.0,0.0,0.533892334,2.212398,-1.23712659,18.932127,-9.292328,3.38052,0.55,0.0,-0.05,-0.7826843,0.0,0.0,0.0,0.0,0.0,0.0
49.99883,DATA,1,0,0,0,0,0.0,0.0,0.5339612,2.21099329,-1.23560286,19.54469,-9.345215,3.237643,0.55,0.0,-0.05,-0.7826843,0.0,0.0,0.0,0.0,0.0,0.0
50.0544,DATA,1,0,0,0,0,0.0,0.0,0.5340096,2.21003723,-1.23457217,20.0325623,-9.433899,3.06247377,0.55,0.0,-0.05,-0.7826843,0.0,0.0,0.0,0.0,0.0,0.0
50.1095734,DATA,1,0,0,0,0,0.0,0.0,0.5339851,2.209058,-1.23312569,20.4358177,-9.544769,3.0062294,0.55,0.0,-0.05,-0.7826843,0.0,0.0,0.0,0.0,0.0,0.0
50.16507,DATA,1,0,0,0,0,0.0,0.0,0.533867836,2.2083807,-1.23229659,20.7452068,-9.747986,2.92271686,0.55,0.0,-0.05,-0.7826843,0.0,0.0,0.0,0.0,0.0,0.0
50.2208023,DATA,1,0,0,0,0,0.0,0.0,0.533552,2.20769882,-1.23127079,21.0798168,-9.910553,2.87767839,0.55,0.0,-0.05,-0.7826843,0.0,0.0,0.0,0.0,0.0,0.0
50.2766533,DATA,1,0,0,0,0,0.0,0.0,0.5334618,2.20715761,-1.23074651,21.3361664,-10.1280212,2.81504416,0.55,0.0,-0.05,-0.7826843,0.0,0.0,0.0,0.0,0.0,0.0
50.3323059,DATA,1,0,0,0,0,0.0,0.0,0.5330626,2.20660639,-1.23014534,21.548563,-10.2463684,2.796834,0.55,0.0,-0.05,-0.7826843,0.0,0.0,0.0,0.0,0.0,0.0
50.3879623,DATA,1,0,0,0,0,0.0,0.0,0.532569766,2.20618939,-1.22999239,21.7417679,-10.3779907,2.80753374,0.55,0.0,-0.05,-0.7826843,0.0,0.0,0.0,0.0,0.0,0.0
50.4436226,DATA,1,0,0,0,0,0.0,0.0,0.532198548,2.20574379,-1.2298696,21.9467545,-10.3853455,2.86380529,0.55,0.0,-0.05,-0.7826843,0.0,0.0,0.0,0.0,0.0,0.0
50.4995537,DATA,1,0,0,0,0,0.0,0.0,0.5318549,2.20546985,-1.22992015,22.0806789,-10.4081421,2.87160945,0.55,0.0,-0.05,-0.7826843,0.0,0.0,0.0,0.0,0.0,0.0
50.5552025,DATA,1,0,0,0,0,0.0,0.0,0.5314899,2.20536923,-1.23004854,22.0503387,-10.48288,2.92228341,0.55,0.0,-0.05,-0.7826843,0.0,0.0,0.0,0.0,0.0,0.0
50.61037,DATA,1,0,0,0,0,0.0,0.0,0.5309863,2.20547724,-1.23025572,21.942749,-10.6664429,2.95441532,0.55,0.0,-0.05,-0.7826843,0.0,0.0,0.0,0.0,0.0,0.0
50.6665459,DATA,1,0,0,0,0,0.0,0.0,0.5305794,2.205835,-1.2305932,21.7840118,-10.8338928,3.05198145,0.55,0.0,-0.05,-0.7826843,0.0,0.0,0.0,0.0,0.0,0.0
50.7216339,DATA,1,0,0,0,0,0.0,0.0,0.530323863,2.20599985,-1.23077226,21.6535282,-10.9315186,3.10421443,0.55,0.0,-0.05,-0.7826843,0.0,0.0,0.0,0.0,0.0,0.0
50.7773666,DATA,1,0,0,0,0,0.0,0.0,0.5302759,2.20618057,-1.23103273,21.61815,-10.9620972,3.15824485,0.55,0.0,-0.05,-0.7826843,0.0,0.0,0.0,0.0,0.0,0.0
50.83245,DATA,1,0,0,0,0,0.0,0.0,0.53026396,2.20575619,-1.23106778,21.7232189,-10.9153748,3.15116954,0.55,0.0,-0.05,-0.7826843,0.0,0.0,0.0,0.0,0.0,0.0
50.8880463,DATA,1,0,0,0,0,0.0,0.0,0.5302905,2.20547771,-1.23108745,21.8604431,-10.8543091,3.13663435,0.55,0.0,-0.05,-0.7826843,0.0,0.0,0.0,0.0,0.0,0.0
50.9437943,DATA,1,0,0,0,0,0.0,0.0,0.53041774,2.20519543,-1.23080623,21.9211121,-10.8009338,3.11917758,0.55,0.0,-0.05,-0.7826843,0.0,0.0,0.0,0.0,0.0,0.0
50.99949,DATA,1,0,0,0,0,0.0,0.0,0.530633,2.205267,-1.23060441,21.95215,-10.7015076,3.12971,0.55,0.0,-0.05,-0.7826843,0.0,0.0,0.0,0.0,0.0,0.0
51.05482,DATA,1,0,0,0,0,0.0,0.0,0.530884743,2.205033,-1.2300812,22.0237255,-10.5961,3.069409,0.55,0.0,-0.05,-0.7826843,0.0,0.0,0.0,0.0,0.0,0.0
51.1103249,DATA,1,0,0,0,0,0.0,0.0,0.531285,2.20484829,-1.22991741,22.2004681,-10.4001465,3.08720541,0.55,0.0,-0.05,-0.7826843,0.0,0.0,0.0,0.0,0.0,0.0
51.1663666,DATA,1,0,0,0,0,0.0,0.0,0.531640768,2.20415258,-1.2295,22.4598351,-10.2112732,3.09108138,0.55,0.0,-0.05,-0.7826843,0.0,0.0,0.0,0.0,0.0,0.0
51.2218857,DATA,1,0,0,0,0,0.0,0.0,0.531886041,2.203745,-1.22919714,22.7112,-10.0278625,3.0629375,0.55,0.0,-0.05,-0.7826843,0.0,0.0,0.0,0.0,0.0,0.0
51.27704,DATA,1,0,0,0,0,0.0,0.0,0.532004,2.20347166,-1.2287569,22.850481,-10.0079651,3.06576538,0.55,0.0,-0.05,-0.7826843,0.0,0.0,0.0,0.0,0.0,0.0
51.3324127,DATA,1,0,0,0,0,0.0,0.0,0.531985,2.2033844,-1.22837555,22.9037323,-9.983154,3.01102734,0.55,0.0,-0.05,-0.7826843,0.0,0.0,0.0,0.0,0.0,0.0
51.38803,DATA,1,0,0,0,0,0.0,0.0,0.5318682,2.203398,-1.22806764,22.9696541,-9.994843,3.007909,0.55,0.0,-0.05,-0.7826843,0.0,0.0,0.0,0.0,0.0,0.0
51.4437675,DATA,1,0,0,0,0,0.0,0.0,0.5317183,2.203145,-1.22784412,23.09951,-10.0124512,3.013072,0.55,0.0,-0.05,-0.7826843,0.0,0.0,0.0,0.0,0.0,0.0
51.4993553,DATA,1,0,0,0,0,0.0,0.0,0.5315212,2.203032,-1.22783446,23.1649227,-10.1264343,3.01279187,0.55,0.0,-0.05,-0.7826843,0.0,0.0,0.0,0.0,0.0,0.0
51.5551453,DATA,1,0,0,0,0,0.0,0.0,0.5311941,2.20278239,-1.22769821,23.2144489,-10.1759033,3.03962445,0.55,0.0,-0.05,-0.7826843,0.0,0.0,0.0,0.0,0.0,0.0
51.61014,DATA,1,0,0,0,0,0.0,0.0,0.531050146,2.20248628,-1.22766542,23.3817444,-10.0756226,3.156132,0.55,0.0,-0.05,-0.7826843,0.0,0.0,0.0,0.0,0.0,0.0
51.6659241,DATA,1,0,0,0,0,0.0,0.0,0.53088975,2.20212984,-1.22758651,23.5235672,-10.0100708,3.18470669,0.55,0.0,-0.05,-0.7826843,0.0,0.0,0.0,0.0,0.0,0.0
51.72104,DATA,1,0,0,0,0,0.0,0.0,0.530601144,2.20212984,-1.22765052,23.5653934,-10.013855,3.25744462,0.55,0.0,-0.05,-0.7826843,0.0,0.0,0.0,0.0,0.0,0.0
51.7770576,DATA,1,0,0,0,0,0.0,0.0,0.5304088,2.20200944,-1.22770572,23.5607471,-10.105072,3.296392,0.55,0.0,-0.05,-0.7826843,0.0,0.0,0.0,0.0,0.0,0.0
51.8322945,DATA,1,0,0,0,0,0.0,0.0,0.530209064,2.202097,-1.2278533,23.56146,-10.1592712,3.29860544,0.55,0.0,-0.05,-0.7826843,0.0,0.0,0.0,0.0,0.0,0.0
51.88802,DATA,1,0,0,0,0,0.0,0.0,0.5300662,2.20214367,-1.22804224,23.5122223,-10.2562561,3.28782034,0.55,0.0,-0.05,-0.7826843,0.0,0.0,0.0,0.0,0.0,0.0
51.9435959,DATA,1,0,0,0,0,0.0,0.0,0.5299286,2.2023313,-1.22830451,23.4676228,-10.24942,3.3307395,0.55,0.0,-0.05,-0.7826843,0.0,0.0,0.0,0.0,0.0,0.0
51.9995,DATA,1,0,0,0,0,0.0,0.0,0.529830754,2.20244551,-1.22850275,23.4095039,-10.2319336,3.40175152,0.55,0.0,-0.05,-0.7826843,0.0,0.0,0.0,0.0,0.0,0.0
52.0551758,DATA,1,0,0,0,0,0.0,0.0,0.5297995,2.20245767,-1.22869539,23.4136715,-10.160553,3.49568319,0.55,0.0,-0.05,-0.7826843,0.0,0.0,0.0,0.0,0.0,0.0
52.10999,DATA,1,0,0,0,0,0.0,0.0,0.52979517,2.20248938,-1.22883236,23.4149971,-10.0856018,3.53900075,0.55,0.0,-0.05,-0.7826843,0.0,0.0,0.0,0.0,0.0,0.0
52.1662445,DATA,1,0,0,0,0,0.0,0.0,0.5297632,2.202485,-1.22886562,23.4024467,-10.0570068,3.584045,0.55,0.0,-0.05,-0.7826843,0.0,0.0,0.0,0.0,0.0,0.0
52.22346,DATA,1,0,0,0,0,0.0,0.0,0.5296716,2.20267344,-1.22882783,23.384,-10.0579224,3.57671714,0.55,0.0,-0.05,-0.7826843,0.0,0.0,0.0,0.0,0.0,0.0
52.2768974,DATA,1,0,0,0,0,0.0,0.0,0.529656351,2.20269966,-1.2287221,23.3556538,-10.0576172,3.60976,0.55,0.0,-0.05,-0.7826843,0.0,0.0,0.0,0.0,0.0,0.0
52.33208,DATA,1,0,0,0,0,0.0,0.0,0.5295924,2.20277834,-1.22882318,23.3421173,-10.0606079,3.61230683,0.55,0.0,-0.05,-0.7826843,0.0,0.0,0.0,0.0,0.0,0.0
52.38809,DATA,1,0,0,0,0,0.0,0.0,0.529665232,2.2026782,-1.22878015,23.35005,-10.0619507,3.57602477,0.55,0.0,-0.05,-0.7826843,0.0,0.0,0.0,0.0,0.0,0.0
52.4436836,DATA,1,0,0,0,0,0.0,0.0,0.5298675,2.20278215,-1.2288537,23.3051071,-10.0608521,3.55549026,0.55,0.0,-0.05,-0.7826843,0.0,0.0,0.0,0.0,0.0,0.0
52.4991226,DATA,1,0,0,0,0,0.0,0.0,0.529951453,2.20291138,-1.228824,23.2034721,-10.0586243,3.56310248,0.55,0.0,-0.05,-0.7826843,0.0,0.0,0.0,0.0,0.0,0.0
52.5547256,DATA,1,0,0,0,0,0.0,0.0,0.5301283,2.203151,-1.22884965,23.0893059,-10.0491028,3.561894,0.55,0.0,-0.05,-0.7826843,0.0,0.0,0.0,0.0,0.0,0.0
52.61019,DATA,1,0,0,0,0,0.0,0.0,0.530178547,2.20335364,-1.22879517,22.9397011,-10.0794983,3.57518458,0.55,0.0,-0.05,-0.7826843,0.0,0.0,0.0,0.0,0.0,0.0
52.66598,DATA,1,0,0,0,0,0.0,0.0,0.530324161,2.20348644,-1.228878,22.8602638,-10.1157837,3.58136439,0.55,0.0,-0.05,-0.7826843,0.0,0.0,0.0,0.0,0.0,0.0
52.7210732,DATA,1,0,0,0,0,0.0,0.0,0.5304951,2.20347977,-1.22892714,22.8314533,-10.118042,3.55475736,0.55,0.0,-0.05,-0.7826843,0.0,0.0,0.0,0.0,0.0,0.0
52.77664,DATA,1,0,0,0,0,0.0,0.0,0.5305902,2.20344925,-1.22901177,22.840271,-10.149292,3.56976223,0.55,0.0,-0.05,-0.7826843,0.0,0.0,0.0,0.0,0.0,0.0
52.8321724,DATA,1,0,0,0,0,0.0,0.0,0.5307107,2.20346427,-1.22910547,22.8319626,-10.1741028,3.53010726,0.55,0.0,-0.05,-0.7826843,0.0,0.0,0.0,0.0,0.0,0.0
52.88783,DATA,1,0,0,0,0,0.0,0.0,0.5308218,2.20343828,-1.22920883,22.8177948,-10.2292175,3.5098505,0.55,0.0,-0.05,-0.7826843,0.0,0.0,0.0,0.0,0.0,0.0
52.94348,DATA,1,0,0,0,0,0.0,0.0,0.530948639,2.20350575,-1.22938406,22.8151588,-10.2637329,3.519759,0.55,0.0,-0.05,-0.7826843,0.0,0.0,0.0,0.0,0.0,0.0
52.999588,DATA,1,0,0,0,0,0.0,0.0,0.531081736,2.20352554,-1.22952771,22.801836,-10.309021,3.52066541,0.55,0.0,-0.05,-0.7826843,0.0,0.0,0.0,0.0,0.0,0.0
53.05472,DATA,1,0,0,0,0,0.0,0.0,0.531182945,2.20355463,-1.22977662,22.7464657,-10.3813477,3.461951,0.55,0.0,-0.05,-0.7826843,0.0,0.0,0.0,0.0,0.0,0.0
53.1103477,DATA,1,0,0,0,0,0.0,0.0,0.531283438,2.203577,-1.22990882,22.7442131,-10.4040833,3.42144632,0.55,0.0,-0.05,-0.7826843,0.0,0.0,0.0,0.0,0.0,0.0
53.1662979,DATA,1,0,0,0,0,0.0,0.0,0.531387746,2.20375967,-1.23010767,22.6907043,-10.44397,3.38873935,0.55,0.0,-0.05,-0.7826843,0.0,0.0,0.0,0.0,0.0,0.0
53.2210464,DATA,1,0,0,0,0,0.0,0.0,0.5314133,2.203784,-1.23020029,22.6727543,-10.4959412,3.40742159,0.55,0.0,-0.05,-0.7826843,0.0,0.0,0.0,0.0,0.0,0.0
53.2767677,DATA,1,0,0,0,0,0.0,0.0,0.531447232,2.20378542,-1.23027229,22.6375046,-10.57254,3.37765,0.55,0.0,-0.05,-0.7826843,0.0,0.0,0.0,0.0,0.0,0.0
53.33225,DATA,1,0,0,0,0,0.0,0.0,0.5314192,2.20370865,-1.23035192,22.66292,-10.6385193,3.41326928,0.55,0.0,-0.05,-0.7826843,0.0,0.0,0.0,0.0,0.0,0.0
53.3876457,DATA,1,0,0,0,0,0.0,0.0,0.53141737,2.20371675,-1.23039293,22.6496544,-10.7219543,3.36163,0.55,0.0,-0.05,-0.7826843,0.0,0.0,0.0,0.0,0.0,0.0
53.4434357,DATA,1,0,0,0,0,0.0,0.0,0.531364441,2.20355582,-1.23053288,22.6841545,-10.7652588,3.379499,0.55,0.0,-0.05,-0.7826843,0.0,0.0,0.0,0.0,0.0,0.0
53.4989357,DATA,1,0,0,0,0,0.0,0.0,0.531290531,2.20344353,-1.23070514,22.72573,-10.8667908,3.387464,0.55,0.0,-0.05,-0.7826843,0.0,0.0,0.0,0.0,0.0,0.0
53.5545044,DATA,1,0,0,0,0,0.0,0.0,0.531180143,2.20344949,-1.23090172,22.7492943,-10.96225,3.39260244,0.55,0.0,-0.05,-0.7826843,0.0,0.0,0.0,0.0,0.0,0.0
53.6092262,DATA,1,0,0,0,0,0.0,0.0,0.5310817,2.20342684,-1.23098886,22.7355061,-10.9785767,3.42112136,0.55,0.0,-0.05,-0.7826843,0.0,0.0,0.0,0.0,0.0,0.0
53.6651573,DATA,1,0,0,0,0,0.0,0.0,0.531014442,2.20348263,-1.23098731,22.7246952,-11.0246277,3.433582,0.55,0.0,-0.05,-0.7826843,0.0,0.0,0.0,0.0,0.0,0.0
53.72103,DATA,1,0,0,0,0,0.0,0.0,0.5309971,2.20346427,-1.23104429,22.7401028,-10.9954529,3.43643975,0.55,0.0,-0.05,-0.7826843,0.0,0.0,0.0,0.0,0.0,0.0
53.7761574,DATA,1,0,0,0,0,0.0,0.0,0.5309368,2.20350361,-1.23120356,22.7905025,-10.9892273,3.43368125,0.55,0.0,-0.05,-0.7826843,0.0,0.0,0.0,0.0,0.0,0.0
53.83222,DATA,1,0,0,0,0,0.0,0.0,0.5309147,2.20334983,-1.23119521,22.8011341,-10.9981079,3.42783237,0.55,0.0,-0.05,-0.7826843,0.0,0.0,0.0,0.0,0.0,0.0
53.8877678,DATA,1,0,0,0,0,0.0,0.0,0.5309102,2.20336556,-1.23117578,22.8141155,-11.0050659,3.491506,0.55,0.0,-0.05,-0.7826843,0.0,0.0,0.0,0.0,0.0,0.0
53.9435654,DATA,1,0,0,0,0,0.0,0.0,0.5309171,2.20329332,-1.23112273,22.8563175,-10.980835,3.44070816,0.55,0.0,-0.05,-0.7826843,0.0,0.0,0.0,0.0,0.0,0.0
53.9991646,DATA,1,0,0,0,0,0.0,0.0,0.5309361,2.20328331,-1.2310853,22.8605289,-10.9850464,3.468906,0.55,0.0,-0.05,-0.7826843,0.0,0.0,0.0,0.0,0.0,0.0
54.05464,DATA,1,0,0,0,0,0.0,0.0,0.5308977,2.20319247,-1.2310648,22.8568287,-11.0415955,3.45964885,0.55,0.0,-0.05,-0.7826843,0.0,0.0,0.0,0.0,0.0,0.0
54.1099739,DATA,1,0,0,0,0,0.0,0.0,0.5309464,2.20321631,-1.23117185,22.8866329,-11.0474243,3.47282481,0.55,0.0,-0.05,-0.7826843,0.0,0.0,0.0,0.0,0.0,0.0
54.16562,DATA,1,0,0,0,0,0.0,0.0,0.531010449,2.203091,-1.2312206,22.92292,-11.0317078,3.45329285,0.55,0.0,-0.05,-0.7826843,0.0,0.0,0.0,0.0,0.0,0.0
54.221344,DATA,1,0,0,0,0,0.0,0.0,0.531116247,2.20308352,-1.2312125,22.9295712,-11.0203552,3.482835,0.55,0.0,-0.05,-0.7826843,0.0,0.0,0.0,0.0,0.0,0.0
54.27673,DATA,1,0,0,0,0,0.0,0.0,0.531134367,2.20310616,-1.231177,22.9087429,-11.0232849,3.480008,0.55,0.0,-0.05,-0.7826843,0.0,0.0,0.0,0.0,0.0,0.0
54.33212,DATA,1,0,0,0,0,0.0,0.0,0.531138361,2.20308638,-1.23115587,22.91615,-11.0167542,3.4866643,0.55,0.0,-0.05,-0.7826843,0.0,0.0,0.0,0.0,0.0,0.0
54.3877869,DATA,1,0,0,0,0,0.0,0.0,0.53115344,2.203128,-1.2311095,22.9252453,-11.0018921,3.51423621,0.55,0.0,-0.05,-0.7826843,0.0,0.0,0.0,0.0,0.0,0.0
54.4436569,DATA,1,0,0,0,0,0.0,0.0,0.531118453,2.20305538,-1.23109615,22.9318771,-10.9838257,3.5693295,0.55,0.0,-0.05,-0.7826843,0.0,0.0,0.0,0.0,0.0,0.0
54.4990768,DATA,1,0,0,0,0,0.0,0.0,0.531153,2.2030406,-1.23104465,22.9462528,-10.9830933,3.56502771,0.55,0.0,-0.05,-0.7826843,0.0,0.0,0.0,0.0,0.0,0.0
54.5547867,DATA,1,0,0,0,0,0.0,0.0,0.5311914,2.20295858,-1.23095822,22.9639244,-10.9927368,3.55185246,0.55,0.0,-0.05,-0.7826843,0.0,0.0,0.0,0.0,0.0,0.0
54.6101532,DATA,1,0,0,0,0,0.0,0.0,0.5312835,2.20294,-1.23095942,22.964941,-11.0066528,3.54137444,0.55,0.0,-0.05,-0.7826843,0.0,0.0,0.0,0.0,0.0,0.0
54.66602,DATA,1,0,0,0,0,0.0,0.0,0.5313504,2.202812,-1.23093557,22.9936333,-11.0375977,3.50272584,0.55,0.0,-0.05,-0.7826843,0.0,0.0,0.0,0.0,0.0,0.0
54.7207832,DATA,1,0,0,0,0,0.0,0.0,0.5314396,2.20283127,-1.23121667,23.0252666,-11.0227051,3.50816679,0.55,0.0,-0.05,-0.7826843,0.0,0.0,0.0,0.0,0.0,0.0
54.77699,DATA,1,0,0,0,0,0.0,0.0,0.531552732,2.20279574,-1.2312237,23.0145779,-11.0164795,3.5013876,0.55,0.0,-0.05,-0.7826843,0.0,0.0,0.0,0.0,0.0,0.0
54.8325462,DATA,1,0,0,0,0,0.0,0.0,0.531784654,2.202856,-1.23127055,23.00172,-11.0018616,3.48981929,0.55,0.0,-0.05,-0.7826843,0.0,0.0,0.0,0.0,0.0,0.0
54.88784,DATA,1,0,0,0,0,0.0,0.0,0.5318743,2.20284176,-1.23123312,22.989851,-11.0355225,3.474819,0.55,0.0,-0.05,-0.7826843,0.0,0.0,0.0,0.0,0.0,0.0
54.94408,DATA,1,0,0,0,0,0.0,0.0,0.531934,2.20273876,-1.23124516,23.0125484,-11.0280151,3.5161705,0.55,0.0,-0.05,-0.7826843,0.0,0.0,0.0,0.0,0.0,0.0
54.9987373,DATA,1,0,0,0,0,0.0,0.0,0.5319863,2.20266652,-1.23140466,23.0197449,-11.0575867,3.48916173,0.55,0.0,-0.05,-0.7826843,0.0,0.0,0.0,0.0,0.0,0.0
55.05447,DATA,1,0,0,0,0,0.0,0.0,0.5320069,2.20257521,-1.23134148,23.0160789,-11.0850525,3.508632,0.55,0.0,-0.05,-0.7826843,0.0,0.0,0.0,0.0,0.0,0.0
55.11015,DATA,1,0,0,0,0,0.0,0.0,0.532120764,2.20265937,-1.23122978,23.04972,-11.0673828,3.459152,0.55,0.0,-0.05,-0.7826843,0.0,0.0,0.0,0.0,0.0,0.0
55.1663,DATA,1,0,0,0,0,0.0,0.0,0.532158256,2.20259118,-1.23110962,23.0469227,-11.0838928,3.49799538,0.55,0.0,-0.05,-0.7826843,0.0,0.0,0.0,0.0,0.0,0.0
55.2313538,DATA,1,0,0,0,0,0.0,0.0,0.5321674,2.20254946,-1.23125434,23.0494671,-11.0759277,3.493893,0.55,0.0,-0.05,-0.7826843,0.0,0.0,0.0,0.0,0.0,0.0
