timestamp,eventType,mazeNumber,attemptNumber,collectedCoins,totalCoins,totalScore,mazeElapsedTime,totalGameElapsedTime,headPositionX,headPositionY,headPositionZ,headRotationX,headRotationY,headRotationZ,playerPositionX,playerPositionY,playerPositionZ,playerRotationY,rightThumbstickX,rightThumbstickY,rightTrigger,leftThumbstickX,leftThumbstickY,leftTrigger
4.367849,DATA,1,0,0,0,0,0.0,0.0,0.545952141,1.60065222,-1.05382133,22.7603054,3.63207531,-1.13302612,0.55,0.0,-0.05,0.0,0.0,0.0,0.0,0.0,0.0,0.0
4.425003,DATA,1,0,0,0,0,0.0,0.0,0.545956433,1.600657,-1.05365586,22.7994175,3.63776636,-1.12088013,0.55,0.0,-0.05,0.0,0.0,0.0,0.0,0.0,0.0,0.0
4.48026,DATA,1,0,0,0,0,0.0,0.0,0.545986,1.60045624,-1.05343843,22.9009876,3.57054782,-1.05667114,0.55,0.0,-0.05,0.0,0.0,0.0,0.0,0.0,0.0,0.0
4.54068947,DATA,1,0,0,0,0,0.0,0.0,0.5460294,1.60010767,-1.05269742,23.9957123,3.33944941,-0.6185608,0.55,0.0,-0.05,0.0,0.0,0.0,0.0,0.0,0.0,0.0
4.59278965,DATA,1,0,0,0,0,0.0,0.0,0.545925438,1.60102677,-1.04890609,27.0635223,2.87269616,0.0242417529,0.55,0.0,-0.05,0.0,0.0,0.0,0.0,0.0,0.0,0.0
4.64725637,DATA,1,0,0,0,0,0.0,0.0,0.545822442,1.60291672,-1.03978467,33.7302,2.28595734,1.2110548,0.55,0.0,-0.05,0.0,0.0,0.0,0.0,0.0,0.0,0.0
4.704395,DATA,1,0,0,0,0,0.0,0.0,0.5474523,1.602782,-1.023104,42.937252,1.56720293,3.17369866,0.55,0.0,-0.05,0.0,0.0,0.0,0.0,0.0,0.0,0.0
4.762746,DATA,1,0,0,0,0,0.0,0.0,0.5510624,1.59749174,-1.00078273,50.51495,-2.78527832,2.2182498,0.55,0.0,-0.05,0.0,0.0,0.0,0.0,0.0,0.0,0.0
4.81749439,DATA,1,0,0,0,0,0.0,0.0,0.5541051,1.58577585,-0.974938154,59.9400063,-8.565735,-0.7698059,0.55,0.0,-0.05,0.0,0.0,0.0,0.0,0.0,0.0,0.0
4.87759256,DATA,1,0,0,0,0,0.0,0.0,0.5532096,1.56358671,-0.947834253,68.82957,-16.043396,-7.033478,0.55,0.0,-0.05,0.0,0.0,0.0,0.0,0.0,0.0,0.0
4.934812,DATA,1,0,0,0,0,0.0,0.0,0.548148453,1.53955436,-0.926399,77.04329,-20.5625916,-11.413269,0.55,0.0,-0.05,0.0,0.0,0.0,0.0,0.0,0.0,0.0
4.993947,DATA,1,0,0,0,0,0.0,0.0,0.5404218,1.51315165,-0.9070895,85.86265,-37.4944153,-28.1023254,0.55,0.0,-0.05,0.0,0.0,0.0,0.0,0.0,0.0,0.0
5.04796267,DATA,1,0,0,0,0,0.0,0.0,0.531647,1.4881928,-0.891327143,85.1780548,-167.299988,-156.86058,0.55,0.0,-0.05,0.0,0.0,0.0,0.0,0.0,0.0,0.0
5.10487747,DATA,1,0,0,0,0,0.0,0.0,0.5219129,1.47014749,-0.878839254,79.67865,179.502182,-167.403961,0.55,0.0,-0.05,0.0,0.0,0.0,0.0,0.0,0.0,0.0
5.160441,DATA,1,0,0,0,0,0.0,0.0,0.5119584,1.46526992,-0.870081663,77.6599655,173.234711,-170.71608,0.55,0.0,-0.05,0.0,0.0,0.0,0.0,0.0,0.0,0.0
5.21574,DATA,1,0,0,0,0,0.0,0.0,0.502675354,1.46888864,-0.866036654,79.51431,173.30307,-168.976761,0.55,0.0,-0.05,0.0,0.0,0.0,0.0,0.0,0.0,0.0
5.27124929,DATA,1,0,0,0,0,0.0,0.0,0.494551957,1.47281682,-0.8681376,81.1515,171.319122,-168.770264,0.55,0.0,-0.05,0.0,0.0,0.0,0.0,0.0,0.0,0.0
5.32717657,DATA,1,0,0,0,0,0.0,0.0,0.488786042,1.47515583,-0.8741143,82.95402,171.119583,-166.415741,0.55,0.0,-0.05,0.0,0.0,0.0,0.0,0.0,0.0,0.0
5.38283062,DATA,1,0,0,0,0,0.0,0.0,0.484887421,1.47665048,-0.87910676,83.9021759,173.026962,-162.8733,0.55,0.0,-0.05,0.0,0.0,0.0,0.0,0.0,0.0,0.0
5.43848372,DATA,1,0,0,0,0,0.0,0.0,0.482087433,1.47807777,-0.8817246,84.45786,175.703552,-159.745178,0.55,0.0,-0.05,0.0,0.0,0.0,0.0,0.0,0.0,0.0
5.4935956,DATA,1,0,0,0,0,0.0,0.0,0.4809721,1.47923231,-0.881973,84.78714,175.422775,-160.456863,0.55,0.0,-0.05,0.0,0.0,0.0,0.0,0.0,0.0,0.0
5.5491066,DATA,1,0,0,0,0,0.0,0.0,0.480904877,1.47899616,-0.881099939,84.54372,171.819077,-164.893723,0.55,0.0,-0.05,0.0,0.0,0.0,0.0,0.0,0.0,0.0
5.60489464,DATA,1,0,0,0,0,0.0,0.0,0.482354939,1.47743189,-0.8793013,83.88948,169.647,-167.921051,0.55,0.0,-0.05,0.0,0.0,0.0,0.0,0.0,0.0,0.0
5.66043663,DATA,1,0,0,0,0,0.0,0.0,0.484882653,1.47605848,-0.8769567,83.1490555,172.213745,-166.195969,0.55,0.0,-0.05,0.0,0.0,0.0,0.0,0.0,0.0,0.0
5.71634054,DATA,1,0,0,0,0,0.0,0.0,0.487950623,1.47510266,-0.8744538,82.53552,178.227417,-160.965424,0.55,0.0,-0.05,0.0,0.0,0.0,0.0,0.0,0.0,0.0
5.77141428,DATA,1,0,0,0,0,0.0,0.0,0.490925133,1.47438478,-0.872319,82.13838,-175.239029,-154.931244,0.55,0.0,-0.05,0.0,0.0,0.0,0.0,0.0,0.0,0.0
5.82693624,DATA,1,0,0,0,0,0.0,0.0,0.493264973,1.4738009,-0.8711617,81.9246,-170.953369,-150.896011,0.55,0.0,-0.05,0.0,0.0,0.0,0.0,0.0,0.0,0.0
5.88256836,DATA,1,0,0,0,0,0.0,0.0,0.495100319,1.47337222,-0.870794535,81.71609,-169.1651,-149.3133,0.55,0.0,-0.05,0.0,0.0,0.0,0.0,0.0,0.0,0.0
5.938245,DATA,1,0,0,0,0,0.0,0.0,0.496061623,1.47322738,-0.871211767,81.7402039,-168.491318,-148.8136,0.55,0.0,-0.05,0.0,0.0,0.0,0.0,0.0,0.0,0.0
5.99375248,DATA,1,0,0,0,0,0.0,0.0,0.496800721,1.47355843,-0.8717406,81.9027252,-167.945526,-148.4454,0.55,0.0,-0.05,0.0,0.0,0.0,0.0,0.0,0.0,0.0
6.04878855,DATA,1,0,0,0,0,0.0,0.0,0.4973858,1.473856,-0.872737169,82.2744,-166.380081,-146.963715,0.55,0.0,-0.05,0.0,0.0,0.0,0.0,0.0,0.0,0.0
6.104846,DATA,1,0,0,0,0,0.0,0.0,0.498171151,1.4741621,-0.873098135,82.44755,-163.578934,-144.161148,0.55,0.0,-0.05,0.0,0.0,0.0,0.0,0.0,0.0,0.0
6.160333,DATA,1,0,0,0,0,0.0,0.0,0.4987157,1.47430742,-0.873406649,82.5400162,-160.219254,-140.773941,0.55,0.0,-0.05,0.0,0.0,0.0,0.0,0.0,0.0,0.0
6.21635771,DATA,1,0,0,0,0,0.0,0.0,0.499710381,1.47432041,-0.8733957,82.4670639,-157.41214,-138.050659,0.55,0.0,-0.05,0.0,0.0,0.0,0.0,0.0,0.0,0.0
6.27116251,DATA,1,0,0,0,0,0.0,0.0,0.5000413,1.47431588,-0.873450041,82.4772,-156.867188,-137.666245,0.55,0.0,-0.05,0.0,0.0,0.0,0.0,0.0,0.0,0.0
6.326981,DATA,1,0,0,0,0,0.0,0.0,0.5005024,1.47448385,-0.8735335,82.50184,-156.555634,-137.592575,0.55,0.0,-0.05,0.0,0.0,0.0,0.0,0.0,0.0,0.0
6.38211727,DATA,1,0,0,0,0,0.0,0.0,0.500697434,1.47475386,-0.8734677,82.5940857,-155.590912,-136.930832,0.55,0.0,-0.05,0.0,0.0,0.0,0.0,0.0,0.0,0.0
6.43798351,DATA,1,0,0,0,0,0.0,0.0,0.500736535,1.47492385,-0.8735306,82.61972,-155.109985,-136.417191,0.55,0.0,-0.05,0.0,0.0,0.0,0.0,0.0,0.0,0.0
6.49323654,DATA,1,0,0,0,0,0.0,0.0,0.50050956,1.47516823,-0.8738215,82.74515,-154.262344,-135.40712,0.55,0.0,-0.05,0.0,0.0,0.0,0.0,0.0,0.0,0.0
6.54934549,DATA,1,0,0,0,0,0.0,0.0,0.500065148,1.47552884,-0.874083757,82.8637543,-153.808655,-134.811127,0.55,0.0,-0.05,0.0,0.0,0.0,0.0,0.0,0.0,0.0
6.604868,DATA,1,0,0,0,0,0.0,0.0,0.49982053,1.47589433,-0.874363661,82.98421,-153.890259,-134.791321,0.55,0.0,-0.05,0.0,0.0,0.0,0.0,0.0,0.0,0.0
6.65966225,DATA,1,0,0,0,0,0.0,0.0,0.499402344,1.47596729,-0.874355555,82.9655,-154.222122,-135.06958,0.55,0.0,-0.05,0.0,0.0,0.0,0.0,0.0,0.0,0.0
6.71572351,DATA,1,0,0,0,0,0.0,0.0,0.4993413,1.47614932,-0.8742187,83.01259,-153.733765,-134.538376,0.55,0.0,-0.05,0.0,0.0,0.0,0.0,0.0,0.0,0.0
6.77096367,DATA,1,0,0,0,0,0.0,0.0,0.498815835,1.47602892,-0.873826265,83.00527,-154.277023,-135.0331,0.55,0.0,-0.05,0.0,0.0,0.0,0.0,0.0,0.0,0.0
6.82702732,DATA,1,0,0,0,0,0.0,0.0,0.4986232,1.47599673,-0.873470545,82.97161,-154.806747,-135.563217,0.55,0.0,-0.05,0.0,0.0,0.0,0.0,0.0,0.0,0.0
6.882416,DATA,1,0,0,0,0,0.0,0.0,0.498195,1.4758966,-0.87325263,83.03123,-155.401169,-136.119446,0.55,0.0,-0.05,0.0,0.0,0.0,0.0,0.0,0.0,0.0
6.938691,DATA,1,0,0,0,0,0.0,0.0,0.498237431,1.47611415,-0.8732836,83.05683,-154.853027,-135.563461,0.55,0.0,-0.05,0.0,0.0,0.0,0.0,0.0,0.0,0.0
6.99292231,DATA,1,0,0,0,0,0.0,0.0,0.4984563,1.4760083,-0.8735001,83.0513,-154.367844,-135.052673,0.55,0.0,-0.05,0.0,0.0,0.0,0.0,0.0,0.0,0.0
7.048414,DATA,1,0,0,0,0,0.0,0.0,0.498717129,1.47611392,-0.8736961,83.06769,-153.90181,-134.57222,0.55,0.0,-0.05,0.0,0.0,0.0,0.0,0.0,0.0,0.0
7.104639,DATA,1,0,0,0,0,0.0,0.0,0.4986871,1.47607446,-0.873616,83.13482,-153.772552,-134.495392,0.55,0.0,-0.05,0.0,0.0,0.0,0.0,0.0,0.0,0.0
7.16063643,DATA,1,0,0,0,0,0.0,0.0,0.498781979,1.47605,-0.873581648,83.11026,-153.900742,-134.7639,0.55,0.0,-0.05,0.0,0.0,0.0,0.0,0.0,0.0,0.0
7.21578646,DATA,1,0,0,0,0,0.0,0.0,0.498897374,1.47606778,-0.8734491,83.11157,-153.310669,-134.205444,0.55,0.0,-0.05,0.0,0.0,0.0,0.0,0.0,0.0,0.0
7.270905,DATA,1,0,0,0,0,0.0,0.0,0.499010861,1.47605515,-0.8734553,83.13153,-152.098724,-132.98172,0.55,0.0,-0.05,0.0,0.0,0.0,0.0,0.0,0.0,0.0
7.327251,DATA,1,0,0,0,0,0.0,0.0,0.499290764,1.47610211,-0.8736241,83.1075058,-150.6122,-131.505234,0.55,0.0,-0.05,0.0,0.0,0.0,0.0,0.0,0.0,0.0
7.382118,DATA,1,0,0,0,0,0.0,0.0,0.499327481,1.47611237,-0.8738239,83.17778,-150.700424,-131.68544,0.55,0.0,-0.05,0.0,0.0,0.0,0.0,0.0,0.0,0.0
7.43816328,DATA,1,0,0,0,0,0.0,0.0,0.499472916,1.47625279,-0.8739016,83.1772842,-150.669373,-131.830872,0.55,0.0,-0.05,0.0,0.0,0.0,0.0,0.0,0.0,0.0
7.493882,DATA,1,0,0,0,0,0.0,0.0,0.499527276,1.47586894,-0.8731158,82.99585,-150.097458,-131.589783,0.55,0.0,-0.05,0.0,0.0,0.0,0.0,0.0,0.0,0.0
7.549048,DATA,1,0,0,0,0,0.0,0.0,0.499809563,1.47550118,-0.872208834,82.83868,-150.519821,-132.284027,0.55,0.0,-0.05,0.0,0.0,0.0,0.0,0.0,0.0,0.0
7.604519,DATA,1,0,0,0,0,0.0,0.0,0.4998663,1.47478,-0.871309042,82.62756,-151.777191,-133.658081,0.55,0.0,-0.05,0.0,0.0,0.0,0.0,0.0,0.0,0.0
7.66030025,DATA,1,0,0,0,0,0.0,0.0,0.500106156,1.47446966,-0.8706777,82.50831,-152.839722,-134.823242,0.55,0.0,-0.05,0.0,0.0,0.0,0.0,0.0,0.0,0.0
7.715903,DATA,1,0,0,0,0,0.0,0.0,0.500235856,1.47422683,-0.870193243,82.4048538,-152.671982,-134.756592,0.55,0.0,-0.05,0.0,0.0,0.0,0.0,0.0,0.0,0.0
7.770699,DATA,1,0,0,0,0,0.0,0.0,0.500516236,1.47436321,-0.87043786,82.4431839,-151.450989,-133.547,0.55,0.0,-0.05,0.0,0.0,0.0,0.0,0.0,0.0,0.0
7.82666159,DATA,1,0,0,0,0,0.0,0.0,0.5004476,1.47438335,-0.8710258,82.47909,-150.770981,-132.7578,0.55,0.0,-0.05,0.0,0.0,0.0,0.0,0.0,0.0,0.0
7.8820653,DATA,1,0,0,0,0,0.0,0.0,0.5003112,1.47476971,-0.8717425,82.64966,-149.920853,-131.8327,0.55,0.0,-0.05,0.0,0.0,0.0,0.0,0.0,0.0,0.0
7.93776226,DATA,1,0,0,0,0,0.0,0.0,0.499814332,1.47524476,-0.8722565,82.79203,-149.649643,-131.412262,0.55,0.0,-0.05,0.0,0.0,0.0,0.0,0.0,0.0,0.0
7.99299,DATA,1,0,0,0,0,0.0,0.0,0.4992817,1.475477,-0.8726337,82.89331,-149.449219,-130.986862,0.55,0.0,-0.05,0.0,0.0,0.0,0.0,0.0,0.0,0.0
8.049003,DATA,1,0,0,0,0,0.0,0.0,0.498854935,1.47562087,-0.872809649,82.95079,-149.550034,-130.923828,0.55,0.0,-0.05,0.0,0.0,0.0,0.0,0.0,0.0,0.0
8.104442,DATA,1,0,0,0,0,0.0,0.0,0.498313725,1.47556663,-0.872836351,83.02431,-149.678864,-130.939667,0.55,0.0,-0.05,0.0,0.0,0.0,0.0,0.0,0.0,0.0
8.160337,DATA,1,0,0,0,0,0.0,0.0,0.498163521,1.4755162,-0.8726704,83.03793,-150.305069,-131.479721,0.55,0.0,-0.05,0.0,0.0,0.0,0.0,0.0,0.0,0.0
8.215978,DATA,1,0,0,0,0,0.0,0.0,0.49810344,1.4753015,-0.872216463,82.95642,-150.800858,-132.02272,0.55,0.0,-0.05,0.0,0.0,0.0,0.0,0.0,0.0,0.0
8.270841,DATA,1,0,0,0,0,0.0,0.0,0.498366654,1.47519636,-0.8718207,82.8573761,-150.763962,-132.018631,0.55,0.0,-0.05,0.0,0.0,0.0,0.0,0.0,0.0,0.0
8.32698,DATA,1,0,0,0,0,0.0,0.0,0.4985326,1.47484326,-0.87169385,82.80497,-150.335754,-131.602615,0.55,0.0,-0.05,0.0,0.0,0.0,0.0,0.0,0.0,0.0
8.382408,DATA,1,0,0,0,0,0.0,0.0,0.498792946,1.47486436,-0.8715937,82.75736,-150.351563,-131.620285,0.55,0.0,-0.05,0.0,0.0,0.0,0.0,0.0,0.0,0.0
8.438186,DATA,1,0,0,0,0,0.0,0.0,0.49873668,1.4748646,-0.8716805,82.7840042,-150.203491,-131.511368,0.55,0.0,-0.05,0.0,0.0,0.0,0.0,0.0,0.0,0.0
8.493428,DATA,1,0,0,0,0,0.0,0.0,0.498707116,1.475106,-0.8719332,82.90734,-150.253,-131.564743,0.55,0.0,-0.05,0.0,0.0,0.0,0.0,0.0,0.0,0.0
8.548477,DATA,1,0,0,0,0,0.0,0.0,0.498559773,1.47520685,-0.8722174,82.96739,-150.138367,-131.445328,0.55,0.0,-0.05,0.0,0.0,0.0,0.0,0.0,0.0,0.0
8.604762,DATA,1,0,0,0,0,0.0,0.0,0.498250782,1.47514033,-0.8724215,83.01984,-149.718109,-130.920685,0.55,0.0,-0.05,0.0,0.0,0.0,0.0,0.0,0.0,0.0
8.660031,DATA,1,0,0,0,0,0.0,0.0,0.497981369,1.47516656,-0.8726876,83.08143,-149.803665,-130.928635,0.55,0.0,-0.05,0.0,0.0,0.0,0.0,0.0,0.0,0.0
8.715114,DATA,1,0,0,0,0,0.0,0.0,0.497512162,1.47506607,-0.872832537,83.14809,-150.196777,-131.3047,0.55,0.0,-0.05,0.0,0.0,0.0,0.0,0.0,0.0,0.0
8.770417,DATA,1,0,0,0,0,0.0,0.0,0.497368634,1.47516811,-0.87290597,83.2134,-150.6708,-131.798935,0.55,0.0,-0.05,0.0,0.0,0.0,0.0,0.0,0.0,0.0
8.826151,DATA,1,0,0,0,0,0.0,0.0,0.4969676,1.47521949,-0.872863531,83.23114,-150.411758,-131.552643,0.55,0.0,-0.05,0.0,0.0,0.0,0.0,0.0,0.0,0.0
8.881365,DATA,1,0,0,0,0,0.0,0.0,0.496948063,1.47521782,-0.873015165,83.25634,-150.390747,-131.4971,0.55,0.0,-0.05,0.0,0.0,0.0,0.0,0.0,0.0,0.0
8.937445,DATA,1,0,0,0,0,0.0,0.0,0.496575654,1.47525525,-0.873072863,83.2183151,-150.6607,-131.72287,0.55,0.0,-0.05,0.0,0.0,0.0,0.0,0.0,0.0,0.0
8.992547,DATA,1,0,0,0,0,0.0,0.0,0.496547043,1.475343,-0.873215437,83.328,-150.248215,-131.2157,0.55,0.0,-0.05,0.0,0.0,0.0,0.0,0.0,0.0,0.0
9.047836,DATA,1,0,0,0,0,0.0,0.0,0.496413052,1.47529125,-0.8732908,83.33803,-150.232529,-131.030518,0.55,0.0,-0.05,0.0,0.0,0.0,0.0,0.0,0.0,0.0
9.103864,DATA,1,0,0,0,0,0.0,0.0,0.49625808,1.47524881,-0.8731525,83.30942,-150.3035,-131.068,0.55,0.0,-0.05,0.0,0.0,0.0,0.0,0.0,0.0,0.0
9.159174,DATA,1,0,0,0,0,0.0,0.0,0.4960602,1.47526,-0.87313056,83.35885,-150.5188,-131.4355,0.55,0.0,-0.05,0.0,0.0,0.0,0.0,0.0,0.0,0.0
9.214914,DATA,1,0,0,0,0,0.0,0.0,0.495966733,1.47512174,-0.8728883,83.272644,-151.436249,-132.4049,0.55,0.0,-0.05,0.0,0.0,0.0,0.0,0.0,0.0,0.0
9.270334,DATA,1,0,0,0,0,0.0,0.0,0.495962441,1.47491372,-0.87247777,83.16798,-151.543762,-132.4686,0.55,0.0,-0.05,0.0,0.0,0.0,0.0,0.0,0.0,0.0
9.3263,DATA,1,0,0,0,0,0.0,0.0,0.495921433,1.47483552,-0.872146845,83.10738,-151.14476,-132.024872,0.55,0.0,-0.05,0.0,0.0,0.0,0.0,0.0,0.0,0.0
9.381579,DATA,1,0,0,0,0,0.0,0.0,0.4959548,1.47485209,-0.87211585,83.0772,-150.809525,-131.678375,0.55,0.0,-0.05,0.0,0.0,0.0,0.0,0.0,0.0,0.0
9.437455,DATA,1,0,0,0,0,0.0,0.0,0.49593097,1.47482777,-0.872231245,83.08834,-151.134567,-132.009369,0.55,0.0,-0.05,0.0,0.0,0.0,0.0,0.0,0.0,0.0
9.492517,DATA,1,0,0,0,0,0.0,0.0,0.495837033,1.47493184,-0.8724725,83.18664,-150.80687,-131.752,0.55,0.0,-0.05,0.0,0.0,0.0,0.0,0.0,0.0,0.0
9.547788,DATA,1,0,0,0,0,0.0,0.0,0.495898545,1.47514522,-0.872723341,83.2507858,-150.020264,-130.938614,0.55,0.0,-0.05,0.0,0.0,0.0,0.0,0.0,0.0,0.0
9.603951,DATA,1,0,0,0,0,0.0,0.0,0.495946229,1.47520328,-0.8728664,83.275444,-149.536453,-130.407837,0.55,0.0,-0.05,0.0,0.0,0.0,0.0,0.0,0.0,0.0
9.659356,DATA,1,0,0,0,0,0.0,0.0,0.495775044,1.475262,-0.873081446,83.32497,-149.728287,-130.667175,0.55,0.0,-0.05,0.0,0.0,0.0,0.0,0.0,0.0,0.0
9.714889,DATA,1,0,0,0,0,0.0,0.0,0.49564296,1.47534943,-0.8731644,83.3643646,-149.999268,-130.97998,0.55,0.0,-0.05,0.0,0.0,0.0,0.0,0.0,0.0,0.0
9.769739,DATA,1,0,0,0,0,0.0,0.0,0.4956048,1.47540212,-0.873225451,83.398056,-149.945053,-130.893219,0.55,0.0,-0.05,0.0,0.0,0.0,0.0,0.0,0.0,0.0
9.825748,DATA,1,0,0,0,0,0.0,0.0,0.49562484,1.47547734,-0.8733299,83.4377441,-149.3355,-130.295959,0.55,0.0,-0.05,0.0,0.0,0.0,0.0,0.0,0.0,0.0
9.881342,DATA,1,0,0,0,0,0.0,0.0,0.495646775,1.47553754,-0.8734224,83.4249649,-148.452408,-129.423141,0.55,0.0,-0.05,0.0,0.0,0.0,0.0,0.0,0.0,0.0
9.936953,DATA,1,0,0,0,0,0.0,0.0,0.495700181,1.47554111,-0.873501062,83.4436,-148.579849,-129.5413,0.55,0.0,-0.05,0.0,0.0,0.0,0.0,0.0,0.0,0.0
9.99192,DATA,1,0,0,0,0,0.0,0.0,0.4959138,1.47561765,-0.8734491,83.3896255,-148.356659,-129.382248,0.55,0.0,-0.05,0.0,0.0,0.0,0.0,0.0,0.0,0.0
10.047863,DATA,1,0,0,0,0,0.0,0.0,0.4962018,1.47566092,-0.873472,83.44722,-147.420334,-128.530289,0.55,0.0,-0.05,0.0,0.0,0.0,0.0,0.0,0.0,0.0
10.1037655,DATA,1,0,0,0,0,0.0,0.0,0.496514142,1.47573638,-0.8733928,83.4093552,-146.909286,-128.080139,0.55,0.0,-0.05,0.0,0.0,0.0,0.0,0.0,0.0,0.0
10.159462,DATA,1,0,0,0,0,0.0,0.0,0.496815979,1.47576666,-0.873396158,83.39752,-146.622711,-127.8616,0.55,0.0,-0.05,0.0,0.0,0.0,0.0,0.0,0.0,0.0
10.2143583,DATA,1,0,0,0,0,0.0,0.0,0.49710542,1.47573769,-0.8733871,83.388855,-146.206345,-127.508606,0.55,0.0,-0.05,0.0,0.0,0.0,0.0,0.0,0.0,0.0
10.2701292,DATA,1,0,0,0,0,0.0,0.0,0.497389138,1.47578073,-0.8734548,83.4216843,-145.765884,-127.128845,0.55,0.0,-0.05,0.0,0.0,0.0,0.0,0.0,0.0,0.0
10.3260651,DATA,1,0,0,0,0,0.0,0.0,0.497718632,1.47593868,-0.8735788,83.42398,-145.199341,-126.597656,0.55,0.0,-0.05,0.0,0.0,0.0,0.0,0.0,0.0,0.0
10.38123,DATA,1,0,0,0,0,0.0,0.0,0.4977439,1.47614,-0.8735411,83.4208755,-144.4511,-125.929413,0.55,0.0,-0.05,0.0,0.0,0.0,0.0,0.0,0.0,0.0
10.4375057,DATA,1,0,0,0,0,0.0,0.0,0.498033822,1.47621429,-0.873845339,83.45168,-143.4529,-124.994919,0.55,0.0,-0.05,0.0,0.0,0.0,0.0,0.0,0.0,0.0
10.4918528,DATA,1,0,0,0,0,0.0,0.0,0.498169243,1.47621417,-0.873995066,83.40136,-143.639282,-125.170242,0.55,0.0,-0.05,0.0,0.0,0.0,0.0,0.0,0.0,0.0
10.5480423,DATA,1,0,0,0,0,0.0,0.0,0.4983471,1.47623527,-0.87395215,83.37966,-143.287842,-124.930267,0.55,0.0,-0.05,0.0,0.0,0.0,0.0,0.0,0.0,0.0
10.6036253,DATA,1,0,0,0,0,0.0,0.0,0.498281777,1.4759984,-0.873480558,83.2924347,-143.829437,-125.824005,0.55,0.0,-0.05,0.0,0.0,0.0,0.0,0.0,0.0,0.0
10.6594114,DATA,1,0,0,0,0,0.0,0.0,0.498502553,1.4757911,-0.8731353,83.27932,-144.226639,-126.437164,0.55,0.0,-0.05,0.0,0.0,0.0,0.0,0.0,0.0,0.0
10.7146006,DATA,1,0,0,0,0,0.0,0.0,0.4988349,1.47557032,-0.8728497,83.1662,-143.647141,-125.936279,0.55,0.0,-0.05,0.0,0.0,0.0,0.0,0.0,0.0,0.0
10.7701159,DATA,1,0,0,0,0,0.0,0.0,0.499298871,1.47546542,-0.87289834,83.1148453,-142.48909,-124.799164,0.55,0.0,-0.05,0.0,0.0,0.0,0.0,0.0,0.0,0.0
10.8255272,DATA,1,0,0,0,0,0.0,0.0,0.499563515,1.475358,-0.8729942,83.04399,-141.659286,-123.985229,0.55,0.0,-0.05,0.0,0.0,0.0,0.0,0.0,0.0,0.0
10.8813181,DATA,1,0,0,0,0,0.0,0.0,0.499834836,1.47536969,-0.8731053,82.9761047,-141.1527,-123.5284,0.55,0.0,-0.05,0.0,0.0,0.0,0.0,0.0,0.0,0.0
10.9371338,DATA,1,0,0,0,0,0.0,0.0,0.499940217,1.4753828,-0.873223066,83.01155,-140.203735,-122.654327,0.55,0.0,-0.05,0.0,0.0,0.0,0.0,0.0,0.0,0.0
10.992075,DATA,1,0,0,0,0,0.0,0.0,0.499782383,1.47534645,-0.8733151,83.03109,-141.048737,-123.510178,0.55,0.0,-0.05,0.0,0.0,0.0,0.0,0.0,0.0,0.0
11.048007,DATA,1,0,0,0,0,0.0,0.0,0.4996603,1.4754225,-0.8733456,83.04549,-141.46048,-123.879456,0.55,0.0,-0.05,0.0,0.0,0.0,0.0,0.0,0.0,0.0
11.103651,DATA,1,0,0,0,0,0.0,0.0,0.499593079,1.47546864,-0.873268843,83.0753,-141.0021,-123.381287,0.55,0.0,-0.05,0.0,0.0,0.0,0.0,0.0,0.0,0.0
11.1595125,DATA,1,0,0,0,0,0.0,0.0,0.499680817,1.47544241,-0.8731921,83.04641,-141.071548,-123.468323,0.55,0.0,-0.05,0.0,0.0,0.0,0.0,0.0,0.0,0.0
11.2143764,DATA,1,0,0,0,0,0.0,0.0,0.499869645,1.47508633,-0.8730452,82.99764,-141.040054,-123.432968,0.55,0.0,-0.05,0.0,0.0,0.0,0.0,0.0,0.0,0.0
11.2703114,DATA,1,0,0,0,0,0.0,0.0,0.5001729,1.474977,-0.87296176,82.98488,-140.652939,-123.102173,0.55,0.0,-0.05,0.0,0.0,0.0,0.0,0.0,0.0,0.0
11.3259935,DATA,1,0,0,0,0,0.0,0.0,0.500274956,1.47477591,-0.8728912,82.9552155,-140.7109,-123.206085,0.55,0.0,-0.05,0.0,0.0,0.0,0.0,0.0,0.0,0.0
11.3814421,DATA,1,0,0,0,0,0.0,0.0,0.5005453,1.47462237,-0.872891665,82.92984,-140.606171,-123.130447,0.55,0.0,-0.05,0.0,0.0,0.0,0.0,0.0,0.0,0.0
11.4375,DATA,1,0,0,0,0,0.0,0.0,0.500717,1.47458553,-0.8728144,82.93642,-140.440582,-122.989471,0.55,0.0,-0.05,0.0,0.0,0.0,0.0,0.0,0.0,0.0
11.492466,DATA,1,0,0,0,0,0.0,0.0,0.500905335,1.47456741,-0.8729727,83.02647,-139.364655,-122.060181,0.55,0.0,-0.05,0.0,0.0,0.0,0.0,0.0,0.0,0.0
11.5474739,DATA,1,0,0,0,0,0.0,0.0,0.500878632,1.47453547,-0.873015642,82.99476,-139.582184,-122.324188,0.55,0.0,-0.05,0.0,0.0,0.0,0.0,0.0,0.0,0.0
11.6041355,DATA,1,0,0,0,0,0.0,0.0,0.5010045,1.474586,-0.873162031,83.02169,-138.689026,-121.374847,0.55,0.0,-0.05,0.0,0.0,0.0,0.0,0.0,0.0,0.0
11.6587591,DATA,1,0,0,0,0,0.0,0.0,0.50106746,1.47463274,-0.8732197,83.02082,-137.941345,-120.535263,0.55,0.0,-0.05,0.0,0.0,0.0,0.0,0.0,0.0,0.0
11.7151995,DATA,1,0,0,0,0,0.0,0.0,0.5011342,1.47452676,-0.873254538,83.0026,-136.849884,-119.405457,0.55,0.0,-0.05,0.0,0.0,0.0,0.0,0.0,0.0,0.0
11.7698536,DATA,1,0,0,0,0,0.0,0.0,0.5012186,1.47439015,-0.873221636,83.02771,-135.840134,-118.3779,0.55,0.0,-0.05,0.0,0.0,0.0,0.0,0.0,0.0,0.0
11.8258381,DATA,1,0,0,0,0,0.0,0.0,0.501380742,1.47399354,-0.8730576,83.1137,-133.222137,-115.848587,0.55,0.0,-0.05,0.0,0.0,0.0,0.0,0.0,0.0,0.0
11.8816137,DATA,1,0,0,0,0,0.0,0.0,0.501893342,1.47306061,-0.8723166,83.5491,-128.071259,-111.4604,0.55,0.0,-0.05,0.0,0.0,0.0,0.0,0.0,0.0,0.0
11.9373837,DATA,1,0,0,0,0,0.0,0.0,0.50212127,1.47136974,-0.870806932,84.77727,-116.838257,-103.343475,0.55,0.0,-0.05,0.0,0.0,0.0,0.0,0.0,0.0,0.0
11.9921141,DATA,1,0,0,0,0,0.0,0.0,0.5035623,1.46794248,-0.867782354,86.1899261,-88.95453,-79.59726,0.55,0.0,-0.05,0.0,0.0,0.0,0.0,0.0,0.0,0.0
12.0471783,DATA,1,0,0,0,0,0.0,0.0,0.507293046,1.46198082,-0.8617413,85.47662,-56.3787231,-52.18286,0.55,0.0,-0.05,0.0,0.0,0.0,0.0,0.0,0.0,0.0
12.1036463,DATA,1,0,0,0,0,0.0,0.0,0.5133913,1.45304048,-0.854730844,83.30912,-39.59961,-41.7798462,0.55,0.0,-0.05,0.0,0.0,0.0,0.0,0.0,0.0,0.0
12.1591377,DATA,1,0,0,0,0,0.0,0.0,0.5211652,1.441277,-0.847221136,82.06461,-32.92993,-41.8329773,0.55,0.0,-0.05,0.0,0.0,0.0,0.0,0.0,0.0,0.0
12.2144709,DATA,1,0,0,0,0,0.0,0.0,0.5304821,1.426778,-0.8435185,80.2547455,-22.688324,-39.3123779,0.55,0.0,-0.05,0.0,0.0,0.0,0.0,0.0,0.0,0.0
12.2690029,DATA,1,0,0,0,0,0.0,0.0,0.5407861,1.41253781,-0.8450844,79.47374,-15.4324951,-39.27063,0.55,0.0,-0.05,0.0,0.0,0.0,0.0,0.0,0.0,0.0
12.3251228,DATA,1,0,0,0,0,0.0,0.0,0.5529192,1.39762008,-0.850621462,79.1112442,-5.108917,-37.4155579,0.55,0.0,-0.05,0.0,0.0,0.0,0.0,0.0,0.0,0.0
12.3812151,DATA,1,0,0,0,0,0.0,0.0,0.564811051,1.38237691,-0.8611839,79.09622,4.801516,-35.34137,0.55,0.0,-0.05,0.0,0.0,0.0,0.0,0.0,0.0,0.0
12.4365788,DATA,1,0,0,0,0,0.0,0.0,0.5762642,1.36721253,-0.8740747,78.42682,15.1054668,-32.43878,0.55,0.0,-0.05,0.0,0.0,0.0,0.0,0.0,0.0,0.0
12.4918871,DATA,1,0,0,0,0,0.0,0.0,0.5867904,1.35552406,-0.886129141,78.27072,23.5706825,-30.2315063,0.55,0.0,-0.05,0.0,0.0,0.0,0.0,0.0,0.0,0.0
12.5474386,DATA,1,0,0,0,0,0.0,0.0,0.5960553,1.34817171,-0.895129442,79.27742,33.7130051,-25.1931152,0.55,0.0,-0.05,0.0,0.0,0.0,0.0,0.0,0.0,0.0
12.6035738,DATA,1,0,0,0,0,0.0,0.0,0.6030744,1.34253442,-0.900350332,80.05094,44.8851929,-19.2480164,0.55,0.0,-0.05,0.0,0.0,0.0,0.0,0.0,0.0,0.0
12.6589842,DATA,1,0,0,0,0,0.0,0.0,0.6081441,1.33996773,-0.9016588,81.21559,48.85421,-18.0518188,0.55,0.0,-0.05,0.0,0.0,0.0,0.0,0.0,0.0,0.0
12.714818,DATA,1,0,0,0,0,0.0,0.0,0.608944237,1.3391571,-0.901407957,80.86428,44.9573059,-21.8184814,0.55,0.0,-0.05,0.0,0.0,0.0,0.0,0.0,0.0,0.0
12.7696724,DATA,1,0,0,0,0,0.0,0.0,0.607539,1.3407923,-0.8979776,80.8276749,41.0039177,-24.896759,0.55,0.0,-0.05,0.0,0.0,0.0,0.0,0.0,0.0,0.0
12.8254566,DATA,1,0,0,0,0,0.0,0.0,0.604721844,1.34549868,-0.8932054,80.98559,38.23325,-26.12564,0.55,0.0,-0.05,0.0,0.0,0.0,0.0,0.0,0.0,0.0
12.8812256,DATA,1,0,0,0,0,0.0,0.0,0.600194752,1.35186946,-0.8880613,80.73783,38.8198853,-24.2312317,0.55,0.0,-0.05,0.0,0.0,0.0,0.0,0.0,0.0,0.0
12.9371195,DATA,1,0,0,0,0,0.0,0.0,0.5938137,1.35875916,-0.883384943,79.9417953,41.34801,-21.1793823,0.55,0.0,-0.05,0.0,0.0,0.0,0.0,0.0,0.0,0.0
12.9916277,DATA,1,0,0,0,0,0.0,0.0,0.587365,1.36535,-0.8794658,78.88594,41.1423531,-20.3556824,0.55,0.0,-0.05,0.0,0.0,0.0,0.0,0.0,0.0,0.0
13.0472326,DATA,1,0,0,0,0,0.0,0.0,0.5823749,1.37067676,-0.8756759,78.25118,38.4475632,-21.1104431,0.55,0.0,-0.05,0.0,0.0,0.0,0.0,0.0,0.0,0.0
13.103632,DATA,1,0,0,0,0,0.0,0.0,0.578941643,1.37394977,-0.871763,77.74441,35.46436,-21.9542847,0.55,0.0,-0.05,0.0,0.0,0.0,0.0,0.0,0.0,0.0
13.1594629,DATA,1,0,0,0,0,0.0,0.0,0.577232659,1.37561154,-0.8671639,77.91186,33.4560165,-22.3527832,0.55,0.0,-0.05,0.0,0.0,0.0,0.0,0.0,0.0,0.0
13.2143555,DATA,1,0,0,0,0,0.0,0.0,0.5772646,1.37642646,-0.862230539,78.11958,29.3694553,-25.045105,0.55,0.0,-0.05,0.0,0.0,0.0,0.0,0.0,0.0,0.0
13.2696095,DATA,1,0,0,0,0,0.0,0.0,0.5783532,1.37733364,-0.8569882,77.39314,23.1979713,-29.47464,0.55,0.0,-0.05,0.0,0.0,0.0,0.0,0.0,0.0,0.0
13.3258209,DATA,1,0,0,0,0,0.0,0.0,0.579009354,1.37859166,-0.8510082,75.0653152,18.0289059,-33.0484924,0.55,0.0,-0.05,0.0,0.0,0.0,0.0,0.0,0.0,0.0
13.380908,DATA,1,0,0,0,0,0.0,0.0,0.5802706,1.38191748,-0.843154669,73.27247,13.5383778,-35.6117859,0.55,0.0,-0.05,0.0,0.0,0.0,0.0,0.0,0.0,0.0
13.4370708,DATA,1,0,0,0,0,0.0,0.0,0.5803903,1.38507128,-0.8347032,71.5792847,11.8762808,-35.1618042,0.55,0.0,-0.05,0.0,0.0,0.0,0.0,0.0,0.0,0.0
13.4920807,DATA,1,0,0,0,0,0.0,0.0,0.580431759,1.38729346,-0.8254998,70.77851,10.3232756,-35.15323,0.55,0.0,-0.05,0.0,0.0,0.0,0.0,0.0,0.0,0.0
13.5474176,DATA,1,0,0,0,0,0.0,0.0,0.579890549,1.38703954,-0.816959143,70.52437,9.382567,-35.07309,0.55,0.0,-0.05,0.0,0.0,0.0,0.0,0.0,0.0,0.0
13.6032944,DATA,1,0,0,0,0,0.0,0.0,0.579861462,1.38589048,-0.8097751,71.00318,7.96591043,-34.79547,0.55,0.0,-0.05,0.0,0.0,0.0,0.0,0.0,0.0,0.0
13.658761,DATA,1,0,0,0,0,0.0,0.0,0.579487145,1.38352919,-0.8037584,71.76481,7.25800228,-33.85681,0.55,0.0,-0.05,0.0,0.0,0.0,0.0,0.0,0.0,0.0
13.7141342,DATA,1,0,0,0,0,0.0,0.0,0.578033745,1.38041687,-0.7991655,72.24129,8.12377548,-32.08087,0.55,0.0,-0.05,0.0,0.0,0.0,0.0,0.0,0.0,0.0
13.7693586,DATA,1,0,0,0,0,0.0,0.0,0.576125443,1.37725115,-0.7956579,72.8816,9.331686,-30.3192749,0.55,0.0,-0.05,0.0,0.0,0.0,0.0,0.0,0.0,0.0
13.8254337,DATA,1,0,0,0,0,0.0,0.0,0.57377845,1.37424994,-0.793142557,72.91961,11.2734375,-28.1321411,0.55,0.0,-0.05,0.0,0.0,0.0,0.0,0.0,0.0,0.0
13.8809443,DATA,1,0,0,0,0,0.0,0.0,0.572238743,1.37131548,-0.790219069,73.28149,12.7364283,-27.401947,0.55,0.0,-0.05,0.0,0.0,0.0,0.0,0.0,0.0,0.0
13.9367371,DATA,1,0,0,0,0,0.0,0.0,0.571641743,1.36804152,-0.78756547,73.27334,13.00322,-27.4975281,0.55,0.0,-0.05,0.0,0.0,0.0,0.0,0.0,0.0,0.0
13.9917355,DATA,1,0,0,0,0,0.0,0.0,0.572374642,1.36470127,-0.784593344,73.5430145,11.1663074,-28.8656311,0.55,0.0,-0.05,0.0,0.0,0.0,0.0,0.0,0.0,0.0
14.0471134,DATA,1,0,0,0,0,0.0,0.0,0.5713833,1.36516976,-0.7837484,74.55533,15.4384422,-23.7970276,0.55,0.0,-0.05,0.0,0.0,0.0,0.0,0.0,0.0,0.0
14.103097,DATA,1,0,0,0,0,0.0,0.0,0.570659,1.36517966,-0.7835114,74.52099,16.805212,-22.8318481,0.55,0.0,-0.05,0.0,0.0,0.0,0.0,0.0,0.0,0.0
14.1589909,DATA,1,0,0,0,0,0.0,0.0,0.5699828,1.36423254,-0.7817013,75.34401,19.0987625,-19.9442444,0.55,0.0,-0.05,0.0,0.0,0.0,0.0,0.0,0.0,0.0
14.2142944,DATA,1,0,0,0,0,0.0,0.0,0.5679048,1.36322224,-0.77870965,76.77268,24.93848,-14.1347046,0.55,0.0,-0.05,0.0,0.0,0.0,0.0,0.0,0.0,0.0
14.2694483,DATA,1,0,0,0,0,0.0,0.0,0.5651248,1.36190212,-0.77651,77.62935,32.1760864,-7.42974854,0.55,0.0,-0.05,0.0,0.0,0.0,0.0,0.0,0.0,0.0
14.3252668,DATA,1,0,0,0,0,0.0,0.0,0.5628913,1.36154175,-0.7745979,77.96753,38.1019135,-1.82113647,0.55,0.0,-0.05,0.0,0.0,0.0,0.0,0.0,0.0,0.0
14.3811741,DATA,1,0,0,0,0,0.0,0.0,0.562330544,1.36123288,-0.7737262,78.19049,40.4379845,0.8082842,0.55,0.0,-0.05,0.0,0.0,0.0,0.0,0.0,0.0,0.0
14.4370184,DATA,1,0,0,0,0,0.0,0.0,0.564298,1.36142969,-0.7740104,78.82155,37.12827,-1.83493042,0.55,0.0,-0.05,0.0,0.0,0.0,0.0,0.0,0.0,0.0
14.4918633,DATA,1,0,0,0,0,0.0,0.0,0.5674842,1.36118186,-0.7752464,79.28674,30.1195812,-8.11084,0.55,0.0,-0.05,0.0,0.0,0.0,0.0,0.0,0.0,0.0
14.5472555,DATA,1,0,0,0,0,0.0,0.0,0.5703128,1.360883,-0.777284861,79.20448,22.3577862,-15.6566772,0.55,0.0,-0.05,0.0,0.0,0.0,0.0,0.0,0.0,0.0
14.6031628,DATA,1,0,0,0,0,0.0,0.0,0.5724862,1.36072588,-0.7789242,78.89707,16.8604546,-20.9173584,0.55,0.0,-0.05,0.0,0.0,0.0,0.0,0.0,0.0,0.0
14.6589594,DATA,1,0,0,0,0,0.0,0.0,0.573808968,1.36065316,-0.77928853,78.8525848,14.59975,-23.1328125,0.55,0.0,-0.05,0.0,0.0,0.0,0.0,0.0,0.0,0.0
14.713809,DATA,1,0,0,0,0,0.0,0.0,0.5744136,1.360565,-0.7790153,79.1444244,14.3290024,-23.6847229,0.55,0.0,-0.05,0.0,0.0,0.0,0.0,0.0,0.0,0.0
14.7695313,DATA,1,0,0,0,0,0.0,0.0,0.5742405,1.36040819,-0.778740644,79.26095,15.1291046,-22.8333435,0.55,0.0,-0.05,0.0,0.0,0.0,0.0,0.0,0.0,0.0
14.8251457,DATA,1,0,0,0,0,0.0,0.0,0.573883832,1.360506,-0.778406858,79.36294,16.1679955,-21.7882385,0.55,0.0,-0.05,0.0,0.0,0.0,0.0,0.0,0.0,0.0
14.8804865,DATA,1,0,0,0,0,0.0,0.0,0.5739091,1.36052537,-0.7778857,79.57751,17.2172279,-20.7144165,0.55,0.0,-0.05,0.0,0.0,0.0,0.0,0.0,0.0,0.0
14.9366512,DATA,1,0,0,0,0,0.0,0.0,0.5736883,1.36065757,-0.7773373,79.79782,17.9674644,-20.082,0.55,0.0,-0.05,0.0,0.0,0.0,0.0,0.0,0.0,0.0
14.9914112,DATA,1,0,0,0,0,0.0,0.0,0.5736173,1.36073732,-0.7773206,79.73806,18.4125557,-19.6074219,0.55,0.0,-0.05,0.0,0.0,0.0,0.0,0.0,0.0,0.0
15.0473366,DATA,1,0,0,0,0,0.0,0.0,0.5732873,1.36086047,-0.777122736,79.83675,18.9187965,-18.9831543,0.55,0.0,-0.05,0.0,0.0,0.0,0.0,0.0,0.0,0.0
15.1028442,DATA,1,0,0,0,0,0.0,0.0,0.573465645,1.3604393,-0.777180433,80.00019,19.8938255,-18.23233,0.55,0.0,-0.05,0.0,0.0,0.0,0.0,0.0,0.0,0.0
15.1583614,DATA,1,0,0,0,0,0.0,0.0,0.573358357,1.36064672,-0.7774112,79.75007,18.8642426,-19.1433716,0.55,0.0,-0.05,0.0,0.0,0.0,0.0,0.0,0.0,0.0
15.2140884,DATA,1,0,0,0,0,0.0,0.0,0.57376796,1.36063457,-0.777595758,79.74385,18.4971924,-19.3902283,0.55,0.0,-0.05,0.0,0.0,0.0,0.0,0.0,0.0,0.0
15.2693424,DATA,1,0,0,0,0,0.0,0.0,0.5740207,1.36046839,-0.7777369,79.88131,17.8548946,-20.0080872,0.55,0.0,-0.05,0.0,0.0,0.0,0.0,0.0,0.0,0.0
15.3254318,DATA,1,0,0,0,0,0.0,0.0,0.57455045,1.36051035,-0.778040648,79.78571,16.2021446,-21.382843,0.55,0.0,-0.05,0.0,0.0,0.0,0.0,0.0,0.0,0.0
15.3811636,DATA,1,0,0,0,0,0.0,0.0,0.5752328,1.36064863,-0.7780788,79.82788,14.8294249,-22.67163,0.55,0.0,-0.05,0.0,0.0,0.0,0.0,0.0,0.0,0.0
15.4365244,DATA,1,0,0,0,0,0.0,0.0,0.5760272,1.36083019,-0.7780349,79.88989,13.4080353,-23.8392334,0.55,0.0,-0.05,0.0,0.0,0.0,0.0,0.0,0.0,0.0
15.4918985,DATA,1,0,0,0,0,0.0,0.0,0.5764826,1.36075163,-0.778166533,79.8767242,12.1883059,-24.8916626,0.55,0.0,-0.05,0.0,0.0,0.0,0.0,0.0,0.0,0.0
15.5472355,DATA,1,0,0,0,0,0.0,0.0,0.576252759,1.36075282,-0.7784374,79.83825,12.082056,-24.98523,0.55,0.0,-0.05,0.0,0.0,0.0,0.0,0.0,0.0,0.0
15.602972,DATA,1,0,0,0,0,0.0,0.0,0.5762642,1.360668,-0.7783296,79.90697,12.822402,-24.321167,0.55,0.0,-0.05,0.0,0.0,0.0,0.0,0.0,0.0,0.0
15.6584806,DATA,1,0,0,0,0,0.0,0.0,0.5756958,1.36097836,-0.7778642,80.03536,13.5432739,-23.6138,0.55,0.0,-0.05,0.0,0.0,0.0,0.0,0.0,0.0,0.0
15.7142735,DATA,1,0,0,0,0,0.0,0.0,0.575738251,1.360941,-0.7771499,80.39719,13.9090672,-23.07669,0.55,0.0,-0.05,0.0,0.0,0.0,0.0,0.0,0.0,0.0
15.7691364,DATA,1,0,0,0,0,0.0,0.0,0.575285733,1.36100817,-0.776657343,80.63114,15.19449,-21.7297974,0.55,0.0,-0.05,0.0,0.0,0.0,0.0,0.0,0.0,0.0
15.8254328,DATA,1,0,0,0,0,0.0,0.0,0.575326264,1.36105144,-0.776391268,80.7484055,15.3448639,-21.519989,0.55,0.0,-0.05,0.0,0.0,0.0,0.0,0.0,0.0,0.0
15.8809958,DATA,1,0,0,0,0,0.0,0.0,0.575415432,1.3607837,-0.7764909,80.76954,15.3177786,-21.65976,0.55,0.0,-0.05,0.0,0.0,0.0,0.0,0.0,0.0,0.0
15.9365778,DATA,1,0,0,0,0,0.0,0.0,0.5760911,1.36068857,-0.776581049,80.8777542,14.2961226,-22.6094055,0.55,0.0,-0.05,0.0,0.0,0.0,0.0,0.0,0.0,0.0
15.9915171,DATA,1,0,0,0,0,0.0,0.0,0.576574147,1.36073041,-0.7763207,81.15176,12.7089472,-24.1335144,0.55,0.0,-0.05,0.0,0.0,0.0,0.0,0.0,0.0,0.0
16.0477428,DATA,1,0,0,0,0,0.0,0.0,0.5772975,1.36073661,-0.77619195,81.3010254,10.1465273,-26.2606812,0.55,0.0,-0.05,0.0,0.0,0.0,0.0,0.0,0.0,0.0
16.102747,DATA,1,0,0,0,0,0.0,0.0,0.577735245,1.36076868,-0.77604413,81.3370056,8.887908,-27.2102661,0.55,0.0,-0.05,0.0,0.0,0.0,0.0,0.0,0.0,0.0
16.1583977,DATA,1,0,0,0,0,0.0,0.0,0.5776532,1.360775,-0.776181936,81.3002853,10.0163441,-26.6269226,0.55,0.0,-0.05,0.0,0.0,0.0,0.0,0.0,0.0,0.0
16.2140312,DATA,1,0,0,0,0,0.0,0.0,0.577523053,1.36067152,-0.7765162,81.28471,10.2043829,-26.7098389,0.55,0.0,-0.05,0.0,0.0,0.0,0.0,0.0,0.0,0.0
16.2690086,DATA,1,0,0,0,0,0.0,0.0,0.5779355,1.3605684,-0.776335,81.44657,7.90604067,-28.585968,0.55,0.0,-0.05,0.0,0.0,0.0,0.0,0.0,0.0,0.0
16.3251781,DATA,1,0,0,0,0,0.0,0.0,0.5784934,1.3606267,-0.775974035,81.64683,6.504134,-29.5575562,0.55,0.0,-0.05,0.0,0.0,0.0,0.0,0.0,0.0,0.0
16.3804226,DATA,1,0,0,0,0,0.0,0.0,0.5785039,1.36046064,-0.7760136,81.69934,7.3406477,-28.8374634,0.55,0.0,-0.05,0.0,0.0,0.0,0.0,0.0,0.0,0.0
16.4364719,DATA,1,0,0,0,0,0.0,0.0,0.57833606,1.36052656,-0.7764485,81.52226,8.000088,-28.217804,0.55,0.0,-0.05,0.0,0.0,0.0,0.0,0.0,0.0,0.0
16.49145,DATA,1,0,0,0,0,0.0,0.0,0.578118145,1.360695,-0.7761333,81.5649261,7.71705,-28.3074951,0.55,0.0,-0.05,0.0,0.0,0.0,0.0,0.0,0.0,0.0
16.5471935,DATA,1,0,0,0,0,0.0,0.0,0.578323662,1.360637,-0.775712252,81.81641,6.971974,-29.0752869,0.55,0.0,-0.05,0.0,0.0,0.0,0.0,0.0,0.0,0.0
16.603014,DATA,1,0,0,0,0,0.0,0.0,0.5782493,1.36070168,-0.775387049,81.88241,6.75377941,-29.3274841,0.55,0.0,-0.05,0.0,0.0,0.0,0.0,0.0,0.0,0.0
16.658411,DATA,1,0,0,0,0,0.0,0.0,0.57827884,1.36073732,-0.7757547,81.78761,7.15441561,-28.8491821,0.55,0.0,-0.05,0.0,0.0,0.0,0.0,0.0,0.0,0.0
16.7141342,DATA,1,0,0,0,0,0.0,0.0,0.5783885,1.36057353,-0.775732756,81.75974,7.212301,-28.6433411,0.55,0.0,-0.05,0.0,0.0,0.0,0.0,0.0,0.0,0.0
16.7688046,DATA,1,0,0,0,0,0.0,0.0,0.578220665,1.3605969,-0.7758696,81.7042847,7.510547,-28.25351,0.55,0.0,-0.05,0.0,0.0,0.0,0.0,0.0,0.0,0.0
16.8249722,DATA,1,0,0,0,0,0.0,0.0,0.577987969,1.36055684,-0.7756741,81.840744,8.46697,-27.5339966,0.55,0.0,-0.05,0.0,0.0,0.0,0.0,0.0,0.0,0.0
16.8810329,DATA,1,0,0,0,0,0.0,0.0,0.577706158,1.36049831,-0.7758286,81.76157,8.296385,-27.6729431,0.55,0.0,-0.05,0.0,0.0,0.0,0.0,0.0,0.0,0.0
16.935585,DATA,1,0,0,0,0,0.0,0.0,0.577842057,1.36053348,-0.7758167,81.81238,8.608794,-27.2996826,0.55,0.0,-0.05,0.0,0.0,0.0,0.0,0.0,0.0,0.0
16.99156,DATA,1,0,0,0,0,0.0,0.0,0.5779279,1.36051083,-0.7757542,81.79558,8.528536,-27.2298584,0.55,0.0,-0.05,0.0,0.0,0.0,0.0,0.0,0.0,0.0
17.047739,DATA,1,0,0,0,0,0.0,0.0,0.577751,1.36040652,-0.7761276,81.6371,8.58231,-27.1000977,0.55,0.0,-0.05,0.0,0.0,0.0,0.0,0.0,0.0,0.0
17.1026478,DATA,1,0,0,0,0,0.0,0.0,0.5778535,1.36022329,-0.776006937,81.7300339,7.734925,-28.0794067,0.55,0.0,-0.05,0.0,0.0,0.0,0.0,0.0,0.0,0.0
17.1589756,DATA,1,0,0,0,0,0.0,0.0,0.5781196,1.36019564,-0.7760837,81.7302246,7.48692226,-28.2008667,0.55,0.0,-0.05,0.0,0.0,0.0,0.0,0.0,0.0,0.0
17.213541,DATA,1,0,0,0,0,0.0,0.0,0.578362763,1.36033547,-0.7758877,81.85696,7.737081,-28.0213928,0.55,0.0,-0.05,0.0,0.0,0.0,0.0,0.0,0.0,0.0
17.269043,DATA,1,0,0,0,0,0.0,0.0,0.5781897,1.36026788,-0.7761986,81.7676,8.354446,-27.42691,0.55,0.0,-0.05,0.0,0.0,0.0,0.0,0.0,0.0,0.0
17.3253555,DATA,1,0,0,0,0,0.0,0.0,0.5778125,1.36020231,-0.7760761,81.76045,9.005853,-26.829834,0.55,0.0,-0.05,0.0,0.0,0.0,0.0,0.0,0.0,0.0
17.3809128,DATA,1,0,0,0,0,0.0,0.0,0.5780166,1.35998654,-0.7759516,82.04461,8.257362,-27.65564,0.55,0.0,-0.05,0.0,0.0,0.0,0.0,0.0,0.0,0.0
17.4361725,DATA,1,0,0,0,0,0.0,0.0,0.57832557,1.3602159,-0.7754395,82.1524,7.27293253,-28.4490051,0.55,0.0,-0.05,0.0,0.0,0.0,0.0,0.0,0.0,0.0
17.4914742,DATA,1,0,0,0,0,0.0,0.0,0.578680336,1.36017609,-0.7754519,82.20296,6.966939,-28.6732483,0.55,0.0,-0.05,0.0,0.0,0.0,0.0,0.0,0.0,0.0
17.5466137,DATA,1,0,0,0,0,0.0,0.0,0.5784505,1.36019039,-0.775501966,82.14467,7.4656024,-28.2868042,0.55,0.0,-0.05,0.0,0.0,0.0,0.0,0.0,0.0,0.0
17.6026974,DATA,1,0,0,0,0,0.0,0.0,0.5784481,1.36011624,-0.7757313,82.04809,7.13981628,-28.6381531,0.55,0.0,-0.05,0.0,0.0,0.0,0.0,0.0,0.0,0.0
17.6586285,DATA,1,0,0,0,0,0.0,0.0,0.5787862,1.36017513,-0.775563955,82.13276,6.28247929,-29.5469055,0.55,0.0,-0.05,0.0,0.0,0.0,0.0,0.0,0.0,0.0
17.713747,DATA,1,0,0,0,0,0.0,0.0,0.578965,1.3603071,-0.7755368,82.1279,5.67960548,-30.0287781,0.55,0.0,-0.05,0.0,0.0,0.0,0.0,0.0,0.0,0.0
17.7691231,DATA,1,0,0,0,0,0.0,0.0,0.5789469,1.3602581,-0.77544713,82.22805,6.259213,-29.5048218,0.55,0.0,-0.05,0.0,0.0,0.0,0.0,0.0,0.0,0.0
17.8252,DATA,1,0,0,0,0,0.0,0.0,0.57861644,1.36036265,-0.7751367,82.30201,6.72954,-29.0240784,0.55,0.0,-0.05,0.0,0.0,0.0,0.0,0.0,0.0,0.0
17.8805618,DATA,1,0,0,0,0,0.0,0.0,0.5785039,1.360258,-0.7750647,82.3969955,7.22566652,-28.5204773,0.55,0.0,-0.05,0.0,0.0,0.0,0.0,0.0,0.0,0.0
17.9357243,DATA,1,0,0,0,0,0.0,0.0,0.5784252,1.36044514,-0.7748401,82.42016,6.974391,-28.721405,0.55,0.0,-0.05,0.0,0.0,0.0,0.0,0.0,0.0,0.0
17.9914646,DATA,1,0,0,0,0,0.0,0.0,0.578584969,1.36034966,-0.7750633,82.3438339,6.448932,-29.1472168,0.55,0.0,-0.05,0.0,0.0,0.0,0.0,0.0,0.0,0.0
18.04709,DATA,1,0,0,0,0,0.0,0.0,0.578684151,1.36038268,-0.7748697,82.45384,6.31462574,-29.3702087,0.55,0.0,-0.05,0.0,0.0,0.0,0.0,0.0,0.0,0.0
18.1025124,DATA,1,0,0,0,0,0.0,0.0,0.5787242,1.36030567,-0.774909258,82.455246,6.105889,-29.4815369,0.55,0.0,-0.05,0.0,0.0,0.0,0.0,0.0,0.0,0.0
18.1582279,DATA,1,0,0,0,0,0.0,0.0,0.5785921,1.36027408,-0.7749169,82.4578247,6.233723,-29.37497,0.55,0.0,-0.05,0.0,0.0,0.0,0.0,0.0,0.0,0.0
18.2135487,DATA,1,0,0,0,0,0.0,0.0,0.5786126,1.36019659,-0.775141954,82.46795,6.136043,-29.45465,0.55,0.0,-0.05,0.0,0.0,0.0,0.0,0.0,0.0,0.0
18.2686367,DATA,1,0,0,0,0,0.0,0.0,0.5788453,1.36010659,-0.7751467,82.36815,5.135475,-30.3222961,0.55,0.0,-0.05,0.0,0.0,0.0,0.0,0.0,0.0,0.0
18.3250542,DATA,1,0,0,0,0,0.0,0.0,0.5792001,1.36011732,-0.775294542,82.44854,4.84710741,-30.7115784,0.55,0.0,-0.05,0.0,0.0,0.0,0.0,0.0,0.0,0.0
18.3807564,DATA,1,0,0,0,0,0.0,0.0,0.579336464,1.36000657,-0.7753513,82.348114,3.941552,-31.3853149,0.55,0.0,-0.05,0.0,0.0,0.0,0.0,0.0,0.0,0.0
18.43639,DATA,1,0,0,0,0,0.0,0.0,0.5791305,1.35989618,-0.7756026,82.26861,4.26896143,-31.1552734,0.55,0.0,-0.05,0.0,0.0,0.0,0.0,0.0,0.0,0.0
18.4912453,DATA,1,0,0,0,0,0.0,0.0,0.578984559,1.35988784,-0.775528669,82.30446,4.55991268,-31.0308228,0.55,0.0,-0.05,0.0,0.0,0.0,0.0,0.0,0.0,0.0
18.5471611,DATA,1,0,0,0,0,0.0,0.0,0.5788339,1.3599081,-0.7752116,82.37396,4.673276,-30.9494629,0.55,0.0,-0.05,0.0,0.0,0.0,0.0,0.0,0.0,0.0
18.602581,DATA,1,0,0,0,0,0.0,0.0,0.57876426,1.359917,-0.775074244,82.49661,5.658378,-30.0139465,0.55,0.0,-0.05,0.0,0.0,0.0,0.0,0.0,0.0,0.0
18.6583061,DATA,1,0,0,0,0,0.0,0.0,0.5783599,1.35982728,-0.775053263,82.43488,6.639161,-28.83847,0.55,0.0,-0.05,0.0,0.0,0.0,0.0,0.0,0.0,0.0
18.713871,DATA,1,0,0,0,0,0.0,0.0,0.578049,1.35966945,-0.7751658,82.44992,7.512536,-28.1041565,0.55,0.0,-0.05,0.0,0.0,0.0,0.0,0.0,0.0,0.0
18.769022,DATA,1,0,0,0,0,0.0,0.0,0.5784448,1.35981107,-0.7746465,82.50048,7.44815254,-28.2339783,0.55,0.0,-0.05,0.0,0.0,0.0,0.0,0.0,0.0,0.0
18.8248158,DATA,1,0,0,0,0,0.0,0.0,0.5787323,1.35963976,-0.774753332,82.52714,6.316565,-29.1358643,0.55,0.0,-0.05,0.0,0.0,0.0,0.0,0.0,0.0,0.0
18.8798084,DATA,1,0,0,0,0,0.0,0.0,0.5790008,1.36001015,-0.77446866,82.6236343,6.23725557,-29.3353271,0.55,0.0,-0.05,0.0,0.0,0.0,0.0,0.0,0.0,0.0
18.9364834,DATA,1,0,0,0,0,0.0,0.0,0.5789922,1.35991359,-0.7746246,82.5873,6.00017166,-29.42337,0.55,0.0,-0.05,0.0,0.0,0.0,0.0,0.0,0.0,0.0
18.9907761,DATA,1,0,0,0,0,0.0,0.0,0.57858783,1.35990429,-0.7746036,82.60217,6.74692774,-28.6198425,0.55,0.0,-0.05,0.0,0.0,0.0,0.0,0.0,0.0,0.0
19.0473671,DATA,1,0,0,0,0,0.0,0.0,0.578439057,1.359853,-0.774302244,82.7606659,7.377636,-28.0596619,0.55,0.0,-0.05,0.0,0.0,0.0,0.0,0.0,0.0,0.0
19.1023121,DATA,1,0,0,0,0,0.0,0.0,0.5783027,1.35987115,-0.7740567,82.8611145,7.55106258,-27.9107056,0.55,0.0,-0.05,0.0,0.0,0.0,0.0,0.0,0.0,0.0
19.1582737,DATA,1,0,0,0,0,0.0,0.0,0.5785492,1.35993516,-0.7740333,82.9361954,7.25672674,-28.1305847,0.55,0.0,-0.05,0.0,0.0,0.0,0.0,0.0,0.0,0.0
19.2134,DATA,1,0,0,0,0,0.0,0.0,0.578655541,1.35981667,-0.7743995,82.80999,6.323312,-28.83197,0.55,0.0,-0.05,0.0,0.0,0.0,0.0,0.0,0.0,0.0
19.2688675,DATA,1,0,0,0,0,0.0,0.0,0.5786794,1.35973132,-0.7747114,82.69792,5.84316158,-29.4383545,0.55,0.0,-0.05,0.0,0.0,0.0,0.0,0.0,0.0,0.0
19.3249683,DATA,1,0,0,0,0,0.0,0.0,0.578972161,1.35966527,-0.774744749,82.7513,4.82860661,-30.4987488,0.55,0.0,-0.05,0.0,0.0,0.0,0.0,0.0,0.0,0.0
19.37981,DATA,1,0,0,0,0,0.0,0.0,0.579112351,1.35979581,-0.7746742,82.73234,4.012795,-31.177063,0.55,0.0,-0.05,0.0,0.0,0.0,0.0,0.0,0.0,0.0
19.436533,DATA,1,0,0,0,0,0.0,0.0,0.5793727,1.35970151,-0.7745993,82.8659,3.74854875,-31.480011,0.55,0.0,-0.05,0.0,0.0,0.0,0.0,0.0,0.0,0.0
19.490881,DATA,1,0,0,0,0,0.0,0.0,0.5789054,1.35962081,-0.7744062,82.80582,4.5257163,-30.57138,0.55,0.0,-0.05,0.0,0.0,0.0,0.0,0.0,0.0,0.0
19.5475368,DATA,1,0,0,0,0,0.0,0.0,0.578558266,1.35949433,-0.7745044,82.8196,5.898787,-29.3817749,0.55,0.0,-0.05,0.0,0.0,0.0,0.0,0.0,0.0,0.0
19.6023426,DATA,1,0,0,0,0,0.0,0.0,0.5786031,1.35962272,-0.7741611,82.91848,6.27131748,-29.0270386,0.55,0.0,-0.05,0.0,0.0,0.0,0.0,0.0,0.0,0.0
19.6581326,DATA,1,0,0,0,0,0.0,0.0,0.578770936,1.35947919,-0.77415967,82.96218,5.817328,-29.4921265,0.55,0.0,-0.05,0.0,0.0,0.0,0.0,0.0,0.0,0.0
19.7138329,DATA,1,0,0,0,0,0.0,0.0,0.57897073,1.35974813,-0.7739594,82.96517,5.6430316,-29.77118,0.55,0.0,-0.05,0.0,0.0,0.0,0.0,0.0,0.0,0.0
19.7685184,DATA,1,0,0,0,0,0.0,0.0,0.5791033,1.359596,-0.774244547,82.89171,4.88375759,-30.2277832,0.55,0.0,-0.05,0.0,0.0,0.0,0.0,0.0,0.0,0.0
19.8246536,DATA,1,0,0,0,0,0.0,0.0,0.5788558,1.35956788,-0.7744944,82.8234558,5.4790535,-29.6565857,0.55,0.0,-0.05,0.0,0.0,0.0,0.0,0.0,0.0,0.0
19.8806229,DATA,1,0,0,0,0,0.0,0.0,0.5787452,1.35958028,-0.7743952,82.91329,6.115977,-29.1682739,0.55,0.0,-0.05,0.0,0.0,0.0,0.0,0.0,0.0,0.0
19.93598,DATA,1,0,0,0,0,0.0,0.0,0.5786908,1.35956645,-0.7742498,82.929924,6.07590771,-29.2295532,0.55,0.0,-0.05,0.0,0.0,0.0,0.0,0.0,0.0,0.0
19.9908237,DATA,1,0,0,0,0,0.0,0.0,0.578803837,1.359803,-0.7740619,82.98116,6.326979,-29.0303345,0.55,0.0,-0.05,0.0,0.0,0.0,0.0,0.0,0.0,0.0
20.04686,DATA,1,0,0,0,0,0.0,0.0,0.5787576,1.35963893,-0.774376154,82.87922,5.997219,-29.0169067,0.55,0.0,-0.05,0.0,0.0,0.0,0.0,0.0,0.0,0.0
20.1026974,DATA,1,0,0,0,0,0.0,0.0,0.578584,1.359663,-0.774281263,82.89411,6.715585,-28.40799,0.55,0.0,-0.05,0.0,0.0,0.0,0.0,0.0,0.0,0.0
20.1577663,DATA,1,0,0,0,0,0.0,0.0,0.5785783,1.35953748,-0.7741792,82.99129,6.918593,-28.28424,0.55,0.0,-0.05,0.0,0.0,0.0,0.0,0.0,0.0,0.0
20.2135925,DATA,1,0,0,0,0,0.0,0.0,0.5784963,1.3597225,-0.7739618,83.0046158,6.656172,-28.557312,0.55,0.0,-0.05,0.0,0.0,0.0,0.0,0.0,0.0,0.0
20.2691059,DATA,1,0,0,0,0,0.0,0.0,0.578778565,1.35958838,-0.774122953,83.01534,6.14258,-28.9491272,0.55,0.0,-0.05,0.0,0.0,0.0,0.0,0.0,0.0,0.0
20.32466,DATA,1,0,0,0,0,0.0,0.0,0.5786689,1.35969174,-0.774260759,82.9455,6.12453365,-28.8497314,0.55,0.0,-0.05,0.0,0.0,0.0,0.0,0.0,0.0,0.0
20.3804131,DATA,1,0,0,0,0,0.0,0.0,0.5786508,1.35966122,-0.774403334,82.93653,7.08913136,-28.0610657,0.55,0.0,-0.05,0.0,0.0,0.0,0.0,0.0,0.0,0.0
20.4360085,DATA,1,0,0,0,0,0.0,0.0,0.5785311,1.35951126,-0.774118662,83.01042,7.074108,-27.9495239,0.55,0.0,-0.05,0.0,0.0,0.0,0.0,0.0,0.0,0.0
20.4912014,DATA,1,0,0,0,0,0.0,0.0,0.578531563,1.35944951,-0.7740333,83.0825043,7.16354847,-27.760498,0.55,0.0,-0.05,0.0,0.0,0.0,0.0,0.0,0.0,0.0
20.5468826,DATA,1,0,0,0,0,0.0,0.0,0.578570664,1.3596611,-0.773777246,83.14368,7.86735344,-27.143219,0.55,0.0,-0.05,0.0,0.0,0.0,0.0,0.0,0.0,0.0
20.6024742,DATA,1,0,0,0,0,0.0,0.0,0.5784705,1.35966432,-0.773939848,83.09874,8.379907,-26.7467957,0.55,0.0,-0.05,0.0,0.0,0.0,0.0,0.0,0.0,0.0
20.6579762,DATA,1,0,0,0,0,0.0,0.0,0.5785373,1.35964441,-0.773903131,83.07179,8.201297,-26.9971313,0.55,0.0,-0.05,0.0,0.0,0.0,0.0,0.0,0.0,0.0
20.7132931,DATA,1,0,0,0,0,0.0,0.0,0.578834832,1.35955429,-0.7738483,83.09198,7.71892071,-27.6085815,0.55,0.0,-0.05,0.0,0.0,0.0,0.0,0.0,0.0,0.0
20.7690926,DATA,1,0,0,0,0,0.0,0.0,0.5790971,1.35959458,-0.7741554,83.01113,6.91295052,-28.3364868,0.55,0.0,-0.05,0.0,0.0,0.0,0.0,0.0,0.0,0.0
20.8247643,DATA,1,0,0,0,0,0.0,0.0,0.5791529,1.359588,-0.774295568,82.97666,5.94006968,-29.164856,0.55,0.0,-0.05,0.0,0.0,0.0,0.0,0.0,0.0,0.0
20.8803616,DATA,1,0,0,0,0,0.0,0.0,0.5793169,1.35952973,-0.7743051,83.04286,6.090129,-28.9989624,0.55,0.0,-0.05,0.0,0.0,0.0,0.0,0.0,0.0,0.0
20.93586,DATA,1,0,0,0,0,0.0,0.0,0.5790747,1.3596158,-0.774108648,83.06591,6.38935137,-28.8045959,0.55,0.0,-0.05,0.0,0.0,0.0,0.0,0.0,0.0,0.0
20.9909573,DATA,1,0,0,0,0,0.0,0.0,0.57921344,1.35952783,-0.774155855,83.11924,6.227172,-28.9700928,0.55,0.0,-0.05,0.0,0.0,0.0,0.0,0.0,0.0,0.0
21.04696,DATA,1,0,0,0,0,0.0,0.0,0.5792478,1.35964727,-0.7740624,83.13556,5.573821,-29.7052612,0.55,0.0,-0.05,0.0,0.0,0.0,0.0,0.0,0.0,0.0
21.1023331,DATA,1,0,0,0,0,0.0,0.0,0.579657853,1.3596276,-0.774252653,83.098175,4.09338,-31.3039246,0.55,0.0,-0.05,0.0,0.0,0.0,0.0,0.0,0.0,0.0
21.1580772,DATA,1,0,0,0,0,0.0,0.0,0.5801452,1.35963845,-0.7742708,82.99358,2.24665,-33.4134521,0.55,0.0,-0.05,0.0,0.0,0.0,0.0,0.0,0.0,0.0
21.21322,DATA,1,0,0,0,0,0.0,0.0,0.580800831,1.35961509,-0.774761438,82.78175,0.246464044,-35.600708,0.55,0.0,-0.05,0.0,0.0,0.0,0.0,0.0,0.0,0.0
21.2689877,DATA,1,0,0,0,0,0.0,0.0,0.5810302,1.3597827,-0.7749059,82.64739,-1.37323,-37.1705933,0.55,0.0,-0.05,0.0,0.0,0.0,0.0,0.0,0.0,0.0
21.3251286,DATA,1,0,0,0,0,0.0,0.0,0.5811618,1.35977077,-0.775038,82.57934,-2.196228,-37.7819824,0.55,0.0,-0.05,0.0,0.0,0.0,0.0,0.0,0.0,0.0
21.38015,DATA,1,0,0,0,0,0.0,0.0,0.5807975,1.35981846,-0.774872065,82.620224,-1.777771,-37.3193665,0.55,0.0,-0.05,0.0,0.0,0.0,0.0,0.0,0.0,0.0
21.4366436,DATA,1,0,0,0,0,0.0,0.0,0.5801738,1.35981417,-0.774629354,82.71937,-0.532562256,-35.9105835,0.55,0.0,-0.05,0.0,0.0,0.0,0.0,0.0,0.0,0.0
21.4908867,DATA,1,0,0,0,0,0.0,0.0,0.579808533,1.35983789,-0.774073839,82.99481,0.19212012,-34.978302,0.55,0.0,-0.05,0.0,0.0,0.0,0.0,0.0,0.0,0.0
21.5467167,DATA,1,0,0,0,0,0.0,0.0,0.5795949,1.35995555,-0.7732966,83.33391,0.7609529,-34.33307,0.55,0.0,-0.05,0.0,0.0,0.0,0.0,0.0,0.0,0.0
21.6026173,DATA,1,0,0,0,0,0.0,0.0,0.5794142,1.35997307,-0.772661,83.61285,1.019797,-34.104248,0.55,0.0,-0.05,0.0,0.0,0.0,0.0,0.0,0.0,0.0
21.657999,DATA,1,0,0,0,0,0.0,0.0,0.579295,1.35991108,-0.7723706,83.68413,1.82781184,-33.50479,0.55,0.0,-0.05,0.0,0.0,0.0,0.0,0.0,0.0,0.0
21.7130585,DATA,1,0,0,0,0,0.0,0.0,0.5795606,1.35995233,-0.7721665,83.8053055,1.03860879,-34.5316162,0.55,0.0,-0.05,0.0,0.0,0.0,0.0,0.0,0.0,0.0
21.7683067,DATA,1,0,0,0,0,0.0,0.0,0.5803011,1.35978055,-0.771687269,84.14747,-1.97015381,-37.2379761,0.55,0.0,-0.05,0.0,0.0,0.0,0.0,0.0,0.0,0.0
21.8245144,DATA,1,0,0,0,0,0.0,0.0,0.5810645,1.35966349,-0.771085,84.41006,-6.438385,-41.0974121,0.55,0.0,-0.05,0.0,0.0,0.0,0.0,0.0,0.0,0.0
21.8802986,DATA,1,0,0,0,0,0.0,0.0,0.58174926,1.35992777,-0.7702763,84.75817,-11.7404785,-46.27603,0.55,0.0,-0.05,0.0,0.0,0.0,0.0,0.0,0.0,0.0
21.9356937,DATA,1,0,0,0,0,0.0,0.0,0.5824202,1.3598094,-0.7694123,85.1374741,-15.5896,-50.3907471,0.55,0.0,-0.05,0.0,0.0,0.0,0.0,0.0,0.0,0.0
21.99087,DATA,1,0,0,0,0,0.0,0.0,0.5829404,1.35989952,-0.7687843,85.31546,-19.6433716,-54.4449463,0.55,0.0,-0.05,0.0,0.0,0.0,0.0,0.0,0.0,0.0
22.0464668,DATA,1,0,0,0,0,0.0,0.0,0.5835126,1.35989618,-0.7682588,85.47061,-24.7695923,-59.58197,0.55,0.0,-0.05,0.0,0.0,0.0,0.0,0.0,0.0,0.0
22.10225,DATA,1,0,0,0,0,0.0,0.0,0.5845197,1.3599205,-0.767636061,85.53278,-31.1904,-65.85803,0.55,0.0,-0.05,0.0,0.0,0.0,0.0,0.0,0.0,0.0
22.1581554,DATA,1,0,0,0,0,0.0,0.0,0.5852435,1.359884,-0.767187357,85.52762,-36.75659,-71.37341,0.55,0.0,-0.05,0.0,0.0,0.0,0.0,0.0,0.0,0.0
22.21319,DATA,1,0,0,0,0,0.0,0.0,0.5855897,1.35981524,-0.7675984,85.22271,-37.99527,-72.55029,0.55,0.0,-0.05,0.0,0.0,0.0,0.0,0.0,0.0,0.0
22.26902,DATA,1,0,0,0,0,0.0,0.0,0.5859478,1.3599205,-0.7682259,84.85037,-37.7507324,-72.08826,0.55,0.0,-0.05,0.0,0.0,0.0,0.0,0.0,0.0,0.0
22.32497,DATA,1,0,0,0,0,0.0,0.0,0.586424649,1.35980535,-0.768822432,84.5346,-37.9332581,-71.94284,0.55,0.0,-0.05,0.0,0.0,0.0,0.0,0.0,0.0,0.0
22.3802166,DATA,1,0,0,0,0,0.0,0.0,0.58664304,1.360023,-0.7691877,84.3065262,-37.778595,-71.64313,0.55,0.0,-0.05,0.0,0.0,0.0,0.0,0.0,0.0,0.0
22.4362411,DATA,1,0,0,0,0,0.0,0.0,0.586517632,1.360003,-0.7696502,84.18281,-36.1329346,-70.2868652,0.55,0.0,-0.05,0.0,0.0,0.0,0.0,0.0,0.0,0.0
22.4906,DATA,1,0,0,0,0,0.0,0.0,0.586640656,1.36014271,-0.7699082,84.02309,-35.2338562,-69.69202,0.55,0.0,-0.05,0.0,0.0,0.0,0.0,0.0,0.0,0.0
22.5469627,DATA,1,0,0,0,0,0.0,0.0,0.5868209,1.360049,-0.7702005,83.8506241,-35.6451721,-70.12155,0.55,0.0,-0.05,0.0,0.0,0.0,0.0,0.0,0.0,0.0
22.60265,DATA,1,0,0,0,0,0.0,0.0,0.587091744,1.36005092,-0.77018,83.78082,-35.638,-70.05444,0.55,0.0,-0.05,0.0,0.0,0.0,0.0,0.0,0.0,0.0
22.6580544,DATA,1,0,0,0,0,0.0,0.0,0.5870045,1.35999608,-0.7701323,83.84063,-35.679718,-70.06531,0.55,0.0,-0.05,0.0,0.0,0.0,0.0,0.0,0.0,0.0
22.7136173,DATA,1,0,0,0,0,0.0,0.0,0.58674556,1.36014891,-0.7698581,84.0312653,-35.7975769,-70.2225,0.55,0.0,-0.05,0.0,0.0,0.0,0.0,0.0,0.0,0.0
22.7682953,DATA,1,0,0,0,0,0.0,0.0,0.5863884,1.36012185,-0.7694895,84.28239,-36.0334473,-70.55304,0.55,0.0,-0.05,0.0,0.0,0.0,0.0,0.0,0.0,0.0
22.8249378,DATA,1,0,0,0,0,0.0,0.0,0.58639127,1.36012268,-0.7690036,84.42118,-36.78952,-71.311676,0.55,0.0,-0.05,0.0,0.0,0.0,0.0,0.0,0.0,0.0
22.8802147,DATA,1,0,0,0,0,0.0,0.0,0.5864814,1.36009312,-0.768770456,84.47771,-37.78116,-72.31766,0.55,0.0,-0.05,0.0,0.0,0.0,0.0,0.0,0.0,0.0
22.935627,DATA,1,0,0,0,0,0.0,0.0,0.58658725,1.36011481,-0.7687347,84.45786,-38.53894,-73.085144,0.55,0.0,-0.05,0.0,0.0,0.0,0.0,0.0,0.0,0.0
22.9906349,DATA,1,0,0,0,0,0.0,0.0,0.5868514,1.36012363,-0.7687504,84.35049,-39.6500244,-74.11084,0.55,0.0,-0.05,0.0,0.0,0.0,0.0,0.0,0.0,0.0
23.04721,DATA,1,0,0,0,0,0.0,0.0,0.5870641,1.36001921,-0.768926859,84.256424,-40.60727,-74.98135,0.55,0.0,-0.05,0.0,0.0,0.0,0.0,0.0,0.0,0.0
23.1019478,DATA,1,0,0,0,0,0.0,0.0,0.586978734,1.36017942,-0.769081831,84.14971,-40.4566956,-74.79431,0.55,0.0,-0.05,0.0,0.0,0.0,0.0,0.0,0.0,0.0
23.158144,DATA,1,0,0,0,0,0.0,0.0,0.5869935,1.36013341,-0.7689159,84.1855,-41.22174,-75.6763,0.55,0.0,-0.05,0.0,0.0,0.0,0.0,0.0,0.0,0.0
23.212923,DATA,1,0,0,0,0,0.0,0.0,0.5871995,1.36014,-0.7685883,84.24926,-42.368103,-76.98773,0.55,0.0,-0.05,0.0,0.0,0.0,0.0,0.0,0.0,0.0
23.2679062,DATA,1,0,0,0,0,0.0,0.0,0.5873149,1.36008263,-0.7686088,84.1899261,-43.08008,-77.6142,0.55,0.0,-0.05,0.0,0.0,0.0,0.0,0.0,0.0,0.0
23.3248425,DATA,1,0,0,0,0,0.0,0.0,0.58777076,1.36001539,-0.76869607,84.08583,-43.72339,-78.11743,0.55,0.0,-0.05,0.0,0.0,0.0,0.0,0.0,0.0,0.0
23.38004,DATA,1,0,0,0,0,0.0,0.0,0.587894738,1.35995984,-0.7687352,84.00449,-44.2956543,-78.6842651,0.55,0.0,-0.05,0.0,0.0,0.0,0.0,0.0,0.0,0.0
23.4358082,DATA,1,0,0,0,0,0.0,0.0,0.588050663,1.35995448,-0.7686231,83.94592,-44.8435669,-79.24298,0.55,0.0,-0.05,0.0,0.0,0.0,0.0,0.0,0.0,0.0
23.4904652,DATA,1,0,0,0,0,0.0,0.0,0.588118851,1.35982847,-0.768669844,83.90909,-45.2999573,-79.6701355,0.55,0.0,-0.05,0.0,0.0,0.0,0.0,0.0,0.0,0.0
23.5462265,DATA,1,0,0,0,0,0.0,0.0,0.588455,1.35990882,-0.7687619,83.8789749,-45.1979675,-79.5102539,0.55,0.0,-0.05,0.0,0.0,0.0,0.0,0.0,0.0,0.0
23.6026764,DATA,1,0,0,0,0,0.0,0.0,0.5885108,1.35992956,-0.768844366,83.867485,-44.80258,-79.10684,0.55,0.0,-0.05,0.0,0.0,0.0,0.0,0.0,0.0,0.0
23.6579418,DATA,1,0,0,0,0,0.0,0.0,0.588458359,1.35995817,-0.768727064,83.84725,-45.0905151,-79.46591,0.55,0.0,-0.05,0.0,0.0,0.0,0.0,0.0,0.0,0.0
23.71317,DATA,1,0,0,0,0,0.0,0.0,0.588507,1.35999489,-0.7686317,83.76627,-45.6231079,-79.89197,0.55,0.0,-0.05,0.0,0.0,0.0,0.0,0.0,0.0,0.0
23.7683,DATA,1,0,0,0,0,0.0,0.0,0.5886052,1.35998833,-0.7688234,83.70182,-45.24353,-79.47873,0.55,0.0,-0.05,0.0,0.0,0.0,0.0,0.0,0.0,0.0
23.8244934,DATA,1,0,0,0,0,0.0,0.0,0.5890048,1.36008835,-0.7688887,83.63748,-45.3768921,-79.57294,0.55,0.0,-0.05,0.0,0.0,0.0,0.0,0.0,0.0,0.0
23.88022,DATA,1,0,0,0,0,0.0,0.0,0.5891622,1.359999,-0.768974066,83.57859,-45.675354,-79.8804,0.55,0.0,-0.05,0.0,0.0,0.0,0.0,0.0,0.0,0.0
23.9356155,DATA,1,0,0,0,0,0.0,0.0,0.5892852,1.36004043,-0.7690103,83.53337,-45.3824463,-79.60745,0.55,0.0,-0.05,0.0,0.0,0.0,0.0,0.0,0.0,0.0
23.9908161,DATA,1,0,0,0,0,0.0,0.0,0.589355767,1.35994935,-0.7690208,83.51224,-45.6577148,-79.85486,0.55,0.0,-0.05,0.0,0.0,0.0,0.0,0.0,0.0,0.0
24.0467072,DATA,1,0,0,0,0,0.0,0.0,0.589401543,1.35991359,-0.769108534,83.5394058,-45.20114,-79.41104,0.55,0.0,-0.05,0.0,0.0,0.0,0.0,0.0,0.0,0.0
24.1017227,DATA,1,0,0,0,0,0.0,0.0,0.5892852,1.35982466,-0.7692301,83.55348,-44.6087952,-78.7715454,0.55,0.0,-0.05,0.0,0.0,0.0,0.0,0.0,0.0,0.0
24.1575832,DATA,1,0,0,0,0,0.0,0.0,0.5892537,1.35995483,-0.769124746,83.55558,-44.8934021,-79.0805359,0.55,0.0,-0.05,0.0,0.0,0.0,0.0,0.0,0.0,0.0
24.2128639,DATA,1,0,0,0,0,0.0,0.0,0.5894912,1.35982823,-0.769137144,83.47646,-45.5432434,-79.6877747,0.55,0.0,-0.05,0.0,0.0,0.0,0.0,0.0,0.0,0.0
24.2675838,DATA,1,0,0,0,0,0.0,0.0,0.589724362,1.35989559,-0.769315,83.39194,-45.2861023,-79.46518,0.55,0.0,-0.05,0.0,0.0,0.0,0.0,0.0,0.0,0.0
24.32448,DATA,1,0,0,0,0,0.0,0.0,0.5898965,1.35980165,-0.76949954,83.31264,-45.1607056,-79.23178,0.55,0.0,-0.05,0.0,0.0,0.0,0.0,0.0,0.0,0.0
24.37986,DATA,1,0,0,0,0,0.0,0.0,0.5897644,1.35979962,-0.7694104,83.3225,-45.14554,-79.22449,0.55,0.0,-0.05,0.0,0.0,0.0,0.0,0.0,0.0,0.0
24.4354076,DATA,1,0,0,0,0,0.0,0.0,0.5895284,1.359765,-0.7693069,83.40563,-44.8132935,-78.96854,0.55,0.0,-0.05,0.0,0.0,0.0,0.0,0.0,0.0,0.0
24.4906769,DATA,1,0,0,0,0,0.0,0.0,0.5893834,1.35972834,-0.7692754,83.4589,-44.6566467,-78.84659,0.55,0.0,-0.05,0.0,0.0,0.0,0.0,0.0,0.0,0.0
24.5467129,DATA,1,0,0,0,0,0.0,0.0,0.5894049,1.35971355,-0.7694032,83.39084,-44.45822,-78.59625,0.55,0.0,-0.05,0.0,0.0,0.0,0.0,0.0,0.0,0.0
24.6023216,DATA,1,0,0,0,0,0.0,0.0,0.589479268,1.35965,-0.769643068,83.32144,-44.4058533,-78.48047,0.55,0.0,-0.05,0.0,0.0,0.0,0.0,0.0,0.0,0.0
24.657856,DATA,1,0,0,0,0,0.0,0.0,0.5892728,1.359687,-0.769558668,83.33474,-43.68994,-77.8092041,0.55,0.0,-0.05,0.0,0.0,0.0,0.0,0.0,0.0,0.0
24.713129,DATA,1,0,0,0,0,0.0,0.0,0.58923465,1.35961032,-0.7694576,83.41861,-44.07321,-78.27457,0.55,0.0,-0.05,0.0,0.0,0.0,0.0,0.0,0.0,0.0
24.7687149,DATA,1,0,0,0,0,0.0,0.0,0.589152634,1.35965657,-0.769595861,83.3451,-43.8371277,-77.95975,0.55,0.0,-0.05,0.0,0.0,0.0,0.0,0.0,0.0,0.0
24.8242645,DATA,1,0,0,0,0,0.0,0.0,0.589298546,1.35953474,-0.7698219,83.26894,-44.15854,-78.26218,0.55,0.0,-0.05,0.0,0.0,0.0,0.0,0.0,0.0,0.0
24.8799076,DATA,1,0,0,0,0,0.0,0.0,0.58931905,1.359588,-0.7697904,83.19006,-43.8858337,-77.98932,0.55,0.0,-0.05,0.0,0.0,0.0,0.0,0.0,0.0,0.0
24.9358,DATA,1,0,0,0,0,0.0,0.0,0.589292347,1.35947323,-0.769777536,83.21971,-44.25,-78.41321,0.55,0.0,-0.05,0.0,0.0,0.0,0.0,0.0,0.0,0.0
24.99009,DATA,1,0,0,0,0,0.0,0.0,0.5893529,1.35975718,-0.769693136,83.2368546,-44.59198,-78.7478,0.55,0.0,-0.05,0.0,0.0,0.0,0.0,0.0,0.0,0.0
25.0462875,DATA,1,0,0,0,0,0.0,0.0,0.5893176,1.35971844,-0.769803762,83.233345,-44.52356,-78.5997,0.55,0.0,-0.05,0.0,0.0,0.0,0.0,0.0,0.0,0.0
25.10174,DATA,1,0,0,0,0,0.0,0.0,0.589259446,1.35971081,-0.7698386,83.21783,-44.4008179,-78.47217,0.55,0.0,-0.05,0.0,0.0,0.0,0.0,0.0,0.0,0.0
25.1577435,DATA,1,0,0,0,0,0.0,0.0,0.5892623,1.3596884,-0.7698147,83.20431,-44.5180664,-78.60129,0.55,0.0,-0.05,0.0,0.0,0.0,0.0,0.0,0.0,0.0
25.2125683,DATA,1,0,0,0,0,0.0,0.0,0.5892108,1.359684,-0.7699106,83.17666,-44.2820435,-78.40048,0.55,0.0,-0.05,0.0,0.0,0.0,0.0,0.0,0.0,0.0
25.2681179,DATA,1,0,0,0,0,0.0,0.0,0.5891498,1.35974932,-0.7698662,83.20376,-44.48355,-78.5403442,0.55,0.0,-0.05,0.0,0.0,0.0,0.0,0.0,0.0,0.0
25.324543,DATA,1,0,0,0,0,0.0,0.0,0.589030564,1.35967243,-0.769869566,83.24907,-44.3146667,-78.31616,0.55,0.0,-0.05,0.0,0.0,0.0,0.0,0.0,0.0,0.0
25.3800068,DATA,1,0,0,0,0,0.0,0.0,0.588971436,1.35962558,-0.769699335,83.31625,-44.1666565,-78.21814,0.55,0.0,-0.05,0.0,0.0,0.0,0.0,0.0,0.0,0.0
25.4353256,DATA,1,0,0,0,0,0.0,0.0,0.5890201,1.3595494,-0.76972127,83.29688,-44.3564758,-78.41904,0.55,0.0,-0.05,0.0,0.0,0.0,0.0,0.0,0.0,0.0
25.49033,DATA,1,0,0,0,0,0.0,0.0,0.5892852,1.35969877,-0.7697661,83.23935,-44.5274048,-78.6123657,0.55,0.0,-0.05,0.0,0.0,0.0,0.0,0.0,0.0,0.0
25.5466785,DATA,1,0,0,0,0,0.0,0.0,0.589380562,1.35962117,-0.7699549,83.1592255,-44.49292,-78.52231,0.55,0.0,-0.05,0.0,0.0,0.0,0.0,0.0,0.0,0.0
25.6016674,DATA,1,0,0,0,0,0.0,0.0,0.5895241,1.35964966,-0.7697394,83.17608,-44.9644165,-78.92093,0.55,0.0,-0.05,0.0,0.0,0.0,0.0,0.0,0.0,0.0
25.6577244,DATA,1,0,0,0,0,0.0,0.0,0.589351,1.35961723,-0.7699444,83.18365,-43.9708862,-77.9837,0.55,0.0,-0.05,0.0,0.0,0.0,0.0,0.0,0.0,0.0
25.7127247,DATA,1,0,0,0,0,0.0,0.0,0.5895131,1.35968685,-0.7700417,83.200676,-43.7616577,-77.92267,0.55,0.0,-0.05,0.0,0.0,0.0,0.0,0.0,0.0,0.0
25.76793,DATA,1,0,0,0,0,0.0,0.0,0.589815438,1.359599,-0.769901037,83.1714,-45.01831,-79.05554,0.55,0.0,-0.05,0.0,0.0,0.0,0.0,0.0,0.0,0.0
25.8241329,DATA,1,0,0,0,0,0.0,0.0,0.5899041,1.359611,-0.7699945,83.1155548,-44.65335,-78.6194153,0.55,0.0,-0.05,0.0,0.0,0.0,0.0,0.0,0.0,0.0
25.8797188,DATA,1,0,0,0,0,0.0,0.0,0.5897277,1.35958481,-0.770115137,83.15946,-44.0835876,-77.9790649,0.55,0.0,-0.05,0.0,0.0,0.0,0.0,0.0,0.0,0.0
25.9351959,DATA,1,0,0,0,0,0.0,0.0,0.5894626,1.35965633,-0.769750834,83.36186,-44.8221436,-78.59949,0.55,0.0,-0.05,0.0,0.0,0.0,0.0,0.0,0.0,0.0
25.9902782,DATA,1,0,0,0,0,0.0,0.0,0.5890592,1.35980749,-0.7694557,83.55199,-44.8044434,-78.66626,0.55,0.0,-0.05,0.0,0.0,0.0,0.0,0.0,0.0,0.0
26.0455418,DATA,1,0,0,0,0,0.0,0.0,0.588901341,1.35977161,-0.7695968,83.5602341,-44.0733948,-78.03845,0.55,0.0,-0.05,0.0,0.0,0.0,0.0,0.0,0.0,0.0
26.10158,DATA,1,0,0,0,0,0.0,0.0,0.589028656,1.35979557,-0.7696402,83.42043,-44.137146,-78.04266,0.55,0.0,-0.05,0.0,0.0,0.0,0.0,0.0,0.0,0.0
26.15754,DATA,1,0,0,0,0,0.0,0.0,0.589353859,1.35967958,-0.7698214,83.28841,-44.7000732,-78.5079041,0.55,0.0,-0.05,0.0,0.0,0.0,0.0,0.0,0.0,0.0
26.2126579,DATA,1,0,0,0,0,0.0,0.0,0.589114,1.3598268,-0.76977706,83.2372,-44.04834,-77.88904,0.55,0.0,-0.05,0.0,0.0,0.0,0.0,0.0,0.0,0.0
26.26811,DATA,1,0,0,0,0,0.0,0.0,0.5889905,1.35974,-0.769707441,83.30684,-44.1180725,-78.05899,0.55,0.0,-0.05,0.0,0.0,0.0,0.0,0.0,0.0,0.0
26.3240242,DATA,1,0,0,0,0,0.0,0.0,0.588942349,1.35973525,-0.769336939,83.35908,-45.2184448,-79.0245361,0.55,0.0,-0.05,0.0,0.0,0.0,0.0,0.0,0.0,0.0
26.379776,DATA,1,0,0,0,0,0.0,0.0,0.588919461,1.35965371,-0.769346952,83.37634,-45.1463,-78.9407959,0.55,0.0,-0.05,0.0,0.0,0.0,0.0,0.0,0.0,0.0
26.4355373,DATA,1,0,0,0,0,0.0,0.0,0.588985264,1.35979056,-0.7694113,83.34857,-45.0427246,-78.86316,0.55,0.0,-0.05,0.0,0.0,0.0,0.0,0.0,0.0,0.0
26.4905663,DATA,1,0,0,0,0,0.0,0.0,0.5891965,1.3596766,-0.769263,83.33191,-46.1812744,-80.00409,0.55,0.0,-0.05,0.0,0.0,0.0,0.0,0.0,0.0,0.0
26.5459518,DATA,1,0,0,0,0,0.0,0.0,0.58938247,1.35973394,-0.769211054,83.28216,-46.53653,-80.3244,0.55,0.0,-0.05,0.0,0.0,0.0,0.0,0.0,0.0,0.0
26.6015911,DATA,1,0,0,0,0,0.0,0.0,0.5893977,1.35970473,-0.7692416,83.27273,-46.4824524,-80.32617,0.55,0.0,-0.05,0.0,0.0,0.0,0.0,0.0,0.0,0.0
26.6572,DATA,1,0,0,0,0,0.0,0.0,0.5894235,1.35966372,-0.769083261,83.33259,-46.7297974,-80.5867,0.55,0.0,-0.05,0.0,0.0,0.0,0.0,0.0,0.0,0.0
26.7122974,DATA,1,0,0,0,0,0.0,0.0,0.589286149,1.35968828,-0.7689712,83.41182,-46.31021,-80.29019,0.55,0.0,-0.05,0.0,0.0,0.0,0.0,0.0,0.0,0.0
26.7679977,DATA,1,0,0,0,0,0.0,0.0,0.589156449,1.3596009,-0.768943548,83.4950943,-46.0679321,-80.12753,0.55,0.0,-0.05,0.0,0.0,0.0,0.0,0.0,0.0,0.0
26.8238029,DATA,1,0,0,0,0,0.0,0.0,0.589042,1.35963726,-0.768951654,83.5072556,-46.06958,-80.14667,0.55,0.0,-0.05,0.0,0.0,0.0,0.0,0.0,0.0,0.0
26.8799438,DATA,1,0,0,0,0,0.0,0.0,0.589197,1.359534,-0.768898249,83.49645,-46.8052673,-80.8407,0.55,0.0,-0.05,0.0,0.0,0.0,0.0,0.0,0.0,0.0
26.9347878,DATA,1,0,0,0,0,0.0,0.0,0.589639,1.35957074,-0.7690041,83.43598,-47.0503845,-80.9867859,0.55,0.0,-0.05,0.0,0.0,0.0,0.0,0.0,0.0,0.0
26.9905777,DATA,1,0,0,0,0,0.0,0.0,0.5896371,1.3594662,-0.769057035,83.46289,-47.0347,-80.95987,0.55,0.0,-0.05,0.0,0.0,0.0,0.0,0.0,0.0,0.0
27.045969,DATA,1,0,0,0,0,0.0,0.0,0.589394867,1.35958481,-0.7689879,83.5431442,-46.8085938,-80.79736,0.55,0.0,-0.05,0.0,0.0,0.0,0.0,0.0,0.0,0.0
27.102026,DATA,1,0,0,0,0,0.0,0.0,0.5892938,1.35951257,-0.7689631,83.61067,-46.5968628,-80.67166,0.55,0.0,-0.05,0.0,0.0,0.0,0.0,0.0,0.0,0.0
27.157444,DATA,1,0,0,0,0,0.0,0.0,0.589351,1.35968423,-0.768811941,83.6198,-46.5804749,-80.62836,0.55,0.0,-0.05,0.0,0.0,0.0,0.0,0.0,0.0,0.0
27.212368,DATA,1,0,0,0,0,0.0,0.0,0.589427769,1.35957706,-0.7689574,83.57358,-46.5033569,-80.5177,0.55,0.0,-0.05,0.0,0.0,0.0,0.0,0.0,0.0,0.0
27.26781,DATA,1,0,0,0,0,0.0,0.0,0.589394867,1.35967231,-0.7689564,83.54794,-46.42035,-80.45111,0.55,0.0,-0.05,0.0,0.0,0.0,0.0,0.0,0.0,0.0
27.3241844,DATA,1,0,0,0,0,0.0,0.0,0.5894769,1.359605,-0.7689612,83.55056,-46.70108,-80.7764,0.55,0.0,-0.05,0.0,0.0,0.0,0.0,0.0,0.0,0.0
27.3796883,DATA,1,0,0,0,0,0.0,0.0,0.5895179,1.35962021,-0.7690518,83.49356,-46.8264465,-80.8537,0.55,0.0,-0.05,0.0,0.0,0.0,0.0,0.0,0.0,0.0
27.4352188,DATA,1,0,0,0,0,0.0,0.0,0.5896066,1.35963833,-0.769029856,83.45705,-47.11856,-81.15576,0.55,0.0,-0.05,0.0,0.0,0.0,0.0,0.0,0.0,0.0
27.4904633,DATA,1,0,0,0,0,0.0,0.0,0.589722455,1.35956311,-0.7689717,83.4424057,-47.56482,-81.58432,0.55,0.0,-0.05,0.0,0.0,0.0,0.0,0.0,0.0,0.0
27.546133,DATA,1,0,0,0,0,0.0,0.0,0.5896056,1.3596,-0.769036531,83.4216843,-46.9749451,-80.951355,0.55,0.0,-0.05,0.0,0.0,0.0,0.0,0.0,0.0,0.0
27.6018677,DATA,1,0,0,0,0,0.0,0.0,0.589578,1.35949349,-0.769011259,83.47256,-47.053772,-81.0267944,0.55,0.0,-0.05,0.0,0.0,0.0,0.0,0.0,0.0,0.0
27.657753,DATA,1,0,0,0,0,0.0,0.0,0.589769661,1.35961258,-0.7687986,83.47166,-47.32013,-81.40039,0.55,0.0,-0.05,0.0,0.0,0.0,0.0,0.0,0.0,0.0
27.7121983,DATA,1,0,0,0,0,0.0,0.0,0.5899299,1.35951257,-0.7689874,83.37445,-47.31598,-81.39114,0.55,0.0,-0.05,0.0,0.0,0.0,0.0,0.0,0.0,0.0
27.7683258,DATA,1,0,0,0,0,0.0,0.0,0.589920342,1.35960531,-0.768966436,83.24207,-47.59488,-81.62036,0.55,0.0,-0.05,0.0,0.0,0.0,0.0,0.0,0.0,0.0
27.8237782,DATA,1,0,0,0,0,0.0,0.0,0.590014756,1.35950482,-0.769089937,83.20148,-47.6570129,-81.6105957,0.55,0.0,-0.05,0.0,0.0,0.0,0.0,0.0,0.0,0.0
27.8792858,DATA,1,0,0,0,0,0.0,0.0,0.590009034,1.35961676,-0.7689903,83.2146759,-47.2879333,-81.2703247,0.55,0.0,-0.05,0.0,0.0,0.0,0.0,0.0,0.0,0.0
27.9345245,DATA,1,0,0,0,0,0.0,0.0,0.5899003,1.359554,-0.768898249,83.3008347,-47.3132935,-81.35541,0.55,0.0,-0.05,0.0,0.0,0.0,0.0,0.0,0.0,0.0
27.99012,DATA,1,0,0,0,0,0.0,0.0,0.5897811,1.35968447,-0.7686918,83.31936,-47.4820251,-81.44556,0.55,0.0,-0.05,0.0,0.0,0.0,0.0,0.0,0.0,0.0
28.04578,DATA,1,0,0,0,0,0.0,0.0,0.589794,1.35965443,-0.768715143,83.30482,-47.4118347,-81.3963,0.55,0.0,-0.05,0.0,0.0,0.0,0.0,0.0,0.0,0.0
28.1020451,DATA,1,0,0,0,0,0.0,0.0,0.5898889,1.35969889,-0.7688496,83.25631,-47.21875,-81.15961,0.55,0.0,-0.05,0.0,0.0,0.0,0.0,0.0,0.0,0.0
28.1569557,DATA,1,0,0,0,0,0.0,0.0,0.5899356,1.35969818,-0.768883944,83.24146,-47.20694,-81.06717,0.55,0.0,-0.05,0.0,0.0,0.0,0.0,0.0,0.0,0.0
28.2127857,DATA,1,0,0,0,0,0.0,0.0,0.589732468,1.35970247,-0.7688067,83.33774,-46.83136,-80.79559,0.55,0.0,-0.05,0.0,0.0,0.0,0.0,0.0,0.0,0.0
28.26798,DATA,1,0,0,0,0,0.0,0.0,0.5895923,1.35971117,-0.768710852,83.39233,-46.9396057,-80.9337158,0.55,0.0,-0.05,0.0,0.0,0.0,0.0,0.0,0.0,0.0
28.3239288,DATA,1,0,0,0,0,0.0,0.0,0.589652836,1.35962272,-0.7687609,83.3540344,-46.72351,-80.73126,0.55,0.0,-0.05,0.0,0.0,0.0,0.0,0.0,0.0,0.0
28.3796387,DATA,1,0,0,0,0,0.0,0.0,0.589901268,1.35967445,-0.768789053,83.30508,-46.9348755,-80.8794861,0.55,0.0,-0.05,0.0,0.0,0.0,0.0,0.0,0.0,0.0
28.435297,DATA,1,0,0,0,0,0.0,0.0,0.589968,1.35957813,-0.7688587,83.2755051,-46.8981934,-80.77719,0.55,0.0,-0.05,0.0,0.0,0.0,0.0,0.0,0.0,0.0
28.490345,DATA,1,0,0,0,0,0.0,0.0,0.5895036,1.35956919,-0.768896341,83.2788849,-46.77185,-80.66525,0.55,0.0,-0.05,0.0,0.0,0.0,0.0,0.0,0.0,0.0
28.5460415,DATA,1,0,0,0,0,0.0,0.0,0.5894607,1.35949945,-0.7688544,83.3054352,-46.8280334,-80.75421,0.55,0.0,-0.05,0.0,0.0,0.0,0.0,0.0,0.0,0.0
28.6018963,DATA,1,0,0,0,0,0.0,0.0,0.5894349,1.35951054,-0.7688401,83.29621,-46.7745667,-80.66843,0.55,0.0,-0.05,0.0,0.0,0.0,0.0,0.0,0.0,0.0
28.6570415,DATA,1,0,0,0,0,0.0,0.0,0.5893753,1.35939014,-0.768985033,83.26612,-46.25235,-80.1282349,0.55,0.0,-0.05,0.0,0.0,0.0,0.0,0.0,0.0,0.0
28.7122059,DATA,1,0,0,0,0,0.0,0.0,0.589135468,1.35941231,-0.7692406,83.25419,-45.23819,-79.06015,0.55,0.0,-0.05,0.0,0.0,0.0,0.0,0.0,0.0,0.0
28.7680721,DATA,1,0,0,0,0,0.0,0.0,0.5890649,1.359293,-0.769175768,83.29398,-45.3769226,-79.1814,0.55,0.0,-0.05,0.0,0.0,0.0,0.0,0.0,0.0,0.0
28.8240013,DATA,1,0,0,0,0,0.0,0.0,0.5890725,1.35931611,-0.7690575,83.2995453,-45.6830444,-79.49811,0.55,0.0,-0.05,0.0,0.0,0.0,0.0,0.0,0.0,0.0
28.8791447,DATA,1,0,0,0,0,0.0,0.0,0.589147866,1.35928583,-0.769103765,83.23514,-45.8884277,-79.67676,0.55,0.0,-0.05,0.0,0.0,0.0,0.0,0.0,0.0,0.0
28.93514,DATA,1,0,0,0,0,0.0,0.0,0.5894678,1.35919881,-0.769137144,83.14742,-46.4718,-80.2160645,0.55,0.0,-0.05,0.0,0.0,0.0,0.0,0.0,0.0,0.0
28.9899826,DATA,1,0,0,0,0,0.0,0.0,0.5897139,1.359187,-0.7692535,83.0520859,-46.7448425,-80.38971,0.55,0.0,-0.05,0.0,0.0,0.0,0.0,0.0,0.0,0.0
29.0456638,DATA,1,0,0,0,0,0.0,0.0,0.5897611,1.35907936,-0.7692764,83.04126,-46.86447,-80.49835,0.55,0.0,-0.05,0.0,0.0,0.0,0.0,0.0,0.0,0.0
29.10154,DATA,1,0,0,0,0,0.0,0.0,0.5895446,1.35931683,-0.7692654,83.07545,-46.4649658,-80.18945,0.55,0.0,-0.05,0.0,0.0,0.0,0.0,0.0,0.0,0.0
29.1576462,DATA,1,0,0,0,0,0.0,0.0,0.5895522,1.35918546,-0.76912,83.11687,-46.84381,-80.5875854,0.55,0.0,-0.05,0.0,0.0,0.0,0.0,0.0,0.0,0.0
29.21209,DATA,1,0,0,0,0,0.0,0.0,0.589574158,1.35924506,-0.7691238,83.0834656,-47.074707,-80.8194,0.55,0.0,-0.05,0.0,0.0,0.0,0.0,0.0,0.0,0.0
29.2673264,DATA,1,0,0,0,0,0.0,0.0,0.589726746,1.35911083,-0.769277334,82.98933,-47.1459961,-80.77844,0.55,0.0,-0.05,0.0,0.0,0.0,0.0,0.0,0.0,0.0
29.3239517,DATA,1,0,0,0,0,0.0,0.0,0.59017545,1.35927331,-0.7692926,82.90831,-47.5347,-81.05652,0.55,0.0,-0.05,0.0,0.0,0.0,0.0,0.0,0.0,0.0
29.379,DATA,1,0,0,0,0,0.0,0.0,0.5903228,1.35914159,-0.7693188,82.8789444,-47.8293152,-81.3941345,0.55,0.0,-0.05,0.0,0.0,0.0,0.0,0.0,0.0,0.0
29.435133,DATA,1,0,0,0,0,0.0,0.0,0.5905345,1.3592422,-0.769384146,82.86647,-48.09082,-81.668396,0.55,0.0,-0.05,0.0,0.0,0.0,0.0,0.0,0.0,0.0
29.4903,DATA,1,0,0,0,0,0.0,0.0,0.5906165,1.35916126,-0.7695024,82.83133,-47.95752,-81.63406,0.55,0.0,-0.05,0.0,0.0,0.0,0.0,0.0,0.0,0.0
29.5455246,DATA,1,0,0,0,0,0.0,0.0,0.590504944,1.35927963,-0.769603968,82.78828,-47.76599,-81.38049,0.55,0.0,-0.05,0.0,0.0,0.0,0.0,0.0,0.0,0.0
29.6013088,DATA,1,0,0,0,0,0.0,0.0,0.590393364,1.35928452,-0.7696321,82.8152,-47.716156,-81.2738647,0.55,0.0,-0.05,0.0,0.0,0.0,0.0,0.0,0.0,0.0
29.656786,DATA,1,0,0,0,0,0.0,0.0,0.5902527,1.3592366,-0.769588232,82.887764,-47.71884,-81.32056,0.55,0.0,-0.05,0.0,0.0,0.0,0.0,0.0,0.0,0.0
29.712286,DATA,1,0,0,0,0,0.0,0.0,0.5901435,1.35914207,-0.7696259,82.91901,-47.5906677,-81.26779,0.55,0.0,-0.05,0.0,0.0,0.0,0.0,0.0,0.0,0.0
29.7675419,DATA,1,0,0,0,0,0.0,0.0,0.5901969,1.35907555,-0.7696407,82.89204,-47.80368,-81.42099,0.55,0.0,-0.05,0.0,0.0,0.0,0.0,0.0,0.0,0.0
29.8234329,DATA,1,0,0,0,0,0.0,0.0,0.5904005,1.35928059,-0.7692158,82.84492,-48.2287,-81.73941,0.55,0.0,-0.05,0.0,0.0,0.0,0.0,0.0,0.0,0.0
29.87886,DATA,1,0,0,0,0,0.0,0.0,0.5904115,1.35916114,-0.7693598,82.80715,-48.13263,-81.50745,0.55,0.0,-0.05,0.0,0.0,0.0,0.0,0.0,0.0,0.0
29.9351921,DATA,1,0,0,0,0,0.0,0.0,0.590426266,1.35907972,-0.7693379,82.85128,-48.10388,-81.6235657,0.55,0.0,-0.05,0.0,0.0,0.0,0.0,0.0,0.0,0.0
29.9897842,DATA,1,0,0,0,0,0.0,0.0,0.5904048,1.35896516,-0.769365549,82.85444,-47.9724731,-81.53375,0.55,0.0,-0.05,0.0,0.0,0.0,0.0,0.0,0.0,0.0
30.04581,DATA,1,0,0,0,0,0.0,0.0,0.5904401,1.3591907,-0.769377,82.83448,-48.3235779,-81.87085,0.55,0.0,-0.05,0.0,0.0,0.0,0.0,0.0,0.0,0.0
30.1013241,DATA,1,0,0,0,0,0.0,0.0,0.590465844,1.35908985,-0.769531965,82.79285,-48.0657959,-81.5050354,0.55,0.0,-0.05,0.0,0.0,0.0,0.0,0.0,0.0,0.0
30.1575451,DATA,1,0,0,0,0,0.0,0.0,0.590519249,1.35899663,-0.769369364,82.81425,-48.1567078,-81.68326,0.55,0.0,-0.05,0.0,0.0,0.0,0.0,0.0,0.0,0.0
30.2117729,DATA,1,0,0,0,0,0.0,0.0,0.5905126,1.35891581,-0.7694237,82.80898,-47.7536,-81.3287354,0.55,0.0,-0.05,0.0,0.0,0.0,0.0,0.0,0.0,0.0
30.267498,DATA,1,0,0,0,0,0.0,0.0,0.590457261,1.35898519,-0.7693331,82.78643,-48.00882,-81.5487061,0.55,0.0,-0.05,0.0,0.0,0.0,0.0,0.0,0.0,0.0
30.32421,DATA,1,0,0,0,0,0.0,0.0,0.5902408,1.35920668,-0.7692354,82.81848,-47.8456421,-81.4672241,0.55,0.0,-0.05,0.0,0.0,0.0,0.0,0.0,0.0,0.0
30.3789673,DATA,1,0,0,0,0,0.0,0.0,0.5901845,1.35914373,-0.769287348,82.8147659,-47.704834,-81.26181,0.55,0.0,-0.05,0.0,0.0,0.0,0.0,0.0,0.0,0.0
30.434824,DATA,1,0,0,0,0,0.0,0.0,0.590249836,1.35911155,-0.7692673,82.84662,-48.14569,-81.7316,0.55,0.0,-0.05,0.0,0.0,0.0,0.0,0.0,0.0,0.0
30.48992,DATA,1,0,0,0,0,0.0,0.0,0.5902718,1.35903168,-0.7693846,82.79203,-47.8646851,-81.44797,0.55,0.0,-0.05,0.0,0.0,0.0,0.0,0.0,0.0,0.0
30.5456085,DATA,1,0,0,0,0,0.0,0.0,0.5905536,1.3591938,-0.7691691,82.7747955,-48.16394,-81.77951,0.55,0.0,-0.05,0.0,0.0,0.0,0.0,0.0,0.0,0.0
30.6014271,DATA,1,0,0,0,0,0.0,0.0,0.590652764,1.35911322,-0.7691977,82.73823,-48.2290649,-81.76251,0.55,0.0,-0.05,0.0,0.0,0.0,0.0,0.0,0.0,0.0
30.6568127,DATA,1,0,0,0,0,0.0,0.0,0.590223134,1.35912538,-0.7694042,82.75768,-47.9449158,-81.5329,0.55,0.0,-0.05,0.0,0.0,0.0,0.0,0.0,0.0,0.0
30.7117157,DATA,1,0,0,0,0,0.0,0.0,0.5902088,1.35900283,-0.7694123,82.77474,-48.0291138,-81.6127,0.55,0.0,-0.05,0.0,0.0,0.0,0.0,0.0,0.0,0.0
30.7678947,DATA,1,0,0,0,0,0.0,0.0,0.5903366,1.35918462,-0.7693088,82.7903442,-48.3583374,-81.9212,0.55,0.0,-0.05,0.0,0.0,0.0,0.0,0.0,0.0,0.0
30.8231525,DATA,1,0,0,0,0,0.0,0.0,0.590334237,1.35911429,-0.7693794,82.76299,-48.0457764,-81.65448,0.55,0.0,-0.05,0.0,0.0,0.0,0.0,0.0,0.0,0.0
30.87906,DATA,1,0,0,0,0,0.0,0.0,0.590514,1.35899282,-0.769369841,82.757225,-48.18158,-81.77142,0.55,0.0,-0.05,0.0,0.0,0.0,0.0,0.0,0.0,0.0
30.9349,DATA,1,0,0,0,0,0.0,0.0,0.590537846,1.35888171,-0.7694223,82.75546,-47.7614441,-81.427124,0.55,0.0,-0.05,0.0,0.0,0.0,0.0,0.0,0.0,0.0
30.9893475,DATA,1,0,0,0,0,0.0,0.0,0.5903171,1.35898352,-0.7694495,82.80986,-47.0827332,-80.92413,0.55,0.0,-0.05,0.0,0.0,0.0,0.0,0.0,0.0,0.0
31.04543,DATA,1,0,0,0,0,0.0,0.0,0.590144455,1.35912251,-0.769322634,82.8692551,-47.0591125,-80.98511,0.55,0.0,-0.05,0.0,0.0,0.0,0.0,0.0,0.0,0.0
31.1009235,DATA,1,0,0,0,0,0.0,0.0,0.5901559,1.35899162,-0.769258261,82.90063,-47.11682,-81.099,0.55,0.0,-0.05,0.0,0.0,0.0,0.0,0.0,0.0,0.0
31.15697,DATA,1,0,0,0,0,0.0,0.0,0.5900853,1.35887933,-0.7694118,82.938,-46.7572327,-80.68234,0.55,0.0,-0.05,0.0,0.0,0.0,0.0,0.0,0.0,0.0
31.2116985,DATA,1,0,0,0,0,0.0,0.0,0.589988053,1.35887754,-0.769332647,82.9986,-46.6463623,-80.54761,0.55,0.0,-0.05,0.0,0.0,0.0,0.0,0.0,0.0,0.0
31.2680016,DATA,1,0,0,0,0,0.0,0.0,0.5899022,1.35900331,-0.769338369,83.03058,-46.5090027,-80.42352,0.55,0.0,-0.05,0.0,0.0,0.0,0.0,0.0,0.0,0.0
31.3237476,DATA,1,0,0,0,0,0.0,0.0,0.589968,1.35888982,-0.7694032,82.9850159,-46.5369263,-80.46146,0.55,0.0,-0.05,0.0,0.0,0.0,0.0,0.0,0.0,0.0
31.3792038,DATA,1,0,0,0,0,0.0,0.0,0.5901211,1.3590529,-0.769394636,82.93392,-46.307312,-80.35925,0.55,0.0,-0.05,0.0,0.0,0.0,0.0,0.0,0.0,0.0
31.4347534,DATA,1,0,0,0,0,0.0,0.0,0.5901688,1.35893536,-0.7696526,82.84569,-45.69629,-79.81427,0.55,0.0,-0.05,0.0,0.0,0.0,0.0,0.0,0.0,0.0
31.48987,DATA,1,0,0,0,0,0.0,0.0,0.5899852,1.35918164,-0.769634962,82.79489,-45.6236877,-79.71442,0.55,0.0,-0.05,0.0,0.0,0.0,0.0,0.0,0.0,0.0
31.5455341,DATA,1,0,0,0,0,0.0,0.0,0.590004265,1.35910523,-0.769588232,82.79541,-45.847168,-79.84497,0.55,0.0,-0.05,0.0,0.0,0.0,0.0,0.0,0.0,0.0
31.6010227,DATA,1,0,0,0,0,0.0,0.0,0.589875042,1.35915315,-0.7698066,82.85705,-45.32846,-79.46173,0.55,0.0,-0.05,0.0,0.0,0.0,0.0,0.0,0.0,0.0
31.6568565,DATA,1,0,0,0,0,0.0,0.0,0.589850247,1.35907531,-0.7698519,82.85881,-45.2266235,-79.3517151,0.55,0.0,-0.05,0.0,0.0,0.0,0.0,0.0,0.0,0.0
31.7115326,DATA,1,0,0,0,0,0.0,0.0,0.5899804,1.35920274,-0.7698877,82.82613,-45.394928,-79.49817,0.55,0.0,-0.05,0.0,0.0,0.0,0.0,0.0,0.0,0.0
31.7677746,DATA,1,0,0,0,0,0.0,0.0,0.5900186,1.35915828,-0.770065546,82.7801743,-44.95685,-79.03705,0.55,0.0,-0.05,0.0,0.0,0.0,0.0,0.0,0.0,0.0
31.8231239,DATA,1,0,0,0,0,0.0,0.0,0.5900362,1.359162,-0.7701261,82.75866,-44.71173,-78.84497,0.55,0.0,-0.05,0.0,0.0,0.0,0.0,0.0,0.0,0.0
31.87935,DATA,1,0,0,0,0,0.0,0.0,0.5901492,1.35914421,-0.7700708,82.76261,-44.89032,-79.056,0.55,0.0,-0.05,0.0,0.0,0.0,0.0,0.0,0.0,0.0
31.93406,DATA,1,0,0,0,0,0.0,0.0,0.5900348,1.35919666,-0.770071745,82.75454,-44.70288,-78.8169556,0.55,0.0,-0.05,0.0,0.0,0.0,0.0,0.0,0.0,0.0
31.9899483,DATA,1,0,0,0,0,0.0,0.0,0.589675248,1.35937524,-0.770038366,82.77719,-43.8664551,-77.92169,0.55,0.0,-0.05,0.0,0.0,0.0,0.0,0.0,0.0,0.0
32.04545,DATA,1,0,0,0,0,0.0,0.0,0.589366257,1.35926461,-0.770081758,82.87881,-43.0352478,-77.00638,0.55,0.0,-0.05,0.0,0.0,0.0,0.0,0.0,0.0,0.0
32.10108,DATA,1,0,0,0,0,0.0,0.0,0.5886596,1.359229,-0.7701533,83.00841,-40.647644,-74.54376,0.55,0.0,-0.05,0.0,0.0,0.0,0.0,0.0,0.0,0.0
32.1570625,DATA,1,0,0,0,0,0.0,0.0,0.587719262,1.35910034,-0.770406,83.22173,-37.3244629,-71.19147,0.55,0.0,-0.05,0.0,0.0,0.0,0.0,0.0,0.0,0.0
32.2118073,DATA,1,0,0,0,0,0.0,0.0,0.5866197,1.35927975,-0.7704427,83.55606,-33.38849,-67.1588745,0.55,0.0,-0.05,0.0,0.0,0.0,0.0,0.0,0.0,0.0
32.2673569,DATA,1,0,0,0,0,0.0,0.0,0.5852011,1.3591907,-0.7701943,84.011,-29.3317261,-63.0102539,0.55,0.0,-0.05,0.0,0.0,0.0,0.0,0.0,0.0,0.0
32.3238525,DATA,1,0,0,0,0,0.0,0.0,0.5834349,1.35929155,-0.770097,84.4006958,-21.7149658,-55.4892578,0.55,0.0,-0.05,0.0,0.0,0.0,0.0,0.0,0.0,0.0
32.3785057,DATA,1,0,0,0,0,0.0,0.0,0.581815541,1.35910881,-0.7700136,84.7062759,-14.0968628,-47.8722229,0.55,0.0,-0.05,0.0,0.0,0.0,0.0,0.0,0.0,0.0
32.43464,DATA,1,0,0,0,0,0.0,0.0,0.5806821,1.35904384,-0.769764662,84.87795,-8.227692,-41.7701721,0.55,0.0,-0.05,0.0,0.0,0.0,0.0,0.0,0.0,0.0
32.4897461,DATA,1,0,0,0,0,0.0,0.0,0.579693139,1.35883081,-0.7695782,85.01623,-4.170288,-37.6194458,0.55,0.0,-0.05,0.0,0.0,0.0,0.0,0.0,0.0,0.0
32.545784,DATA,1,0,0,0,0,0.0,0.0,0.5791572,1.35887635,-0.7693546,85.03888,-1.611908,-35.17746,0.55,0.0,-0.05,0.0,0.0,0.0,0.0,0.0,0.0,0.0
32.6013641,DATA,1,0,0,0,0,0.0,0.0,0.5790413,1.35882711,-0.769369364,84.9613342,-0.486206055,-34.128418,0.55,0.0,-0.05,0.0,0.0,0.0,0.0,0.0,0.0,0.0
32.6569748,DATA,1,0,0,0,0,0.0,0.0,0.5790799,1.35879993,-0.7700722,84.6951141,0.033797916,-33.6422119,0.55,0.0,-0.05,0.0,0.0,0.0,0.0,0.0,0.0,0.0
32.7117,DATA,1,0,0,0,0,0.0,0.0,0.5790985,1.35878229,-0.7710173,84.36038,0.954611063,-32.6920471,0.55,0.0,-0.05,0.0,0.0,0.0,0.0,0.0,0.0,0.0
32.76793,DATA,1,0,0,0,0,0.0,0.0,0.5787237,1.35863829,-0.7716243,84.076,2.62096834,-30.9768677,0.55,0.0,-0.05,0.0,0.0,0.0,0.0,0.0,0.0,0.0
32.823143,DATA,1,0,0,0,0,0.0,0.0,0.5779584,1.35869956,-0.7717664,83.91112,5.925483,-27.6138611,0.55,0.0,-0.05,0.0,0.0,0.0,0.0,0.0,0.0,0.0
32.8791275,DATA,1,0,0,0,0,0.0,0.0,0.577074349,1.35850358,-0.7717011,83.9449158,9.778925,-23.71347,0.55,0.0,-0.05,0.0,0.0,0.0,0.0,0.0,0.0,0.0
32.93428,DATA,1,0,0,0,0,0.0,0.0,0.5762847,1.35863912,-0.7712529,84.14576,13.5543766,-19.8451538,0.55,0.0,-0.05,0.0,0.0,0.0,0.0,0.0,0.0,0.0
32.9898453,DATA,1,0,0,0,0,0.0,0.0,0.575768769,1.35852742,-0.7707608,84.3286057,16.5502777,-16.6803284,0.55,0.0,-0.05,0.0,0.0,0.0,0.0,0.0,0.0,0.0
33.0453072,DATA,1,0,0,0,0,0.0,0.0,0.5753258,1.35860419,-0.770123243,84.5188446,17.9523945,-15.2884521,0.55,0.0,-0.05,0.0,0.0,0.0,0.0,0.0,0.0,0.0
33.1008835,DATA,1,0,0,0,0,0.0,0.0,0.5755642,1.35849619,-0.769906759,84.58728,17.47039,-15.9266052,0.55,0.0,-0.05,0.0,0.0,0.0,0.0,0.0,0.0,0.0
33.15626,DATA,1,0,0,0,0,0.0,0.0,0.5759843,1.35860825,-0.7705138,84.47015,15.8724852,-17.4350281,0.55,0.0,-0.05,0.0,0.0,0.0,0.0,0.0,0.0,0.0
33.2117043,DATA,1,0,0,0,0,0.0,0.0,0.576238453,1.35850167,-0.7708895,84.32529,14.6460838,-18.68866,0.55,0.0,-0.05,0.0,0.0,0.0,0.0,0.0,0.0,0.0
33.2677078,DATA,1,0,0,0,0,0.0,0.0,0.5762208,1.358555,-0.771034,84.27848,14.5964031,-18.843689,0.55,0.0,-0.05,0.0,0.0,0.0,0.0,0.0,0.0,0.0
33.3238525,DATA,1,0,0,0,0,0.0,0.0,0.576196969,1.35842013,-0.7710178,84.29285,15.0384626,-18.3875732,0.55,0.0,-0.05,0.0,0.0,0.0,0.0,0.0,0.0,0.0
33.3786469,DATA,1,0,0,0,0,0.0,0.0,0.5760568,1.35837722,-0.770827532,84.33493,16.8390083,-16.7374268,0.55,0.0,-0.05,0.0,0.0,0.0,0.0,0.0,0.0,0.0
33.4346428,DATA,1,0,0,0,0,0.0,0.0,0.5759042,1.35837913,-0.770725965,84.32736,17.9543171,-15.6811523,0.55,0.0,-0.05,0.0,0.0,0.0,0.0,0.0,0.0,0.0
33.4894371,DATA,1,0,0,0,0,0.0,0.0,0.5759023,1.358315,-0.77071166,84.33279,17.61113,-16.0055847,0.55,0.0,-0.05,0.0,0.0,0.0,0.0,0.0,0.0,0.0
33.5453377,DATA,1,0,0,0,0,0.0,0.0,0.575849831,1.35843563,-0.7704036,84.44592,16.5709171,-17.0731812,0.55,0.0,-0.05,0.0,0.0,0.0,0.0,0.0,0.0,0.0
33.600975,DATA,1,0,0,0,0,0.0,0.0,0.5760034,1.35833526,-0.770596743,84.3580246,16.1528816,-17.4695129,0.55,0.0,-0.05,0.0,0.0,0.0,0.0,0.0,0.0,0.0
33.6563263,DATA,1,0,0,0,0,0.0,0.0,0.575997651,1.35845852,-0.7704165,84.34577,16.00368,-17.6404419,0.55,0.0,-0.05,0.0,0.0,0.0,0.0,0.0,0.0,0.0
33.7118645,DATA,1,0,0,0,0,0.0,0.0,0.5761531,1.3583318,-0.770184755,84.46558,16.1167679,-17.4231567,0.55,0.0,-0.05,0.0,0.0,0.0,0.0,0.0,0.0,0.0
33.7674179,DATA,1,0,0,0,0,0.0,0.0,0.575921357,1.35838521,-0.770083666,84.5299,16.6557236,-16.872406,0.55,0.0,-0.05,0.0,0.0,0.0,0.0,0.0,0.0,0.0
33.8229,DATA,1,0,0,0,0,0.0,0.0,0.5759929,1.35826087,-0.7699554,84.5883942,16.7216,-16.830658,0.55,0.0,-0.05,0.0,0.0,0.0,0.0,0.0,0.0,0.0
33.87854,DATA,1,0,0,0,0,0.0,0.0,0.5758956,1.35827482,-0.770050764,84.57925,15.8659439,-17.72583,0.55,0.0,-0.05,0.0,0.0,0.0,0.0,0.0,0.0,0.0
33.93443,DATA,1,0,0,0,0,0.0,0.0,0.5761903,1.358117,-0.7701571,84.5530243,14.6696205,-18.881073,0.55,0.0,-0.05,0.0,0.0,0.0,0.0,0.0,0.0,0.0
33.98942,DATA,1,0,0,0,0,0.0,0.0,0.5761731,1.35829246,-0.7702224,84.56084,14.2052536,-19.3133545,0.55,0.0,-0.05,0.0,0.0,0.0,0.0,0.0,0.0,0.0
34.0455132,DATA,1,0,0,0,0,0.0,0.0,0.576187432,1.358186,-0.769958258,84.70399,14.5393095,-19.0687866,0.55,0.0,-0.05,0.0,0.0,0.0,0.0,0.0,0.0,0.0
34.10112,DATA,1,0,0,0,0,0.0,0.0,0.5760377,1.35813165,-0.769732237,84.7567139,14.8507938,-18.6445313,0.55,0.0,-0.05,0.0,0.0,0.0,0.0,0.0,0.0,0.0
34.1564445,DATA,1,0,0,0,0,0.0,0.0,0.575764,1.35809314,-0.7697222,84.69157,15.6230745,-17.90686,0.55,0.0,-0.05,0.0,0.0,0.0,0.0,0.0,0.0,0.0
34.21167,DATA,1,0,0,0,0,0.0,0.0,0.5756839,1.35803831,-0.7697327,84.66318,16.2543468,-17.3964844,0.55,0.0,-0.05,0.0,0.0,0.0,0.0,0.0,0.0,0.0
34.26708,DATA,1,0,0,0,0,0.0,0.0,0.575898468,1.35815275,-0.7695677,84.70317,15.7978935,-17.9058228,0.55,0.0,-0.05,0.0,0.0,0.0,0.0,0.0,0.0,0.0
34.3242226,DATA,1,0,0,0,0,0.0,0.0,0.5761226,1.35804152,-0.769585848,84.67902,14.909152,-18.82782,0.55,0.0,-0.05,0.0,0.0,0.0,0.0,0.0,0.0,0.0
34.37859,DATA,1,0,0,0,0,0.0,0.0,0.57626754,1.358221,-0.7698066,84.6122055,13.95399,-19.77063,0.55,0.0,-0.05,0.0,0.0,0.0,0.0,0.0,0.0,0.0
34.4347572,DATA,1,0,0,0,0,0.0,0.0,0.5765222,1.35811937,-0.7698648,84.57188,13.1357021,-20.54065,0.55,0.0,-0.05,0.0,0.0,0.0,0.0,0.0,0.0,0.0
34.4890976,DATA,1,0,0,0,0,0.0,0.0,0.5763028,1.3583,-0.769984,84.56419,12.8880529,-20.72055,0.55,0.0,-0.05,0.0,0.0,0.0,0.0,0.0,0.0,0.0
34.5453949,DATA,1,0,0,0,0,0.0,0.0,0.576294243,1.35817051,-0.7698271,84.59822,13.6193962,-20.085022,0.55,0.0,-0.05,0.0,0.0,0.0,0.0,0.0,0.0,0.0
34.6007462,DATA,1,0,0,0,0,0.0,0.0,0.576143563,1.358301,-0.769857645,84.63908,14.2268429,-19.510437,0.55,0.0,-0.05,0.0,0.0,0.0,0.0,0.0,0.0,0.0
34.65653,DATA,1,0,0,0,0,0.0,0.0,0.5762237,1.35820937,-0.769835234,84.62739,14.1831894,-19.5474243,0.55,0.0,-0.05,0.0,0.0,0.0,0.0,0.0,0.0,0.0
34.7116241,DATA,1,0,0,0,0,0.0,0.0,0.5761903,1.35826039,-0.7698939,84.60338,13.794467,-19.97342,0.55,0.0,-0.05,0.0,0.0,0.0,0.0,0.0,0.0,0.0
34.76758,DATA,1,0,0,0,0,0.0,0.0,0.5764983,1.35815024,-0.7698004,84.67005,12.7835445,-20.9515686,0.55,0.0,-0.05,0.0,0.0,0.0,0.0,0.0,0.0,0.0
34.8231,DATA,1,0,0,0,0,0.0,0.0,0.576522648,1.35825622,-0.76994586,84.58188,12.1290646,-21.5672,0.55,0.0,-0.05,0.0,0.0,0.0,0.0,0.0,0.0,0.0
34.8785172,DATA,1,0,0,0,0,0.0,0.0,0.5764831,1.358249,-0.7700069,84.55623,12.1701908,-21.5286255,0.55,0.0,-0.05,0.0,0.0,0.0,0.0,0.0,0.0,0.0
34.9345474,DATA,1,0,0,0,0,0.0,0.0,0.5764907,1.35822546,-0.7698319,84.64401,12.352705,-21.3828125,0.55,0.0,-0.05,0.0,0.0,0.0,0.0,0.0,0.0,0.0
34.9895744,DATA,1,0,0,0,0,0.0,0.0,0.5763925,1.3582139,-0.7699082,84.6344,12.3508854,-21.3945618,0.55,0.0,-0.05,0.0,0.0,0.0,0.0,0.0,0.0,0.0
35.0456657,DATA,1,0,0,0,0,0.0,0.0,0.576559365,1.35811245,-0.7699959,84.59771,11.781395,-21.9214478,0.55,0.0,-0.05,0.0,0.0,0.0,0.0,0.0,0.0,0.0
35.1014328,DATA,1,0,0,0,0,0.0,0.0,0.5766309,1.35829806,-0.770138,84.5487442,11.1614046,-22.5384827,0.55,0.0,-0.05,0.0,0.0,0.0,0.0,0.0,0.0,0.0
35.15673,DATA,1,0,0,0,0,0.0,0.0,0.5768526,1.35822344,-0.770076036,84.56405,10.6389351,-23.0110779,0.55,0.0,-0.05,0.0,0.0,0.0,0.0,0.0,0.0,0.0
35.2119141,DATA,1,0,0,0,0,0.0,0.0,0.576559365,1.35834086,-0.7702296,84.52636,10.8711462,-22.75238,0.55,0.0,-0.05,0.0,0.0,0.0,0.0,0.0,0.0,0.0
35.2674,DATA,1,0,0,0,0,0.0,0.0,0.5764983,1.35825241,-0.7702482,84.50649,11.6378384,-22.025238,0.55,0.0,-0.05,0.0,0.0,0.0,0.0,0.0,0.0,0.0
35.32378,DATA,1,0,0,0,0,0.0,0.0,0.5765193,1.35832381,-0.770207644,84.60104,11.4535475,-22.2037048,0.55,0.0,-0.05,0.0,0.0,0.0,0.0,0.0,0.0,0.0
35.3784866,DATA,1,0,0,0,0,0.0,0.0,0.576701462,1.35830021,-0.7703788,84.4863,10.8709383,-22.73172,0.55,0.0,-0.05,0.0,0.0,0.0,0.0,0.0,0.0,0.0
35.4346428,DATA,1,0,0,0,0,0.0,0.0,0.576720059,1.35830593,-0.77055335,84.4405,10.0326605,-23.5596313,0.55,0.0,-0.05,0.0,0.0,0.0,0.0,0.0,0.0,0.0
35.4892,DATA,1,0,0,0,0,0.0,0.0,0.576965153,1.35820723,-0.7704537,84.50453,9.25437,-24.2466125,0.55,0.0,-0.05,0.0,0.0,0.0,0.0,0.0,0.0,0.0
35.5451851,DATA,1,0,0,0,0,0.0,0.0,0.57696563,1.3582083,-0.770478964,84.51088,9.327983,-24.131958,0.55,0.0,-0.05,0.0,0.0,0.0,0.0,0.0,0.0,0.0
35.60108,DATA,1,0,0,0,0,0.0,0.0,0.5769704,1.35812891,-0.770538568,84.48637,9.485593,-23.9651184,0.55,0.0,-0.05,0.0,0.0,0.0,0.0,0.0,0.0,0.0
35.65626,DATA,1,0,0,0,0,0.0,0.0,0.5769728,1.3582058,-0.7704675,84.48544,9.012826,-24.4178467,0.55,0.0,-0.05,0.0,0.0,0.0,0.0,0.0,0.0,0.0
35.711586,DATA,1,0,0,0,0,0.0,0.0,0.5769399,1.35826242,-0.7704656,84.46541,8.567764,-24.84436,0.55,0.0,-0.05,0.0,0.0,0.0,0.0,0.0,0.0,0.0
35.76743,DATA,1,0,0,0,0,0.0,0.0,0.576911747,1.35821056,-0.770571,84.38626,8.833517,-24.52353,0.55,0.0,-0.05,0.0,0.0,0.0,0.0,0.0,0.0,0.0
35.8229866,DATA,1,0,0,0,0,0.0,0.0,0.576788247,1.35832322,-0.770314,84.4179459,9.47896,-23.8447266,0.55,0.0,-0.05,0.0,0.0,0.0,0.0,0.0,0.0,0.0
35.8793526,DATA,1,0,0,0,0,0.0,0.0,0.576757252,1.35822749,-0.770069361,84.48676,10.1550732,-23.1431274,0.55,0.0,-0.05,0.0,0.0,0.0,0.0,0.0,0.0,0.0
35.9337921,DATA,1,0,0,0,0,0.0,0.0,0.576633751,1.35838068,-0.770228148,84.46757,10.4088945,-22.923645,0.55,0.0,-0.05,0.0,0.0,0.0,0.0,0.0,0.0,0.0
35.9896049,DATA,1,0,0,0,0,0.0,0.0,0.576874554,1.35831153,-0.7703097,84.41184,9.520981,-23.78653,0.55,0.0,-0.05,0.0,0.0,0.0,0.0,0.0,0.0,0.0
36.0450974,DATA,1,0,0,0,0,0.0,0.0,0.576936066,1.35832834,-0.770571947,84.35663,8.8537,-24.4101563,0.55,0.0,-0.05,0.0,0.0,0.0,0.0,0.0,0.0,0.0
36.1005554,DATA,1,0,0,0,0,0.0,0.0,0.577061951,1.35824466,-0.77066493,84.30267,8.566651,-24.638092,0.55,0.0,-0.05,0.0,0.0,0.0,0.0,0.0,0.0,0.0
36.1564255,DATA,1,0,0,0,0,0.0,0.0,0.5769084,1.35846567,-0.7707517,84.30722,9.03656,-24.1948242,0.55,0.0,-0.05,0.0,0.0,0.0,0.0,0.0,0.0,0.0
36.2114372,DATA,1,0,0,0,0,0.0,0.0,0.5769132,1.35838878,-0.770712137,84.30189,9.552656,-23.6607666,0.55,0.0,-0.05,0.0,0.0,0.0,0.0,0.0,0.0,0.0
36.2676964,DATA,1,0,0,0,0,0.0,0.0,0.576757252,1.35836792,-0.770652533,84.35094,10.01575,-23.1677551,0.55,0.0,-0.05,0.0,0.0,0.0,0.0,0.0,0.0,0.0
36.3233566,DATA,1,0,0,0,0,0.0,0.0,0.576582253,1.35826159,-0.77067256,84.31983,11.07222,-22.1232,0.55,0.0,-0.05,0.0,0.0,0.0,0.0,0.0,0.0,0.0
36.37864,DATA,1,0,0,0,0,0.0,0.0,0.5763057,1.35832453,-0.770777,84.21135,12.5490274,-20.7435913,0.55,0.0,-0.05,0.0,0.0,0.0,0.0,0.0,0.0,0.0
36.43337,DATA,1,0,0,0,0,0.0,0.0,0.5762647,1.35834265,-0.770744562,84.22392,12.9875088,-20.2937622,0.55,0.0,-0.05,0.0,0.0,0.0,0.0,0.0,0.0,0.0
36.4896545,DATA,1,0,0,0,0,0.0,0.0,0.57618314,1.35827732,-0.770818,84.16649,13.1542711,-20.1181641,0.55,0.0,-0.05,0.0,0.0,0.0,0.0,0.0,0.0,0.0
36.54549,DATA,1,0,0,0,0,0.0,0.0,0.5758918,1.35831249,-0.770880461,84.11757,13.6935625,-19.5475769,0.55,0.0,-0.05,0.0,0.0,0.0,0.0,0.0,0.0,0.0
36.60076,DATA,1,0,0,0,0,0.0,0.0,0.575876534,1.35820889,-0.77094245,84.0602646,14.1453457,-19.1225281,0.55,0.0,-0.05,0.0,0.0,0.0,0.0,0.0,0.0,0.0
36.656147,DATA,1,0,0,0,0,0.0,0.0,0.575674832,1.35824728,-0.771127939,83.97712,14.5879622,-18.65039,0.55,0.0,-0.05,0.0,0.0,0.0,0.0,0.0,0.0,0.0
36.7115479,DATA,1,0,0,0,0,0.0,0.0,0.575578034,1.35812175,-0.771250963,83.9201355,15.0692453,-18.10617,0.55,0.0,-0.05,0.0,0.0,0.0,0.0,0.0,0.0,0.0
36.76744,DATA,1,0,0,0,0,0.0,0.0,0.575166047,1.35824454,-0.7712543,83.89263,16.0809784,-17.0956726,0.55,0.0,-0.05,0.0,0.0,0.0,0.0,0.0,0.0,0.0
36.8225,DATA,1,0,0,0,0,0.0,0.0,0.57498914,1.35811818,-0.771263361,83.86694,16.9619331,-16.1734619,0.55,0.0,-0.05,0.0,0.0,0.0,0.0,0.0,0.0,0.0
36.8780975,DATA,1,0,0,0,0,0.0,0.0,0.574585736,1.35828769,-0.771170855,83.8486557,17.5804768,-15.6664124,0.55,0.0,-0.05,0.0,0.0,0.0,0.0,0.0,0.0,0.0
36.933445,DATA,1,0,0,0,0,0.0,0.0,0.574614346,1.35820961,-0.771193266,83.8261,17.8613663,-15.4346008,0.55,0.0,-0.05,0.0,0.0,0.0,0.0,0.0,0.0,0.0
36.98939,DATA,1,0,0,0,0,0.0,0.0,0.5744899,1.35825574,-0.7713325,83.76329,17.73161,-15.5493774,0.55,0.0,-0.05,0.0,0.0,0.0,0.0,0.0,0.0,0.0
37.04515,DATA,1,0,0,0,0,0.0,0.0,0.574536145,1.3581804,-0.7712853,83.78363,17.6922035,-15.5777893,0.55,0.0,-0.05,0.0,0.0,0.0,0.0,0.0,0.0,0.0
37.10031,DATA,1,0,0,0,0,0.0,0.0,0.5745061,1.35822427,-0.771193743,83.84712,17.9221725,-15.3943481,0.55,0.0,-0.05,0.0,0.0,0.0,0.0,0.0,0.0,0.0
37.1567955,DATA,1,0,0,0,0,0.0,0.0,0.57452327,1.358268,-0.7712352,83.81648,17.8951759,-15.4703674,0.55,0.0,-0.05,0.0,0.0,0.0,0.0,0.0,0.0,0.0
37.21108,DATA,1,0,0,0,0,0.0,0.0,0.574638665,1.358175,-0.7712405,83.85328,17.43971,-15.866394,0.55,0.0,-0.05,0.0,0.0,0.0,0.0,0.0,0.0,0.0
37.2670937,DATA,1,0,0,0,0,0.0,0.0,0.5746406,1.3580879,-0.771216154,83.8609,17.2263165,-16.0224,0.55,0.0,-0.05,0.0,0.0,0.0,0.0,0.0,0.0,0.0
37.3231773,DATA,1,0,0,0,0,0.0,0.0,0.5745681,1.35800421,-0.7711685,83.87421,17.7838135,-15.5387573,0.55,0.0,-0.05,0.0,0.0,0.0,0.0,0.0,0.0,0.0
37.3783,DATA,1,0,0,0,0,0.0,0.0,0.57435447,1.35821438,-0.771005869,83.9314651,18.2913933,-14.9860229,0.55,0.0,-0.05,0.0,0.0,0.0,0.0,0.0,0.0,0.0
37.43394,DATA,1,0,0,0,0,0.0,0.0,0.5743187,1.35812414,-0.771012068,83.90616,18.5746861,-14.7575073,0.55,0.0,-0.05,0.0,0.0,0.0,0.0,0.0,0.0,0.0
37.4892845,DATA,1,0,0,0,0,0.0,0.0,0.5743373,1.3582083,-0.770958662,83.9321442,17.9427013,-15.4237671,0.55,0.0,-0.05,0.0,0.0,0.0,0.0,0.0,0.0,0.0
37.54518,DATA,1,0,0,0,0,0.0,0.0,0.574515641,1.35814285,-0.7708795,83.96162,17.3623352,-15.9541626,0.55,0.0,-0.05,0.0,0.0,0.0,0.0,0.0,0.0,0.0
37.60087,DATA,1,0,0,0,0,0.0,0.0,0.574183762,1.35815156,-0.7709806,83.8627243,18.0138988,-15.44458,0.55,0.0,-0.05,0.0,0.0,0.0,0.0,0.0,0.0,0.0
37.65572,DATA,1,0,0,0,0,0.0,0.0,0.574011147,1.3580327,-0.7709029,83.86349,18.82796,-14.7050171,0.55,0.0,-0.05,0.0,0.0,0.0,0.0,0.0,0.0,0.0
37.71145,DATA,1,0,0,0,0,0.0,0.0,0.5739663,1.35812771,-0.770714045,83.9809952,19.302248,-14.2288818,0.55,0.0,-0.05,0.0,0.0,0.0,0.0,0.0,0.0,0.0
37.76658,DATA,1,0,0,0,0,0.0,0.0,0.573844254,1.35803866,-0.770767,83.9232,19.6408348,-13.9822693,0.55,0.0,-0.05,0.0,0.0,0.0,0.0,0.0,0.0,0.0
37.8222923,DATA,1,0,0,0,0,0.0,0.0,0.573772252,1.35802078,-0.770987749,83.84655,19.7414169,-13.92218,0.55,0.0,-0.05,0.0,0.0,0.0,0.0,0.0,0.0,0.0
37.87809,DATA,1,0,0,0,0,0.0,0.0,0.5738109,1.35795569,-0.7709973,83.86646,19.7677689,-13.8930054,0.55,0.0,-0.05,0.0,0.0,0.0,0.0,0.0,0.0,0.0
37.93359,DATA,1,0,0,0,0,0.0,0.0,0.573856652,1.357934,-0.770869,83.9145,19.7944527,-13.829895,0.55,0.0,-0.05,0.0,0.0,0.0,0.0,0.0,0.0,0.0
37.9893532,DATA,1,0,0,0,0,0.0,0.0,0.5737584,1.35795331,-0.7709563,83.8481445,20.2925262,-13.4145508,0.55,0.0,-0.05,0.0,0.0,0.0,0.0,0.0,0.0,0.0
38.0451,DATA,1,0,0,0,0,0.0,0.0,0.5736888,1.357877,-0.770985365,83.82267,20.5336857,-13.2207031,0.55,0.0,-0.05,0.0,0.0,0.0,0.0,0.0,0.0,0.0
38.1004066,DATA,1,0,0,0,0,0.0,0.0,0.573675,1.35804117,-0.7707846,83.89896,20.2883415,-13.421051,0.55,0.0,-0.05,0.0,0.0,0.0,0.0,0.0,0.0,0.0
38.1563721,DATA,1,0,0,0,0,0.0,0.0,0.5736564,1.35791469,-0.770864248,83.86573,20.23474,-13.4878235,0.55,0.0,-0.05,0.0,0.0,0.0,0.0,0.0,0.0,0.0
38.21134,DATA,1,0,0,0,0,0.0,0.0,0.573551,1.35794973,-0.7708914,83.8432,20.2769241,-13.4030457,0.55,0.0,-0.05,0.0,0.0,0.0,0.0,0.0,0.0,0.0
38.267128,DATA,1,0,0,0,0,0.0,0.0,0.573580563,1.3578527,-0.770726442,83.92236,20.4679852,-13.2341309,0.55,0.0,-0.05,0.0,0.0,0.0,0.0,0.0,0.0,0.0
38.322834,DATA,1,0,0,0,0,0.0,0.0,0.5735801,1.35782385,-0.7707403,83.93793,20.34519,-13.354248,0.55,0.0,-0.05,0.0,0.0,0.0,0.0,0.0,0.0,0.0
38.3782921,DATA,1,0,0,0,0,0.0,0.0,0.573533356,1.35773075,-0.7709062,83.85793,20.1588078,-13.50296,0.55,0.0,-0.05,0.0,0.0,0.0,0.0,0.0,0.0,0.0
38.4330368,DATA,1,0,0,0,0,0.0,0.0,0.57350713,1.35782766,-0.7710178,83.87683,20.084486,-13.6364136,0.55,0.0,-0.05,0.0,0.0,0.0,0.0,0.0,0.0,0.0
38.4891,DATA,1,0,0,0,0,0.0,0.0,0.573584855,1.357785,-0.771044,83.88718,19.8059139,-13.89975,0.55,0.0,-0.05,0.0,0.0,0.0,0.0,0.0,0.0,0.0
38.5444756,DATA,1,0,0,0,0,0.0,0.0,0.573716462,1.35776639,-0.771134138,83.88426,19.5044174,-14.147522,0.55,0.0,-0.05,0.0,0.0,0.0,0.0,0.0,0.0,0.0
38.60002,DATA,1,0,0,0,0,0.0,0.0,0.573673546,1.35770345,-0.771261,83.83712,19.5879345,-14.0835876,0.55,0.0,-0.05,0.0,0.0,0.0,0.0,0.0,0.0,0.0
38.6557236,DATA,1,0,0,0,0,0.0,0.0,0.57373935,1.35769069,-0.7711637,83.91972,19.5617943,-14.1234131,0.55,0.0,-0.05,0.0,0.0,0.0,0.0,0.0,0.0,0.0
38.7111,DATA,1,0,0,0,0,0.0,0.0,0.5738357,1.357775,-0.7711837,83.95166,19.14896,-14.4921265,0.55,0.0,-0.05,0.0,0.0,0.0,0.0,0.0,0.0,0.0
38.76646,DATA,1,0,0,0,0,0.0,0.0,0.5738929,1.35773778,-0.771327257,83.8863754,18.6312714,-14.9598083,0.55,0.0,-0.05,0.0,0.0,0.0,0.0,0.0,0.0,0.0
38.8225937,DATA,1,0,0,0,0,0.0,0.0,0.574003041,1.35779011,-0.7712405,83.89999,18.5304375,-15.1471252,0.55,0.0,-0.05,0.0,0.0,0.0,0.0,0.0,0.0,0.0
38.8783226,DATA,1,0,0,0,0,0.0,0.0,0.5741442,1.35769653,-0.7711737,83.94298,18.1159229,-15.5331116,0.55,0.0,-0.05,0.0,0.0,0.0,0.0,0.0,0.0,0.0
38.934063,DATA,1,0,0,0,0,0.0,0.0,0.574142754,1.35788739,-0.7712748,83.92178,17.8866367,-15.7415466,0.55,0.0,-0.05,0.0,0.0,0.0,0.0,0.0,0.0,0.0
38.9890175,DATA,1,0,0,0,0,0.0,0.0,0.5742057,1.35780382,-0.7712624,83.93538,17.8746548,-15.7520142,0.55,0.0,-0.05,0.0,0.0,0.0,0.0,0.0,0.0,0.0
39.0451622,DATA,1,0,0,0,0,0.0,0.0,0.5740798,1.3578496,-0.771129847,83.92866,17.9261074,-15.710144,0.55,0.0,-0.05,0.0,0.0,0.0,0.0,0.0,0.0,0.0
39.100502,DATA,1,0,0,0,0,0.0,0.0,0.5741356,1.35777092,-0.7711327,83.9379,17.63736,-15.937561,0.55,0.0,-0.05,0.0,0.0,0.0,0.0,0.0,0.0,0.0
39.15574,DATA,1,0,0,0,0,0.0,0.0,0.57411176,1.35791588,-0.771188,83.9632339,17.24812,-16.2832031,0.55,0.0,-0.05,0.0,0.0,0.0,0.0,0.0,0.0,0.0
39.21114,DATA,1,0,0,0,0,0.0,0.0,0.574144661,1.3578347,-0.7712524,83.94787,17.0839767,-16.4204712,0.55,0.0,-0.05,0.0,0.0,0.0,0.0,0.0,0.0,0.0
39.2670631,DATA,1,0,0,0,0,0.0,0.0,0.574220955,1.357817,-0.7711537,84.0024261,17.003952,-16.4934082,0.55,0.0,-0.05,0.0,0.0,0.0,0.0,0.0,0.0,0.0
39.3232231,DATA,1,0,0,0,0,0.0,0.0,0.5742572,1.35770369,-0.7711017,84.031395,16.90882,-16.5410767,0.55,0.0,-0.05,0.0,0.0,0.0,0.0,0.0,0.0,0.0
39.3782654,DATA,1,0,0,0,0,0.0,0.0,0.5743621,1.35774434,-0.77108264,84.05038,16.73078,-16.7703857,0.55,0.0,-0.05,0.0,0.0,0.0,0.0,0.0,0.0,0.0
39.43362,DATA,1,0,0,0,0,0.0,0.0,0.5745538,1.35780144,-0.7711127,84.06234,15.9335613,-17.5437622,0.55,0.0,-0.05,0.0,0.0,0.0,0.0,0.0,0.0,0.0
39.4886475,DATA,1,0,0,0,0,0.0,0.0,0.5746129,1.35771251,-0.771188,84.02611,15.5737333,-17.92575,0.55,0.0,-0.05,0.0,0.0,0.0,0.0,0.0,0.0,0.0
39.54513,DATA,1,0,0,0,0,0.0,0.0,0.5744861,1.35771871,-0.771034,84.01742,15.77737,-17.6783142,0.55,0.0,-0.05,0.0,0.0,0.0,0.0,0.0,0.0,0.0
39.60052,DATA,1,0,0,0,0,0.0,0.0,0.574405968,1.35757852,-0.7709844,84.02585,16.46901,-17.0310669,0.55,0.0,-0.05,0.0,0.0,0.0,0.0,0.0,0.0,0.0
39.65591,DATA,1,0,0,0,0,0.0,0.0,0.5741933,1.35790873,-0.7709129,84.03038,17.0042763,-16.4827881,0.55,0.0,-0.05,0.0,0.0,0.0,0.0,0.0,0.0,0.0
39.71123,DATA,1,0,0,0,0,0.0,0.0,0.574260533,1.357805,-0.77091527,84.0457,17.0232162,-16.4648438,0.55,0.0,-0.05,0.0,0.0,0.0,0.0,0.0,0.0,0.0
39.7666855,DATA,1,0,0,0,0,0.0,0.0,0.5744861,1.35783839,-0.771034956,83.99874,16.56342,-16.9283447,0.55,0.0,-0.05,0.0,0.0,0.0,0.0,0.0,0.0,0.0
39.8223076,DATA,1,0,0,0,0,0.0,0.0,0.574655831,1.35773909,-0.7710793,83.9863052,15.9654961,-17.4954224,0.55,0.0,-0.05,0.0,0.0,0.0,0.0,0.0,0.0,0.0
39.87848,DATA,1,0,0,0,0,0.0,0.0,0.574591,1.357874,-0.7710979,83.9912643,15.9571085,-17.513916,0.55,0.0,-0.05,0.0,0.0,0.0,0.0,0.0,0.0,0.0
39.9333,DATA,1,0,0,0,0,0.0,0.0,0.574552834,1.35778868,-0.7710755,83.98315,16.3529549,-17.1044617,0.55,0.0,-0.05,0.0,0.0,0.0,0.0,0.0,0.0,0.0
39.9885,DATA,1,0,0,0,0,0.0,0.0,0.574521363,1.357964,-0.7709434,84.043,16.7198448,-16.8147888,0.55,0.0,-0.05,0.0,0.0,0.0,0.0,0.0,0.0,0.0
40.0446243,DATA,1,0,0,0,0,0.0,0.0,0.5746072,1.35797024,-0.77099824,84.00933,16.4420948,-17.1506958,0.55,0.0,-0.05,0.0,0.0,0.0,0.0,0.0,0.0,0.0
40.1004677,DATA,1,0,0,0,0,0.0,0.0,0.574716866,1.35796809,-0.771209955,83.9886856,15.7495232,-17.7583313,0.55,0.0,-0.05,0.0,0.0,0.0,0.0,0.0,0.0,0.0
40.156395,DATA,1,0,0,0,0,0.0,0.0,0.574788868,1.35797119,-0.771263361,84.00939,15.6283884,-17.8730469,0.55,0.0,-0.05,0.0,0.0,0.0,0.0,0.0,0.0,0.0
40.2109146,DATA,1,0,0,0,0,0.0,0.0,0.574714,1.35792375,-0.771249056,84.00665,15.9918041,-17.4987488,0.55,0.0,-0.05,0.0,0.0,0.0,0.0,0.0,0.0,0.0
40.266758,DATA,1,0,0,0,0,0.0,0.0,0.574632,1.35796082,-0.771214247,84.02834,16.1067753,-17.3699036,0.55,0.0,-0.05,0.0,0.0,0.0,0.0,0.0,0.0,0.0
40.3225555,DATA,1,0,0,0,0,0.0,0.0,0.5746744,1.35789013,-0.771267653,84.01142,16.0844555,-17.357605,0.55,0.0,-0.05,0.0,0.0,0.0,0.0,0.0,0.0,0.0
40.378,DATA,1,0,0,0,0,0.0,0.0,0.5744594,1.35801721,-0.771144152,84.03728,15.8721952,-17.5567322,0.55,0.0,-0.05,0.0,0.0,0.0,0.0,0.0,0.0,0.0
40.4333458,DATA,1,0,0,0,0,0.0,0.0,0.5745538,1.35791,-0.7711227,84.06714,15.58849,-17.814209,0.55,0.0,-0.05,0.0,0.0,0.0,0.0,0.0,0.0,0.0
40.4887352,DATA,1,0,0,0,0,0.0,0.0,0.574583352,1.35797358,-0.771150351,84.0005,15.6128187,-17.80307,0.55,0.0,-0.05,0.0,0.0,0.0,0.0,0.0,0.0,0.0
40.5448723,DATA,1,0,0,0,0,0.0,0.0,0.574799836,1.35786557,-0.77100873,84.0935,15.1143208,-18.2827148,0.55,0.0,-0.05,0.0,0.0,0.0,0.0,0.0,0.0,0.0
40.6005669,DATA,1,0,0,0,0,0.0,0.0,0.5748914,1.35794,-0.771209,84.09048,14.55726,-18.847229,0.55,0.0,-0.05,0.0,0.0,0.0,0.0,0.0,0.0,0.0
40.6556664,DATA,1,0,0,0,0,0.0,0.0,0.5749696,1.35783052,-0.771373034,84.0221,14.3966742,-19.0402832,0.55,0.0,-0.05,0.0,0.0,0.0,0.0,0.0,0.0,0.0
40.7109947,DATA,1,0,0,0,0,0.0,0.0,0.575015366,1.35786486,-0.771113634,84.04451,14.0545969,-19.3380432,0.55,0.0,-0.05,0.0,0.0,0.0,0.0,0.0,0.0,0.0
40.7675247,DATA,1,0,0,0,0,0.0,0.0,0.575085461,1.35776937,-0.7709315,84.10984,14.2187033,-19.1425171,0.55,0.0,-0.05,0.0,0.0,0.0,0.0,0.0,0.0,0.0
40.8217964,DATA,1,0,0,0,0,0.0,0.0,0.574937165,1.35788083,-0.7710421,84.04316,14.6057177,-18.8141479,0.55,0.0,-0.05,0.0,0.0,0.0,0.0,0.0,0.0,0.0
40.8780136,DATA,1,0,0,0,0,0.0,0.0,0.5749801,1.3579464,-0.7710383,84.0311661,14.6079063,-18.8283386,0.55,0.0,-0.05,0.0,0.0,0.0,0.0,0.0,0.0,0.0
40.933403,DATA,1,0,0,0,0,0.0,0.0,0.575131238,1.35788488,-0.770964861,84.05383,14.01027,-19.3712463,0.55,0.0,-0.05,0.0,0.0,0.0,0.0,0.0,0.0,0.0
40.98849,DATA,1,0,0,0,0,0.0,0.0,0.5752595,1.35784531,-0.770903349,84.05186,13.829278,-19.5569153,0.55,0.0,-0.05,0.0,0.0,0.0,0.0,0.0,0.0,0.0
41.0445023,DATA,1,0,0,0,0,0.0,0.0,0.575262368,1.357768,-0.77099967,83.9862747,13.8630934,-19.5203552,0.55,0.0,-0.05,0.0,0.0,0.0,0.0,0.0,0.0,0.0
41.1006927,DATA,1,0,0,0,0,0.0,0.0,0.575240433,1.35795808,-0.7709286,84.02385,13.888134,-19.4986267,0.55,0.0,-0.05,0.0,0.0,0.0,0.0,0.0,0.0,0.0
41.1560059,DATA,1,0,0,0,0,0.0,0.0,0.57528,1.35786486,-0.770845652,84.05386,14.0403585,-19.39206,0.55,0.0,-0.05,0.0,0.0,0.0,0.0,0.0,0.0,0.0
41.211216,DATA,1,0,0,0,0,0.0,0.0,0.5751012,1.3580842,-0.770995855,84.0084457,13.7551956,-19.6334839,0.55,0.0,-0.05,0.0,0.0,0.0,0.0,0.0,0.0,0.0
41.26649,DATA,1,0,0,0,0,0.0,0.0,0.575246155,1.35800922,-0.7709801,84.03856,13.0793467,-20.2388916,0.55,0.0,-0.05,0.0,0.0,0.0,0.0,0.0,0.0,0.0
41.322937,DATA,1,0,0,0,0,0.0,0.0,0.575046837,1.35801756,-0.770979643,84.02769,13.1041975,-20.186676,0.55,0.0,-0.05,0.0,0.0,0.0,0.0,0.0,0.0,0.0
41.37768,DATA,1,0,0,0,0,0.0,0.0,0.5750244,1.35798216,-0.7710469,83.971,13.1235733,-20.1877441,0.55,0.0,-0.05,0.0,0.0,0.0,0.0,0.0,0.0,0.0
41.43328,DATA,1,0,0,0,0,0.0,0.0,0.57492,1.35815549,-0.771255732,83.90761,12.541194,-20.6542664,0.55,0.0,-0.05,0.0,0.0,0.0,0.0,0.0,0.0,0.0
41.48827,DATA,1,0,0,0,0,0.0,0.0,0.5750082,1.35814214,-0.7713511,83.84368,11.9576654,-21.2289124,0.55,0.0,-0.05,0.0,0.0,0.0,0.0,0.0,0.0,0.0
41.5442467,DATA,1,0,0,0,0,0.0,0.0,0.575184166,1.35815966,-0.771504641,83.77342,10.6837034,-22.4246216,0.55,0.0,-0.05,0.0,0.0,0.0,0.0,0.0,0.0,0.0
41.59954,DATA,1,0,0,0,0,0.0,0.0,0.575434,1.358161,-0.771576166,83.74756,9.395598,-23.5330811,0.55,0.0,-0.05,0.0,0.0,0.0,0.0,0.0,0.0,0.0
41.6556,DATA,1,0,0,0,0,0.0,0.0,0.5754474,1.35819149,-0.771518,83.75638,9.190929,-23.8192139,0.55,0.0,-0.05,0.0,0.0,0.0,0.0,0.0,0.0,0.0
41.7106171,DATA,1,0,0,0,0,0.0,0.0,0.575338662,1.35825467,-0.7714803,83.74323,9.29808,-23.918335,0.55,0.0,-0.05,0.0,0.0,0.0,0.0,0.0,0.0,0.0
41.7666473,DATA,1,0,0,0,0,0.0,0.0,0.575392067,1.35823536,-0.7715752,83.69908,9.201687,-24.0297546,0.55,0.0,-0.05,0.0,0.0,0.0,0.0,0.0,0.0,0.0
41.8222542,DATA,1,0,0,0,0,0.0,0.0,0.575264752,1.35831761,-0.771621,83.6373,9.127038,-23.91098,0.55,0.0,-0.05,0.0,0.0,0.0,0.0,0.0,0.0,0.0
41.87766,DATA,1,0,0,0,0,0.0,0.0,0.5750702,1.35823107,-0.7716639,83.6386261,9.918679,-23.1130676,0.55,0.0,-0.05,0.0,0.0,0.0,0.0,0.0,0.0,0.0
41.9331474,DATA,1,0,0,0,0,0.0,0.0,0.575079262,1.35819626,-0.7714231,83.7495346,10.079608,-22.9619141,0.55,0.0,-0.05,0.0,0.0,0.0,0.0,0.0,0.0,0.0
41.98865,DATA,1,0,0,0,0,0.0,0.0,0.5752538,1.35820878,-0.771568537,83.70761,9.687874,-23.307312,0.55,0.0,-0.05,0.0,0.0,0.0,0.0,0.0,0.0,0.0
42.0445633,DATA,1,0,0,0,0,0.0,0.0,0.575676739,1.35826564,-0.7717936,83.69146,8.108753,-24.60205,0.55,0.0,-0.05,0.0,0.0,0.0,0.0,0.0,0.0,0.0
42.10028,DATA,1,0,0,0,0,0.0,0.0,0.5759881,1.35823417,-0.771862268,83.69687,6.768326,-25.7260132,0.55,0.0,-0.05,0.0,0.0,0.0,0.0,0.0,0.0,0.0
42.15549,DATA,1,0,0,0,0,0.0,0.0,0.576162636,1.35842812,-0.771652937,83.79417,5.84945154,-26.6524658,0.55,0.0,-0.05,0.0,0.0,0.0,0.0,0.0,0.0,0.0
42.21066,DATA,1,0,0,0,0,0.0,0.0,0.57657367,1.3584249,-0.7713206,83.9837952,4.638266,-27.8988037,0.55,0.0,-0.05,0.0,0.0,0.0,0.0,0.0,0.0,0.0
42.2661667,DATA,1,0,0,0,0,0.0,0.0,0.576914132,1.35841346,-0.7713525,83.97085,3.8582778,-28.6755981,0.55,0.0,-0.05,0.0,0.0,0.0,0.0,0.0,0.0,0.0
42.32202,DATA,1,0,0,0,0,0.0,0.0,0.577009,1.35838342,-0.771685362,83.83172,3.58921623,-29.02774,0.55,0.0,-0.05,0.0,0.0,0.0,0.0,0.0,0.0,0.0
42.3778267,DATA,1,0,0,0,0,0.0,0.0,0.577076256,1.35845661,-0.77171874,83.78893,2.947275,-29.53305,0.55,0.0,-0.05,0.0,0.0,0.0,0.0,0.0,0.0,0.0
42.4331169,DATA,1,0,0,0,0,0.0,0.0,0.5769523,1.35850024,-0.7714331,83.88214,2.952677,-29.41452,0.55,0.0,-0.05,0.0,0.0,0.0,0.0,0.0,0.0,0.0
42.48846,DATA,1,0,0,0,0,0.0,0.0,0.5768321,1.35849607,-0.7712209,83.95101,3.831273,-28.7649536,0.55,0.0,-0.05,0.0,0.0,0.0,0.0,0.0,0.0,0.0
42.5446243,DATA,1,0,0,0,0,0.0,0.0,0.576940358,1.3585881,-0.770928144,83.99528,3.38702941,-29.4936523,0.55,0.0,-0.05,0.0,0.0,0.0,0.0,0.0,0.0,0.0
42.6003456,DATA,1,0,0,0,0,0.0,0.0,0.5775865,1.35856342,-0.7710564,83.91186,0.99777776,-31.98706,0.55,0.0,-0.05,0.0,0.0,0.0,0.0,0.0,0.0,0.0
42.655365,DATA,1,0,0,0,0,0.0,0.0,0.577990353,1.35870767,-0.771496534,83.7253,-0.9878845,-33.91916,0.55,0.0,-0.05,0.0,0.0,0.0,0.0,0.0,0.0,0.0
42.7110329,DATA,1,0,0,0,0,0.0,0.0,0.5782626,1.35862494,-0.771963835,83.52189,-1.681366,-34.3748169,0.55,0.0,-0.05,0.0,0.0,0.0,0.0,0.0,0.0,0.0
42.76672,DATA,1,0,0,0,0,0.0,0.0,0.5780471,1.35863674,-0.771723032,83.53295,-1.304657,-34.02942,0.55,0.0,-0.05,0.0,0.0,0.0,0.0,0.0,0.0,0.0
42.8219,DATA,1,0,0,0,0,0.0,0.0,0.5778249,1.35853028,-0.771497,83.63438,-0.259246826,-33.10385,0.55,0.0,-0.05,0.0,0.0,0.0,0.0,0.0,0.0,0.0
42.8777046,DATA,1,0,0,0,0,0.0,0.0,0.5774353,1.35871792,-0.771446943,83.67901,0.553654,-32.2542725,0.55,0.0,-0.05,0.0,0.0,0.0,0.0,0.0,0.0,0.0
42.9328651,DATA,1,0,0,0,0,0.0,0.0,0.5774024,1.3586483,-0.771562338,83.6100845,1.09283733,-31.6764526,0.55,0.0,-0.05,0.0,0.0,0.0,0.0,0.0,0.0,0.0
42.9889145,DATA,1,0,0,0,0,0.0,0.0,0.577399552,1.35857272,-0.7717526,83.62662,0.705761135,-32.0084534,0.55,0.0,-0.05,0.0,0.0,0.0,0.0,0.0,0.0,0.0
43.0441475,DATA,1,0,0,0,0,0.0,0.0,0.577413857,1.358513,-0.771899939,83.5540543,0.5517105,-32.14679,0.55,0.0,-0.05,0.0,0.0,0.0,0.0,0.0,0.0,0.0
43.0993156,DATA,1,0,0,0,0,0.0,0.0,0.5773366,1.35845208,-0.7719872,83.51478,0.5893998,-32.072937,0.55,0.0,-0.05,0.0,0.0,0.0,0.0,0.0,0.0,0.0
43.1557426,DATA,1,0,0,0,0,0.0,0.0,0.5772937,1.358458,-0.772002935,83.4932556,0.3042149,-32.24875,0.55,0.0,-0.05,0.0,0.0,0.0,0.0,0.0,0.0,0.0
43.2108536,DATA,1,0,0,0,0,0.0,0.0,0.5774177,1.3583374,-0.771940947,83.5648651,0.0166064221,-32.4388428,0.55,0.0,-0.05,0.0,0.0,0.0,0.0,0.0,0.0,0.0
43.26648,DATA,1,0,0,0,0,0.0,0.0,0.5774763,1.35829926,-0.7722194,83.4618759,-0.108734131,-32.56024,0.55,0.0,-0.05,0.0,0.0,0.0,0.0,0.0,0.0,0.0
43.3231049,DATA,1,0,0,0,0,0.0,0.0,0.577854,1.35820723,-0.7722657,83.44135,-1.28048706,-33.7115173,0.55,0.0,-0.05,0.0,0.0,0.0,0.0,0.0,0.0,0.0
43.37754,DATA,1,0,0,0,0,0.0,0.0,0.5781215,1.3586036,-0.772426844,83.30819,-2.53381348,-35.0279236,0.55,0.0,-0.05,0.0,0.0,0.0,0.0,0.0,0.0,0.0
43.43303,DATA,1,0,0,0,0,0.0,0.0,0.5786951,1.35854852,-0.7727115,83.1857452,-4.97229,-37.3736572,0.55,0.0,-0.05,0.0,0.0,0.0,0.0,0.0,0.0,0.0
43.4884567,DATA,1,0,0,0,0,0.0,0.0,0.579573,1.358645,-0.773196459,82.91778,-8.022491,-40.36429,0.55,0.0,-0.05,0.0,0.0,0.0,0.0,0.0,0.0,0.0
43.5619431,DATA,1,0,0,0,0,0.0,0.0,0.580244362,1.3585763,-0.773631334,82.6786041,-9.947754,-42.29471,0.55,0.0,-0.05,0.0,0.0,0.0,0.0,0.0,0.0,0.0
43.6209869,DATA,1,0,0,0,0,0.0,0.0,0.581078351,1.3587184,-0.774368048,82.1886444,-12.7019348,-45.0639343,0.55,0.0,-0.05,0.0,0.0,0.0,0.0,0.0,0.0,0.0
43.6764832,DATA,1,0,0,0,0,0.0,0.0,0.5814603,1.35862637,-0.7742684,82.16325,-13.8775024,-46.2755432,0.55,0.0,-0.05,0.0,0.0,0.0,0.0,0.0,0.0,0.0
43.7317238,DATA,1,0,0,0,0,0.0,0.0,0.5776477,1.3587265,-0.773159,82.1705246,-14.2198792,-46.4868469,0.55,0.0,-0.05,0.0,0.0,0.0,0.0,-0.10038881,0.0252188165,0.0
43.7875748,DATA,1,0,0,0,0,0.0,0.0,0.5812362,1.35869074,-0.77422595,82.07887,-13.8995361,-46.1889343,0.55,0.0,-0.05,0.0,0.0,0.0,0.0,0.0,0.0,0.0
43.84423,DATA,1,0,0,0,0,0.0,0.0,0.5809558,1.358941,-0.7742832,82.06972,-14.7677917,-47.0999146,0.55,0.0,-0.05,0.0,0.0,0.0,0.0,0.0,0.0,0.0
43.89925,DATA,1,0,0,0,0,0.0,0.0,0.5813392,1.35884047,-0.7743213,81.93735,-16.0456543,-48.29062,0.55,0.0,-0.05,0.0,0.0,0.0,0.0,0.0,0.0,0.0
43.95444,DATA,1,0,0,0,0,0.0,0.0,0.581739247,1.35886145,-0.7747357,81.69785,-17.3266,-49.4555969,0.55,0.0,-0.05,0.0,0.0,0.0,0.0,0.0,0.0,0.0
44.0092926,DATA,1,0,0,0,0,0.0,0.0,0.582033455,1.35877025,-0.7750952,81.473526,-18.0419617,-50.1522827,0.55,0.0,-0.05,0.0,0.0,0.0,0.0,0.0,0.0,0.0
44.07192,DATA,1,0,0,0,0,0.0,0.0,0.5823644,1.3587234,-0.775022745,81.4295044,-18.6911011,-50.8374023,0.55,0.0,-0.05,0.0,0.0,0.0,0.0,0.0,0.0,0.0
44.12827,DATA,1,0,0,0,0,0.0,0.0,0.5823663,1.35862923,-0.775018,81.36924,-18.697876,-50.9058838,0.55,0.0,-0.05,0.0,0.0,0.0,0.0,0.0,0.0,0.0
44.1827774,DATA,1,0,0,0,0,0.0,0.0,0.582393,1.35858631,-0.7753103,81.262146,-18.5538025,-50.8329773,0.55,0.0,-0.05,0.0,0.0,0.0,0.0,0.0,0.0,0.0
44.2394066,DATA,1,0,0,0,0,0.0,0.0,0.5824464,1.35853684,-0.775570631,81.14186,-18.7489014,-50.979187,0.55,0.0,-0.05,0.0,0.0,0.0,0.0,0.0,0.0,0.0
44.29507,DATA,1,0,0,0,0,0.0,0.0,0.582603753,1.35865021,-0.7759311,80.87575,-18.2843933,-50.19757,0.55,0.0,-0.05,0.0,0.0,0.0,0.0,0.0,0.0,0.0
44.3495255,DATA,1,0,0,0,0,0.0,0.0,0.583877861,1.36142254,-0.777303457,79.94505,-19.5513611,-49.6759338,0.55,0.0,-0.05,0.0,0.0,0.0,0.0,0.0,0.0,0.0
44.40573,DATA,1,0,0,0,0,0.0,0.0,0.5890029,1.36844683,-0.7801268,77.41245,-32.3459778,-57.55844,0.55,0.0,-0.05,0.0,0.0,0.0,0.0,0.0,0.0,0.0
44.46139,DATA,1,0,0,0,0,0.0,0.0,0.5938924,1.38246489,-0.7888782,73.5172348,-38.3027954,-56.51013,0.55,0.0,-0.05,0.0,0.0,0.0,0.0,0.0,0.0,0.0
44.51684,DATA,1,0,0,0,0,0.0,0.0,0.5977405,1.40174675,-0.8011081,70.3138,-35.2898254,-49.1152649,0.55,0.0,-0.05,0.0,0.0,0.0,0.0,0.0,0.0,0.0
44.571804,DATA,1,0,0,0,0,0.0,0.0,0.6010645,1.42324817,-0.815421343,67.00603,-27.4562683,-39.0992737,0.55,0.0,-0.05,0.0,0.0,0.0,0.0,0.0,0.0,0.0
44.6272926,DATA,1,0,0,0,0,0.0,0.0,0.6059831,1.44596946,-0.829856634,64.0717,-21.9325562,-31.0417786,0.55,0.0,-0.05,0.0,0.0,0.0,0.0,0.0,0.0,0.0
44.6833,DATA,1,0,0,0,0,0.0,0.0,0.610623658,1.46466613,-0.8450444,59.45701,-15.7542114,-23.1559753,0.55,0.0,-0.05,0.0,0.0,0.0,0.0,0.0,0.0,0.0
44.73926,DATA,1,0,0,0,0,0.0,0.0,0.615680039,1.48095894,-0.856145144,55.85731,-11.886261,-18.659729,0.55,0.0,-0.05,0.0,0.0,0.0,0.0,0.0,0.0,0.0
44.7942848,DATA,1,0,0,0,0,0.0,0.0,0.6199034,1.493464,-0.8619306,53.6442146,-8.022797,-15.8746033,0.55,0.0,-0.05,0.0,0.0,0.0,0.0,0.0,0.0,0.0
44.849556,DATA,1,0,0,0,0,0.0,0.0,0.623683751,1.50451624,-0.863177061,52.5168076,-4.94714355,-14.253479,0.55,0.0,-0.05,0.0,0.0,0.0,0.0,0.0,0.0,0.0
44.90498,DATA,1,0,0,0,0,0.0,0.0,0.6269682,1.51395369,-0.8641155,50.8720436,-2.4942627,-13.39859,0.55,0.0,-0.05,0.0,0.0,0.0,0.0,0.0,0.0,0.0
44.9613266,DATA,1,0,0,0,0,0.0,0.0,0.629823,1.52283239,-0.866783857,48.7967949,-0.8253784,-12.2461243,0.55,0.0,-0.05,0.0,0.0,0.0,0.0,0.0,0.0,0.0
45.016655,DATA,1,0,0,0,0,0.0,0.0,0.6314104,1.53114915,-0.872084856,46.3252335,0.455418229,-10.9190063,0.55,0.0,-0.05,0.0,0.0,0.0,0.0,0.0,0.0,0.0
45.0714,DATA,1,0,0,0,0,0.0,0.0,0.6319793,1.53952,-0.87893033,43.7921448,1.75119615,-9.316528,0.55,0.0,-0.05,0.0,0.0,0.0,0.0,0.0,0.0,0.0
45.1273079,DATA,1,0,0,0,0,0.0,0.0,0.631448567,1.54718566,-0.88442874,41.6812439,3.52673221,-8.022186,0.55,0.0,-0.05,0.0,0.0,0.0,0.0,0.0,0.0,0.0
45.1819229,DATA,1,0,0,0,0,0.0,0.0,0.629684269,1.55400693,-0.8883488,40.1176147,5.5552783,-6.990692,0.55,0.0,-0.05,0.0,0.0,0.0,0.0,0.0,0.0,0.0
45.2377625,DATA,1,0,0,0,0,0.0,0.0,0.627123654,1.55840778,-0.889719248,39.2704659,7.20116758,-5.98477173,0.55,0.0,-0.05,0.0,0.0,0.0,0.0,0.0,0.0,0.0
45.29268,DATA,1,0,0,0,0,0.0,0.0,0.625301659,1.56192374,-0.8909352,38.4244576,7.61872864,-5.17544556,0.55,0.0,-0.05,0.0,0.0,0.0,0.0,0.0,0.0,0.0
45.3481369,DATA,1,0,0,0,0,0.0,0.0,0.62373,1.564105,-0.891989,37.3191,7.26848936,-4.58605957,0.55,0.0,-0.05,0.0,0.0,0.0,0.0,0.0,0.0,0.0
45.4042,DATA,1,0,0,0,0,0.0,0.0,0.622967541,1.56637859,-0.8945601,35.8097954,6.790603,-4.478882,0.55,0.0,-0.05,0.0,0.0,0.0,0.0,0.0,0.0,0.0
45.459568,DATA,1,0,0,0,0,0.0,0.0,0.623465359,1.56780076,-0.897088766,34.4361725,5.93509674,-4.3223877,0.55,0.0,-0.05,0.0,0.0,0.0,0.0,0.0,0.0,0.0
45.5150871,DATA,1,0,0,0,0,0.0,0.0,0.625099,1.56989956,-0.899729967,33.0673866,4.705593,-4.273712,0.55,0.0,-0.05,0.0,0.0,0.0,0.0,0.0,0.0,0.0
45.570507,DATA,1,0,0,0,0,0.0,0.0,0.6266902,1.571243,-0.9011662,31.9151859,4.46576548,-4.516205,0.55,0.0,-0.05,0.0,0.0,0.0,0.0,0.0,0.0,0.0
45.62612,DATA,1,0,0,0,0,0.0,0.0,0.6277073,1.57325482,-0.9025886,31.2683849,5.031057,-4.70877075,0.55,0.0,-0.05,0.0,0.0,0.0,0.0,0.0,0.0,0.0
45.6821823,DATA,1,0,0,0,0,0.0,0.0,0.628330052,1.57551956,-0.9043639,30.422205,5.12465334,-4.894684,0.55,0.0,-0.05,0.0,0.0,0.0,0.0,0.0,0.0,0.0
45.73815,DATA,1,0,0,0,0,0.0,0.0,0.628354847,1.57775426,-0.905665159,29.5817585,4.82462,-4.716156,0.55,0.0,-0.05,0.0,0.0,0.0,0.0,0.0,0.0,0.0
45.7931175,DATA,1,0,0,0,0,0.0,0.0,0.6281164,1.57912707,-0.907061338,28.5449543,4.39838457,-4.830139,0.55,0.0,-0.05,0.0,0.0,0.0,0.0,0.0,0.0,0.0
45.84918,DATA,1,0,0,0,0,0.0,0.0,0.627603352,1.58052862,-0.9090483,27.862957,4.15601873,-4.59960938,0.55,0.0,-0.05,0.0,0.0,0.0,0.0,0.0,0.0,0.0
45.9046326,DATA,1,0,0,0,0,0.0,0.0,0.626766,1.58120608,-0.911349535,26.77813,4.271053,-4.89984131,0.55,0.0,-0.05,0.0,0.0,0.0,0.0,0.0,0.0,0.0
45.9605179,DATA,1,0,0,0,0,0.0,0.0,0.6260446,1.58264029,-0.9123895,26.4694862,4.57281637,-4.68893433,0.55,0.0,-0.05,0.0,0.0,0.0,0.0,0.0,0.0,0.0
46.0157,DATA,1,0,0,0,0,0.0,0.0,0.62567836,1.584243,-0.913061857,25.9729118,4.55692434,-4.743103,0.55,0.0,-0.05,0.0,0.0,0.0,0.0,0.0,0.0,0.0
46.07124,DATA,1,0,0,0,0,0.0,0.0,0.625402749,1.58582187,-0.9142792,25.86343,4.392489,-4.35055542,0.55,0.0,-0.05,0.0,0.0,0.0,0.0,0.0,0.0,0.0
46.12709,DATA,1,0,0,0,0,0.0,0.0,0.625194848,1.58695555,-0.915433645,25.6396427,4.409723,-4.24578857,0.55,0.0,-0.05,0.0,0.0,0.0,0.0,0.0,0.0,0.0
46.18248,DATA,1,0,0,0,0,0.0,0.0,0.6249612,1.58822143,-0.916612864,25.53766,4.52832365,-4.30368042,0.55,0.0,-0.05,0.0,0.0,0.0,0.0,0.0,0.0,0.0
46.2384338,DATA,1,0,0,0,0,0.0,0.0,0.6247056,1.58930326,-0.917514563,25.4955139,4.445709,-4.19488525,0.55,0.0,-0.05,0.0,0.0,0.0,0.0,0.0,0.0,0.0
46.29372,DATA,1,0,0,0,0,0.0,0.0,0.6245602,1.58994877,-0.9186008,25.4879532,4.43856573,-3.95727539,0.55,0.0,-0.05,0.0,0.0,0.0,0.0,0.0,0.0,0.0
46.3490944,DATA,1,0,0,0,0,0.0,0.0,0.6243742,1.59026682,-0.9195502,25.4644833,4.504206,-3.76690674,0.55,0.0,-0.05,0.0,0.0,0.0,0.0,0.0,0.0,0.0
46.405117,DATA,1,0,0,0,0,0.0,0.0,0.6242202,1.59058142,-0.920679331,25.35682,4.61260843,-3.782135,0.55,0.0,-0.05,0.0,0.0,0.0,0.0,0.0,0.0,0.0
46.46101,DATA,1,0,0,0,0,0.0,0.0,0.623829663,1.5910567,-0.9210284,25.28251,4.479072,-3.77038574,0.55,0.0,-0.05,0.0,0.0,0.0,0.0,0.0,0.0,0.0
46.5164261,DATA,1,0,0,0,0,0.0,0.0,0.623267949,1.59114575,-0.92145896,25.3319569,4.417586,-3.74627686,0.55,0.0,-0.05,0.0,0.0,0.0,0.0,0.0,0.0,0.0
46.5714531,DATA,1,0,0,0,0,0.0,0.0,0.622415841,1.59119439,-0.9216497,25.37276,4.32843971,-3.686676,0.55,0.0,-0.05,0.0,0.0,0.0,0.0,0.0,0.0,0.0
46.62726,DATA,1,0,0,0,0,0.0,0.0,0.6220582,1.5911293,-0.9219482,25.4580822,4.185071,-3.58181763,0.55,0.0,-0.05,0.0,0.0,0.0,0.0,0.0,0.0,0.0
46.68297,DATA,1,0,0,0,0,0.0,0.0,0.62197,1.59127653,-0.9220402,25.5587482,4.11251163,-3.41363525,0.55,0.0,-0.05,0.0,0.0,0.0,0.0,0.0,0.0,1.0
46.7442474,DATA,1,0,0,0,0,0.0,0.0,0.621874154,1.59139919,-0.9225123,25.56765,4.115967,-3.4475708,0.55,0.0,-0.05,0.0,0.0,0.0,0.0,0.0,0.0,1.0
46.8001556,DATA,1,0,0,0,0,0.0,0.0,0.621795,1.591364,-0.9221513,25.77737,4.05459261,-3.230133,0.55,0.0,-0.05,0.0,0.0,0.0,0.0,0.0,0.0,1.0
46.85247,DATA,1,0,0,0,0,0.0,0.0,0.6214884,1.59128416,-0.922371149,25.762022,4.08012056,-3.36166382,0.55,0.0,-0.05,0.0,0.0,0.0,0.0,0.0,0.0,1.0
46.9084435,DATA,1,0,0,0,0,0.0,0.0,0.621600449,1.59113574,-0.9222934,25.83335,3.962991,-3.30706787,0.55,0.0,-0.05,0.0,0.0,0.0,0.0,0.0,0.0,0.0
46.9640121,DATA,1,0,0,0,0,0.0,0.0,0.621352,1.59113479,-0.9227836,25.8177,3.8644228,-3.45675659,0.55,0.0,-0.05,0.0,0.0,0.0,0.0,0.0,0.0,0.0
47.0202,DATA,1,0,0,0,0,0.0,0.0,0.620817959,1.59124339,-0.9228442,25.7243271,3.77000546,-3.59146118,0.55,0.0,-0.05,0.0,0.0,0.0,0.0,0.0,0.0,0.0
47.07604,DATA,1,0,0,0,0,0.0,0.0,0.6204136,1.59172225,-0.9238937,25.8651314,3.64087987,-3.40490723,0.55,0.0,-0.05,0.0,0.0,0.0,0.0,0.0,0.0,0.0
47.1303444,DATA,1,0,0,0,0,0.0,0.0,0.6200283,1.59180975,-0.92486167,26.135376,3.665144,-3.29983521,0.55,0.0,-0.05,0.0,0.0,0.0,0.0,0.0,0.0,0.0
47.18621,DATA,1,0,0,0,0,0.0,0.0,0.6196254,1.59130573,-0.926326036,26.2727661,3.87587547,-3.368103,0.55,0.0,-0.05,0.0,0.0,0.0,0.0,0.0,0.0,0.0
47.23812,DATA,1,0,0,0,0,0.0,0.0,0.6192811,1.5909555,-0.927614,26.6433067,4.09148026,-3.45620728,0.55,0.0,-0.05,0.0,0.0,0.0,0.0,0.0,0.0,0.0
47.2932434,DATA,1,0,0,0,0,0.0,0.0,0.5823464,1.59006214,-0.9388523,26.770422,4.25078964,-3.745636,0.55,0.0,-0.05,0.0,0.0,0.0,0.0,-0.9651985,-0.261518568,0.0
47.34898,DATA,1,0,0,0,0,0.0,0.0,0.580120564,1.58981657,-0.9401399,27.2640972,4.25957346,-3.64355469,0.55,0.0,-0.05,0.0,0.0,0.0,0.0,-0.965932369,-0.258794516,0.0
47.4048042,DATA,1,0,0,0,0,0.0,0.0,0.57859683,1.5894773,-0.940784454,27.5476875,4.21770763,-3.61138916,0.55,0.0,-0.05,0.0,0.0,0.0,0.0,-0.9665408,-0.2565133,0.0
47.4605,DATA,1,0,0,0,0,0.0,0.0,0.617908239,1.58972645,-0.9316888,28.0016918,4.36669159,-3.62463379,0.55,0.0,-0.05,0.0,0.0,0.0,0.0,-0.0470758937,-0.04908895,0.0
47.5160332,DATA,1,0,0,0,0,0.0,0.0,0.620599568,1.58933139,-0.9294789,28.4148712,4.448466,-3.81665039,0.55,0.0,-0.05,0.0,0.0,0.0,0.0,0.0,0.0,0.0
47.57109,DATA,1,0,0,0,0,0.0,0.0,0.6219657,1.58874106,-0.928195238,29.6867485,4.24827576,-3.90875244,0.55,0.0,-0.05,0.0,0.0,0.0,0.0,0.0,0.0,0.0
47.6264763,DATA,1,0,0,0,0,0.0,0.0,0.6245411,1.58704066,-0.9246075,31.9442654,3.69915533,-4.530731,0.55,0.0,-0.05,0.0,0.0,0.0,0.0,0.0,0.0,0.0
47.6821327,DATA,1,0,0,0,0,0.0,0.0,0.627250969,1.58368468,-0.918130159,34.9172325,2.97708845,-5.69137573,0.55,0.0,-0.05,0.0,0.0,0.0,0.0,0.0,0.0,0.0
47.7375679,DATA,1,0,0,0,0,0.0,0.0,0.6305025,1.57979894,-0.910066366,37.5151749,1.71190274,-6.46890259,0.55,0.0,-0.05,0.0,0.0,0.0,0.0,0.0,0.0,1.0
47.792,DATA,1,0,0,0,0,0.0,0.0,0.632836163,1.57578158,-0.9022815,38.6757126,0.9021031,-7.15844727,0.55,0.0,-0.05,0.0,0.0,0.0,0.0,0.0,0.0,1.0
47.8471336,DATA,1,0,0,0,0,0.0,0.0,0.633987248,1.57288408,-0.896395445,39.53504,1.29347193,-7.306885,0.55,0.0,-0.05,0.0,0.0,0.0,0.0,0.0,0.0,1.0
47.9022865,DATA,1,0,0,0,0,0.0,0.0,0.6340073,1.56998038,-0.8926585,40.054348,1.59041989,-7.63989258,0.55,0.0,-0.05,0.0,0.0,0.0,0.0,0.0,0.0,0.0
47.95828,DATA,1,0,0,0,0,0.0,0.0,0.633684933,1.56679535,-0.891325235,40.2591858,1.46702492,-7.534851,0.55,0.0,-0.05,0.0,0.0,0.0,0.0,0.0,0.0,0.0
48.01382,DATA,1,0,0,0,0,0.0,0.0,0.6330226,1.56327939,-0.8922155,39.4463348,1.189865,-7.611786,0.55,0.0,-0.05,0.0,0.0,0.0,0.0,0.0,0.0,0.0
48.06927,DATA,1,0,0,0,0,0.0,0.0,0.6323603,1.5621686,-0.8944762,38.9217033,1.33338344,-7.60827637,0.55,0.0,-0.05,0.0,0.0,0.0,0.0,0.0,0.0,0.0
48.1248665,DATA,1,0,0,0,0,0.0,0.0,0.6323584,1.56357908,-0.896786,38.5990677,1.23723173,-7.94979858,0.55,0.0,-0.05,0.0,0.0,0.0,0.0,0.0,0.0,0.0
48.1800575,DATA,1,0,0,0,0,0.0,0.0,0.6320489,1.5651021,-0.8993628,38.0544357,1.38854551,-7.53057861,0.55,0.0,-0.05,0.0,0.0,0.0,0.0,0.0,0.0,0.0
48.2359543,DATA,1,0,0,0,0,0.0,0.0,0.6317099,1.56599116,-0.9022095,37.26955,1.55661988,-7.34118652,0.55,0.0,-0.05,0.0,0.0,0.0,0.0,0.0,0.0,0.0
48.29148,DATA,1,0,0,0,0,0.0,0.0,0.631601632,1.56691122,-0.9055445,36.7209435,1.730393,-7.11239624,0.55,0.0,-0.05,0.0,0.0,0.0,0.0,0.0,0.0,0.0
48.3468246,DATA,1,0,0,0,0,0.0,0.0,0.6316417,1.56688714,-0.9086015,35.8027534,1.89398324,-7.34542847,0.55,0.0,-0.05,0.0,0.0,0.0,0.0,0.0,0.0,0.0
48.40268,DATA,1,0,0,0,0,0.0,0.0,0.6320289,1.5660516,-0.9105046,35.59311,1.35351241,-7.750641,0.55,0.0,-0.05,0.0,0.0,0.0,0.0,0.0,0.0,0.0
48.4585724,DATA,1,0,0,0,0,0.0,0.0,0.6325105,1.56340146,-0.909288645,36.6217957,-0.135101318,-8.04953,0.55,0.0,-0.05,0.0,0.0,0.0,0.0,0.0,0.0,0.0
48.5138474,DATA,1,0,0,0,0,0.0,0.0,0.6327756,1.5573355,-0.9049332,40.4275,-1.849823,-8.927765,0.55,0.0,-0.05,0.0,0.0,0.0,0.0,0.0,0.0,0.0
48.5694542,DATA,1,0,0,0,0,0.0,0.0,0.631399453,1.54324079,-0.897690058,44.8904228,-4.61154175,-12.6089478,0.55,0.0,-0.05,0.0,0.0,0.0,0.0,0.0,0.0,0.0
48.6256332,DATA,1,0,0,0,0,0.0,0.0,0.6275161,1.52299213,-0.8895247,50.8549156,-8.30365,-17.2106018,0.55,0.0,-0.05,0.0,0.0,0.0,0.0,0.0,0.0,0.0
48.6818771,DATA,1,0,0,0,0,0.0,0.0,0.6219266,1.49720955,-0.8823197,56.5414963,-13.015686,-24.53537,0.55,0.0,-0.05,0.0,0.0,0.0,0.0,0.0,0.0,0.0
48.73731,DATA,1,0,0,0,0,0.0,0.0,0.6159037,1.46955407,-0.8768861,60.4875,-22.2333984,-35.81317,0.55,0.0,-0.05,0.0,0.0,0.0,0.0,0.0,0.0,0.0
48.7927551,DATA,1,0,0,0,0,0.0,0.0,0.6102517,1.44557393,-0.873487234,62.96892,-30.6460571,-45.2326965,0.55,0.0,-0.05,0.0,0.0,0.0,0.0,0.0,0.0,0.0
48.8482475,DATA,1,0,0,0,0,0.0,0.0,0.6040986,1.42668056,-0.8714349,64.76239,-38.71826,-54.1790466,0.55,0.0,-0.05,0.0,0.0,0.0,0.0,0.0,0.0,0.0
48.90446,DATA,1,0,0,0,0,0.0,0.0,0.5981706,1.4142828,-0.87024,65.5253143,-43.4052124,-59.6599731,0.55,0.0,-0.05,0.0,0.0,0.0,0.0,0.0,0.0,0.0
48.95991,DATA,1,0,0,0,0,0.0,0.0,0.5926898,1.40758109,-0.8691566,65.95928,-47.0075073,-63.05078,0.55,0.0,-0.05,0.0,0.0,0.0,0.0,0.0,0.0,0.0
49.01578,DATA,1,0,0,0,0,0.0,0.0,0.5876921,1.40507793,-0.8685448,66.34372,-48.96826,-64.24054,0.55,0.0,-0.05,0.0,0.0,0.0,0.0,0.0,0.0,0.0
49.0709152,DATA,1,0,0,0,0,0.0,0.0,0.5835083,1.40440917,-0.867646456,66.6203842,-50.2549438,-64.42392,0.55,0.0,-0.05,0.0,0.0,0.0,0.0,0.0,0.0,0.0
49.1268578,DATA,1,0,0,0,0,0.0,0.0,0.5798276,1.404957,-0.8673823,66.9797,-50.7946472,-63.89508,0.55,0.0,-0.05,0.0,0.0,0.0,0.0,0.0,0.0,0.0
49.1825027,DATA,1,0,0,0,0,0.0,0.0,0.576577961,1.40569592,-0.8665612,67.38431,-50.8304138,-63.3280334,0.55,0.0,-0.05,0.0,0.0,0.0,0.0,0.0,0.0,0.0
49.23813,DATA,1,0,0,0,0,0.0,0.0,0.573986351,1.40681338,-0.8660424,67.47787,-50.290802,-62.4420166,0.55,0.0,-0.05,0.0,0.0,0.0,0.0,0.0,0.0,0.0
49.293663,DATA,1,0,0,0,0,0.0,0.0,0.571626,1.407532,-0.865091562,67.53907,-50.2896729,-61.8492432,0.55,0.0,-0.05,0.0,0.0,0.0,0.0,0.0,0.0,0.0
49.3490944,DATA,1,0,0,0,0,0.0,0.0,0.5696781,1.408097,-0.864105463,67.9022141,-50.8482056,-61.72644,0.55,0.0,-0.05,0.0,0.0,0.0,0.0,0.0,0.0,0.0
49.40474,DATA,1,0,0,0,0,0.0,0.0,0.5672186,1.4078753,-0.8636496,68.3890839,-50.8936157,-61.56482,0.55,0.0,-0.05,0.0,0.0,0.0,0.0,0.0,0.0,0.0
49.4601936,DATA,1,0,0,0,0,0.0,0.0,0.5650771,1.40742278,-0.863561869,68.73656,-50.5857849,-61.5026245,0.55,0.0,-0.05,0.0,0.0,0.0,0.0,0.0,0.0,0.0
49.51624,DATA,1,0,0,0,0,0.0,0.0,0.5632337,1.40629292,-0.8638127,68.81981,-50.0939636,-61.243103,0.55,0.0,-0.05,0.0,0.0,0.0,0.0,0.0,0.0,0.0
49.5709,DATA,1,0,0,0,0,0.0,0.0,0.5619243,1.40402269,-0.864115953,68.55013,-49.87137,-61.2238159,0.55,0.0,-0.05,0.0,0.0,0.0,0.0,0.0,0.0,0.0
49.6270752,DATA,1,0,0,0,0,0.0,0.0,0.5608304,1.401158,-0.86402154,68.13385,-49.6440125,-61.79901,0.55,0.0,-0.05,0.0,0.0,0.0,0.0,0.0,0.0,0.0
49.6828842,DATA,1,0,0,0,0,0.0,0.0,0.559530556,1.39702666,-0.8641045,67.6818161,-49.3044128,-62.6924744,0.55,0.0,-0.05,0.0,0.0,0.0,0.0,0.0,0.0,0.0
49.73811,DATA,1,0,0,0,0,0.0,0.0,0.55808574,1.393269,-0.8637302,67.52412,-48.72574,-63.7978821,0.55,0.0,-0.05,0.0,0.0,0.0,0.0,0.0,0.0,0.0
49.7932777,DATA,1,0,0,0,0,0.0,0.0,0.55538255,1.39000344,-0.863535643,68.02879,-48.42569,-65.02826,0.55,0.0,-0.05,0.0,0.0,0.0,0.0,0.0,0.0,0.0
49.84886,DATA,1,0,0,0,0,0.0,0.0,0.5519803,1.3886199,-0.863148451,69.4010239,-47.652832,-65.78296,0.55,0.0,-0.05,0.0,0.0,0.0,0.0,0.0,0.0,0.0
49.90451,DATA,1,0,0,0,0,0.0,0.0,0.5481909,1.38775313,-0.8634298,70.7032852,-46.028656,-65.64783,0.55,0.0,-0.05,0.0,0.0,0.0,0.0,0.0,0.0,0.0
49.96084,DATA,1,0,0,0,0,0.0,0.0,0.5452693,1.38825321,-0.8637612,71.33168,-45.2285461,-65.5740051,0.55,0.0,-0.05,0.0,0.0,0.0,0.0,0.0,0.0,0.0
50.0159073,DATA,1,0,0,0,0,0.0,0.0,0.5429991,1.38862979,-0.864793539,71.05114,-45.14258,-64.8799438,0.55,0.0,-0.05,0.0,0.0,0.0,0.0,0.0,0.0,0.0
50.0709,DATA,1,0,0,0,0,0.0,0.0,0.541848958,1.38955963,-0.8658211,70.07063,-46.1382446,-64.80942,0.55,0.0,-0.05,0.0,0.0,0.0,0.0,0.0,0.0,0.0
50.1274,DATA,1,0,0,0,0,0.0,0.0,0.540840447,1.39024425,-0.8672173,69.0555954,-46.9665833,-64.4625549,0.55,0.0,-0.05,0.0,0.0,0.0,0.0,0.0,0.0,0.0
50.1823463,DATA,1,0,0,0,0,0.0,0.0,0.5401042,1.39112329,-0.868591547,68.07493,-47.28882,-63.9996338,0.55,0.0,-0.05,0.0,0.0,0.0,0.0,0.0,0.0,0.0
50.23845,DATA,1,0,0,0,0,0.0,0.0,0.539119065,1.39242458,-0.869878054,67.63081,-47.05426,-63.3536377,0.55,0.0,-0.05,0.0,0.0,0.0,0.0,0.0,0.0,0.0
50.293087,DATA,1,0,0,0,0,0.0,0.0,0.537729561,1.39377964,-0.8710873,67.572525,-46.5244751,-62.63202,0.55,0.0,-0.05,0.0,0.0,0.0,0.0,0.0,0.0,0.0
50.34861,DATA,1,0,0,0,0,0.0,0.0,0.5363148,1.39521539,-0.8720858,67.59059,-45.8558044,-61.8509827,0.55,0.0,-0.05,0.0,0.0,0.0,0.0,0.0,0.0,0.0
50.40486,DATA,1,0,0,0,0,0.0,0.0,0.53487426,1.39631939,-0.8725865,67.899025,-45.61505,-61.44391,0.55,0.0,-0.05,0.0,0.0,0.0,0.0,0.0,0.0,0.0
50.4600029,DATA,1,0,0,0,0,0.0,0.0,0.5336059,1.39731383,-0.87309,67.92252,-45.3387146,-61.0066528,0.55,0.0,-0.05,0.0,0.0,0.0,0.0,0.0,0.0,0.0
50.51598,DATA,1,0,0,0,0,0.0,0.0,0.5324281,1.39776087,-0.873635054,67.81409,-45.5172729,-60.8659363,0.55,0.0,-0.05,0.0,0.0,0.0,0.0,0.0,0.0,0.0
50.57086,DATA,1,0,0,0,0,0.0,0.0,0.5313867,1.39865649,-0.8741119,67.4226761,-46.1052856,-60.8586426,0.55,0.0,-0.05,0.0,0.0,0.0,0.0,0.0,0.0,0.0
50.6266022,DATA,1,0,0,0,0,0.0,0.0,0.5301803,1.39923215,-0.8745272,67.1679459,-46.89511,-60.7545776,0.55,0.0,-0.05,0.0,0.0,0.0,0.0,0.0,0.0,0.0
50.68233,DATA,1,0,0,0,0,0.0,0.0,0.5285104,1.40012348,-0.8747394,66.87347,-46.6918335,-59.9792175,0.55,0.0,-0.05,0.0,0.0,0.0,0.0,0.0,0.0,0.0
50.7383652,DATA,1,0,0,0,0,0.0,0.0,0.5269206,1.40094316,-0.874402761,66.94801,-46.3347473,-59.2955322,0.55,0.0,-0.05,0.0,0.0,0.0,0.0,0.0,0.0,0.0
50.79277,DATA,1,0,0,0,0,0.0,0.0,0.525719941,1.40257323,-0.873266459,67.34237,-45.7852478,-58.5994568,0.55,0.0,-0.05,0.0,0.0,0.0,0.0,0.0,0.0,0.0
50.84917,DATA,1,0,0,0,0,0.0,0.0,0.524997056,1.40434265,-0.8720248,67.71892,-45.3416138,-57.70291,0.55,0.0,-0.05,0.0,0.0,0.0,0.0,0.0,0.0,0.0
50.9045,DATA,1,0,0,0,0,0.0,0.0,0.524637043,1.40682387,-0.8709562,67.8709,-44.4948425,-56.0928345,0.55,0.0,-0.05,0.0,0.0,0.0,0.0,0.0,0.0,0.0
50.9192429,GAME_STARTED,1,0,0,0,0,0.0,0.0,0.0,0.0,0.0,0.0,0.0,0.0,0.0,0.0,0.0,0.0,0.0,0.0,0.0,0.0,0.0,0.0
50.9192429,MAZE_STARTED,1,1,0,10,0,0.0,0.0,0.0,0.0,0.0,0.0,0.0,0.0,0.0,0.0,0.0,0.0,0.0,0.0,0.0,0.0,0.0,0.0
50.9607658,DATA,1,1,0,10,0,0.04152298,0.04152298,-8.025538,1.40951562,-8.820692,67.67689,-43.7641,-54.55127,-8.0,0.0,-8.0,0.0,0.0,0.0,0.0,0.0,0.0,0.0
51.0114441,DATA,1,1,0,10,0,0.09220123,0.09220123,-8.025593,1.41249108,-8.820918,67.26418,-43.18109,-53.00644,-8.0,0.0,-8.0,0.0,0.0,0.0,0.0,0.0,0.0,0.0
51.0668755,DATA,1,1,0,10,0,0.1476326,0.1476326,-8.02602,1.41562033,-8.821827,66.8982239,-42.976593,-51.6064453,-8.0,0.0,-8.0,0.0,0.0,0.0,0.0,0.0,0.0,0.0
51.1230736,DATA,1,1,0,10,0,0.203830719,0.203830719,-8.026491,1.41771531,-8.822296,67.13787,-43.5718079,-50.81436,-8.0,0.0,-8.0,0.0,0.0,0.0,0.0,0.0,0.0,0.0
51.17938,DATA,1,1,0,10,0,0.260135651,0.260135651,-8.027121,1.41949415,-8.821906,67.82801,-44.6748047,-50.7362976,-8.0,0.0,-8.0,0.0,0.0,0.0,0.0,0.0,0.0,0.0
51.2340775,DATA,1,1,0,10,0,0.3148346,0.3148346,-8.028391,1.41976225,-8.82164,68.37104,-44.7899475,-50.4603577,-8.0,0.0,-8.0,0.0,0.0,0.0,0.0,0.0,0.0,0.0
51.28881,DATA,1,1,0,10,0,0.369567871,0.369567871,-8.029742,1.42003047,-8.821175,69.17539,-45.04828,-50.9715271,-8.0,0.0,-8.0,0.0,0.0,0.0,0.0,0.0,0.0,0.0
51.34483,DATA,1,1,0,10,0,0.4255867,0.4255867,-8.031286,1.41956317,-8.82119751,69.90175,-44.63275,-50.9160767,-8.0,0.0,-8.0,0.0,0.0,0.0,0.0,0.0,0.0,0.0
51.4006767,DATA,1,1,0,10,0,0.481433868,0.481433868,-8.032342,1.41926169,-8.821529,70.37032,-44.66568,-50.9954834,-8.0,0.0,-8.0,0.0,0.0,0.0,0.0,0.0,0.0,0.0
51.4593773,DATA,1,1,0,10,0,0.54013443,0.54013443,-8.033018,1.41904628,-8.822235,70.42131,-45.3591,-51.5128479,-8.0,0.0,-8.0,0.0,0.0,0.0,0.0,0.0,0.0,0.0
51.514904,DATA,1,1,0,10,0,0.595661163,0.595661163,-8.033289,1.41934776,-8.823943,70.0151,-45.5840149,-51.4536133,-8.0,0.0,-8.0,0.0,0.0,0.0,0.0,0.0,0.0,0.0
51.5701561,DATA,1,1,0,10,0,0.650913239,0.650913239,-8.033442,1.42022645,-8.825444,69.61404,-45.87436,-51.34436,-8.0,0.0,-8.0,0.0,0.0,0.0,0.0,0.0,0.0,0.0
51.62608,DATA,1,1,0,10,0,0.7068367,0.7068367,-8.033966,1.4216857,-8.827159,69.36968,-45.4620972,-50.50168,-8.0,0.0,-8.0,0.0,0.0,0.0,0.0,0.0,0.0,0.0
51.68151,DATA,1,1,0,10,0,0.762268066,0.762268066,-8.03490448,1.42335343,-8.829329,69.10555,-43.903656,-48.9886169,-8.0,0.0,-8.0,0.0,0.0,0.0,0.0,0.0,0.0,0.0
51.73757,DATA,1,1,0,10,0,0.818328857,0.818328857,-8.036072,1.42501223,-8.831483,68.94073,-42.280304,-47.4700623,-8.0,0.0,-8.0,0.0,0.0,0.0,0.0,0.0,0.0,0.0
51.79252,DATA,1,1,0,10,0,0.873275757,0.873275757,-8.037138,1.42680955,-8.834208,68.67518,-41.1542358,-46.3636475,-8.0,0.0,-8.0,0.0,0.0,0.0,0.0,0.0,0.0,0.0
51.8481331,DATA,1,1,0,10,0,0.9288902,0.9288902,-8.03842449,1.42806,-8.836317,68.28183,-40.0856628,-45.1194458,-8.0,0.0,-8.0,0.0,0.0,0.0,0.0,0.0,0.0,0.0
51.9041023,DATA,1,1,0,10,0,0.984859467,0.984859467,-8.039314,1.4291923,-8.839128,67.89114,-39.2911072,-44.1151123,-8.0,0.0,-8.0,0.0,0.0,0.0,0.0,0.0,0.0,0.0
51.9602661,DATA,1,1,0,10,0,1.04102325,1.04102325,-8.040617,1.4300549,-8.840674,67.53451,-38.6989441,-43.43396,-8.0,0.0,-8.0,0.0,0.0,0.0,0.0,0.0,0.0,0.0
52.0152359,DATA,1,1,0,10,0,1.095993,1.095993,-8.041632,1.43082809,-8.842928,67.27805,-38.1062,-42.4971924,-8.0,0.0,-8.0,0.0,0.0,0.0,0.0,0.0,0.0,0.0
52.0705833,DATA,1,1,0,10,0,1.15134048,1.15134048,-8.042878,1.43082857,-8.843952,67.17787,-37.734436,-42.05246,-8.0,0.0,-8.0,0.0,0.0,0.0,0.0,0.0,0.0,0.0
52.1259346,DATA,1,1,0,10,0,1.20669174,1.20669174,-8.044003,1.4312737,-8.845375,67.30954,-36.8977966,-41.24115,-8.0,0.0,-8.0,0.0,0.0,0.0,0.0,0.0,0.0,0.0
52.1818962,DATA,1,1,0,10,0,1.26265335,1.26265335,-8.04511452,1.43088222,-8.845894,67.6212845,-36.1857,-40.75128,-8.0,0.0,-8.0,0.0,0.0,0.0,0.0,0.0,0.0,0.0
52.23717,DATA,1,1,0,10,0,1.31792831,1.31792831,-8.045851,1.43080151,-8.846606,67.84353,-35.5061646,-40.2072449,-8.0,0.0,-8.0,0.0,0.0,0.0,0.0,0.0,0.0,0.0
52.29235,DATA,1,1,0,10,0,1.37310791,1.37310791,-8.046055,1.43030214,-8.847195,67.87361,-35.12555,-40.0309143,-8.0,0.0,-8.0,0.0,0.0,0.0,0.0,0.0,0.0,0.0
52.34794,DATA,1,1,0,10,0,1.42869568,1.42869568,-8.046097,1.4296124,-8.847817,67.89254,-34.96344,-39.9975281,-8.0,0.0,-8.0,0.0,0.0,0.0,0.0,0.0,0.0,0.0
52.4038,DATA,1,1,0,10,0,1.48455811,1.48455811,-8.045956,1.42885768,-8.848503,67.78036,-35.0618,-40.13376,-8.0,0.0,-8.0,0.0,0.0,0.0,0.0,0.0,0.0,0.0
52.46079,DATA,1,1,0,10,0,1.54154587,1.54154587,-8.045563,1.42800462,-8.849066,67.28033,-35.69403,-40.6711121,-8.0,0.0,-8.0,0.0,0.0,0.0,0.0,0.0,0.0,0.0
52.51387,DATA,1,1,0,10,0,1.59462738,1.59462738,-8.04497,1.42710185,-8.849178,67.0477,-36.6459961,-41.2678223,-8.0,0.0,-8.0,0.0,0.0,0.0,0.0,0.0,0.0,0.0
52.5704575,DATA,1,1,0,10,0,1.6512146,1.6512146,-8.044737,1.42628813,-8.849014,67.0034561,-37.0189819,-41.59424,-8.0,0.0,-8.0,0.0,0.0,0.0,0.0,0.0,0.0,0.0
52.62607,DATA,1,1,0,10,0,1.70682526,1.70682526,-8.044598,1.42582166,-8.848878,67.202,-36.7725525,-41.68576,-8.0,0.0,-8.0,0.0,0.0,0.0,0.0,0.0,0.0,0.0
52.6817932,DATA,1,1,0,10,0,1.76255035,1.76255035,-8.044172,1.425776,-8.848915,67.44007,-36.2732849,-41.66931,-8.0,0.0,-8.0,0.0,0.0,0.0,0.0,0.0,0.0,0.0
52.7372932,DATA,1,1,0,10,0,1.81805038,1.81805038,-8.043882,1.425488,-8.849138,67.48315,-35.8988647,-41.64511,-8.0,0.0,-8.0,0.0,0.0,0.0,0.0,0.0,0.0,0.0
52.79237,DATA,1,1,0,10,0,1.873127,1.873127,-8.04363251,1.42540479,-8.849577,67.5309143,-35.8770752,-41.6528,-8.0,0.0,-8.0,0.0,0.0,0.0,0.0,0.0,0.0,0.0
52.84817,DATA,1,1,0,10,0,1.92892838,1.92892838,-8.043692,1.425663,-8.85004,67.27063,-36.01355,-41.75241,-8.0,0.0,-8.0,0.0,0.0,0.0,0.0,0.0,0.0,0.0
52.9037056,DATA,1,1,0,10,0,1.98446274,1.98446274,-8.04331,1.42552161,-8.850124,67.18205,-36.4506836,-42.0721436,-8.0,0.0,-8.0,0.0,0.0,0.0,0.0,0.0,0.0,0.0
52.9600449,DATA,1,1,0,10,0,2.040802,2.040802,-8.042873,1.42515707,-8.850172,67.020546,-36.7041931,-42.4113159,-8.0,0.0,-8.0,0.0,0.0,0.0,0.0,0.0,0.0,0.0
53.0153542,DATA,1,1,0,10,0,2.0961113,2.0961113,-8.042154,1.425135,-8.849962,67.07757,-37.1388245,-42.7409363,-8.0,0.0,-8.0,0.0,0.0,0.0,0.0,0.0,0.0,0.0
53.0704727,DATA,1,1,0,10,0,2.15122986,2.15122986,-8.041252,1.42492545,-8.849774,67.01447,-37.32962,-42.96927,-8.0,0.0,-8.0,0.0,0.0,0.0,0.0,0.0,0.0,0.0
53.1263771,DATA,1,1,0,10,0,2.20713425,2.20713425,-8.040024,1.424679,-8.849279,67.1994553,-37.79483,-43.3339233,-8.0,0.0,-8.0,0.0,0.0,0.0,0.0,0.0,0.0,0.0
53.1816139,DATA,1,1,0,10,0,2.262371,2.262371,-8.038839,1.42462564,-8.848999,67.2078,-38.38745,-43.9187,-8.0,0.0,-8.0,0.0,0.0,0.0,0.0,0.0,0.0,0.0
53.2376366,DATA,1,1,0,10,0,2.31839371,2.31839371,-8.037615,1.42462134,-8.848833,67.01954,-38.7561951,-44.2861938,-8.0,0.0,-8.0,0.0,0.0,0.0,0.0,0.0,0.0,0.0
53.29279,DATA,1,1,0,10,0,2.3735466,2.3735466,-8.036934,1.4245348,-8.849218,66.8056259,-39.0680542,-44.55963,-8.0,0.0,-8.0,0.0,0.0,0.0,0.0,0.0,0.0,0.0
53.34789,DATA,1,1,0,10,0,2.428646,2.428646,-8.036682,1.42453325,-8.849861,66.52004,-39.2226868,-44.5278931,-8.0,0.0,-8.0,0.0,0.0,0.0,0.0,0.0,0.0,0.0
53.4042053,DATA,1,1,0,10,0,2.48496246,2.48496246,-8.036543,1.42441678,-8.850332,66.24534,-39.4613037,-44.6435852,-8.0,0.0,-8.0,0.0,0.0,0.0,0.0,0.0,0.0,0.0
53.4598427,DATA,1,1,0,10,0,2.54059982,2.54059982,-8.036417,1.42468917,-8.850674,66.12147,-39.63214,-44.6729126,-8.0,0.0,-8.0,0.0,0.0,0.0,0.0,0.0,0.0,0.0
53.5151176,DATA,1,1,0,10,0,2.59587479,2.59587479,-8.036524,1.42463422,-8.850568,66.1450043,-39.59955,-44.58667,-8.0,0.0,-8.0,0.0,0.0,0.0,0.0,0.0,0.0,0.0
53.5701752,DATA,1,1,0,10,0,2.65093231,2.65093231,-8.036779,1.42495871,-8.85049248,66.3287659,-39.2887268,-44.48651,-8.0,0.0,-8.0,0.0,0.0,0.0,0.0,0.0,0.0,0.0
53.6262856,DATA,1,1,0,10,0,2.70704269,2.70704269,-8.037014,1.42472076,-8.85022,66.49939,-39.03534,-44.4555969,-8.0,0.0,-8.0,0.0,0.0,0.0,0.0,0.0,0.0,0.0
53.6816978,DATA,1,1,0,10,0,2.762455,2.762455,-8.037127,1.42485523,-8.849962,66.63793,-39.09677,-44.5026855,-8.0,0.0,-8.0,0.0,0.0,0.0,0.0,0.0,0.0,0.0
53.737587,DATA,1,1,0,10,0,2.818344,2.818344,-8.037022,1.42459941,-8.849529,66.64557,-39.3493652,-44.624054,-8.0,0.0,-8.0,0.0,0.0,0.0,0.0,0.0,0.0,0.0
53.7927,DATA,1,1,0,10,0,2.87345886,2.87345886,-8.036997,1.42460883,-8.849245,66.6873245,-39.5432434,-44.81711,-8.0,0.0,-8.0,0.0,0.0,0.0,0.0,0.0,0.0,0.0
53.8478966,DATA,1,1,0,10,0,2.92865372,2.92865372,-8.037165,1.42435145,-8.849137,66.704895,-39.48175,-44.848114,-8.0,0.0,-8.0,0.0,0.0,0.0,0.0,0.0,0.0,0.0
53.90399,DATA,1,1,0,10,0,2.98474884,2.98474884,-8.0373745,1.42446566,-8.849114,66.77656,-39.4736633,-44.8995972,-8.0,0.0,-8.0,0.0,0.0,0.0,0.0,0.0,0.0,0.0
53.960022,DATA,1,1,0,10,0,3.040779,3.040779,-8.037531,1.42455,-8.848954,66.83433,-39.46756,-44.885376,-8.0,0.0,-8.0,0.0,0.0,0.0,0.0,0.0,0.0,0.0
54.0150757,DATA,1,1,0,10,0,3.09583282,3.09583282,-8.037817,1.4246707,-8.848892,66.86516,-39.2834473,-44.69687,-8.0,0.0,-8.0,0.0,0.0,0.0,0.0,0.0,0.0,0.0
54.0702477,DATA,1,1,0,10,0,3.15100479,3.15100479,-8.03804,1.4249388,-8.848877,66.94921,-39.2095032,-44.6241455,-8.0,0.0,-8.0,0.0,0.0,0.0,0.0,0.0,0.0,0.0
54.12628,DATA,1,1,0,10,0,3.20703888,3.20703888,-8.037994,1.42490077,-8.848764,66.9531555,-39.3394165,-44.7579346,-8.0,0.0,-8.0,0.0,0.0,0.0,0.0,0.0,0.0,0.0
54.1816635,DATA,1,1,0,10,0,3.26242065,3.26242065,-8.037864,1.42513108,-8.848804,66.81365,-39.46396,-44.86786,-8.0,0.0,-8.0,0.0,0.0,0.0,0.0,0.0,0.0,0.0
54.2376633,DATA,1,1,0,10,0,3.31842041,3.31842041,-8.037577,1.42499423,-8.848637,66.7504349,-39.64917,-44.9939575,-8.0,0.0,-8.0,0.0,0.0,0.0,0.0,0.0,0.0,0.0
54.2927971,DATA,1,1,0,10,0,3.37355423,3.37355423,-8.037162,1.42524409,-8.848509,66.78837,-39.7956848,-45.15869,-8.0,0.0,-8.0,0.0,0.0,0.0,0.0,0.0,0.0,0.0
54.3480453,DATA,1,1,0,10,0,3.42880249,3.42880249,-8.036535,1.42506278,-8.848099,66.8227,-39.8842773,-45.2870178,-8.0,0.0,-8.0,0.0,0.0,0.0,0.0,0.0,0.0,0.0
54.40369,DATA,1,1,0,10,0,3.48444748,3.48444748,-8.034743,1.427551,-8.84728,67.34375,-39.1471252,-44.765686,-8.0,0.0,-8.0,0.0,0.0,0.0,0.0,0.0,0.0,0.0
54.4595032,DATA,1,1,0,10,0,3.54026031,3.54026031,-8.030174,1.43433082,-8.845629,68.05899,-37.7433777,-43.2797852,-8.0,0.0,-8.0,0.0,0.0,0.0,0.0,0.0,0.0,0.0
54.5152054,DATA,1,1,0,10,0,3.59596252,3.59596252,-8.023077,1.44579935,-8.845526,67.3907242,-34.4607239,-39.4722,-8.0,0.0,-8.0,0.0,0.0,0.0,0.0,0.0,0.0,0.0
54.5699234,DATA,1,1,0,10,0,3.65068054,3.65068054,-8.014549,1.460707,-8.848034,65.1986542,-28.7710876,-32.79004,-8.0,0.0,-8.0,0.0,0.0,0.0,0.0,0.0,0.0,0.0
54.62574,DATA,1,1,0,10,0,3.70649719,3.70649719,-8.00486,1.47766256,-8.853014,61.4944878,-23.1351318,-25.9060364,-8.0,0.0,-8.0,0.0,0.0,0.0,0.0,0.0,0.0,0.0
54.6816635,DATA,1,1,0,10,0,3.76242065,3.76242065,-7.99506235,1.49506712,-8.859927,57.67423,-19.8016968,-20.7047119,-8.0,0.0,-8.0,0.0,0.0,0.0,0.0,0.0,0.0,0.0
54.736824,DATA,1,1,0,10,0,3.81758118,3.81758118,-7.9859643,1.51032364,-8.867113,53.43351,-16.5729065,-16.4508667,-8.0,0.0,-8.0,0.0,0.0,0.0,0.0,0.0,0.0,0.0
54.79181,DATA,1,1,0,10,0,3.87256622,3.87256622,-7.97820473,1.5252949,-8.8734,51.34423,-15.0298157,-14.7919617,-8.0,0.0,-8.0,0.0,0.0,0.0,0.0,0.0,0.0,0.0
54.84727,DATA,1,1,0,10,0,3.928028,3.928028,-7.97332525,1.5388236,-8.880333,50.2418938,-11.26358,-11.7127991,-8.0,0.0,-8.0,0.0,0.0,0.0,0.0,0.0,0.0,0.0
54.90277,DATA,1,1,0,10,0,3.98352814,3.98352814,-7.970667,1.55167627,-8.888348,49.4522324,-6.881195,-8.770599,-8.0,0.0,-8.0,0.0,0.0,0.0,0.0,0.0,0.0,0.0
54.9580231,DATA,1,1,0,10,0,4.03878,4.03878,-7.969023,1.56142282,-8.898244,46.92617,-3.297882,-6.88067627,-8.0,0.0,-8.0,0.0,0.0,0.0,0.0,0.0,0.0,0.0
55.0128632,DATA,1,1,0,10,0,4.0936203,4.0936203,-7.968285,1.56867933,-8.908552,43.4324341,-0.622406,-5.505493,-8.0,0.0,-8.0,0.0,0.0,0.0,0.0,0.0,0.0,0.0
55.0677948,DATA,1,1,0,10,0,4.148552,4.148552,-7.96800756,1.57299352,-8.917366,40.17466,0.9619234,-4.681488,-8.0,0.0,-8.0,0.0,0.0,0.0,0.0,0.0,0.0,0.0
55.1315079,DATA,1,1,0,10,0,4.212265,4.212265,-7.96867,1.57736886,-8.92454,38.6727,2.57203984,-2.93786621,-8.0,0.0,-8.0,0.0,0.0,0.0,0.0,0.0,0.0,0.0
55.1904449,DATA,1,1,0,10,0,4.271202,4.271202,-7.97043562,1.57923138,-8.929817,36.4537277,3.34690166,-3.2706604,-8.0,0.0,-8.0,0.0,0.0,0.0,0.0,0.0,0.0,0.0
55.24867,DATA,1,1,0,10,0,4.329426,4.329426,-7.9715004,1.580648,-8.934673,35.3442879,3.79482579,-3.159027,-8.0,0.0,-8.0,0.0,0.0,0.0,0.0,0.0,0.0,0.0
55.30753,DATA,1,1,0,10,0,4.38828659,4.38828659,-7.97055149,1.58170629,-8.937509,34.07486,2.93567443,-3.24108887,-8.0,0.0,-8.0,0.0,0.0,0.0,0.0,0.0,0.0,0.0
55.36492,DATA,1,1,0,10,0,4.44567871,4.44567871,-7.969752,1.58373,-8.937796,33.53403,3.24633813,-3.32113647,-8.0,0.0,-8.0,0.0,0.0,0.0,0.0,0.0,0.0,0.0
55.4240532,DATA,1,1,0,10,0,4.50481033,4.50481033,-7.96928024,1.58546948,-8.938092,33.08594,3.36129141,-3.76040649,-8.0,0.0,-8.0,0.0,0.0,0.0,0.0,0.0,0.0,0.0
55.48121,DATA,1,1,0,10,0,4.561966,4.561966,-7.96924543,1.58633947,-8.939989,32.77842,3.68726659,-3.542633,-8.0,0.0,-8.0,0.0,0.0,0.0,0.0,0.0,0.0,0.0
55.5387573,DATA,1,1,0,10,0,4.61951447,4.61951447,-7.96882725,1.58669877,-8.941129,32.6040878,3.92403126,-3.4855957,-8.0,0.0,-8.0,0.0,0.0,0.0,0.0,0.0,0.0,0.0
55.5966721,DATA,1,1,0,10,0,4.677429,4.677429,-7.968518,1.58747017,-8.941618,32.5121078,3.99684358,-3.66146851,-8.0,0.0,-8.0,0.0,0.0,0.0,0.0,0.0,0.0,0.0
55.6534767,DATA,1,1,0,10,0,4.734234,4.734234,-7.96842432,1.5878526,-8.941907,32.3010254,3.8943038,-3.52810669,-8.0,0.0,-8.0,0.0,0.0,0.0,0.0,0.0,0.0,0.0
55.7094536,DATA,1,1,0,10,0,4.79021072,4.79021072,-7.96886873,1.588711,-8.942574,31.9691544,3.89233136,-3.36004639,-8.0,0.0,-8.0,0.0,0.0,0.0,0.0,0.0,0.0,0.0
55.76741,DATA,1,1,0,10,0,4.84816742,4.84816742,-7.96932125,1.58967471,-8.943089,31.2390957,3.80785275,-3.49258423,-8.0,0.0,-8.0,0.0,0.0,0.0,0.0,0.0,0.0,0.0
55.824913,DATA,1,1,0,10,0,4.90567,4.90567,-7.96959639,1.59143221,-8.943918,30.4960957,3.5520854,-3.38748169,-8.0,0.0,-8.0,0.0,0.0,0.0,0.0,0.0,0.0,0.0
55.8809,DATA,1,1,0,10,0,4.96165848,4.96165848,-7.970113,1.58294058,-8.818526,29.6576385,3.461692,-3.43603516,-8.0,-0.01000005,-7.873994,0.0,0.0,0.0,1.0,0.0,0.0,0.0
55.9379578,DATA,1,1,0,10,0,5.018715,5.018715,-7.97049952,1.58418238,-8.646904,29.12905,3.47455478,-3.32009888,-8.0,-0.01000011,-7.70176458,0.0,0.0,0.0,1.0,0.0,0.0,0.0
55.99287,DATA,1,1,0,10,0,5.07362747,5.07362747,-7.97098446,1.58522773,-8.483388,28.37308,3.549307,-3.27841187,-8.0,-0.01000005,-7.53775835,0.0,0.0,0.0,1.0,0.0,0.0,0.0
56.04875,DATA,1,1,0,10,0,5.129509,5.129509,-7.97101831,1.58638215,-8.357025,27.4093113,3.51650023,-3.37719727,-8.0,-0.01000005,-7.41084433,0.0,0.0,0.0,0.0,0.0,0.0,0.0
56.1044235,DATA,1,1,0,10,0,5.18518066,5.18518066,-7.97142267,1.587928,-8.357254,26.6506062,3.23246145,-3.44137573,-8.0,-0.01000005,-7.41084433,0.0,0.0,0.0,0.0,0.0,0.0,0.0
56.1622,DATA,1,1,0,10,0,5.242958,5.242958,-7.97139263,1.58889127,-8.357744,26.3148613,3.05670571,-3.45068359,-8.0,-0.01000005,-7.41084433,0.0,0.0,0.0,0.0,0.0,0.0,0.0
56.21689,DATA,1,1,0,10,0,5.29764557,5.29764557,-7.97179127,1.58908725,-8.35883,26.1434555,3.02211165,-3.37173462,-8.0,-0.01000005,-7.41084433,0.0,0.0,0.0,0.0,0.0,0.0,0.0
56.2713928,DATA,1,1,0,10,0,5.35215,5.35215,-7.97152948,1.58919859,-8.359539,26.1652145,3.16009116,-3.43438721,-8.0,-0.01000005,-7.41084433,0.0,0.0,0.0,0.0,0.0,0.0,0.0
56.33137,DATA,1,1,0,10,0,5.41212845,5.41212845,-7.97165346,1.58941555,-8.360531,25.9451275,3.17002153,-3.50146484,-8.0,-0.01000005,-7.41084433,0.0,0.0,0.0,0.0,0.0,0.0,0.0
56.3869171,DATA,1,1,0,10,0,5.46767426,5.46767426,-7.971274,1.58965921,-8.361027,25.7945023,3.22618055,-3.44259644,-8.0,-0.01000005,-7.41084433,0.0,0.0,0.0,0.0,0.0,0.0,0.0
56.443325,DATA,1,1,0,10,0,5.524082,5.524082,-7.97124672,1.59000373,-8.361784,25.635601,3.24403572,-3.42932129,-8.0,-0.01000005,-7.41084433,0.0,0.0,0.0,0.0,0.0,0.0,0.0
56.4987564,DATA,1,1,0,10,0,5.57951355,5.57951355,-7.97079468,1.59028959,-8.362292,25.4493713,3.252581,-3.41699219,-8.0,-0.01000005,-7.41084433,0.0,0.0,0.0,0.0,0.0,0.0,0.0
56.5590057,DATA,1,1,0,10,0,5.639763,5.639763,-7.97098446,1.59061718,-8.36282,25.2802029,3.20149159,-3.43103027,-8.0,-0.01000005,-7.41084433,0.0,0.0,0.0,0.0,0.0,0.0,0.0
56.6096458,DATA,1,1,0,10,0,5.690403,5.690403,-7.970651,1.59080768,-8.363216,25.1549816,3.18689513,-3.32583618,-8.0,-0.01000005,-7.41084433,0.0,0.0,0.0,0.0,0.0,0.0,0.0
56.6652,DATA,1,1,0,10,0,5.74595642,5.74595642,-7.970877,1.59114361,-8.363575,25.1008739,3.188468,-3.29049683,-8.0,-0.01000005,-7.41084433,0.0,0.0,0.0,0.0,0.0,0.0,0.0
56.7215042,DATA,1,1,0,10,0,5.80226135,5.80226135,-7.97080946,1.59127653,-8.321909,25.005003,3.22670627,-3.20233154,-8.0,-0.01000011,-7.368842,0.0,0.0,0.0,1.0,0.0,0.0,0.0
56.7768,DATA,1,1,0,10,0,5.85755539,5.85755539,-7.9708004,1.59139383,-8.154811,24.9305954,3.25022054,-3.14508057,-8.0,-0.01000011,-7.201378,0.0,0.0,0.0,1.0,0.0,0.0,0.0
56.8319244,DATA,1,1,0,10,0,5.91268158,5.91268158,-7.97082567,1.59139991,-7.988567,24.8774357,3.31759381,-3.08428955,-8.0,-0.01000005,-7.0347724,0.0,0.0,0.0,1.0,0.0,0.0,0.0
56.88753,DATA,1,1,0,10,0,5.96828842,5.96828842,-7.97074556,1.59153187,-7.94896269,24.8520927,3.36639619,-3.05429077,-8.0,-0.01000011,-6.99482155,0.0,0.0,0.0,0.0,0.0,0.0,0.0
56.94365,DATA,1,1,0,10,0,6.02440643,6.02440643,-7.97088528,1.591822,-7.94925356,24.73565,3.39290047,-3.03451538,-8.0,-0.01000011,-6.99482155,0.0,0.0,0.0,0.0,0.0,0.0,0.0
56.99906,DATA,1,1,0,10,0,6.07981873,6.07981873,-7.9708,1.591972,-7.94946337,24.6768551,3.41788268,-3.013855,-8.0,-0.01000011,-6.99482155,0.0,0.0,0.0,0.0,0.0,0.0,0.0
57.0548477,DATA,1,1,0,10,0,6.135605,6.135605,-7.97133875,1.59215534,-7.94975,24.5939159,3.446091,-2.95773315,-8.0,-0.01000011,-6.99482155,0.0,0.0,0.0,0.0,0.0,0.0,0.0
57.1101,DATA,1,1,0,10,0,6.190857,6.190857,-7.97126865,1.59214652,-7.94989061,24.4835625,3.39848137,-2.98822021,-8.0,-0.01000011,-6.99482155,0.0,0.0,0.0,0.0,0.0,0.0,0.0
57.1656647,DATA,1,1,0,10,0,6.246422,6.246422,-7.97132874,1.59222615,-7.95001,24.3396034,3.370399,-3.04293823,-8.0,-0.01000011,-6.99482155,0.0,0.0,0.0,0.0,0.0,0.0,0.0
57.22177,DATA,1,1,0,10,0,6.30252838,6.30252838,-7.971094,1.59239852,-7.95000553,24.1569061,3.32901883,-3.04974365,-8.0,-0.01000011,-6.99482155,0.0,0.0,0.0,0.0,0.0,0.0,0.0
57.27734,DATA,1,1,0,10,0,6.358097,6.358097,-7.971327,1.592826,-7.950234,23.8002777,3.34576917,-3.03790283,-8.0,-0.01000011,-6.99482155,0.0,0.0,0.0,0.0,0.0,0.0,0.0
57.3322029,DATA,1,1,0,10,0,6.41296,6.41296,-7.971217,1.59321678,-7.950462,23.3961277,3.35962415,-2.99850464,-8.0,-0.01000011,-6.99482155,0.0,0.0,0.0,0.0,0.0,0.0,0.0
57.3872643,DATA,1,1,0,10,0,6.46802139,6.46802139,-7.97135925,1.59388947,-7.950999,23.1081638,3.38202429,-2.85473633,-8.0,-0.01000011,-6.99482155,0.0,0.0,0.0,0.0,0.0,0.0,0.0
57.44369,DATA,1,1,0,10,0,6.52444839,6.52444839,-7.97153044,1.59437561,-7.95157337,22.7572765,3.41350865,-2.81341553,-8.0,-0.01000011,-6.99482155,0.0,0.0,0.0,0.0,0.0,0.0,0.0
57.4994164,DATA,1,1,0,10,0,6.58017349,6.58017349,-7.97193,1.5950706,-7.86949873,22.53408,3.38298416,-2.67333984,-8.0,-0.01000005,-6.912199,0.0,0.0,0.0,1.0,0.0,0.0,0.0
57.5552025,DATA,1,1,0,10,0,6.63595963,6.63595963,-7.972416,1.59549284,-7.70455,22.4160843,3.41119337,-2.58905029,-8.0,-0.01000005,-6.74648762,0.0,0.0,0.0,1.0,0.0,0.0,0.0
57.6095924,DATA,1,1,0,10,0,6.69034958,6.69034958,-7.97286749,1.59573412,-7.536981,22.341629,3.41977954,-2.44897461,-8.0,-0.01000005,-6.57829428,0.0,0.0,0.0,1.0,0.0,0.0,0.0
57.6659622,DATA,1,1,0,10,0,6.74671936,6.74671936,-7.9735055,1.595983,-7.373431,22.243124,3.44726586,-2.36257935,-8.0,-0.01000005,-6.414066,0.0,0.0,0.0,1.0,0.0,0.0,0.0
57.7216721,DATA,1,1,0,10,0,6.802429,6.802429,-7.973931,1.59609377,-7.20657825,22.1668835,3.44181943,-2.24069214,-8.0,-0.01000011,-6.246679,0.0,0.0,0.0,1.0,0.0,0.0,0.0
57.77669,DATA,1,1,0,10,0,6.85744858,6.85744858,-7.97448063,1.596398,-7.039796,22.0840549,3.46772313,-2.16015625,-8.0,-0.01000011,-6.07942724,0.0,0.0,0.0,1.0,0.0,0.0,0.0
57.8321266,DATA,1,1,1,10,0,6.91288376,6.91288376,-7.974812,1.59649038,-6.85952854,22.0077934,3.444209,-2.0871582,-8.0,-0.01000005,-5.89884043,0.0,0.0,0.0,1.0,0.0,0.0,0.0
57.8863945,DATA,1,1,1,10,0,6.96715164,6.96715164,-7.97532749,1.59671259,-6.70815563,21.9307,3.439922,-2.0140686,-8.0,-0.01000005,-5.74686,0.0,0.0,0.0,1.0,0.0,0.0,0.0
57.94372,DATA,1,1,1,10,0,7.024479,7.024479,-7.975619,1.5967474,-6.542256,21.8726845,3.43076944,-2.00210571,-8.0,-0.01000005,-5.580636,0.0,0.0,0.0,1.0,0.0,0.0,0.0
58.0002975,DATA,1,1,1,10,0,7.08105469,7.08105469,-7.976402,1.59678626,-6.37421465,21.8743649,3.39180064,-1.9670105,-8.0,-0.01000005,-5.41223,0.0,0.0,0.0,1.0,0.0,0.0,0.0
58.0554428,DATA,1,1,1,10,0,7.1362,7.1362,-7.976586,1.59667528,-6.20855951,21.8638725,3.41221619,-1.87457275,-8.0,-0.01000011,-5.24636269,0.0,0.0,0.0,1.0,0.0,0.0,0.0
58.10946,DATA,1,1,1,10,0,7.190216,7.190216,-7.976831,1.59664631,-6.041909,21.8459682,3.399839,-1.82952881,-8.0,-0.01000005,-5.079391,0.0,0.0,0.0,1.0,0.0,0.0,0.0
58.1655235,DATA,1,1,1,10,0,7.24628067,7.24628067,-7.97702026,1.59667873,-5.875584,21.7351341,3.393717,-1.75201416,-8.0,-0.01000005,-4.913035,0.0,0.0,0.0,1.0,0.0,0.0,0.0
58.2217674,DATA,1,1,1,10,0,7.30252457,7.30252457,-7.977321,1.59669471,-5.70971966,21.6417065,3.37577343,-1.73074341,-8.0,-0.01000005,-4.7471447,0.0,0.0,0.0,1.0,0.0,0.0,0.0
58.2777367,DATA,1,1,1,10,0,7.358494,7.358494,-7.97753,1.59654188,-5.54211426,21.5996647,3.3939116,-1.72369385,-8.0,-0.00999999,-4.57956934,0.0,0.0,0.0,1.0,0.0,0.0,0.0
58.33236,DATA,1,1,1,10,0,7.41311646,7.41311646,-7.97746372,1.59640157,-5.374197,21.6241264,3.4226408,-1.68252563,-8.0,-0.01000011,-4.41190624,0.0,0.0,0.0,1.0,0.0,0.0,0.0
58.387516,DATA,1,1,1,10,0,7.468273,7.468273,-7.977448,1.596152,-5.207813,21.6286221,3.42983127,-1.66897583,-8.0,-0.01000011,-4.245828,0.0,0.0,0.0,1.0,0.0,0.0,0.0
58.4434128,DATA,1,1,1,10,0,7.52417,7.52417,-7.977426,1.59574223,-5.04161167,21.7175026,3.43291855,-1.65155029,-8.0,-0.01000005,-4.07980728,0.0,0.0,0.0,1.0,0.0,0.0,0.0
58.49964,DATA,1,1,1,10,0,7.58039856,7.58039856,-7.97741461,1.5955174,-4.87158346,21.69728,3.48259449,-1.652008,-8.0,-0.01000005,-3.910401,0.0,0.0,0.0,1.0,0.0,0.0,0.0
58.5543022,DATA,1,1,1,10,0,7.63505936,7.63505936,-7.977411,1.5954268,-4.830563,21.7004032,3.468485,-1.72579956,-8.0,-0.01000005,-3.86955929,0.0,0.0,0.0,0.0,0.0,0.0,0.0
58.6094246,DATA,1,1,1,10,0,7.69018173,7.69018173,-7.977614,1.5954628,-4.830383,21.6618214,3.44170046,-1.77096558,-8.0,-0.01000005,-3.86955929,0.0,0.0,0.0,0.0,0.0,0.0,0.0
58.6652565,DATA,1,1,1,10,0,7.74601364,7.74601364,-7.97773027,1.59554863,-4.830231,21.6621971,3.40204239,-1.66680908,-8.0,-0.01000005,-3.86955929,0.0,0.0,0.0,0.0,0.0,0.0,0.0
58.72132,DATA,1,1,1,10,0,7.80207825,7.80207825,-7.978002,1.5956037,-4.83005953,21.69286,3.33475041,-1.59075928,-8.0,-0.01000005,-3.86955929,0.0,0.0,0.0,0.0,0.0,0.0,0.0
58.7769928,DATA,1,1,1,10,0,7.85775,7.85775,-7.97809935,1.59544492,-4.82994032,21.76113,3.28066587,-1.56121826,-8.0,-0.01000005,-3.86955929,0.0,0.0,0.0,0.0,0.0,0.0,0.0
58.83145,DATA,1,1,1,10,0,7.91220856,7.91220856,-7.97845268,1.59537292,-4.70730972,21.7673969,3.257343,-1.51083374,-8.0,-0.01000005,-3.74671531,0.0,0.0,0.0,1.0,0.0,0.0,0.0
58.88717,DATA,1,1,1,10,0,7.967926,7.967926,-7.97859526,1.59537792,-4.539993,21.7983665,3.15395617,-1.49365234,-8.0,-0.01000005,-3.579551,0.0,0.0,0.0,1.0,0.0,0.0,0.0
58.94376,DATA,1,1,1,10,0,8.024517,8.024517,-7.97886133,1.59548426,-4.372651,21.7825527,3.09157515,-1.40484619,-8.0,-0.01000005,-3.41215229,0.0,0.0,0.0,1.0,0.0,0.0,0.0
58.99954,DATA,1,1,1,10,0,8.080296,8.080296,-7.979092,1.59547019,-4.20677853,21.734024,3.08446956,-1.42123413,-8.0,-0.01000011,-3.24616861,0.0,0.0,0.0,1.0,0.0,0.0,0.0
59.0547371,DATA,1,1,1,10,0,8.135494,8.135494,-7.979292,1.59556639,-4.03956366,21.7544937,3.05330825,-1.34912109,-8.0,-0.01000011,-3.0788548,0.0,0.0,0.0,1.0,0.0,0.0,0.0
59.1097336,DATA,1,1,1,10,0,8.190491,8.190491,-7.97960138,1.59572315,-3.8724525,21.7651958,3.08333373,-1.3387146,-8.0,-0.01000005,-2.91155887,0.0,0.0,0.0,1.0,0.0,0.0,0.0
59.1654053,DATA,1,1,1,10,0,8.246162,8.246162,-7.979661,1.5956881,-3.706385,21.7562923,3.07629728,-1.25125122,-8.0,-0.01000005,-2.74549365,0.0,0.0,0.0,1.0,0.0,0.0,0.0
59.221756,DATA,1,1,1,10,0,8.302513,8.302513,-7.97969246,1.59583485,-3.539667,21.7696724,3.10033512,-1.22555542,-8.0,-0.01000011,-2.57846522,0.0,0.0,0.0,1.0,0.0,0.0,0.0
59.2773781,DATA,1,1,1,10,0,8.358135,8.358135,-7.97959852,1.59586263,-3.37247133,21.7361355,3.07622886,-1.1802063,-8.0,-0.01000005,-2.41137075,0.0,0.0,0.0,1.0,0.0,0.0,0.0
59.33147,DATA,1,1,1,10,0,8.412228,8.412228,-7.97958,1.59575236,-3.20698977,21.7448082,3.05905342,-1.213623,-8.0,-0.01000011,-2.24564838,0.0,0.0,0.0,1.0,0.0,0.0,0.0
59.3877678,DATA,1,1,1,10,0,8.468525,8.468525,-7.979454,1.59564257,-3.04031229,21.7675323,3.04073739,-1.22177124,-8.0,-0.01000005,-2.07899761,0.0,0.0,0.0,1.0,0.0,0.0,0.0
59.4430542,DATA,1,1,1,10,0,8.523811,8.523811,-7.979313,1.59565127,-2.87605762,21.8219585,3.04993224,-1.24462891,-8.0,-0.01000011,-1.91454613,0.0,0.0,0.0,1.0,0.0,0.0,0.0
59.4993134,DATA,1,1,1,10,0,8.5800705,8.5800705,-7.979111,1.59563565,-2.70644665,21.7540188,3.05021071,-1.22192383,-8.0,-0.01000005,-1.7449671,0.0,0.0,0.0,1.0,0.0,0.0,0.0
59.55419,DATA,1,1,1,10,0,8.634949,8.634949,-7.97897243,1.59579754,-2.53960371,21.7033768,3.15677357,-1.33029175,-8.0,-0.01000005,-1.57765973,0.0,0.0,0.0,1.0,0.0,0.0,0.0
59.60923,DATA,1,1,1,10,0,8.689987,8.689987,-7.978781,1.59595227,-2.373323,21.6770878,3.23342371,-1.25488281,-8.0,-0.00999999,-1.41104794,0.0,0.0,0.0,1.0,0.0,0.0,0.0
59.66632,DATA,1,1,1,10,0,8.747078,8.747078,-7.978887,1.59629381,-2.20854282,21.6412239,3.233038,-1.26498413,-8.0,-0.01000011,-1.24587762,0.0,0.0,0.0,1.0,0.0,0.0,0.0
59.7215538,DATA,1,1,1,10,0,8.802311,8.802311,-7.97890043,1.59639788,-2.04181671,21.5515251,3.24586844,-1.23077393,-8.0,-0.01000005,-1.07877481,0.0,0.0,0.0,1.0,0.0,0.0,0.0
59.7773361,DATA,1,1,1,10,0,8.858093,8.858093,-7.97895432,1.59663391,-1.874263,21.4944077,3.24613261,-1.2048645,-8.0,-0.01000005,-0.910891354,0.0,0.0,0.0,1.0,0.0,0.0,0.0
59.8320427,DATA,1,1,1,10,0,8.9128,8.9128,-7.978949,1.59666288,-1.7069217,21.405901,3.290789,-1.28134155,-8.0,-0.01000011,-0.7431785,0.0,0.0,0.0,1.0,0.0,0.0,0.0
59.8882523,DATA,1,1,1,10,0,8.969009,8.969009,-7.97899,1.59670889,-1.541815,21.3735523,3.282356,-1.21646118,-8.0,-0.01000011,-0.5777027,0.0,0.0,0.0,1.0,0.0,0.0,0.0
59.9443626,DATA,1,1,1,10,0,9.02512,9.02512,-7.97895527,1.59681726,-1.37586808,21.2871361,3.354463,-1.164093,-8.0,-0.01000005,-0.41137144,0.0,0.0,0.0,1.0,0.0,0.0,0.0
59.999855,DATA,1,1,1,10,0,9.080612,9.080612,-7.978957,1.59691286,-1.20937252,21.2762413,3.32484365,-1.12948608,-8.0,-0.01000005,-0.24466753,0.0,0.0,0.0,1.0,0.0,0.0,0.0
60.0553169,DATA,1,1,1,10,0,9.136074,9.136074,-7.97879648,1.59722066,-1.0416131,21.2299862,3.3531146,-1.05404663,-8.0,-0.01000005,-0.07650752,0.0,0.0,0.0,1.0,0.0,0.0,0.0
60.1099777,DATA,1,1,1,10,0,9.190735,9.190735,-7.9788456,1.59712315,-0.875290155,21.1896057,3.36031461,-1.08285522,-8.0,-0.01000005,0.0900504738,0.0,0.0,0.0,1.0,0.0,0.0,0.0
60.1662445,DATA,1,1,1,10,0,9.247002,9.247002,-7.97883034,1.59714651,-0.711236,21.2104683,3.35455775,-1.104187,-8.0,-0.01000005,0.2547011,0.0,0.0,0.0,1.0,0.0,0.0,0.0
60.22212,DATA,1,1,1,10,0,9.30287552,9.30287552,-7.97886,1.59723473,-0.5443864,21.1345577,3.303588,-1.07727051,-8.0,-0.01000005,0.421718627,0.0,0.0,0.0,1.0,0.0,0.0,0.0
60.27756,DATA,1,1,1,10,0,9.358318,9.358318,-7.97871828,1.59746563,-0.3781562,21.098423,3.328955,-1.005127,-8.0,-0.01000011,0.58833456,0.0,0.0,0.0,1.0,0.0,0.0,0.0
60.3327522,DATA,1,1,1,10,0,9.413509,9.413509,-7.978765,1.59763217,-0.209055,21.01643,3.376893,-0.9346924,-8.0,-0.01000005,0.757618845,0.0,0.0,0.0,1.0,0.0,0.0,0.0
60.3883438,DATA,1,1,1,10,0,9.469101,9.469101,-7.97895861,1.59793139,-0.0434854627,20.9433346,3.39937329,-0.8963318,-8.0,-0.01000005,0.9234821,0.0,0.0,0.0,1.0,0.0,0.0,0.0
60.4445419,DATA,1,1,1,10,0,9.525299,9.525299,-7.97906,1.59794664,0.122798681,20.9232063,3.40579939,-0.875091553,-8.0,-0.01000005,1.0899446,0.0,0.0,0.0,1.0,0.0,0.0,0.0
60.5002251,DATA,1,1,1,10,0,9.580982,9.580982,-7.979066,1.59786749,0.29132247,21.00997,3.44450879,-0.8121948,-8.0,-0.01000005,1.25857139,0.0,0.0,0.0,1.0,0.0,0.0,0.0
60.556,DATA,1,1,1,10,0,9.636757,9.636757,-7.978985,1.59772432,0.456480384,21.1122284,3.54623556,-0.852417,-8.0,-0.01000011,1.42373312,0.0,0.0,0.0,1.0,0.0,0.0,0.0
60.6107826,DATA,1,1,1,10,0,9.69154,9.69154,-7.978811,1.59752452,0.625064254,21.1786633,3.60210562,-0.8978882,-8.0,-0.01000011,1.59232271,0.0,0.0,0.0,1.0,0.0,0.0,0.0
60.66651,DATA,1,1,1,10,0,9.747269,9.747269,-7.978526,1.59747362,0.7093878,21.2675152,3.687333,-0.8613281,-8.0,-0.01000005,1.6766181,0.0,0.0,0.0,0.0,0.0,0.0,0.0
60.7230759,DATA,1,1,1,10,0,9.803833,9.803833,-8.001531,1.59737587,0.70882833,21.33384,6.107484,-0.8003845,-8.0,-0.01000005,1.6766181,1.39935613,0.8877529,-0.46028018,0.0,0.0,0.0,0.0
60.77794,DATA,1,1,1,10,0,9.858696,9.858696,-8.07671,1.5974946,0.712002337,21.33537,10.581337,-0.785491943,-8.0,-0.01000005,1.6766181,5.862226,0.8848537,-0.4658345,0.0,0.0,0.0,0.0
60.8329735,DATA,1,1,1,10,0,9.913731,9.913731,-8.150569,1.59744048,0.7207979,21.3814983,15.0668087,-0.7378845,-8.0,-0.01000005,1.6766181,10.27665,0.868221045,-0.496047854,0.0,0.0,0.0,0.0
60.88837,DATA,1,1,1,10,0,9.969128,9.969128,-8.221198,1.59733343,0.734463,21.42481,19.4422722,-0.7192383,-8.0,-0.01000005,1.6766181,14.5456343,0.858974,-0.5119785,0.0,0.0,0.0,0.0
60.9444542,DATA,1,1,1,10,0,10.0252113,10.0252113,-8.290373,1.59711671,0.7536664,21.4508934,23.712635,-0.7338867,-8.0,-0.01000005,1.6766181,18.7999344,0.85808897,-0.513443351,0.0,0.0,0.0,0.0
60.9999237,DATA,1,1,1,10,0,10.0806808,10.0806808,-8.359598,1.59702969,0.778510332,21.526598,27.94718,-0.7252197,-8.0,-0.01000005,1.6766181,23.1439381,0.85808897,-0.513443351,0.0,0.0,0.0,0.0
61.0548973,DATA,1,1,1,10,0,10.1356544,10.1356544,-8.425059,1.59673166,0.8079676,21.6080647,32.08156,-0.6690674,-8.0,-0.01000005,1.6766181,27.3796234,0.8588519,-0.5121311,0.0,0.0,0.0,0.0
61.1099777,DATA,1,1,1,10,0,10.1907349,10.1907349,-8.48889,1.59674025,0.842747152,21.64832,36.26272,-0.6673889,-8.0,-0.01000005,1.6766181,31.6754131,0.861690164,-0.507370234,0.0,0.0,0.0,0.0
61.16629,DATA,1,1,1,10,0,10.2470474,10.2470474,-8.550932,1.596703,0.8826648,21.65109,40.59925,-0.6400757,-8.0,-0.01000005,1.6766181,36.0282936,0.880306363,-0.474349141,0.0,0.0,0.0,0.0
61.22159,DATA,1,1,1,10,0,10.3023453,10.3023453,-8.534323,1.596683,1.02537823,21.6920738,44.93561,-0.5661621,-7.92332125,-0.01000005,1.77385449,40.46546,0.896969557,-0.44004643,1.0,0.0,0.0,0.0
61.2772369,DATA,1,1,1,10,0,10.3579941,10.3579941,-8.479553,1.59657431,1.19951868,21.73736,49.379,-0.500091553,-7.81147,-0.01000005,1.89744782,44.95498,0.902707,-0.347453237,1.0,0.0,0.0,0.0
61.33253,DATA,1,1,1,10,0,10.4132881,10.4132881,-8.406886,1.59657931,1.36564255,21.7211514,53.1406364,-0.500061035,-7.689603,-0.01000005,2.01263356,49.10971,0.5737785,-0.1075778,1.0,0.0,0.0,0.0
61.387413,DATA,1,1,1,10,0,10.46817,10.46817,-8.290244,1.596781,1.48148537,21.7202339,53.33057,-0.40246582,-7.564522,-0.01000011,2.11895752,49.805397,0.0,0.0,1.0,0.0,0.0,0.0
61.4433632,DATA,1,1,1,10,0,10.52412,10.52412,-8.163635,1.59680152,1.58908308,21.6684589,53.22581,-0.379119873,-7.4375844,-0.01000005,2.22620749,49.805397,0.0,0.0,1.0,0.0,0.0,0.0
61.49882,DATA,1,1,1,10,0,10.5795784,10.5795784,-8.0365,1.59677672,1.69726932,21.7066479,53.126976,-0.321838379,-7.31007862,-0.01000011,2.33393764,49.805397,0.0,0.0,1.0,0.0,0.0,0.0
61.5542145,DATA,1,1,1,10,0,10.6349716,10.6349716,-7.90962648,1.59660387,1.80485356,21.678915,53.0360565,-0.289031982,-7.182949,-0.01000005,2.44134974,49.805397,0.0,0.0,1.0,0.0,0.0,0.0
61.60927,DATA,1,1,1,10,0,10.6900253,10.6900253,-7.78329,1.59667945,1.91193271,21.653614,52.9527359,-0.21862793,-7.05646372,-0.0100001693,2.54821777,49.805397,0.0,0.0,1.0,0.0,0.0,0.0
61.66567,DATA,1,1,1,10,0,10.7464256,10.7464256,-7.65521431,1.59664917,2.020242,21.6606922,52.90323,-0.16015625,-6.92836952,-0.01000005,2.65644479,49.805397,0.0,0.0,1.0,0.0,0.0,0.0
61.72106,DATA,1,1,1,10,0,10.8018188,10.8018188,-7.52723646,1.59669352,2.12823272,21.6031075,52.8865852,-0.165222168,-6.800476,-0.01000011,2.76450253,49.805397,0.0,0.0,1.0,0.0,0.0,0.0
61.7763138,DATA,1,1,1,10,0,10.8570709,10.8570709,-7.40034628,1.59669328,2.23540783,21.5645657,52.7755966,-0.217071533,-6.67362,-0.01000005,2.87168336,49.805397,0.0,0.0,1.0,0.0,0.0,0.0
61.83147,DATA,1,1,1,10,0,10.9122276,10.9122276,-7.27321148,1.59684432,2.342458,21.517477,52.73763,-0.196594238,-6.5465374,-0.01000011,2.97905636,49.805397,0.0,0.0,1.0,0.0,0.0,0.0
61.8870735,DATA,1,1,1,10,0,10.9678307,10.9678307,-7.14666939,1.59683752,2.44918418,21.46239,52.68545,-0.246765137,-6.42006,-0.01000005,3.08591771,49.805397,0.0,0.0,1.0,0.0,0.0,0.0
61.94322,DATA,1,1,1,10,0,11.0239754,11.0239754,-7.01875,1.59705591,2.55708,21.400013,52.6144524,-0.256073,-6.29228258,-0.01000005,3.193877,49.805397,0.0,0.0,1.0,0.0,0.0,0.0
61.99811,DATA,1,1,1,10,0,11.0788689,11.0788689,-6.891346,1.59720635,2.66466069,21.3648815,52.49971,-0.269012451,-6.164994,-0.01000005,3.301424,49.805397,0.0,0.0,1.0,0.0,0.0,0.0
62.0543823,DATA,1,1,1,10,0,11.1351395,11.1351395,-6.76246357,1.59713,2.77347946,21.3506756,52.43974,-0.24609375,-6.036181,-0.01000011,3.41025853,49.805397,0.0,0.0,1.0,0.0,0.0,0.0
62.1095734,DATA,1,1,1,10,0,11.1903305,11.1903305,-6.636084,1.597148,2.88027859,21.3514271,52.3590279,-0.299163818,-5.90984154,-0.01000005,3.517003,49.805397,0.0,0.0,1.0,0.0,0.0,0.0
62.16511,DATA,1,1,1,10,0,11.2458687,11.2458687,-6.50899,1.59697485,2.98755121,21.3802738,52.32257,-0.22744751,-5.78292,-0.01000011,3.62423944,49.805397,0.0,0.0,1.0,0.0,0.0,0.0
62.2212143,DATA,1,1,1,10,0,11.3019714,11.3019714,-6.3807354,1.5967133,3.09586239,21.3710785,52.2475548,-0.284057617,-5.65474844,-0.01000005,3.73253226,49.805397,0.0,0.0,1.0,0.0,0.0,0.0
62.27686,DATA,1,1,1,10,0,11.3576164,11.3576164,-6.253149,1.5965755,3.20361733,21.3636189,52.22514,-0.287231445,-5.527255,-0.01000005,3.840252,49.805397,0.0,0.0,1.0,0.0,0.0,0.0
62.33226,DATA,1,1,1,10,0,11.4130173,11.4130173,-6.09167,1.59667,3.277745,21.35302,48.38694,-0.2810974,-5.39966536,-0.01000011,3.950603,46.8235664,-0.914731264,0.403912485,1.0,0.0,0.0,0.0
62.38813,DATA,1,1,1,10,0,11.4688873,11.4688873,-5.91785431,1.59655106,3.34232259,21.35582,43.7598419,-0.295898438,-5.28164864,-0.01000011,4.06816769,42.25281,-0.9140599,0.405529976,1.0,0.0,0.0,0.0
62.4442368,DATA,1,1,1,10,0,11.5249939,11.5249939,-5.75100946,1.59660149,3.41998839,21.29848,39.1341248,-0.276123047,-5.17414951,-0.01000005,4.19380045,37.71703,-0.914517641,0.4044618,1.0,0.0,0.0,0.0
62.4995346,DATA,1,1,1,10,0,11.5802917,11.5802917,-5.588298,1.596693,3.51194477,21.2503338,34.6182,-0.220062256,-5.07545,-0.01000005,4.32970238,33.1077423,-0.914517641,0.4044618,1.0,0.0,0.0,0.0
62.5553436,DATA,1,1,1,10,0,11.6361008,11.6361008,-5.43469143,1.59700513,3.61592,21.20803,30.04387,-0.162963867,-4.98860359,-0.01000005,4.47202349,28.5323753,-0.914517641,0.4044618,1.0,0.0,0.0,0.0
62.61051,DATA,1,1,1,10,0,11.6912689,11.6912689,-5.290127,1.59702682,3.73131323,21.134758,25.53524,-0.204986572,-4.91363525,-0.01000005,4.62029076,23.97303,-0.914517641,0.4044618,1.0,0.0,0.0,0.0
62.6666527,DATA,1,1,1,10,0,11.74741,11.74741,-5.15494728,1.59692049,3.85789227,21.1423931,20.9659615,-0.245330811,-4.8506155,-0.01000005,4.774235,19.408144,-0.914517641,0.4044618,1.0,0.0,0.0,0.0
62.72238,DATA,1,1,1,10,0,11.8031387,11.8031387,-5.0303874,1.59694076,3.9948318,21.1107616,16.4268417,-0.307403564,-4.80011129,-0.01000005,4.9324913,14.8493967,-0.914517641,0.4044618,1.0,0.0,0.0,0.0
62.7777939,DATA,1,1,1,10,0,11.858551,11.858551,-4.916244,1.5969696,4.14232349,21.1264858,11.9220638,-0.2874756,-4.762042,-0.01000005,5.095759,10.2496471,-0.8886685,0.4087649,1.0,0.0,0.0,0.0
62.83266,DATA,1,1,1,10,0,11.9134178,11.9134178,-4.85744953,1.596935,4.3023963,21.1265182,10.9132,-0.320007324,-4.73583031,-0.01000005,5.261126,8.328247,0.0,0.0,1.0,0.0,0.0,0.0
62.8878822,DATA,1,1,1,10,0,11.9686394,11.9686394,-4.833314,1.59696507,4.466291,21.1198559,10.9366331,-0.3356018,-4.711804,-0.01000005,5.425253,8.328247,0.0,0.0,1.0,0.0,0.0,0.0
62.94428,DATA,1,1,1,10,0,12.0250359,12.0250359,-4.80926847,1.59702313,4.630822,21.1123638,10.9970245,-0.3687439,-4.687669,-0.01000011,5.59012556,8.328247,0.0,0.0,1.0,0.0,0.0,0.0
63.0002174,DATA,1,1,1,10,0,12.0809746,12.0809746,-4.78519964,1.59696007,4.794768,21.1258068,11.07307,-0.3444519,-4.66364861,-0.01000005,5.75421238,8.328247,0.0,0.0,1.0,0.0,0.0,0.0
63.0549126,DATA,1,1,1,10,0,12.13567,12.13567,-4.76095629,1.597224,4.96063471,21.1240273,11.0948925,-0.354217529,-4.63934755,-0.01000005,5.920215,8.328247,0.0,0.0,1.0,0.0,0.0,0.0
63.1108131,DATA,1,1,1,10,0,12.19157,12.19157,-4.73693752,1.59727955,5.126065,21.1050282,11.0975313,-0.286071777,-4.61513853,-0.01000005,6.085593,8.328247,0.0,0.0,1.0,0.0,0.0,0.0
63.1669464,DATA,1,1,1,10,0,12.2477036,12.2477036,-4.734724,1.597441,5.291609,21.1436138,13.3139143,-0.22869873,-4.59093237,-0.01000011,6.24834871,9.663272,0.877926,-0.40699482,1.0,0.0,0.0,0.0
63.2218742,DATA,1,1,1,10,0,12.3026314,12.3026314,-4.77574444,1.59724545,5.470831,21.1921749,17.677,-0.18460083,-4.55788565,-0.01000005,6.4132905,14.11681,0.883816,-0.41251874,1.0,0.0,0.0,0.0
63.27776,DATA,1,1,1,10,0,12.3585167,12.3585167,-4.802755,1.59709,5.65137243,21.2581158,22.1266823,-0.195556641,-4.51244,-0.01000011,6.574119,18.5519733,0.8849758,-0.413251162,1.0,0.0,0.0,0.0
63.3328,DATA,1,1,1,10,0,12.413559,12.413559,-4.81581259,1.5967989,5.833612,21.31158,26.5102272,-0.18258667,-4.454695,-0.01000005,6.73093033,22.9893856,0.8849758,-0.413251162,1.0,0.0,0.0,0.0
63.3882,DATA,1,1,1,10,0,12.468956,12.468956,-4.81460571,1.59671974,6.015222,21.3807049,30.8489285,-0.146392822,-4.385396,-0.01000005,6.881992,27.4028778,0.8849758,-0.413251162,1.0,0.0,0.0,0.0
63.4441872,DATA,1,1,1,10,0,12.5249443,12.5249443,-4.79899073,1.596673,6.195392,21.3778439,34.9343872,-0.0847168,-4.304978,-0.01000005,7.02676868,31.757597,0.644978166,-0.313180923,1.0,0.0,0.0,0.0
63.50008,DATA,1,1,1,10,0,12.5808372,12.5808372,-4.72127628,1.59665155,6.34553671,21.3893566,35.06585,-0.07751465,-4.21470976,-0.01000005,7.16915751,32.5805168,0.0,0.0,1.0,0.0,0.0,0.0
63.5558548,DATA,1,1,1,10,0,12.6366119,12.6366119,-4.63243341,1.596473,6.485281,21.4054985,34.98565,0.0320217572,-4.12557554,-0.0100001693,7.308637,32.5805168,0.0,0.0,1.0,0.0,0.0,0.0
63.6109161,DATA,1,1,1,10,0,12.6916733,12.6916733,-4.54258,1.59636092,6.62663,21.4239845,34.92014,0.03787261,-4.03539276,-0.01000005,7.449757,32.5805168,0.0,0.0,1.0,0.0,0.0,0.0
63.6666679,DATA,1,1,1,10,0,12.7474251,12.7474251,-4.45462561,1.59621251,6.76491928,21.49574,34.8984833,0.0984600559,-3.94716549,-0.01000011,7.587818,32.5805168,0.0,0.0,1.0,0.0,0.0,0.0
63.7223053,DATA,1,1,1,10,0,12.8030624,12.8030624,-4.364368,1.59578764,6.906496,21.5905781,34.87322,0.10468141,-3.85685539,-0.01000011,7.729138,32.5805168,0.0,0.0,1.0,0.0,0.0,0.0
63.7779579,DATA,1,1,1,10,0,12.8587151,12.8587151,-4.27395725,1.59581435,7.048007,21.6383724,34.8116646,0.149391085,-3.76663518,-0.01000011,7.870317,32.5805168,0.0,0.0,1.0,0.0,0.0,0.0
63.83282,DATA,1,1,1,10,0,12.913578,12.913578,-4.17290831,1.59577262,7.182948,21.6509113,33.17853,0.1981175,-3.67656136,-0.01000011,8.011267,31.8071251,-0.9942015,-0.107241988,1.0,0.0,0.0,0.0
63.8880043,DATA,1,1,2,10,0,12.9687614,12.9687614,-4.01573658,1.59599662,7.287507,21.6624432,28.24949,0.244624436,-3.59325457,-0.01000005,8.15592,26.8160076,-0.998657167,-0.0511184931,1.0,0.0,0.0,0.0
63.94442,DATA,1,1,2,10,0,13.025177,13.025177,-3.870655,1.5959053,7.40309763,21.6607742,23.2570286,0.225877956,-3.52407885,-0.01000005,8.304429,21.9057045,-0.9988403,-0.0475783348,1.0,0.0,0.0,0.0
64.0049,DATA,1,1,2,10,0,13.0856552,13.0856552,-3.73186445,1.59591043,7.535027,21.751709,17.9311466,0.203087255,-3.46619678,-0.01000011,8.46342,16.83403,-0.9988403,-0.0475783348,1.0,0.0,0.0,0.0
64.06665,DATA,1,1,2,10,0,13.1474075,13.1474075,-3.63779664,1.5954479,7.569831,21.8925648,14.414587,0.123771928,-3.44980931,-0.01000011,8.517581,12.122611,0.0,0.0,0.0,0.0,0.0,0.0
64.1236,DATA,1,1,2,10,0,13.2043533,13.2043533,-3.63792729,1.595302,7.569788,21.870657,14.3536892,0.163652942,-3.44980931,-0.01000011,8.517581,12.122611,0.0,0.0,0.0,0.0,0.0,0.0
64.17876,DATA,1,1,2,10,0,13.2595139,13.2595139,-3.638096,1.595503,7.56976271,21.8381271,14.3056717,0.2638299,-3.44980931,-0.01000011,8.517581,12.122611,0.0,0.0,0.0,0.0,0.0,0.0
64.2356339,DATA,1,1,2,10,0,13.316391,13.316391,-3.6385355,1.59581435,7.569452,21.7504082,14.3805742,0.336961031,-3.44980931,-0.01000011,8.517581,12.122611,0.0,0.0,0.0,0.0,0.0,0.0
64.29012,DATA,1,1,2,10,0,13.37088,13.37088,-3.638626,1.59582365,7.56927538,21.7917423,14.4542465,0.4001167,-3.44980931,-0.01000011,8.517581,12.122611,0.0,0.0,0.0,0.0,0.0,0.0
64.34638,DATA,1,1,2,10,0,13.4271393,13.4271393,-3.61918044,1.5957998,7.56579447,21.8615,12.4380417,0.39228937,-3.44980931,-0.01000011,8.517581,10.9251165,-0.9861141,-0.1661123,0.0,0.0,0.0,0.0
64.40112,DATA,1,1,2,10,0,13.48188,13.48188,-3.53699756,1.59556055,7.554832,21.9326687,7.50530148,0.362432,-3.44980931,-0.01000011,8.517581,6.01566553,-0.9945372,-0.104220748,0.0,0.0,0.0,0.0
64.457634,DATA,1,1,2,10,0,13.5383911,13.5383911,-3.45218968,1.59528029,7.55098629,21.9771347,2.44159055,0.298510373,-3.44980931,-0.01000011,8.517581,0.9854202,-0.9945372,-0.104007125,0.0,0.0,0.0,0.0
64.51268,DATA,1,1,2,10,0,13.5934372,13.5934372,-3.36757827,1.59522092,7.55458975,22.0332279,-2.57400513,0.244060829,-3.44980931,-0.01000011,8.517581,-4.03479,-0.994293034,-0.106601119,0.0,0.0,0.0,0.0
64.56822,DATA,1,1,2,10,0,13.6489792,13.6489792,-3.28508878,1.59515476,7.56537,22.0591984,-7.5335083,0.2585177,-3.44980931,-0.01000011,8.517581,-8.969116,-0.9938353,-0.110476971,0.0,0.0,0.0,0.0
64.62392,DATA,1,1,2,10,0,13.7046738,13.7046738,-3.20399714,1.59503889,7.583263,22.1070614,-12.44931,0.2505983,-3.44980931,-0.01000011,8.517581,-13.8910522,-0.9935606,-0.113040566,0.0,0.0,0.0,0.0
64.68006,DATA,1,1,2,10,0,13.7608185,13.7608185,-3.12303162,1.59496808,7.60868359,22.1377716,-17.4024658,0.245833591,-3.44980931,-0.01000011,8.517581,-18.9207764,-0.9932249,-0.1158483,0.0,0.0,0.0,0.0
64.7352753,DATA,1,1,2,10,0,13.8160324,13.8160324,-3.04629874,1.59504163,7.6404376,22.1807785,-22.21225,0.261909246,-3.44980931,-0.01000011,8.517581,-23.8404846,-0.9932249,-0.1158483,0.0,0.0,0.0,0.0
64.79046,DATA,1,1,2,10,0,13.8712158,13.8712158,-2.97136378,1.59496963,7.679159,22.1889057,-27.1263428,0.237359583,-3.44980931,-0.01000011,8.517581,-28.8375549,-0.9932249,-0.1158483,0.0,0.0,0.0,0.0
64.84624,DATA,1,1,2,10,0,13.9269943,13.9269943,-2.900965,1.59500372,7.723709,22.2071362,-32.08075,0.19161959,-3.44980931,-0.01000011,8.517581,-33.7655029,-0.9932249,-0.1158483,0.0,0.0,0.0,0.0
64.9018555,DATA,1,1,2,10,0,13.9826126,13.9826126,-2.83389187,1.59493268,7.77465534,22.2191887,-37.0692139,0.181347787,-3.44980931,-0.01000011,8.517581,-38.76065,-0.9932249,-0.1158483,0.0,0.0,0.0,0.0
64.95787,DATA,1,1,2,10,0,14.0386276,14.0386276,-2.77109647,1.59498751,7.83178759,22.2253971,-42.1152649,0.09937484,-3.44980931,-0.01000011,8.517581,-43.77643,-0.993774235,-0.11111784,0.0,0.0,0.0,0.0
65.01238,DATA,1,1,2,10,0,14.09314,14.09314,-2.71426,1.59487569,7.89291573,22.26617,-47.0549622,0.106239073,-3.44980931,-0.01000011,8.517581,-48.7325134,-0.995117068,-0.09842217,0.0,0.0,0.0,0.0
65.06833,DATA,1,1,2,10,0,14.149086,14.149086,-2.66270614,1.59481084,7.959055,22.280344,-52.04309,0.07090364,-3.44980931,-0.01000011,8.517581,-53.68979,-0.9978942,-0.0643024445,0.0,0.0,0.0,0.0
65.12455,DATA,1,1,2,10,0,14.205307,14.205307,-2.61711335,1.59490907,8.029009,22.265625,-57.04431,0.0547384,-3.44980931,-0.01000011,8.517581,-58.63916,-0.998077333,-0.06158638,0.0,0.0,0.0,0.0
65.17937,DATA,1,1,2,10,0,14.2601242,14.2601242,-2.57710361,1.59501994,8.103983,22.221962,-61.9589844,0.06972771,-3.44980931,-0.01000011,8.517581,-63.68106,-0.998077333,-0.06158638,0.0,0.0,0.0,0.0
65.23503,DATA,1,1,2,10,0,14.3157883,14.3157883,-2.54438615,1.59524238,8.181012,22.1976681,-66.91324,0.114778526,-3.44980931,-0.01000011,8.517581,-68.6495361,-0.998290956,-0.0582293272,0.0,0.0,0.0,0.0
65.29072,DATA,1,1,2,10,0,14.3714752,14.3714752,-2.51823378,1.59518826,8.261647,22.19925,-71.89026,0.125819564,-3.44980931,-0.01000011,8.517581,-73.67401,-0.998290956,-0.0582293272,0.0,0.0,0.0,0.0
65.34603,DATA,1,1,2,10,0,14.4267883,14.4267883,-2.499663,1.59509754,8.342867,22.2595882,-76.84808,0.07385996,-3.44980931,-0.01000011,8.517581,-78.60928,-0.9985351,-0.05365157,0.0,0.0,0.0,0.0
65.40174,DATA,1,1,2,10,0,14.4824982,14.4824982,-2.48809123,1.59490764,8.426093,22.2987461,-81.82727,0.0188597981,-3.44980931,-0.01000011,8.517581,-83.58542,-0.9992676,-0.0378735065,0.0,0.0,0.0,0.0
65.457634,DATA,1,1,2,10,0,14.5383911,14.5383911,-2.48415136,1.594705,8.51135349,22.32909,-86.89899,-0.06350708,-3.44980931,-0.01000011,8.517581,-88.63788,-0.999755859,0.019898057,0.0,0.0,0.0,0.0
65.51245,DATA,1,1,2,10,0,14.5932083,14.5932083,-2.48743463,1.59463441,8.595238,22.3952427,-91.887146,-0.05126953,-3.44980931,-0.01000011,8.517581,-93.61572,-0.9988708,0.0472121239,1.0,0.0,0.0,0.0
65.56837,DATA,1,1,2,10,0,14.6491241,14.6491241,-2.664158,1.59454739,8.662688,22.4701862,-96.89734,-0.03326416,-3.6158247,-0.01000011,8.501628,-98.60895,-0.993255436,0.1156041,1.0,0.0,0.0,0.0
65.62392,DATA,1,1,2,10,0,14.7046738,14.7046738,-2.84493423,1.59443712,8.71361351,22.5467834,-101.895477,0.04716447,-3.77906752,-0.01000005,8.471484,-103.545319,-0.9888607,0.148686171,1.0,0.0,0.0,0.0
65.6790543,DATA,1,1,2,10,0,14.7598114,14.7598114,-3.03072524,1.59432387,8.748978,22.6007042,-106.779007,0.08591418,-3.940502,-0.01000005,8.426996,-108.510956,-0.9877621,0.15598011,1.0,0.0,0.0,0.0
65.73572,DATA,1,1,2,10,0,14.8164749,14.8164749,-3.21997261,1.59429193,8.768018,22.5987473,-111.792114,0.113207869,-4.098309,-0.01000005,8.368366,-113.50029,-0.987884164,0.155034,1.0,0.0,0.0,0.0
65.7900162,DATA,1,1,2,10,0,14.8707733,14.8707733,-3.405706,1.5942328,8.770748,22.6160336,-116.622711,0.1255547,-4.24692535,-0.01000005,8.298026,-118.376526,-0.989471138,0.144566178,1.0,0.0,0.0,0.0
65.84611,DATA,1,1,2,10,0,14.9268646,14.9268646,-3.59213281,1.59420323,8.757626,22.6162186,-121.636795,0.206343085,-4.3898325,-0.01000011,8.214792,-123.300232,-0.997405946,0.0713523,1.0,0.0,0.0,0.0
65.90174,DATA,1,1,2,10,0,14.9824982,14.9824982,-3.74717,1.59420562,8.752989,22.6710968,-126.664536,0.277753085,-4.49444,-0.01000005,8.142719,-128.32489,-0.9994507,0.031952858,0.0,0.0,0.0,0.0
65.95766,DATA,1,1,2,10,0,15.038414,15.038414,-3.803641,1.59419179,8.816116,22.6932049,-131.73175,0.3377768,-4.49444,-0.01000005,8.142719,-133.377426,-0.998352,-0.0565202236,0.0,0.0,0.0,0.0
66.0123749,DATA,1,1,2,10,0,15.093132,15.093132,-3.863879,1.59407091,8.872844,22.7132626,-136.6711,0.389804482,-4.49444,-0.01000005,8.142719,-138.307373,-0.9933165,-0.115421057,0.0,0.0,0.0,0.0
66.0675049,DATA,1,1,2,10,0,15.148262,15.148262,-3.928968,1.59400725,8.924259,22.7117939,-141.642532,0.353792727,-4.49444,-0.01000005,8.142719,-143.243866,-0.9891659,-0.14654994,0.0,0.0,0.0,0.0
66.1242447,DATA,1,1,2,10,0,15.2050018,15.2050018,-3.9984076,1.59402132,8.970186,22.6839485,-146.655411,0.385344982,-4.49444,-0.01000005,8.142719,-148.200058,-0.987334847,-0.158391118,0.0,0.0,0.0,0.0
66.1790543,DATA,1,1,2,10,0,15.2598114,15.2598114,-4.0712533,1.59411144,9.009965,22.6627789,-151.548889,0.433797926,-4.49444,-0.01000005,8.142719,-153.144974,-0.987334847,-0.158391118,0.0,0.0,0.0,0.0
66.2344742,DATA,1,1,2,10,0,15.3152313,15.3152313,-4.146797,1.594173,9.043196,22.6656952,-156.394409,0.4636347,-4.49444,-0.01000005,8.142719,-158.0483,-0.987334847,-0.158391118,0.0,0.0,0.0,0.0
66.28975,DATA,1,1,2,10,0,15.3705063,15.3705063,-4.22533464,1.59440112,9.06989,22.597374,-161.275375,0.430646956,-4.49444,-0.01000005,8.142719,-162.97641,-0.987334847,-0.158391118,0.0,0.0,0.0,0.0
66.34536,DATA,1,1,2,10,0,15.4261169,15.4261169,-4.305312,1.59459114,9.0896,22.5256348,-166.167725,0.410851449,-4.49444,-0.01000005,8.142719,-167.856232,-0.987579,-0.15686512,0.0,0.0,0.0,0.0
66.40094,DATA,1,1,2,10,0,15.4816971,15.4816971,-4.388683,1.59464312,9.102516,22.521574,-171.076782,0.349004835,-4.49444,-0.01000005,8.142719,-172.845688,-0.9913938,-0.130832791,0.0,0.0,0.0,0.0
66.4562,DATA,1,1,2,10,0,15.5369568,15.5369568,-4.482068,1.59460545,8.984432,22.5041161,-176.038834,0.2773077,-4.504565,-0.01000011,8.01907,-177.784134,-0.9961852,-0.0869166851,1.0,0.0,0.0,0.0
66.51101,DATA,1,1,2,10,0,15.5917664,15.5917664,-4.567351,1.594681,8.816251,22.5221252,179.011139,0.2408802,-4.50557756,-0.01000011,7.852664,177.231918,-0.9999695,0.005859554,1.0,0.0,0.0,0.0
66.56686,DATA,1,1,2,10,0,15.6476135,15.6476135,-4.63685369,1.594598,8.643626,22.5646343,174.08075,0.195545927,-4.49236536,-0.01000005,7.68898773,172.306366,-0.9989318,0.0455335975,1.0,0.0,0.0,0.0
66.62258,DATA,1,1,2,10,0,15.7033386,15.7033386,-4.6922226,1.594501,8.462292,22.60426,169.129684,0.123624027,-4.46459341,-0.01000005,7.52426529,167.30014,-0.994811833,0.101504564,1.0,0.0,0.0,0.0
66.6778946,DATA,1,1,2,10,0,15.7586517,15.7586517,-4.724972,1.59440947,8.278862,22.6207943,164.99144,0.09088921,-4.42250729,-0.01000005,7.36232948,162.711884,-0.532517433,0.262489676,1.0,0.0,0.0,0.0
66.73364,DATA,1,1,2,10,0,15.8144,15.8144,-4.684697,1.59433389,8.114758,22.6134281,164.892075,0.0137890074,-4.371065,-0.00999999,7.20199633,162.047165,0.0,0.0,1.0,0.0,0.0,0.0
66.78851,DATA,1,1,2,10,0,15.86927,15.86927,-4.634107,1.59425426,7.95763874,22.6523342,164.952255,0.003460023,-4.32023335,-0.01000005,7.04511356,162.047165,0.0,0.0,1.0,0.0,0.0,0.0
66.84501,DATA,1,1,2,10,0,15.925766,15.925766,-4.58307648,1.59424984,7.79959536,22.6478634,165.064529,0.00754936,-4.26903725,-0.00999999,6.887106,162.047165,0.0,0.0,1.0,0.0,0.0,0.0
66.90034,DATA,1,1,2,10,0,15.9810944,15.9810944,-4.53150129,1.59435177,7.640672,22.6536217,165.136734,0.03859535,-4.21753931,-0.01000005,6.72816563,162.047165,0.0,0.0,1.0,0.0,0.0,0.0
66.95605,DATA,1,1,2,10,0,16.0368042,16.0368042,-4.479847,1.59451771,7.480291,22.5532227,165.312225,-0.007019043,-4.165571,-0.0100001693,6.56777573,162.047165,0.0,0.0,1.0,0.0,0.0,0.0
67.0114059,DATA,1,1,2,10,0,16.0921631,16.0921631,-4.42908955,1.59462857,7.32224369,22.5907745,165.536591,0.0134478239,-4.114388,-0.01000005,6.409807,162.047165,0.0,0.0,1.0,0.0,0.0,0.0
67.06718,DATA,1,1,2,10,0,16.147934,16.147934,-4.323897,1.594588,7.1826725,22.6032715,170.217926,-0.0523376465,-4.06597471,-0.01000005,6.252062,165.6346,0.980132461,-0.0787377357,1.0,0.0,0.0,0.0
67.1228943,DATA,1,1,2,10,0,16.2036514,16.2036514,-4.2075367,1.59452081,7.03896856,22.6259613,175.318588,-0.005417678,-4.02983665,-0.00999999,6.0894,170.549362,0.984252453,-0.0854213238,1.0,0.0,0.0,0.0
67.17797,DATA,1,1,2,10,0,16.258728,16.258728,-4.10331059,1.59452772,6.885053,22.62315,-179.644714,0.0220012963,-4.00771761,-0.01000005,5.923592,175.490067,0.984252453,-0.0854213238,1.0,0.0,0.0,0.0
67.23344,DATA,1,1,2,10,0,16.3141937,16.3141937,-4.01344776,1.59459209,6.72415829,22.5834846,-174.679245,0.0196014214,-3.99998164,-0.01000005,5.75782251,-179.60553,0.9831538,-0.1131016,1.0,0.0,0.0,0.0
67.28892,DATA,1,1,2,10,0,16.3696747,16.3696747,-3.93611765,1.59470475,6.552698,22.48031,-169.759155,-0.0829772949,-4.00668573,-0.01000011,5.588578,-174.6071,0.983886242,-0.143437028,1.0,0.0,0.0,0.0
67.34475,DATA,1,1,2,10,0,16.4255066,16.4255066,-3.87511373,1.59498549,6.37958527,22.4007282,-164.887619,-0.115997314,-4.027458,-0.01000005,5.42464447,-169.727341,0.98718226,-0.1588794,1.0,0.0,0.0,0.0
67.40077,DATA,1,1,2,10,0,16.48153,16.48153,-3.82823658,1.59526777,6.19947958,22.271307,-159.889862,-0.12902832,-4.062647,-0.01000005,5.260947,-164.77005,0.9860225,-0.166386962,1.0,0.0,0.0,0.0
67.45627,DATA,1,1,2,10,0,16.5370255,16.5370255,-3.7971077,1.59561181,6.01613,22.1365414,-154.957932,-0.0881958,-4.11178,-0.01000005,5.10109234,-159.821655,0.9860225,-0.166386962,1.0,0.0,0.0,0.0
67.5120239,DATA,1,1,2,10,0,16.5927811,16.5927811,-3.78170872,1.59599674,5.829687,22.0458374,-149.990768,-0.0305480957,-4.17486143,-0.01000011,4.945299,-154.848312,0.9860225,-0.166386962,1.0,0.0,0.0,0.0
67.56727,DATA,1,1,2,10,0,16.6480255,16.6480255,-3.782204,1.59604239,5.64530563,22.05757,-145.013687,0.0500685573,-4.25003433,-0.0100001693,4.79769135,-149.946945,0.9860225,-0.166386962,1.0,0.0,0.0,0.0
67.62359,DATA,1,1,2,10,0,16.7043457,16.7043457,-3.79849839,1.59599042,5.46103668,22.020216,-139.999268,0.103196375,-4.33775568,-0.01000005,4.6567297,-145.0343,0.9860225,-0.166386962,1.0,0.0,0.0,0.0
67.67944,DATA,1,1,2,10,0,16.7602,16.7602,-3.8307507,1.59605563,5.27749,21.97196,-135.0889,0.173741162,-4.43791866,-0.01000011,4.52288246,-140.0876,0.9860225,-0.166386962,1.0,0.0,0.0,0.0
67.73541,DATA,1,1,2,10,0,16.81617,16.81617,-3.880311,1.59620762,5.093236,21.9222488,-130.169662,0.216875017,-4.551916,-0.01000011,4.395425,-135.028336,0.985808849,-0.167790771,1.0,0.0,0.0,0.0
67.7903442,DATA,1,1,2,10,0,16.8711014,16.8711014,-3.9428432,1.596231,4.92125845,21.92098,-125.401855,0.281437337,-4.671526,-0.01000011,4.283071,-130.173782,0.985808849,-0.167790771,1.0,0.0,0.0,0.0
67.84657,DATA,1,1,2,10,0,16.92733,16.92733,-4.020268,1.59627664,4.754814,21.9196377,-120.625626,0.2989326,-4.800574,-0.01000011,4.18097258,-125.325958,0.9628284,-0.179570913,1.0,0.0,0.0,0.0
67.90206,DATA,1,1,2,10,0,16.9828186,16.9828186,-4.114246,1.59625959,4.594619,21.8814831,-116.014771,0.307095528,-4.940052,-0.01000005,4.088589,-120.513565,0.9283731,-0.124118805,1.0,0.0,0.0,0.0
67.95778,DATA,1,1,2,10,0,17.0385361,17.0385361,-4.2435317,1.59625983,4.47846031,21.9140911,-114.598114,0.3146072,-5.088463,-0.01000011,4.00598526,-118.254974,0.0,0.0,1.0,0.0,0.0,0.0
68.0127,DATA,1,1,2,10,0,17.09346,17.09346,-4.390442,1.59619892,4.39951658,21.9058285,-114.577148,0.342919081,-5.235272,-0.01000011,3.9270854,-118.254974,0.0,0.0,1.0,0.0,0.0,0.0
68.06842,DATA,1,1,2,10,0,17.1491776,17.1491776,-4.53702,1.5963515,4.32064629,21.9166851,-114.532623,0.380140245,-5.381894,-0.01000011,3.848286,-118.254974,0.0,0.0,1.0,0.0,0.0,0.0
68.1245651,DATA,1,1,2,10,0,17.2053223,17.2053223,-4.683015,1.59631824,4.242273,21.90606,-114.5589,0.3356554,-5.527738,-0.01000005,3.76990485,-118.254974,0.0,0.0,1.0,0.0,0.0,0.0
68.1802,DATA,1,1,2,10,0,17.2609558,17.2609558,-4.83003139,1.59610367,4.16333675,21.91179,-114.702347,0.277138084,-5.674677,-0.0100001693,3.69093537,-118.254974,0.0,0.0,1.0,0.0,0.0,0.0
68.23594,DATA,1,1,2,10,0,17.3166962,17.3166962,-4.97864437,1.5959239,4.08347273,21.8865471,-114.911224,0.271775454,-5.82305574,-0.01000005,3.611192,-118.254974,0.0,0.0,1.0,0.0,0.0,0.0
68.2908554,DATA,1,1,2,10,0,17.3716125,17.3716125,-5.125473,1.595756,4.00441456,21.9301033,-115.123581,0.176626056,-5.9697423,-0.01000005,3.532358,-118.254974,0.0,0.0,1.0,0.0,0.0,0.0
68.3469849,DATA,1,1,2,10,0,17.427742,17.427742,-5.27130365,1.59545577,3.92584634,21.9819164,-115.3284,0.15476276,-6.1153636,-0.01000011,3.45409632,-118.254974,0.0,0.0,1.0,0.0,0.0,0.0
68.40252,DATA,1,1,2,10,0,17.4832764,17.4832764,-5.41801,1.59532452,3.84667325,21.9779434,-115.52951,0.125492662,-6.261925,-0.01000011,3.37532973,-118.254974,0.0,0.0,1.0,0.0,0.0,0.0
68.45791,DATA,1,1,2,10,0,17.5386658,17.5386658,-5.56618,1.59553647,3.76669741,21.9405975,-115.708069,0.164958626,-6.4098,-0.01000005,3.29585719,-118.254974,0.0,0.0,0.0,0.0,0.0,0.0
68.513176,DATA,1,1,2,10,0,17.5939331,17.5939331,-5.56647062,1.59553909,3.76622343,21.8233624,-115.863083,0.116993017,-6.4098,-0.01000005,3.29585719,-118.254974,0.0,0.0,0.0,0.0,0.0,0.0
68.5685043,DATA,1,1,2,10,0,17.6492615,17.6492615,-5.56661654,1.59552455,3.76566815,21.78658,-116.044067,0.136212558,-6.4098,-0.01000005,3.29585719,-118.254974,0.0,0.0,0.0,0.0,0.0,0.0
68.62417,DATA,1,1,2,10,0,17.7049255,17.7049255,-5.56685162,1.59559655,3.76523566,21.7399254,-116.221329,0.08638251,-6.4098,-0.01000005,3.29585719,-118.254974,0.0,0.0,0.0,0.0,0.0,0.0
68.67995,DATA,1,1,2,10,0,17.760704,17.760704,-5.56713247,1.59562588,3.76435375,21.7059917,-117.115662,0.11952734,-6.4098,-0.01000005,3.29585719,-118.254974,-0.807886,-0.4043398,0.0,0.0,0.0,0.0
68.7356,DATA,1,1,2,10,0,17.81636,17.81636,-5.607583,1.59547162,3.829802,21.7694645,-121.944351,0.0543788224,-6.4098,-0.01000005,3.29585719,-122.839981,-0.989257455,-0.145878434,0.0,0.0,0.0,0.0
68.79027,DATA,1,1,2,10,0,17.8710251,17.8710251,-5.65716,1.59521961,3.897074,21.8532829,-126.935822,0.0266009737,-6.4098,-0.01000005,3.29585719,-127.8136,-0.9999695,-0.000305175781,0.0,0.0,0.0,0.0
68.84623,DATA,1,1,2,10,0,17.9269867,17.9269867,-5.712165,1.59505916,3.959454,21.843792,-131.986771,-0.06668091,-6.4098,-0.01000005,3.29585719,-132.756165,-0.9999695,0.00146490335,0.0,0.0,0.0,0.0
68.9017639,DATA,1,1,2,10,0,17.9825211,17.9825211,-5.77340746,1.59501672,4.018422,21.8549232,-136.125122,-0.17276001,-6.4098,-0.01000005,3.29585719,-137.773712,0.0,0.0,0.0,0.0,0.0,0.0
68.95772,DATA,1,1,2,10,0,18.038475,18.038475,-5.77374268,1.59484315,4.018541,21.9168854,-136.032043,-0.176025391,-6.4098,-0.01000005,3.29585719,-137.773712,0.0,0.0,0.0,0.0,0.0,0.0
69.01256,DATA,1,1,2,10,0,18.0933151,18.0933151,-5.857773,1.59476352,3.92661357,21.9397736,-135.961166,-0.25680542,-6.49339437,-0.01000005,3.20375037,-137.773712,0.0,0.0,1.0,0.0,0.0,0.0
69.06847,DATA,1,1,2,10,0,18.1492233,18.1492233,-5.970822,1.594624,3.80286431,21.986414,-135.917328,-0.292999268,-6.60599,-0.01000005,3.079689,-137.773712,0.0,0.0,1.0,0.0,0.0,0.0
69.12476,DATA,1,1,2,10,0,18.20552,18.20552,-6.08189344,1.59448051,3.681054,22.0532761,-135.931335,-0.370941162,-6.7166853,-0.01000005,2.95772147,-137.773712,0.0,0.0,1.0,0.0,0.0,0.0
69.179985,DATA,1,1,2,10,0,18.2607422,18.2607422,-6.19543934,1.5944097,3.55642056,22.0496273,-135.949539,-0.4685669,-6.82993126,-0.01000005,2.83294344,-137.773712,0.0,0.0,1.0,0.0,0.0,0.0
69.23565,DATA,1,1,2,10,0,18.3164063,18.3164063,-6.30735874,1.59431469,3.43336964,22.0745945,-135.99263,-0.544342041,-6.94167471,-0.01000011,2.70982146,-137.773712,0.0,0.0,1.0,0.0,0.0,0.0
69.2904,DATA,1,1,2,10,0,18.3711548,18.3711548,-6.419391,1.59426212,3.30995321,22.1378021,-136.049667,-0.6067505,-7.05370235,-0.01000005,2.586386,-137.773712,0.0,0.0,1.0,0.0,0.0,0.0
69.34615,DATA,1,1,2,10,0,18.42691,18.42691,-6.53015471,1.59411919,3.18779087,22.1823,-136.106628,-0.6820984,-7.16449976,-0.01000011,2.46430564,-137.773712,0.0,0.0,1.0,0.0,0.0,0.0
69.40216,DATA,1,1,2,10,0,18.4829178,18.4829178,-6.688007,1.59397984,3.10037684,22.1875229,-140.685974,-0.6903076,-7.27524137,-0.01000005,2.33832526,-141.433472,-0.9810785,-0.193578959,1.0,0.0,0.0,0.0
69.4579849,DATA,1,1,2,10,0,18.5387421,18.5387421,-6.85485029,1.59391069,3.0145762,22.17721,-145.7478,-0.683563232,-7.374682,-0.01000005,2.20504141,-146.359924,-0.99270606,-0.120426059,1.0,0.0,0.0,0.0
69.5125656,DATA,1,1,2,10,0,18.5933228,18.5933228,-7.01487827,1.59413719,2.91470146,22.1370373,-150.71756,-0.686859131,-7.462563,-0.01000005,2.06316829,-151.336182,-0.9944456,-0.10507524,1.0,0.0,0.0,0.0
69.56814,DATA,1,1,2,10,0,18.6488953,18.6488953,-7.165121,1.59427607,2.80171084,22.0242023,-155.729279,-0.754425049,-7.537594,-0.01000011,1.914648,-156.302048,-0.995239139,-0.09717095,1.0,0.0,0.0,0.0
69.62422,DATA,1,1,2,10,0,18.7049789,18.7049789,-7.304484,1.59445167,2.6770165,21.9230881,-160.76712,-0.732574463,-7.59915066,-0.01000005,1.761089,-161.250854,-0.9877926,-0.02539146,1.0,0.0,0.0,0.0
69.67989,DATA,1,1,2,10,0,18.76065,18.76065,-7.391835,1.59473681,2.52666283,21.8668823,-162.188324,-0.7105713,-7.64956236,-0.01000005,1.59926271,-163.532,0.0,0.0,1.0,0.0,0.0,0.0
69.73501,DATA,1,1,2,10,0,18.8157654,18.8157654,-7.43887329,1.59476256,2.36702466,21.8502579,-162.090622,-0.653900146,-7.696807,-0.01000005,1.4394412,-163.532,0.0,0.0,1.0,0.0,0.0,0.0
69.79037,DATA,1,1,2,10,0,18.8711243,18.8711243,-7.485448,1.59491086,2.20903945,21.81476,-162.092514,-0.6272278,-7.74354267,-0.0100001693,1.28133893,-163.532,0.0,0.0,1.0,0.0,0.0,0.0
69.84632,DATA,1,1,2,10,0,18.9270782,18.9270782,-7.53276873,1.59496188,2.04885268,21.8226643,-162.062485,-0.6021118,-7.79094553,-0.01000005,1.12098,-163.532,0.0,0.0,1.0,0.0,0.0,0.0
69.9015,DATA,1,1,2,10,0,18.982254,18.982254,-7.579427,1.59497118,1.891794,21.7920017,-162.131561,-0.6276245,-7.8374505,-0.01000005,0.963659942,-163.532,0.0,0.0,1.0,0.0,0.0,0.0
69.9580841,DATA,1,1,2,10,0,19.0388412,19.0388412,-7.62749529,1.59492111,1.7290504,21.7893581,-162.222366,-0.641418457,-7.885623,-0.01000005,0.800698459,-163.532,0.0,0.0,1.0,0.0,0.0,0.0
70.0123749,DATA,1,1,2,10,0,19.093132,19.093132,-7.674011,1.59480846,1.571742,21.7858925,-162.275742,-0.6555481,-7.93223047,-0.01000011,0.6430303,-163.532,0.0,0.0,1.0,0.0,0.0,0.0
70.067894,DATA,1,1,2,10,0,19.1486511,19.1486511,-7.721269,1.59480524,1.41179919,21.7656727,-162.3305,-0.6320801,-7.979564,-0.01000005,0.4829059,-163.532,0.0,0.0,1.0,0.0,0.0,0.0
70.12447,DATA,1,1,2,10,0,19.20523,19.20523,-7.76787472,1.59504974,1.25221443,21.6904087,-162.961243,-0.624572754,-8.026649,-0.01000011,0.323621243,-163.532,-0.6094241,-0.119998813,1.0,0.0,0.0,0.0
70.1788254,DATA,1,1,2,10,0,19.2595825,19.2595825,-7.88295126,1.5951848,1.10912418,21.6101475,-167.59346,-0.6566467,-8.069579,-0.01000005,0.16336669,-167.943314,-0.9877926,-0.155766487,1.0,0.0,0.0,0.0
70.23496,DATA,1,1,2,10,0,19.31572,19.31572,-7.99614,1.59540355,0.9557599,21.550169,-172.5517,-0.645721436,-8.099396,-0.01000011,-0.00265426934,-172.943344,-0.9877926,-0.155766487,1.0,0.0,0.0,0.0
70.29006,DATA,1,1,2,10,0,19.37082,19.37082,-8.094565,1.59540379,0.795120537,21.5446529,-177.155136,-0.644012451,-8.114515,-0.01000011,-0.1686758,-177.889648,-0.689779341,-0.0455641747,1.0,0.0,0.0,0.0
70.3458557,DATA,1,1,2,10,0,19.4266129,19.4266129,-8.113237,1.59541023,0.6301248,21.54362,-177.380737,-0.63482666,-8.118794,-0.01000011,-0.333901465,-178.715942,0.0,0.0,1.0,0.0,0.0,0.0
70.4011,DATA,1,1,2,10,0,19.4818573,19.4818573,-8.117062,1.59536457,0.4643208,21.5398884,-177.340668,-0.6795349,-8.122508,-0.01000005,-0.4995749,-178.715942,0.0,0.0,1.0,0.0,0.0,0.0
70.45716,DATA,1,1,2,10,0,19.5379181,19.5379181,-8.120853,1.59530687,0.2959867,21.5151825,-177.346329,-0.7038574,-8.12628,-0.01000005,-0.667823136,-178.715942,0.0,0.0,1.0,0.0,0.0,0.0
70.51259,DATA,1,1,2,10,0,19.5933456,19.5933456,-8.124504,1.59532046,0.1296496,21.5270672,-177.363068,-0.71762085,-8.13001,-0.01000011,-0.8342529,-178.715942,0.0,0.0,1.0,0.0,0.0,0.0
70.56804,DATA,1,1,2,10,0,19.6487961,19.6487961,-8.128356,1.59545088,-0.03678478,21.4421768,-177.380737,-0.724365234,-8.133739,-0.01000005,-1.00063133,-178.715942,0.0,0.0,1.0,0.0,0.0,0.0
70.62385,DATA,1,1,2,10,0,19.7046051,19.7046051,-8.132041,1.595787,-0.202255815,21.2848625,-177.417877,-0.7202759,-8.137451,-0.01000005,-1.16623485,-178.715942,0.0,0.0,1.0,0.0,0.0,0.0
70.67952,DATA,1,1,2,10,0,19.7602768,19.7602768,-8.135588,1.59631324,-0.370208532,21.0858688,-177.474487,-0.70047,-8.141218,-0.01000011,-1.3342613,-178.715942,0.0,0.0,1.0,0.0,0.0,0.0
70.7354,DATA,1,1,2,10,0,19.8161545,19.8161545,-8.139329,1.59672523,-0.539461732,20.8867683,-177.530518,-0.694458,-8.145014,-0.01000005,-1.50361586,-178.715942,0.0,0.0,1.0,0.0,0.0,0.0
70.790184,DATA,1,1,2,10,0,19.8709412,19.8709412,-8.142947,1.59712172,-0.704225659,20.591032,-177.6921,-0.659667969,-8.148707,-0.01000005,-1.668401,-178.715942,0.0,0.0,1.0,0.0,0.0,0.0
70.84582,DATA,1,1,2,10,0,19.9265747,19.9265747,-8.14638,1.59780192,-0.8684901,20.0880661,-177.801285,-0.5744934,-8.15239048,-0.01000005,-1.83270419,-178.715942,0.0,0.0,1.0,0.0,0.0,0.0
70.9020157,DATA,1,1,2,10,0,19.9827728,19.9827728,-8.149921,1.59973323,-1.03692722,18.9365921,-177.920166,-0.5950012,-8.156166,-0.01000011,-2.00116086,-178.715942,0.0,0.0,1.0,0.0,0.0,0.0
70.95698,DATA,1,1,2,10,0,20.037735,20.037735,-8.153164,1.60279524,-1.20298827,17.6511612,-178.05629,-0.35144043,-8.159898,-0.01000011,-2.167646,-178.715942,0.0,0.0,1.0,0.0,0.0,0.0
71.01301,DATA,1,1,2,10,0,20.0937653,20.0937653,-8.156377,1.60621428,-1.37098444,15.9606447,-178.137817,-0.217926025,-8.16368,-0.01000005,-2.336368,-178.715942,0.0,0.0,1.0,0.0,0.0,0.0
71.06869,DATA,1,1,2,10,0,20.1494446,20.1494446,-8.159771,1.6095295,-1.5357734,13.8969507,-178.353622,-0.275787354,-8.167392,-0.01000005,-2.50197983,-178.715942,0.0,0.0,1.0,0.0,0.0,0.0
71.125,DATA,1,1,2,10,0,20.2057571,20.2057571,-8.163426,1.61319864,-1.69963062,11.9374838,-178.558868,-0.235534668,-8.171102,-0.01000011,-2.66746283,-178.715942,0.0,0.0,1.0,0.0,0.0,0.0
71.17983,DATA,1,1,2,10,0,20.26059,20.26059,-8.167217,1.61632788,-1.8663491,9.89036751,-178.753387,-0.595214844,-8.17488,-0.01000011,-2.83606076,-178.715942,0.0,0.0,1.0,0.0,0.0,0.0
71.23599,DATA,1,1,2,10,0,20.31675,20.31675,-8.171487,1.61885583,-2.03184867,8.400261,-178.931061,-0.6916199,-8.178645,-0.01000011,-3.0040307,-178.715942,0.0,0.0,1.0,0.0,0.0,0.0
71.29138,DATA,1,1,2,10,0,20.372139,20.372139,-8.175631,1.62068892,-2.19758654,7.149589,-178.910263,-1.18606567,-8.182416,-0.01000005,-3.172271,-178.715942,0.0,0.0,1.0,0.0,0.0,0.0
71.34708,DATA,1,1,2,10,0,20.4278336,20.4278336,-8.179793,1.62210751,-2.35843825,6.240239,-179.009064,-1.35620117,-8.186083,-0.01000011,-3.335856,-178.715942,0.0,0.0,1.0,0.0,0.0,0.0
71.40261,DATA,1,1,2,10,0,20.4833679,20.4833679,-8.183204,1.62326264,-2.482784,5.6118803,-179.057709,-1.46762085,-8.188937,-0.01000005,-3.46317172,-178.715942,0.0,0.0,0.0,0.0,0.0,0.0
71.4581757,DATA,1,1,2,10,0,20.5389328,20.5389328,-8.183868,1.62421393,-2.48044634,4.97413158,-179.217255,-1.50231934,-8.188937,-0.01000005,-3.46317172,-178.715942,0.0,0.0,0.0,0.0,0.0,0.0
71.5137558,DATA,1,1,2,10,0,20.5945129,20.5945129,-8.184577,1.62490392,-2.47820544,4.58564758,-179.253662,-1.53936768,-8.188937,-0.01000005,-3.46317172,-178.715942,0.0,0.0,0.0,0.0,0.0,0.0
71.5692444,DATA,1,1,2,10,0,20.6500015,20.6500015,-8.185314,1.62531376,-2.47627258,4.30453253,-179.328674,-1.59243774,-8.188937,-0.01000005,-3.46317172,-178.715942,0.0,0.0,0.0,0.0,0.0,0.0
71.62447,DATA,1,1,2,10,0,20.70523,20.70523,-8.185996,1.62550926,-2.47468281,4.152519,-179.245483,-1.647583,-8.188937,-0.01000005,-3.46317172,-178.715942,0.0,0.0,0.0,0.0,0.0,0.0
71.6808548,DATA,1,1,2,10,0,20.7616119,20.7616119,-8.189354,1.6255374,-2.60020351,4.07192373,-179.191833,-1.69515991,-8.191782,-0.01000005,-3.59012532,-178.715942,0.0,0.0,1.0,0.0,0.0,0.0
71.73607,DATA,1,1,2,10,0,20.8168259,20.8168259,-8.193438,1.62567091,-2.76491976,3.94089961,-179.07283,-1.61663818,-8.195496,-0.01000011,-3.75579762,-178.715942,0.0,0.0,1.0,0.0,0.0,0.0
71.79141,DATA,1,1,2,10,0,20.87217,20.87217,-8.197251,1.62589025,-2.93206477,3.894299,-178.982681,-1.54324341,-8.199261,-0.01000005,-3.92376542,-178.715942,0.0,0.0,1.0,0.0,0.0,0.0
71.84731,DATA,1,1,2,10,0,20.92807,20.92807,-8.200025,1.625845,-3.056772,3.81736684,-178.816986,-1.51922607,-8.202066,-0.01000005,-4.048947,-178.715942,0.0,0.0,0.0,0.0,0.0,0.0
71.90219,DATA,1,1,2,10,0,20.9829483,20.9829483,-8.199752,1.6257503,-3.05658,3.95299387,-178.763779,-1.45056152,-8.202066,-0.01000005,-4.048947,-178.715942,0.0,0.0,0.0,0.0,0.0,0.0
71.95838,DATA,1,1,2,10,0,21.0391388,21.0391388,-8.19947,1.6254375,-3.05642414,4.019924,-178.671082,-1.51461792,-8.202066,-0.01000005,-4.048947,-178.715942,0.0,0.0,0.0,0.0,0.0,0.0
72.01348,DATA,1,1,2,10,0,21.0942383,21.0942383,-8.198934,1.62523818,-3.05634427,4.05741835,-178.701172,-1.52218628,-8.202066,-0.01000005,-4.048947,-178.715942,0.0,0.0,0.0,0.0,0.0,0.0
72.06916,DATA,1,1,2,10,0,21.1499176,21.1499176,-8.198331,1.62532425,-3.056422,4.023535,-178.74292,-1.40203857,-8.202066,-0.01000005,-4.048947,-178.715942,0.0,0.0,0.0,0.0,0.0,0.0
72.12523,DATA,1,1,2,10,0,21.205986,21.205986,-8.197725,1.6254549,-3.05628014,4.02388668,-178.7559,-1.26318359,-8.202066,-0.01000005,-4.048947,-178.715942,0.0,0.0,0.0,0.0,0.0,0.0
72.18057,DATA,1,1,2,10,0,21.26133,21.26133,-8.197249,1.62524891,-3.05644774,3.96910572,-178.733948,-1.16769409,-8.202066,-0.01000005,-4.048947,-178.715942,0.0,0.0,0.0,0.0,0.0,0.0
72.23675,DATA,1,1,2,10,0,21.3175049,21.3175049,-8.197032,1.62509966,-3.056249,4.10733175,-178.422791,-0.999053955,-8.202066,-0.01000005,-4.048947,-178.715942,0.0,0.0,0.0,0.0,0.0,0.0
72.29136,DATA,1,1,2,10,0,21.3721161,21.3721161,-8.197459,1.62433958,-3.056584,4.515637,-177.59964,-0.9809265,-8.202066,-0.01000005,-4.048947,-178.715942,0.0,0.0,0.0,0.0,0.0,0.0
72.3470154,DATA,1,1,2,10,0,21.4277725,21.4277725,-8.198333,1.623301,-3.05670977,4.987196,-176.447342,-0.97946167,-8.202066,-0.01000005,-4.048947,-178.715942,0.0,0.0,0.0,0.0,0.0,0.0
72.40235,DATA,1,1,2,10,0,21.4831085,21.4831085,-8.199869,1.62288928,-3.05733538,5.525609,-174.668411,-0.69039917,-8.202066,-0.01000005,-4.048947,-178.715942,0.0,0.0,0.0,0.0,0.0,0.0
72.45876,DATA,1,1,2,10,0,21.53952,21.53952,-8.201544,1.62288356,-3.057159,5.820502,-172.6792,-0.6923218,-8.202066,-0.01000005,-4.048947,-178.715942,0.0,0.0,0.0,0.0,0.0,0.0
72.51435,DATA,1,1,2,10,0,21.595108,21.595108,-8.203258,1.62266922,-3.05679965,6.232451,-170.669342,-0.283203125,-8.202066,-0.01000005,-4.048947,-178.715942,0.0,0.0,0.0,0.0,0.0,0.0
72.5690842,DATA,1,1,2,10,0,21.6498413,21.6498413,-8.205391,1.62241888,-3.05587029,6.610312,-168.661011,-0.14932251,-8.202066,-0.01000005,-4.048947,-178.715942,0.0,0.0,0.0,0.0,0.0,0.0
72.62489,DATA,1,1,2,10,0,21.70565,21.70565,-8.207465,1.62216735,-3.05472255,6.92187,-166.806824,0.118402116,-8.202066,-0.01000005,-4.048947,-178.715942,0.0,0.0,0.0,0.0,0.0,0.0
72.68074,DATA,1,1,2,10,0,21.7614975,21.7614975,-8.209079,1.62187624,-3.05424142,6.71601772,-165.607834,0.263016373,-8.202066,-0.01000005,-4.048947,-178.715942,0.0,0.0,0.0,0.0,0.0,0.0
72.73629,DATA,1,1,2,10,0,21.8170471,21.8170471,-8.20994949,1.62255335,-3.05316257,6.331381,-164.9581,0.3563295,-8.202066,-0.01000005,-4.048947,-178.715942,0.0,0.0,0.0,0.0,0.0,0.0
72.79116,DATA,1,1,2,10,0,21.8719177,21.8719177,-8.210458,1.62361622,-3.05208087,5.86271334,-163.978912,0.34901163,-8.202066,-0.01000005,-4.048947,-178.715942,0.0,0.0,0.0,0.0,0.0,0.0
72.8468552,DATA,1,1,2,10,0,21.9276123,21.9276123,-8.211441,1.62415838,-3.05069041,5.518395,-162.690369,0.380447537,-8.202066,-0.01000005,-4.048947,-178.715942,0.0,0.0,0.0,0.0,0.0,0.0
72.90212,DATA,1,1,2,10,0,21.98288,21.98288,-8.213245,1.62432456,-3.04941034,5.09057665,-161.166336,0.308369845,-8.202066,-0.01000005,-4.048947,-178.715942,0.0,0.0,0.0,0.0,0.0,0.0
72.958374,DATA,1,1,2,10,0,22.0391312,22.0391312,-8.214911,1.62549877,-3.047841,4.122359,-159.7301,0.192015737,-8.202066,-0.01000005,-4.048947,-178.715942,0.0,0.0,0.0,0.0,0.0,0.0
73.01369,DATA,1,1,2,10,0,22.0944443,22.0944443,-8.216749,1.6274817,-3.04613757,2.6429112,-158.454575,0.445077449,-8.202066,-0.01000005,-4.048947,-178.715942,0.0,0.0,0.0,0.0,0.0,0.0
73.06866,DATA,1,1,2,10,0,22.1494141,22.1494141,-8.218369,1.63021564,-3.04422832,0.7603848,-156.921158,0.963908434,-8.202066,-0.01000005,-4.048947,-178.715942,0.0,0.0,0.0,0.0,0.0,0.0
73.1247559,DATA,1,1,2,10,0,22.205513,22.205513,-8.22038651,1.63282061,-3.04213738,-1.265564,-155.428329,1.40909135,-8.202066,-0.01000005,-4.048947,-178.715942,0.0,0.0,0.0,0.0,0.0,0.0
73.18059,DATA,1,1,2,10,0,22.2613449,22.2613449,-8.222327,1.63471651,-3.03957272,-2.77584839,-154.078445,1.74645245,-8.202066,-0.01000005,-4.048947,-178.715942,0.0,0.0,0.0,0.0,0.0,0.0
73.23578,DATA,1,1,2,10,0,22.3165359,22.3165359,-8.224302,1.63525414,-3.037146,-3.46502686,-152.772736,1.48735952,-8.202066,-0.01000005,-4.048947,-178.715942,0.0,0.0,0.0,0.0,0.0,0.0
73.29109,DATA,1,1,2,10,0,22.37185,22.37185,-8.226101,1.63511992,-3.03482223,-3.52746582,-151.709213,1.14574373,-8.202066,-0.01000005,-4.048947,-178.715942,0.0,0.0,0.0,0.0,0.0,0.0
73.34734,DATA,1,1,2,10,0,22.4281,22.4281,-8.227269,1.63478851,-3.03277516,-3.4822998,-151.261612,0.6540055,-8.202066,-0.01000005,-4.048947,-178.715942,0.0,0.0,0.0,0.0,0.0,0.0
73.4024658,DATA,1,1,2,10,0,22.483223,22.483223,-8.227738,1.634963,-3.03110576,-3.39987183,-151.302414,0.3921915,-8.202066,-0.01000005,-4.048947,-178.715942,0.0,0.0,0.0,0.0,0.0,0.0
73.4574051,DATA,1,1,2,10,0,22.5381622,22.5381622,-8.227804,1.6350987,-3.029493,-3.2930603,-151.671356,-0.0487060547,-8.202066,-0.01000005,-4.048947,-178.715942,0.0,0.0,0.0,0.0,0.0,0.0
73.51269,DATA,1,1,2,10,0,22.5934448,22.5934448,-8.228025,1.63500834,-3.02875018,-3.27740479,-152.363,-0.152893066,-8.202066,-0.01000005,-4.048947,-178.715942,0.0,0.0,0.0,0.0,0.0,0.0
73.56837,DATA,1,1,2,10,0,22.6491241,22.6491241,-8.227808,1.63505244,-3.027579,-3.28866577,-152.911926,-0.2669983,-8.202066,-0.01000005,-4.048947,-178.715942,0.0,0.0,0.0,0.0,0.0,0.0
73.62386,DATA,1,1,2,10,0,22.70462,22.70462,-8.227861,1.63511491,-3.02752948,-3.43563843,-153.412491,-0.4385376,-8.202066,-0.01000005,-4.048947,-178.715942,0.0,0.0,0.0,0.0,0.0,0.0
73.6797256,DATA,1,1,2,10,0,22.7604828,22.7604828,-8.227467,1.6354816,-3.02686071,-3.59594727,-153.733032,-0.495178223,-8.202066,-0.01000005,-4.048947,-178.715942,0.0,0.0,0.0,0.0,0.0,0.0
73.73499,DATA,1,1,2,10,0,22.81575,22.81575,-8.227707,1.63575578,-3.02735615,-3.747589,-153.9551,-0.531005859,-8.202066,-0.01000005,-4.048947,-178.715942,0.0,0.0,0.0,0.0,0.0,0.0
73.79015,DATA,1,1,2,10,0,22.87091,22.87091,-8.227268,1.63606477,-3.02704644,-3.959381,-154.012863,-0.471923828,-8.202066,-0.01000005,-4.048947,-178.715942,0.0,0.0,0.0,0.0,0.0,0.0
73.8460846,DATA,1,1,2,10,0,22.9268417,22.9268417,-8.226943,1.63599539,-3.027563,-4.23645,-154.251389,-0.411071777,-8.202066,-0.01000005,-4.048947,-178.715942,0.0,0.0,0.0,0.0,0.0,0.0
73.90145,DATA,1,1,2,10,0,22.9822083,22.9822083,-8.226161,1.636225,-3.02750754,-4.46182251,-154.627777,-0.4232788,-8.202066,-0.01000005,-4.048947,-178.715942,0.0,0.0,0.0,0.0,0.0,0.0
73.95713,DATA,1,1,2,10,0,23.0378876,23.0378876,-8.22524452,1.63658762,-3.02833271,-4.84594727,-155.55426,-0.363830566,-8.202066,-0.01000005,-4.048947,-178.715942,0.0,0.0,0.0,0.0,0.0,0.0
74.01251,DATA,1,1,2,10,0,23.09327,23.09327,-8.222869,1.63696241,-3.02909279,-5.17144775,-157.8707,-0.477355957,-8.202066,-0.01000005,-4.048947,-178.715942,0.0,0.0,0.0,0.0,0.0,0.0
74.06814,DATA,1,1,2,10,0,23.1488953,23.1488953,-8.220071,1.63739872,-3.03095555,-5.71933,-161.81958,-0.569152832,-8.202066,-0.01000005,-4.048947,-178.715942,0.0,0.0,0.0,0.0,0.0,0.0
74.1243744,DATA,1,1,2,10,0,23.2051315,23.2051315,-8.216785,1.63792634,-3.03230643,-6.31460571,-165.735519,-0.855102539,-8.202066,-0.01000005,-4.048947,-178.715942,0.0,0.0,0.0,0.0,0.0,0.0
74.17957,DATA,1,1,2,10,0,23.26033,23.26033,-8.214182,1.63862824,-3.03360415,-6.703247,-169.0378,-1.11590576,-8.202066,-0.01000005,-4.048947,-178.715942,0.0,0.0,0.0,0.0,0.0,0.0
74.2351151,DATA,1,1,2,10,0,23.3158722,23.3158722,-8.211784,1.63909221,-3.03478956,-7.20373535,-171.923676,-1.81826782,-8.202066,-0.01000005,-4.048947,-178.715942,0.0,0.0,0.0,0.0,0.0,0.0
74.29054,DATA,1,1,2,10,0,23.3713,23.3713,-8.20958,1.63954043,-3.03543234,-7.49115,-174.840729,-2.19271851,-8.202066,-0.01000005,-4.048947,-178.715942,0.0,0.0,0.0,0.0,0.0,0.0
74.34614,DATA,1,1,2,10,0,23.4268951,23.4268951,-8.208224,1.639601,-3.03628874,-7.791168,-176.992233,-2.44995117,-8.202066,-0.01000005,-4.048947,-178.715942,0.0,0.0,0.0,0.0,0.0,0.0
74.40165,DATA,1,1,2,10,0,23.4824066,23.4824066,-8.207289,1.63963509,-3.036834,-7.96795654,-178.277924,-2.828247,-8.202066,-0.01000005,-4.048947,-178.715942,0.0,0.0,0.0,0.0,0.0,0.0
74.45805,DATA,1,1,2,10,0,23.53881,23.53881,-8.20663452,1.6398654,-3.03698182,-8.067566,-179.025558,-3.15386963,-8.202066,-0.01000005,-4.048947,-178.715942,0.0,0.0,0.0,0.0,0.0,0.0
74.5131149,DATA,1,1,2,10,0,23.5938721,23.5938721,-8.206155,1.6400249,-3.0371542,-8.097809,-179.536972,-3.3460083,-8.202066,-0.01000005,-4.048947,-178.715942,0.0,0.0,0.0,0.0,0.0,0.0
74.56829,DATA,1,1,2,10,0,23.6490479,23.6490479,-8.205805,1.63979483,-3.03717685,-8.027344,-179.847183,-3.43862915,-8.202066,-0.01000005,-4.048947,-178.715942,0.0,0.0,0.0,0.0,0.0,0.0
74.62415,DATA,1,1,2,10,0,23.70491,23.70491,-8.205343,1.63952351,-3.03681326,-7.908325,179.970337,-3.42593384,-8.202066,-0.01000005,-4.048947,-178.715942,0.0,0.0,0.0,0.0,0.0,0.0
74.67949,DATA,1,1,2,10,0,23.7602463,23.7602463,-8.205059,1.63918567,-3.03643227,-7.743408,179.908585,-3.360077,-8.202066,-0.01000005,-4.048947,-178.715942,0.0,0.0,0.0,0.0,0.0,0.0
74.73553,DATA,1,1,2,10,0,23.8162842,23.8162842,-8.20504,1.638628,-3.03635168,-7.5765686,179.890839,-3.34136963,-8.202066,-0.01000005,-4.048947,-178.715942,0.0,0.0,0.0,0.0,0.0,0.0
74.7902145,DATA,1,1,2,10,0,23.8709717,23.8709717,-8.204853,1.63811159,-3.03633857,-7.407135,179.93866,-3.29797363,-8.202066,-0.01000005,-4.048947,-178.715942,0.0,0.0,0.0,0.0,0.0,0.0
74.84632,DATA,1,1,2,10,0,23.9270782,23.9270782,-8.207099,1.63776636,-3.16085982,-7.25235,179.840363,-3.11349487,-8.204862,-0.01000005,-4.173616,-178.715942,0.0,0.0,1.0,0.0,0.0,0.0
74.9021,DATA,1,1,2,10,0,23.9828568,23.9828568,-8.21053,1.6375947,-3.327556,-7.14779663,179.811722,-2.93396,-8.208595,-0.01000005,-4.340188,-178.715942,0.0,0.0,1.0,0.0,0.0,0.0
74.95829,DATA,1,1,2,10,0,24.0390472,24.0390472,-8.214046,1.63754869,-3.49810839,-7.01034546,179.808975,-2.82232666,-8.212409,-0.01000005,-4.51034832,-178.715942,0.0,0.0,1.0,0.0,0.0,0.0
75.01305,DATA,1,1,2,10,0,24.0938034,24.0938034,-8.217385,1.63731384,-3.66407681,-6.886902,179.796814,-2.68847656,-8.216128,-0.01000005,-4.676261,-178.715942,0.0,0.0,0.0,0.0,0.0,0.0
75.06805,DATA,1,1,2,10,0,24.1488037,24.1488037,-8.217035,1.63716745,-3.664241,-6.72061157,179.8638,-2.60009766,-8.216128,-0.01000005,-4.676261,-178.715942,0.0,0.0,0.0,0.0,0.0,0.0
75.12443,DATA,1,1,2,10,0,24.2051849,24.2051849,-8.216615,1.63695407,-3.664474,-6.583069,179.834641,-2.49880981,-8.216128,-0.01000005,-4.676261,-178.715942,0.0,0.0,0.0,0.0,0.0,0.0
75.1802,DATA,1,1,2,10,0,24.2609558,24.2609558,-8.216377,1.63699079,-3.66470361,-6.436981,-179.9935,-2.39889526,-8.216128,-0.01000005,-4.676261,-178.715942,0.0,0.0,0.0,0.0,0.0,0.0
75.2353058,DATA,1,1,2,10,0,24.3160629,24.3160629,-8.216158,1.63697481,-3.66492844,-6.378784,-179.7878,-2.36349487,-8.216128,-0.01000005,-4.676261,-178.715942,0.0,0.0,0.0,0.0,0.0,0.0
75.29059,DATA,1,1,2,10,0,24.3713455,24.3713455,-8.216021,1.63673234,-3.665241,-6.211853,-179.625443,-2.17581177,-8.216128,-0.01000005,-4.676261,-178.715942,0.0,0.0,0.0,0.0,0.0,0.0
75.34577,DATA,1,1,2,10,0,24.4265289,24.4265289,-8.216043,1.6366,-3.66558146,-6.055237,-179.247314,-2.009552,-8.216128,-0.01000005,-4.676261,-178.715942,0.0,0.0,0.0,0.0,0.0,0.0
75.40197,DATA,1,1,2,10,0,24.4827271,24.4827271,-8.215909,1.636339,-3.66622567,-5.959717,-178.943436,-1.84353638,-8.216128,-0.01000005,-4.676261,-178.715942,0.0,0.0,0.0,0.0,0.0,0.0
75.457695,DATA,1,1,2,10,0,24.5384521,24.5384521,-8.244351,1.63598919,-3.66720986,-5.789612,178.862762,-1.59408569,-8.216128,-0.01000005,-4.676261,179.6551,-0.872432649,0.04095584,0.0,0.0,0.0,0.0
75.51333,DATA,1,1,2,10,0,24.5940857,24.5940857,-8.329597,1.63545394,-3.67391086,-5.559723,173.840073,-1.38320923,-8.216128,-0.01000005,-4.676261,174.770432,-0.9985046,0.0543839931,0.0,0.0,0.0,0.0
75.567894,DATA,1,1,2,10,0,24.6486511,24.6486511,-8.414357,1.635371,-3.68764114,-5.398651,168.952118,-1.33654785,-8.216128,-0.01000005,-4.676261,169.8629,-0.9985046,0.0543839931,0.0,0.0,0.0,0.0
75.6237259,DATA,1,1,2,10,0,24.704483,24.704483,-8.498035,1.63532019,-3.708855,-5.30157471,163.878174,-1.29296875,-8.216128,-0.01000005,-4.676261,164.923462,-0.9970397,0.076357305,0.0,0.0,0.0,0.0
75.6797256,DATA,1,1,2,10,0,24.7604828,24.7604828,-8.552328,1.63508964,-3.72659755,-5.108551,161.485809,-1.31103516,-8.216128,-0.01000005,-4.676261,161.646454,0.0,0.0,0.0,0.0,0.0,0.0
75.73498,DATA,1,1,2,10,0,24.8157349,24.8157349,-8.551926,1.634702,-3.72697139,-4.925232,161.489441,-1.38677979,-8.216128,-0.01000005,-4.676261,161.646454,0.0,0.0,0.0,0.0,0.0,0.0
75.79004,DATA,1,1,2,10,0,24.8707962,24.8707962,-8.551508,1.63446069,-3.72752762,-4.7416687,161.521378,-1.39855957,-8.216128,-0.01000005,-4.676261,161.646454,0.0,0.0,0.0,0.0,0.0,0.0
75.84607,DATA,1,1,2,10,0,24.9268265,24.9268265,-8.5512495,1.63422728,-3.72794247,-4.597351,161.560837,-1.36932373,-8.216128,-0.01000005,-4.676261,161.646454,0.0,0.0,0.0,0.0,0.0,0.0
75.9013062,DATA,1,1,2,10,0,24.9820633,24.9820633,-8.551035,1.6341095,-3.72853971,-4.44778442,161.646133,-1.35354614,-8.216128,-0.01000005,-4.676261,161.646454,0.0,0.0,0.0,0.0,0.0,0.0
75.957634,DATA,1,1,2,10,0,25.0383911,25.0383911,-8.55104351,1.63402939,-3.72868967,-4.34677124,161.721039,-1.33554077,-8.216128,-0.01000005,-4.676261,161.646454,0.0,0.0,0.0,0.0,0.0,0.0
76.01196,DATA,1,1,2,10,0,25.09272,25.09272,-8.512021,1.63364553,-3.847142,-4.222168,161.735443,-1.33535767,-8.176919,-0.00999999,-4.794448,161.646454,0.0,0.0,1.0,0.0,0.0,0.0
76.0678,DATA,1,1,2,10,0,25.14856,25.14856,-8.460453,1.63329053,-4.00309,-3.98114014,161.796341,-1.34902954,-8.125168,-0.01000005,-4.950439,161.646454,0.0,0.0,1.0,0.0,0.0,0.0
76.1235,DATA,1,1,2,10,0,25.2042542,25.2042542,-8.408436,1.6328516,-4.16123962,-3.809021,161.862961,-1.41693115,-8.072837,-0.01000005,-5.10818,161.646454,0.0,0.0,1.0,0.0,0.0,0.0
76.1794,DATA,1,1,2,10,0,25.2601547,25.2601547,-8.355782,1.63259268,-4.32070351,-3.60568237,161.844116,-1.47369385,-8.019963,-0.01000005,-5.26755571,161.646454,0.0,0.0,0.0,0.0,0.0,0.0
76.23463,DATA,1,1,2,10,0,25.3153839,25.3153839,-8.355972,1.63230133,-4.32134867,-3.46206665,161.768509,-1.57318115,-8.019963,-0.01000005,-5.26755571,161.646454,0.0,0.0,0.0,0.0,0.0,0.0
76.28996,DATA,1,1,2,10,0,25.37072,25.37072,-8.356063,1.63216472,-4.32157326,-3.34301758,161.687744,-1.6282959,-8.019963,-0.01000005,-5.26755571,161.646454,0.0,0.0,0.0,0.0,0.0,0.0
76.345665,DATA,1,1,2,10,0,25.4264221,25.4264221,-8.356151,1.63188791,-4.32218361,-3.192749,161.6857,-1.661499,-8.019963,-0.01000005,-5.26755571,161.646454,0.0,0.0,0.0,0.0,0.0,0.0
76.40135,DATA,1,1,2,10,0,25.48211,25.48211,-8.35635948,1.63174629,-4.322819,-3.0614624,161.787811,-1.76623535,-8.019963,-0.01000005,-5.26755571,161.646454,0.0,0.0,0.0,0.0,0.0,0.0
76.45725,DATA,1,1,2,10,0,25.53801,25.53801,-8.356524,1.63143778,-4.32342243,-2.91439819,161.8483,-1.81219482,-8.019963,-0.01000005,-5.26755571,161.646454,0.0,0.0,0.0,0.0,0.0,0.0
76.512,DATA,1,1,2,10,0,25.5927582,25.5927582,-8.356671,1.631046,-4.324073,-2.75476074,161.931091,-1.88058472,-8.019963,-0.01000005,-5.26755571,161.646454,0.0,0.0,0.0,0.0,0.0,0.0
76.5680161,DATA,1,1,2,10,0,25.6487732,25.6487732,-8.356781,1.630826,-4.32451725,-2.59439087,161.970184,-1.91589355,-8.019963,-0.01000005,-5.26755571,161.646454,0.0,0.0,0.0,0.0,0.0,0.0
76.6237,DATA,1,1,2,10,0,25.70446,25.70446,-8.394449,1.63038993,-4.33975363,-2.50576782,159.098724,-1.980133,-8.019963,-0.01000005,-5.26755571,159.332016,-0.69795835,-0.123630524,0.0,0.0,0.0,0.0
76.67895,DATA,1,1,2,10,0,25.7597046,25.7597046,-8.445938,1.63030434,-4.3623147,-2.401123,156.447662,-2.03009033,-8.019963,-0.01000005,-5.26755571,156.112244,0.0,0.0,0.0,0.0,0.0,0.0
76.73476,DATA,1,1,2,10,0,25.8155136,25.8155136,-8.445572,1.63006,-4.362667,-2.264862,156.414581,-1.99154663,-8.019963,-0.01000005,-5.26755571,156.112244,0.0,0.0,0.0,0.0,0.0,0.0
76.7899857,DATA,1,1,2,10,0,25.8707428,25.8707428,-8.445198,1.62994218,-4.36284256,-2.16241455,156.40538,-1.95205688,-8.019963,-0.01000005,-5.26755571,156.112244,0.0,0.0,0.0,0.0,0.0,0.0
76.84589,DATA,1,1,2,10,0,25.9266434,25.9266434,-8.394152,1.62977386,-4.47738,-2.06222534,156.387268,-1.88275146,-7.96934271,-0.01000005,-5.38185263,156.112244,0.0,0.0,1.0,0.0,0.0,0.0
76.90138,DATA,1,1,2,10,0,25.98214,25.98214,-8.325995,1.62982917,-4.6305294,-1.91998291,156.4435,-1.87612915,-7.9015317,-0.01000005,-5.534965,156.112244,0.0,0.0,1.0,0.0,0.0,0.0
76.95764,DATA,1,1,2,10,0,26.0383987,26.0383987,-8.257747,1.62966537,-4.78388357,-1.82992554,156.441315,-1.85437012,-7.8337,-0.01000005,-5.688123,156.112244,0.0,0.0,1.0,0.0,0.0,0.0
77.0124,DATA,1,1,2,10,0,26.0931549,26.0931549,-8.206794,1.62952089,-4.89782238,-1.718689,156.360382,-1.78082275,-7.783181,-0.01000005,-5.802192,156.112244,0.0,0.0,0.0,0.0,0.0,0.0
77.0679,DATA,1,1,2,10,0,26.1486588,26.1486588,-8.206263,1.62943864,-4.897816,-1.62341309,156.231232,-1.70367432,-7.783181,-0.01000005,-5.802192,156.112244,0.0,0.0,0.0,0.0,0.0,0.0
77.12347,DATA,1,1,2,10,0,26.2042236,26.2042236,-8.205716,1.6293416,-4.897661,-1.470398,156.090363,-1.61914063,-7.783181,-0.01000005,-5.802192,156.112244,0.0,0.0,0.0,0.0,0.0,0.0
77.17933,DATA,1,1,2,10,0,26.2600861,26.2600861,-8.204993,1.62905192,-4.89746857,-1.204956,155.921768,-1.43777466,-7.783181,-0.01000005,-5.802192,156.112244,0.0,0.0,0.0,0.0,0.0,0.0
77.23495,DATA,1,1,2,10,0,26.3157043,26.3157043,-8.204081,1.62863326,-4.8973217,-0.7998047,155.642761,-1.2492981,-7.783181,-0.01000005,-5.802192,156.112244,0.0,0.0,0.0,0.0,0.0,0.0
77.29002,DATA,1,1,2,10,0,26.37078,26.37078,-8.202946,1.6275003,-4.897154,-0.125305176,155.189468,-1.04092407,-7.783181,-0.01000005,-5.802192,156.112244,0.0,0.0,0.0,0.0,0.0,0.0
77.34546,DATA,1,1,2,10,0,26.4262161,26.4262161,-8.20169,1.62605166,-4.89717245,0.9274495,154.643951,-0.889129639,-7.783181,-0.01000005,-5.802192,156.112244,0.0,0.0,0.0,0.0,0.0,0.0
77.40146,DATA,1,1,2,10,0,26.4822159,26.4822159,-8.200205,1.624223,-4.897187,1.69685006,154.059387,-0.437530518,-7.783181,-0.01000005,-5.802192,156.112244,0.0,0.0,0.0,0.0,0.0,0.0
77.45692,DATA,1,1,2,10,0,26.537674,26.537674,-8.198445,1.6235311,-4.897412,2.273016,153.524155,-0.26361084,-7.783181,-0.01000005,-5.802192,156.112244,0.0,0.0,0.0,0.0,0.0,0.0
77.51218,DATA,1,1,2,10,0,26.5929337,26.5929337,-8.196967,1.62329936,-4.897726,2.46039844,153.226334,-0.06491089,-7.783181,-0.01000005,-5.802192,156.112244,0.0,0.0,0.0,0.0,0.0,0.0
77.56778,DATA,1,1,2,10,0,26.6485367,26.6485367,-8.195752,1.62297225,-4.89830256,2.58976436,153.123169,0.09097769,-7.783181,-0.01000005,-5.802192,156.112244,0.0,0.0,0.0,0.0,0.0,0.0
77.62348,DATA,1,1,2,10,0,26.7042389,26.7042389,-8.179354,1.62279892,-4.933663,2.759092,153.061508,0.170027763,-7.767761,-0.00999999,-5.837009,156.112244,0.0,0.0,1.0,0.0,0.0,0.0
77.67915,DATA,1,1,2,10,0,26.75991,26.75991,-8.110167,1.62215924,-5.08906031,3.05719423,153.2033,0.152456075,-7.699254,-0.01000005,-5.991694,156.112244,0.0,0.0,1.0,0.0,0.0,0.0
77.7344742,DATA,1,1,2,10,0,26.8152313,26.8152313,-8.040945,1.62161565,-5.24453974,3.4375248,153.2117,0.176232174,-7.63074732,-0.00999999,-6.14637756,156.112244,0.0,0.0,1.0,0.0,0.0,0.0
77.78972,DATA,1,1,2,10,0,26.8704758,26.8704758,-7.973637,1.621028,-5.39589,3.72384357,153.154251,0.166306257,-7.564078,-0.01000005,-6.296912,156.112244,0.0,0.0,1.0,0.0,0.0,0.0
77.84616,DATA,1,1,2,10,0,26.926918,26.926918,-7.905864,1.6206665,-5.548191,3.9317565,153.024475,0.1374795,-7.496999,-0.01000005,-6.448372,156.112244,0.0,0.0,1.0,0.0,0.0,0.0
77.9017944,DATA,1,1,2,10,0,26.9825516,26.9825516,-7.83766365,1.62023544,-5.70162868,4.1039443,152.878281,0.1430296,-7.42939663,-0.01000005,-6.601013,156.112244,0.0,0.0,1.0,0.0,0.0,0.0
77.9566345,DATA,1,1,2,10,0,27.0373917,27.0373917,-7.76989651,1.61996865,-5.85464668,4.29092026,152.876785,0.0539872,-7.361974,-0.01000005,-6.753249,156.112244,0.0,0.0,1.0,0.0,0.0,0.0
78.01266,DATA,1,1,2,10,0,27.0934143,27.0934143,-7.730533,1.61973476,-6.02481747,4.391657,150.029175,-0.0372619629,-7.29270363,-0.00999999,-6.9082675,154.151764,-0.9348125,-0.3551439,1.0,0.0,0.0,0.0
78.06777,DATA,1,1,2,10,0,27.14853,27.14853,-7.72380352,1.619272,-6.208501,4.455665,145.3312,-0.10546875,-7.21679354,-0.01000005,-7.053638,149.551422,-0.9348125,-0.3551439,1.0,0.0,0.0,0.0
78.12431,DATA,1,1,2,10,0,27.20507,27.20507,-7.70194,1.61909473,-6.39454842,4.576334,140.528214,-0.128234863,-7.127714,-0.00999999,-7.19506073,144.853516,-0.942869365,-0.333201051,1.0,0.0,0.0,0.0
78.1787949,DATA,1,1,2,10,0,27.259552,27.259552,-7.666283,1.61883068,-6.57805347,4.692069,135.839127,-0.191680908,-7.02761745,-0.01000005,-7.3282795,140.095581,-0.968627,-0.248329163,1.0,0.0,0.0,0.0
78.2345,DATA,1,1,2,10,0,27.3152542,27.3152542,-7.616883,1.61872029,-6.75795031,4.72324657,131.1231,-0.209198,-6.91756153,-0.01000005,-7.45177,135.284988,-0.969298363,-0.245887637,1.0,0.0,0.0,0.0
78.2896042,DATA,1,1,2,10,0,27.3703613,27.3703613,-7.55109,1.61847472,-6.93251944,4.71865225,126.734505,-0.207214355,-6.796776,-0.01000005,-7.566272,130.56691,-0.6508072,-0.161412358,1.0,0.0,0.0,0.0
78.3453,DATA,1,1,2,10,0,27.4260559,27.4260559,-7.441039,1.61863327,-7.05803537,4.642245,125.794792,-0.1817627,-6.669845,-0.01000005,-7.67130327,129.038834,0.0,0.0,1.0,0.0,0.0,0.0
78.40135,DATA,1,1,2,10,0,27.48211,27.48211,-7.31164,1.61869168,-7.162913,4.557921,125.795532,-0.132659912,-6.5401125,-0.00999999,-7.776504,129.038834,0.0,0.0,1.0,0.0,0.0,0.0
78.45698,DATA,1,1,2,10,0,27.537735,27.537735,-7.1947813,1.61877775,-7.2862587,4.505185,123.948349,-0.1159668,-6.409271,-0.01000005,-7.88201427,127.720482,-0.563524246,-0.1260109,1.0,0.0,0.0,0.0
78.51186,DATA,1,1,2,10,0,27.59262,27.59262,-7.08250475,1.61870146,-7.41464043,4.51559925,122.359619,-0.155181885,-6.27539063,-0.01000005,-7.981697,125.647591,0.0,0.0,1.0,0.0,0.0,0.0
78.5672,DATA,1,1,2,10,0,27.6479568,27.6479568,-6.94746256,1.61855567,-7.511471,4.48212147,122.27301,-0.191436768,-6.140143,-0.00999999,-8.078695,125.647591,0.0,0.0,1.0,0.0,0.0,0.0
78.62314,DATA,1,1,2,10,0,27.7038956,27.7038956,-6.812869,1.61844516,-7.60791063,4.473591,122.221268,-0.154785156,-6.00529575,-0.01000005,-8.1754055,125.647591,0.0,0.0,1.0,0.0,0.0,0.0
78.67875,DATA,1,1,2,10,0,27.7595062,27.7595062,-6.67792654,1.61848187,-7.704324,4.477048,121.338966,-0.0545349121,-5.870317,-0.00999999,-8.27221,125.647591,-0.921384335,-0.388622642,1.0,0.0,0.0,0.0
78.7339249,DATA,1,1,2,10,0,27.814682,27.814682,-6.58211946,1.61863208,-7.86459,4.36275625,116.689095,0.07421161,-5.73114157,-0.01000005,-8.365767,121.013962,-0.9205908,-0.390545368,1.0,0.0,0.0,0.0
78.7887955,DATA,1,1,2,10,0,27.8695526,27.8695526,-6.47581,1.61886477,-8.013972,4.273587,112.03933,0.196545109,-5.58742857,-0.01000005,-8.446436,116.452415,-0.935636461,-0.35294652,1.0,0.0,0.0,0.0
78.84513,DATA,1,1,2,10,0,27.9258881,27.9258881,-6.35798836,1.61904407,-8.156206,4.170957,107.15023,0.251745284,-5.437245,-0.01000005,-8.515538,111.786957,-0.9432356,-0.3320719,1.0,0.0,0.0,0.0
78.9004059,DATA,1,1,2,10,0,27.981163,27.981163,-6.228053,1.61907291,-8.289881,4.10428,102.351059,0.2539169,-5.2805624,-0.01000005,-8.572622,107.06546,-0.9436323,-0.33094275,1.0,0.0,0.0,0.0
78.95614,DATA,1,1,2,10,0,28.0368958,28.0368958,-6.08693647,1.61909,-8.412874,4.06069756,97.53398,0.280305,-5.11926031,-0.01000011,-8.616721,102.330818,-0.9432356,-0.3320719,1.0,0.0,0.0,0.0
79.01084,DATA,1,1,2,10,0,28.0915985,28.0915985,-5.93733454,1.61920333,-8.523049,4.07025337,92.8460846,0.3371129,-4.95589972,-0.01000005,-8.647198,97.62763,-0.942869365,-0.333201051,1.0,0.0,0.0,0.0
79.06664,DATA,1,1,2,10,0,28.1474,28.1474,-5.77938652,1.61933792,-8.62048,3.96809459,88.14579,0.38953793,-4.79090834,-0.01000011,-8.664158,92.94213,-0.9352092,-0.354014754,1.0,0.0,0.0,0.0
79.12232,DATA,1,1,2,10,0,28.20308,28.20308,-5.614301,1.619439,-8.704051,3.98125029,83.46425,0.4431841,-4.62513351,-0.01000011,-8.667629,88.2985,-0.931821644,-0.3628651,1.0,0.0,0.0,0.0
79.17705,DATA,1,1,2,10,0,28.2578049,28.2578049,-5.442382,1.61951375,-8.774246,4.019103,78.9666061,0.474137425,-4.45910025,-0.01000005,-8.657635,83.6493454,-0.9310587,-0.364848733,1.0,0.0,0.0,0.0
79.2325,DATA,1,1,2,10,0,28.3132553,28.3132553,-5.26572227,1.61949778,-8.830116,4.036601,74.3476944,0.447406948,-4.294628,-0.01000005,-8.634253,79.00799,-0.9310587,-0.364848733,1.0,0.0,0.0,0.0
79.2883148,DATA,1,1,2,10,0,28.369072,28.369072,-5.08251429,1.61944461,-8.872118,4.057958,69.70429,0.417970747,-4.13053751,-0.01000005,-8.597114,74.30746,-0.9310587,-0.364848733,1.0,0.0,0.0,0.0
79.3443146,DATA,1,1,2,10,0,28.4250717,28.4250717,-4.899017,1.61939538,-8.89870548,4.085793,65.05116,0.392982334,-3.97223425,-0.01000011,-8.547414,69.6717758,-0.9310587,-0.364848733,1.0,0.0,0.0,0.0
79.3995,DATA,1,1,2,10,0,28.4802551,28.4802551,-4.712501,1.61930418,-8.910427,4.17661858,60.40556,0.401379079,-3.817219,-0.01000005,-8.484531,64.998024,-0.9310587,-0.364848733,1.0,0.0,0.0,0.0
79.45563,DATA,1,1,2,10,0,28.5363846,28.5363846,-4.525813,1.61917281,-8.906961,4.23770666,55.7310371,0.452897459,-3.66804862,-0.01000011,-8.409338,60.3307877,-0.9310587,-0.364848733,1.0,0.0,0.0,0.0
79.5108643,DATA,1,1,3,10,0,28.5916214,28.5916214,-4.375255,1.619142,-8.91299,4.309689,51.1056824,0.38885,-3.56160235,-0.01000005,-8.345825,55.58262,-0.9310587,-0.364848733,0.0,0.0,0.0,0.0
79.5663452,DATA,1,1,3,10,0,28.6471024,28.6471024,-4.328074,1.61903024,-8.975615,4.390878,46.4927,0.340106666,-3.56160235,-0.01000005,-8.345825,51.067852,-0.9310587,-0.364848733,0.0,0.0,0.0,0.0
79.62172,DATA,1,1,3,10,0,28.7024765,28.7024765,-4.274458,1.6186707,-9.035995,4.492358,41.7568665,0.2697761,-3.56160235,-0.01000005,-8.345825,46.4158249,-0.9310587,-0.364848733,0.0,0.0,0.0,0.0
79.67752,DATA,1,1,3,10,0,28.7582779,28.7582779,-4.214869,1.61847782,-9.092832,4.616377,37.131752,0.165195778,-3.56160235,-0.01000005,-8.345825,41.680378,-0.9310587,-0.364848733,0.0,0.0,0.0,0.0
79.73201,DATA,1,1,3,10,0,28.812767,28.812767,-4.152896,1.61822438,-9.142728,4.65522432,32.5928078,0.104835726,-3.56160235,-0.01000005,-8.345825,37.1121635,-0.9310587,-0.364848733,0.0,0.0,0.0,0.0
79.78781,DATA,1,1,3,10,0,28.8685684,28.8685684,-4.085553,1.61822248,-9.188415,4.681972,28.0386848,0.08249499,-3.56160235,-0.01000005,-8.345825,32.4342041,-0.9310587,-0.364848733,0.0,0.0,0.0,0.0
79.8443146,DATA,1,1,3,10,0,28.9250717,28.9250717,-4.01541948,1.61817694,-9.227872,4.722492,23.4854774,0.0702906549,-3.56160235,-0.01000005,-8.345825,27.8024464,-0.9310587,-0.364848733,0.0,0.0,0.0,0.0
79.89877,DATA,1,1,3,10,0,28.97953,28.97953,-3.941547,1.61800575,-9.261805,4.79028654,19.1360226,0.04331093,-3.56160235,-0.01000005,-8.345825,23.12656,-0.9310587,-0.364848733,0.0,0.0,0.0,0.0
79.95413,DATA,1,1,3,10,0,29.03489,29.03489,-3.86583233,1.61772275,-9.28923,4.907399,14.5747833,0.0428747721,-3.56160235,-0.01000005,-8.345825,18.4814682,-0.940488935,-0.339854121,0.0,0.0,0.0,0.0
80.0096741,DATA,1,1,3,10,0,29.0904312,29.0904312,-3.83132815,1.61750865,-9.299245,5.056069,13.4156418,-0.04547119,-3.56160235,-0.01000005,-8.345825,16.4168072,0.0,0.0,0.0,0.0,0.0,0.0
80.06615,DATA,1,1,3,10,0,29.146904,29.146904,-3.83112049,1.61732578,-9.298775,5.186405,13.5014219,-0.0920410156,-3.56160235,-0.01000005,-8.345825,16.4168072,0.0,0.0,0.0,0.0,0.0,0.0
80.1212845,DATA,1,1,3,10,0,29.2020416,29.2020416,-3.8308804,1.61705518,-9.298309,5.30496931,13.611907,-0.140991211,-3.56160235,-0.01000005,-8.345825,16.4168072,0.0,0.0,0.0,0.0,0.0,0.0
80.17678,DATA,1,1,3,10,0,29.2575378,29.2575378,-3.80711913,1.61691523,-9.218205,5.33676243,13.6628036,-0.148742676,-3.53813362,-0.01000005,-8.266171,16.4168072,0.0,0.0,1.0,0.0,0.0,0.0
80.2324448,DATA,1,1,3,10,0,29.3132019,29.3132019,-3.75940061,1.61696827,-9.057,5.290886,13.7380638,-0.221435547,-3.49076319,-0.01000011,-8.105394,16.4168072,0.0,0.0,1.0,0.0,0.0,0.0
80.28827,DATA,1,1,3,10,0,29.3690262,29.3690262,-3.71281075,1.617105,-8.8995285,5.248488,13.7539024,-0.230682373,-3.4444623,-0.01000005,-7.948248,16.4168072,0.0,0.0,1.0,0.0,0.0,0.0
80.34359,DATA,1,1,3,10,0,29.4243469,29.4243469,-3.66537237,1.61721516,-8.738623,5.16565132,13.7234287,-0.218994141,-3.397097,-0.01000005,-7.787489,16.4168072,0.0,0.0,1.0,0.0,0.0,0.0
80.398674,DATA,1,1,3,10,0,29.4794312,29.4794312,-3.61749744,1.617341,-8.576512,5.08841753,13.6968756,-0.2345581,-3.34936976,-0.00999999,-7.625501,16.4168072,0.0,0.0,1.0,0.0,0.0,0.0
80.45501,DATA,1,1,3,10,0,29.5357666,29.5357666,-3.570461,1.617075,-8.417594,5.07052851,13.703227,-0.2695923,-3.30248928,-0.01000005,-7.46638727,16.4168072,0.0,0.0,1.0,0.0,0.0,0.0
80.50995,DATA,1,1,3,10,0,29.5907059,29.5907059,-3.5231142,1.61702323,-8.25764,5.086782,13.814106,-0.325073242,-3.255339,-0.01000005,-7.306357,16.4168072,0.0,0.0,1.0,0.0,0.0,0.0
80.56524,DATA,1,1,3,10,0,29.6459961,29.6459961,-3.476826,1.61701155,-8.101122,5.053477,13.9118347,-0.334411621,-3.20911741,-0.01000011,-7.14948,16.4168072,0.0,0.0,1.0,0.0,0.0,0.0
80.62128,DATA,1,1,3,10,0,29.702034,29.702034,-3.42938757,1.61718726,-7.94015646,4.904653,13.9106274,-0.335479736,-3.16162968,-0.01000005,-6.98830557,16.4168072,0.0,0.0,1.0,0.0,0.0,0.0
80.6763153,DATA,1,1,3,10,0,29.7570724,29.7570724,-3.38218546,1.61744952,-7.77997065,4.68990374,13.9375267,-0.244689941,-3.11431885,-0.01000005,-6.82773066,16.4168072,0.0,0.0,1.0,0.0,0.0,0.0
80.73257,DATA,1,1,3,10,0,29.813324,29.813324,-3.33475637,1.61803114,-7.61857939,4.378158,13.97306,-0.1461792,-3.06667781,-0.01000011,-6.66603565,16.4168072,0.0,0.0,1.0,0.0,0.0,0.0
80.7883759,DATA,1,1,3,10,0,29.869133,29.869133,-3.28784513,1.618527,-7.45932245,3.97635722,14.02497,-0.0587768555,-3.019661,-0.01000011,-6.506459,16.4168072,0.0,0.0,1.0,0.0,0.0,0.0
80.8440552,DATA,1,1,3,10,0,29.9248123,29.9248123,-3.24104071,1.61897624,-7.30047226,3.77684331,14.1091442,0.0685695857,-2.972746,-0.01000011,-6.34722757,16.4168072,0.0,0.0,1.0,0.0,0.0,0.0
80.89944,DATA,1,1,3,10,0,29.9801941,29.9801941,-3.193322,1.6190002,-7.1390934,3.68888664,14.2550974,0.07623631,-2.925089,-0.01000005,-6.18547773,16.4168072,0.0,0.0,1.0,0.0,0.0,0.0
80.95526,DATA,1,1,3,10,0,30.0360184,30.0360184,-3.17034817,1.61882436,-7.062118,3.67250061,14.4006739,0.121007338,-2.90233326,-0.01000011,-6.108245,16.4168072,0.0,0.0,0.0,0.0,0.0,0.0
81.0104,DATA,1,1,3,10,0,30.091156,30.091156,-3.17000985,1.61875761,-7.062282,3.7830143,14.61585,0.149719849,-2.90233326,-0.01000011,-6.108245,16.4168072,0.0,0.0,0.0,0.0,0.0,0.0
81.0657,DATA,1,1,3,10,0,30.1464539,30.1464539,-3.16958737,1.618637,-7.06248474,3.87087274,14.8461246,0.1606987,-2.90233326,-0.01000011,-6.108245,16.4168072,0.0,0.0,0.0,0.0,0.0,0.0
81.12203,DATA,1,1,3,10,0,30.20279,30.20279,-3.169192,1.61845458,-7.06264162,3.9545362,15.0945206,0.205290675,-2.90233326,-0.01000011,-6.108245,16.4168072,0.0,0.0,0.0,0.0,0.0,0.0
81.1773148,DATA,1,1,3,10,0,30.2580719,30.2580719,-3.168893,1.618334,-7.06295633,4.12030029,15.4426546,0.323137254,-2.90233326,-0.01000011,-6.108245,16.4168072,0.0,0.0,0.0,0.0,0.0,0.0
81.23247,DATA,1,1,3,10,0,30.3132248,30.3132248,-3.1873467,1.61814916,-7.05752659,4.223755,16.7931728,0.336504072,-2.90233326,-0.01000011,-6.108245,17.54955,0.0,0.0,0.0,0.0,0.0,0.0
81.2874756,DATA,1,1,3,10,0,30.3682327,30.3682327,-3.187109,1.61806667,-7.057485,4.2992816,16.9630318,0.417731136,-2.90233326,-0.01000011,-6.108245,17.54955,0.0,0.0,0.0,0.0,0.0,0.0
81.3435,DATA,1,1,3,10,0,30.4242554,30.4242554,-3.18685126,1.61809111,-7.05741644,4.36100435,17.04108,0.435750365,-2.90233326,-0.01000011,-6.108245,17.54955,0.0,0.0,0.0,0.0,0.0,0.0
81.3997345,DATA,1,1,3,10,0,30.4804916,30.4804916,-3.18668771,1.61808956,-7.0572257,4.42322,17.0390339,0.3985152,-2.90233326,-0.01000011,-6.108245,17.54955,0.0,0.0,0.0,0.0,0.0,0.0
81.4547958,DATA,1,1,3,10,0,30.535553,30.535553,-3.1865437,1.61798131,-7.05699444,4.470184,16.9444256,0.383938134,-2.90233326,-0.01000011,-6.108245,17.54955,0.0,0.0,0.0,0.0,0.0,0.0
81.51032,DATA,1,1,3,10,0,30.59108,30.59108,-3.1863544,1.61776316,-7.05667448,4.59452,16.9013042,0.265102983,-2.90233326,-0.01000011,-6.108245,17.54955,0.0,0.0,0.0,0.0,0.0,0.0
81.56635,DATA,1,1,3,10,0,30.64711,30.64711,-3.14919782,1.61757183,-6.93914747,4.71635962,16.8499165,0.190333217,-2.86525583,-0.01000005,-5.99100351,17.54955,0.0,0.0,1.0,0.0,0.0,0.0
81.6216,DATA,1,1,3,10,0,30.7023544,30.7023544,-3.09832215,1.61723828,-6.77782345,4.85998249,16.86526,0.170374,-2.814369,-0.01000005,-5.83009624,17.54955,0.0,0.0,1.0,0.0,0.0,0.0
81.67764,DATA,1,1,3,10,0,30.7584,30.7584,-3.04803634,1.61702442,-6.618218,5.02528954,16.9610786,0.222231686,-2.76402855,-0.01000005,-5.67091751,17.54955,0.0,0.0,1.0,0.0,0.0,0.0
81.7328,DATA,1,1,3,10,0,30.81356,30.81356,-2.996965,1.616775,-6.45641327,5.220955,17.16109,0.2754953,-2.71300268,-0.00999999,-5.509571,17.54955,0.0,0.0,1.0,0.0,0.0,0.0
81.7881851,DATA,1,1,3,10,0,30.8689423,30.8689423,-2.94709969,1.61644125,-6.29859543,5.379061,17.3818989,0.395983964,-2.66326833,-0.01000005,-5.35230827,17.54955,0.0,0.0,1.0,0.0,0.0,0.0
81.84423,DATA,1,1,3,10,0,30.9249878,30.9249878,-2.8965795,1.61638832,-6.139614,5.48391342,17.5769329,0.5786758,-2.61327982,-0.01000005,-5.19424152,17.54955,0.0,0.0,1.0,0.0,0.0,0.0
81.89988,DATA,1,1,3,10,0,30.9806366,30.9806366,-2.84485483,1.61629975,-5.977523,6.171225,17.7784252,0.9626202,-2.56232142,-0.01000011,-5.033108,17.54955,0.0,0.0,1.0,0.0,0.0,0.0
81.9557953,DATA,1,1,3,10,0,31.0365524,31.0365524,-2.81752968,1.61767,-5.89564943,8.595356,18.3898277,1.4929527,-2.5374217,-0.01000005,-4.95437336,17.54955,0.58018744,-0.203588963,0.0,0.0,0.0,0.0
82.01071,DATA,1,1,3,10,0,31.0914688,31.0914688,-2.876943,1.62127233,-5.866533,13.376977,22.6829987,2.90708041,-2.5374217,-0.01000005,-4.95437336,21.5049858,0.923978448,-0.349070668,0.0,0.0,0.0,0.0
82.06573,DATA,1,1,3,10,0,31.1464844,31.1464844,-2.9399364,1.62443256,-5.824245,19.486845,26.6677475,5.30177832,-2.5374217,-0.01000005,-4.95437336,26.057415,0.925229669,-0.379314542,0.0,0.0,0.0,0.0
82.1209,DATA,1,1,3,10,0,31.20166,31.20166,-2.99615145,1.625766,-5.77232742,26.6731129,28.7170429,5.658007,-2.5374217,-0.01000005,-4.95437336,30.6565266,0.9124119,-0.3906064,0.0,0.0,0.0,0.0
82.17554,DATA,1,1,3,10,0,31.2562943,31.2562943,-3.04396939,1.62177873,-5.715919,35.30333,31.4599533,6.48282957,-2.5374217,-0.01000005,-4.95437336,35.04932,0.7097995,-0.336466551,0.0,0.0,0.0,0.0
82.23353,DATA,1,1,3,10,0,31.3142853,31.3142853,-3.05360341,1.608217,-5.680078,43.19907,29.8981457,6.02742624,-2.5374217,-0.01000005,-4.95437336,36.609726,0.0,0.0,0.0,0.0,0.0,0.0
82.29185,DATA,1,1,3,10,0,31.3726044,31.3726044,-3.047774,1.58388209,-5.65768957,52.1824951,28.3437977,4.93120432,-2.5374217,-0.01000005,-4.95437336,36.609726,0.0,0.0,0.0,0.0,0.0,0.0
82.3424,DATA,1,1,3,10,0,31.4231567,31.4231567,-3.04846168,1.55928254,-5.641723,58.58094,28.51927,4.004497,-2.5374217,-0.01000005,-4.95437336,36.609726,0.0,0.0,0.0,0.0,0.0,0.0
82.3994751,DATA,1,1,3,10,0,31.4802322,31.4802322,-3.05231452,1.5324142,-5.627339,65.53658,30.1354465,4.33639,-2.5374217,-0.01000005,-4.95437336,36.609726,0.0,0.0,0.0,0.0,0.0,0.0
82.45605,DATA,1,1,3,10,0,31.5368042,31.5368042,-3.05976844,1.507724,-5.61542845,71.0178146,30.8857746,5.501922,-2.5374217,-0.01000005,-4.95437336,36.609726,0.0,0.0,0.0,0.0,0.0,0.0
82.51156,DATA,1,1,3,10,0,31.5923157,31.5923157,-3.06945276,1.48727822,-5.60669565,75.5684357,34.14385,11.298871,-2.5374217,-0.01000005,-4.95437336,36.609726,0.0,0.0,0.0,0.0,0.0,0.0
82.56724,DATA,1,1,3,10,0,31.647995,31.647995,-3.07942,1.47325492,-5.600583,78.20228,42.47313,22.2140026,-2.5374217,-0.01000005,-4.95437336,36.609726,0.0,0.0,0.0,0.0,0.0,0.0
82.62302,DATA,1,1,3,10,0,31.7037735,31.7037735,-3.08645964,1.465207,-5.597703,79.07097,44.1370735,25.5186729,-2.5374217,-0.01000005,-4.95437336,36.609726,0.0,0.0,0.0,0.0,0.0,0.0
82.67864,DATA,1,1,3,10,0,31.7594,31.7594,-3.09008718,1.46252537,-5.59681463,78.04652,32.0065842,15.2609653,-2.5374217,-0.01000005,-4.95437336,36.609726,0.0,0.0,0.0,0.0,0.0,0.0
82.7341461,DATA,1,1,3,10,0,31.8149033,31.8149033,-3.091168,1.46224976,-5.59695053,75.820015,20.1828156,5.72688,-2.5374217,-0.01000005,-4.95437336,36.609726,0.0,0.0,0.0,0.0,0.0,0.0
82.7894,DATA,1,1,3,10,0,31.8701553,31.8701553,-3.09040666,1.46203661,-5.597512,73.91676,12.5568676,0.2095563,-2.5374217,-0.01000005,-4.95437336,36.609726,0.0,0.0,0.0,0.0,0.0,0.0
82.84535,DATA,1,1,3,10,0,31.92611,31.92611,-3.08895946,1.45986366,-5.599041,72.38005,8.934868,-2.07897949,-2.5374217,-0.01000005,-4.95437336,36.609726,0.0,0.0,0.0,0.0,0.0,0.0
82.9011,DATA,1,1,3,10,0,31.9818573,31.9818573,-3.08581614,1.45702577,-5.600365,71.19222,4.69328976,-5.64376831,-2.5374217,-0.01000005,-4.95437336,36.609726,0.0,0.0,0.0,0.0,0.0,0.0
82.9565659,DATA,1,1,3,10,0,32.037323,32.037323,-3.081561,1.45368,-5.60194731,70.2322845,0.3650363,-9.691193,-2.5374217,-0.01000005,-4.95437336,36.609726,0.0,0.0,0.0,0.0,0.0,0.0
83.0116959,DATA,1,1,3,10,0,32.092453,32.092453,-3.07680058,1.45102048,-5.602207,69.43672,-4.1763,-14.361084,-2.5374217,-0.01000005,-4.95437336,36.609726,0.0,0.0,0.0,0.0,0.0,0.0
83.0667648,DATA,1,1,3,10,0,32.147522,32.147522,-3.07267952,1.44914627,-5.60137463,68.95485,-7.47674561,-18.4429016,-2.5374217,-0.01000005,-4.95437336,36.609726,0.0,0.0,0.0,0.0,0.0,0.0
83.12368,DATA,1,1,3,10,0,32.2044373,32.2044373,-3.07009649,1.44718719,-5.5987606,69.2297,-8.228546,-20.6070557,-2.5374217,-0.01000005,-4.95437336,36.609726,0.0,0.0,0.0,0.0,0.0,0.0
83.17826,DATA,1,1,3,10,0,32.2590179,32.2590179,-3.069226,1.445308,-5.594618,70.87437,-5.984192,-20.0933838,-2.5374217,-0.01000005,-4.95437336,36.609726,0.0,0.0,0.0,0.0,0.0,0.0
83.23451,DATA,1,1,3,10,0,32.31527,32.31527,-3.0697062,1.44368935,-5.58977652,72.80865,-2.21240234,-18.358551,-2.5374217,-0.01000005,-4.95437336,36.609726,0.0,0.0,0.0,0.0,0.0,0.0
83.29006,DATA,1,1,3,10,0,32.37082,32.37082,-3.07071757,1.44258976,-5.584934,74.31664,1.0080564,-16.8648071,-2.5374217,-0.01000005,-4.95437336,36.609726,0.0,0.0,0.0,0.0,0.0,0.0
83.34534,DATA,1,1,3,10,0,32.4260941,32.4260941,-3.07214141,1.44164836,-5.5804553,75.2784042,2.80918813,-15.9992981,-2.5374217,-0.01000005,-4.95437336,36.609726,0.0,0.0,0.0,0.0,0.0,0.0
83.40053,DATA,1,1,3,10,0,32.4812851,32.4812851,-3.07369661,1.44070148,-5.57641745,76.1441,3.512024,-15.449707,-2.5374217,-0.01000005,-4.95437336,36.609726,0.0,0.0,0.0,0.0,0.0,0.0
83.45616,DATA,1,1,3,10,0,32.53692,32.53692,-3.075473,1.44003808,-5.5734725,76.69657,5.267291,-13.7089539,-2.5374217,-0.01000005,-4.95437336,36.609726,0.0,0.0,0.0,0.0,0.0,0.0
83.51164,DATA,1,1,3,10,0,32.5924,32.5924,-3.07659,1.43857932,-5.571987,76.86517,7.031685,-12.2468262,-2.5374217,-0.01000005,-4.95437336,36.609726,0.0,0.0,0.0,0.0,0.0,0.0
83.56728,DATA,1,1,3,10,0,32.64804,32.64804,-3.07678413,1.43720627,-5.57147932,76.7892761,7.40987444,-12.3478088,-2.5374217,-0.01000005,-4.95437336,36.609726,0.0,0.0,0.0,0.0,0.0,0.0
83.62331,DATA,1,1,3,10,0,32.7040634,32.7040634,-3.07564068,1.43590784,-5.571214,76.53883,7.04251957,-13.119873,-2.5374217,-0.01000005,-4.95437336,36.609726,0.0,0.0,0.0,0.0,0.0,0.0
83.67919,DATA,1,1,3,10,0,32.75995,32.75995,-3.07415462,1.43470311,-5.570657,76.0809555,6.49551439,-14.3591,-2.5374217,-0.01000005,-4.95437336,36.609726,0.0,0.0,0.0,0.0,0.0,0.0
83.73453,DATA,1,1,3,10,0,32.8152847,32.8152847,-3.07287383,1.43284154,-5.56964731,75.3496246,6.007895,-16.1575317,-2.5374217,-0.01000005,-4.95437336,36.609726,0.0,0.0,0.0,0.0,0.0,0.0
83.7893,DATA,1,1,3,10,0,32.8700562,32.8700562,-3.072165,1.4308393,-5.56801844,74.84655,6.726108,-16.9659424,-2.5374217,-0.01000005,-4.95437336,36.609726,0.0,0.0,0.0,0.0,0.0,0.0
83.84534,DATA,1,1,3,10,0,32.9260941,32.9260941,-3.07177973,1.42895842,-5.566216,74.502594,8.871959,-16.5804443,-2.5374217,-0.01000005,-4.95437336,36.609726,0.0,0.0,0.0,0.0,0.0,0.0
83.90122,DATA,1,1,3,10,0,32.98198,32.98198,-3.07102132,1.4277494,-5.56441927,74.382164,11.0096693,-16.0762329,-2.5374217,-0.01000005,-4.95437336,36.609726,0.0,0.0,0.0,0.0,0.0,0.0
83.95722,DATA,1,1,3,10,0,33.03798,33.03798,-3.0693264,1.42672658,-5.563347,74.21009,12.192812,-16.1104126,-2.5374217,-0.01000005,-4.95437336,36.609726,0.0,0.0,0.0,0.0,0.0,0.0
84.01182,DATA,1,1,3,10,0,33.0925751,33.0925751,-3.066971,1.42567587,-5.563103,73.8811,12.3358612,-17.0465088,-2.5374217,-0.01000005,-4.95437336,36.609726,0.0,0.0,0.0,0.0,0.0,0.0
84.06783,DATA,1,1,3,10,0,33.14859,33.14859,-3.06469512,1.4248848,-5.56332731,73.91542,11.3088083,-18.4658813,-2.5374217,-0.01000005,-4.95437336,36.609726,0.0,0.0,0.0,0.0,0.0,0.0
84.12381,DATA,1,1,3,10,0,33.204567,33.204567,-3.06275153,1.42429781,-5.56366825,73.85338,9.702892,-20.2076416,-2.5374217,-0.01000005,-4.95437336,36.609726,0.0,0.0,0.0,0.0,0.0,0.0
84.17909,DATA,1,1,3,10,0,33.25985,33.25985,-3.06194282,1.42384648,-5.56345749,73.96749,8.443076,-21.4078674,-2.5374217,-0.01000005,-4.95437336,36.609726,0.0,0.0,0.0,0.0,0.0,0.0
84.23415,DATA,1,1,3,10,0,33.31491,33.31491,-3.06258082,1.42287552,-5.563118,73.96343,8.766472,-20.90149,-2.5374217,-0.01000005,-4.95437336,36.609726,0.0,0.0,0.0,0.0,0.0,0.0
84.2895355,DATA,1,1,3,10,0,33.3702927,33.3702927,-3.06372213,1.42282546,-5.56168175,74.3364639,9.262414,-20.3987427,-2.5374217,-0.01000005,-4.95437336,36.609726,0.0,0.0,0.0,0.0,0.0,0.0
84.34542,DATA,1,1,3,10,0,33.426178,33.426178,-3.064759,1.42262626,-5.560386,74.57863,10.0284147,-20.0523682,-2.5374217,-0.01000005,-4.95437336,36.609726,0.0,0.0,0.0,0.0,0.0,0.0
84.4009552,DATA,1,1,3,10,0,33.4817123,33.4817123,-3.06577563,1.42261457,-5.559439,74.25863,9.974034,-21.1060486,-2.5374217,-0.01000005,-4.95437336,36.609726,0.0,0.0,0.0,0.0,0.0,0.0
84.4569244,DATA,1,1,3,10,0,33.53768,33.53768,-3.066719,1.422787,-5.55876255,74.25256,10.4408388,-20.8396912,-2.5374217,-0.01000005,-4.95437336,36.609726,0.0,0.0,0.0,0.0,0.0,0.0
84.51185,DATA,1,1,3,10,0,33.5926056,33.5926056,-3.068024,1.42326677,-5.55845165,74.2028656,11.32655,-19.7444153,-2.5374217,-0.01000005,-4.95437336,36.609726,0.0,0.0,0.0,0.0,0.0,0.0
84.56757,DATA,1,1,3,10,0,33.64833,33.64833,-3.06880474,1.42370784,-5.55862951,73.96612,11.8108873,-19.348877,-2.5374217,-0.01000005,-4.95437336,36.609726,0.0,0.0,0.0,0.0,0.0,0.0
84.6232,DATA,1,1,3,10,0,33.7039566,33.7039566,-3.068992,1.42409277,-5.55939674,73.68328,11.5617647,-19.8569336,-2.5374217,-0.01000005,-4.95437336,36.609726,0.0,0.0,0.0,0.0,0.0,0.0
84.67853,DATA,1,1,3,10,0,33.759285,33.759285,-3.06855226,1.42424655,-5.56036663,73.48784,10.9599819,-20.4650879,-2.5374217,-0.01000005,-4.95437336,36.609726,0.0,0.0,0.0,0.0,0.0,0.0
84.73447,DATA,1,1,3,10,0,33.8152237,33.8152237,-3.06802368,1.42415762,-5.56126,73.34102,10.4276314,-21.0004578,-2.5374217,-0.01000005,-4.95437336,36.609726,0.0,0.0,0.0,0.0,0.0,0.0
84.78925,DATA,1,1,3,10,0,33.87001,33.87001,-3.06742287,1.42414951,-5.561684,73.3925858,9.859385,-21.8098145,-2.5374217,-0.01000005,-4.95437336,36.609726,0.0,0.0,0.0,0.0,0.0,0.0
84.84535,DATA,1,1,3,10,0,33.92611,33.92611,-3.06660724,1.423868,-5.5618825,73.47324,9.544621,-22.2775879,-2.5374217,-0.01000005,-4.95437336,36.609726,0.0,0.0,0.0,0.0,0.0,0.0
84.90097,DATA,1,1,3,10,0,33.9817276,33.9817276,-3.066067,1.423626,-5.561987,73.47816,9.425603,-22.6445,-2.5374217,-0.01000005,-4.95437336,36.609726,0.0,0.0,0.0,0.0,0.0,0.0
84.9569,DATA,1,1,3,10,0,34.03766,34.03766,-3.0656848,1.42347419,-5.562226,73.51078,9.280641,-23.01471,-2.5374217,-0.01000005,-4.95437336,36.609726,0.0,0.0,0.0,0.0,0.0,0.0
85.0115,DATA,1,1,3,10,0,34.0922546,34.0922546,-3.06552243,1.42386508,-5.5621686,73.54081,9.527249,-22.8220825,-2.5374217,-0.01000005,-4.95437336,36.609726,0.0,0.0,0.0,0.0,0.0,0.0
85.06793,DATA,1,1,3,10,0,34.14869,34.14869,-3.065826,1.4241817,-5.562724,73.38045,9.722101,-22.6800537,-2.5374217,-0.01000005,-4.95437336,36.609726,0.0,0.0,0.0,0.0,0.0,0.0
85.1234741,DATA,1,1,3,10,0,34.20423,34.20423,-3.06606531,1.42494,-5.563246,73.18363,9.676123,-22.6907349,-2.5374217,-0.01000005,-4.95437336,36.609726,0.0,0.0,0.0,0.0,0.0,0.0
85.17908,DATA,1,1,3,10,0,34.2598343,34.2598343,-3.06615639,1.42532039,-5.56381845,72.98678,9.632573,-22.6419678,-2.5374217,-0.01000005,-4.95437336,36.609726,0.0,0.0,0.0,0.0,0.0,0.0
85.23415,DATA,1,1,3,10,0,34.31491,34.31491,-3.06636167,1.42584884,-5.56377649,72.8555756,9.447923,-22.90503,-2.5374217,-0.01000005,-4.95437336,36.609726,0.0,0.0,0.0,0.0,0.0,0.0
85.28948,DATA,1,1,3,10,0,34.37024,34.37024,-3.06601,1.42598486,-5.56390572,72.83213,9.179741,-23.2056885,-2.5374217,-0.01000005,-4.95437336,36.609726,0.0,0.0,0.0,0.0,0.0,0.0
85.3447647,DATA,1,1,3,10,0,34.42552,34.42552,-3.06561351,1.42614865,-5.56403971,72.814476,8.701582,-23.6917114,-2.5374217,-0.01000005,-4.95437336,36.609726,0.0,0.0,0.0,0.0,0.0,0.0
85.40096,DATA,1,1,3,10,0,34.48172,34.48172,-3.065494,1.42606223,-5.56420755,72.72987,8.731806,-23.7931213,-2.5374217,-0.01000005,-4.95437336,36.609726,0.0,0.0,0.0,0.0,0.0,0.0
85.4567261,DATA,1,1,3,10,0,34.5374832,34.5374832,-3.06566763,1.42611146,-5.56430674,72.77773,9.195723,-23.5390015,-2.5374217,-0.01000005,-4.95437336,36.609726,0.0,0.0,0.0,0.0,0.0,0.0
85.51156,DATA,1,1,3,10,0,34.5923157,34.5923157,-3.06580043,1.4262085,-5.56446362,72.716156,9.515107,-23.32257,-2.5374217,-0.01000005,-4.95437336,36.609726,0.0,0.0,0.0,0.0,0.0,0.0
85.56738,DATA,1,1,3,10,0,34.64814,34.64814,-3.065759,1.42634094,-5.56471348,72.62691,9.448155,-23.432251,-2.5374217,-0.01000005,-4.95437336,36.609726,0.0,0.0,0.0,0.0,0.0,0.0
85.62307,DATA,1,1,3,10,0,34.7038269,34.7038269,-3.0661788,1.42632985,-5.5650177,72.4375,10.020875,-22.8917542,-2.5374217,-0.01000005,-4.95437336,36.609726,0.0,0.0,0.0,0.0,0.0,0.0
85.6790543,DATA,1,1,3,10,0,34.75981,34.75981,-3.06673074,1.42642355,-5.565551,72.39408,11.3090372,-21.65686,-2.5374217,-0.01000005,-4.95437336,36.609726,0.0,0.0,0.0,0.0,0.0,0.0
85.73404,DATA,1,1,3,10,0,34.8147964,34.8147964,-3.06726432,1.42716527,-5.565735,72.44413,12.0181828,-21.06308,-2.5374217,-0.01000005,-4.95437336,36.609726,0.0,0.0,0.0,0.0,0.0,0.0
85.78965,DATA,1,1,3,10,0,34.8704071,34.8704071,-3.0670805,1.42726088,-5.56590176,72.37454,11.8443794,-21.2817383,-2.5374217,-0.01000005,-4.95437336,36.609726,0.0,0.0,0.0,0.0,0.0,0.0
85.84489,DATA,1,1,3,10,0,34.9256439,34.9256439,-3.066791,1.427239,-5.565778,72.35052,11.1922035,-21.90091,-2.5374217,-0.01000005,-4.95437336,36.609726,0.0,0.0,0.0,0.0,0.0,0.0
85.90114,DATA,1,1,3,10,0,34.9818954,34.9818954,-3.066131,1.42690623,-5.56556559,72.4657,10.7746553,-22.2668152,-2.5374217,-0.01000005,-4.95437336,36.609726,0.0,0.0,0.0,0.0,0.0,0.0
85.9566956,DATA,1,1,3,10,0,35.0374527,35.0374527,-3.06573319,1.42678857,-5.56483173,72.61681,10.71609,-22.3937988,-2.5374217,-0.01000005,-4.95437336,36.609726,0.0,0.0,0.0,0.0,0.0,0.0
86.0118561,DATA,1,1,3,10,0,35.0926132,35.0926132,-3.06547642,1.42649019,-5.56443,72.86074,11.0505648,-22.2715149,-2.5374217,-0.01000005,-4.95437336,36.609726,0.0,0.0,0.0,0.0,0.0,0.0
86.06774,DATA,1,1,3,10,0,35.1485,35.1485,-3.06561446,1.4266541,-5.56410456,73.2661057,11.8229589,-21.499176,-2.5374217,-0.01000005,-4.95437336,36.609726,0.0,0.0,0.0,0.0,0.0,0.0
86.1231155,DATA,1,1,3,10,0,35.2038727,35.2038727,-3.06615043,1.426715,-5.56368732,73.5892944,12.8186474,-20.2999268,-2.5374217,-0.01000005,-4.95437336,36.609726,0.0,0.0,0.0,0.0,0.0,0.0
86.17903,DATA,1,1,3,10,0,35.25979,35.25979,-3.06687546,1.42659783,-5.563139,73.6143341,13.2399082,-19.86618,-2.5374217,-0.01000005,-4.95437336,36.609726,0.0,0.0,0.0,0.0,0.0,0.0
86.2341461,DATA,1,1,3,10,0,35.3149033,35.3149033,-3.06735158,1.4266119,-5.56261253,73.61545,13.1851339,-19.8444214,-2.5374217,-0.01000005,-4.95437336,36.609726,0.0,0.0,0.0,0.0,0.0,0.0
86.28975,DATA,1,1,3,10,0,35.3705063,35.3705063,-3.06769538,1.42658687,-5.562283,73.6977158,13.3105717,-19.5645447,-2.5374217,-0.01000005,-4.95437336,36.609726,0.0,0.0,0.0,0.0,0.0,0.0
86.34492,DATA,1,1,3,10,0,35.4256744,35.4256744,-3.06801629,1.42641568,-5.56215429,73.7201462,13.5700531,-19.3878174,-2.5374217,-0.01000005,-4.95437336,36.609726,0.0,0.0,0.0,0.0,0.0,0.0
86.4010849,DATA,1,1,3,10,0,35.481842,35.481842,-3.0679605,1.42638111,-5.56205034,73.913414,13.787962,-19.29541,-2.5374217,-0.01000005,-4.95437336,36.609726,0.0,0.0,0.0,0.0,0.0,0.0
86.45659,DATA,1,1,3,10,0,35.5373459,35.5373459,-3.06812716,1.42661452,-5.56180525,74.27105,14.8989067,-18.2958679,-2.5374217,-0.01000005,-4.95437336,36.609726,0.0,0.0,0.0,0.0,0.0,0.0
86.51118,DATA,1,1,3,10,0,35.5919342,35.5919342,-3.06845546,1.426518,-5.56197,74.3923,16.3381958,-17.02298,-2.5374217,-0.01000005,-4.95437336,36.609726,0.0,0.0,0.0,0.0,0.0,0.0
86.56729,DATA,1,1,3,10,0,35.64805,35.64805,-3.06870461,1.42656422,-5.56183672,74.29271,16.20362,-17.3918152,-2.5374217,-0.01000005,-4.95437336,36.609726,0.0,0.0,0.0,0.0,0.0,0.0
86.622406,DATA,1,1,3,10,0,35.7031631,35.7031631,-3.06858158,1.426578,-5.562047,74.14437,15.3047123,-18.1407166,-2.5374217,-0.01000005,-4.95437336,36.609726,0.0,0.0,0.0,0.0,0.0,0.0
86.6783752,DATA,1,1,3,10,0,35.7591324,35.7591324,-3.06881738,1.42682767,-5.562283,74.0335,14.76954,-18.4394836,-2.5374217,-0.01000005,-4.95437336,36.609726,0.0,0.0,0.0,0.0,0.0,0.0
86.7334747,DATA,1,1,3,10,0,35.81423,35.81423,-3.06917334,1.42694712,-5.56255627,73.93923,14.7403784,-18.4720459,-2.5374217,-0.01000005,-4.95437336,36.609726,0.0,0.0,0.0,0.0,0.0,0.0
86.78883,DATA,1,1,3,10,0,35.86959,35.86959,-3.0697298,1.4273231,-5.562818,73.8643951,14.9818954,-18.3111877,-2.5374217,-0.01000005,-4.95437336,36.609726,0.0,0.0,0.0,0.0,0.0,0.0
86.84513,DATA,1,1,3,10,0,35.9258881,35.9258881,-3.0701406,1.4273771,-5.563181,73.78171,15.2356358,-18.10202,-2.5374217,-0.01000005,-4.95437336,36.609726,0.0,0.0,0.0,0.0,0.0,0.0
86.9000854,DATA,1,1,3,10,0,35.9808426,35.9808426,-3.07021141,1.427444,-5.563368,73.70926,15.0460672,-18.2692261,-2.5374217,-0.01000005,-4.95437336,36.609726,0.0,0.0,0.0,0.0,0.0,0.0
86.9562,DATA,1,1,3,10,0,36.0369568,36.0369568,-3.07018685,1.42746627,-5.563483,73.68789,14.8145761,-18.3680725,-2.5374217,-0.01000005,-4.95437336,36.609726,0.0,0.0,0.0,0.0,0.0,0.0
87.01155,DATA,1,1,3,10,0,36.092308,36.092308,-3.07018542,1.42745972,-5.56374073,73.59935,14.4723377,-18.6218872,-2.5374217,-0.01000005,-4.95437336,36.609726,0.0,0.0,0.0,0.0,0.0,0.0
87.06739,DATA,1,1,3,10,0,36.1481476,36.1481476,-3.07025027,1.42749453,-5.564178,73.54708,14.4204779,-18.5881958,-2.5374217,-0.01000005,-4.95437336,36.609726,0.0,0.0,0.0,0.0,0.0,0.0
87.12316,DATA,1,1,3,10,0,36.20392,36.20392,-3.07024455,1.42759585,-5.564491,73.4780655,14.0902071,-18.9397278,-2.5374217,-0.01000005,-4.95437336,36.609726,0.0,0.0,0.0,0.0,0.0,0.0
87.17852,DATA,1,1,3,10,0,36.2592773,36.2592773,-3.07024622,1.4278338,-5.56471348,73.4092941,13.7330885,-19.2178955,-2.5374217,-0.01000005,-4.95437336,36.609726,0.0,0.0,0.0,0.0,0.0,0.0
87.2338943,DATA,1,1,3,10,0,36.31465,36.31465,-3.07022548,1.42784643,-5.56513357,73.25526,13.5193605,-19.42694,-2.5374217,-0.01000005,-4.95437336,36.609726,0.0,0.0,0.0,0.0,0.0,0.0
87.28894,DATA,1,1,3,10,0,36.3696976,36.3696976,-3.07011223,1.42801642,-5.565402,73.1097,13.2621765,-19.7767334,-2.5374217,-0.01000005,-4.95437336,36.609726,0.0,0.0,0.0,0.0,0.0,0.0
87.34502,DATA,1,1,3,10,0,36.4257736,36.4257736,-3.07000446,1.42812073,-5.56579542,73.0433655,12.9512148,-20.0762939,-2.5374217,-0.01000005,-4.95437336,36.609726,0.0,0.0,0.0,0.0,0.0,0.0
87.4009247,DATA,1,1,3,10,0,36.48168,36.48168,-3.069901,1.42811275,-5.565993,73.0071,12.6263437,-20.27887,-2.5374217,-0.01000005,-4.95437336,36.609726,0.0,0.0,0.0,0.0,0.0,0.0
87.4556,DATA,1,1,3,10,0,36.5363541,36.5363541,-3.06979227,1.42803574,-5.566067,72.98501,12.2293978,-20.66986,-2.5374217,-0.01000005,-4.95437336,36.609726,0.0,0.0,0.0,0.0,0.0,0.0
87.51137,DATA,1,1,3,10,0,36.5921249,36.5921249,-3.06962228,1.428046,-5.566011,73.03084,12.2782221,-20.64206,-2.5374217,-0.01000005,-4.95437336,36.609726,0.0,0.0,0.0,0.0,0.0,0.0
87.5675049,DATA,1,1,3,10,0,36.648262,36.648262,-3.06957078,1.427993,-5.56607151,73.0605,12.3970432,-20.6246643,-2.5374217,-0.01000005,-4.95437336,36.609726,0.0,0.0,0.0,0.0,0.0,0.0
87.62288,DATA,1,1,3,10,0,36.7036362,36.7036362,-3.06955314,1.4279561,-5.56622028,72.98005,12.3089886,-20.769104,-2.5374217,-0.01000005,-4.95437336,36.609726,0.0,0.0,0.0,0.0,0.0,0.0
87.67822,DATA,1,1,3,10,0,36.75898,36.75898,-3.06945324,1.42793953,-5.56637764,72.94935,12.0854855,-20.9757385,-2.5374217,-0.01000005,-4.95437336,36.609726,0.0,0.0,0.0,0.0,0.0,0.0
87.7341,DATA,1,1,3,10,0,36.8148575,36.8148575,-3.06928182,1.427999,-5.566455,72.97117,11.9064608,-21.1688538,-2.5374217,-0.01000005,-4.95437336,36.609726,0.0,0.0,0.0,0.0,0.0,0.0
87.788765,DATA,1,1,3,10,0,36.8695221,36.8695221,-3.06897116,1.428147,-5.56631947,73.01673,11.53511,-21.6235046,-2.5374217,-0.01000005,-4.95437336,36.609726,0.0,0.0,0.0,0.0,0.0,0.0
87.84505,DATA,1,1,3,10,0,36.9258041,36.9258041,-3.068569,1.42809355,-5.566149,73.0664,11.2352648,-22.1000977,-2.5374217,-0.01000005,-4.95437336,36.609726,0.0,0.0,0.0,0.0,0.0,0.0
87.90011,DATA,1,1,3,10,0,36.9808655,36.9808655,-3.06826973,1.42798042,-5.565857,73.1960754,11.2495852,-22.0973816,-2.5374217,-0.01000005,-4.95437336,36.609726,0.0,0.0,0.0,0.0,0.0,0.0
87.95603,DATA,1,1,3,10,0,37.03679,37.03679,-3.06802917,1.427882,-5.565748,73.27351,11.2457695,-22.1589966,-2.5374217,-0.01000005,-4.95437336,36.609726,0.0,0.0,0.0,0.0,0.0,0.0
88.01088,DATA,1,1,3,10,0,37.0916367,37.0916367,-3.06800842,1.42782378,-5.56570148,73.3032455,11.09153,-22.3050232,-2.5374217,-0.01000005,-4.95437336,36.609726,0.0,0.0,0.0,0.0,0.0,0.0
88.06725,DATA,1,1,3,10,0,37.14801,37.14801,-3.06789565,1.4278748,-5.565768,73.3378448,10.9717722,-22.37259,-2.5374217,-0.01000005,-4.95437336,36.609726,0.0,0.0,0.0,0.0,0.0,0.0
88.12263,DATA,1,1,3,10,0,37.2033844,37.2033844,-3.067946,1.42806768,-5.56572533,73.27345,10.7997437,-22.53421,-2.5374217,-0.01000005,-4.95437336,36.609726,0.0,0.0,0.0,0.0,0.0,0.0
88.1781,DATA,1,1,3,10,0,37.2588577,37.2588577,-3.06791,1.42810941,-5.56592846,73.25494,10.6525288,-22.6293335,-2.5374217,-0.01000005,-4.95437336,36.609726,0.0,0.0,0.0,0.0,0.0,0.0
88.2342453,DATA,1,1,3,10,0,37.3150024,37.3150024,-3.067943,1.42819357,-5.566105,73.2086639,10.6066942,-22.648407,-2.5374217,-0.01000005,-4.95437336,36.609726,0.0,0.0,0.0,0.0,0.0,0.0
88.28893,DATA,1,1,3,10,0,37.36969,37.36969,-3.06799936,1.42826962,-5.56622076,73.1903458,10.7028608,-22.5720825,-2.5374217,-0.01000005,-4.95437336,36.609726,0.0,0.0,0.0,0.0,0.0,0.0
88.34496,DATA,1,1,3,10,0,37.42572,37.42572,-3.06812143,1.428339,-5.566185,73.22341,10.67956,-22.6151428,-2.5374217,-0.01000005,-4.95437336,36.609726,0.0,0.0,0.0,0.0,0.0,0.0
88.4001846,DATA,1,1,3,10,0,37.48094,37.48094,-3.06813741,1.428428,-5.56616831,73.19457,10.5065689,-22.7477722,-2.5374217,-0.01000005,-4.95437336,36.609726,0.0,0.0,0.0,0.0,0.0,0.0
88.45585,DATA,1,1,3,10,0,37.5366058,37.5366058,-3.06809664,1.42839789,-5.56618071,73.17847,10.3462791,-22.836853,-2.5374217,-0.01000005,-4.95437336,36.609726,0.0,0.0,0.0,0.0,0.0,0.0
88.51127,DATA,1,1,3,10,0,37.5920258,37.5920258,-3.06791258,1.42857134,-5.56600475,73.25817,10.3223677,-22.90155,-2.5374217,-0.01000005,-4.95437336,36.609726,0.0,0.0,0.0,0.0,0.0,0.0
88.5669556,DATA,1,1,3,10,0,37.6477127,37.6477127,-3.067839,1.4285593,-5.5658927,73.33455,10.5676889,-22.76767,-2.5374217,-0.01000005,-4.95437336,36.609726,0.0,0.0,0.0,0.0,0.0,0.0
88.6222,DATA,1,1,3,10,0,37.7029572,37.7029572,-3.06784129,1.42839265,-5.565784,73.3989,10.7183037,-22.63861,-2.5374217,-0.01000005,-4.95437336,36.609726,0.0,0.0,0.0,0.0,0.0,0.0
88.67857,DATA,1,1,3,10,0,37.75933,37.75933,-3.06749678,1.42832279,-5.56573153,73.40879,10.32065,-23.03189,-2.5374217,-0.01000005,-4.95437336,36.609726,0.0,0.0,0.0,0.0,0.0,0.0
88.73396,DATA,1,1,3,10,0,37.81472,37.81472,-3.06737876,1.42839909,-5.56565857,73.38219,9.930538,-23.3456726,-2.5374217,-0.01000005,-4.95437336,36.609726,0.0,0.0,0.0,0.0,0.0,0.0
88.78885,DATA,1,1,3,10,0,37.869606,37.869606,-3.06728816,1.42834508,-5.565698,73.36797,9.892784,-23.3787537,-2.5374217,-0.01000005,-4.95437336,36.609726,0.0,0.0,0.0,0.0,0.0,0.0
88.84509,DATA,1,1,3,10,0,37.92585,37.92585,-3.06724072,1.42833829,-5.56550264,73.3523941,10.174861,-23.1954956,-2.5374217,-0.01000005,-4.95437336,36.609726,0.0,0.0,0.0,0.0,0.0,0.0
88.9003448,DATA,1,1,3,10,0,37.981102,37.981102,-3.06699228,1.42828107,-5.565379,73.40264,10.1219158,-23.34491,-2.5374217,-0.01000005,-4.95437336,36.609726,0.0,0.0,0.0,0.0,0.0,0.0
88.95653,DATA,1,1,3,10,0,38.0372849,38.0372849,-3.06622648,1.42814517,-5.5652194,73.35328,9.353703,-24.43872,-2.5374217,-0.01000005,-4.95437336,36.609726,0.0,0.0,0.0,0.0,0.0,0.0
89.01154,DATA,1,1,3,10,0,38.0923,38.0923,-3.065173,1.42792058,-5.56515074,73.4216843,8.629544,-25.2869873,-2.5374217,-0.01000005,-4.95437336,36.609726,0.0,0.0,0.0,0.0,0.0,0.0
89.06718,DATA,1,1,3,10,0,38.147934,38.147934,-3.064285,1.42759418,-5.56534052,73.47837,8.375417,-25.47873,-2.5374217,-0.01000005,-4.95437336,36.609726,0.0,0.0,0.0,0.0,0.0,0.0
89.12306,DATA,1,1,3,10,0,38.20382,38.20382,-3.06357741,1.42737961,-5.56550026,73.4525757,8.20633,-25.8852539,-2.5374217,-0.01000005,-4.95437336,36.609726,0.0,0.0,0.0,0.0,0.0,0.0
89.17821,DATA,1,1,3,10,0,38.2589645,38.2589645,-3.06325483,1.42737627,-5.56558752,73.49392,8.172205,-25.9777527,-2.5374217,-0.01000005,-4.95437336,36.609726,0.0,0.0,0.0,0.0,0.0,0.0
89.23405,DATA,1,1,3,10,0,38.3148041,38.3148041,-3.063333,1.42735648,-5.565699,73.3986053,8.127899,-26.0509949,-2.5374217,-0.01000005,-4.95437336,36.609726,0.0,0.0,0.0,0.0,0.0,0.0
89.28921,DATA,1,1,3,10,0,38.3699646,38.3699646,-3.06325459,1.427331,-5.565612,73.36992,7.67377663,-26.5152588,-2.5374217,-0.01000005,-4.95437336,36.609726,0.0,0.0,0.0,0.0,0.0,0.0
89.34472,DATA,1,1,3,10,0,38.4254761,38.4254761,-3.062984,1.42739975,-5.56507826,73.3957,6.853355,-27.38977,-2.5374217,-0.01000005,-4.95437336,36.609726,0.0,0.0,0.0,0.0,0.0,0.0
89.4005,DATA,1,1,3,10,0,38.4812546,38.4812546,-3.06285143,1.4269793,-5.56464624,73.39711,6.62247944,-27.50174,-2.5374217,-0.01000005,-4.95437336,36.609726,0.0,0.0,0.0,0.0,0.0,0.0
89.45592,DATA,1,1,3,10,0,38.5366745,38.5366745,-3.062973,1.42693782,-5.563888,73.58078,6.64311028,-27.4088135,-2.5374217,-0.01000005,-4.95437336,36.609726,0.0,0.0,0.0,0.0,0.0,0.0
89.51133,DATA,1,1,3,10,0,38.5920868,38.5920868,-3.06282783,1.42672873,-5.56351376,73.62999,6.60951757,-27.52481,-2.5374217,-0.01000005,-4.95437336,36.609726,0.0,0.0,0.0,0.0,0.0,0.0
89.5674438,DATA,1,1,3,10,0,38.6482,38.6482,-3.06283736,1.426893,-5.563456,73.63267,6.41966963,-27.7167053,-2.5374217,-0.01000005,-4.95437336,36.609726,0.0,0.0,0.0,0.0,0.0,0.0
89.62247,DATA,1,1,3,10,0,38.7032242,38.7032242,-3.06276584,1.42694235,-5.56354141,73.56205,6.02012,-28.0333862,-2.5374217,-0.01000005,-4.95437336,36.609726,0.0,0.0,0.0,0.0,0.0,0.0
89.67829,DATA,1,1,3,10,0,38.75905,38.75905,-3.063085,1.42696261,-5.56397724,73.46358,6.00234747,-27.9421082,-2.5374217,-0.01000005,-4.95437336,36.609726,0.0,0.0,0.0,0.0,0.0,0.0
89.73365,DATA,1,1,3,10,0,38.8144073,38.8144073,-3.0634,1.42714775,-5.564067,73.41313,6.22017336,-27.7353516,-2.5374217,-0.01000005,-4.95437336,36.609726,0.0,0.0,0.0,0.0,0.0,0.0
89.78868,DATA,1,1,3,10,0,38.86944,38.86944,-3.06338382,1.4272027,-5.56390667,73.42218,6.322982,-27.7462463,-2.5374217,-0.01000005,-4.95437336,36.609726,0.0,0.0,0.0,0.0,0.0,0.0
89.84499,DATA,1,1,3,10,0,38.92575,38.92575,-3.06309581,1.42686987,-5.56360531,73.5370255,6.124565,-27.76944,-2.5374217,-0.01000005,-4.95437336,36.609726,0.0,0.0,0.0,0.0,0.0,0.0
89.9004745,DATA,1,1,3,10,0,38.98123,38.98123,-3.06257153,1.4266274,-5.563325,73.6254959,5.58519363,-28.2947083,-2.5374217,-0.01000005,-4.95437336,36.609726,0.0,0.0,0.0,0.0,0.0,0.0
89.95596,DATA,1,1,3,10,0,39.03672,39.03672,-3.06214738,1.426425,-5.56319571,73.72265,5.37553,-28.50653,-2.5374217,-0.01000005,-4.95437336,36.609726,0.0,0.0,0.0,0.0,0.0,0.0
90.0108643,DATA,1,1,3,10,0,39.09162,39.09162,-3.06202364,1.426349,-5.563181,73.75502,5.342009,-28.5965881,-2.5374217,-0.01000005,-4.95437336,36.609726,0.0,0.0,0.0,0.0,0.0,0.0
90.06687,DATA,1,1,3,10,0,39.14763,39.14763,-3.0622282,1.4263916,-5.56340027,73.7067261,5.45146275,-28.5204468,-2.5374217,-0.01000005,-4.95437336,36.609726,0.0,0.0,0.0,0.0,0.0,0.0
90.12249,DATA,1,1,3,10,0,39.2032471,39.2032471,-3.06228971,1.42643571,-5.56376553,73.536,5.331739,-28.666626,-2.5374217,-0.01000005,-4.95437336,36.609726,0.0,0.0,0.0,0.0,0.0,0.0
90.17775,DATA,1,1,3,10,0,39.2585068,39.2585068,-3.06223965,1.42660189,-5.56424427,73.469574,4.971088,-28.9296265,-2.5374217,-0.01000005,-4.95437336,36.609726,0.0,0.0,0.0,0.0,0.0,0.0
90.23325,DATA,1,1,3,10,0,39.31401,39.31401,-3.06230879,1.4266274,-5.56435728,73.37947,4.845079,-28.9490967,-2.5374217,-0.01000005,-4.95437336,36.609726,0.0,0.0,0.0,0.0,0.0,0.0
90.28896,DATA,1,1,3,10,0,39.36972,39.36972,-3.06234527,1.42664254,-5.564383,73.3726044,4.899638,-28.9219666,-2.5374217,-0.01000005,-4.95437336,36.609726,0.0,0.0,0.0,0.0,0.0,0.0
90.34459,DATA,1,1,3,10,0,39.4253464,39.4253464,-3.06238961,1.42656958,-5.56421566,73.32843,5.302769,-28.6987,-2.5374217,-0.01000005,-4.95437336,36.609726,0.0,0.0,0.0,0.0,0.0,0.0
90.40003,DATA,1,1,3,10,0,39.48079,39.48079,-3.06253767,1.42642832,-5.564044,73.32267,5.582603,-28.6441956,-2.5374217,-0.01000005,-4.95437336,36.609726,0.0,0.0,0.0,0.0,0.0,0.0
90.4563,DATA,1,1,3,10,0,39.537056,39.537056,-3.06239581,1.42620921,-5.5638833,73.3901138,5.54529238,-28.66684,-2.5374217,-0.01000005,-4.95437336,36.609726,0.0,0.0,0.0,0.0,0.0,0.0
90.51087,DATA,1,1,3,10,0,39.59163,39.59163,-3.06243253,1.426357,-5.56382656,73.41677,5.197788,-29.0413513,-2.5374217,-0.01000005,-4.95437336,36.609726,0.0,0.0,0.0,0.0,0.0,0.0
90.56676,DATA,1,1,3,10,0,39.6475143,39.6475143,-3.06259918,1.42637348,-5.563871,73.3791656,5.053451,-29.1641541,-2.5374217,-0.01000005,-4.95437336,36.609726,0.0,0.0,0.0,0.0,0.0,0.0
90.62229,DATA,1,1,3,10,0,39.70305,39.70305,-3.06274033,1.42650211,-5.564042,73.3517761,5.102664,-29.0361938,-2.5374217,-0.01000005,-4.95437336,36.609726,0.0,0.0,0.0,0.0,0.0,0.0
90.67795,DATA,1,1,3,10,0,39.7587051,39.7587051,-3.063052,1.42658079,-5.564247,73.26104,5.32115459,-28.84311,-2.5374217,-0.01000005,-4.95437336,36.609726,0.0,0.0,0.0,0.0,0.0,0.0
90.73344,DATA,1,1,3,10,0,39.8141937,39.8141937,-3.06319642,1.42665148,-5.5642643,73.27556,5.33469725,-28.728302,-2.5374217,-0.01000005,-4.95437336,36.609726,0.0,0.0,0.0,0.0,0.0,0.0
90.78877,DATA,1,1,3,10,0,39.86953,39.86953,-3.06304145,1.42649615,-5.564351,73.22624,5.178014,-28.90033,-2.5374217,-0.01000005,-4.95437336,36.609726,0.0,0.0,0.0,0.0,0.0,0.0
90.84484,DATA,1,1,3,10,0,39.9256,39.9256,-3.06299162,1.42636037,-5.56429672,73.24969,5.02833462,-28.9438477,-2.5374217,-0.01000005,-4.95437336,36.609726,0.0,0.0,0.0,0.0,0.0,0.0
90.90026,DATA,1,1,3,10,0,39.9810181,39.9810181,-3.06278825,1.42644429,-5.56450844,73.26084,5.0736804,-28.93393,-2.5374217,-0.01000005,-4.95437336,36.609726,0.0,0.0,0.0,0.0,0.0,0.0
90.9562149,DATA,1,1,3,10,0,40.036972,40.036972,-3.062628,1.42639327,-5.564474,73.29584,5.012843,-29.1160583,-2.5374217,-0.01000005,-4.95437336,36.609726,0.0,0.0,0.0,0.0,0.0,0.0
91.01051,DATA,1,1,3,10,0,40.09127,40.09127,-3.06219459,1.42664289,-5.56470728,73.29903,4.93180275,-29.16919,-2.5374217,-0.01000005,-4.95437336,36.609726,0.0,0.0,0.0,0.0,0.0,0.0
91.066864,DATA,1,1,3,10,0,40.14762,40.14762,-3.062056,1.42658,-5.56478834,73.242424,4.68509769,-29.4325867,-2.5374217,-0.01000005,-4.95437336,36.609726,0.0,0.0,0.0,0.0,0.0,0.0
91.1225739,DATA,1,1,3,10,0,40.20333,40.20333,-3.06208658,1.42661786,-5.56502771,73.2605057,4.64448261,-29.4116516,-2.5374217,-0.01000005,-4.95437336,36.609726,0.0,0.0,0.0,0.0,0.0,0.0
91.17812,DATA,1,1,3,10,0,40.25888,40.25888,-3.06219077,1.4266603,-5.56503534,73.2419739,4.67823839,-29.40683,-2.5374217,-0.01000005,-4.95437336,36.609726,0.0,0.0,0.0,0.0,0.0,0.0
91.23302,DATA,1,1,3,10,0,40.3137741,40.3137741,-3.062385,1.42670536,-5.564907,73.25466,4.77850866,-29.2428284,-2.5374217,-0.01000005,-4.95437336,36.609726,0.0,0.0,0.0,0.0,0.0,0.0
91.288765,DATA,1,1,3,10,0,40.3695221,40.3695221,-3.06245112,1.426671,-5.56476545,73.27241,4.84184742,-29.2432556,-2.5374217,-0.01000005,-4.95437336,36.609726,0.0,0.0,0.0,0.0,0.0,0.0
91.34442,DATA,1,1,3,10,0,40.42518,40.42518,-3.062343,1.42655039,-5.564658,73.3266754,4.71235228,-29.4256287,-2.5374217,-0.01000005,-4.95437336,36.609726,0.0,0.0,0.0,0.0,0.0,0.0
91.40049,DATA,1,1,3,10,0,40.4812469,40.4812469,-3.06209278,1.42646646,-5.56453753,73.38241,4.392334,-29.6819763,-2.5374217,-0.01000005,-4.95437336,36.609726,0.0,0.0,0.0,0.0,0.0,0.0
91.45581,DATA,1,1,3,10,0,40.5365677,40.5365677,-3.06197834,1.42621732,-5.564497,73.38232,4.435271,-29.63095,-2.5374217,-0.01000005,-4.95437336,36.609726,0.0,0.0,0.0,0.0,0.0,0.0
91.5107956,DATA,1,1,3,10,0,40.5915527,40.5915527,-3.06170464,1.42606878,-5.564356,73.401474,4.36907673,-29.77713,-2.5374217,-0.01000005,-4.95437336,36.609726,0.0,0.0,0.0,0.0,0.0,0.0
91.56686,DATA,1,1,3,10,0,40.6476135,40.6476135,-3.06155777,1.42577827,-5.564347,73.39327,4.420978,-29.8189087,-2.5374217,-0.01000005,-4.95437336,36.609726,0.0,0.0,0.0,0.0,0.0,0.0
91.62194,DATA,1,1,3,10,0,40.7026978,40.7026978,-3.06126475,1.42521942,-5.564455,73.30607,4.475389,-29.7883911,-2.5374217,-0.01000005,-4.95437336,36.609726,0.0,0.0,0.0,0.0,0.0,0.0
91.67856,DATA,1,1,3,10,0,40.7593155,40.7593155,-3.06039739,1.42484331,-5.563916,73.43385,4.355842,-29.9739075,-2.5374217,-0.01000005,-4.95437336,36.609726,0.0,0.0,0.0,0.0,0.0,0.0
91.73294,DATA,1,1,3,10,0,40.8136978,40.8136978,-3.05900359,1.42460155,-5.56308174,73.63921,4.378254,-30.1595764,-2.5374217,-0.01000005,-4.95437336,36.609726,0.0,0.0,0.0,0.0,0.0,0.0
91.78874,DATA,1,1,3,10,0,40.8695,40.8695,-3.05756783,1.42428958,-5.56235266,73.90878,4.57787037,-30.3311768,-2.5374217,-0.01000005,-4.95437336,36.609726,0.0,0.0,0.0,0.0,0.0,0.0
91.84464,DATA,1,1,3,10,0,40.9254,40.9254,-3.056447,1.42403185,-5.562083,74.12595,4.64428949,-30.705719,-2.5374217,-0.01000005,-4.95437336,36.609726,0.0,0.0,0.0,0.0,0.0,0.0
91.9003754,DATA,1,1,3,10,0,40.9811325,40.9811325,-3.05566382,1.42411613,-5.562159,74.23841,4.242376,-31.3954468,-2.5374217,-0.01000005,-4.95437336,36.609726,0.0,0.0,0.0,0.0,0.0,0.0
91.95576,DATA,1,1,3,10,0,41.0365143,41.0365143,-3.05615377,1.424618,-5.563039,74.01476,4.113426,-31.42566,-2.5374217,-0.01000005,-4.95437336,36.609726,0.0,0.0,0.0,0.0,0.0,0.0
92.01118,DATA,1,1,3,10,0,41.0919342,41.0919342,-3.05826759,1.42621875,-5.56393242,73.86734,4.901951,-30.27182,-2.5374217,-0.01000005,-4.95437336,36.609726,0.0,0.0,0.0,0.0,0.0,0.0
92.06679,DATA,1,1,3,10,0,41.1475449,41.1475449,-3.060884,1.42818832,-5.56541157,73.59538,6.46980238,-28.56607,-2.5374217,-0.01000005,-4.95437336,36.609726,0.0,0.0,0.0,0.0,0.0,0.0
92.12275,DATA,1,1,3,10,0,41.2035065,41.2035065,-3.0634594,1.43031049,-5.56685829,73.3114548,7.312292,-27.4167175,-2.5374217,-0.01000005,-4.95437336,36.609726,0.0,0.0,0.0,0.0,0.0,0.0
92.1778641,DATA,1,1,3,10,0,41.25862,41.25862,-3.06536555,1.43245959,-5.568125,73.04228,7.397589,-26.9023743,-2.5374217,-0.01000005,-4.95437336,36.609726,0.0,0.0,0.0,0.0,0.0,0.0
92.23315,DATA,1,1,3,10,0,41.3139038,41.3139038,-3.06654882,1.43545079,-5.569259,72.6844559,7.464049,-26.5404358,-2.5374217,-0.01000005,-4.95437336,36.609726,0.0,0.0,0.0,0.0,0.0,0.0
92.28881,DATA,1,1,3,10,0,41.3695679,41.3695679,-3.068401,1.44010019,-5.570912,72.65534,9.508692,-24.5709839,-2.5374217,-0.01000005,-4.95437336,36.609726,0.0,0.0,0.0,0.0,0.0,0.0
92.3439255,DATA,1,1,3,10,0,41.4246826,41.4246826,-3.07203913,1.44444156,-5.57446957,72.1715851,13.6109209,-20.885376,-2.5374217,-0.01000005,-4.95437336,36.609726,0.0,0.0,0.0,0.0,0.0,0.0
92.39972,DATA,1,1,3,10,0,41.4804764,41.4804764,-3.07646155,1.448189,-5.579442,71.02801,16.03829,-18.855011,-2.5374217,-0.01000005,-4.95437336,36.609726,0.0,0.0,0.0,0.0,0.0,0.0
92.45577,DATA,1,1,3,10,0,41.53653,41.53653,-3.08031726,1.45178556,-5.584888,69.9597,16.0663776,-18.4781189,-2.5374217,-0.01000005,-4.95437336,36.609726,0.0,0.0,0.0,0.0,0.0,0.0
92.51041,DATA,1,1,3,10,0,41.5911636,41.5911636,-3.08445454,1.4550941,-5.59042,69.0812454,14.73509,-18.9506226,-2.5374217,-0.01000005,-4.95437336,36.609726,0.0,0.0,0.0,0.0,0.0,0.0
92.56683,DATA,1,1,3,10,0,41.64759,41.64759,-3.08920884,1.45805538,-5.59561729,68.5109558,12.6666431,-19.5848389,-2.5374217,-0.01000005,-4.95437336,36.609726,0.0,0.0,0.0,0.0,0.0,0.0
92.62231,DATA,1,1,3,10,0,41.703064,41.703064,-3.09515977,1.46127975,-5.600506,67.67891,11.996665,-19.0665588,-2.5374217,-0.01000005,-4.95437336,36.609726,0.0,0.0,0.0,0.0,0.0,0.0
92.67784,DATA,1,1,3,10,0,41.7586,41.7586,-3.10297179,1.46555579,-5.605225,67.86386,13.1135721,-17.4058228,-2.5374217,-0.01000005,-4.95437336,36.609726,0.0,0.0,0.0,0.0,0.0,0.0
92.73315,DATA,1,1,3,10,0,41.8139038,41.8139038,-3.1135006,1.46945691,-5.61046743,67.17025,18.0249653,-13.312439,-2.5374217,-0.01000005,-4.95437336,36.609726,0.0,0.0,0.0,0.0,0.0,0.0
92.78838,DATA,1,1,3,10,0,41.86914,41.86914,-3.124438,1.47332692,-5.61504555,66.9956,21.9868889,-9.866089,-2.5374217,-0.01000005,-4.95437336,36.609726,0.0,0.0,0.0,0.0,0.0,0.0
92.84459,DATA,1,1,3,10,0,41.9253464,41.9253464,-3.134368,1.476635,-5.619628,66.33676,25.1786766,-6.623596,-2.5374217,-0.01000005,-4.95437336,36.609726,0.0,0.0,0.0,0.0,0.0,0.0
92.89948,DATA,1,1,3,10,0,41.98024,41.98024,-3.14255714,1.4798646,-5.62356329,66.22658,24.608633,-6.86541748,-2.5374217,-0.01000005,-4.95437336,36.609726,0.0,0.0,0.0,0.0,0.0,0.0
92.95451,DATA,1,1,3,10,0,42.03527,42.03527,-3.14976978,1.48074031,-5.62771749,65.54175,22.6502171,-7.777252,-2.5374217,-0.01000005,-4.95437336,36.609726,0.0,0.0,0.0,0.0,0.0,0.0
93.01016,DATA,1,1,3,10,0,42.09092,42.09092,-3.1556077,1.48035645,-5.63133335,64.99081,20.1191559,-8.410034,-2.5374217,-0.01000005,-4.95437336,36.609726,0.0,0.0,0.0,0.0,0.0,0.0
93.0658646,DATA,1,1,3,10,0,42.14662,42.14662,-3.160337,1.47958,-5.63429832,64.61472,17.9221554,-8.560303,-2.5374217,-0.01000005,-4.95437336,36.609726,0.0,0.0,0.0,0.0,0.0,0.0
93.12231,DATA,1,1,3,10,0,42.203064,42.203064,-3.16427946,1.4786247,-5.637357,64.33151,16.91808,-8.213959,-2.5374217,-0.01000005,-4.95437336,36.609726,0.0,0.0,0.0,0.0,0.0,0.0
93.17768,DATA,1,1,3,10,0,42.25844,42.25844,-3.16762519,1.4777534,-5.6404376,63.7873764,16.90948,-8.246796,-2.5374217,-0.01000005,-4.95437336,36.609726,0.0,0.0,0.0,0.0,0.0,0.0
93.23272,DATA,1,1,3,10,0,42.3134766,42.3134766,-3.17076969,1.477355,-5.64296246,63.60936,18.04169,-7.96170044,-2.5374217,-0.01000005,-4.95437336,36.609726,0.0,0.0,0.0,0.0,0.0,0.0
93.28807,DATA,1,1,3,10,0,42.3688278,42.3688278,-3.17394257,1.4765749,-5.644929,63.249752,19.22688,-7.56558228,-2.5374217,-0.01000005,-4.95437336,36.609726,0.0,0.0,0.0,0.0,0.0,0.0
93.3438,DATA,1,1,3,10,0,42.42456,42.42456,-3.17637014,1.47486949,-5.64596844,62.73942,19.5145588,-7.05639648,-2.5374217,-0.01000005,-4.95437336,36.609726,0.0,0.0,0.0,0.0,0.0,0.0
93.39956,DATA,1,1,3,10,0,42.4803162,42.4803162,-3.1775136,1.47348368,-5.64549732,63.8566628,19.0803528,-6.45144653,-2.5374217,-0.01000005,-4.95437336,36.609726,0.0,0.0,0.0,0.0,0.0,0.0
93.45488,DATA,1,1,3,10,0,42.5356369,42.5356369,-3.17768931,1.47093177,-5.644812,64.66776,18.3455086,-6.74105835,-2.5374217,-0.01000005,-4.95437336,36.609726,0.0,0.0,0.0,0.0,0.0,0.0
93.51027,DATA,1,1,3,10,0,42.5910263,42.5910263,-3.177178,1.46881127,-5.6438055,64.43663,17.1131954,-8.104187,-2.5374217,-0.01000005,-4.95437336,36.609726,0.0,0.0,0.0,0.0,0.0,0.0
93.56602,DATA,1,1,3,10,0,42.6467743,42.6467743,-3.17557669,1.46701765,-5.642692,64.74064,15.3467827,-10.2444153,-2.5374217,-0.01000005,-4.95437336,36.609726,0.0,0.0,0.0,0.0,0.0,0.0
93.6220245,DATA,1,1,3,10,0,42.70278,42.70278,-3.17388821,1.4648571,-5.6419,65.12586,14.9021568,-10.8733826,-2.5374217,-0.01000005,-4.95437336,36.609726,0.0,0.0,0.0,0.0,0.0,0.0
93.67767,DATA,1,1,3,10,0,42.75843,42.75843,-3.171662,1.46344042,-5.64111137,65.16156,14.89758,-10.97879,-2.5374217,-0.01000005,-4.95437336,36.609726,0.0,0.0,0.0,0.0,0.0,0.0
93.7324448,DATA,1,1,3,10,0,42.8132,42.8132,-3.16918826,1.46297193,-5.64037275,65.62173,13.8862629,-12.3064575,-2.5374217,-0.01000005,-4.95437336,36.609726,0.0,0.0,0.0,0.0,0.0,0.0
93.78801,DATA,1,1,3,10,0,42.8687668,42.8687668,-3.16770768,1.46244144,-5.63992167,65.9756851,12.9477768,-13.5930176,-2.5374217,-0.01000005,-4.95437336,36.609726,0.0,0.0,0.0,0.0,0.0,0.0
93.8444061,DATA,1,1,3,10,0,42.9251633,42.9251633,-3.16707253,1.461072,-5.63997173,66.0499,12.6425028,-13.970459,-2.5374217,-0.01000005,-4.95437336,36.609726,0.0,0.0,0.0,0.0,0.0,0.0
93.89981,DATA,1,1,3,10,0,42.9805679,42.9805679,-3.167117,1.46020591,-5.63985,66.11504,12.2598743,-13.91391,-2.5374217,-0.01000005,-4.95437336,36.609726,0.0,0.0,0.0,0.0,0.0,0.0
93.95528,DATA,1,1,3,10,0,43.0360336,43.0360336,-3.16744423,1.45958567,-5.63955545,65.99863,12.0644712,-13.4284363,-2.5374217,-0.01000005,-4.95437336,36.609726,0.0,0.0,0.0,0.0,0.0,0.0
94.0100555,DATA,1,1,3,10,0,43.0908127,43.0908127,-3.168031,1.46001148,-5.63908243,65.9186859,11.5413933,-13.4057312,-2.5374217,-0.01000005,-4.95437336,36.609726,0.0,0.0,0.0,0.0,0.0,0.0
94.06627,DATA,1,1,3,10,0,43.1470261,43.1470261,-3.168291,1.46013117,-5.638601,65.87106,11.2722864,-13.4172058,-2.5374217,-0.01000005,-4.95437336,36.609726,0.0,0.0,0.0,0.0,0.0,0.0
94.122,DATA,1,1,3,10,0,43.20276,43.20276,-3.1687,1.45994186,-5.63811159,65.96853,11.4840622,-13.1937866,-2.5374217,-0.01000005,-4.95437336,36.609726,0.0,0.0,0.0,0.0,0.0,0.0
94.17729,DATA,1,1,3,10,0,43.25805,43.25805,-3.16892171,1.4595902,-5.637921,65.98753,11.6691647,-13.0245056,-2.5374217,-0.01000005,-4.95437336,36.609726,0.0,0.0,0.0,0.0,0.0,0.0
94.23255,DATA,1,1,3,10,0,43.31331,43.31331,-3.168995,1.45953107,-5.63789129,65.9237061,11.52887,-13.1595764,-2.5374217,-0.01000005,-4.95437336,36.609726,0.0,0.0,0.0,0.0,0.0,0.0
94.28803,DATA,1,1,3,10,0,43.36879,43.36879,-3.16897225,1.45973015,-5.637796,65.95207,11.2791643,-13.1913452,-2.5374217,-0.01000005,-4.95437336,36.609726,0.0,0.0,0.0,0.0,0.0,0.0
94.34394,DATA,1,1,3,10,0,43.4246979,43.4246979,-3.16877937,1.4597826,-5.637505,66.05891,10.8441429,-13.4164124,-2.5374217,-0.01000005,-4.95437336,36.609726,0.0,0.0,0.0,0.0,0.0,0.0
94.39976,DATA,1,1,3,10,0,43.4805145,43.4805145,-3.16855884,1.45948339,-5.6372323,66.1190262,10.3454123,-13.7864075,-2.5374217,-0.01000005,-4.95437336,36.609726,0.0,0.0,0.0,0.0,0.0,0.0
94.45522,DATA,1,1,3,10,0,43.53598,43.53598,-3.16842175,1.458933,-5.63705444,66.1491,10.2758055,-13.927002,-2.5374217,-0.01000005,-4.95437336,36.609726,0.0,0.0,0.0,0.0,0.0,0.0
94.51025,DATA,1,1,3,10,0,43.5910034,43.5910034,-3.16820264,1.4589113,-5.636832,66.2330246,10.5246983,-13.8173218,-2.5374217,-0.01000005,-4.95437336,36.609726,0.0,0.0,0.0,0.0,0.0,0.0
94.56613,DATA,1,1,3,10,0,43.64689,43.64689,-3.16824818,1.45893669,-5.636509,66.3748,10.9331055,-13.5570374,-2.5374217,-0.01000005,-4.95437336,36.609726,0.0,0.0,0.0,0.0,0.0,0.0
94.6214447,DATA,1,1,3,10,0,43.7022,43.7022,-3.168295,1.459181,-5.63613367,66.37412,11.0635118,-13.54361,-2.5374217,-0.01000005,-4.95437336,36.609726,0.0,0.0,0.0,0.0,0.0,0.0
94.67752,DATA,1,1,3,10,0,43.7582779,43.7582779,-3.16825485,1.45903671,-5.636113,66.36025,10.8991289,-13.6084595,-2.5374217,-0.01000005,-4.95437336,36.609726,0.0,0.0,0.0,0.0,0.0,0.0
94.73235,DATA,1,1,3,10,0,43.81311,43.81311,-3.16810679,1.45916033,-5.636262,66.31918,10.6108894,-13.7497253,-2.5374217,-0.01000005,-4.95437336,36.609726,0.0,0.0,0.0,0.0,0.0,0.0
94.78773,DATA,1,1,3,10,0,43.8684845,43.8684845,-3.16815615,1.45914674,-5.63626671,66.30617,10.5748787,-13.7374268,-2.5374217,-0.01000005,-4.95437336,36.609726,0.0,0.0,0.0,0.0,0.0,0.0
94.84367,DATA,1,1,3,10,0,43.92443,43.92443,-3.168386,1.459263,-5.636181,66.2869,10.8052626,-13.5639343,-2.5374217,-0.01000005,-4.95437336,36.609726,0.0,0.0,0.0,0.0,0.0,0.0
94.89941,DATA,1,1,3,10,0,43.9801636,43.9801636,-3.16845822,1.459161,-5.63612127,66.26977,10.9027328,-13.5161438,-2.5374217,-0.01000005,-4.95437336,36.609726,0.0,0.0,0.0,0.0,0.0,0.0
94.9541855,DATA,1,1,3,10,0,44.0349426,44.0349426,-3.16835022,1.45902812,-5.63627529,66.2733154,10.8848639,-13.5726624,-2.5374217,-0.01000005,-4.95437336,36.609726,0.0,0.0,0.0,0.0,0.0,0.0
95.01004,DATA,1,1,3,10,0,44.0907974,44.0907974,-3.16802025,1.45878458,-5.636363,66.29903,10.626092,-13.8600464,-2.5374217,-0.01000005,-4.95437336,36.609726,0.0,0.0,0.0,0.0,0.0,0.0
95.06645,DATA,1,1,3,10,0,44.14721,44.14721,-3.16774464,1.45857072,-5.63625669,66.36526,10.5151167,-13.9649658,-2.5374217,-0.01000005,-4.95437336,36.609726,0.0,0.0,0.0,0.0,0.0,0.0
95.12204,DATA,1,1,3,10,0,44.2027969,44.2027969,-3.167556,1.45865679,-5.63615131,66.3988,10.42782,-14.160614,-2.5374217,-0.01000005,-4.95437336,36.609726,0.0,0.0,0.0,0.0,0.0,0.0
95.17759,DATA,1,1,3,10,0,44.2583466,44.2583466,-3.1674192,1.45865083,-5.636271,66.42773,10.4537706,-14.2585754,-2.5374217,-0.01000005,-4.95437336,36.609726,0.0,0.0,0.0,0.0,0.0,0.0
95.23435,DATA,1,1,3,10,0,44.31511,44.31511,-3.16736221,1.45855474,-5.636687,66.36817,10.3784609,-14.3569336,-2.5374217,-0.01000005,-4.95437336,36.609726,0.0,0.0,0.0,0.0,0.0,0.0
95.28763,DATA,1,1,3,10,0,44.3683853,44.3683853,-3.16734457,1.45854092,-5.63721,66.23158,10.2373476,-14.4518738,-2.5374217,-0.01000005,-4.95437336,36.609726,0.0,0.0,0.0,0.0,0.0,0.0
95.34355,DATA,1,1,3,10,0,44.42431,44.42431,-3.16722322,1.45869935,-5.637613,66.152916,10.1226406,-14.495697,-2.5374217,-0.01000005,-4.95437336,36.609726,0.0,0.0,0.0,0.0,0.0,0.0
95.39958,DATA,1,1,3,10,0,44.48034,44.48034,-3.167225,1.45866334,-5.63779068,66.11555,10.10907,-14.477356,-2.5374217,-0.01000005,-4.95437336,36.609726,0.0,0.0,0.0,0.0,0.0,0.0
95.455,DATA,1,1,3,10,0,44.53576,44.53576,-3.16702652,1.45862436,-5.637698,66.1281738,9.979999,-14.6607361,-2.5374217,-0.01000005,-4.95437336,36.609726,0.0,0.0,0.0,0.0,0.0,0.0
95.51009,DATA,1,1,3,10,0,44.59085,44.59085,-3.16685629,1.45857477,-5.637584,66.21542,9.934474,-14.6768188,-2.5374217,-0.01000005,-4.95437336,36.609726,0.0,0.0,0.0,0.0,0.0,0.0
95.5661545,DATA,1,1,3,10,0,44.64691,44.64691,-3.16666055,1.45857072,-5.63755274,66.23466,9.952481,-14.66156,-2.5374217,-0.01000005,-4.95437336,36.609726,0.0,0.0,0.0,0.0,0.0,0.0
95.62164,DATA,1,1,3,10,0,44.7024,44.7024,-3.16639233,1.45849252,-5.63760567,66.24421,9.79447,-14.8605347,-2.5374217,-0.01000005,-4.95437336,36.609726,0.0,0.0,0.0,0.0,0.0,0.0
95.67748,DATA,1,1,3,10,0,44.75824,44.75824,-3.16591287,1.45844162,-5.6378336,66.22669,9.582358,-15.0775757,-2.5374217,-0.01000005,-4.95437336,36.609726,0.0,0.0,0.0,0.0,0.0,0.0
95.73281,DATA,1,1,3,10,0,44.81357,44.81357,-3.16565275,1.4582746,-5.63796329,66.20437,9.40708351,-15.2243958,-2.5374217,-0.01000005,-4.95437336,36.609726,0.0,0.0,0.0,0.0,0.0,0.0
95.78754,DATA,1,1,3,10,0,44.8682938,44.8682938,-3.165625,1.45830357,-5.63800764,66.2281342,9.503775,-15.1746826,-2.5374217,-0.01000005,-4.95437336,36.609726,0.0,0.0,0.0,0.0,0.0,0.0
95.84389,DATA,1,1,3,10,0,44.9246445,44.9246445,-3.165698,1.45831609,-5.63803768,66.2277451,9.715988,-15.0397034,-2.5374217,-0.01000005,-4.95437336,36.609726,0.0,0.0,0.0,0.0,0.0,0.0
95.8996658,DATA,1,1,3,10,0,44.980423,44.980423,-3.1658113,1.4583782,-5.63787937,66.24189,9.724655,-14.9719543,-2.5374217,-0.01000005,-4.95437336,36.609726,0.0,0.0,0.0,0.0,0.0,0.0
95.95493,DATA,1,1,3,10,0,45.03569,45.03569,-3.165832,1.45833063,-5.63770962,66.2106857,9.576378,-15.0635376,-2.5374217,-0.01000005,-4.95437336,36.609726,0.0,0.0,0.0,0.0,0.0,0.0
96.01006,DATA,1,1,3,10,0,45.09082,45.09082,-3.165803,1.458247,-5.637596,66.26439,9.507922,-15.0922852,-2.5374217,-0.01000005,-4.95437336,36.609726,0.0,0.0,0.0,0.0,0.0,0.0
96.0662842,DATA,1,1,3,10,0,45.14704,45.14704,-3.165961,1.4583137,-5.637607,66.27556,9.63527,-15.0028687,-2.5374217,-0.01000005,-4.95437336,36.609726,0.0,0.0,0.0,0.0,0.0,0.0
96.12228,DATA,1,1,3,10,0,45.2030334,45.2030334,-3.16596031,1.45818329,-5.63768148,66.2873,9.751003,-14.9346924,-2.5374217,-0.01000005,-4.95437336,36.609726,0.0,0.0,0.0,0.0,0.0,0.0
96.17767,DATA,1,1,3,10,0,45.25843,45.25843,-3.165867,1.45826125,-5.637887,66.237114,9.584605,-15.0993042,-2.5374217,-0.01000005,-4.95437336,36.609726,0.0,0.0,0.0,0.0,0.0,0.0
96.23228,DATA,1,1,3,10,0,45.3130341,45.3130341,-3.165557,1.45823836,-5.638054,66.21044,9.362429,-15.26712,-2.5374217,-0.01000005,-4.95437336,36.609726,0.0,0.0,0.0,0.0,0.0,0.0
96.28837,DATA,1,1,3,10,0,45.3691254,45.3691254,-3.16526628,1.45851851,-5.638204,66.21619,9.601991,-15.1952515,-2.5374217,-0.01000005,-4.95437336,36.609726,0.0,0.0,0.0,0.0,0.0,0.0
96.34376,DATA,1,1,3,10,0,45.4245148,45.4245148,-3.16439533,1.46246457,-5.638223,66.09747,11.6018085,-14.1091,-2.5374217,-0.01000005,-4.95437336,36.609726,0.0,0.0,0.0,0.0,0.0,0.0
96.39973,DATA,1,1,3,10,0,45.480484,45.480484,-3.16376257,1.47199845,-5.63929224,65.02134,17.8133068,-10.1037292,-2.5374217,-0.01000005,-4.95437336,36.609726,0.0,0.0,0.0,0.0,0.0,0.0
96.455,DATA,1,1,3,10,0,45.53576,45.53576,-3.16123819,1.4843154,-5.64256525,62.51587,25.3264618,-4.31570435,-2.5374217,-0.01000005,-4.95437336,36.609726,0.0,0.0,0.0,0.0,0.0,0.0
96.50968,DATA,1,1,3,10,0,45.59044,45.59044,-3.15527868,1.49915791,-5.64871359,60.25674,29.9898643,-0.5274658,-2.5374217,-0.01000005,-4.95437336,36.609726,0.0,0.0,0.0,0.0,0.0,0.0
96.56589,DATA,1,1,3,10,0,45.6466446,45.6466446,-3.146884,1.51327062,-5.659213,57.79505,32.892807,2.10112882,-2.5374217,-0.01000005,-4.95437336,36.609726,0.0,0.0,0.0,0.0,0.0,0.0
96.62073,DATA,1,1,3,10,0,45.7014847,45.7014847,-3.13738847,1.5266099,-5.67335033,54.834095,34.11958,2.99444366,-2.5374217,-0.01000005,-4.95437336,36.609726,0.0,0.0,0.0,0.0,0.0,0.0
96.67578,DATA,1,1,3,10,0,45.75654,45.75654,-3.12734365,1.54052114,-5.6876893,53.4224854,34.78989,2.76475787,-2.5374217,-0.01000005,-4.95437336,36.609726,0.0,0.0,0.0,0.0,0.0,0.0
96.73063,DATA,1,1,3,10,0,45.8113861,45.8113861,-3.11892319,1.55379939,-5.70136261,53.09533,36.544014,2.903008,-2.5374217,-0.01000005,-4.95437336,36.609726,0.0,0.0,0.0,0.0,0.0,0.0
96.78684,DATA,1,1,3,10,0,45.8676,45.8676,-3.11343718,1.56574392,-5.71142864,52.97339,39.5773773,2.35693479,-2.5374217,-0.01000005,-4.95437336,36.609726,0.0,0.0,0.0,0.0,0.0,0.0
96.8416061,DATA,1,1,3,10,0,45.9223633,45.9223633,-3.11080956,1.57571936,-5.71838331,52.6146774,44.810627,2.29263687,-2.5374217,-0.01000005,-4.95437336,36.609726,0.0,0.0,0.0,0.0,0.0,0.0
96.89744,DATA,1,1,3,10,0,45.9781952,45.9781952,-3.11058235,1.58342266,-5.723438,51.9899445,49.0802765,1.954886,-2.5374217,-0.01000005,-4.95437336,36.609726,0.0,0.0,0.0,0.0,0.0,0.0
96.95249,DATA,1,1,3,10,0,46.03325,46.03325,-3.11278415,1.588156,-5.729407,49.93267,50.87604,1.80685019,-2.5374217,-0.01000005,-4.95437336,36.609726,0.0,0.0,0.0,0.0,0.0,0.0
97.0079346,DATA,1,1,3,10,0,46.08869,46.08869,-3.1170702,1.59052157,-5.7365346,46.73593,50.39075,1.43742526,-2.5374217,-0.01000005,-4.95437336,36.609726,0.0,0.0,0.0,0.0,0.0,0.0
97.06356,DATA,1,1,3,10,0,46.1443176,46.1443176,-3.12231827,1.59178686,-5.74351168,44.1046371,49.7703743,1.13566315,-2.5374217,-0.01000005,-4.95437336,36.609726,0.0,0.0,0.0,0.0,0.0,0.0
97.12019,DATA,1,1,3,10,0,46.20095,46.20095,-3.12869167,1.593452,-5.74935341,41.9807129,50.324688,2.16752934,-2.5374217,-0.01000005,-4.95437336,36.609726,0.0,0.0,0.0,0.0,0.0,0.0
97.17759,DATA,1,1,3,10,0,46.2583466,46.2583466,-3.13565922,1.59487581,-5.754543,39.7076073,49.85234,2.90638518,-2.5374217,-0.01000005,-4.95437336,36.609726,0.0,0.0,0.0,0.0,0.0,0.0
97.234314,DATA,1,1,3,10,0,46.31507,46.31507,-3.14403868,1.59563518,-5.75877571,37.082283,49.9563179,3.59179926,-2.5374217,-0.01000005,-4.95437336,36.609726,0.0,0.0,0.0,0.0,0.0,0.0
97.29105,DATA,1,1,3,10,0,46.37181,46.37181,-3.15304136,1.59476471,-5.762506,33.8315735,50.3580933,3.85007215,-2.5374217,-0.01000005,-4.95437336,36.609726,0.0,0.0,0.0,0.0,0.0,0.0
97.34792,DATA,1,1,3,10,0,46.42868,46.42868,-3.15719676,1.595551,-5.764483,32.22958,49.85198,3.68015885,-2.5374217,-0.01000005,-4.95437336,36.609726,0.0,0.0,0.0,0.0,0.0,0.0
97.40589,DATA,1,1,3,10,0,46.48665,46.48665,-3.158011,1.5965476,-5.763314,30.9624748,49.70042,3.25593877,-2.5374217,-0.01000005,-4.95437336,36.609726,0.0,0.0,0.0,0.0,0.0,0.0
97.46226,DATA,1,1,3,10,0,46.5430145,46.5430145,-3.15930676,1.59781885,-5.76377439,30.028883,49.1423874,3.24296784,-2.5374217,-0.01000005,-4.95437336,36.609726,0.0,0.0,0.0,0.0,0.0,0.0
97.51776,DATA,1,1,3,10,0,46.59852,46.59852,-3.16186261,1.59809852,-5.76431465,28.7908726,49.29238,3.75937247,-2.5374217,-0.01000005,-4.95437336,36.609726,0.0,0.0,0.0,0.0,0.0,0.0
97.5737457,DATA,1,1,3,10,0,46.6545029,46.6545029,-3.1631484,1.59803772,-5.765309,27.3874416,49.5006142,3.786554,-2.5374217,-0.01000005,-4.95437336,36.609726,0.0,0.0,0.0,0.0,0.0,0.0
97.627655,DATA,1,1,3,10,0,46.7084122,46.7084122,-3.16342926,1.59843946,-5.765637,27.418623,49.9155121,3.786519,-2.5374217,-0.01000005,-4.95437336,36.609726,0.0,0.0,0.0,0.0,0.0,0.0
97.68378,DATA,1,1,3,10,0,46.764534,46.764534,-3.16324663,1.59823561,-5.765828,27.1242828,50.2235,3.89719725,-2.5374217,-0.01000005,-4.95437336,36.609726,0.0,0.0,0.0,0.0,0.0,0.0
97.7396,DATA,1,1,3,10,0,46.82036,46.82036,-3.11272216,1.59795034,-5.6981554,26.5978451,50.6203537,3.84438872,-2.48640513,-0.01000011,-4.885704,36.609726,0.0,0.0,1.0,0.0,0.0,0.0
97.79868,DATA,1,1,3,10,0,46.87944,46.87944,-3.00774145,1.597749,-5.557685,26.1092548,50.9876366,3.73773527,-2.381322,-0.01000005,-4.74426,36.609726,0.0,0.0,1.0,0.0,0.0,0.0
97.854805,DATA,1,1,3,10,0,46.9355621,46.9355621,-2.9066503,1.59772062,-5.42313242,25.8161182,51.2221642,3.52849627,-2.2805922,-0.01000005,-4.608675,36.609726,0.0,0.0,1.0,0.0,0.0,0.0
97.9101944,DATA,1,1,3,10,0,46.99095,46.99095,-2.806916,1.59769726,-5.29017258,25.3077,51.29492,3.1330173,-2.1810832,-0.0100001693,-4.47473335,36.609726,0.0,0.0,0.0,0.0,0.0,0.0
97.9658,DATA,1,1,3,10,0,47.0465546,47.0465546,-2.80634427,1.597923,-5.291215,24.7196617,51.2566071,2.76744676,-2.1810832,-0.0100001693,-4.47473335,36.609726,0.0,0.0,0.0,0.0,0.0,0.0
98.0218048,DATA,1,1,3,10,0,47.102562,47.102562,-2.80575633,1.59870338,-5.29206371,23.5434036,51.3036156,2.49306321,-2.1810832,-0.0100001693,-4.47473335,36.609726,0.0,0.0,0.0,0.0,0.0,0.0
98.07722,DATA,1,1,3,10,0,47.1579742,47.1579742,-2.805111,1.600563,-5.29313946,22.2367821,51.3715,2.18103886,-2.1810832,-0.0100001693,-4.47473335,36.609726,0.0,0.0,0.0,0.0,0.0,0.0
98.13264,DATA,1,1,3,10,0,47.2133942,47.2133942,-2.80439544,1.60270929,-5.29410934,20.5771427,51.49085,1.6851902,-2.1810832,-0.0100001693,-4.47473335,36.609726,0.0,0.0,0.0,0.0,0.0,0.0
98.18859,DATA,1,1,3,10,0,47.26935,47.26935,-2.804256,1.60462165,-5.295318,19.6061554,51.8305244,1.19863856,-2.1810832,-0.0100001693,-4.47473335,36.609726,0.0,0.0,0.0,0.0,0.0,0.0
98.24477,DATA,1,1,3,10,0,47.3255234,47.3255234,-2.83956313,1.60570765,-5.26875925,19.0501156,55.67084,1.07413161,-2.1810832,-0.0100001693,-4.47473335,39.076416,0.848750234,-0.528763652,0.0,0.0,0.0,0.0
98.3004761,DATA,1,1,3,10,0,47.3812332,47.3812332,-2.897535,1.60618067,-5.21901655,18.1850624,60.3363266,0.740973651,-2.1810832,-0.0100001693,-4.47473335,43.3533936,0.8458816,-0.533311,0.0,0.0,0.0,0.0
98.35604,DATA,1,1,3,10,0,47.4368,47.4368,-2.95129466,1.6068995,-5.16620541,16.5571442,64.99958,0.49289906,-2.1810832,-0.0100001693,-4.47473335,47.55793,0.8449354,-0.5348369,0.0,0.0,0.0,0.0
98.41128,DATA,1,1,3,10,0,47.4920349,47.4920349,-3.000801,1.60965586,-5.10813761,14.5205183,69.15232,0.3547284,-2.1810832,-0.0100001693,-4.47473335,51.8292923,0.838953853,-0.5441145,0.0,0.0,0.0,0.0
98.46736,DATA,1,1,3,10,0,47.54812,47.54812,-3.04448628,1.61224413,-5.04913425,12.127903,73.31751,0.324413657,-2.1810832,-0.0100001693,-4.47473335,55.9369164,0.8319346,-0.554796,0.0,0.0,0.0,0.0
98.52313,DATA,1,1,3,10,0,47.60389,47.60389,-3.07044125,1.61521292,-5.01147366,10.1469212,75.07189,0.06875315,-2.1810832,-0.0100001693,-4.47473335,58.5245171,0.0,0.0,0.0,0.0,0.0,0.0
98.5784,DATA,1,1,3,10,0,47.6591568,47.6591568,-3.0721128,1.61804962,-5.01337528,8.750032,75.55017,0.249706522,-2.1810832,-0.0100001693,-4.47473335,58.5245171,0.0,0.0,0.0,0.0,0.0,0.0
98.63441,DATA,1,1,3,10,0,47.7151642,47.7151642,-3.07350731,1.61972189,-5.015786,7.375,76.80994,1.27428317,-2.1810832,-0.0100001693,-4.47473335,58.5245171,0.0,0.0,0.0,0.0,0.0,0.0
98.68911,DATA,1,1,3,10,0,47.7698669,47.7698669,-3.07574749,1.621465,-5.01831627,6.276232,78.75885,2.25902843,-2.1810832,-0.0100001693,-4.47473335,58.5245171,0.0,0.0,0.0,0.0,0.0,0.0
98.74503,DATA,1,1,3,10,0,47.82579,47.82579,-3.07852435,1.62374878,-5.01953554,5.55711031,80.34638,2.717487,-2.1810832,-0.0100001693,-4.47473335,58.5245171,0.0,0.0,0.0,0.0,0.0,0.0
98.80047,DATA,1,1,3,10,0,47.8812256,47.8812256,-3.08168721,1.62636566,-5.02009249,4.3651,80.4037,2.64367533,-2.1810832,-0.0100001693,-4.47473335,58.5245171,0.0,0.0,0.0,0.0,0.0,0.0
98.85665,DATA,1,1,3,10,0,47.93741,47.93741,-3.08511543,1.62891269,-5.01928663,2.64950323,79.7973251,2.21212339,-2.1810832,-0.0100001693,-4.47473335,58.5245171,0.0,0.0,0.0,0.0,0.0,0.0
98.91176,DATA,1,1,3,10,0,47.9925156,47.9925156,-3.08839679,1.63169074,-5.018677,0.585177362,79.06096,2.848676,-2.1810832,-0.0100001693,-4.47473335,58.5245171,0.0,0.0,0.0,0.0,0.0,0.0
98.96762,DATA,1,1,3,10,0,48.048378,48.048378,-3.09145212,1.63342428,-5.01850128,-1.03427124,78.6240158,3.033775,-2.1810832,-0.0100001693,-4.47473335,58.5245171,0.0,0.0,0.0,0.0,0.0,0.0
99.02366,DATA,1,1,3,10,0,48.1044159,48.1044159,-3.09362721,1.63360071,-5.018838,-1.81143188,78.59104,2.54410672,-2.1810832,-0.0100001693,-4.47473335,58.5245171,0.0,0.0,0.0,0.0,0.0,0.0
99.07895,DATA,1,1,3,10,0,48.1597061,48.1597061,-3.09467053,1.63249922,-5.01948833,-1.8706665,78.64949,2.03579521,-2.1810832,-0.0100001693,-4.47473335,58.5245171,0.0,0.0,0.0,0.0,0.0,0.0
99.1351852,DATA,1,1,3,10,0,48.2159424,48.2159424,-3.0948503,1.63084149,-5.02073526,-1.217041,78.90626,1.73603237,-2.1810832,-0.0100001693,-4.47473335,58.5245171,0.0,0.0,0.0,0.0,0.0,0.0
99.19014,DATA,1,1,3,10,0,48.2708969,48.2708969,-3.09416032,1.62963271,-5.021893,-0.712554932,79.3391953,1.42496622,-2.1810832,-0.0100001693,-4.47473335,58.5245171,0.0,0.0,0.0,0.0,0.0,0.0
99.24628,DATA,1,1,3,10,0,48.327034,48.327034,-3.09322882,1.62977958,-5.023097,-0.296600342,80.10886,1.3646456,-2.1810832,-0.0100001693,-4.47473335,58.5245171,0.0,0.0,0.0,0.0,0.0,0.0
99.30139,DATA,1,1,3,10,0,48.38215,48.38215,-3.091522,1.6302197,-5.02402544,-0.260467529,80.621376,1.33834028,-2.1810832,-0.0100001693,-4.47473335,58.5245171,0.0,0.0,0.0,0.0,0.0,0.0
99.357254,DATA,1,1,3,10,0,48.43801,48.43801,-3.08990812,1.63060832,-5.02516031,-0.04043579,81.29176,1.31534851,-2.1810832,-0.0100001693,-4.47473335,58.5245171,0.0,0.0,0.0,0.0,0.0,0.0
99.41231,DATA,1,1,3,10,0,48.4930649,48.4930649,-3.088152,1.63010025,-5.026235,0.283322722,81.79783,1.12257612,-2.1810832,-0.0100001693,-4.47473335,58.5245171,0.0,0.0,0.0,0.0,0.0,0.0
99.4674,DATA,1,1,3,10,0,48.5481567,48.5481567,-3.087071,1.62935162,-5.02706242,0.707945049,81.91608,0.8492398,-2.1810832,-0.0100001693,-4.47473335,58.5245171,0.0,0.0,0.0,0.0,0.0,0.0
99.523674,DATA,1,1,3,10,0,48.60443,48.60443,-3.085813,1.628818,-5.02752447,1.08286893,81.88024,0.642155647,-2.1810832,-0.0100001693,-4.47473335,58.5245171,0.0,0.0,0.0,0.0,0.0,0.0
99.57941,DATA,1,1,3,10,0,48.6601639,48.6601639,-3.085254,1.62853909,-5.02780628,1.29579687,81.79978,0.6163309,-2.1810832,-0.0100001693,-4.47473335,58.5245171,0.0,0.0,0.0,0.0,0.0,0.0
99.6346,DATA,1,1,3,10,0,48.7153549,48.7153549,-3.08444142,1.62834859,-5.02765226,1.353259,81.61515,0.5839048,-2.1810832,-0.0100001693,-4.47473335,58.5245171,0.0,0.0,0.0,0.0,0.0,0.0
99.68999,DATA,1,1,3,10,0,48.7707443,48.7707443,-3.08438134,1.62837791,-5.0275054,1.43706834,81.36475,0.47228384,-2.1810832,-0.0100001693,-4.47473335,58.5245171,0.0,0.0,0.0,0.0,0.0,0.0
99.74591,DATA,1,1,3,10,0,48.8266678,48.8266678,-3.08410859,1.62812591,-5.02728558,1.39006114,81.13793,0.3732225,-2.1810832,-0.0100001693,-4.47473335,58.5245171,0.0,0.0,0.0,0.0,0.0,0.0
99.8012,DATA,1,1,3,10,0,48.881958,48.881958,-3.08429933,1.62809038,-5.02696276,1.38061237,80.86655,0.2856519,-2.1810832,-0.0100001693,-4.47473335,58.5245171,0.0,0.0,0.0,0.0,0.0,0.0
99.85741,DATA,1,1,3,10,0,48.9381638,48.9381638,-3.08458,1.62777424,-5.026594,1.51556432,80.64622,0.29158026,-2.1810832,-0.0100001693,-4.47473335,58.5245171,0.0,0.0,0.0,0.0,0.0,0.0
99.91225,DATA,1,1,3,10,0,48.9930038,48.9930038,-3.084647,1.627569,-5.02632475,1.53743732,80.5769653,0.2987688,-2.1810832,-0.0100001693,-4.47473335,58.5245171,0.0,0.0,0.0,0.0,0.0,0.0
99.96729,DATA,1,1,3,10,0,49.04805,49.04805,-3.08496547,1.62780523,-5.025944,1.43395782,80.38781,0.283907026,-2.1810832,-0.0100001693,-4.47473335,58.5245171,0.0,0.0,0.0,0.0,0.0,0.0
100.023163,DATA,1,1,3,10,0,49.10392,49.10392,-3.0847764,1.62800312,-5.02535439,1.34572864,80.003,0.288220525,-2.1810832,-0.0100001693,-4.47473335,58.5245171,0.0,0.0,0.0,0.0,0.0,0.0
100.0797,DATA,1,1,3,10,0,49.1604538,49.1604538,-3.08504152,1.6282,-5.02451468,1.42300713,79.29325,0.26777938,-2.1810832,-0.0100001693,-4.47473335,58.5245171,0.0,0.0,0.0,0.0,0.0,0.0
100.1349,DATA,1,1,3,10,0,49.21566,49.21566,-3.084855,1.62856388,-5.02254534,1.52693081,77.66265,0.3328356,-2.1810832,-0.0100001693,-4.47473335,58.5245171,0.0,0.0,0.0,0.0,0.0,0.0
100.189407,DATA,1,1,3,10,0,49.2701645,49.2701645,-3.08484674,1.62890053,-5.01925039,1.18491364,74.75461,0.3386501,-2.1810832,-0.0100001693,-4.47473335,58.5245171,0.0,0.0,0.0,0.0,0.0,0.0
100.245415,DATA,1,1,3,10,0,49.32617,49.32617,-3.08445668,1.62942863,-5.016238,0.780950069,71.6526,0.408640265,-2.1810832,-0.0100001693,-4.47473335,58.5245171,0.0,0.0,0.0,0.0,0.0,0.0
100.300972,DATA,1,1,3,10,0,49.38173,49.38173,-3.08421373,1.63015413,-5.0138526,0.202869669,69.2798157,-0.3883667,-2.1810832,-0.0100001693,-4.47473335,58.5245171,0.0,0.0,0.0,0.0,0.0,0.0
100.357681,DATA,1,1,3,10,0,49.43844,49.43844,-3.08350062,1.63027549,-5.012611,-0.172729492,67.89798,-0.552703857,-2.1810832,-0.0100001693,-4.47473335,58.5245171,0.0,0.0,0.0,0.0,0.0,0.0
100.412041,DATA,1,1,3,10,0,49.4927979,49.4927979,-3.08279848,1.630445,-5.01193666,-0.383117676,67.6415253,-0.7799072,-2.1810832,-0.0100001693,-4.47473335,58.5245171,0.0,0.0,0.0,0.0,0.0,0.0
100.467575,DATA,1,1,3,10,0,49.5483322,49.5483322,-3.08208323,1.63007689,-5.012037,-0.3224182,68.04998,-0.7602844,-2.1810832,-0.0100001693,-4.47473335,58.5245171,0.0,0.0,0.0,0.0,0.0,0.0
100.524063,DATA,1,1,3,10,0,49.60482,49.60482,-3.08161616,1.62963223,-5.012212,-0.261749268,68.51853,-0.688262939,-2.1810832,-0.0100001693,-4.47473335,58.5245171,0.0,0.0,0.0,0.0,0.0,0.0
100.579414,DATA,1,1,3,10,0,49.66017,49.66017,-3.08142948,1.62913942,-5.01273441,-0.06637573,69.16388,-0.400787354,-2.1810832,-0.0100001693,-4.47473335,58.5245171,0.0,0.0,0.0,0.0,0.0,0.0
100.6348,DATA,1,1,3,10,0,49.71556,49.71556,-3.081068,1.62860775,-5.01411,0.10995245,70.2624741,-0.09536743,-2.1810832,-0.0100001693,-4.47473335,58.5245171,0.0,0.0,0.0,0.0,0.0,0.0
100.68988,DATA,1,1,3,10,0,49.7706375,49.7706375,-3.0808146,1.62813759,-5.015967,0.388723135,71.79221,0.336852163,-2.1810832,-0.0100001693,-4.47473335,58.5245171,0.0,0.0,0.0,0.0,0.0,0.0
100.745461,DATA,1,1,3,10,0,49.8262177,49.8262177,-3.080401,1.62740993,-5.01844168,0.7001089,74.02063,0.512796,-2.1810832,-0.0100001693,-4.47473335,58.5245171,0.0,0.0,0.0,0.0,0.0,0.0
100.80146,DATA,1,1,3,10,0,49.8822174,49.8822174,-3.08037853,1.62693453,-5.02076769,0.7364772,76.41816,1.51655161,-2.1810832,-0.0100001693,-4.47473335,58.5245171,0.0,0.0,0.0,0.0,0.0,0.0
100.8573,DATA,1,1,3,10,0,49.9380569,49.9380569,-3.080291,1.626862,-5.022598,0.5098477,78.31896,1.87369406,-2.1810832,-0.0100001693,-4.47473335,58.5245171,0.0,0.0,0.0,0.0,0.0,0.0
100.91172,DATA,1,1,3,10,0,49.9924774,49.9924774,-3.08068037,1.6269393,-5.02359533,0.4353532,79.3569,2.29464,-2.1810832,-0.0100001693,-4.47473335,58.5245171,0.0,0.0,0.0,0.0,0.0,0.0
100.967476,DATA,1,1,3,10,0,50.048233,50.048233,-3.08089232,1.62689447,-5.02460766,0.368832022,80.16782,2.4421773,-2.1810832,-0.0100001693,-4.47473335,58.5245171,0.0,0.0,0.0,0.0,0.0,0.0
101.023262,DATA,1,1,3,10,0,50.10402,50.10402,-3.0811,1.62678933,-5.02496862,0.132938981,80.5387344,2.587918,-2.1810832,-0.0100001693,-4.47473335,58.5245171,0.0,0.0,0.0,0.0,0.0,0.0
101.07933,DATA,1,1,3,10,0,50.1600876,50.1600876,-3.08122969,1.62705016,-5.025272,-0.08465576,80.72173,2.57920074,-2.1810832,-0.0100001693,-4.47473335,58.5245171,0.0,0.0,0.0,0.0,0.0,0.0
101.134842,DATA,1,1,3,10,0,50.2156,50.2156,-3.08144975,1.62763643,-5.02535248,-0.283203125,80.84327,2.61434364,-2.1810832,-0.0100001693,-4.47473335,58.5245171,0.0,0.0,0.0,0.0,0.0,0.0
101.189575,DATA,1,1,3,10,0,50.2703323,50.2703323,-3.08153439,1.628104,-5.02558756,-0.58895874,81.08367,2.90929,-2.1810832,-0.0100001693,-4.47473335,58.5245171,0.0,0.0,0.0,0.0,0.0,0.0
101.24575,DATA,1,1,3,10,0,50.3265076,50.3265076,-3.08191156,1.62863469,-5.025948,-0.7340393,81.45828,2.842809,-2.1810832,-0.0100001693,-4.47473335,58.5245171,0.0,0.0,0.0,0.0,0.0,0.0
101.301308,DATA,1,1,3,10,0,50.3820648,50.3820648,-3.08197021,1.62870049,-5.026026,-0.988311768,81.59021,2.87534785,-2.1810832,-0.0100001693,-4.47473335,58.5245171,0.0,0.0,0.0,0.0,0.0,0.0
101.3575,DATA,1,1,3,10,0,50.4382553,50.4382553,-3.08195019,1.628252,-5.026076,-1.11026,81.59475,2.9284668,-2.1810832,-0.0100001693,-4.47473335,58.5245171,0.0,0.0,0.0,0.0,0.0,0.0
101.412041,DATA,1,1,3,10,0,50.4927979,50.4927979,-3.08195925,1.62781739,-5.02591944,-1.01342773,81.48163,2.91354227,-2.1810832,-0.0100001693,-4.47473335,58.5245171,0.0,0.0,0.0,0.0,0.0,0.0
101.468765,DATA,1,1,3,10,0,50.5495224,50.5495224,-3.081496,1.62730408,-5.025895,-1.08605957,81.49548,2.79253435,-2.1810832,-0.0100001693,-4.47473335,58.5245171,0.0,0.0,0.0,0.0,0.0,0.0
101.523674,DATA,1,1,3,10,0,50.60443,50.60443,-3.08207583,1.62783837,-5.02598953,-1.02581787,81.63839,2.71815825,-2.1810832,-0.0100001693,-4.47473335,58.5245171,0.0,0.0,0.0,0.0,0.0,0.0
101.579376,DATA,1,1,3,10,0,50.6601334,50.6601334,-3.082151,1.628104,-5.026039,-1.13092041,81.6909,2.60698342,-2.1810832,-0.0100001693,-4.47473335,58.5245171,0.0,0.0,0.0,0.0,0.0,0.0
101.63472,DATA,1,1,3,10,0,50.715477,50.715477,-3.08266354,1.62829757,-5.026097,-1.16210938,81.68316,2.701959,-2.1810832,-0.0100001693,-4.47473335,58.5245171,0.0,0.0,0.0,0.0,0.0,0.0
101.689613,DATA,1,1,3,10,0,50.77037,50.77037,-3.08303285,1.6283648,-5.02609444,-1.09637451,81.5418854,2.60314536,-2.1810832,-0.0100001693,-4.47473335,58.5245171,0.0,0.0,0.0,0.0,0.0,0.0
101.745964,DATA,1,1,3,10,0,50.82672,50.82672,-3.08366036,1.6285131,-5.02616358,-1.12564087,81.48327,2.69908738,-2.1810832,-0.0100001693,-4.47473335,58.5245171,0.0,0.0,0.0,0.0,0.0,0.0
101.801437,DATA,1,1,3,10,0,50.8821945,50.8821945,-3.08386421,1.628679,-5.02639771,-1.241272,81.51115,2.71314454,-2.1810832,-0.0100001693,-4.47473335,58.5245171,0.0,0.0,0.0,0.0,0.0,0.0
101.857025,DATA,1,1,3,10,0,50.9377823,50.9377823,-3.084341,1.62906766,-5.026525,-1.41363525,81.625885,2.71342826,-2.1810832,-0.0100001693,-4.47473335,58.5245171,0.0,0.0,0.0,0.0,0.0,0.0
101.912094,DATA,1,1,3,10,0,50.99285,50.99285,-3.08457947,1.62930751,-5.02702951,-1.45144653,82.04406,2.740779,-2.1810832,-0.0100001693,-4.47473335,58.5245171,0.0,0.0,0.0,0.0,0.0,0.0
101.967247,DATA,1,1,3,10,0,51.0480042,51.0480042,-3.085368,1.629967,-5.02856255,-1.27438354,83.09999,2.79946542,-2.1810832,-0.0100001693,-4.47473335,58.5245171,0.0,0.0,0.0,0.0,0.0,0.0
102.023849,DATA,1,1,3,10,0,51.1046066,51.1046066,-3.08587575,1.630727,-5.03029966,-1.42660522,84.9114,2.93203068,-2.1810832,-0.0100001693,-4.47473335,58.5245171,0.0,0.0,0.0,0.0,0.0,0.0
102.079155,DATA,1,1,3,10,0,51.1599121,51.1599121,-3.086386,1.63113451,-5.03203154,-1.78079224,86.67339,3.42940474,-2.1810832,-0.0100001693,-4.47473335,58.5245171,0.0,0.0,0.0,0.0,0.0,0.0
102.1348,DATA,1,1,3,10,0,51.21556,51.21556,-3.0871346,1.6315155,-5.03338,-1.87979126,87.81252,3.42092586,-2.1810832,-0.0100001693,-4.47473335,58.5245171,0.0,0.0,0.0,0.0,0.0,0.0
102.189819,DATA,1,1,3,10,0,51.2705765,51.2705765,-3.08723521,1.63159919,-5.034689,-2.09466553,88.30631,3.19496441,-2.1810832,-0.0100001693,-4.47473335,58.5245171,0.0,0.0,0.0,0.0,0.0,0.0
102.245628,DATA,1,1,3,10,0,51.3263855,51.3263855,-3.087542,1.6317811,-5.035564,-2.128418,88.33638,2.92230487,-2.1810832,-0.0100001693,-4.47473335,58.5245171,0.0,0.0,0.0,0.0,0.0,0.0
102.302124,DATA,1,1,3,10,0,51.38288,51.38288,-3.08730674,1.6320684,-5.03661871,-2.24703979,88.39336,2.7887,-2.1810832,-0.0100001693,-4.47473335,58.5245171,0.0,0.0,0.0,0.0,0.0,0.0
102.35675,DATA,1,1,3,10,0,51.4375076,51.4375076,-3.087372,1.63236189,-5.037461,-2.368988,88.41154,2.54075217,-2.1810832,-0.0100001693,-4.47473335,58.5245171,0.0,0.0,0.0,0.0,0.0,0.0
102.411674,DATA,1,1,3,10,0,51.49243,51.49243,-3.08729959,1.63239765,-5.038097,-2.157318,88.4637,2.31380153,-2.1810832,-0.0100001693,-4.47473335,58.5245171,0.0,0.0,0.0,0.0,0.0,0.0
102.467659,DATA,1,1,3,10,0,51.5484161,51.5484161,-3.08772,1.63242865,-5.03838062,-1.84561157,88.54414,2.22714686,-2.1810832,-0.0100001693,-4.47473335,58.5245171,0.0,0.0,0.0,0.0,0.0,0.0
102.5237,DATA,1,1,3,10,0,51.604454,51.604454,-3.08788037,1.63233471,-5.03855658,-1.42880249,88.49343,2.075022,-2.1810832,-0.0100001693,-4.47473335,58.5245171,0.0,0.0,0.0,0.0,0.0,0.0
102.579636,DATA,1,1,3,10,0,51.6603928,51.6603928,-3.08831048,1.63202977,-5.038359,-1.03829956,88.33336,2.02214217,-2.1810832,-0.0100001693,-4.47473335,58.5245171,0.0,0.0,0.0,0.0,0.0,0.0
102.634315,DATA,1,1,3,10,0,51.7150726,51.7150726,-3.08812332,1.63172364,-5.03802729,-0.8619385,87.74469,1.74135876,-2.1810832,-0.0100001693,-4.47473335,58.5245171,0.0,0.0,0.0,0.0,0.0,0.0
102.68969,DATA,1,1,3,10,0,51.7704468,51.7704468,-3.08816314,1.63172984,-5.037457,-0.755310059,87.0665359,1.46022451,-2.1810832,-0.0100001693,-4.47473335,58.5245171,0.0,0.0,0.0,0.0,0.0,0.0
102.744972,DATA,1,1,3,10,0,51.82573,51.82573,-3.08780861,1.63163662,-5.036956,-0.666046143,86.44262,1.24913132,-2.1810832,-0.0100001693,-4.47473335,58.5245171,0.0,0.0,0.0,0.0,0.0,0.0
102.801079,DATA,1,1,3,10,0,51.8818359,51.8818359,-3.087425,1.63154125,-5.03651333,-0.596405,85.91252,1.11498725,-2.1810832,-0.0100001693,-4.47473335,58.5245171,0.0,0.0,0.0,0.0,0.0,0.0
102.856506,DATA,1,1,3,10,0,51.9372635,51.9372635,-3.08679318,1.63131547,-5.036258,-0.542449951,85.57299,0.9720643,-2.1810832,-0.0100001693,-4.47473335,58.5245171,0.0,0.0,0.0,0.0,0.0,0.0
102.911583,DATA,1,1,3,10,0,51.99234,51.99234,-3.085958,1.63091207,-5.03606844,-0.355651855,85.3169556,0.935866356,-2.1810832,-0.0100001693,-4.47473335,58.5245171,0.0,0.0,0.0,0.0,0.0,0.0
102.966858,DATA,1,1,3,10,0,52.0476151,52.0476151,-3.08463073,1.63030863,-5.035281,0.107236356,84.66106,0.862761557,-2.1810832,-0.0100001693,-4.47473335,58.5245171,0.0,0.0,0.0,0.0,0.0,0.0
103.022995,DATA,1,1,3,10,0,52.1037521,52.1037521,-3.08068347,1.62889957,-5.03390837,2.03521442,83.3742142,1.19135559,-2.1810832,-0.0100001693,-4.47473335,58.5245171,0.0,0.0,0.0,0.0,0.0,0.0
103.078773,DATA,1,1,3,10,0,52.15953,52.15953,-3.07050419,1.62802839,-5.031499,6.83023071,82.53821,1.00387907,-2.1810832,-0.0100001693,-4.47473335,58.5245171,0.0,0.0,0.0,0.0,0.0,0.0
103.133812,DATA,1,1,3,10,0,52.21457,52.21457,-3.0527873,1.624918,-5.027529,12.3206491,82.4379349,-0.1434021,-2.1810832,-0.0100001693,-4.47473335,58.5245171,0.0,0.0,0.0,0.0,0.0,0.0
103.188225,DATA,1,1,3,10,0,52.2689819,52.2689819,-3.03009629,1.62210989,-5.0234046,18.5735,81.22177,-1.0116272,-2.1810832,-0.0100001693,-4.47473335,58.5245171,0.0,0.0,0.0,0.0,0.0,0.0
103.244225,DATA,1,1,3,10,0,52.32498,52.32498,-3.00550222,1.61764073,-5.01852751,25.5996857,78.37241,-2.01412964,-2.1810832,-0.0100001693,-4.47473335,58.5245171,0.0,0.0,0.0,0.0,0.0,0.0
103.299,DATA,1,1,3,10,0,52.37976,52.37976,-2.983321,1.61023808,-5.01257658,31.77976,76.11909,-2.666809,-2.1810832,-0.0100001693,-4.47473335,58.5245171,0.0,0.0,0.0,0.0,0.0,0.0
103.354156,DATA,1,1,3,10,0,52.4349136,52.4349136,-2.9640708,1.599114,-5.005582,36.49106,74.26724,-3.55291748,-2.1810832,-0.0100001693,-4.47473335,58.5245171,0.0,0.0,0.0,0.0,0.0,0.0
103.414124,DATA,1,1,3,10,0,52.49488,52.49488,-2.94570112,1.58702278,-4.996305,43.17758,72.6843643,-6.012848,-2.1810832,-0.0100001693,-4.47473335,58.5245171,0.0,0.0,0.0,0.0,0.0,0.0
103.473251,DATA,1,1,3,10,0,52.55401,52.55401,-2.92914,1.57289839,-4.98610926,48.96575,72.7481842,-7.766754,-2.1810832,-0.0100001693,-4.47473335,58.5245171,0.0,0.0,0.0,0.0,0.0,0.0
103.529175,DATA,1,1,3,10,0,52.6099319,52.6099319,-2.9165082,1.56031227,-4.978102,52.6970329,70.00635,-8.359375,-2.1810832,-0.0100001693,-4.47473335,58.5245171,0.0,0.0,0.0,0.0,0.0,0.0
103.589844,DATA,1,1,3,10,0,52.6706,52.6706,-2.90556121,1.54706454,-4.969747,55.01043,65.44217,-8.901581,-2.1810832,-0.0100001693,-4.47473335,58.5245171,0.0,0.0,0.0,0.0,0.0,0.0
103.646233,DATA,1,1,3,10,0,52.72699,52.72699,-2.89528561,1.53661036,-4.959253,59.01517,60.6941757,-10.1560974,-2.1810832,-0.0100001693,-4.47473335,58.5245171,0.0,0.0,0.0,0.0,0.0,0.0
103.703133,DATA,1,1,3,10,0,52.78389,52.78389,-2.886858,1.525697,-4.946014,63.34243,58.965023,-8.597168,-2.1810832,-0.0100001693,-4.47473335,58.5245171,0.0,0.0,0.0,0.0,0.0,0.0
103.759079,DATA,1,1,3,10,0,52.8398361,52.8398361,-2.88047576,1.51390433,-4.930506,67.61922,57.6537437,-7.78942871,-2.1810832,-0.0100001693,-4.47473335,58.5245171,0.0,0.0,0.0,0.0,0.0,0.0
103.815086,DATA,1,1,3,10,0,52.8958435,52.8958435,-2.876617,1.50107551,-4.914526,70.36919,57.9399147,-6.155548,-2.1810832,-0.0100001693,-4.47473335,58.5245171,0.0,0.0,0.0,0.0,0.0,0.0
103.87027,DATA,1,1,3,10,0,52.9510269,52.9510269,-2.873822,1.49015594,-4.89982462,72.80682,58.31827,-5.19567871,-2.1810832,-0.0100001693,-4.47473335,58.5245171,0.0,0.0,0.0,0.0,0.0,0.0
103.926575,DATA,1,1,3,10,0,53.00733,53.00733,-2.871491,1.48087192,-4.887809,74.86347,55.54852,-7.284363,-2.1810832,-0.0100001693,-4.47473335,58.5245171,0.0,0.0,0.0,0.0,0.0,0.0
103.982307,DATA,1,1,3,10,0,53.0630646,53.0630646,-2.87005162,1.47340083,-4.87974453,75.69698,54.0280762,-7.95410156,-2.1810832,-0.0100001693,-4.47473335,58.5245171,0.0,0.0,0.0,0.0,0.0,0.0
104.0369,DATA,1,1,3,10,0,53.11766,53.11766,-2.869049,1.46617246,-4.87468958,75.5854,51.45696,-9.827881,-2.1810832,-0.0100001693,-4.47473335,58.5245171,0.0,0.0,0.0,0.0,0.0,0.0
104.092766,DATA,1,1,3,10,0,53.1735229,53.1735229,-2.86779475,1.45986533,-4.873253,75.10555,48.2728348,-12.3415222,-2.1810832,-0.0100001693,-4.47473335,58.5245171,0.0,0.0,0.0,0.0,0.0,0.0
104.147858,DATA,1,1,3,10,0,53.2286148,53.2286148,-2.86581731,1.45426488,-4.87362,74.2350159,44.907444,-15.811554,-2.1810832,-0.0100001693,-4.47473335,58.5245171,0.0,0.0,0.0,0.0,0.0,0.0
104.204216,DATA,1,1,3,10,0,53.2849731,53.2849731,-2.86408329,1.44972932,-4.874424,73.36262,43.30242,-17.9140015,-2.1810832,-0.0100001693,-4.47473335,58.5245171,0.0,0.0,0.0,0.0,0.0,0.0
104.260071,DATA,1,1,3,10,0,53.3408279,53.3408279,-2.862457,1.44629288,-4.87474966,72.98429,44.253685,-17.9157715,-2.1810832,-0.0100001693,-4.47473335,58.5245171,0.0,0.0,0.0,0.0,0.0,0.0
104.31546,DATA,1,1,3,10,0,53.3962173,53.3962173,-2.861762,1.44337726,-4.875388,72.69169,47.42772,-15.70929,-2.1810832,-0.0100001693,-4.47473335,58.5245171,0.0,0.0,0.0,0.0,0.0,0.0
104.370262,DATA,1,1,3,10,0,53.45102,53.45102,-2.86037254,1.441009,-4.875834,72.62196,49.94069,-13.9919739,-2.1810832,-0.0100001693,-4.47473335,58.5245171,0.0,0.0,0.0,0.0,0.0,0.0
104.42617,DATA,1,1,3,10,0,53.5069275,53.5069275,-2.85857987,1.43883944,-4.87675142,72.2565,50.3089066,-14.2622681,-2.1810832,-0.0100001693,-4.47473335,58.5245171,0.0,0.0,0.0,0.0,0.0,0.0
104.481979,DATA,1,1,3,10,0,53.5627365,53.5627365,-2.85653281,1.4364171,-4.87807226,71.62664,50.0397034,-15.0531006,-2.1810832,-0.0100001693,-4.47473335,58.5245171,0.0,0.0,0.0,0.0,0.0,0.0
104.537788,DATA,1,1,3,10,0,53.6185455,53.6185455,-2.85524535,1.43354523,-4.879545,70.85553,50.0468063,-15.9754944,-2.1810832,-0.0100001693,-4.47473335,58.5245171,0.0,0.0,0.0,0.0,0.0,0.0
104.59243,DATA,1,1,3,10,0,53.6731873,53.6731873,-2.85486746,1.43072248,-4.880831,70.31917,50.2985229,-16.82022,-2.1810832,-0.0100001693,-4.47473335,58.5245171,0.0,0.0,0.0,0.0,0.0,0.0
104.64872,DATA,1,1,3,10,0,53.7294769,53.7294769,-2.85538864,1.42868471,-4.881687,69.95252,50.8261566,-16.7217712,-2.1810832,-0.0100001693,-4.47473335,58.5245171,0.0,0.0,0.0,0.0,0.0,0.0
104.703888,DATA,1,1,3,10,0,53.7846451,53.7846451,-2.85609436,1.42769957,-4.88194942,69.8438,50.3194847,-17.1629333,-2.1810832,-0.0100001693,-4.47473335,58.5245171,0.0,0.0,0.0,0.0,0.0,0.0
104.759972,DATA,1,1,3,10,0,53.84073,53.84073,-2.85702515,1.426892,-4.88188744,69.76815,49.3327637,-17.6671753,-2.1810832,-0.0100001693,-4.47473335,58.5245171,0.0,0.0,0.0,0.0,0.0,0.0
104.815506,DATA,1,1,3,10,0,53.8962631,53.8962631,-2.859033,1.42582393,-4.88141346,69.422226,49.0178452,-17.4096069,-2.1810832,-0.0100001693,-4.47473335,58.5245171,0.0,0.0,0.0,0.0,0.0,0.0
104.870216,DATA,1,1,3,10,0,53.9509735,53.9509735,-2.86105824,1.42443347,-4.880603,69.0695953,50.25986,-16.1585388,-2.1810832,-0.0100001693,-4.47473335,58.5245171,0.0,0.0,0.0,0.0,0.0,0.0
104.926407,DATA,1,1,3,10,0,54.007164,54.007164,-2.86274958,1.423212,-4.87961054,68.6981354,52.0789146,-14.5662231,-2.1810832,-0.0100001693,-4.47473335,58.5245171,0.0,0.0,0.0,0.0,0.0,0.0
104.981819,DATA,1,1,3,10,0,54.0625763,54.0625763,-2.86304259,1.42411971,-4.878737,68.68171,53.2749977,-13.2468567,-2.1810832,-0.0100001693,-4.47473335,58.5245171,0.0,0.0,0.0,0.0,0.0,0.0
105.037735,DATA,1,1,3,10,0,54.1184921,54.1184921,-2.86305237,1.42654777,-4.877867,69.04527,52.4672127,-13.4324951,-2.1810832,-0.0100001693,-4.47473335,58.5245171,0.0,0.0,0.0,0.0,0.0,0.0
105.092583,DATA,1,1,3,10,0,54.17334,54.17334,-2.86352968,1.42776728,-4.877711,69.14592,49.4422455,-14.8819885,-2.1810832,-0.0100001693,-4.47473335,58.5245171,0.0,0.0,0.0,0.0,0.0,0.0
105.147865,DATA,1,1,3,10,0,54.2286224,54.2286224,-2.864632,1.42856216,-4.87788057,68.99365,47.0927429,-15.48941,-2.1810832,-0.0100001693,-4.47473335,58.5245171,0.0,0.0,0.0,0.0,0.0,0.0
105.203972,DATA,1,1,3,10,0,54.28473,54.28473,-2.86552167,1.42950654,-4.878066,68.72562,46.17617,-15.910675,-2.1810832,-0.0100001693,-4.47473335,58.5245171,0.0,0.0,0.0,0.0,0.0,0.0
105.259888,DATA,1,1,3,10,0,54.3406448,54.3406448,-2.86585236,1.42999518,-4.878529,68.45068,46.4166565,-15.912262,-2.1810832,-0.0100001693,-4.47473335,58.5245171,0.0,0.0,0.0,0.0,0.0,0.0
105.314842,DATA,1,1,3,10,0,54.3956,54.3956,-2.86453676,1.42943645,-4.879976,68.2739944,46.2432938,-16.3238831,-2.1810832,-0.0100001693,-4.47473335,58.5245171,0.0,0.0,0.0,0.0,0.0,0.0
105.369926,DATA,1,1,3,10,0,54.4506836,54.4506836,-2.860881,1.43053913,-4.88279533,68.34966,45.67726,-17.0178223,-2.1810832,-0.0100001693,-4.47473335,58.5245171,0.0,0.0,0.0,0.0,0.0,0.0
105.426491,DATA,1,1,3,10,0,54.5072479,54.5072479,-2.85492849,1.435749,-4.887333,68.60997,46.21252,-17.1903076,-2.1810832,-0.0100001693,-4.47473335,58.5245171,0.0,0.0,0.0,0.0,0.0,0.0
105.48159,DATA,1,1,3,10,0,54.5623474,54.5623474,-2.84860873,1.44403315,-4.89393234,67.93873,47.99988,-15.7883911,-2.1810832,-0.0100001693,-4.47473335,58.5245171,0.0,0.0,0.0,0.0,0.0,0.0
105.537407,DATA,1,1,3,10,0,54.6181641,54.6181641,-2.842539,1.45643759,-4.899719,66.86467,49.08664,-15.3753967,-2.1810832,-0.0100001693,-4.47473335,58.5245171,0.0,0.0,0.0,0.0,0.0,0.0
105.592285,DATA,1,1,3,10,0,54.6730423,54.6730423,-2.83775377,1.47189,-4.903718,65.95046,50.536293,-13.401886,-2.1810832,-0.0100001693,-4.47473335,58.5245171,0.0,0.0,0.0,0.0,0.0,0.0
105.647888,DATA,1,1,3,10,0,54.7286453,54.7286453,-2.834363,1.4884336,-4.9050765,65.1394043,51.0494576,-11.41629,-2.1810832,-0.0100001693,-4.47473335,58.5245171,0.0,0.0,0.0,0.0,0.0,0.0
105.703545,DATA,1,1,3,10,0,54.7843,54.7843,-2.8304565,1.50528336,-4.905443,65.14628,49.60574,-11.5444946,-2.1810832,-0.0100001693,-4.47473335,58.5245171,0.0,0.0,0.0,0.0,0.0,0.0
105.759613,DATA,1,1,3,10,0,54.84037,54.84037,-2.82490945,1.521776,-4.90525866,65.60489,47.2609825,-12.9716187,-2.1810832,-0.0100001693,-4.47473335,58.5245171,0.0,0.0,0.0,0.0,0.0,0.0
105.814926,DATA,1,1,3,10,0,54.8956833,54.8956833,-2.819092,1.53736186,-4.904979,66.16472,45.834816,-13.570343,-2.1810832,-0.0100001693,-4.47473335,58.5245171,0.0,0.0,0.0,0.0,0.0,0.0
105.8698,DATA,1,1,3,10,0,54.9505539,54.9505539,-2.81328,1.5530417,-4.90437555,66.38007,43.60096,-14.97937,-2.1810832,-0.0100001693,-4.47473335,58.5245171,0.0,0.0,0.0,0.0,0.0,0.0
105.92585,DATA,1,1,3,10,0,55.0066071,55.0066071,-2.808061,1.56964755,-4.903361,66.3346252,42.2519073,-14.7266541,-2.1810832,-0.0100001693,-4.47473335,58.5245171,0.0,0.0,0.0,0.0,0.0,0.0
105.981087,DATA,1,1,3,10,0,55.0618439,55.0618439,-2.8025763,1.58631921,-4.901097,67.28189,41.25842,-13.5647583,-2.1810832,-0.0100001693,-4.47473335,58.5245171,0.0,0.0,0.0,0.0,0.0,0.0
106.037209,DATA,1,1,3,10,0,55.1179657,55.1179657,-2.795726,1.59988022,-4.899459,66.55745,41.4736748,-11.7138062,-2.1810832,-0.0100001693,-4.47473335,58.5245171,0.0,0.0,0.0,0.0,0.0,0.0
106.092072,DATA,1,1,3,10,0,55.17283,55.17283,-2.78319764,1.60764337,-4.89976454,66.3335,39.28347,-12.795929,-2.1810832,-0.0100001693,-4.47473335,58.5245171,0.0,0.0,0.0,0.0,0.0,0.0
106.147537,DATA,1,1,3,10,0,55.2282944,55.2282944,-2.767114,1.605392,-4.90598774,63.6681976,37.59252,-14.5542908,-2.1810832,-0.0100001693,-4.47473335,58.5245171,0.0,0.0,0.0,0.0,0.0,0.0
106.203606,DATA,1,1,3,10,0,55.2843628,55.2843628,-2.74832177,1.59024739,-4.917754,59.3372765,35.6224556,-20.2400513,-2.1810832,-0.0100001693,-4.47473335,58.5245171,0.0,0.0,0.0,0.0,0.0,0.0
106.259,DATA,1,1,3,10,0,55.33976,55.33976,-2.73051453,1.56527829,-4.93152237,54.5101433,33.75119,-29.2082214,-2.1810832,-0.0100001693,-4.47473335,58.5245171,0.0,0.0,0.0,0.0,0.0,0.0
106.313736,DATA,1,1,3,10,0,55.3944931,55.3944931,-2.71541381,1.5378983,-4.945506,51.7720642,34.0203133,-33.7126465,-2.1810832,-0.0100001693,-4.47473335,58.5245171,0.0,0.0,0.0,0.0,0.0,0.0
106.368637,DATA,1,1,3,10,0,55.4493942,55.4493942,-2.700369,1.51547313,-4.95973635,52.2196465,31.1509113,-41.46582,-2.1810832,-0.0100001693,-4.47473335,58.5245171,0.0,0.0,0.0,0.0,0.0,0.0
106.425018,DATA,1,1,3,10,0,55.5057755,55.5057755,-2.68839359,1.497258,-4.97139,52.7619476,30.5963478,-46.6813354,-2.1810832,-0.0100001693,-4.47473335,58.5245171,0.0,0.0,0.0,0.0,0.0,0.0
106.48037,DATA,1,1,3,10,0,55.5611267,55.5611267,-2.67623854,1.48598123,-4.980269,54.04199,28.3164272,-52.7550964,-2.1810832,-0.0100001693,-4.47473335,58.5245171,0.0,0.0,0.0,0.0,0.0,0.0
106.53611,DATA,1,1,3,10,0,55.6168671,55.6168671,-2.66505957,1.47624016,-4.988387,53.4810753,25.008276,-56.3895569,-2.1810832,-0.0100001693,-4.47473335,58.5245171,0.0,0.0,0.0,0.0,0.0,0.0
106.590637,DATA,1,1,3,10,0,55.6713943,55.6713943,-2.656059,1.466747,-4.995264,50.8314056,22.7984161,-56.7648926,-2.1810832,-0.0100001693,-4.47473335,58.5245171,0.0,0.0,0.0,0.0,0.0,0.0
106.647087,DATA,1,1,3,10,0,55.7278442,55.7278442,-2.647504,1.46355486,-4.996035,51.0196533,20.397665,-57.92697,-2.1810832,-0.0100001693,-4.47473335,58.5245171,0.0,0.0,0.0,0.0,0.0,0.0
106.702515,DATA,1,1,3,10,0,55.78327,55.78327,-2.637488,1.46154666,-4.995231,51.8970261,18.9800453,-60.966156,-2.1810832,-0.0100001693,-4.47473335,58.5245171,0.0,0.0,0.0,0.0,0.0,0.0
106.758171,DATA,1,1,3,10,0,55.83893,55.83893,-2.62859368,1.45917726,-4.995201,55.0437,23.0442982,-58.7560425,-2.1810832,-0.0100001693,-4.47473335,58.5245171,0.0,0.0,0.0,0.0,0.0,0.0
106.812981,DATA,1,1,3,10,0,55.8937378,55.8937378,-2.623178,1.45298314,-4.996997,56.3806458,31.834177,-48.9834,-2.1810832,-0.0100001693,-4.47473335,58.5245171,0.0,0.0,0.0,0.0,0.0,0.0
106.868706,DATA,1,1,3,10,0,55.9494629,55.9494629,-2.62291741,1.44583058,-4.99939156,55.3352852,39.85901,-38.7207336,-2.1810832,-0.0100001693,-4.47473335,58.5245171,0.0,0.0,0.0,0.0,0.0,0.0
106.924477,DATA,1,1,3,10,0,56.0052338,56.0052338,-2.62480927,1.4419291,-5.00022125,55.43738,48.1602364,-31.1215515,-2.1810832,-0.0100001693,-4.47473335,58.5245171,0.0,0.0,0.0,0.0,0.0,0.0
106.9799,DATA,1,1,3,10,0,56.0606537,56.0606537,-2.62365675,1.43839979,-5.00531435,53.6546936,45.7785225,-31.2316284,-2.1810832,-0.0100001693,-4.47473335,58.5245171,0.0,0.0,0.0,0.0,0.0,0.0
107.035446,DATA,1,1,3,10,0,56.1162033,56.1162033,-2.61795449,1.436059,-5.00773954,55.31484,41.15735,-36.46048,-2.1810832,-0.0100001693,-4.47473335,58.5245171,0.0,0.0,0.0,0.0,0.0,0.0
107.090721,DATA,1,1,3,10,0,56.17148,56.17148,-2.61096048,1.43202209,-5.008925,57.4726563,37.1231232,-40.4765625,-2.1810832,-0.0100001693,-4.47473335,58.5245171,0.0,0.0,0.0,0.0,0.0,0.0
107.146866,DATA,1,1,3,10,0,56.227623,56.227623,-2.60480785,1.42693138,-5.007142,59.4848633,34.7998276,-42.90616,-2.1810832,-0.0100001693,-4.47473335,58.5245171,0.0,0.0,0.0,0.0,0.0,0.0
107.202446,DATA,1,1,3,10,0,56.2832031,56.2832031,-2.60055518,1.42467189,-5.00829,60.81656,28.8965321,-49.2227173,-2.1810832,-0.0100001693,-4.47473335,58.5245171,0.0,0.0,0.0,0.0,0.0,0.0
107.258507,DATA,1,1,3,10,0,56.3392639,56.3392639,-2.600712,1.42426753,-5.00952625,60.30165,27.6541767,-50.0544739,-2.1810832,-0.0100001693,-4.47473335,58.5245171,0.0,0.0,0.0,0.0,0.0,0.0
107.313866,DATA,1,1,3,10,0,56.3946228,56.3946228,-2.60312748,1.4253583,-5.011179,60.53253,28.9688988,-47.8959351,-2.1810832,-0.0100001693,-4.47473335,58.5245171,0.0,0.0,0.0,0.0,0.0,0.0
107.369507,DATA,1,1,3,10,0,56.450264,56.450264,-2.60481238,1.4257803,-5.01241,60.5285072,29.94003,-46.7637329,-2.1810832,-0.0100001693,-4.47473335,58.5245171,0.0,0.0,0.0,0.0,0.0,0.0
107.424835,DATA,1,1,3,10,0,56.5055923,56.5055923,-2.60619164,1.42538023,-5.01253176,60.34106,30.860014,-46.3984375,-2.1810832,-0.0100001693,-4.47473335,58.5245171,0.0,0.0,0.0,0.0,0.0,0.0
107.480431,DATA,1,1,3,10,0,56.5611877,56.5611877,-2.60534978,1.42477012,-5.01323938,60.5691261,30.2119827,-46.808136,-2.1810832,-0.0100001693,-4.47473335,58.5245171,0.0,0.0,0.0,0.0,0.0,0.0
107.536461,DATA,1,1,3,10,0,56.617218,56.617218,-2.60493946,1.4253304,-5.012894,60.7408447,29.6817,-46.6755066,-2.1810832,-0.0100001693,-4.47473335,58.5245171,0.0,0.0,0.0,0.0,0.0,0.0
107.591331,DATA,1,1,3,10,0,56.67209,56.67209,-2.606141,1.42515469,-5.01381254,60.08732,30.62452,-45.5597839,-2.1810832,-0.0100001693,-4.47473335,58.5245171,0.0,0.0,0.0,0.0,0.0,0.0
107.647285,DATA,1,1,3,10,0,56.7280426,56.7280426,-2.60685873,1.42485785,-5.01439238,60.15479,30.8429089,-45.59091,-2.1810832,-0.0100001693,-4.47473335,58.5245171,0.0,0.0,0.0,0.0,0.0,0.0
107.702759,DATA,1,1,3,10,0,56.7835159,56.7835159,-2.60665464,1.42521167,-5.014847,60.6616631,30.88568,-45.1752319,-2.1810832,-0.0100001693,-4.47473335,58.5245171,0.0,0.0,0.0,0.0,0.0,0.0
107.759056,DATA,1,1,3,10,0,56.8398132,56.8398132,-2.60636234,1.42508316,-5.01474857,60.6770248,31.17593,-44.7695923,-2.1810832,-0.0100001693,-4.47473335,58.5245171,0.0,0.0,0.0,0.0,0.0,0.0
107.813828,DATA,1,1,3,10,0,56.8945847,56.8945847,-2.605996,1.42474389,-5.01505136,60.7417526,30.7881374,-45.4668579,-2.1810832,-0.0100001693,-4.47473335,58.5245171,0.0,0.0,0.0,0.0,0.0,0.0
107.86924,DATA,1,1,3,10,0,56.9499969,56.9499969,-2.60500836,1.4243468,-5.01473331,61.1382751,30.2060261,-46.287384,-2.1810832,-0.0100001693,-4.47473335,58.5245171,0.0,0.0,0.0,0.0,0.0,0.0
107.925011,DATA,1,1,3,10,0,57.0057678,57.0057678,-2.60416746,1.42400551,-5.0151186,61.4971542,29.2391052,-47.3659058,-2.1810832,-0.0100001693,-4.47473335,58.5245171,0.0,0.0,0.0,0.0,0.0,0.0
107.980705,DATA,1,1,3,10,0,57.0614624,57.0614624,-2.60357666,1.423372,-5.015327,61.5694847,28.7178173,-47.996582,-2.1810832,-0.0100001693,-4.47473335,58.5245171,0.0,0.0,0.0,0.0,0.0,0.0
108.035957,DATA,1,1,3,10,0,57.1167145,57.1167145,-2.603101,1.42309272,-5.01595354,61.60115,27.8713379,-49.00647,-2.1810832,-0.0100001693,-4.47473335,58.5245171,0.0,0.0,0.0,0.0,0.0,0.0
108.091583,DATA,1,1,3,10,0,57.17234,57.17234,-2.60268736,1.42125607,-5.01770067,61.2840767,26.9462833,-49.98889,-2.1810832,-0.0100001693,-4.47473335,58.5245171,0.0,0.0,0.0,0.0,0.0,0.0
108.147049,DATA,1,1,3,10,0,57.2278061,57.2278061,-2.60188079,1.41946244,-5.02039433,60.95885,25.78004,-50.9255371,-2.1810832,-0.0100001693,-4.47473335,58.5245171,0.0,0.0,0.0,0.0,0.0,0.0
108.203072,DATA,1,1,3,10,0,57.28383,57.28383,-2.60134387,1.418624,-5.02163267,60.9920464,24.7087364,-51.9519958,-2.1810832,-0.0100001693,-4.47473335,58.5245171,0.0,0.0,0.0,0.0,0.0,0.0
108.258583,DATA,1,1,3,10,0,57.33934,57.33934,-2.60132718,1.41819561,-5.02178955,60.7707062,24.5174446,-52.37494,-2.1810832,-0.0100001693,-4.47473335,58.5245171,0.0,0.0,0.0,0.0,0.0,0.0
108.313614,DATA,1,1,3,10,0,57.39437,57.39437,-2.60126138,1.41831291,-5.02106,60.7134438,24.66471,-52.2728271,-2.1810832,-0.0100001693,-4.47473335,58.5245171,0.0,0.0,0.0,0.0,0.0,0.0
108.369385,DATA,1,1,3,10,0,57.45014,57.45014,-2.601222,1.41825128,-5.02109528,60.7196655,24.6666946,-52.2153931,-2.1810832,-0.0100001693,-4.47473335,58.5245171,0.0,0.0,0.0,0.0,0.0,0.0
108.42495,DATA,1,1,3,10,0,57.5057068,57.5057068,-2.60137844,1.41833138,-5.021326,60.7010727,24.6990013,-52.1912231,-2.1810832,-0.0100001693,-4.47473335,58.5245171,0.0,0.0,0.0,0.0,0.0,0.0
108.480446,DATA,1,1,3,10,0,57.561203,57.561203,-2.60154629,1.4182744,-5.02144766,60.6349831,24.7029438,-52.0578,-2.1810832,-0.0100001693,-4.47473335,58.5245171,0.0,0.0,0.0,0.0,0.0,0.0
108.536453,DATA,1,1,3,10,0,57.61721,57.61721,-2.60133553,1.41836762,-5.02118874,60.48013,24.81824,-51.9120178,-2.1810832,-0.0100001693,-4.47473335,58.5245171,0.0,0.0,0.0,0.0,0.0,0.0
108.5913,DATA,1,1,3,10,0,57.67206,57.67206,-2.60158515,1.418392,-5.02125263,60.2941246,24.6447277,-51.79236,-2.1810832,-0.0100001693,-4.47473335,58.5245171,0.0,0.0,0.0,0.0,0.0,0.0
108.646835,DATA,1,1,3,10,0,57.7275925,57.7275925,-2.60230637,1.41915441,-5.021574,59.8168869,23.5124435,-52.1453247,-2.1810832,-0.0100001693,-4.47473335,58.5245171,0.0,0.0,0.0,0.0,0.0,0.0
108.702942,DATA,1,1,3,10,0,57.7837,57.7837,-2.6047585,1.417682,-5.02408457,57.0444336,24.3632679,-49.7460022,-2.1810832,-0.0100001693,-4.47473335,58.5245171,0.0,0.0,0.0,0.0,0.0,0.0
108.758232,DATA,1,1,3,10,0,57.83899,57.83899,-2.6120584,1.41571772,-5.028657,52.7379875,27.225214,-46.4313965,-2.1810832,-0.0100001693,-4.47473335,58.5245171,0.0,0.0,0.0,0.0,0.0,0.0
108.813225,DATA,1,1,3,10,0,57.8939819,57.8939819,-2.61959982,1.41373181,-5.037213,49.4171638,28.7145042,-45.27707,-2.1810832,-0.0100001693,-4.47473335,58.5245171,0.0,0.0,0.0,0.0,0.0,0.0
108.868393,DATA,1,1,3,10,0,57.94915,57.94915,-2.62832928,1.41296017,-5.045147,46.6753159,31.2334137,-43.585083,-2.1810832,-0.0100001693,-4.47473335,58.5245171,0.0,0.0,0.0,0.0,0.0,0.0
108.924713,DATA,1,1,3,10,0,58.00547,58.00547,-2.63723564,1.41226625,-5.054817,45.7978477,33.7165833,-44.14789,-2.1810832,-0.0100001693,-4.47473335,58.5245171,0.0,0.0,0.0,0.0,0.0,0.0
108.979225,DATA,1,1,3,10,0,58.0599823,58.0599823,-2.64335561,1.4090724,-5.06881,43.13014,33.8080635,-44.8015747,-2.1810832,-0.0100001693,-4.47473335,58.5245171,0.0,0.0,0.0,0.0,0.0,0.0
109.035011,DATA,1,1,3,10,0,58.11577,58.11577,-2.64774847,1.4056133,-5.08723,41.7684364,33.4518,-46.86682,-2.1810832,-0.0100001693,-4.47473335,58.5245171,0.0,0.0,0.0,0.0,0.0,0.0
109.089691,DATA,1,1,3,10,0,58.17045,58.17045,-2.65256214,1.40216255,-5.10715675,38.9904671,33.5932465,-47.0498657,-2.1810832,-0.0100001693,-4.47473335,58.5245171,0.0,0.0,0.0,0.0,0.0,0.0
109.1448,DATA,1,1,3,10,0,58.2255554,58.2255554,-2.65827227,1.40088081,-5.12779665,33.8977,37.8519363,-42.5699768,-2.1810832,-0.0100001693,-4.47473335,58.5245171,0.0,0.0,0.0,0.0,0.0,0.0
109.206429,DATA,1,1,3,10,0,58.2871857,58.2871857,-2.66298914,1.40104938,-5.14986944,29.34054,45.87435,-36.2442932,-2.1810832,-0.0100001693,-4.47473335,58.5245171,0.0,0.0,0.0,0.0,0.0,0.0
109.26992,DATA,1,1,3,10,0,58.3506775,58.3506775,-2.6655643,1.40311384,-5.171171,25.7660046,56.2782059,-30.8459473,-2.1810832,-0.0100001693,-4.47473335,58.5245171,0.0,0.0,0.0,0.0,0.0,0.0
109.32814,DATA,1,1,3,10,0,58.4088974,58.4088974,-2.66389942,1.40476418,-5.18891525,24.2360821,64.31677,-25.7084656,-2.1810832,-0.0100001693,-4.47473335,58.5245171,0.0,0.0,0.0,0.0,0.0,0.0
109.385864,DATA,1,1,3,10,0,58.46662,58.46662,-2.65835381,1.40296531,-5.208699,19.69086,76.00699,-19.4006958,-2.1810832,-0.0100001693,-4.47473335,58.5245171,0.0,0.0,0.0,0.0,0.0,0.0
109.450569,DATA,1,1,3,10,0,58.5313263,58.5313263,-2.65007734,1.39692426,-5.23381042,16.0658474,85.64636,-12.6573792,-2.1810832,-0.0100001693,-4.47473335,58.5245171,0.0,0.0,0.0,0.0,0.0,0.0
109.507225,DATA,1,1,3,10,0,58.5879822,58.5879822,-2.642862,1.39340472,-5.250534,15.23018,90.86072,-11.744751,-2.1810832,-0.0100001693,-4.47473335,58.5245171,0.0,0.0,0.0,0.0,0.0,0.0
109.563332,DATA,1,1,3,10,0,58.64409,58.64409,-2.63561583,1.3878299,-5.26495,15.8340626,93.31358,-11.84787,-2.1810832,-0.0100001693,-4.47473335,58.5245171,0.0,0.0,0.0,0.0,0.0,0.0
109.619247,DATA,1,1,3,10,0,58.7000046,58.7000046,-2.62707329,1.37952733,-5.27830362,13.9202166,96.10272,-10.3675232,-2.1810832,-0.0100001693,-4.47473335,58.5245171,0.0,0.0,0.0,0.0,0.0,0.0
109.67466,DATA,1,1,3,10,0,58.7554169,58.7554169,-2.61502528,1.36839128,-5.289735,11.8110657,99.9863052,-5.910248,-2.1810832,-0.0100001693,-4.47473335,58.5245171,0.0,0.0,0.0,0.0,0.0,0.0
109.731255,DATA,1,1,3,10,0,58.81201,58.81201,-2.60292888,1.357218,-5.299676,11.5931282,103.703415,-2.5484314,-2.1810832,-0.0100001693,-4.47473335,58.5245171,0.0,0.0,0.0,0.0,0.0,0.0
109.786087,DATA,1,1,3,10,0,58.8668442,58.8668442,-2.593362,1.3463366,-5.309135,11.693141,104.967667,-1.177063,-2.1810832,-0.0100001693,-4.47473335,58.5245171,0.0,0.0,0.0,0.0,0.0,0.0
109.842773,DATA,1,1,3,10,0,58.92353,58.92353,-2.585002,1.33670449,-5.318071,12.5437231,104.454208,-1.98471069,-2.1810832,-0.0100001693,-4.47473335,58.5245171,0.0,0.0,0.0,0.0,0.0,0.0
109.896988,DATA,1,1,3,10,0,58.9777451,58.9777451,-2.57917,1.32892752,-5.325463,13.3686018,104.105927,-2.50671387,-2.1810832,-0.0100001693,-4.47473335,58.5245171,0.0,0.0,0.0,0.0,0.0,0.0
109.952972,DATA,1,1,3,10,0,59.03373,59.03373,-2.57147551,1.32332563,-5.3284936,14.6020889,104.986984,-1.392395,-2.1810832,-0.0100001693,-4.47473335,58.5245171,0.0,0.0,0.0,0.0,0.0,0.0
110.008095,DATA,1,1,3,10,0,59.0888519,59.0888519,-2.56543851,1.31881571,-5.330302,16.05155,106.916931,0.4370645,-2.1810832,-0.0100001693,-4.47473335,58.5245171,0.0,0.0,0.0,0.0,0.0,0.0
110.064194,DATA,1,1,3,10,0,59.14495,59.14495,-2.55976915,1.31485534,-5.331766,15.5359993,107.831245,1.86841488,-2.1810832,-0.0100001693,-4.47473335,58.5245171,0.0,0.0,0.0,0.0,0.0,0.0
110.118988,DATA,1,1,3,10,0,59.1997452,59.1997452,-2.556493,1.31336617,-5.33346176,13.5019083,107.043785,1.27710068,-2.1810832,-0.0100001693,-4.47473335,58.5245171,0.0,0.0,0.0,0.0,0.0,0.0
110.175285,DATA,1,1,3,10,0,59.2560425,59.2560425,-2.55257654,1.31087983,-5.334778,11.9247437,105.814522,0.329372048,-2.1810832,-0.0100001693,-4.47473335,58.5245171,0.0,0.0,0.0,0.0,0.0,0.0
110.230873,DATA,1,1,3,10,0,59.31163,59.31163,-2.54985642,1.30910492,-5.335698,11.9535484,105.764595,0.5310007,-2.1810832,-0.0100001693,-4.47473335,58.5245171,0.0,0.0,0.0,0.0,0.0,0.0
110.286407,DATA,1,1,3,10,0,59.3671646,59.3671646,-2.54769373,1.306845,-5.33713341,11.8986177,105.076607,0.171104625,-2.1810832,-0.0100001693,-4.47473335,58.5245171,0.0,0.0,0.0,0.0,0.0,0.0
110.34201,DATA,1,1,3,10,0,59.4227676,59.4227676,-2.546842,1.30431247,-5.33848047,12.0304165,105.110352,0.0879284143,-2.1810832,-0.0100001693,-4.47473335,58.5245171,0.0,0.0,0.0,0.0,0.0,0.0
110.397133,DATA,1,1,3,10,0,59.47789,59.47789,-2.54733825,1.30226183,-5.34011745,12.4644337,104.578712,0.5830418,-2.1810832,-0.0100001693,-4.47473335,58.5245171,0.0,0.0,0.0,0.0,0.0,0.0
110.452858,DATA,1,1,3,10,0,59.5336151,59.5336151,-2.54631376,1.29989433,-5.34144926,12.2121849,104.029175,0.865697265,-2.1810832,-0.0100001693,-4.47473335,58.5245171,0.0,0.0,0.0,0.0,0.0,0.0
110.508606,DATA,1,1,3,10,0,59.5893631,59.5893631,-2.544437,1.29746664,-5.34187,11.6393471,103.501221,0.2569431,-2.1810832,-0.0100001693,-4.47473335,58.5245171,0.0,0.0,0.0,0.0,0.0,0.0
110.564735,DATA,1,1,3,10,0,59.6454926,59.6454926,-2.5426085,1.29573178,-5.341877,10.5167389,102.665192,-0.735656738,-2.1810832,-0.0100001693,-4.47473335,58.5245171,0.0,0.0,0.0,0.0,0.0,0.0
110.619843,DATA,1,1,3,10,0,59.7006,59.7006,-2.540774,1.294488,-5.340604,10.1020222,102.153625,-1.65939331,-2.1810832,-0.0100001693,-4.47473335,58.5245171,0.0,0.0,0.0,0.0,0.0,0.0
110.675339,DATA,1,1,3,10,0,59.7560959,59.7560959,-2.53981686,1.29300022,-5.339647,10.3230238,101.71006,-2.133606,-2.1810832,-0.0100001693,-4.47473335,58.5245171,0.0,0.0,0.0,0.0,0.0,0.0
110.731018,DATA,1,1,3,10,0,59.8117752,59.8117752,-2.539259,1.29179382,-5.339526,10.1503077,101.502708,-2.03570557,-2.1810832,-0.0100001693,-4.47473335,58.5245171,0.0,0.0,0.0,0.0,0.0,0.0
110.786377,DATA,1,1,3,10,0,59.8671341,59.8671341,-2.53952074,1.29141212,-5.340289,10.05544,101.325394,-2.21679688,-2.1810832,-0.0100001693,-4.47473335,58.5245171,0.0,0.0,0.0,0.0,0.0,0.0
110.841316,DATA,1,1,3,10,0,59.9220734,59.9220734,-2.539515,1.28916478,-5.341094,10.6742058,101.2214,-2.02926636,-2.1810832,-0.0100001693,-4.47473335,58.5245171,0.0,0.0,0.0,0.0,0.0,0.0
110.897736,DATA,1,1,3,10,0,59.9784927,59.9784927,-2.53961182,1.28905511,-5.34146,10.5072517,101.101479,-1.95092773,-2.1810832,-0.0100001693,-4.47473335,58.5245171,0.0,0.0,0.0,0.0,0.0,0.0
110.925804,MAZE_FAILED_TIME_OVER,1,1,3,10,0,60.00656,60.00656,0.0,0.0,0.0,0.0,0.0,0.0,0.0,0.0,0.0,0.0,0.0,0.0,0.0,0.0,0.0,0.0
110.95488,DATA,1,1,0,10,0,60.0356369,60.0356369,-7.44781,1.2990464,-8.758318,10.1538019,42.60726,-1.89035034,-8.0,0.0,-8.0,0.0,0.0,0.0,0.0,0.0,0.0,0.0
111.018745,DATA,1,1,0,10,0,60.0995026,60.0995026,-7.447576,1.29846466,-8.757862,9.981864,43.1552238,-1.60977173,-8.0,0.0,-8.0,0.0,0.0,0.0,0.0,0.0,0.0,0.0
111.072792,DATA,1,1,0,10,0,60.15355,60.15355,-7.44697762,1.29776907,-8.757404,9.356824,43.46474,-1.02798462,-8.0,0.0,-8.0,0.0,0.0,0.0,0.0,0.0,0.0,0.0
111.12925,DATA,1,1,0,10,0,60.2100067,60.2100067,-7.446046,1.29724574,-8.757415,8.919283,43.9871063,-0.412902832,-8.0,0.0,-8.0,0.0,0.0,0.0,0.0,0.0,0.0,0.0
111.183975,DATA,1,1,0,10,0,60.2647324,60.2647324,-7.445723,1.29692888,-8.757187,8.529853,44.16241,-0.233978271,-8.0,0.0,-8.0,0.0,0.0,0.0,0.0,0.0,0.0,0.0
111.241135,DATA,1,1,0,10,0,60.32189,60.32189,-7.446023,1.29669785,-8.757116,8.393657,44.1973038,-0.155578613,-8.0,0.0,-8.0,0.0,0.0,0.0,0.0,0.0,0.0,0.0
111.2963,DATA,1,1,0,10,0,60.37706,60.37706,-7.445805,1.2958976,-8.757372,7.53604126,44.1038628,-0.313323975,-8.0,0.0,-8.0,0.0,0.0,0.0,0.0,0.0,0.0,0.0
111.351868,DATA,1,1,0,10,0,60.4326248,60.4326248,-7.445756,1.29505825,-8.757965,6.738224,44.1808357,-0.451873779,-8.0,0.0,-8.0,0.0,0.0,0.0,0.0,0.0,0.0,0.0
111.406776,DATA,1,1,0,10,0,60.4875336,60.4875336,-7.445826,1.294857,-8.758194,6.558882,44.1093636,-0.4979248,-8.0,0.0,-8.0,0.0,0.0,0.0,0.0,0.0,0.0,0.0
111.465706,DATA,1,1,0,10,0,60.546463,60.546463,-7.44619656,1.294446,-8.758419,6.062891,44.0370369,-0.369415283,-8.0,0.0,-8.0,0.0,0.0,0.0,0.0,0.0,0.0,0.0
111.521065,DATA,1,1,0,10,0,60.60182,60.60182,-7.44643927,1.29400909,-8.758817,5.74311543,44.04738,-0.577148438,-8.0,0.0,-8.0,0.0,0.0,0.0,0.0,0.0,0.0,0.0
111.576889,DATA,1,1,0,10,0,60.6576462,60.6576462,-7.446222,1.29421961,-8.758803,5.75607967,44.0835762,-0.713439941,-8.0,0.0,-8.0,0.0,0.0,0.0,0.0,0.0,0.0,0.0
111.631561,DATA,1,1,0,10,0,60.71232,60.71232,-7.446174,1.29429078,-8.75859451,5.716336,44.6091423,-0.9052429,-8.0,0.0,-8.0,0.0,0.0,0.0,0.0,0.0,0.0,0.0
111.68734,DATA,1,1,0,10,0,60.7680969,60.7680969,-7.446194,1.29423141,-8.758642,5.632619,44.7268,-0.904052734,-8.0,0.0,-8.0,0.0,0.0,0.0,0.0,0.0,0.0,0.0
111.743454,DATA,1,1,0,10,0,60.82421,60.82421,-7.446129,1.2941848,-8.758791,5.55359125,44.555397,-0.885314941,-8.0,0.0,-8.0,0.0,0.0,0.0,0.0,0.0,0.0,0.0
111.799377,DATA,1,1,0,10,0,60.8801346,60.8801346,-7.446224,1.29409957,-8.75849,5.564777,44.78579,-0.6167908,-8.0,0.0,-8.0,0.0,0.0,0.0,0.0,0.0,0.0,0.0
111.854759,DATA,1,1,0,10,0,60.9355164,60.9355164,-7.446854,1.29387724,-8.758099,5.40837669,44.95468,0.07082207,-8.0,0.0,-8.0,0.0,0.0,0.0,0.0,0.0,0.0,0.0
111.909958,DATA,1,1,0,10,0,60.990715,60.990715,-7.447372,1.29371083,-8.75786,5.13528252,45.096756,0.608926952,-8.0,0.0,-8.0,0.0,0.0,0.0,0.0,0.0,0.0,0.0
111.96595,DATA,1,1,0,10,0,61.0467072,61.0467072,-7.448006,1.29322135,-8.758045,4.48826,45.25518,0.743335843,-8.0,0.0,-8.0,0.0,0.0,0.0,0.0,0.0,0.0,0.0
112.021629,DATA,1,1,0,10,0,61.1023865,61.1023865,-7.448133,1.29294455,-8.758674,4.06083345,45.0134926,0.606330454,-8.0,0.0,-8.0,0.0,0.0,0.0,0.0,0.0,0.0,0.0
112.076859,DATA,1,1,0,10,0,61.1576157,61.1576157,-7.44796038,1.29327488,-8.758138,4.42964745,45.2230148,0.75836736,-8.0,0.0,-8.0,0.0,0.0,0.0,0.0,0.0,0.0,0.0
112.132576,DATA,1,1,0,10,0,61.2133331,61.2133331,-7.44793463,1.29342282,-8.757977,4.60430145,45.2160339,0.84356904,-8.0,0.0,-8.0,0.0,0.0,0.0,0.0,0.0,0.0,0.0
112.187248,DATA,1,1,0,10,0,61.2680054,61.2680054,-7.4479847,1.29340339,-8.758114,4.487031,45.19817,0.7969531,-8.0,0.0,-8.0,0.0,0.0,0.0,0.0,0.0,0.0,0.0
112.243385,DATA,1,1,0,10,0,61.3241425,61.3241425,-7.44808865,1.29345417,-8.758047,4.503907,45.24445,0.8755518,-8.0,0.0,-8.0,0.0,0.0,0.0,0.0,0.0,0.0,0.0
112.299538,DATA,1,1,0,10,0,61.3802948,61.3802948,-7.447849,1.29350352,-8.758176,4.533526,45.11902,0.69878453,-8.0,0.0,-8.0,0.0,0.0,0.0,0.0,0.0,0.0,0.0
112.354912,DATA,1,1,0,10,0,61.43567,61.43567,-7.447897,1.29343009,-8.758137,4.414921,45.1410675,0.7677982,-8.0,0.0,-8.0,0.0,0.0,0.0,0.0,0.0,0.0,0.0
112.409668,DATA,1,1,0,10,0,61.4904251,61.4904251,-7.44799757,1.29344082,-8.758092,4.42484236,45.1890869,0.8145871,-8.0,0.0,-8.0,0.0,0.0,0.0,0.0,0.0,0.0,0.0
112.465775,DATA,1,1,0,10,0,61.54653,61.54653,-7.44789743,1.29339743,-8.758171,4.489239,45.12971,0.7333937,-8.0,0.0,-8.0,0.0,0.0,0.0,0.0,0.0,0.0,0.0
112.522064,DATA,1,1,0,10,0,61.60282,61.60282,-7.44801331,1.29339433,-8.758181,4.45777845,45.1592255,0.7845528,-8.0,0.0,-8.0,0.0,0.0,0.0,0.0,0.0,0.0,0.0
112.576958,DATA,1,1,0,10,0,61.6577148,61.6577148,-7.44801474,1.29337752,-8.758083,4.444684,45.1576576,0.7809572,-8.0,0.0,-8.0,0.0,0.0,0.0,0.0,0.0,0.0,0.0
112.631989,DATA,1,1,0,10,0,61.7127457,61.7127457,-7.44804859,1.29341578,-8.758085,4.4832077,45.1617165,0.7846207,-8.0,0.0,-8.0,0.0,0.0,0.0,0.0,0.0,0.0,0.0
112.68795,DATA,1,1,0,10,0,61.7687073,61.7687073,-7.448031,1.29331875,-8.758099,4.466938,45.1496162,0.7941282,-8.0,0.0,-8.0,0.0,0.0,0.0,0.0,0.0,0.0,0.0
112.743462,DATA,1,1,0,10,0,61.82422,61.82422,-7.44806576,1.29329991,-8.758177,4.444141,45.1353722,0.7622897,-8.0,0.0,-8.0,0.0,0.0,0.0,0.0,0.0,0.0,0.0
112.799347,DATA,1,1,0,10,0,61.8801041,61.8801041,-7.448091,1.2933352,-8.758083,4.4973464,45.1750526,0.818614662,-8.0,0.0,-8.0,0.0,0.0,0.0,0.0,0.0,0.0,0.0
112.855042,DATA,1,1,0,10,0,61.9358,61.9358,-7.44813251,1.29332685,-8.758201,4.461088,45.1370277,0.7657137,-8.0,0.0,-8.0,0.0,0.0,0.0,0.0,0.0,0.0,0.0
112.909676,DATA,1,1,0,10,0,61.9904327,61.9904327,-7.448111,1.2932992,-8.758237,4.426235,45.1437378,0.7748573,-8.0,0.0,-8.0,0.0,0.0,0.0,0.0,0.0,0.0,0.0
112.965935,DATA,1,1,0,10,0,62.04669,62.04669,-7.44812059,1.2933352,-8.758253,4.47479963,45.15946,0.793139338,-8.0,0.0,-8.0,0.0,0.0,0.0,0.0,0.0,0.0,0.0
113.021233,DATA,1,1,0,10,0,62.10199,62.10199,-7.44809961,1.29335225,-8.758313,4.474486,45.13133,0.757786632,-8.0,0.0,-8.0,0.0,0.0,0.0,0.0,0.0,0.0,0.0
113.076935,DATA,1,1,0,10,0,62.157692,62.157692,-7.44814539,1.29334092,-8.75832,4.43460655,45.15306,0.791773438,-8.0,0.0,-8.0,0.0,0.0,0.0,0.0,0.0,0.0,0.0
113.132027,DATA,1,1,0,10,0,62.2127838,62.2127838,-7.448153,1.29341936,-8.758315,4.46659136,45.1387253,0.767138839,-8.0,0.0,-8.0,0.0,0.0,0.0,0.0,0.0,0.0,0.0
113.187492,DATA,1,1,0,10,0,62.26825,62.26825,-7.44805241,1.293469,-8.758194,4.4649353,45.152626,0.796959758,-8.0,0.0,-8.0,0.0,0.0,0.0,0.0,0.0,0.0,0.0
113.243958,DATA,1,1,0,10,0,62.3247147,62.3247147,-7.44811058,1.29352164,-8.758259,4.45541,45.1290169,0.7576843,-8.0,0.0,-8.0,0.0,0.0,0.0,0.0,0.0,0.0,0.0
113.299095,DATA,1,1,0,10,0,62.3798523,62.3798523,-7.448128,1.293401,-8.758206,4.46301174,45.1560974,0.8024759,-8.0,0.0,-8.0,0.0,0.0,0.0,0.0,0.0,0.0,0.0
113.354675,DATA,1,1,0,10,0,62.4354324,62.4354324,-7.44814539,1.29342163,-8.758286,4.47163248,45.1287079,0.7648616,-8.0,0.0,-8.0,0.0,0.0,0.0,0.0,0.0,0.0,0.0
113.4099,DATA,1,1,0,10,0,62.490654,62.490654,-7.448019,1.29350519,-8.758127,4.4561305,45.1504936,0.787711143,-8.0,0.0,-8.0,0.0,0.0,0.0,0.0,0.0,0.0,0.0
113.465744,DATA,1,1,0,10,0,62.5465,62.5465,-7.448031,1.29354966,-8.758142,4.470189,45.1412354,0.7795951,-8.0,0.0,-8.0,0.0,0.0,0.0,0.0,0.0,0.0,0.0
113.521263,DATA,1,1,0,10,0,62.60202,62.60202,-7.44804335,1.29347825,-8.758123,4.464675,45.14361,0.784259439,-8.0,0.0,-8.0,0.0,0.0,0.0,0.0,0.0,0.0,0.0
113.576981,DATA,1,1,0,10,0,62.6577377,62.6577377,-7.448085,1.29351175,-8.758137,4.45554638,45.1448326,0.7880222,-8.0,0.0,-8.0,0.0,0.0,0.0,0.0,0.0,0.0,0.0
113.631866,DATA,1,1,0,10,0,62.7126236,62.7126236,-7.44797039,1.29358065,-8.757987,4.464827,45.14639,0.786234856,-8.0,0.0,-8.0,0.0,0.0,0.0,0.0,0.0,0.0,0.0
113.687546,DATA,1,1,0,10,0,62.7683029,62.7683029,-7.44796658,1.2936399,-8.757939,4.477582,45.14223,0.7858813,-8.0,0.0,-8.0,0.0,0.0,0.0,0.0,0.0,0.0,0.0
113.743393,DATA,1,1,0,10,0,62.82415,62.82415,-7.44808626,1.29358888,-8.757952,4.45782661,45.1519623,0.7925047,-8.0,0.0,-8.0,0.0,0.0,0.0,0.0,0.0,0.0,0.0
113.799019,DATA,1,1,0,10,0,62.879776,62.879776,-7.44818258,1.29356825,-8.75798,4.466657,45.14726,0.7879475,-8.0,0.0,-8.0,0.0,0.0,0.0,0.0,0.0,0.0,0.0
113.854294,DATA,1,1,0,10,0,62.93505,62.93505,-7.44818354,1.29358435,-8.757965,4.459398,45.15422,0.790934265,-8.0,0.0,-8.0,0.0,0.0,0.0,0.0,0.0,0.0,0.0
113.90966,DATA,1,1,0,10,0,62.9904175,62.9904175,-7.448129,1.29357982,-8.7579565,4.47385263,45.1446533,0.7860331,-8.0,0.0,-8.0,0.0,0.0,0.0,0.0,0.0,0.0,0.0
113.966049,DATA,1,1,0,10,0,63.0468063,63.0468063,-7.44817162,1.29360127,-8.757935,4.46777344,45.15668,0.791589856,-8.0,0.0,-8.0,0.0,0.0,0.0,0.0,0.0,0.0,0.0
114.021393,DATA,1,1,0,10,0,63.10215,63.10215,-7.44824266,1.29345489,-8.758041,4.46616936,45.1459923,0.781868935,-8.0,0.0,-8.0,0.0,0.0,0.0,0.0,0.0,0.0,0.0
114.076271,DATA,1,1,0,10,0,63.15703,63.15703,-7.44828224,1.2934587,-8.758022,4.451835,45.15583,0.799323261,-8.0,0.0,-8.0,0.0,0.0,0.0,0.0,0.0,0.0,0.0
114.131729,DATA,1,1,0,10,0,63.2124863,63.2124863,-7.4481535,1.29354692,-8.757914,4.480213,45.14355,0.7769813,-8.0,0.0,-8.0,0.0,0.0,0.0,0.0,0.0,0.0,0.0
114.1876,DATA,1,1,0,10,0,63.2683563,63.2683563,-7.44819832,1.293555,-8.757862,4.4608717,45.15526,0.7943898,-8.0,0.0,-8.0,0.0,0.0,0.0,0.0,0.0,0.0,0.0
114.243355,DATA,1,1,0,10,0,63.3241119,63.3241119,-7.44815826,1.29348326,-8.757931,4.462936,45.15095,0.7875949,-8.0,0.0,-8.0,0.0,0.0,0.0,0.0,0.0,0.0,0.0
114.299416,DATA,1,1,0,10,0,63.3801727,63.3801727,-7.44817162,1.2935071,-8.75791,4.45756,45.154274,0.7871268,-8.0,0.0,-8.0,0.0,0.0,0.0,0.0,0.0,0.0,0.0
114.354271,DATA,1,1,0,10,0,63.4350281,63.4350281,-7.44807673,1.29357278,-8.757852,4.47136259,45.1554756,0.7936613,-8.0,0.0,-8.0,0.0,0.0,0.0,0.0,0.0,0.0,0.0
114.409531,DATA,1,1,0,10,0,63.4902878,63.4902878,-7.44806337,1.29361761,-8.75783,4.46929073,45.1419,0.774027348,-8.0,0.0,-8.0,0.0,0.0,0.0,0.0,0.0,0.0,0.0
114.465485,DATA,1,1,0,10,0,63.54624,63.54624,-7.44817257,1.29353988,-8.757825,4.46180058,45.16841,0.805674434,-8.0,0.0,-8.0,0.0,0.0,0.0,0.0,0.0,0.0,0.0
114.521507,DATA,1,1,0,10,0,63.6022644,63.6022644,-7.448211,1.2935257,-8.757851,4.458501,45.147068,0.7769524,-8.0,0.0,-8.0,0.0,0.0,0.0,0.0,0.0,0.0,0.0
114.576904,DATA,1,1,0,10,0,63.65766,63.65766,-7.44815969,1.29356182,-8.757793,4.471543,45.1646652,0.8011914,-8.0,0.0,-8.0,0.0,0.0,0.0,0.0,0.0,0.0,0.0
114.631927,DATA,1,1,0,10,0,63.7126846,63.7126846,-7.448093,1.29360509,-8.75777,4.46888733,45.1507263,0.7757884,-8.0,0.0,-8.0,0.0,0.0,0.0,0.0,0.0,0.0,0.0
114.687492,DATA,1,1,0,10,0,63.76825,63.76825,-7.44812155,1.29360056,-8.757748,4.46364975,45.16665,0.8052804,-8.0,0.0,-8.0,0.0,0.0,0.0,0.0,0.0,0.0,0.0
114.743523,DATA,1,1,0,10,0,63.82428,63.82428,-7.448244,1.2934382,-8.757866,4.46291256,45.15004,0.775901735,-8.0,0.0,-8.0,0.0,0.0,0.0,0.0,0.0,0.0,0.0
114.798706,DATA,1,1,0,10,0,63.8794632,63.8794632,-7.44824171,1.29342818,-8.757851,4.458805,45.16885,0.8046639,-8.0,0.0,-8.0,0.0,0.0,0.0,0.0,0.0,0.0,0.0
114.854385,DATA,1,1,0,10,0,63.9351425,63.9351425,-7.448146,1.29352677,-8.75779,4.47443962,45.1475868,0.775941133,-8.0,0.0,-8.0,0.0,0.0,0.0,0.0,0.0,0.0,0.0
114.909828,DATA,1,1,0,10,0,63.9905853,63.9905853,-7.448192,1.2935369,-8.757762,4.464995,45.16936,0.8092094,-8.0,0.0,-8.0,0.0,0.0,0.0,0.0,0.0,0.0,0.0
114.965675,DATA,1,1,0,10,0,64.04643,64.04643,-7.448251,1.29352021,-8.757809,4.463691,45.1471,0.7808802,-8.0,0.0,-8.0,0.0,0.0,0.0,0.0,0.0,0.0,0.0
115.021111,DATA,1,1,0,10,0,64.10187,64.10187,-7.44828367,1.29354262,-8.757778,4.458329,45.1669846,0.8076277,-8.0,0.0,-8.0,0.0,0.0,0.0,0.0,0.0,0.0,0.0
115.07692,DATA,1,1,0,10,0,64.15768,64.15768,-7.44818926,1.2935667,-8.757706,4.472762,45.15114,0.782231748,-8.0,0.0,-8.0,0.0,0.0,0.0,0.0,0.0,0.0,0.0
115.132141,DATA,1,1,0,10,0,64.2129,64.2129,-7.44823027,1.29360032,-8.757673,4.466317,45.1627,0.799601734,-8.0,0.0,-8.0,0.0,0.0,0.0,0.0,0.0,0.0,0.0
115.187469,DATA,1,1,0,10,0,64.26823,64.26823,-7.44823647,1.29352021,-8.757742,4.467821,45.15241,0.792419,-8.0,0.0,-8.0,0.0,0.0,0.0,0.0,0.0,0.0,0.0
115.24321,DATA,1,1,0,10,0,64.32397,64.32397,-7.448231,1.29349089,-8.757765,4.46324968,45.15335,0.793987155,-8.0,0.0,-8.0,0.0,0.0,0.0,0.0,0.0,0.0,0.0
115.299126,DATA,1,1,0,10,0,64.37988,64.37988,-7.44823,1.29352224,-8.757725,4.475209,45.15326,0.7887451,-8.0,0.0,-8.0,0.0,0.0,0.0,0.0,0.0,0.0,0.0
115.354729,DATA,1,1,0,10,0,64.4354858,64.4354858,-7.448154,1.293572,-8.757712,4.46535873,45.1545868,0.790083468,-8.0,0.0,-8.0,0.0,0.0,0.0,0.0,0.0,0.0,0.0
115.409515,DATA,1,1,0,10,0,64.49027,64.49027,-7.448168,1.29360747,-8.75768852,4.466954,45.1487122,0.790163636,-8.0,0.0,-8.0,0.0,0.0,0.0,0.0,0.0,0.0,0.0
115.465385,DATA,1,1,0,10,0,64.54614,64.54614,-7.44817,1.29370975,-8.75776,4.45561075,45.15415,0.7984703,-8.0,0.0,-8.0,0.0,0.0,0.0,0.0,0.0,0.0,0.0
115.521088,DATA,1,1,0,10,0,64.6018448,64.6018448,-7.448122,1.293679,-8.757767,4.47588444,45.1425819,0.7830467,-8.0,0.0,-8.0,0.0,0.0,0.0,0.0,0.0,0.0,0.0
115.576859,DATA,1,1,0,10,0,64.6576157,64.6576157,-7.448144,1.29367054,-8.757743,4.46020651,45.1530724,0.8000014,-8.0,0.0,-8.0,0.0,0.0,0.0,0.0,0.0,0.0,0.0
115.631996,DATA,1,1,0,10,0,64.71275,64.71275,-7.448019,1.2937752,-8.757798,4.46619368,45.1399765,0.7853953,-8.0,0.0,-8.0,0.0,0.0,0.0,0.0,0.0,0.0,0.0
115.687378,DATA,1,1,0,10,0,64.7681351,64.7681351,-7.44797325,1.29376554,-8.757786,4.46129036,45.14344,0.793809056,-8.0,0.0,-8.0,0.0,0.0,0.0,0.0,0.0,0.0,0.0
115.743034,DATA,1,1,0,10,0,64.82379,64.82379,-7.44793367,1.29378057,-8.757776,4.476612,45.14012,0.789768636,-8.0,0.0,-8.0,0.0,0.0,0.0,0.0,0.0,0.0,0.0
115.799316,DATA,1,1,0,10,0,64.88007,64.88007,-7.447941,1.29372144,-8.757805,4.46291542,45.14012,0.7914206,-8.0,0.0,-8.0,0.0,0.0,0.0,0.0,0.0,0.0,0.0
115.853905,DATA,1,1,0,10,0,64.93466,64.93466,-7.447953,1.29374933,-8.7578,4.47136736,45.1357536,0.7954611,-8.0,0.0,-8.0,0.0,0.0,0.0,0.0,0.0,0.0,0.0
115.909424,DATA,1,1,0,10,0,64.99018,64.99018,-7.44791651,1.293766,-8.757799,4.46852064,45.1271324,0.7887776,-8.0,0.0,-8.0,0.0,0.0,0.0,0.0,0.0,0.0,0.0
115.965057,DATA,1,1,0,10,0,65.0458145,65.0458145,-7.447846,1.29376221,-8.757761,4.465329,45.13606,0.7989691,-8.0,0.0,-8.0,0.0,0.0,0.0,0.0,0.0,0.0,0.0
116.020813,DATA,1,1,0,10,0,65.10157,65.10157,-7.44784641,1.29371524,-8.75774,4.47190237,45.12266,0.7883357,-8.0,0.0,-8.0,0.0,0.0,0.0,0.0,0.0,0.0,0.0
116.076088,DATA,1,1,0,10,0,65.1568451,65.1568451,-7.44786,1.29371309,-8.757717,4.472721,45.1284981,0.8015946,-8.0,0.0,-8.0,0.0,0.0,0.0,0.0,0.0,0.0,0.0
116.131493,DATA,1,1,0,10,0,65.21225,65.21225,-7.44785357,1.29371929,-8.757711,4.46100569,45.1185,0.782123446,-8.0,0.0,-8.0,0.0,0.0,0.0,0.0,0.0,0.0,0.0
116.187477,DATA,1,1,0,10,0,65.2682343,65.2682343,-7.44782972,1.29373217,-8.757765,4.46309471,45.13461,0.797549963,-8.0,0.0,-8.0,0.0,0.0,0.0,0.0,0.0,0.0,0.0
116.242905,DATA,1,1,0,10,0,65.32366,65.32366,-7.44771147,1.2937386,-8.757769,4.47685432,45.110424,0.7807558,-8.0,0.0,-8.0,0.0,0.0,0.0,0.0,0.0,0.0,0.0
116.299034,DATA,1,1,0,10,0,65.37979,65.37979,-7.44769,1.29373908,-8.757731,4.46839237,45.12687,0.8001192,-8.0,0.0,-8.0,0.0,0.0,0.0,0.0,0.0,0.0,0.0
116.354027,DATA,1,1,0,10,0,65.4347839,65.4347839,-7.447704,1.29375577,-8.757719,4.46694136,45.1159935,0.784562,-8.0,0.0,-8.0,0.0,0.0,0.0,0.0,0.0,0.0,0.0
116.409195,DATA,1,1,0,10,0,65.48995,65.48995,-7.44767666,1.29366148,-8.757761,4.461756,45.12857,0.8016165,-8.0,0.0,-8.0,0.0,0.0,0.0,0.0,0.0,0.0,0.0
116.464943,DATA,1,1,0,10,0,65.5457,65.5457,-7.44763756,1.29369271,-8.757732,4.47293043,45.1143875,0.78749615,-8.0,0.0,-8.0,0.0,0.0,0.0,0.0,0.0,0.0,0.0
116.521156,DATA,1,1,0,10,0,65.60191,65.60191,-7.44764757,1.2937386,-8.757657,4.46944761,45.12931,0.8081566,-8.0,0.0,-8.0,0.0,0.0,0.0,0.0,0.0,0.0,0.0
116.575989,DATA,1,1,0,10,0,65.6567459,65.6567459,-7.44780254,1.2936697,-8.757686,4.47071171,45.11653,0.786931038,-8.0,0.0,-8.0,0.0,0.0,0.0,0.0,0.0,0.0,0.0
116.6313,DATA,1,1,0,10,0,65.71206,65.71206,-7.4478116,1.293688,-8.757654,4.46029663,45.1337967,0.8092047,-8.0,0.0,-8.0,0.0,0.0,0.0,0.0,0.0,0.0,0.0
116.68721,DATA,1,1,0,10,0,65.76797,65.76797,-7.4477644,1.29373729,-8.757634,4.489019,45.11532,0.784466565,-8.0,0.0,-8.0,0.0,0.0,0.0,0.0,0.0,0.0,0.0
116.742676,DATA,1,1,0,10,0,65.82343,65.82343,-7.44767332,1.29377365,-8.757511,4.46584034,45.13094,0.803550065,-8.0,0.0,-8.0,0.0,0.0,0.0,0.0,0.0,0.0,0.0
116.798027,DATA,1,1,0,10,0,65.8787842,65.8787842,-7.4477253,1.29373,-8.757562,4.46986,45.119278,0.7948952,-8.0,0.0,-8.0,0.0,0.0,0.0,0.0,0.0,0.0,0.0
116.854225,DATA,1,1,0,10,0,65.93498,65.93498,-7.44772434,1.29377174,-8.757514,4.46189547,45.12567,0.8019325,-8.0,0.0,-8.0,0.0,0.0,0.0,0.0,0.0,0.0,0.0
116.908966,DATA,1,1,0,10,0,65.98972,65.98972,-7.44771957,1.29384708,-8.757458,4.48031759,45.1207161,0.7974211,-8.0,0.0,-8.0,0.0,0.0,0.0,0.0,0.0,0.0,0.0
116.964478,DATA,1,1,0,10,0,66.0452347,66.0452347,-7.44770336,1.29379964,-8.757527,4.46291447,45.1231728,0.7946745,-8.0,0.0,-8.0,0.0,0.0,0.0,0.0,0.0,0.0,0.0
117.020264,DATA,1,1,0,10,0,66.10102,66.10102,-7.44781828,1.29374337,-8.75755,4.46902847,45.12761,0.7979186,-8.0,0.0,-8.0,0.0,0.0,0.0,0.0,0.0,0.0,0.0
117.075989,DATA,1,1,0,10,0,66.1567459,66.1567459,-7.4479475,1.2936666,-8.757599,4.45682144,45.1257,0.7948168,-8.0,0.0,-8.0,0.0,0.0,0.0,0.0,0.0,0.0,0.0
117.131584,DATA,1,1,0,10,0,66.21234,66.21234,-7.44790936,1.29366159,-8.757601,4.473185,45.1273079,0.797453046,-8.0,0.0,-8.0,0.0,0.0,0.0,0.0,0.0,0.0,0.0
117.1869,DATA,1,1,0,10,0,66.2676544,66.2676544,-7.447906,1.29363942,-8.757593,4.466005,45.1289978,0.7947021,-8.0,0.0,-8.0,0.0,0.0,0.0,0.0,0.0,0.0,0.0
117.24369,DATA,1,1,0,10,0,66.32445,66.32445,-7.447908,1.29364264,-8.757587,4.46942472,45.1309738,0.800185144,-8.0,0.0,-8.0,0.0,0.0,0.0,0.0,0.0,0.0,0.0
117.299225,DATA,1,1,0,10,0,66.37998,66.37998,-7.44797,1.2936101,-8.75764,4.45381546,45.12492,0.78559494,-8.0,0.0,-8.0,0.0,0.0,0.0,0.0,0.0,0.0,0.0
117.354042,DATA,1,1,0,10,0,66.4348,66.4348,-7.44786263,1.29371333,-8.757557,4.47360039,45.13534,0.79736,-8.0,0.0,-8.0,0.0,0.0,0.0,0.0,0.0,0.0,0.0
117.408958,DATA,1,1,0,10,0,66.4897156,66.4897156,-7.44785738,1.2937609,-8.757545,4.467105,45.1271553,0.7887562,-8.0,0.0,-8.0,0.0,0.0,0.0,0.0,0.0,0.0,0.0
117.46505,DATA,1,1,0,10,0,66.54581,66.54581,-7.4477973,1.293791,-8.757538,4.47141266,45.13702,0.801932335,-8.0,0.0,-8.0,0.0,0.0,0.0,0.0,0.0,0.0,0.0
117.520912,DATA,1,1,0,10,0,66.60167,66.60167,-7.447941,1.29375827,-8.757549,4.463766,45.1315,0.786725,-8.0,0.0,-8.0,0.0,0.0,0.0,0.0,0.0,0.0,0.0
117.575874,DATA,1,1,0,10,0,66.65663,66.65663,-7.447923,1.29375768,-8.757533,4.470387,45.14321,0.8074297,-8.0,0.0,-8.0,0.0,0.0,0.0,0.0,0.0,0.0,0.0
117.631493,DATA,1,1,0,10,0,66.71225,66.71225,-7.44793653,1.2937181,-8.757548,4.47379827,45.12246,0.781021237,-8.0,0.0,-8.0,0.0,0.0,0.0,0.0,0.0,0.0,0.0
117.6871,DATA,1,1,0,10,0,66.76786,66.76786,-7.44800234,1.29365838,-8.757536,4.46636868,45.145256,0.811621964,-8.0,0.0,-8.0,0.0,0.0,0.0,0.0,0.0,0.0,0.0
117.742805,DATA,1,1,0,10,0,66.82356,66.82356,-7.448004,1.29366982,-8.75752449,4.461018,45.12538,0.7806559,-8.0,0.0,-8.0,0.0,0.0,0.0,0.0,0.0,0.0,0.0
117.798561,DATA,1,1,0,10,0,66.87932,66.87932,-7.44796562,1.293651,-8.757498,4.45694828,45.1498833,0.813935041,-8.0,0.0,-8.0,0.0,0.0,0.0,0.0,0.0,0.0,0.0
117.854088,DATA,1,1,0,10,0,66.934845,66.934845,-7.44794226,1.29366851,-8.757495,4.473873,45.12392,0.775838554,-8.0,0.0,-8.0,0.0,0.0,0.0,0.0,0.0,0.0,0.0
117.909241,DATA,1,1,0,10,0,66.99,66.99,-7.448018,1.29360175,-8.75750351,4.45771456,45.1503944,0.807423234,-8.0,0.0,-8.0,0.0,0.0,0.0,0.0,0.0,0.0,0.0
117.9651,DATA,1,1,0,10,0,67.04586,67.04586,-7.44802141,1.29358268,-8.757524,4.46364975,45.1289978,0.7795285,-8.0,0.0,-8.0,0.0,0.0,0.0,0.0,0.0,0.0,0.0
118.020653,DATA,1,1,0,10,0,67.10141,67.10141,-7.44799232,1.293595,-8.757483,4.45742273,45.1479034,0.8085393,-8.0,0.0,-8.0,0.0,0.0,0.0,0.0,0.0,0.0,0.0
118.076469,DATA,1,1,0,10,0,67.15723,67.15723,-7.44792938,1.29363751,-8.757454,4.47666264,45.1275444,0.7823713,-8.0,0.0,-8.0,0.0,0.0,0.0,0.0,0.0,0.0,0.0
118.13089,DATA,1,1,0,10,0,67.21165,67.21165,-7.447963,1.29363608,-8.757426,4.46145058,45.1445236,0.8006022,-8.0,0.0,-8.0,0.0,0.0,0.0,0.0,0.0,0.0,0.0
118.187172,DATA,1,1,0,10,0,67.26793,67.26793,-7.44797325,1.2936213,-8.757471,4.45852661,45.1385765,0.791238248,-8.0,0.0,-8.0,0.0,0.0,0.0,0.0,0.0,0.0,0.0
118.24295,DATA,1,1,0,10,0,67.32371,67.32371,-7.447966,1.29364133,-8.757465,4.45615864,45.13985,0.795003653,-8.0,0.0,-8.0,0.0,0.0,0.0,0.0,0.0,0.0,0.0
118.298592,DATA,1,1,0,10,0,67.37935,67.37935,-7.44798326,1.29361808,-8.757436,4.4669013,45.1410522,0.792996764,-8.0,0.0,-8.0,0.0,0.0,0.0,0.0,0.0,0.0,0.0
118.353867,DATA,1,1,0,10,0,67.43462,67.43462,-7.44799,1.29363942,-8.757429,4.45852566,45.1406021,0.7934779,-8.0,0.0,-8.0,0.0,0.0,0.0,0.0,0.0,0.0,0.0
118.408577,DATA,1,1,0,10,0,67.4893341,67.4893341,-7.448108,1.29354453,-8.757458,4.45566559,45.14506,0.793311834,-8.0,0.0,-8.0,0.0,0.0,0.0,0.0,0.0,0.0,0.0
118.46476,DATA,1,1,0,10,0,67.54552,67.54552,-7.44813538,1.2935648,-8.757444,4.459804,45.1476555,0.795671642,-8.0,0.0,-8.0,0.0,0.0,0.0,0.0,0.0,0.0,0.0
118.520691,DATA,1,1,0,10,0,67.60145,67.60145,-7.448056,1.29363608,-8.75745,4.47141552,45.1372223,0.78764987,-8.0,0.0,-8.0,0.0,0.0,0.0,0.0,0.0,0.0,0.0
118.576218,DATA,1,1,0,10,0,67.6569748,67.6569748,-7.448083,1.29365432,-8.757433,4.46049166,45.1469765,0.796883345,-8.0,0.0,-8.0,0.0,0.0,0.0,0.0,0.0,0.0,0.0
118.631134,DATA,1,1,0,10,0,67.71189,67.71189,-7.448199,1.29353678,-8.757534,4.4589653,45.140522,0.789318144,-8.0,0.0,-8.0,0.0,0.0,0.0,0.0,0.0,0.0,0.0
118.687,DATA,1,1,0,10,0,67.76775,67.76775,-7.44827,1.29351187,-8.757571,4.451335,45.1499557,0.795819342,-8.0,0.0,-8.0,0.0,0.0,0.0,0.0,0.0,0.0,0.0
118.742355,DATA,1,1,0,10,0,67.82311,67.82311,-7.44825,1.29354787,-8.75755,4.459458,45.1439323,0.786458254,-8.0,0.0,-8.0,0.0,0.0,0.0,0.0,0.0,0.0,0.0
118.798714,DATA,1,1,0,10,0,67.87947,67.87947,-7.44826651,1.293577,-8.757526,4.45901442,45.1459045,0.7919482,-8.0,0.0,-8.0,0.0,0.0,0.0,0.0,0.0,0.0,0.0
118.853477,DATA,1,1,0,10,0,67.9342346,67.9342346,-7.44827127,1.29360032,-8.75754,4.45667,45.1448555,0.793174565,-8.0,0.0,-8.0,0.0,0.0,0.0,0.0,0.0,0.0,0.0
118.909187,DATA,1,1,0,10,0,67.9899445,67.9899445,-7.44819975,1.29363489,-8.757537,4.4549427,45.13898,0.7873538,-8.0,0.0,-8.0,0.0,0.0,0.0,0.0,0.0,0.0,0.0
118.964928,DATA,1,1,0,10,0,68.0456848,68.0456848,-7.448208,1.29367638,-8.757551,4.459466,45.15009,0.7950986,-8.0,0.0,-8.0,0.0,0.0,0.0,0.0,0.0,0.0,0.0
119.020172,DATA,1,1,0,10,0,68.10093,68.10093,-7.448097,1.29366946,-8.757502,4.45871162,45.1388168,0.7833966,-8.0,0.0,-8.0,0.0,0.0,0.0,0.0,0.0,0.0,0.0
119.076225,DATA,1,1,0,10,0,68.15698,68.15698,-7.448119,1.29369593,-8.757525,4.45912933,45.14993,0.8022735,-8.0,0.0,-8.0,0.0,0.0,0.0,0.0,0.0,0.0,0.0
119.130638,DATA,1,1,0,10,0,68.2113953,68.2113953,-7.448173,1.29363358,-8.757533,4.45802975,45.1384926,0.7792323,-8.0,0.0,-8.0,0.0,0.0,0.0,0.0,0.0,0.0,0.0
119.187172,DATA,1,1,0,10,0,68.26793,68.26793,-7.44817543,1.29365087,-8.757542,4.45748949,45.1545944,0.807079256,-8.0,0.0,-8.0,0.0,0.0,0.0,0.0,0.0,0.0,0.0
119.242363,DATA,1,1,0,10,0,68.32312,68.32312,-7.4481163,1.29364061,-8.757479,4.47221327,45.1339073,0.778979361,-8.0,0.0,-8.0,0.0,0.0,0.0,0.0,0.0,0.0,0.0
119.298347,DATA,1,1,0,10,0,68.3791046,68.3791046,-7.44814348,1.29364955,-8.757479,4.4605546,45.1531868,0.808036864,-8.0,0.0,-8.0,0.0,0.0,0.0,0.0,0.0,0.0,0.0
119.353493,DATA,1,1,0,10,0,68.43425,68.43425,-7.448241,1.29363513,-8.757502,4.46025753,45.1357269,0.778180242,-8.0,0.0,-8.0,0.0,0.0,0.0,0.0,0.0,0.0,0.0
119.409126,DATA,1,1,0,10,0,68.48988,68.48988,-7.44827557,1.29364824,-8.757498,4.45785475,45.1561623,0.8079918,-8.0,0.0,-8.0,0.0,0.0,0.0,0.0,0.0,0.0,0.0
119.464096,DATA,1,1,0,10,0,68.54485,68.54485,-7.44814348,1.29372013,-8.757492,4.46875572,45.128376,0.7711911,-8.0,0.0,-8.0,0.0,0.0,0.0,0.0,0.0,0.0,0.0
119.520683,DATA,1,1,0,10,0,68.60144,68.60144,-7.44810247,1.29377031,-8.757459,4.466518,45.15043,0.807140946,-8.0,0.0,-8.0,0.0,0.0,0.0,0.0,0.0,0.0,0.0
119.57637,DATA,1,1,0,10,0,68.65713,68.65713,-7.448144,1.293742,-8.757492,4.45818043,45.13768,0.781619668,-8.0,0.0,-8.0,0.0,0.0,0.0,0.0,0.0,0.0,0.0
119.631149,DATA,1,1,0,10,0,68.71191,68.71191,-7.448222,1.29364586,-8.757512,4.4572053,45.1482544,0.798391938,-8.0,0.0,-8.0,0.0,0.0,0.0,0.0,0.0,0.0,0.0
119.687195,DATA,1,1,0,10,0,68.76795,68.76795,-7.44821167,1.29368067,-8.75752449,4.466056,45.1407471,0.7921005,-8.0,0.0,-8.0,0.0,0.0,0.0,0.0,0.0,0.0,0.0
119.743027,DATA,1,1,0,10,0,68.8237839,68.8237839,-7.44827557,1.29363537,-8.757553,4.465344,45.13904,0.787349343,-8.0,0.0,-8.0,0.0,0.0,0.0,0.0,0.0,0.0,0.0
119.79818,DATA,1,1,0,10,0,68.87894,68.87894,-7.44832,1.29365063,-8.75756,4.45278072,45.14677,0.7984821,-8.0,0.0,-8.0,0.0,0.0,0.0,0.0,0.0,0.0,0.0
119.853523,DATA,1,1,0,10,0,68.93428,68.93428,-7.44825125,1.29361939,-8.757517,4.46366453,45.1400948,0.7872066,-8.0,0.0,-8.0,0.0,0.0,0.0,0.0,0.0,0.0,0.0
119.908684,DATA,1,1,0,10,0,68.98944,68.98944,-7.44825268,1.29363585,-8.757512,4.45927572,45.1459351,0.7991143,-8.0,0.0,-8.0,0.0,0.0,0.0,0.0,0.0,0.0,0.0
119.96447,DATA,1,1,0,10,0,69.04523,69.04523,-7.448156,1.29360843,-8.757498,4.4652853,45.14222,0.792302132,-8.0,0.0,-8.0,0.0,0.0,0.0,0.0,0.0,0.0,0.0
120.020432,DATA,1,1,0,10,0,69.10119,69.10119,-7.448172,1.2936219,-8.757507,4.46038246,45.1425667,0.796556354,-8.0,0.0,-8.0,0.0,0.0,0.0,0.0,0.0,0.0,0.0
120.076225,DATA,1,1,0,10,0,69.15698,69.15698,-7.44815826,1.2935921,-8.757506,4.46298933,45.1439247,0.8002472,-8.0,0.0,-8.0,0.0,0.0,0.0,0.0,0.0,0.0,0.0
120.13121,DATA,1,1,0,10,0,69.21197,69.21197,-7.44810772,1.29360807,-8.757517,4.47179937,45.1360664,0.7856434,-8.0,0.0,-8.0,0.0,0.0,0.0,0.0,0.0,0.0,0.0
120.186981,DATA,1,1,0,10,0,69.26774,69.26774,-7.44808245,1.29362631,-8.757471,4.468371,45.14523,0.8006023,-8.0,0.0,-8.0,0.0,0.0,0.0,0.0,0.0,0.0,0.0
120.242424,DATA,1,1,0,10,0,69.32318,69.32318,-7.44804049,1.29364562,-8.757458,4.46561766,45.137188,0.7906439,-8.0,0.0,-8.0,0.0,0.0,0.0,0.0,0.0,0.0,0.0
120.298477,DATA,1,1,0,10,0,69.3792343,69.3792343,-7.448052,1.29367447,-8.757447,4.465763,45.1453629,0.8014998,-8.0,0.0,-8.0,0.0,0.0,0.0,0.0,0.0,0.0,0.0
120.353546,DATA,1,1,0,10,0,69.4343,69.4343,-7.448031,1.29369926,-8.757469,4.46165,45.14159,0.794848561,-8.0,0.0,-8.0,0.0,0.0,0.0,0.0,0.0,0.0,0.0
120.408951,DATA,1,1,0,10,0,69.48971,69.48971,-7.44803333,1.2937398,-8.757456,4.47017574,45.1341972,0.789850533,-8.0,0.0,-8.0,0.0,0.0,0.0,0.0,0.0,0.0,0.0
120.464478,DATA,1,1,0,10,0,69.5452347,69.5452347,-7.44811726,1.29366946,-8.757369,4.462284,45.14788,0.809710264,-8.0,0.0,-8.0,0.0,0.0,0.0,0.0,0.0,0.0,0.0
120.521446,DATA,1,1,0,10,0,69.6022,69.6022,-7.44813633,1.29370236,-8.757374,4.46056938,45.1348152,0.7884874,-8.0,0.0,-8.0,0.0,0.0,0.0,0.0,0.0,0.0,0.0
120.576233,DATA,1,1,0,10,0,69.65699,69.65699,-7.44813251,1.29367185,-8.757336,4.465459,45.1496353,0.8086908,-8.0,0.0,-8.0,0.0,0.0,0.0,0.0,0.0,0.0,0.0
120.631454,DATA,1,1,0,10,0,69.71221,69.71221,-7.44813871,1.29371393,-8.757335,4.47083759,45.1308746,0.782650232,-8.0,0.0,-8.0,0.0,0.0,0.0,0.0,0.0,0.0,0.0
120.687187,DATA,1,1,0,10,0,69.7679443,69.7679443,-7.44815445,1.29362214,-8.757444,4.45243454,45.1496124,0.8135825,-8.0,0.0,-8.0,0.0,0.0,0.0,0.0,0.0,0.0,0.0
120.742722,DATA,1,1,0,10,0,69.82348,69.82348,-7.448155,1.29365575,-8.757478,4.46629143,45.1252823,0.778309345,-8.0,0.0,-8.0,0.0,0.0,0.0,0.0,0.0,0.0,0.0
120.798477,DATA,1,1,0,10,0,69.8792343,69.8792343,-7.44814873,1.293605,-8.757441,4.455322,45.1548462,0.815119,-8.0,0.0,-8.0,0.0,0.0,0.0,0.0,0.0,0.0,0.0
120.8537,DATA,1,1,0,10,0,69.9344559,69.9344559,-7.44813871,1.29363394,-8.757479,4.47169256,45.123188,0.774835646,-8.0,0.0,-8.0,0.0,0.0,0.0,0.0,0.0,0.0,0.0
120.909065,DATA,1,1,0,10,0,69.98982,69.98982,-7.44819164,1.29358983,-8.757511,4.4569,45.1526527,0.8164324,-8.0,0.0,-8.0,0.0,0.0,0.0,0.0,0.0,0.0,0.0
120.937347,MAZE_STARTED,1,2,0,10,0,0.0,70.0181046,0.0,0.0,0.0,0.0,0.0,0.0,0.0,0.0,0.0,0.0,0.0,0.0,0.0,0.0,0.0,0.0
120.96489,DATA,1,2,0,10,0,0.0275421143,70.04565,-7.44818163,1.293588,-8.757572,4.46405363,45.1261063,0.779172659,-8.0,0.0,-8.0,0.0,0.0,0.0,0.0,0.0,0.0,0.0
121.020721,DATA,1,2,0,10,0,0.08337402,70.10148,-7.448082,1.29363322,-8.757513,4.45725775,45.1458,0.8069407,-8.0,0.0,-8.0,0.0,0.0,0.0,0.0,0.0,0.0,0.0
121.076248,DATA,1,2,0,10,0,0.138900757,70.1570053,-7.447919,1.29371119,-8.757472,4.47876263,45.1305237,0.7849323,-8.0,0.0,-8.0,0.0,0.0,0.0,0.0,0.0,0.0,0.0
121.131828,DATA,1,2,0,10,0,0.1944809,70.2125854,-7.44794,1.29375088,-8.757456,4.46130943,45.13487,0.801695466,-8.0,0.0,-8.0,0.0,0.0,0.0,0.0,0.0,0.0,0.0
121.187347,DATA,1,2,0,10,0,0.25,70.2681046,-7.44801664,1.2937336,-8.757372,4.469261,45.1356621,0.799261034,-8.0,0.0,-8.0,0.0,0.0,0.0,0.0,0.0,0.0,0.0
121.243492,DATA,1,2,0,10,0,0.3061447,70.32425,-7.44798946,1.293792,-8.757361,4.456558,45.1316643,0.8018565,-8.0,0.0,-8.0,0.0,0.0,0.0,0.0,0.0,0.0,0.0
121.29821,DATA,1,2,0,10,0,0.360862732,70.37897,-7.448077,1.29363847,-8.757369,4.47380257,45.1301231,0.7879367,-8.0,0.0,-8.0,0.0,0.0,0.0,0.0,0.0,0.0,0.0
121.354233,DATA,1,2,0,10,0,0.416885376,70.43499,-7.448181,1.29368865,-8.757313,4.46766949,45.1358757,0.8087419,-8.0,0.0,-8.0,0.0,0.0,0.0,0.0,0.0,0.0,0.0
121.4094,DATA,1,2,0,10,0,0.472053528,70.49016,-7.448148,1.29361582,-8.75740051,4.443142,45.14193,0.809164,-8.0,0.0,-8.0,0.0,0.0,0.0,0.0,0.0,0.0,0.0
121.465218,DATA,1,2,0,10,0,0.5278702,70.5459747,-7.44812441,1.29366493,-8.757395,4.46972942,45.11567,0.781236,-8.0,0.0,-8.0,0.0,0.0,0.0,0.0,0.0,0.0,0.0
121.521095,DATA,1,2,0,10,0,0.583747864,70.60185,-7.44806767,1.2936666,-8.757367,4.454682,45.1560936,0.830113,-8.0,0.0,-8.0,0.0,0.0,0.0,0.0,0.0,0.0,0.0
121.576584,DATA,1,2,0,10,0,0.63923645,70.65734,-7.44800329,1.29369283,-8.757431,4.453699,45.1050339,0.7602149,-8.0,0.0,-8.0,0.0,0.0,0.0,0.0,0.0,0.0,0.0
121.631569,DATA,1,2,0,10,0,0.6942215,70.712326,-7.447983,1.29369664,-8.757345,4.44617033,45.1454659,0.8246951,-8.0,0.0,-8.0,0.0,0.0,0.0,0.0,0.0,0.0,0.0
121.687355,DATA,1,2,0,10,0,0.7500076,70.76811,-7.447929,1.29374146,-8.757347,4.45876074,45.12681,0.794481635,-8.0,0.0,-8.0,0.0,0.0,0.0,0.0,0.0,0.0,0.0
121.74321,DATA,1,2,0,10,0,0.8058624,70.82397,-7.447934,1.29370153,-8.757334,4.444604,45.12996,0.79839766,-8.0,0.0,-8.0,0.0,0.0,0.0,0.0,0.0,0.0,0.0
121.799019,DATA,1,2,0,10,0,0.861671448,70.879776,-7.44795036,1.29364693,-8.757295,4.45649433,45.1344872,0.808245242,-8.0,0.0,-8.0,0.0,0.0,0.0,0.0,0.0,0.0,0.0
121.854393,DATA,1,2,0,10,0,0.9170456,70.93515,-7.448002,1.29368258,-8.757328,4.45335436,45.1224022,0.788828135,-8.0,0.0,-8.0,0.0,0.0,0.0,0.0,0.0,0.0,0.0
121.909721,DATA,1,2,0,10,0,0.972373962,70.99048,-7.44809675,1.29361439,-8.757357,4.440995,45.1428566,0.818923056,-8.0,0.0,-8.0,0.0,0.0,0.0,0.0,0.0,0.0,0.0
121.965515,DATA,1,2,0,10,0,1.02816772,71.04627,-7.44809246,1.29359686,-8.757402,4.45176268,45.1224136,0.7901123,-8.0,0.0,-8.0,0.0,0.0,0.0,0.0,0.0,0.0,0.0
122.020653,DATA,1,2,0,10,0,1.08330536,71.10141,-7.448162,1.29355681,-8.757402,4.45232868,45.13804,0.8115222,-8.0,0.0,-8.0,0.0,0.0,0.0,0.0,0.0,0.0,0.0
122.076645,DATA,1,2,0,10,0,1.13929749,71.1574,-7.448179,1.2935462,-8.757439,4.44367647,45.1297646,0.796716034,-8.0,0.0,-8.0,0.0,0.0,0.0,0.0,0.0,0.0,0.0
122.131905,DATA,1,2,0,10,0,1.19455719,71.21266,-7.44821072,1.29355645,-8.757452,4.45551,45.1328239,0.805585,-8.0,0.0,-8.0,0.0,0.0,0.0,0.0,0.0,0.0,0.0
122.187256,DATA,1,2,0,10,0,1.24990845,71.26801,-7.448254,1.29350984,-8.75749,4.45774269,45.12763,0.7935585,-8.0,0.0,-8.0,0.0,0.0,0.0,0.0,0.0,0.0,0.0
122.242981,DATA,1,2,0,10,0,1.30563354,71.32374,-7.448175,1.293551,-8.757412,4.44427872,45.1301422,0.80464226,-8.0,0.0,-8.0,0.0,0.0,0.0,0.0,0.0,0.0,0.0
122.298859,DATA,1,2,0,10,0,1.36151123,71.3796158,-7.44817829,1.29357553,-8.757405,4.450598,45.13376,0.801562667,-8.0,0.0,-8.0,0.0,0.0,0.0,0.0,0.0,0.0,0.0
122.354218,DATA,1,2,0,10,0,1.41687012,71.4349747,-7.448163,1.29361379,-8.757398,4.456862,45.1293945,0.79343766,-8.0,0.0,-8.0,0.0,0.0,0.0,0.0,0.0,0.0,0.0
122.409027,DATA,1,2,0,10,0,1.47167969,71.4897842,-7.448174,1.29359889,-8.75741,4.44733953,45.1361923,0.8055834,-8.0,0.0,-8.0,0.0,0.0,0.0,0.0,0.0,0.0,0.0
