timestamp,eventType,mazeNumber,attemptNumber,collectedCoins,totalCoins,totalScore,mazeElapsedTime,totalGameElapsedTime,headPositionX,headPositionY,headPositionZ,headRotationX,headRotationY,headRotationZ,playerPositionX,playerPositionY,playerPositionZ,playerRotationY,rightThumbstickX,rightThumbstickY,rightTrigger,leftThumbstickX,leftThumbstickY,leftTrigger
4.34482241,DATA,1,0,0,0,0,0.0,0.0,0.4764461,1.60795331,-0.8979106,52.3171539,-26.34143,6.950222,0.55,0.0,-0.05,0.0,0.0,0.0,0.0,0.0,0.0,0.0
4.404377,DATA,1,0,0,0,0,0.0,0.0,0.46253103,1.61192369,-0.888550043,54.8943863,-23.242218,10.1084843,0.55,0.0,-0.05,0.0,0.0,0.0,0.0,0.0,0.0,0.0
4.45966434,DATA,1,0,0,0,0,0.0,0.0,0.4585607,1.612635,-0.88574183,54.9510574,-22.3803711,10.33942,0.55,0.0,-0.05,0.0,0.0,0.0,0.0,0.0,0.0,0.0
4.51309443,DATA,1,0,0,0,0,0.0,0.0,0.458128333,1.61235046,-0.885209858,54.5035324,-23.1387024,9.872991,0.55,0.0,-0.05,0.0,0.0,0.0,0.0,0.0,0.0,0.0
4.5692997,DATA,1,0,0,0,0,0.0,0.0,0.4597602,1.61206245,-0.88530314,54.2879257,-24.0969849,9.492956,0.55,0.0,-0.05,0.0,0.0,0.0,0.0,0.0,0.0,0.0
4.62432528,DATA,1,0,0,0,0,0.0,0.0,0.46071595,1.61149561,-0.886202931,53.6980858,-24.5216064,9.211324,0.55,0.0,-0.05,0.0,0.0,0.0,0.0,0.0,0.0,0.0
4.67863655,DATA,1,0,0,0,0,0.0,0.0,0.461545944,1.61129761,-0.887176156,53.77896,-24.2621765,9.485146,0.55,0.0,-0.05,0.0,0.0,0.0,0.0,0.0,0.0,0.0
4.731188,DATA,1,0,0,0,0,0.0,0.0,0.462994039,1.61099255,-0.8885792,53.4870834,-24.3665161,8.858931,0.55,0.0,-0.05,0.0,0.0,0.0,0.0,0.0,0.0,0.0
4.78698826,DATA,1,0,0,0,0,0.0,0.0,0.4639405,1.61029458,-0.890008,53.0543137,-24.2207642,8.369101,0.55,0.0,-0.05,0.0,0.0,0.0,0.0,0.0,0.0,0.0
4.852815,DATA,1,0,0,0,0,0.0,0.0,0.464776576,1.61045158,-0.890752733,53.0813332,-24.3263855,8.024632,0.55,0.0,-0.05,0.0,0.0,0.0,0.0,0.0,0.0,0.0
4.912033,DATA,1,0,0,0,0,0.0,0.0,0.464043856,1.61055255,-0.890807748,53.2688675,-23.6120911,8.523975,0.55,0.0,-0.05,0.0,0.0,0.0,0.0,0.0,0.0,0.0
4.968729,DATA,1,0,0,0,0,0.0,0.0,0.463171661,1.6107533,-0.8903814,53.36958,-23.3251343,8.640756,0.55,0.0,-0.05,0.0,0.0,0.0,0.0,0.0,0.0,0.0
5.02513552,DATA,1,0,0,0,0,0.0,0.0,0.462288976,1.61090577,-0.889881551,53.509243,-23.1265259,8.987461,0.55,0.0,-0.05,0.0,0.0,0.0,0.0,0.0,0.0,0.0
5.08093643,DATA,1,0,0,0,0,0.0,0.0,0.462001979,1.6110307,-0.889247,53.5509338,-23.3835144,8.844962,0.55,0.0,-0.05,0.0,0.0,0.0,0.0,0.0,0.0,0.0
5.13680267,DATA,1,0,0,0,0,0.0,0.0,0.461984873,1.61096764,-0.8887191,53.59993,-23.348938,8.771545,0.55,0.0,-0.05,0.0,0.0,0.0,0.0,0.0,0.0,0.0
5.19250059,DATA,1,0,0,0,0,0.0,0.0,0.462020755,1.610996,-0.888692,53.70626,-23.08899,8.83467,0.55,0.0,-0.05,0.0,0.0,0.0,0.0,0.0,0.0,0.0
5.247371,DATA,1,0,0,0,0,0.0,0.0,0.4625032,1.61088467,-0.88860774,53.6874161,-23.0775146,8.417284,0.55,0.0,-0.05,0.0,0.0,0.0,0.0,0.0,0.0,0.0
5.305084,DATA,1,0,0,0,0,0.0,0.0,0.462655067,1.61085474,-0.8888892,53.82676,-22.6545715,8.514844,0.55,0.0,-0.05,0.0,0.0,0.0,0.0,0.0,0.0,0.0
5.361558,DATA,1,0,0,0,0,0.0,0.0,0.463020623,1.61064243,-0.8889514,53.7089043,-22.5924072,8.382218,0.55,0.0,-0.05,0.0,0.0,0.0,0.0,0.0,0.0,0.0
5.41637659,DATA,1,0,0,0,0,0.0,0.0,0.463216841,1.610636,-0.8891617,53.70352,-22.6826782,8.330984,0.55,0.0,-0.05,0.0,0.0,0.0,0.0,0.0,0.0,0.0
5.4721446,DATA,1,0,0,0,0,0.0,0.0,0.463336885,1.61051822,-0.889000237,53.6742859,-22.7695,8.203746,0.55,0.0,-0.05,0.0,0.0,0.0,0.0,0.0,0.0,0.0
5.52753162,DATA,1,0,0,0,0,0.0,0.0,0.4629166,1.61058247,-0.889179,53.8249359,-22.4111938,8.410501,0.55,0.0,-0.05,0.0,0.0,0.0,0.0,0.0,0.0,0.0
5.582971,DATA,1,0,0,0,0,0.0,0.0,0.4625187,1.61068833,-0.8888364,54.0207253,-22.0457764,8.437215,0.55,0.0,-0.05,0.0,0.0,0.0,0.0,0.0,0.0,0.0
5.63897753,DATA,1,0,0,0,0,0.0,0.0,0.462059438,1.61074519,-0.88862586,54.201,-21.5640869,8.522553,0.55,0.0,-0.05,0.0,0.0,0.0,0.0,0.0,0.0,0.0
5.694002,DATA,1,0,0,0,0,0.0,0.0,0.4617784,1.61073279,-0.8876891,54.5381622,-21.1381836,8.661499,0.55,0.0,-0.05,0.0,0.0,0.0,0.0,0.0,0.0,0.0
5.74942732,DATA,1,0,0,0,0,0.0,0.0,0.46150136,1.611123,-0.886320531,55.1089554,-20.9326172,8.606645,0.55,0.0,-0.05,0.0,0.0,0.0,0.0,0.0,0.0,0.0
5.80541039,DATA,1,0,0,0,0,0.0,0.0,0.461225033,1.61199474,-0.884583652,55.6940765,-20.65866,8.784173,0.55,0.0,-0.05,0.0,0.0,0.0,0.0,0.0,0.0,0.0
5.861281,DATA,1,0,0,0,0,0.0,0.0,0.4609304,1.61391973,-0.88195765,56.5939026,-20.9023438,9.108427,0.55,0.0,-0.05,0.0,0.0,0.0,0.0,0.0,0.0,0.0
5.91705942,DATA,1,0,0,0,0,0.0,0.0,0.4605409,1.61281741,-0.877966642,58.4110947,-21.4356689,10.407836,0.55,0.0,-0.05,0.0,0.0,0.0,0.0,0.0,0.0,0.0
5.972582,DATA,1,0,0,0,0,0.0,0.0,0.460171223,1.61041927,-0.8724689,60.62657,-22.16504,12.3143,0.55,0.0,-0.05,0.0,0.0,0.0,0.0,0.0,0.0,0.0
6.02772331,DATA,1,0,0,0,0,0.0,0.0,0.460294485,1.608874,-0.865948439,62.42467,-22.9405518,13.6759205,0.55,0.0,-0.05,0.0,0.0,0.0,0.0,0.0,0.0,0.0
6.08216763,DATA,1,0,0,0,0,0.0,0.0,0.460504651,1.60868,-0.8580606,64.3996353,-22.3752747,15.6071529,0.55,0.0,-0.05,0.0,0.0,0.0,0.0,0.0,0.0,0.0
6.138682,DATA,1,0,0,0,0,0.0,0.0,0.4598322,1.61015379,-0.8519944,64.7474442,-19.2133179,19.4243088,0.55,0.0,-0.05,0.0,0.0,0.0,0.0,0.0,0.0,0.0
6.19433737,DATA,1,0,0,0,0,0.0,0.0,0.45832783,1.61246276,-0.846889,64.79768,-15.1895447,24.2840481,0.55,0.0,-0.05,0.0,0.0,0.0,0.0,0.0,0.0,0.0
6.249625,DATA,1,0,0,0,0,0.0,0.0,0.456495941,1.61376917,-0.8437988,64.71737,-14.4749146,26.6267662,0.55,0.0,-0.05,0.0,0.0,0.0,0.0,0.0,0.0,0.0
6.305404,DATA,1,0,0,0,0,0.0,0.0,0.454544485,1.61242533,-0.8401108,66.0672,-14.1190186,28.533577,0.55,0.0,-0.05,0.0,0.0,0.0,0.0,0.0,0.0,0.0
6.361069,DATA,1,0,0,0,0,0.0,0.0,0.452829182,1.60925376,-0.835518837,68.3334045,-14.772522,28.75799,0.55,0.0,-0.05,0.0,0.0,0.0,0.0,0.0,0.0,0.0
6.41598368,DATA,1,0,0,0,0,0.0,0.0,0.452176034,1.60468841,-0.8292425,70.00117,-17.0209045,26.8075676,0.55,0.0,-0.05,0.0,0.0,0.0,0.0,0.0,0.0,0.0
6.471845,DATA,1,0,0,0,0,0.0,0.0,0.451771677,1.59897614,-0.82172513,71.5081558,-22.64038,20.8032112,0.55,0.0,-0.05,0.0,0.0,0.0,0.0,0.0,0.0,0.0
6.526154,DATA,1,0,0,0,0,0.0,0.0,0.450710177,1.59248352,-0.8130802,73.83304,-29.3099365,13.9147263,0.55,0.0,-0.05,0.0,0.0,0.0,0.0,0.0,0.0,0.0
6.58240938,DATA,1,0,0,0,0,0.0,0.0,0.449630678,1.59024584,-0.8056386,74.73695,-27.8717041,14.7565517,0.55,0.0,-0.05,0.0,0.0,0.0,0.0,0.0,0.0,0.0
6.638965,DATA,1,0,0,0,0,0.0,0.0,0.447519124,1.59000921,-0.7984966,75.30889,-26.0042114,17.05773,0.55,0.0,-0.05,0.0,0.0,0.0,0.0,0.0,0.0,0.0
6.69347143,DATA,1,0,0,0,0,0.0,0.0,0.4448939,1.589441,-0.79230237,76.50389,-26.4441528,17.4387646,0.55,0.0,-0.05,0.0,0.0,0.0,0.0,0.0,0.0,0.0
6.749919,DATA,1,0,0,0,0,0.0,0.0,0.441849947,1.58920312,-0.7870627,77.49541,-28.2861328,16.3696251,0.55,0.0,-0.05,0.0,0.0,0.0,0.0,0.0,0.0,0.0
6.80579138,DATA,1,0,0,0,0,0.0,0.0,0.4388246,1.58947349,-0.7815616,78.9936447,-31.3737488,14.0962725,0.55,0.0,-0.05,0.0,0.0,0.0,0.0,0.0,0.0,0.0
6.860897,DATA,1,0,0,0,0,0.0,0.0,0.4359395,1.5892036,-0.77804184,79.97296,-29.677063,16.4422626,0.55,0.0,-0.05,0.0,0.0,0.0,0.0,0.0,0.0,0.0
6.915558,DATA,1,0,0,0,0,0.0,0.0,0.4337718,1.58886313,-0.775507,80.34877,-27.0581665,19.1575222,0.55,0.0,-0.05,0.0,0.0,0.0,0.0,0.0,0.0,0.0
6.971156,DATA,1,0,0,0,0,0.0,0.0,0.432627678,1.5883944,-0.7742704,80.576004,-26.0957031,20.0723667,0.55,0.0,-0.05,0.0,0.0,0.0,0.0,0.0,0.0,0.0
7.028476,DATA,1,0,0,0,0,0.0,0.0,0.432221055,1.58749771,-0.7738117,80.5504,-25.672699,20.35795,0.55,0.0,-0.05,0.0,0.0,0.0,0.0,0.0,0.0,0.0
7.08256626,DATA,1,0,0,0,0,0.0,0.0,0.4330172,1.58725834,-0.7741529,80.3640747,-25.5392151,20.43978,0.55,0.0,-0.05,0.0,0.0,0.0,0.0,0.0,0.0,0.0
7.138956,DATA,1,0,0,0,0,0.0,0.0,0.434856474,1.58659422,-0.7748567,80.1006,-27.1281738,18.5205479,0.55,0.0,-0.05,0.0,0.0,0.0,0.0,0.0,0.0,0.0
7.19472742,DATA,1,0,0,0,0,0.0,0.0,0.437358558,1.58622515,-0.7754842,79.65164,-30.1903076,15.2997093,0.55,0.0,-0.05,0.0,0.0,0.0,0.0,0.0,0.0,0.0
7.24920464,DATA,1,0,0,0,0,0.0,0.0,0.440161467,1.58562076,-0.7756076,79.1405,-33.5502319,11.7702923,0.55,0.0,-0.05,0.0,0.0,0.0,0.0,0.0,0.0,0.0
7.304809,DATA,1,0,0,0,0,0.0,0.0,0.442298472,1.58532619,-0.7753027,79.11827,-37.84552,7.432883,0.55,0.0,-0.05,0.0,0.0,0.0,0.0,0.0,0.0,0.0
7.36185455,DATA,1,0,0,0,0,0.0,0.0,0.443270028,1.5853287,-0.775025368,79.2028,-42.07721,3.197667,0.55,0.0,-0.05,0.0,0.0,0.0,0.0,0.0,0.0,0.0
7.41711,DATA,1,0,0,0,0,0.0,0.0,0.442622185,1.58508444,-0.7752583,79.3473,-40.87976,4.368512,0.55,0.0,-0.05,0.0,0.0,0.0,0.0,0.0,0.0,0.0
7.472211,DATA,1,0,0,0,0,0.0,0.0,0.441839576,1.585453,-0.7758763,79.39869,-37.1564331,8.187587,0.55,0.0,-0.05,0.0,0.0,0.0,0.0,0.0,0.0,0.0
7.52679968,DATA,1,0,0,0,0,0.0,0.0,0.441998959,1.58503425,-0.776344359,79.3469849,-36.7241821,8.85791,0.55,0.0,-0.05,0.0,0.0,0.0,0.0,0.0,0.0,0.0
7.58265352,DATA,1,0,0,0,0,0.0,0.0,0.443582654,1.58512914,-0.7767943,79.14511,-38.08957,7.744708,0.55,0.0,-0.05,0.0,0.0,0.0,0.0,0.0,0.0,0.0
7.638554,DATA,1,0,0,0,0,0.0,0.0,0.4454434,1.58491731,-0.7769709,78.79303,-40.45459,5.506593,0.55,0.0,-0.05,0.0,0.0,0.0,0.0,0.0,0.0,0.0
7.694077,DATA,1,0,0,0,0,0.0,0.0,0.447507441,1.58457375,-0.7771098,78.55055,-42.6752319,3.44565916,0.55,0.0,-0.05,0.0,0.0,0.0,0.0,0.0,0.0,0.0
7.75010538,DATA,1,0,0,0,0,0.0,0.0,0.4493472,1.58403635,-0.7769978,78.312294,-43.213562,2.802196,0.55,0.0,-0.05,0.0,0.0,0.0,0.0,0.0,0.0,0.0
7.80529737,DATA,1,0,0,0,0,0.0,0.0,0.4509666,1.5836699,-0.7766923,77.94213,-45.42685,0.352170974,0.55,0.0,-0.05,0.0,0.0,0.0,0.0,0.0,0.0,0.0
7.86101627,DATA,1,0,0,0,0,0.0,0.0,0.452151537,1.58252716,-0.7761978,77.78599,-45.1406555,0.474179327,0.55,0.0,-0.05,0.0,0.0,0.0,0.0,0.0,0.0,0.0
7.91659832,DATA,1,0,0,0,0,0.0,0.0,0.453641772,1.58190715,-0.774982,77.67478,-46.0571,-0.8901367,0.55,0.0,-0.05,0.0,0.0,0.0,0.0,0.0,0.0,0.0
7.970849,DATA,1,0,0,0,0,0.0,0.0,0.455461025,1.58081424,-0.773742437,77.39688,-46.88315,-2.29220581,0.55,0.0,-0.05,0.0,0.0,0.0,0.0,0.0,0.0,0.0
8.026272,DATA,1,0,0,0,0,0.0,0.0,0.4585449,1.57984686,-0.772420943,77.3051,-46.331543,-2.824829,0.55,0.0,-0.05,0.0,0.0,0.0,0.0,0.0,0.0,0.0
8.082183,DATA,1,0,0,0,0,0.0,0.0,0.463815629,1.57890344,-0.771446347,76.74827,-45.4657,-4.22262573,0.55,0.0,-0.05,0.0,0.0,0.0,0.0,0.0,0.0,0.0
8.13872,DATA,1,0,0,0,0,0.0,0.0,0.471744835,1.57716846,-0.771771669,75.19996,-42.02585,-4.63116455,0.55,0.0,-0.05,0.0,0.0,0.0,0.0,0.0,0.0,0.0
8.193911,DATA,1,0,0,0,0,0.0,0.0,0.482097268,1.57486022,-0.7722504,73.42071,-41.372406,-8.694519,0.55,0.0,-0.05,0.0,0.0,0.0,0.0,0.0,0.0,0.0
8.249715,DATA,1,0,0,0,0,0.0,0.0,0.493921638,1.571111,-0.772794068,71.88814,-42.2525635,-14.3900757,0.55,0.0,-0.05,0.0,0.0,0.0,0.0,0.0,0.0,0.0
8.303967,DATA,1,0,0,0,0,0.0,0.0,0.504635,1.56788611,-0.7716813,70.8519058,-46.2484741,-22.5031128,0.55,0.0,-0.05,0.0,0.0,0.0,0.0,0.0,0.0,0.0
8.361472,DATA,1,0,0,0,0,0.0,0.0,0.511266232,1.56556821,-0.7702209,70.35407,-50.8276367,-29.83252,0.55,0.0,-0.05,0.0,0.0,0.0,0.0,0.0,0.0,0.0
8.415992,DATA,1,0,0,0,0,0.0,0.0,0.5136417,1.56438041,-0.769039869,71.3586044,-52.1051331,-32.3522644,0.55,0.0,-0.05,0.0,0.0,0.0,0.0,0.0,0.0,0.0
8.472142,DATA,1,0,0,0,0,0.0,0.0,0.513456643,1.56292391,-0.7687396,72.78119,-52.50818,-33.2070923,0.55,0.0,-0.05,0.0,0.0,0.0,0.0,0.0,0.0,0.0
8.5271,DATA,1,0,0,0,0,0.0,0.0,0.5135242,1.56257308,-0.768431962,73.5846252,-53.19937,-33.81079,0.55,0.0,-0.05,0.0,0.0,0.0,0.0,0.0,0.0,0.0
8.582326,DATA,1,0,0,0,0,0.0,0.0,0.514214337,1.56246853,-0.7683619,73.73438,-53.0870667,-33.3138428,0.55,0.0,-0.05,0.0,0.0,0.0,0.0,0.0,0.0,0.0
8.639311,DATA,1,0,0,0,0,0.0,0.0,0.5143785,1.56227565,-0.7692564,73.36971,-53.31598,-33.17978,0.55,0.0,-0.05,0.0,0.0,0.0,0.0,0.0,0.0,0.0
8.6940155,DATA,1,0,0,0,0,0.0,0.0,0.514013648,1.562314,-0.770422459,73.0418549,-53.3110352,-33.03174,0.55,0.0,-0.05,0.0,0.0,0.0,0.0,0.0,0.0,0.0
8.749218,DATA,1,0,0,0,0,0.0,0.0,0.513372958,1.56301033,-0.7717515,72.7789154,-53.4771729,-33.14682,0.55,0.0,-0.05,0.0,0.0,0.0,0.0,0.0,0.0,0.0
8.805306,DATA,1,0,0,0,0,0.0,0.0,0.5126867,1.56338048,-0.773115,72.36519,-51.6106262,-31.3067627,0.55,0.0,-0.05,0.0,0.0,0.0,0.0,0.0,0.0,0.0
8.86098,DATA,1,0,0,0,0,0.0,0.0,0.5132839,1.563086,-0.7739084,71.4850159,-48.92285,-28.6147766,0.55,0.0,-0.05,0.0,0.0,0.0,0.0,0.0,0.0,0.0
8.916636,DATA,1,0,0,0,0,0.0,0.0,0.5166728,1.56183362,-0.774265945,70.11841,-46.50354,-26.69812,0.55,0.0,-0.05,0.0,0.0,0.0,0.0,0.0,0.0,0.0
8.971515,DATA,1,0,0,0,0,0.0,0.0,0.5210923,1.56024885,-0.7751595,69.10982,-45.77954,-27.4798889,0.55,0.0,-0.05,0.0,0.0,0.0,0.0,0.0,0.0,0.0
9.026627,DATA,1,0,0,0,0,0.0,0.0,0.5248892,1.55886686,-0.7775364,68.32793,-45.71338,-28.96988,0.55,0.0,-0.05,0.0,0.0,0.0,0.0,0.0,0.0,0.0
9.081466,DATA,1,0,0,0,0,0.0,0.0,0.52796793,1.557957,-0.7807285,67.2924042,-44.76947,-28.5759583,0.55,0.0,-0.05,0.0,0.0,0.0,0.0,0.0,0.0,0.0
9.1396,DATA,1,0,0,0,0,0.0,0.0,0.5293251,1.557859,-0.7845447,66.07398,-44.0929871,-27.4891663,0.55,0.0,-0.05,0.0,0.0,0.0,0.0,0.0,0.0,0.0
9.193862,DATA,1,0,0,0,0,0.0,0.0,0.5299583,1.55771053,-0.7882927,64.886116,-42.9077759,-25.402832,0.55,0.0,-0.05,0.0,0.0,0.0,0.0,0.0,0.0,0.0
9.248395,DATA,1,0,0,0,0,0.0,0.0,0.5302768,1.55820131,-0.791497231,63.67569,-42.5658569,-24.3233948,0.55,0.0,-0.05,0.0,0.0,0.0,0.0,0.0,0.0,0.0
9.304793,DATA,1,0,0,0,0,0.0,0.0,0.5304757,1.55839562,-0.7937947,63.0123138,-41.76999,-23.18045,0.55,0.0,-0.05,0.0,0.0,0.0,0.0,0.0,0.0,0.0
9.360644,DATA,1,0,0,0,0,0.0,0.0,0.5304563,1.55850041,-0.795782268,62.3807335,-41.2014771,-22.7471313,0.55,0.0,-0.05,0.0,0.0,0.0,0.0,0.0,0.0,0.0
9.416109,DATA,1,0,0,0,0,0.0,0.0,0.530793369,1.55837858,-0.7971101,62.037693,-40.6495972,-22.19397,0.55,0.0,-0.05,0.0,0.0,0.0,0.0,0.0,0.0,0.0
9.471757,DATA,1,0,0,0,0,0.0,0.0,0.5311972,1.55829537,-0.798114061,61.65029,-40.6525879,-22.0664673,0.55,0.0,-0.05,0.0,0.0,0.0,0.0,0.0,0.0,0.0
9.526655,DATA,1,0,0,0,0,0.0,0.0,0.531650543,1.55816317,-0.7987304,61.4186478,-40.92737,-22.07016,0.55,0.0,-0.05,0.0,0.0,0.0,0.0,0.0,0.0,0.0
9.582637,DATA,1,0,0,0,0,0.0,0.0,0.5319342,1.558022,-0.7994898,61.14328,-40.90451,-21.96225,0.55,0.0,-0.05,0.0,0.0,0.0,0.0,0.0,0.0,0.0
9.638696,DATA,1,0,0,0,0,0.0,0.0,0.531861,1.55800641,-0.800467134,61.07898,-40.64319,-21.8578186,0.55,0.0,-0.05,0.0,0.0,0.0,0.0,0.0,0.0,0.0
9.693624,DATA,1,0,0,0,0,0.0,0.0,0.5320091,1.55809915,-0.801123738,61.024025,-40.552124,-21.9396973,0.55,0.0,-0.05,0.0,0.0,0.0,0.0,0.0,0.0,0.0
9.74945,DATA,1,0,0,0,0,0.0,0.0,0.532155633,1.557967,-0.801566,60.81539,-40.3364868,-21.759491,0.55,0.0,-0.05,0.0,0.0,0.0,0.0,0.0,0.0,0.0
9.804995,DATA,1,0,0,0,0,0.0,0.0,0.533092558,1.557482,-0.801394641,60.401844,-40.199646,-21.6148071,0.55,0.0,-0.05,0.0,0.0,0.0,0.0,0.0,0.0,0.0
9.860305,DATA,1,0,0,0,0,0.0,0.0,0.5348819,1.55671573,-0.8012173,60.08768,-40.1223145,-21.445282,0.55,0.0,-0.05,0.0,0.0,0.0,0.0,0.0,0.0,0.0
9.914794,DATA,1,0,0,0,0,0.0,0.0,0.538146734,1.5565871,-0.802118838,59.9820061,-38.9936829,-21.104126,0.55,0.0,-0.05,0.0,0.0,0.0,0.0,0.0,0.0,0.0
9.97092,DATA,1,0,0,0,0,0.0,0.0,0.542928755,1.55814981,-0.805587769,59.94792,-37.6393738,-21.8833313,0.55,0.0,-0.05,0.0,0.0,0.0,0.0,0.0,0.0,0.0
10.0276079,DATA,1,0,0,0,0,0.0,0.0,0.549292564,1.56369162,-0.8122808,59.236702,-35.28714,-22.0037537,0.55,0.0,-0.05,0.0,0.0,0.0,0.0,0.0,0.0,0.0
10.0824757,DATA,1,0,0,0,0,0.0,0.0,0.5556389,1.57356751,-0.8212886,58.4503822,-31.1005859,-19.29544,0.55,0.0,-0.05,0.0,0.0,0.0,0.0,0.0,0.0,0.0
10.1378126,DATA,1,0,0,0,0,0.0,0.0,0.562518239,1.58635485,-0.833711863,56.7754059,-24.8206177,-14.5251465,0.55,0.0,-0.05,0.0,0.0,0.0,0.0,0.0,0.0,0.0
10.194025,DATA,1,0,0,0,0,0.0,0.0,0.569598258,1.6002686,-0.84865725,54.1089554,-18.3996887,-9.292694,0.55,0.0,-0.05,0.0,0.0,0.0,0.0,0.0,0.0,0.0
10.2482157,DATA,1,0,0,0,0,0.0,0.0,0.575594246,1.61218536,-0.8661372,50.1201744,-13.7318115,-6.600769,0.55,0.0,-0.05,0.0,0.0,0.0,0.0,0.0,0.0,0.0
10.3046961,DATA,1,0,0,0,0,0.0,0.0,0.5795402,1.62153125,-0.8843261,46.1159744,-9.072418,-5.3461,0.55,0.0,-0.05,0.0,0.0,0.0,0.0,0.0,0.0,0.0
10.3600378,DATA,1,0,0,0,0,0.0,0.0,0.5810336,1.62819946,-0.90152967,42.84294,-5.05599976,-5.212494,0.55,0.0,-0.05,0.0,0.0,0.0,0.0,0.0,0.0,0.0
10.413868,DATA,1,0,0,0,0,0.0,0.0,0.579568565,1.63254917,-0.9157366,40.6026154,-0.311065674,-4.519226,0.55,0.0,-0.05,0.0,0.0,0.0,0.0,0.0,0.0,0.0
10.4700947,DATA,1,0,0,0,0,0.0,0.0,0.577526569,1.636257,-0.927457452,38.8510437,2.703149,-3.56271362,0.55,0.0,-0.05,0.0,0.0,0.0,0.0,0.0,0.0,0.0
10.5269823,DATA,1,0,0,0,0,0.0,0.0,0.575818539,1.63941371,-0.9373141,36.7684174,4.09720469,-2.34609985,0.55,0.0,-0.05,0.0,0.0,0.0,0.0,0.0,0.0,0.0
10.5823059,DATA,1,0,0,0,0,0.0,0.0,0.5735252,1.642489,-0.9463282,34.3343849,5.1044383,-1.29135132,0.55,0.0,-0.05,0.0,0.0,0.0,0.0,0.0,0.0,0.0
10.6364231,DATA,1,0,0,0,0,0.0,0.0,0.5710686,1.64533675,-0.954654038,31.6788311,5.818386,-0.799224854,0.55,0.0,-0.05,0.0,0.0,0.0,0.0,0.0,0.0,0.0
10.692956,DATA,1,0,0,0,0,0.0,0.0,0.5696684,1.64916372,-0.9619276,29.7746658,5.90631247,0.0729636252,0.55,0.0,-0.05,0.0,0.0,0.0,0.0,0.0,0.0,0.0
10.7476473,DATA,1,0,0,0,0,0.0,0.0,0.5678115,1.652478,-0.967964649,27.9670372,6.125732,0.388375252,0.55,0.0,-0.05,0.0,0.0,0.0,0.0,0.0,0.0,0.0
10.8044147,DATA,1,0,0,0,0,0.0,0.0,0.5662985,1.65483081,-0.9751138,25.778183,6.07198048,0.650256932,0.55,0.0,-0.05,0.0,0.0,0.0,0.0,0.0,0.0,0.0
10.8604956,DATA,1,0,0,0,0,0.0,0.0,0.5647139,1.65669084,-0.981547,23.92353,6.018374,0.346727341,0.55,0.0,-0.05,0.0,0.0,0.0,0.0,0.0,0.0,0.0
10.9147987,DATA,1,0,0,0,0,0.0,0.0,0.5637156,1.65821,-0.986815,22.523613,5.66487646,-0.143249512,0.55,0.0,-0.05,0.0,0.0,0.0,0.0,0.0,0.0,0.0
10.9706011,DATA,1,0,0,0,0,0.0,0.0,0.562057734,1.65955377,-0.991797745,21.8719521,5.511506,0.41348502,0.55,0.0,-0.05,0.0,0.0,0.0,0.0,0.0,0.0,0.0
11.0269852,DATA,1,0,0,0,0,0.0,0.0,0.560380638,1.66038859,-0.996576548,21.1886635,4.963832,0.4255972,0.55,0.0,-0.05,0.0,0.0,0.0,0.0,0.0,0.0,0.0
11.0826015,DATA,1,0,0,0,0,0.0,0.0,0.559143543,1.66106808,-1.00112677,20.8860359,4.85363531,0.8103582,0.55,0.0,-0.05,0.0,0.0,0.0,0.0,0.0,0.0,0.0
11.1379442,DATA,1,0,0,0,0,0.0,0.0,0.5578989,1.662254,-1.00503361,20.5353088,4.61750126,0.6709027,0.55,0.0,-0.05,0.0,0.0,0.0,0.0,0.0,0.0,0.0
11.1946869,DATA,1,0,0,0,0,0.0,0.0,0.557159364,1.66350734,-1.008656,19.9880428,4.73178244,0.9284667,0.55,0.0,-0.05,0.0,0.0,0.0,0.0,0.0,0.0,0.0
11.2486353,DATA,1,0,0,0,0,0.0,0.0,0.5564878,1.6643796,-1.01184654,19.4338627,4.7950263,1.28083849,0.55,0.0,-0.05,0.0,0.0,0.0,0.0,0.0,0.0,0.0
11.3050537,DATA,1,0,0,0,0,0.0,0.0,0.5565353,1.66465926,-1.01514,19.6935368,5.413972,1.60417926,0.55,0.0,-0.05,0.0,0.0,0.0,0.0,0.0,0.0,0.0
11.3607836,DATA,1,0,0,0,0,0.0,0.0,0.5566696,1.66377723,-1.01800013,20.487236,6.053862,1.655612,0.55,0.0,-0.05,0.0,0.0,0.0,0.0,0.0,0.0,0.0
11.4162579,DATA,1,0,0,0,0,0.0,0.0,0.5564693,1.6632148,-1.02030611,20.7528381,6.1306653,1.82621992,0.55,0.0,-0.05,0.0,0.0,0.0,0.0,0.0,0.0,0.0
11.4718933,DATA,1,0,0,0,0,0.0,0.0,0.55593276,1.66293216,-1.02140987,20.5423851,6.107548,2.124861,0.55,0.0,-0.05,0.0,0.0,0.0,0.0,0.0,0.0,0.0
11.5268135,DATA,1,0,0,0,0,0.0,0.0,0.5553599,1.66281736,-1.0223546,20.4143314,6.021751,2.48096156,0.55,0.0,-0.05,0.0,0.0,0.0,0.0,0.0,0.0,0.0
11.5833111,DATA,1,0,0,0,0,0.0,0.0,0.55507344,1.66267371,-1.02263653,20.373909,5.99462128,2.43960261,0.55,0.0,-0.05,0.0,0.0,0.0,0.0,0.0,0.0,0.0
11.6376858,DATA,1,0,0,0,0,0.0,0.0,0.5552719,1.6622349,-1.02309847,20.3980389,6.18794346,2.50164413,0.55,0.0,-0.05,0.0,0.0,0.0,0.0,0.0,0.0,0.0
11.693717,DATA,1,0,0,0,0,0.0,0.0,0.555625558,1.661869,-1.02332926,20.4279747,6.430702,2.467107,0.55,0.0,-0.05,0.0,0.0,0.0,0.0,0.0,0.0,0.0
11.7495565,DATA,1,0,0,0,0,0.0,0.0,0.5561508,1.66141057,-1.02374172,20.5880489,6.697399,2.290072,0.55,0.0,-0.05,0.0,0.0,0.0,0.0,0.0,0.0,0.0
11.804472,DATA,1,0,0,0,0,0.0,0.0,0.556560338,1.66065025,-1.024226,20.7246113,6.803474,2.3112638,0.55,0.0,-0.05,0.0,0.0,0.0,0.0,0.0,0.0,0.0
11.8615475,DATA,1,0,0,0,0,0.0,0.0,0.556945741,1.65993428,-1.02478039,20.8350258,6.861078,2.0170908,0.55,0.0,-0.05,0.0,0.0,0.0,0.0,0.0,0.0,0.0
11.916029,DATA,1,0,0,0,0,0.0,0.0,0.5574082,1.6590029,-1.02598166,21.1165848,6.90366936,1.71343076,0.55,0.0,-0.05,0.0,0.0,0.0,0.0,0.0,0.0,0.0
11.9707832,DATA,1,0,0,0,0,0.0,0.0,0.557746053,1.65816867,-1.027249,21.50432,6.877981,1.26264882,0.55,0.0,-0.05,0.0,0.0,0.0,0.0,0.0,0.0,0.0
12.02646,DATA,1,0,0,0,0,0.0,0.0,0.55796665,1.65774441,-1.02842546,21.7672272,6.750255,0.8277385,0.55,0.0,-0.05,0.0,0.0,0.0,0.0,0.0,0.0,0.0
12.0827856,DATA,1,0,0,0,0,0.0,0.0,0.5579573,1.65754747,-1.0295161,22.0076561,6.58060026,0.851782739,0.55,0.0,-0.05,0.0,0.0,0.0,0.0,0.0,0.0,0.0
12.1378841,DATA,1,0,0,0,0,0.0,0.0,0.5579281,1.65765536,-1.03037882,21.9480515,6.38859272,0.771624267,0.55,0.0,-0.05,0.0,0.0,0.0,0.0,0.0,0.0,0.0
12.1937351,DATA,1,0,0,0,0,0.0,0.0,0.557857037,1.65813041,-1.03093684,21.7129688,6.445944,0.9023582,0.55,0.0,-0.05,0.0,0.0,0.0,0.0,0.0,0.0,0.0
12.2495241,DATA,1,0,0,0,0,0.0,0.0,0.557950735,1.65876448,-1.03137374,21.2010288,6.545001,0.999501944,0.55,0.0,-0.05,0.0,0.0,0.0,0.0,0.0,0.0,0.0
12.3062925,DATA,1,0,0,0,0,0.0,0.0,0.5581739,1.65939713,-1.031544,20.63047,6.81401873,1.14239192,0.55,0.0,-0.05,0.0,0.0,0.0,0.0,0.0,0.0,0.0
12.3601513,DATA,1,0,0,0,0,0.0,0.0,0.5585923,1.66010618,-1.03175092,20.1673717,7.156508,1.20760572,0.55,0.0,-0.05,0.0,0.0,0.0,0.0,0.0,0.0,0.0
12.4162893,DATA,1,0,0,0,0,0.0,0.0,0.5591293,1.66123164,-1.03195381,19.5567684,7.81973171,1.35874188,0.55,0.0,-0.05,0.0,0.0,0.0,0.0,0.0,0.0,0.0
12.472064,DATA,1,0,0,0,0,0.0,0.0,0.560510159,1.66365731,-1.03245521,18.1713448,9.14422,1.58485687,0.55,0.0,-0.05,0.0,0.0,0.0,0.0,0.0,0.0,0.0
12.52689,DATA,1,0,0,0,0,0.0,0.0,0.5619216,1.66710758,-1.03275084,15.8346443,10.5721359,1.33096051,0.55,0.0,-0.05,0.0,0.0,0.0,0.0,0.0,0.0,0.0
12.5836134,DATA,1,0,0,0,0,0.0,0.0,0.5635179,1.67031658,-1.03405166,14.07817,12.2087994,1.94191718,0.55,0.0,-0.05,0.0,0.0,0.0,0.0,0.0,0.0,0.0
12.639636,DATA,1,0,0,0,0,0.0,0.0,0.5652007,1.67259836,-1.03606844,13.103158,14.2677479,2.31538868,0.55,0.0,-0.05,0.0,0.0,0.0,0.0,0.0,0.0,0.0
12.6932516,DATA,1,0,0,0,0,0.0,0.0,0.5668113,1.67435026,-1.03783178,12.1785126,16.5368938,2.94804144,0.55,0.0,-0.05,0.0,0.0,0.0,0.0,0.0,0.0,0.0
12.7490368,DATA,1,0,0,0,0,0.0,0.0,0.569324,1.67651272,-1.03965878,10.9457512,19.1767025,2.995621,0.55,0.0,-0.05,0.0,0.0,0.0,0.0,0.0,0.0,0.0
12.8052263,DATA,1,0,0,0,0,0.0,0.0,0.5722009,1.67947721,-1.041337,8.827259,22.1118412,3.30073857,0.55,0.0,-0.05,0.0,0.0,0.0,0.0,0.0,0.0,0.0
12.86145,DATA,1,0,0,0,0,0.0,0.0,0.57463336,1.68232763,-1.04337358,6.72393036,24.8627453,3.77917361,0.55,0.0,-0.05,0.0,0.0,0.0,0.0,0.0,0.0,0.0
12.9157953,DATA,1,0,0,0,0,0.0,0.0,0.576043665,1.68482184,-1.04577124,4.941666,27.1168137,4.14466524,0.55,0.0,-0.05,0.0,0.0,0.0,0.0,0.0,0.0,0.0
12.9714127,DATA,1,0,0,0,0,0.0,0.0,0.5766057,1.68681014,-1.04806578,3.626761,28.68827,4.67845345,0.55,0.0,-0.05,0.0,0.0,0.0,0.0,0.0,0.0,0.0
13.02702,DATA,1,0,0,0,0,0.0,0.0,0.5762209,1.688005,-1.050279,2.81492066,29.61956,5.05850935,0.55,0.0,-0.05,0.0,0.0,0.0,0.0,0.0,0.0,0.0
13.0821171,DATA,1,0,0,0,0,0.0,0.0,0.5757677,1.68876219,-1.052373,2.225549,30.473877,5.022795,0.55,0.0,-0.05,0.0,0.0,0.0,0.0,0.0,0.0,0.0
13.136981,DATA,1,0,0,0,0,0.0,0.0,0.5753218,1.68878138,-1.05428922,2.0760963,31.41198,4.85913754,0.55,0.0,-0.05,0.0,0.0,0.0,0.0,0.0,0.0,0.0
13.1940565,DATA,1,0,0,0,0,0.0,0.0,0.5749756,1.68878973,-1.05618787,2.20339727,32.47111,4.61218071,0.55,0.0,-0.05,0.0,0.0,0.0,0.0,0.0,0.0,0.0
13.2494249,DATA,1,0,0,0,0,0.0,0.0,0.5746514,1.68894255,-1.05754089,2.14784837,33.66088,4.48263025,0.55,0.0,-0.05,0.0,0.0,0.0,0.0,0.0,0.0,0.0
13.3040142,DATA,1,0,0,0,0,0.0,0.0,0.574197233,1.68955493,-1.05833232,1.84506083,34.7027435,4.432014,0.55,0.0,-0.05,0.0,0.0,0.0,0.0,0.0,0.0,0.0
13.3621473,DATA,1,0,0,0,0,0.0,0.0,0.5734282,1.690049,-1.05896056,1.54066443,35.74386,4.420683,0.55,0.0,-0.05,0.0,0.0,0.0,0.0,0.0,0.0,0.0
13.4150791,DATA,1,0,0,0,0,0.0,0.0,0.572953343,1.69030249,-1.058644,1.192073,36.8514137,4.426058,0.55,0.0,-0.05,0.0,0.0,0.0,0.0,0.0,0.0,0.0
13.47185,DATA,1,0,0,0,0,0.0,0.0,0.572039843,1.690502,-1.05884063,0.8808003,38.12378,4.46009064,0.55,0.0,-0.05,0.0,0.0,0.0,0.0,0.0,0.0,0.0
13.5260954,DATA,1,0,0,0,0,0.0,0.0,0.571320355,1.690749,-1.05806065,0.4724875,39.4410858,4.506168,0.55,0.0,-0.05,0.0,0.0,0.0,0.0,0.0,0.0,0.0
13.5822353,DATA,1,0,0,0,0,0.0,0.0,0.569931865,1.69144118,-1.05827522,-0.193908691,40.8353043,4.56373549,0.55,0.0,-0.05,0.0,0.0,0.0,0.0,0.0,0.0,0.0
13.6382675,DATA,1,0,0,0,0,0.0,0.0,0.5686009,1.69255257,-1.05760086,-1.24020386,42.1625633,4.831011,0.55,0.0,-0.05,0.0,0.0,0.0,0.0,0.0,0.0,0.0
13.6929626,DATA,1,0,0,0,0,0.0,0.0,0.5662908,1.69381714,-1.05772567,-2.03848267,43.33659,5.03244,0.55,0.0,-0.05,0.0,0.0,0.0,0.0,0.0,0.0,0.0
13.7484484,DATA,1,0,0,0,0,0.0,0.0,0.5643376,1.69460332,-1.05709291,-2.80828857,44.64854,5.226127,0.55,0.0,-0.05,0.0,0.0,0.0,0.0,0.0,0.0,0.0
13.8051615,DATA,1,0,0,0,0,0.0,0.0,0.5622206,1.69523525,-1.05703735,-3.29696655,45.92892,5.32831573,0.55,0.0,-0.05,0.0,0.0,0.0,0.0,0.0,0.0,0.0
13.8606071,DATA,1,0,0,0,0,0.0,0.0,0.5605131,1.69534922,-1.056851,-3.71688843,47.1857567,5.77910471,0.55,0.0,-0.05,0.0,0.0,0.0,0.0,0.0,0.0,0.0
13.9165478,DATA,1,0,0,0,0,0.0,0.0,0.5587057,1.69533467,-1.05708575,-3.89968872,48.29801,6.067833,0.55,0.0,-0.05,0.0,0.0,0.0,0.0,0.0,0.0,0.0
13.9716225,DATA,1,0,0,0,0,0.0,0.0,0.5578133,1.69544864,-1.057152,-4.104126,49.30272,6.41080332,0.55,0.0,-0.05,0.0,0.0,0.0,0.0,0.0,0.0,0.0
14.0270958,DATA,1,0,0,0,0,0.0,0.0,0.5567697,1.69608021,-1.05768871,-4.46347046,50.0725136,6.58582449,0.55,0.0,-0.05,0.0,0.0,0.0,0.0,0.0,0.0,0.0
14.0835781,DATA,1,0,0,0,0,0.0,0.0,0.556001067,1.69659448,-1.05834842,-4.869812,50.559185,6.75151634,0.55,0.0,-0.05,0.0,0.0,0.0,0.0,0.0,0.0,0.0
14.1377449,DATA,1,0,0,0,0,0.0,0.0,0.5562831,1.69687462,-1.05860007,-5.01635742,50.8880234,6.75604343,0.55,0.0,-0.05,0.0,0.0,0.0,0.0,0.0,0.0,0.0
14.1933632,DATA,1,0,0,0,0,0.0,0.0,0.5562601,1.69690824,-1.05912685,-5.08782959,51.2243,6.572893,0.55,0.0,-0.05,0.0,0.0,0.0,0.0,0.0,0.0,0.0
14.2482719,DATA,1,0,0,0,0,0.0,0.0,0.556102753,1.69689,-1.05987787,-5.14736938,51.44809,6.50757265,0.55,0.0,-0.05,0.0,0.0,0.0,0.0,0.0,0.0,0.0
14.3043871,DATA,1,0,0,0,0,0.0,0.0,0.556257,1.69675612,-1.06003177,-5.126648,51.5476646,6.4257617,0.55,0.0,-0.05,0.0,0.0,0.0,0.0,0.0,0.0,0.0
14.36055,DATA,1,0,0,0,0,0.0,0.0,0.5563519,1.69672763,-1.06047857,-5.186249,51.723156,6.36425924,0.55,0.0,-0.05,0.0,0.0,0.0,0.0,0.0,0.0,0.0
14.4157124,DATA,1,0,0,0,0,0.0,0.0,0.555908263,1.69681263,-1.06143057,-5.268524,51.8512039,6.24891472,0.55,0.0,-0.05,0.0,0.0,0.0,0.0,0.0,0.0,0.0
14.4712954,DATA,1,0,0,0,0,0.0,0.0,0.5565652,1.69697762,-1.06158888,-5.320862,51.91379,6.147039,0.55,0.0,-0.05,0.0,0.0,0.0,0.0,0.0,0.0,0.0
14.5273066,DATA,1,0,0,0,0,0.0,0.0,0.5564228,1.69711924,-1.06224537,-5.36047363,51.9606476,5.982224,0.55,0.0,-0.05,0.0,0.0,0.0,0.0,0.0,0.0,0.0
14.5821209,DATA,1,0,0,0,0,0.0,0.0,0.5570185,1.69725811,-1.062296,-5.3788147,51.94857,5.897111,0.55,0.0,-0.05,0.0,0.0,0.0,0.0,0.0,0.0,0.0
14.6381283,DATA,1,0,0,0,0,0.0,0.0,0.556803763,1.69734919,-1.06265724,-5.375458,51.8687935,5.85579824,0.55,0.0,-0.05,0.0,0.0,0.0,0.0,0.0,0.0,0.0
14.6933126,DATA,1,0,0,0,0,0.0,0.0,0.5566497,1.69728887,-1.06282973,-5.28710938,51.87223,5.863483,0.55,0.0,-0.05,0.0,0.0,0.0,0.0,0.0,0.0,0.0
14.7484779,DATA,1,0,0,0,0,0.0,0.0,0.557036161,1.69685864,-1.06233835,-4.949524,51.7824,5.836216,0.55,0.0,-0.05,0.0,0.0,0.0,0.0,0.0,0.0,0.0
14.8044748,DATA,1,0,0,0,0,0.0,0.0,0.5567559,1.69653153,-1.06226861,-4.592163,51.6806831,5.7275,0.55,0.0,-0.05,0.0,0.0,0.0,0.0,0.0,0.0,0.0
14.8605862,DATA,1,0,0,0,0,0.0,0.0,0.5563957,1.69646633,-1.06198025,-4.410919,51.5078964,5.80777931,0.55,0.0,-0.05,0.0,0.0,0.0,0.0,0.0,0.0,0.0
14.916029,DATA,1,0,0,0,0,0.0,0.0,0.5568532,1.69620311,-1.06133866,-4.19018555,51.3351173,5.71954775,0.55,0.0,-0.05,0.0,0.0,0.0,0.0,0.0,0.0,0.0
14.9708586,DATA,1,0,0,0,0,0.0,0.0,0.556612134,1.696057,-1.06101239,-3.93084717,51.1509743,5.68995,0.55,0.0,-0.05,0.0,0.0,0.0,0.0,0.0,0.0,0.0
15.0271187,DATA,1,0,0,0,0,0.0,0.0,0.5563565,1.69593525,-1.06047046,-3.78094482,50.977005,5.643151,0.55,0.0,-0.05,0.0,0.0,0.0,0.0,0.0,0.0,0.0
15.0822382,DATA,1,0,0,0,0,0.0,0.0,0.556872,1.69589281,-1.05915928,-3.74606323,50.79464,5.714655,0.55,0.0,-0.05,0.0,0.0,0.0,0.0,0.0,0.0,0.0
15.13682,DATA,1,0,0,0,0,0.0,0.0,0.556965351,1.69590521,-1.057643,-3.80505371,50.41387,5.921451,0.55,0.0,-0.05,0.0,0.0,0.0,0.0,0.0,0.0,0.0
15.19259,DATA,1,0,0,0,0,0.0,0.0,0.5569794,1.69569492,-1.05640888,-3.68963623,50.1280479,6.06952,0.55,0.0,-0.05,0.0,0.0,0.0,0.0,0.0,0.0,0.0
15.2474775,DATA,1,0,0,0,0,0.0,0.0,0.5576978,1.69503784,-1.05503142,-3.4380188,49.9098625,6.27469444,0.55,0.0,-0.05,0.0,0.0,0.0,0.0,0.0,0.0,0.0
15.303462,DATA,1,0,0,0,0,0.0,0.0,0.558390141,1.69448876,-1.05398846,-3.29095459,49.78998,6.23117,0.55,0.0,-0.05,0.0,0.0,0.0,0.0,0.0,0.0,0.0
15.3595724,DATA,1,0,0,0,0,0.0,0.0,0.5588467,1.69451344,-1.05355394,-3.487091,49.677948,6.31094837,0.55,0.0,-0.05,0.0,0.0,0.0,0.0,0.0,0.0,0.0
15.414814,DATA,1,0,0,0,0,0.0,0.0,0.5593155,1.69472039,-1.0534178,-3.73129272,49.5151634,6.297832,0.55,0.0,-0.05,0.0,0.0,0.0,0.0,0.0,0.0,0.0
15.4700909,DATA,1,0,0,0,0,0.0,0.0,0.559431434,1.69467664,-1.05376327,-3.77047729,49.3801727,6.302807,0.55,0.0,-0.05,0.0,0.0,0.0,0.0,0.0,0.0,0.0
15.52579,DATA,1,0,0,0,0,0.0,0.0,0.5595373,1.69451845,-1.0547843,-3.69448853,49.346405,6.12068558,0.55,0.0,-0.05,0.0,0.0,0.0,0.0,0.0,0.0,0.0
15.5819855,DATA,1,0,0,0,0,0.0,0.0,0.559743762,1.69457412,-1.05609381,-3.66012573,49.3522568,5.95435858,0.55,0.0,-0.05,0.0,0.0,0.0,0.0,0.0,0.0,0.0
15.6369047,DATA,1,0,0,0,0,0.0,0.0,0.560004234,1.6944778,-1.05742526,-3.6260376,49.3219337,5.87583,0.55,0.0,-0.05,0.0,0.0,0.0,0.0,0.0,0.0,0.0
15.6922464,DATA,1,0,0,0,0,0.0,0.0,0.5603734,1.69438028,-1.0587132,-3.41714478,49.2158127,5.727404,0.55,0.0,-0.05,0.0,0.0,0.0,0.0,0.0,0.0,0.0
15.7474213,DATA,1,0,0,0,0,0.0,0.0,0.5606424,1.69408071,-1.05982232,-3.14379883,49.0882,5.55559635,0.55,0.0,-0.05,0.0,0.0,0.0,0.0,0.0,0.0,0.0
15.8033819,DATA,1,0,0,0,0,0.0,0.0,0.5610801,1.69361293,-1.06060469,-2.80426025,49.0073471,5.47117043,0.55,0.0,-0.05,0.0,0.0,0.0,0.0,0.0,0.0,0.0
15.8590269,DATA,1,0,0,0,0,0.0,0.0,0.5615723,1.69314408,-1.060932,-2.4960022,48.828476,5.48121071,0.55,0.0,-0.05,0.0,0.0,0.0,0.0,0.0,0.0,0.0
15.9145107,DATA,1,0,0,0,0,0.0,0.0,0.5618426,1.69283509,-1.060969,-2.21243286,48.69729,5.486901,0.55,0.0,-0.05,0.0,0.0,0.0,0.0,0.0,0.0,0.0
15.9696,DATA,1,0,0,0,0,0.0,0.0,0.562363267,1.69259071,-1.06081927,-2.05172729,48.6626167,5.429653,0.55,0.0,-0.05,0.0,0.0,0.0,0.0,0.0,0.0,0.0
16.025219,DATA,1,0,0,0,0,0.0,0.0,0.56303966,1.69250619,-1.06048369,-1.94494629,48.61478,5.36579227,0.55,0.0,-0.05,0.0,0.0,0.0,0.0,0.0,0.0,0.0
16.0814133,DATA,1,0,0,0,0,0.0,0.0,0.56345284,1.69246435,-1.0598985,-1.89572144,48.4900246,5.332214,0.55,0.0,-0.05,0.0,0.0,0.0,0.0,0.0,0.0,0.0
16.1366024,DATA,1,0,0,0,0,0.0,0.0,0.563829541,1.69230092,-1.05913079,-1.81628418,48.42087,5.3125515,0.55,0.0,-0.05,0.0,0.0,0.0,0.0,0.0,0.0,0.0
16.1920471,DATA,1,0,0,0,0,0.0,0.0,0.563987255,1.69210565,-1.058298,-1.6524353,48.2137451,5.346831,0.55,0.0,-0.05,0.0,0.0,0.0,0.0,0.0,0.0,0.0
16.2469978,DATA,1,0,0,0,0,0.0,0.0,0.5641,1.69190943,-1.05738866,-1.47900391,47.97148,5.441141,0.55,0.0,-0.05,0.0,0.0,0.0,0.0,0.0,0.0,0.0
16.3035622,DATA,1,0,0,0,0,0.0,0.0,0.564237952,1.69172287,-1.05657792,-1.33511353,47.652935,5.54895973,0.55,0.0,-0.05,0.0,0.0,0.0,0.0,0.0,0.0,0.0
16.3585129,DATA,1,0,0,0,0,0.0,0.0,0.5644437,1.69144547,-1.05596614,-1.13806152,47.34021,5.54603863,0.55,0.0,-0.05,0.0,0.0,0.0,0.0,0.0,0.0,0.0
16.414093,DATA,1,0,0,0,0,0.0,0.0,0.56481117,1.6913631,-1.055795,-1.03469849,47.0561447,5.449959,0.55,0.0,-0.05,0.0,0.0,0.0,0.0,0.0,0.0,0.0
16.4690247,DATA,1,0,0,0,0,0.0,0.0,0.5653646,1.69117284,-1.05561554,-0.916900635,46.7091522,5.42648125,0.55,0.0,-0.05,0.0,0.0,0.0,0.0,0.0,0.0,0.0
16.5250244,DATA,1,0,0,0,0,0.0,0.0,0.5657507,1.69110513,-1.05556941,-0.797454834,46.2772255,5.405137,0.55,0.0,-0.05,0.0,0.0,0.0,0.0,0.0,0.0,0.0
16.5812,DATA,1,0,0,0,0,0.0,0.0,0.566238046,1.69065344,-1.05557668,-0.6749878,45.74819,5.37178755,0.55,0.0,-0.05,0.0,0.0,0.0,0.0,0.0,0.0,0.0
16.6361866,DATA,1,0,0,0,0,0.0,0.0,0.5668212,1.69039655,-1.055754,-0.506866455,45.14116,5.301216,0.55,0.0,-0.05,0.0,0.0,0.0,0.0,0.0,0.0,0.0
16.6913471,DATA,1,0,0,0,0,0.0,0.0,0.5674423,1.69011736,-1.0560534,-0.388397217,44.4205,5.15413141,0.55,0.0,-0.05,0.0,0.0,0.0,0.0,0.0,0.0,0.0
16.7471313,DATA,1,0,0,0,0,0.0,0.0,0.5679836,1.6901058,-1.0564903,-0.416717529,43.6291275,4.94449854,0.55,0.0,-0.05,0.0,0.0,0.0,0.0,0.0,0.0,0.0
16.802721,DATA,1,0,0,0,0,0.0,0.0,0.5683269,1.69031668,-1.05693293,-0.5576477,42.7605553,4.804072,0.55,0.0,-0.05,0.0,0.0,0.0,0.0,0.0,0.0,0.0
16.8584881,DATA,1,0,0,0,0,0.0,0.0,0.568521142,1.690445,-1.05736578,-0.6754761,41.81382,4.684304,0.55,0.0,-0.05,0.0,0.0,0.0,0.0,0.0,0.0,0.0
16.9134235,DATA,1,0,0,0,0,0.0,0.0,0.5687303,1.6905942,-1.05795348,-0.70791626,40.8731041,4.617548,0.55,0.0,-0.05,0.0,0.0,0.0,0.0,0.0,0.0,0.0
16.96864,DATA,1,0,0,0,0,0.0,0.0,0.568891048,1.6905762,-1.05861175,-0.6968689,39.98026,4.588351,0.55,0.0,-0.05,0.0,0.0,0.0,0.0,0.0,0.0,0.0
17.0250053,DATA,1,0,0,0,0,0.0,0.0,0.569053352,1.69049811,-1.059217,-0.7206421,39.0125427,4.58263636,0.55,0.0,-0.05,0.0,0.0,0.0,0.0,0.0,0.0,0.0
17.0804863,DATA,1,0,0,0,0,0.0,0.0,0.569254756,1.69037008,-1.05969059,-0.6824646,37.93936,4.60540771,0.55,0.0,-0.05,0.0,0.0,0.0,0.0,0.0,0.0,0.0
17.1357021,DATA,1,0,0,0,0,0.0,0.0,0.56933105,1.69038963,-1.06019485,-0.644683838,36.8136253,4.591707,0.55,0.0,-0.05,0.0,0.0,0.0,0.0,0.0,0.0,0.0
17.191925,DATA,1,0,0,0,0,0.0,0.0,0.569551349,1.690408,-1.06066036,-0.710083,35.6722527,4.595958,0.55,0.0,-0.05,0.0,0.0,0.0,0.0,0.0,0.0,0.0
17.248064,DATA,1,0,0,0,0,0.0,0.0,0.5697906,1.69043648,-1.06119978,-0.664978,34.5722771,4.52397,0.55,0.0,-0.05,0.0,0.0,0.0,0.0,0.0,0.0,0.0
17.30355,DATA,1,0,0,0,0,0.0,0.0,0.5702021,1.68997288,-1.06157792,-0.4510193,33.5967064,4.42755365,0.55,0.0,-0.05,0.0,0.0,0.0,0.0,0.0,0.0,0.0
17.3591251,DATA,1,0,0,0,0,0.0,0.0,0.5705546,1.689607,-1.06181979,-0.315979,32.6445427,4.354306,0.55,0.0,-0.05,0.0,0.0,0.0,0.0,0.0,0.0,0.0
17.41442,DATA,1,0,0,0,0,0.0,0.0,0.570672631,1.68959284,-1.06149936,-0.355621338,31.5374088,4.43414927,0.55,0.0,-0.05,0.0,0.0,0.0,0.0,0.0,0.0,0.0
17.4698067,DATA,1,0,0,0,0,0.0,0.0,0.5707555,1.6895808,-1.06126285,-0.414855957,30.483469,4.47604942,0.55,0.0,-0.05,0.0,0.0,0.0,0.0,0.0,0.0,0.0
17.525877,DATA,1,0,0,0,0,0.0,0.0,0.5708135,1.68941486,-1.06109691,-0.202850342,29.5163383,4.37475157,0.55,0.0,-0.05,0.0,0.0,0.0,0.0,0.0,0.0,0.0
17.5817757,DATA,1,0,0,0,0,0.0,0.0,0.570996165,1.6890558,-1.06102359,0.0178488847,28.8436031,4.370992,0.55,0.0,-0.05,0.0,0.0,0.0,0.0,0.0,0.0,0.0
17.63727,DATA,1,0,0,0,0,0.0,0.0,0.5710354,1.68878841,-1.06084371,0.0490580536,28.14786,4.45954561,0.55,0.0,-0.05,0.0,0.0,0.0,0.0,0.0,0.0,0.0
17.69233,DATA,1,0,0,0,0,0.0,0.0,0.5709526,1.68860364,-1.06061447,0.09993063,27.501543,4.570481,0.55,0.0,-0.05,0.0,0.0,0.0,0.0,0.0,0.0,0.0
17.7483521,DATA,1,0,0,0,0,0.0,0.0,0.5709759,1.68854856,-1.06040418,0.164177909,26.8657,4.53655,0.55,0.0,-0.05,0.0,0.0,0.0,0.0,0.0,0.0,0.0
17.8035755,DATA,1,0,0,0,0,0.0,0.0,0.570992351,1.68821084,-1.0602231,0.299935579,26.3021049,4.60344362,0.55,0.0,-0.05,0.0,0.0,0.0,0.0,0.0,0.0,0.0
17.8590984,DATA,1,0,0,0,0,0.0,0.0,0.57125634,1.68804264,-1.06011844,0.378578573,25.8054752,4.542539,0.55,0.0,-0.05,0.0,0.0,0.0,0.0,0.0,0.0,0.0
17.9151669,DATA,1,0,0,0,0,0.0,0.0,0.571463466,1.68814325,-1.06011581,0.394291162,25.3697166,4.539305,0.55,0.0,-0.05,0.0,0.0,0.0,0.0,0.0,0.0,0.0
17.9700356,DATA,1,0,0,0,0,0.0,0.0,0.5716757,1.6882025,-1.06018853,0.407937765,24.899786,4.595922,0.55,0.0,-0.05,0.0,0.0,0.0,0.0,0.0,0.0,0.0
18.02616,DATA,1,0,0,0,0,0.0,0.0,0.571913362,1.68779588,-1.06042492,0.5649355,24.4536629,4.577314,0.55,0.0,-0.05,0.0,0.0,0.0,0.0,0.0,0.0,0.0
18.0817852,DATA,1,0,0,0,0,0.0,0.0,0.5722723,1.68751359,-1.06059635,0.717556953,23.9562664,4.54182434,0.55,0.0,-0.05,0.0,0.0,0.0,0.0,0.0,0.0,0.0
18.1372986,DATA,1,0,0,0,0,0.0,0.0,0.5724046,1.68741977,-1.06070912,0.813125134,23.2817612,4.479002,0.55,0.0,-0.05,0.0,0.0,0.0,0.0,0.0,0.0,0.0
18.19275,DATA,1,0,0,0,0,0.0,0.0,0.5725324,1.68745577,-1.060719,0.779824436,22.5613327,4.502183,0.55,0.0,-0.05,0.0,0.0,0.0,0.0,0.0,0.0,0.0
18.2478352,DATA,1,0,0,0,0,0.0,0.0,0.572598457,1.68734,-1.06072426,0.7771835,21.8495235,4.51989031,0.55,0.0,-0.05,0.0,0.0,0.0,0.0,0.0,0.0,0.0
18.30403,DATA,1,0,0,0,0,0.0,0.0,0.572649956,1.68713522,-1.06068146,0.848372042,21.0871029,4.52569962,0.55,0.0,-0.05,0.0,0.0,0.0,0.0,0.0,0.0,0.0
18.3598747,DATA,1,0,0,0,0,0.0,0.0,0.5726913,1.68713927,-1.06044555,0.9168386,20.26532,4.51409245,0.55,0.0,-0.05,0.0,0.0,0.0,0.0,0.0,0.0,0.0
18.4148865,DATA,1,0,0,0,0,0.0,0.0,0.572794,1.68724787,-1.060013,0.9309141,19.4366379,4.560241,0.55,0.0,-0.05,0.0,0.0,0.0,0.0,0.0,0.0,0.0
18.470768,DATA,1,0,0,0,0,0.0,0.0,0.5728968,1.68721151,-1.05952847,0.9547465,18.5819454,4.57119274,0.55,0.0,-0.05,0.0,0.0,0.0,0.0,0.0,0.0,0.0
18.5260735,DATA,1,0,0,0,0,0.0,0.0,0.573065162,1.68690765,-1.05904663,0.9579441,17.7510529,4.57743,0.55,0.0,-0.05,0.0,0.0,0.0,0.0,0.0,0.0,0.0
18.5821075,DATA,1,0,0,0,0,0.0,0.0,0.573281169,1.6870209,-1.05866277,1.0212152,16.9321671,4.58970547,0.55,0.0,-0.05,0.0,0.0,0.0,0.0,0.0,0.0,0.0
18.6376476,DATA,1,0,0,0,0,0.0,0.0,0.5735883,1.68684769,-1.058383,1.082118,16.09207,4.53185225,0.55,0.0,-0.05,0.0,0.0,0.0,0.0,0.0,0.0,0.0
18.6928959,DATA,1,0,0,0,0,0.0,0.0,0.573772669,1.68697274,-1.05809259,1.12789166,15.1280069,4.56008863,0.55,0.0,-0.05,0.0,0.0,0.0,0.0,0.0,0.0,0.0
18.7490749,DATA,1,0,0,0,0,0.0,0.0,0.5738832,1.68695176,-1.057855,1.22187448,14.06591,4.36024046,0.55,0.0,-0.05,0.0,0.0,0.0,0.0,0.0,0.0,0.0
18.8041134,DATA,1,0,0,0,0,0.0,0.0,0.574367344,1.68754172,-1.05774927,1.27353716,12.9141359,4.06134844,0.55,0.0,-0.05,0.0,0.0,0.0,0.0,0.0,0.0,0.0
18.8601723,DATA,1,0,0,0,0,0.0,0.0,0.574971557,1.68777263,-1.05761087,1.0957346,11.5877762,3.79496717,0.55,0.0,-0.05,0.0,0.0,0.0,0.0,0.0,0.0,0.0
18.9161034,DATA,1,0,0,0,0,0.0,0.0,0.5762455,1.68730736,-1.05787051,1.088239,10.43266,3.71274447,0.55,0.0,-0.05,0.0,0.0,0.0,0.0,0.0,0.0,0.0
18.970253,DATA,1,0,0,0,0,0.0,0.0,0.5778255,1.68621719,-1.05853736,1.40514457,9.619213,3.46650267,0.55,0.0,-0.05,0.0,0.0,0.0,0.0,0.0,0.0,0.0
19.0262413,DATA,1,0,0,0,0,0.0,0.0,0.5795641,1.68511128,-1.0596453,1.83118117,9.002249,3.3490026,0.55,0.0,-0.05,0.0,0.0,0.0,0.0,0.0,0.0,0.0
19.081419,DATA,1,0,0,0,0,0.0,0.0,0.581138551,1.68441665,-1.060946,2.173717,8.244325,3.05727816,0.55,0.0,-0.05,0.0,0.0,0.0,0.0,0.0,0.0,0.0
19.137722,DATA,1,0,0,0,0,0.0,0.0,0.582311869,1.68486643,-1.062031,2.16202855,7.20765,2.72730255,0.55,0.0,-0.05,0.0,0.0,0.0,0.0,0.0,0.0,0.0
19.1933632,DATA,1,0,0,0,0,0.0,0.0,0.583410144,1.68570089,-1.06270325,1.90531373,6.21282959,2.46070218,0.55,0.0,-0.05,0.0,0.0,0.0,0.0,0.0,0.0,0.0
19.2481689,DATA,1,0,0,0,0,0.0,0.0,0.584186,1.6861856,-1.0630877,1.67318118,5.11814642,2.395822,0.55,0.0,-0.05,0.0,0.0,0.0,0.0,0.0,0.0,0.0
19.3041668,DATA,1,0,0,0,0,0.0,0.0,0.584764659,1.68617845,-1.06333768,1.85865414,4.058921,2.280463,0.55,0.0,-0.05,0.0,0.0,0.0,0.0,0.0,0.0,0.0
19.3594837,DATA,1,0,0,0,0,0.0,0.0,0.585009336,1.68537891,-1.06354356,2.18715715,3.05899787,2.19760156,0.55,0.0,-0.05,0.0,0.0,0.0,0.0,0.0,0.0,0.0
19.4150925,DATA,1,0,0,0,0,0.0,0.0,0.585412,1.68443656,-1.06388843,2.665113,2.1259582,2.02263236,0.55,0.0,-0.05,0.0,0.0,0.0,0.0,0.0,0.0,0.0
19.4705029,DATA,1,0,0,0,0,0.0,0.0,0.5853883,1.683762,-1.06417537,2.91069531,1.08164048,1.86512685,0.55,0.0,-0.05,0.0,0.0,0.0,0.0,0.0,0.0,0.0
19.52608,DATA,1,0,0,0,0,0.0,0.0,0.5851908,1.684003,-1.06429648,2.865606,-0.01550293,1.80237472,0.55,0.0,-0.05,0.0,0.0,0.0,0.0,0.0,0.0,0.0
19.5817375,DATA,1,0,0,0,0,0.0,0.0,0.58436656,1.6846081,-1.06452441,2.566414,-1.22012329,1.845592,0.55,0.0,-0.05,0.0,0.0,0.0,0.0,0.0,0.0,0.0
19.6377239,DATA,1,0,0,0,0,0.0,0.0,0.5837296,1.68509352,-1.0647707,2.389785,-2.255951,1.9392916,0.55,0.0,-0.05,0.0,0.0,0.0,0.0,0.0,0.0,0.0
19.69228,DATA,1,0,0,0,0,0.0,0.0,0.582944751,1.68511224,-1.06498563,2.33603239,-3.28253174,2.105574,0.55,0.0,-0.05,0.0,0.0,0.0,0.0,0.0,0.0,0.0
19.7478,DATA,1,0,0,0,0,0.0,0.0,0.58223325,1.68484139,-1.06518221,2.36965132,-4.18032837,2.313075,0.55,0.0,-0.05,0.0,0.0,0.0,0.0,0.0,0.0,0.0
19.8037968,DATA,1,0,0,0,0,0.0,0.0,0.5815139,1.68480146,-1.06551611,2.25797749,-5.11169434,2.570594,0.55,0.0,-0.05,0.0,0.0,0.0,0.0,0.0,0.0,0.0
19.85996,DATA,1,0,0,0,0,0.0,0.0,0.5810884,1.68464625,-1.06589627,2.32247233,-5.85467529,2.6957202,0.55,0.0,-0.05,0.0,0.0,0.0,0.0,0.0,0.0,0.0
19.9150829,DATA,1,0,0,0,0,0.0,0.0,0.580848634,1.68438363,-1.06581867,2.52189851,-6.609741,2.833919,0.55,0.0,-0.05,0.0,0.0,0.0,0.0,0.0,0.0,0.0
19.970026,DATA,1,0,0,0,0,0.0,0.0,0.5799166,1.68375027,-1.06449807,3.902204,-7.28781128,3.73842287,0.55,0.0,-0.05,0.0,0.0,0.0,0.0,0.0,0.0,0.0
20.02663,DATA,1,0,0,0,0,0.0,0.0,0.5787149,1.68180513,-1.06017756,7.550019,-7.692993,5.14122438,0.55,0.0,-0.05,0.0,0.0,0.0,0.0,0.0,0.0,0.0
20.0812721,DATA,1,0,0,0,0,0.0,0.0,0.5748031,1.67833233,-1.05151951,13.2774076,-8.89563,6.624138,0.55,0.0,-0.05,0.0,0.0,0.0,0.0,0.0,0.0,0.0
20.1368561,DATA,1,0,0,0,0,0.0,0.0,0.569729,1.673607,-1.03658235,20.6145515,-11.1228027,7.20927,0.55,0.0,-0.05,0.0,0.0,0.0,0.0,0.0,0.0,0.0
20.1915264,DATA,1,0,0,0,0,0.0,0.0,0.562070847,1.66943383,-1.01581824,30.75908,-14.881073,6.3038826,0.55,0.0,-0.05,0.0,0.0,0.0,0.0,0.0,0.0,0.0
20.2461662,DATA,1,0,0,0,0,0.0,0.0,0.5550545,1.66151285,-0.9901057,42.0314369,-21.15802,2.90495872,0.55,0.0,-0.05,0.0,0.0,0.0,0.0,0.0,0.0,0.0
20.3016148,DATA,1,0,0,0,0,0.0,0.0,0.5448346,1.64607382,-0.964414537,50.0527878,-30.1466675,-1.16488647,0.55,0.0,-0.05,0.0,0.0,0.0,0.0,0.0,0.0,0.0
20.3581467,DATA,1,0,0,0,0,0.0,0.0,0.5324178,1.62474477,-0.942370057,56.87335,-34.5598145,-0.2420044,0.55,0.0,-0.05,0.0,0.0,0.0,0.0,0.0,0.0,0.0
20.4133244,DATA,1,0,0,0,0,0.0,0.0,0.5186375,1.60148859,-0.926960766,62.5032654,-36.62967,0.08449751,0.55,0.0,-0.05,0.0,0.0,0.0,0.0,0.0,0.0,0.0
20.4688568,DATA,1,0,0,0,0,0.0,0.0,0.5050787,1.57928371,-0.9174695,67.69573,-35.650116,0.486401856,0.55,0.0,-0.05,0.0,0.0,0.0,0.0,0.0,0.0,0.0
20.52586,DATA,1,0,0,0,0,0.0,0.0,0.492787123,1.56084585,-0.9124371,72.57215,-30.0158081,3.49319768,0.55,0.0,-0.05,0.0,0.0,0.0,0.0,0.0,0.0,0.0
20.5810223,DATA,1,0,0,0,0,0.0,0.0,0.4827034,1.54659581,-0.9102618,75.40159,-20.73993,10.0504932,0.55,0.0,-0.05,0.0,0.0,0.0,0.0,0.0,0.0,0.0
20.6370811,DATA,1,0,0,0,0,0.0,0.0,0.4749272,1.53508222,-0.9089692,76.5442047,-12.9281006,15.8230467,0.55,0.0,-0.05,0.0,0.0,0.0,0.0,0.0,0.0,0.0
20.6920071,DATA,1,0,0,0,0,0.0,0.0,0.468909144,1.52803969,-0.9069563,77.77995,-5.390259,22.4287014,0.55,0.0,-0.05,0.0,0.0,0.0,0.0,0.0,0.0,0.0
20.7479973,DATA,1,0,0,0,0,0.0,0.0,0.464709878,1.52390051,-0.9051654,77.49089,-1.99258423,25.3042011,0.55,0.0,-0.05,0.0,0.0,0.0,0.0,0.0,0.0,0.0
20.80339,DATA,1,0,0,0,0,0.0,0.0,0.4625227,1.52043509,-0.9043258,76.22609,-4.98565674,21.62588,0.55,0.0,-0.05,0.0,0.0,0.0,0.0,0.0,0.0,0.0
20.859,DATA,1,0,0,0,0,0.0,0.0,0.461949885,1.51725948,-0.9026534,75.53208,-6.55651855,19.4173126,0.55,0.0,-0.05,0.0,0.0,0.0,0.0,0.0,0.0,0.0
20.9146652,DATA,1,0,0,0,0,0.0,0.0,0.462642372,1.5139538,-0.9005521,75.3142242,-7.367798,17.6085224,0.55,0.0,-0.05,0.0,0.0,0.0,0.0,0.0,0.0,0.0
20.9698715,DATA,1,0,0,0,0,0.0,0.0,0.4632885,1.51091218,-0.89716053,75.3534851,-6.68457031,16.963089,0.55,0.0,-0.05,0.0,0.0,0.0,0.0,0.0,0.0,0.0
21.02567,DATA,1,0,0,0,0,0.0,0.0,0.4640051,1.50833082,-0.8928901,75.7631454,-2.92019653,19.30408,0.55,0.0,-0.05,0.0,0.0,0.0,0.0,0.0,0.0,0.0
21.0813465,DATA,1,0,0,0,0,0.0,0.0,0.464683175,1.50588346,-0.8890169,75.81259,1.74987662,21.6896057,0.55,0.0,-0.05,0.0,0.0,0.0,0.0,0.0,0.0,0.0
21.1370811,DATA,1,0,0,0,0,0.0,0.0,0.465396643,1.50329947,-0.8851236,76.0566254,5.39976645,22.8228035,0.55,0.0,-0.05,0.0,0.0,0.0,0.0,0.0,0.0,0.0
21.192461,DATA,1,0,0,0,0,0.0,0.0,0.466049254,1.500667,-0.8816502,76.01309,8.195074,23.7411385,0.55,0.0,-0.05,0.0,0.0,0.0,0.0,0.0,0.0,0.0
21.2475319,DATA,1,0,0,0,0,0.0,0.0,0.467009,1.49837077,-0.8777503,76.064415,9.93858051,24.34598,0.55,0.0,-0.05,0.0,0.0,0.0,0.0,0.0,0.0,0.0
21.3036537,DATA,1,0,0,0,0,0.0,0.0,0.468111873,1.49601448,-0.8738556,76.11617,10.3939571,24.2167645,0.55,0.0,-0.05,0.0,0.0,0.0,0.0,0.0,0.0,0.0
21.359417,DATA,1,0,0,0,0,0.0,0.0,0.4694407,1.49377036,-0.870889843,75.9771042,8.676234,21.901804,0.55,0.0,-0.05,0.0,0.0,0.0,0.0,0.0,0.0,0.0
21.41509,DATA,1,0,0,0,0,0.0,0.0,0.470825851,1.49137008,-0.86933434,75.3857,6.435397,18.9112968,0.55,0.0,-0.05,0.0,0.0,0.0,0.0,0.0,0.0,0.0
21.46996,DATA,1,0,0,0,0,0.0,0.0,0.4718423,1.48941612,-0.8682868,74.72787,4.598708,16.07347,0.55,0.0,-0.05,0.0,0.0,0.0,0.0,0.0,0.0,0.0
21.5255623,DATA,1,0,0,0,0,0.0,0.0,0.473465025,1.48769665,-0.867412,74.35539,2.90049434,13.1031876,0.55,0.0,-0.05,0.0,0.0,0.0,0.0,0.0,0.0,0.0
21.5817432,DATA,1,0,0,0,0,0.0,0.0,0.474392653,1.487035,-0.8667085,74.09224,1.98724973,11.28772,0.55,0.0,-0.05,0.0,0.0,0.0,0.0,0.0,0.0,0.0
21.6378,DATA,1,0,0,0,0,0.0,0.0,0.475434184,1.48604393,-0.8664464,73.7528152,1.559798,10.38953,0.55,0.0,-0.05,0.0,0.0,0.0,0.0,0.0,0.0,0.0
21.6905384,DATA,1,0,0,0,0,0.0,0.0,0.476039171,1.48584652,-0.8665998,73.56902,1.07539749,9.33551,0.55,0.0,-0.05,0.0,0.0,0.0,0.0,0.0,0.0,0.0
21.74766,DATA,1,0,0,0,0,0.0,0.0,0.4765634,1.48530054,-0.866925836,73.28515,0.8991767,8.710989,0.55,0.0,-0.05,0.0,0.0,0.0,0.0,0.0,0.0,0.0
21.8029613,DATA,1,0,0,0,0,0.0,0.0,0.476658344,1.48529375,-0.8673405,73.04741,0.797884643,8.321957,0.55,0.0,-0.05,0.0,0.0,0.0,0.0,0.0,0.0,0.0
21.8592033,DATA,1,0,0,0,0,0.0,0.0,0.476555169,1.48504674,-0.867282033,72.8782654,1.15010333,8.42585,0.55,0.0,-0.05,0.0,0.0,0.0,0.0,0.0,0.0,0.0
21.9149151,DATA,1,0,0,0,0,0.0,0.0,0.476455152,1.48513818,-0.867233038,72.71073,1.60082328,8.762777,0.55,0.0,-0.05,0.0,0.0,0.0,0.0,0.0,0.0,0.0
21.9696674,DATA,1,0,0,0,0,0.0,0.0,0.476495862,1.48489881,-0.8671788,72.62808,2.02120018,8.964232,0.55,0.0,-0.05,0.0,0.0,0.0,0.0,0.0,0.0,0.0
22.0254974,DATA,1,0,0,0,0,0.0,0.0,0.476973951,1.484452,-0.8671818,72.4287643,1.07667279,7.74024773,0.55,0.0,-0.05,0.0,0.0,0.0,0.0,0.0,0.0,0.0
22.0816612,DATA,1,0,0,0,0,0.0,0.0,0.477592,1.48423791,-0.867313147,72.29915,-0.50579834,6.33931637,0.55,0.0,-0.05,0.0,0.0,0.0,0.0,0.0,0.0,0.0
22.1368084,DATA,1,0,0,0,0,0.0,0.0,0.4779693,1.484251,-0.86760205,72.15667,-1.83776855,5.3370266,0.55,0.0,-0.05,0.0,0.0,0.0,0.0,0.0,0.0,0.0
22.1924934,DATA,1,0,0,0,0,0.0,0.0,0.4781736,1.48462987,-0.8681914,71.89975,-3.31112671,4.094615,0.55,0.0,-0.05,0.0,0.0,0.0,0.0,0.0,0.0,0.0
22.2473812,DATA,1,0,0,0,0,0.0,0.0,0.4779721,1.48450077,-0.869072735,71.50683,-4.26513672,3.428031,0.55,0.0,-0.05,0.0,0.0,0.0,0.0,0.0,0.0,0.0
22.3034267,DATA,1,0,0,0,0,0.0,0.0,0.477705061,1.48473394,-0.8699086,71.1430054,-4.446533,3.30193257,0.55,0.0,-0.05,0.0,0.0,0.0,0.0,0.0,0.0,0.0
22.3591957,DATA,1,0,0,0,0,0.0,0.0,0.4770571,1.48492575,-0.870580137,71.0435257,-3.85385132,3.67067957,0.55,0.0,-0.05,0.0,0.0,0.0,0.0,0.0,0.0,0.0
22.414465,DATA,1,0,0,0,0,0.0,0.0,0.476644158,1.48506856,-0.8711302,70.90612,-2.86077881,4.3315835,0.55,0.0,-0.05,0.0,0.0,0.0,0.0,0.0,0.0,0.0
22.46924,DATA,1,0,0,0,0,0.0,0.0,0.476008952,1.484693,-0.8719749,70.612236,-2.17315674,4.509956,0.55,0.0,-0.05,0.0,0.0,0.0,0.0,0.0,0.0,0.0
22.52551,DATA,1,0,0,0,0,0.0,0.0,0.4755832,1.48463762,-0.8722208,70.5371552,-1.43139648,4.77963638,0.55,0.0,-0.05,0.0,0.0,0.0,0.0,0.0,0.0,0.0
22.5814362,DATA,1,0,0,0,0,0.0,0.0,0.474984169,1.4844532,-0.872407436,70.49099,-0.540679932,5.44712353,0.55,0.0,-0.05,0.0,0.0,0.0,0.0,0.0,0.0,0.0
22.636816,DATA,1,0,0,0,0,0.0,0.0,0.474592626,1.484436,-0.8723506,70.6117859,0.05692047,5.72409344,0.55,0.0,-0.05,0.0,0.0,0.0,0.0,0.0,0.0,0.0
22.6919651,DATA,1,0,0,0,0,0.0,0.0,0.474407971,1.48423457,-0.8721967,70.64152,-0.134002686,5.38733149,0.55,0.0,-0.05,0.0,0.0,0.0,0.0,0.0,0.0,0.0
22.7469139,DATA,1,0,0,0,0,0.0,0.0,0.4744947,1.48398435,-0.8723358,70.54397,-0.4515381,5.21703863,0.55,0.0,-0.05,0.0,0.0,0.0,0.0,0.0,0.0,0.0
22.8029671,DATA,1,0,0,0,0,0.0,0.0,0.474694729,1.48400593,-0.872498751,70.48465,-0.852355957,4.892499,0.55,0.0,-0.05,0.0,0.0,0.0,0.0,0.0,0.0,0.0
22.858614,DATA,1,0,0,0,0,0.0,0.0,0.474877357,1.4840759,-0.8727602,70.43389,-0.9789734,4.65132236,0.55,0.0,-0.05,0.0,0.0,0.0,0.0,0.0,0.0,0.0
22.9144268,DATA,1,0,0,0,0,0.0,0.0,0.475308,1.48403835,-0.873086,70.3711243,-1.0284729,4.47693443,0.55,0.0,-0.05,0.0,0.0,0.0,0.0,0.0,0.0,0.0
22.969593,DATA,1,0,0,0,0,0.0,0.0,0.475673974,1.48387074,-0.8734959,70.226944,-1.35388184,3.98338079,0.55,0.0,-0.05,0.0,0.0,0.0,0.0,0.0,0.0,0.0
23.0259514,DATA,1,0,0,0,0,0.0,0.0,0.4764194,1.48373723,-0.873504758,70.19734,-1.61843872,3.63014174,0.55,0.0,-0.05,0.0,0.0,0.0,0.0,0.0,0.0,0.0
23.0809937,DATA,1,0,0,0,0,0.0,0.0,0.476554453,1.48381543,-0.873010755,70.38691,-1.53405762,3.6876893,0.55,0.0,-0.05,0.0,0.0,0.0,0.0,0.0,0.0,0.0
23.1368427,DATA,1,0,0,0,0,0.0,0.0,0.476807058,1.48354042,-0.872393847,70.4865,-1.18603516,3.99106431,0.55,0.0,-0.05,0.0,0.0,0.0,0.0,0.0,0.0,0.0
23.192,DATA,1,0,0,0,0,0.0,0.0,0.476392627,1.4834094,-0.871907055,70.6383057,-0.8720703,4.16265965,0.55,0.0,-0.05,0.0,0.0,0.0,0.0,0.0,0.0,0.0
23.24699,DATA,1,0,0,0,0,0.0,0.0,0.476230681,1.483438,-0.871713161,70.70676,-0.22076416,4.77926636,0.55,0.0,-0.05,0.0,0.0,0.0,0.0,0.0,0.0,0.0
23.3028336,DATA,1,0,0,0,0,0.0,0.0,0.4757831,1.48362589,-0.8715669,70.8430557,0.0421518236,4.99183035,0.55,0.0,-0.05,0.0,0.0,0.0,0.0,0.0,0.0,0.0
23.3589287,DATA,1,0,0,0,0,0.0,0.0,0.476029634,1.48333,-0.8714957,70.84053,-0.4281006,4.48923159,0.55,0.0,-0.05,0.0,0.0,0.0,0.0,0.0,0.0,0.0
23.4139481,DATA,1,0,0,0,0,0.0,0.0,0.4762668,1.48341858,-0.871277153,70.86889,-0.576965332,4.52981329,0.55,0.0,-0.05,0.0,0.0,0.0,0.0,0.0,0.0,0.0
23.4694118,DATA,1,0,0,0,0,0.0,0.0,0.476737976,1.48354864,-0.871296763,70.815155,-0.5366516,4.549159,0.55,0.0,-0.05,0.0,0.0,0.0,0.0,0.0,0.0,0.0
23.5258369,DATA,1,0,0,0,0,0.0,0.0,0.477193117,1.48373044,-0.8716342,70.72976,-0.279022217,4.56712437,0.55,0.0,-0.05,0.0,0.0,0.0,0.0,0.0,0.0,0.0
23.58146,DATA,1,0,0,0,0,0.0,0.0,0.477732956,1.483978,-0.872147262,70.59424,-0.201965332,4.42424774,0.55,0.0,-0.05,0.0,0.0,0.0,0.0,0.0,0.0,0.0
23.637085,DATA,1,0,0,0,0,0.0,0.0,0.478484869,1.48420262,-0.8725617,70.53804,-0.393096924,4.10266542,0.55,0.0,-0.05,0.0,0.0,0.0,0.0,0.0,0.0,0.0
23.69166,DATA,1,0,0,0,0,0.0,0.0,0.4792552,1.4844439,-0.8728034,70.51204,-0.8744507,3.62097573,0.55,0.0,-0.05,0.0,0.0,0.0,0.0,0.0,0.0,0.0
23.7477417,DATA,1,0,0,0,0,0.0,0.0,0.480193973,1.48463917,-0.8730992,70.43141,-1.53848267,3.031623,0.55,0.0,-0.05,0.0,0.0,0.0,0.0,0.0,0.0,0.0
23.80293,DATA,1,0,0,0,0,0.0,0.0,0.480804443,1.484626,-0.8737217,70.2467,-2.52658081,2.15829778,0.55,0.0,-0.05,0.0,0.0,0.0,0.0,0.0,0.0,0.0
23.85897,DATA,1,0,0,0,0,0.0,0.0,0.481505156,1.48483968,-0.8741886,70.10501,-3.24108887,1.57789385,0.55,0.0,-0.05,0.0,0.0,0.0,0.0,0.0,0.0,0.0
23.9145622,DATA,1,0,0,0,0,0.0,0.0,0.481713355,1.48503375,-0.87451005,70.02382,-3.4045105,1.54083622,0.55,0.0,-0.05,0.0,0.0,0.0,0.0,0.0,0.0,0.0
23.9695816,DATA,1,0,0,0,0,0.0,0.0,0.4819994,1.48511255,-0.874767959,70.00218,-3.38104248,1.43066227,0.55,0.0,-0.05,0.0,0.0,0.0,0.0,0.0,0.0,0.0
24.0249729,DATA,1,0,0,0,0,0.0,0.0,0.481799424,1.4852016,-0.8749809,69.92786,-2.88305664,1.82929242,0.55,0.0,-0.05,0.0,0.0,0.0,0.0,0.0,0.0,0.0
24.0812569,DATA,1,0,0,0,0,0.0,0.0,0.481751323,1.485318,-0.874937236,70.00164,-2.356018,2.12357688,0.55,0.0,-0.05,0.0,0.0,0.0,0.0,0.0,0.0,0.0
24.136919,DATA,1,0,0,0,0,0.0,0.0,0.4814099,1.48540783,-0.875022948,69.99901,-2.04986572,2.35018516,0.55,0.0,-0.05,0.0,0.0,0.0,0.0,0.0,0.0,0.0
24.1918011,DATA,1,0,0,0,0,0.0,0.0,0.481312871,1.48541439,-0.875074148,69.99847,-1.7694397,2.62200451,0.55,0.0,-0.05,0.0,0.0,0.0,0.0,0.0,0.0,0.0
24.2472439,DATA,1,0,0,0,0,0.0,0.0,0.4813534,1.48558342,-0.875070333,70.0094452,-1.65463257,2.71354747,0.55,0.0,-0.05,0.0,0.0,0.0,0.0,0.0,0.0,0.0
24.30304,DATA,1,0,0,0,0,0.0,0.0,0.48149693,1.48557949,-0.87528193,69.9621,-1.84375,2.52743936,0.55,0.0,-0.05,0.0,0.0,0.0,0.0,0.0,0.0,0.0
24.3582878,DATA,1,0,0,0,0,0.0,0.0,0.4817847,1.48564982,-0.8754736,69.89714,-2.39541626,2.016131,0.55,0.0,-0.05,0.0,0.0,0.0,0.0,0.0,0.0,0.0
24.4146042,DATA,1,0,0,0,0,0.0,0.0,0.481912136,1.48577237,-0.875708163,69.8310547,-2.63565063,1.94939661,0.55,0.0,-0.05,0.0,0.0,0.0,0.0,0.0,0.0,0.0
24.4696064,DATA,1,0,0,0,0,0.0,0.0,0.482193232,1.48579645,-0.8759035,69.77014,-2.803131,1.76108921,0.55,0.0,-0.05,0.0,0.0,0.0,0.0,0.0,0.0,0.0
24.52489,DATA,1,0,0,0,0,0.0,0.0,0.4822259,1.48588729,-0.8758644,69.7582,-2.79348755,1.63620877,0.55,0.0,-0.05,0.0,0.0,0.0,0.0,0.0,0.0,0.0
24.5814743,DATA,1,0,0,0,0,0.0,0.0,0.482243538,1.48592,-0.875633061,69.84856,-2.45437622,1.99711847,0.55,0.0,-0.05,0.0,0.0,0.0,0.0,0.0,0.0,0.0
24.6365623,DATA,1,0,0,0,0,0.0,0.0,0.4817152,1.48585486,-0.8753051,69.90908,-2.05050659,2.32990837,0.55,0.0,-0.05,0.0,0.0,0.0,0.0,0.0,0.0,0.0
24.6917019,DATA,1,0,0,0,0,0.0,0.0,0.48160845,1.48586488,-0.875124931,69.95432,-1.93170166,2.339861,0.55,0.0,-0.05,0.0,0.0,0.0,0.0,0.0,0.0,0.0
24.7471523,DATA,1,0,0,0,0,0.0,0.0,0.481490433,1.48571908,-0.8749083,69.9597549,-1.84075928,2.47100925,0.55,0.0,-0.05,0.0,0.0,0.0,0.0,0.0,0.0,0.0
24.8023987,DATA,1,0,0,0,0,0.0,0.0,0.481574059,1.485538,-0.874747038,70.0056,-1.92108154,2.46839452,0.55,0.0,-0.05,0.0,0.0,0.0,0.0,0.0,0.0,0.0
24.8587227,DATA,1,0,0,0,0,0.0,0.0,0.4814933,1.4855268,-0.8744474,70.0290756,-2.10626221,2.31163836,0.55,0.0,-0.05,0.0,0.0,0.0,0.0,0.0,0.0,0.0
24.91394,DATA,1,0,0,0,0,0.0,0.0,0.481628656,1.48544669,-0.8744853,69.9796,-2.17041016,2.16766977,0.55,0.0,-0.05,0.0,0.0,0.0,0.0,0.0,0.0,0.0
24.9695454,DATA,1,0,0,0,0,0.0,0.0,0.481736243,1.48551881,-0.8744398,69.95278,-2.16357422,2.12180948,0.55,0.0,-0.05,0.0,0.0,0.0,0.0,0.0,0.0,0.0
25.0251427,DATA,1,0,0,0,0,0.0,0.0,0.481975436,1.485491,-0.8743597,69.9897,-2.12078857,2.07789159,0.55,0.0,-0.05,0.0,0.0,0.0,0.0,0.0,0.0,0.0
25.0807743,DATA,1,0,0,0,0,0.0,0.0,0.482413948,1.4853673,-0.8741264,70.00006,-2.25314331,1.88477707,0.55,0.0,-0.05,0.0,0.0,0.0,0.0,0.0,0.0,0.0
25.1361141,DATA,1,0,0,0,0,0.0,0.0,0.482935369,1.48538327,-0.8737271,70.05757,-2.34234619,1.82967412,0.55,0.0,-0.05,0.0,0.0,0.0,0.0,0.0,0.0,0.0
25.19195,DATA,1,0,0,0,0,0.0,0.0,0.483659744,1.4852668,-0.873489261,70.1116943,-2.448761,1.62697482,0.55,0.0,-0.05,0.0,0.0,0.0,0.0,0.0,0.0,0.0
25.2476177,DATA,1,0,0,0,0,0.0,0.0,0.4843613,1.48532343,-0.8730855,70.2769547,-2.73364258,1.2479198,0.55,0.0,-0.05,0.0,0.0,0.0,0.0,0.0,0.0,0.0
25.3027611,DATA,1,0,0,0,0,0.0,0.0,0.485566854,1.48528159,-0.8724146,70.42448,-3.85644531,0.513673842,0.55,0.0,-0.05,0.0,0.0,0.0,0.0,0.0,0.0,0.0
25.35857,DATA,1,0,0,0,0,0.0,0.0,0.486314118,1.48517311,-0.871990144,70.50398,-5.31460571,-0.369659424,0.55,0.0,-0.05,0.0,0.0,0.0,0.0,0.0,0.0,0.0
25.41395,DATA,1,0,0,0,0,0.0,0.0,0.4873771,1.48509789,-0.8717712,70.5206451,-7.10150146,-1.71142578,0.55,0.0,-0.05,0.0,0.0,0.0,0.0,0.0,0.0,0.0
25.4689922,DATA,1,0,0,0,0,0.0,0.0,0.48786068,1.48508906,-0.8719395,70.41427,-8.403595,-2.70016479,0.55,0.0,-0.05,0.0,0.0,0.0,0.0,0.0,0.0,0.0
25.5252781,DATA,1,0,0,0,0,0.0,0.0,0.4883253,1.48522425,-0.87228924,70.29878,-8.919464,-3.118744,0.55,0.0,-0.05,0.0,0.0,0.0,0.0,0.0,0.0,0.0
25.58134,DATA,1,0,0,0,0,0.0,0.0,0.48832655,1.4855,-0.872617,70.24121,-8.793243,-3.10009766,0.55,0.0,-0.05,0.0,0.0,0.0,0.0,0.0,0.0,0.0
25.6364288,DATA,1,0,0,0,0,0.0,0.0,0.488298,1.48558843,-0.873327,70.08848,-8.654358,-3.15426636,0.55,0.0,-0.05,0.0,0.0,0.0,0.0,0.0,0.0,0.0
25.6910725,DATA,1,0,0,0,0,0.0,0.0,0.487874985,1.48580241,-0.87389195,69.97795,-8.689484,-3.18859863,0.55,0.0,-0.05,0.0,0.0,0.0,0.0,0.0,0.0,0.0
25.7475662,DATA,1,0,0,0,0,0.0,0.0,0.487336516,1.48609328,-0.8742739,69.9030762,-8.384766,-2.71731567,0.55,0.0,-0.05,0.0,0.0,0.0,0.0,0.0,0.0,0.0
25.8024883,DATA,1,0,0,0,0,0.0,0.0,0.486702621,1.486252,-0.8743802,69.97703,-7.88977051,-2.305664,0.55,0.0,-0.05,0.0,0.0,0.0,0.0,0.0,0.0,0.0
25.8583889,DATA,1,0,0,0,0,0.0,0.0,0.486113966,1.48610115,-0.8742453,70.078476,-7.5567627,-2.020172,0.55,0.0,-0.05,0.0,0.0,0.0,0.0,0.0,0.0,0.0
25.9140568,DATA,1,0,0,0,0,0.0,0.0,0.485979557,1.48603725,-0.8738725,70.1784058,-7.48138428,-1.88833618,0.55,0.0,-0.05,0.0,0.0,0.0,0.0,0.0,0.0,0.0
25.9688816,DATA,1,0,0,0,0,0.0,0.0,0.485749424,1.48589063,-0.8735845,70.23852,-7.53588867,-1.848114,0.55,0.0,-0.05,0.0,0.0,0.0,0.0,0.0,0.0,0.0
26.025526,DATA,1,0,0,0,0,0.0,0.0,0.4857347,1.48584473,-0.873421133,70.31073,-7.624481,-1.90768433,0.55,0.0,-0.05,0.0,0.0,0.0,0.0,0.0,0.0,0.0
26.0807934,DATA,1,0,0,0,0,0.0,0.0,0.485573173,1.4858278,-0.8735708,70.303566,-7.72592163,-1.94976807,0.55,0.0,-0.05,0.0,0.0,0.0,0.0,0.0,0.0,0.0
26.1364632,DATA,1,0,0,0,0,0.0,0.0,0.4857309,1.48600531,-0.8738042,70.26678,-7.72491455,-1.95617676,0.55,0.0,-0.05,0.0,0.0,0.0,0.0,0.0,0.0,0.0
26.1915836,DATA,1,0,0,0,0,0.0,0.0,0.4857909,1.4861747,-0.874307036,70.13999,-7.938568,-2.166565,0.55,0.0,-0.05,0.0,0.0,0.0,0.0,0.0,0.0,0.0
26.247282,DATA,1,0,0,0,0,0.0,0.0,0.486028373,1.48626614,-0.874758244,70.03705,-8.216156,-2.40338135,0.55,0.0,-0.05,0.0,0.0,0.0,0.0,0.0,0.0,0.0
26.3026714,DATA,1,0,0,0,0,0.0,0.0,0.486100733,1.48639131,-0.874964237,69.95908,-8.475952,-2.60305786,0.55,0.0,-0.05,0.0,0.0,0.0,0.0,0.0,0.0,0.0
26.3583126,DATA,1,0,0,0,0,0.0,0.0,0.4863243,1.48637474,-0.875035942,69.93582,-8.581665,-2.67059326,0.55,0.0,-0.05,0.0,0.0,0.0,0.0,0.0,0.0,0.0
26.4133,DATA,1,0,0,0,0,0.0,0.0,0.486380279,1.48643589,-0.8750446,69.97691,-8.356873,-2.505188,0.55,0.0,-0.05,0.0,0.0,0.0,0.0,0.0,0.0,0.0
26.4693012,DATA,1,0,0,0,0,0.0,0.0,0.4864893,1.48635423,-0.8751207,69.98208,-8.253479,-2.53671265,0.55,0.0,-0.05,0.0,0.0,0.0,0.0,0.0,0.0,0.0
26.5247746,DATA,1,0,0,0,0,0.0,0.0,0.48658514,1.48636389,-0.875088334,69.97077,-8.264221,-2.612732,0.55,0.0,-0.05,0.0,0.0,0.0,0.0,0.0,0.0,0.0
26.58114,DATA,1,0,0,0,0,0.0,0.0,0.486696362,1.48618948,-0.875161052,69.87734,-8.571503,-2.908081,0.55,0.0,-0.05,0.0,0.0,0.0,0.0,0.0,0.0,0.0
26.6361465,DATA,1,0,0,0,0,0.0,0.0,0.486954451,1.48605633,-0.8751389,69.88295,-8.921875,-3.19848633,0.55,0.0,-0.05,0.0,0.0,0.0,0.0,0.0,0.0,0.0
26.6912327,DATA,1,0,0,0,0,0.0,0.0,0.487038374,1.48608065,-0.8751832,69.84207,-9.066162,-3.31460571,0.55,0.0,-0.05,0.0,0.0,0.0,0.0,0.0,0.0,0.0
26.7474155,DATA,1,0,0,0,0,0.0,0.0,0.487143219,1.48615646,-0.8753461,69.82866,-8.881561,-3.19406128,0.55,0.0,-0.05,0.0,0.0,0.0,0.0,0.0,0.0,0.0
26.8028412,DATA,1,0,0,0,0,0.0,0.0,0.4873563,1.4861896,-0.8754791,69.77973,-8.795563,-3.24478149,0.55,0.0,-0.05,0.0,0.0,0.0,0.0,0.0,0.0,0.0
26.8583527,DATA,1,0,0,0,0,0.0,0.0,0.4876405,1.48616028,-0.875508547,69.79383,-8.988892,-3.458496,0.55,0.0,-0.05,0.0,0.0,0.0,0.0,0.0,0.0,0.0
26.9139214,DATA,1,0,0,0,0,0.0,0.0,0.4878227,1.48617911,-0.8754704,69.76475,-9.277893,-3.636963,0.55,0.0,-0.05,0.0,0.0,0.0,0.0,0.0,0.0,0.0
26.968895,DATA,1,0,0,0,0,0.0,0.0,0.4880556,1.48606861,-0.8754522,69.75841,-9.441223,-3.79089355,0.55,0.0,-0.05,0.0,0.0,0.0,0.0,0.0,0.0,0.0
27.024826,DATA,1,0,0,0,0,0.0,0.0,0.488023579,1.48613238,-0.875532448,69.77945,-9.264313,-3.67669678,0.55,0.0,-0.05,0.0,0.0,0.0,0.0,0.0,0.0,0.0
27.0803814,DATA,1,0,0,0,0,0.0,0.0,0.488106847,1.48614061,-0.875601232,69.80058,-9.115845,-3.62008667,0.55,0.0,-0.05,0.0,0.0,0.0,0.0,0.0,0.0,0.0
27.1362247,DATA,1,0,0,0,0,0.0,0.0,0.487969935,1.48627949,-0.8756523,69.79218,-9.095123,-3.65881348,0.55,0.0,-0.05,0.0,0.0,0.0,0.0,0.0,0.0,0.0
27.1910057,DATA,1,0,0,0,0,0.0,0.0,0.487970054,1.4863503,-0.8758614,69.73451,-9.10586548,-3.54125977,0.55,0.0,-0.05,0.0,0.0,0.0,0.0,0.0,0.0,0.0
27.2471714,DATA,1,0,0,0,0,0.0,0.0,0.487958252,1.48650122,-0.87600565,69.75428,-9.02832,-3.47506714,0.55,0.0,-0.05,0.0,0.0,0.0,0.0,0.0,0.0,0.0
27.3029213,DATA,1,0,0,0,0,0.0,0.0,0.48802793,1.48659158,-0.8761256,69.7173843,-9.080658,-3.57763672,0.55,0.0,-0.05,0.0,0.0,0.0,0.0,0.0,0.0,0.0
27.3580666,DATA,1,0,0,0,0,0.0,0.0,0.488192081,1.48676467,-0.876121163,69.73685,-9.054382,-3.52581787,0.55,0.0,-0.05,0.0,0.0,0.0,0.0,0.0,0.0,0.0
27.4136658,DATA,1,0,0,0,0,0.0,0.0,0.488297284,1.48683167,-0.8760864,69.7098541,-9.053589,-3.56430054,0.55,0.0,-0.05,0.0,0.0,0.0,0.0,0.0,0.0,0.0
27.4693947,DATA,1,0,0,0,0,0.0,0.0,0.488553882,1.48680937,-0.8760578,69.71763,-9.120026,-3.64086914,0.55,0.0,-0.05,0.0,0.0,0.0,0.0,0.0,0.0,0.0
27.524828,DATA,1,0,0,0,0,0.0,0.0,0.488712847,1.48681664,-0.8759561,69.6851654,-9.384247,-3.90652466,0.55,0.0,-0.05,0.0,0.0,0.0,0.0,0.0,0.0,0.0
27.5813122,DATA,1,0,0,0,0,0.0,0.0,0.4889117,1.486883,-0.875852942,69.70553,-9.541199,-3.97674561,0.55,0.0,-0.05,0.0,0.0,0.0,0.0,0.0,0.0,0.0
27.6361866,DATA,1,0,0,0,0,0.0,0.0,0.4887616,1.4869709,-0.8758489,69.69694,-9.453278,-3.85437,0.55,0.0,-0.05,0.0,0.0,0.0,0.0,0.0,0.0,0.0
27.69122,DATA,1,0,0,0,0,0.0,0.0,0.488804042,1.48686,-0.8759576,69.6632,-9.362305,-3.87786865,0.55,0.0,-0.05,0.0,0.0,0.0,0.0,0.0,0.0,0.0
27.7471886,DATA,1,0,0,0,0,0.0,0.0,0.4886434,1.48697543,-0.876010537,69.70213,-9.309509,-3.89196777,0.55,0.0,-0.05,0.0,0.0,0.0,0.0,0.0,0.0,0.0
27.8018284,DATA,1,0,0,0,0,0.0,0.0,0.4887421,1.48708558,-0.876010358,69.68839,-9.387085,-3.89440918,0.55,0.0,-0.05,0.0,0.0,0.0,0.0,0.0,0.0,0.0
27.8584862,DATA,1,0,0,0,0,0.0,0.0,0.4886186,1.48708689,-0.8762611,69.6458054,-9.547119,-3.985382,0.55,0.0,-0.05,0.0,0.0,0.0,0.0,0.0,0.0,0.0
27.91335,DATA,1,0,0,0,0,0.0,0.0,0.488747776,1.48715365,-0.87632364,69.67033,-9.661072,-4.111847,0.55,0.0,-0.05,0.0,0.0,0.0,0.0,0.0,0.0,0.0
27.9683819,DATA,1,0,0,0,0,0.0,0.0,0.488863051,1.48713815,-0.876379132,69.64367,-9.614807,-4.049713,0.55,0.0,-0.05,0.0,0.0,0.0,0.0,0.0,0.0,0.0
28.0255356,DATA,1,0,0,0,0,0.0,0.0,0.489123,1.48712087,-0.8762506,69.69402,-9.96283,-4.3956604,0.55,0.0,-0.05,0.0,0.0,0.0,0.0,0.0,0.0,0.0
28.080349,DATA,1,0,0,0,0,0.0,0.0,0.4894399,1.48688149,-0.8762913,69.60783,-10.5021973,-4.79064941,0.55,0.0,-0.05,0.0,0.0,0.0,0.0,0.0,0.0,0.0
28.1360512,DATA,1,0,0,0,0,0.0,0.0,0.489631534,1.48686349,-0.8762934,69.60521,-10.8978271,-5.054016,0.55,0.0,-0.05,0.0,0.0,0.0,0.0,0.0,0.0,0.0
28.19059,DATA,1,0,0,0,0,0.0,0.0,0.489836872,1.48683286,-0.876395464,69.55616,-11.0617371,-5.192993,0.55,0.0,-0.05,0.0,0.0,0.0,0.0,0.0,0.0,0.0
28.2473488,DATA,1,0,0,0,0,0.0,0.0,0.489772439,1.48698461,-0.8764342,69.56487,-11.0090942,-5.22641,0.55,0.0,-0.05,0.0,0.0,0.0,0.0,0.0,0.0,0.0
28.30262,DATA,1,0,0,0,0,0.0,0.0,0.489895,1.48692453,-0.8766536,69.49147,-11.1117554,-5.38464355,0.55,0.0,-0.05,0.0,0.0,0.0,0.0,0.0,0.0,0.0
28.3588772,DATA,1,0,0,0,0,0.0,0.0,0.4899835,1.48702741,-0.8766057,69.4707,-11.2027893,-5.42938232,0.55,0.0,-0.05,0.0,0.0,0.0,0.0,0.0,0.0,0.0
28.413805,DATA,1,0,0,0,0,0.0,0.0,0.490138,1.48699224,-0.8765003,69.49681,-11.4194641,-5.585388,0.55,0.0,-0.05,0.0,0.0,0.0,0.0,0.0,0.0,0.0
28.46855,DATA,1,0,0,0,0,0.0,0.0,0.4899904,1.48689353,-0.876492858,69.52217,-11.601532,-5.6829834,0.55,0.0,-0.05,0.0,0.0,0.0,0.0,0.0,0.0,0.0
28.5250072,DATA,1,0,0,0,0,0.0,0.0,0.489931762,1.48685718,-0.8764387,69.5491638,-11.6785889,-5.74536133,0.55,0.0,-0.05,0.0,0.0,0.0,0.0,0.0,0.0,0.0
28.5807762,DATA,1,0,0,0,0,0.0,0.0,0.489623725,1.48702908,-0.876675248,69.53048,-11.4999084,-5.59927368,0.55,0.0,-0.05,0.0,0.0,0.0,0.0,0.0,0.0,0.0
28.6357365,DATA,1,0,0,0,0,0.0,0.0,0.489490926,1.48720014,-0.8769396,69.53989,-11.2089539,-5.358307,0.55,0.0,-0.05,0.0,0.0,0.0,0.0,0.0,0.0,0.0
28.6907539,DATA,1,0,0,0,0,0.0,0.0,0.4895059,1.48734307,-0.876994133,69.6059952,-11.1972046,-5.33197,0.55,0.0,-0.05,0.0,0.0,0.0,0.0,0.0,0.0,0.0
28.7466335,DATA,1,0,0,0,0,0.0,0.0,0.4896943,1.48726153,-0.877078533,69.5731659,-11.5224609,-5.508209,0.55,0.0,-0.05,0.0,0.0,0.0,0.0,0.0,0.0,0.0
28.8022614,DATA,1,0,0,0,0,0.0,0.0,0.4898327,1.487184,-0.8771551,69.52963,-11.7657166,-5.71206665,0.55,0.0,-0.05,0.0,0.0,0.0,0.0,0.0,0.0,0.0
28.8584728,DATA,1,0,0,0,0,0.0,0.0,0.489783943,1.48717082,-0.8772465,69.5432,-11.7495728,-5.74871826,0.55,0.0,-0.05,0.0,0.0,0.0,0.0,0.0,0.0,0.0
28.9139023,DATA,1,0,0,0,0,0.0,0.0,0.489651561,1.48706412,-0.8775247,69.48702,-11.4901123,-5.658264,0.55,0.0,-0.05,0.0,0.0,0.0,0.0,0.0,0.0,0.0
28.9688473,DATA,1,0,0,0,0,0.0,0.0,0.489412367,1.487246,-0.8774387,69.5733643,-11.2171631,-5.452942,0.55,0.0,-0.05,0.0,0.0,0.0,0.0,0.0,0.0,0.0
29.0239182,DATA,1,0,0,0,0,0.0,0.0,0.489502728,1.48732316,-0.8772949,69.64198,-11.40744,-5.452301,0.55,0.0,-0.05,0.0,0.0,0.0,0.0,0.0,0.0,0.0
29.0809555,DATA,1,0,0,0,0,0.0,0.0,0.489521384,1.48759532,-0.87691617,69.7610855,-12.1187134,-5.839752,0.55,0.0,-0.05,0.0,0.0,0.0,0.0,0.0,0.0,0.0
29.1362514,DATA,1,0,0,0,0,0.0,0.0,0.489733577,1.48837423,-0.8767793,69.96398,-13.0980835,-6.316101,0.55,0.0,-0.05,0.0,0.0,0.0,0.0,0.0,0.0,0.0
29.191267,DATA,1,0,0,0,0,0.0,0.0,0.4888363,1.48958862,-0.878232837,69.65977,-13.8552551,-6.114807,0.55,0.0,-0.05,0.0,0.0,0.0,0.0,0.0,0.0,0.0
29.24666,DATA,1,0,0,0,0,0.0,0.0,0.485815465,1.491745,-0.8811877,69.11042,-14.4399719,-5.12381,0.55,0.0,-0.05,0.0,0.0,0.0,0.0,0.0,0.0,0.0
29.3027039,DATA,1,0,0,0,0,0.0,0.0,0.4798243,1.49491823,-0.886487246,68.12223,-14.5751038,-3.32598877,0.55,0.0,-0.05,0.0,0.0,0.0,0.0,0.0,0.0,0.0
29.3580685,DATA,1,0,0,0,0,0.0,0.0,0.472223818,1.49885237,-0.8931438,67.17381,-14.0898438,-0.6142578,0.55,0.0,-0.05,0.0,0.0,0.0,0.0,0.0,0.0,0.0
29.4136314,DATA,1,0,0,0,0,0.0,0.0,0.46398443,1.50282955,-0.899961,66.5620956,-13.2592163,2.63858223,0.55,0.0,-0.05,0.0,0.0,0.0,0.0,0.0,0.0,0.0
29.4686871,DATA,1,0,0,0,0,0.0,0.0,0.456920862,1.50773442,-0.905310154,66.8581161,-12.5589905,5.93193,0.55,0.0,-0.05,0.0,0.0,0.0,0.0,0.0,0.0,0.0
29.5245972,DATA,1,0,0,0,0,0.0,0.0,0.4529729,1.51484048,-0.906504035,68.50992,-11.55658,9.957854,0.55,0.0,-0.05,0.0,0.0,0.0,0.0,0.0,0.0,0.0
29.5809326,DATA,1,0,0,0,0,0.0,0.0,0.45417732,1.52488852,-0.901596,71.24592,-10.3379211,13.0635548,0.55,0.0,-0.05,0.0,0.0,0.0,0.0,0.0,0.0,0.0
29.6361675,DATA,1,0,0,0,0,0.0,0.0,0.46142,1.53592515,-0.894202352,71.86958,-10.7076111,14.0242443,0.55,0.0,-0.05,0.0,0.0,0.0,0.0,0.0,0.0,0.0
29.6910877,DATA,1,0,0,0,0,0.0,0.0,0.4721247,1.54773116,-0.8885265,70.45774,-16.89032,8.422554,0.55,0.0,-0.05,0.0,0.0,0.0,0.0,0.0,0.0,0.0
29.7467842,DATA,1,0,0,0,0,0.0,0.0,0.48129642,1.55949211,-0.8865984,68.24425,-23.52237,3.1957252,0.55,0.0,-0.05,0.0,0.0,0.0,0.0,0.0,0.0,0.0
29.8021488,DATA,1,0,0,0,0,0.0,0.0,0.48620522,1.569244,-0.8899329,66.40004,-25.6268,3.8278656,0.55,0.0,-0.05,0.0,0.0,0.0,0.0,0.0,0.0,0.0
29.858242,DATA,1,0,0,0,0,0.0,0.0,0.4868394,1.57479119,-0.8974579,64.86312,-28.7030945,4.573218,0.55,0.0,-0.05,0.0,0.0,0.0,0.0,0.0,0.0,0.0
29.9129543,DATA,1,0,0,0,0,0.0,0.0,0.4833796,1.57592511,-0.9075711,64.14129,-30.75595,8.678149,0.55,0.0,-0.05,0.0,0.0,0.0,0.0,0.0,0.0,0.0
29.9691334,DATA,1,0,0,0,0,0.0,0.0,0.476931155,1.57441211,-0.9196893,64.27019,-32.0844727,13.7178326,0.55,0.0,-0.05,0.0,0.0,0.0,0.0,0.0,0.0,0.0
30.02506,DATA,1,0,0,0,0,0.0,0.0,0.4693945,1.57255769,-0.931744456,64.59995,-35.53659,15.2612762,0.55,0.0,-0.05,0.0,0.0,0.0,0.0,0.0,0.0,0.0
30.08092,DATA,1,0,0,0,0,0.0,0.0,0.461966753,1.57179046,-0.9418937,64.4173355,-39.3228149,15.0356045,0.55,0.0,-0.05,0.0,0.0,0.0,0.0,0.0,0.0,0.0
30.1357975,DATA,1,0,0,0,0,0.0,0.0,0.4561677,1.57146275,-0.949978,63.1824532,-43.7162781,12.8344135,0.55,0.0,-0.05,0.0,0.0,0.0,0.0,0.0,0.0,0.0
30.1916847,DATA,1,0,0,0,0,0.0,0.0,0.4521008,1.571337,-0.9554592,61.5943871,-46.18744,10.895916,0.55,0.0,-0.05,0.0,0.0,0.0,0.0,0.0,0.0,0.0
30.2466278,DATA,1,0,0,0,0,0.0,0.0,0.449828982,1.57181847,-0.957976937,60.9069023,-46.5485229,9.931064,0.55,0.0,-0.05,0.0,0.0,0.0,0.0,0.0,0.0,0.0
30.3026886,DATA,1,0,0,0,0,0.0,0.0,0.448873818,1.57231069,-0.9580667,60.4479179,-45.5941467,9.862681,0.55,0.0,-0.05,0.0,0.0,0.0,0.0,0.0,0.0,0.0
30.3582325,DATA,1,0,0,0,0,0.0,0.0,0.4490075,1.57378542,-0.9553731,60.6426735,-43.99106,10.1665783,0.55,0.0,-0.05,0.0,0.0,0.0,0.0,0.0,0.0,0.0
30.4131527,DATA,1,0,0,0,0,0.0,0.0,0.4507389,1.576831,-0.951167,61.0414276,-41.30139,10.7829275,0.55,0.0,-0.05,0.0,0.0,0.0,0.0,0.0,0.0,0.0
30.4687557,DATA,1,0,0,0,0,0.0,0.0,0.4544608,1.5814842,-0.9474933,60.4974251,-35.9631348,12.3889208,0.55,0.0,-0.05,0.0,0.0,0.0,0.0,0.0,0.0,0.0
30.5249043,DATA,1,0,0,0,0,0.0,0.0,0.461341262,1.58891559,-0.9453199,59.18258,-28.9125977,13.7470627,0.55,0.0,-0.05,0.0,0.0,0.0,0.0,0.0,0.0,0.0
30.5806255,DATA,1,0,0,0,0,0.0,0.0,0.469188631,1.599467,-0.9460055,56.3534622,-20.4376831,14.7181749,0.55,0.0,-0.05,0.0,0.0,0.0,0.0,0.0,0.0,0.0
30.6354847,DATA,1,0,0,0,0,0.0,0.0,0.478796065,1.61082876,-0.9489883,52.7667923,-12.0221863,14.9344664,0.55,0.0,-0.05,0.0,0.0,0.0,0.0,0.0,0.0,0.0
30.6903267,DATA,1,0,0,0,0,0.0,0.0,0.486642659,1.62205338,-0.9540023,48.96157,-5.465637,13.4238768,0.55,0.0,-0.05,0.0,0.0,0.0,0.0,0.0,0.0,0.0
30.7461586,DATA,1,0,0,0,0,0.0,0.0,0.4944979,1.6319406,-0.959233761,47.31307,-0.9773865,12.050086,0.55,0.0,-0.05,0.0,0.0,0.0,0.0,0.0,0.0,0.0
30.8016987,DATA,1,0,0,0,0,0.0,0.0,0.499863327,1.63781953,-0.9658661,45.0548668,0.2618912,10.37629,0.55,0.0,-0.05,0.0,0.0,0.0,0.0,0.0,0.0,0.0
30.8567219,DATA,1,0,0,0,0,0.0,0.0,0.505711257,1.64132118,-0.9713901,43.47254,-0.7727356,10.1962538,0.55,0.0,-0.05,0.0,0.0,0.0,0.0,0.0,0.0,0.0
30.9117088,DATA,1,0,0,0,0,0.0,0.0,0.510657847,1.64285421,-0.9762018,41.6808929,-3.065857,9.957979,0.55,0.0,-0.05,0.0,0.0,0.0,0.0,0.0,0.0,0.0
30.96747,DATA,1,0,0,0,0,0.0,0.0,0.51476264,1.64377522,-0.980739,40.1464424,-4.826294,9.095711,0.55,0.0,-0.05,0.0,0.0,0.0,0.0,0.0,0.0,0.0
31.0533924,DATA,1,0,0,0,0,0.0,0.0,0.517625153,1.64427686,-0.9856069,38.75279,-5.42095947,7.87626171,0.55,0.0,-0.05,0.0,0.0,0.0,0.0,0.0,0.0,0.0
31.1038971,DATA,1,0,0,0,0,0.0,0.0,0.520621538,1.64550471,-0.9911136,36.5793533,-5.910187,7.46985769,0.55,0.0,-0.05,0.0,0.0,0.0,0.0,0.0,0.0,0.0
31.1549911,DATA,1,0,0,0,0,0.0,0.0,0.5216665,1.64758575,-0.992615342,34.8307571,-6.0295105,7.05835152,0.55,0.0,-0.05,0.0,0.0,0.0,0.0,0.0,0.0,0.0
31.2106762,DATA,1,0,0,0,0,0.0,0.0,0.5237165,1.650034,-0.994271159,33.3387566,-6.32666,6.313432,0.55,0.0,-0.05,0.0,0.0,0.0,0.0,0.0,0.0,0.0
31.2663174,DATA,1,0,0,0,0,0.0,0.0,0.5251372,1.65099216,-0.996926069,32.0939751,-6.28015137,5.510677,0.55,0.0,-0.05,0.0,0.0,0.0,0.0,0.0,0.0,0.0
31.3221588,DATA,1,0,0,0,0,0.0,0.0,0.5273489,1.651414,-0.9989918,30.9771347,-6.443512,5.069323,0.55,0.0,-0.05,0.0,0.0,0.0,0.0,0.0,0.0,0.0
31.3780575,DATA,1,0,0,0,0,0.0,0.0,0.5290297,1.65149593,-1.00041914,30.4671383,-6.45339966,4.85633945,0.55,0.0,-0.05,0.0,0.0,0.0,0.0,0.0,0.0,1.0
31.4383736,DATA,1,0,0,0,0,0.0,0.0,0.5308048,1.65154469,-1.00160587,30.23214,-6.31365967,4.80682,0.55,0.0,-0.05,0.0,0.0,0.0,0.0,0.0,0.0,1.0
31.5012627,DATA,1,0,0,0,0,0.0,0.0,0.533022344,1.65141511,-1.00302792,29.96123,-6.345703,4.22511,0.55,0.0,-0.05,0.0,0.0,0.0,0.0,0.0,0.0,1.0
31.5578537,DATA,1,0,0,0,0,0.0,0.0,0.5343929,1.65138412,-1.00391245,30.0324345,-6.362091,4.18302774,0.55,0.0,-0.05,0.0,0.0,0.0,0.0,0.0,0.0,0.0
31.6114883,DATA,1,0,0,0,0,0.0,0.0,0.5359247,1.651151,-1.00464165,29.8925514,-6.421356,4.19055557,0.55,0.0,-0.05,0.0,0.0,0.0,0.0,0.0,0.0,0.0
31.66907,DATA,1,0,0,0,0,0.0,0.0,0.537525058,1.650918,-1.00543237,29.9440918,-6.17132568,4.22762966,0.55,0.0,-0.05,0.0,0.0,0.0,0.0,0.0,0.0,0.0
31.7230148,DATA,1,0,0,0,0,0.0,0.0,0.539313257,1.65024233,-1.00637174,30.2422371,-5.78103638,4.28492737,0.55,0.0,-0.05,0.0,0.0,0.0,0.0,0.0,0.0,0.0
31.77897,DATA,1,0,0,0,0,0.0,0.0,0.541263163,1.64919019,-1.00764978,30.4710083,-5.5274353,4.10382032,0.55,0.0,-0.05,0.0,0.0,0.0,0.0,0.0,0.0,0.0
31.8352375,DATA,1,0,0,0,0,0.0,0.0,0.5428554,1.6480912,-1.0089922,30.74663,-5.36459351,3.86601734,0.55,0.0,-0.05,0.0,0.0,0.0,0.0,0.0,0.0,0.0
31.8960514,DATA,1,0,0,0,0,0.0,0.0,0.5439391,1.64725685,-1.00995588,31.3805733,-5.272888,3.86000681,0.55,0.0,-0.05,0.0,0.0,0.0,0.0,0.0,0.0,0.0
31.9527645,DATA,1,0,0,0,0,0.0,0.0,0.5446443,1.6456778,-1.0108608,31.6433582,-5.37350464,3.82099986,0.55,0.0,-0.05,0.0,0.0,0.0,0.0,0.0,0.0,0.0
32.0093,DATA,1,0,0,0,0,0.0,0.0,0.5452025,1.64415264,-1.01193023,32.27731,-5.218384,4.2810154,0.55,0.0,-0.05,0.0,0.0,0.0,0.0,0.0,0.0,0.0
32.06559,DATA,1,0,0,0,0,0.0,0.0,0.5458804,1.64139247,-1.01274776,31.0020924,-5.131653,4.90311527,0.55,0.0,-0.05,0.0,0.0,0.0,0.0,0.0,0.0,0.0
32.1206474,DATA,1,0,0,0,0,0.0,0.0,0.546503365,1.64085,-1.01291406,29.7787342,-4.94885254,5.08355045,0.55,0.0,-0.05,0.0,0.0,0.0,0.0,0.0,0.0,0.0
32.1762161,DATA,1,0,0,0,0,0.0,0.0,0.5468041,1.64070666,-1.01465726,29.50594,-4.47641,5.429719,0.55,0.0,-0.05,0.0,0.0,0.0,0.0,0.0,0.0,0.0
32.2314224,DATA,1,0,0,0,0,0.0,0.0,0.547528267,1.63964033,-1.01493156,29.3344269,-4.39855957,5.09493876,0.55,0.0,-0.05,0.0,0.0,0.0,0.0,0.0,0.0,0.0
32.28765,DATA,1,0,0,0,0,0.0,0.0,0.54836446,1.63940322,-1.01621842,28.3785343,-4.613495,4.004955,0.55,0.0,-0.05,0.0,0.0,0.0,0.0,0.0,0.0,0.0
32.34303,DATA,1,0,0,0,0,0.0,0.0,0.5490313,1.6404705,-1.017282,27.11645,-4.29818726,3.83855915,0.55,0.0,-0.05,0.0,0.0,0.0,0.0,0.0,0.0,0.0
32.3993149,DATA,1,0,0,0,0,0.0,0.0,0.549728036,1.642134,-1.0194639,26.373291,-3.935669,3.96178341,0.55,0.0,-0.05,0.0,0.0,0.0,0.0,0.0,0.0,0.0
32.4542961,DATA,1,0,0,0,0,0.0,0.0,0.5505971,1.64425576,-1.02274811,25.34041,-3.65988159,3.6852603,0.55,0.0,-0.05,0.0,0.0,0.0,0.0,0.0,0.0,0.0
32.50969,DATA,1,0,0,0,0,0.0,0.0,0.551489055,1.64808786,-1.02670264,23.95607,-3.453003,3.60944033,0.55,0.0,-0.05,0.0,0.0,0.0,0.0,0.0,0.0,0.0
32.5656853,DATA,1,0,0,0,0,0.0,0.0,0.5524272,1.6518172,-1.0310998,21.9938374,-3.10119629,3.47966981,0.55,0.0,-0.05,0.0,0.0,0.0,0.0,0.0,0.0,0.0
32.62153,DATA,1,0,0,0,0,0.0,0.0,0.5540649,1.6555388,-1.03522372,19.5769253,-2.39553833,3.11757,0.55,0.0,-0.05,0.0,0.0,0.0,0.0,0.0,0.0,0.0
32.67732,DATA,1,0,0,0,0,0.0,0.0,0.5561662,1.65933,-1.03874016,16.5205536,-1.4546814,1.90302861,0.55,0.0,-0.05,0.0,0.0,0.0,0.0,0.0,0.0,0.0
32.7324829,DATA,1,0,0,0,0,0.0,0.0,0.558406,1.66349518,-1.041521,13.0912809,-0.03302002,0.884428561,0.55,0.0,-0.05,0.0,0.0,0.0,0.0,0.0,0.0,0.0
32.7881775,DATA,1,0,0,0,0,0.0,0.0,0.560547,1.66681218,-1.04443383,10.9505329,1.343566,0.469764769,0.55,0.0,-0.05,0.0,0.0,0.0,0.0,0.0,0.0,0.0
32.8439255,DATA,1,0,0,0,0,0.0,0.0,0.5623194,1.66927,-1.0467869,9.59787,2.200049,0.329896837,0.55,0.0,-0.05,0.0,0.0,0.0,0.0,0.0,0.0,0.0
32.8992043,DATA,1,0,0,0,0,0.0,0.0,0.5640955,1.67124414,-1.04818189,7.85587025,3.311168,0.135068208,0.55,0.0,-0.05,0.0,0.0,0.0,0.0,0.0,0.0,0.0
32.95546,DATA,1,0,0,0,0,0.0,0.0,0.565686941,1.67433333,-1.04919088,5.64217663,4.49691725,0.0550972223,0.55,0.0,-0.05,0.0,0.0,0.0,0.0,0.0,0.0,0.0
33.0107231,DATA,1,0,0,0,0,0.0,0.0,0.567429066,1.67770779,-1.05075026,3.634141,5.987332,0.5738778,0.55,0.0,-0.05,0.0,0.0,0.0,0.0,0.0,0.0,0.0
33.06646,DATA,1,0,0,0,0,0.0,0.0,0.568903267,1.67947936,-1.05262077,2.17814875,7.47853231,1.0839994,0.55,0.0,-0.05,0.0,0.0,0.0,0.0,0.0,0.0,0.0
33.12197,DATA,1,0,0,0,0,0.0,0.0,0.570280731,1.681231,-1.054769,1.0968889,8.727866,1.437237,0.55,0.0,-0.05,0.0,0.0,0.0,0.0,0.0,0.0,0.0
33.1773453,DATA,1,0,0,0,0,0.0,0.0,0.571585357,1.6822288,-1.05685413,0.211112842,10.06702,1.34147656,0.55,0.0,-0.05,0.0,0.0,0.0,0.0,0.0,0.0,0.0
33.2336,DATA,1,0,0,0,0,0.0,0.0,0.572299957,1.68325126,-1.05898821,-0.649932861,10.81149,1.50147426,0.55,0.0,-0.05,0.0,0.0,0.0,0.0,0.0,0.0,0.0
33.2885933,DATA,1,0,0,0,0,0.0,0.0,0.5723518,1.68350983,-1.06099212,-0.9718933,10.827837,1.30677235,0.55,0.0,-0.05,0.0,0.0,0.0,0.0,0.0,0.0,0.0
33.34425,DATA,1,0,0,0,0,0.0,0.0,0.5722291,1.68333912,-1.06307888,-0.612213135,10.5544281,1.37005043,0.55,0.0,-0.05,0.0,0.0,0.0,0.0,0.0,0.0,0.0
33.3992348,DATA,1,0,0,0,0,0.0,0.0,0.57155484,1.6829778,-1.064574,0.140913785,9.85904,1.37864065,0.55,0.0,-0.05,0.0,0.0,0.0,0.0,0.0,0.0,0.0
33.4550247,DATA,1,0,0,0,0,0.0,0.0,0.570269465,1.68209624,-1.06558824,0.6147244,9.037433,1.68294239,0.55,0.0,-0.05,0.0,0.0,0.0,0.0,0.0,0.0,0.0
33.5101471,DATA,1,0,0,0,0,0.0,0.0,0.5674241,1.68304062,-1.06583929,-0.152587891,8.123848,1.53232563,0.55,0.0,-0.05,0.0,0.0,0.0,0.0,0.0,0.0,0.0
33.5661163,DATA,1,0,0,0,0,0.0,0.0,0.5644525,1.68506587,-1.06640339,-1.93127441,7.07848358,1.29599726,0.55,0.0,-0.05,0.0,0.0,0.0,0.0,0.0,0.0,0.0
33.6215172,DATA,1,0,0,0,0,0.0,0.0,0.5599669,1.6873318,-1.06757021,-3.21673584,5.435148,1.37305784,0.55,0.0,-0.05,0.0,0.0,0.0,0.0,0.0,0.0,0.0
33.67731,DATA,1,0,0,0,0,0.0,0.0,0.5547421,1.688234,-1.06932855,-3.81481934,3.20435262,2.216317,0.55,0.0,-0.05,0.0,0.0,0.0,0.0,0.0,0.0,0.0
33.7324142,DATA,1,0,0,0,0,0.0,0.0,0.549006343,1.6883688,-1.07080424,-4.10632324,0.855437756,2.87873149,0.55,0.0,-0.05,0.0,0.0,0.0,0.0,0.0,0.0,0.0
33.788002,DATA,1,0,0,0,0,0.0,0.0,0.5438018,1.68854308,-1.0721736,-4.68341064,-0.9511719,3.491621,0.55,0.0,-0.05,0.0,0.0,0.0,0.0,0.0,0.0,0.0
33.8438377,DATA,1,0,0,0,0,0.0,0.0,0.539825,1.68930542,-1.07377613,-5.36865234,-1.74084473,3.69586587,0.55,0.0,-0.05,0.0,0.0,0.0,0.0,0.0,0.0,0.0
33.9001923,DATA,1,0,0,0,0,0.0,0.0,0.536957741,1.69016922,-1.07542574,-6.146179,-1.885498,3.95897746,0.55,0.0,-0.05,0.0,0.0,0.0,0.0,0.0,0.0,0.0
33.9554863,DATA,1,0,0,0,0,0.0,0.0,0.53528136,1.691241,-1.07722247,-6.949066,-1.52453613,4.15234,0.55,0.0,-0.05,0.0,0.0,0.0,0.0,0.0,0.0,0.0
34.010437,DATA,1,0,0,0,0,0.0,0.0,0.534674764,1.69215107,-1.07851028,-7.539978,-0.771270752,4.16282225,0.55,0.0,-0.05,0.0,0.0,0.0,0.0,0.0,0.0,0.0
34.0661926,DATA,1,0,0,0,0,0.0,0.0,0.53499,1.69285882,-1.07978284,-7.9375,0.07685644,4.11207771,0.55,0.0,-0.05,0.0,0.0,0.0,0.0,0.0,0.0,0.0
34.12191,DATA,1,0,0,0,0,0.0,0.0,0.535949767,1.69351292,-1.080537,-7.89563,0.844090343,4.018178,0.55,0.0,-0.05,0.0,0.0,0.0,0.0,0.0,0.0,0.0
34.1769676,DATA,1,0,0,0,0,0.0,0.0,0.537404537,1.69350123,-1.0816195,-7.91229248,1.47970068,3.88032913,0.55,0.0,-0.05,0.0,0.0,0.0,0.0,0.0,0.0,0.0
34.23242,DATA,1,0,0,0,0,0.0,0.0,0.539004743,1.69328749,-1.08248889,-7.7416687,2.111862,3.57933831,0.55,0.0,-0.05,0.0,0.0,0.0,0.0,0.0,0.0,0.0
34.2879448,DATA,1,0,0,0,0,0.0,0.0,0.5405577,1.69323993,-1.084178,-7.641144,2.33087969,3.3481946,0.55,0.0,-0.05,0.0,0.0,0.0,0.0,0.0,0.0,0.0
34.3444366,DATA,1,0,0,0,0,0.0,0.0,0.541906834,1.69323218,-1.08507037,-7.58117676,2.64095426,3.11638856,0.55,0.0,-0.05,0.0,0.0,0.0,0.0,0.0,0.0,0.0
34.3999329,DATA,1,0,0,0,0,0.0,0.0,0.5432001,1.69292927,-1.08649826,-7.424988,2.90162921,3.03310347,0.55,0.0,-0.05,0.0,0.0,0.0,0.0,0.0,0.0,0.0
34.454937,DATA,1,0,0,0,0,0.0,0.0,0.5442068,1.69263339,-1.08730745,-7.20828247,3.197154,2.82831621,0.55,0.0,-0.05,0.0,0.0,0.0,0.0,0.0,0.0,0.0
34.5104027,DATA,1,0,0,0,0,0.0,0.0,0.545214534,1.69241738,-1.08835661,-7.017578,3.59488964,2.739384,0.55,0.0,-0.05,0.0,0.0,0.0,0.0,0.0,0.0,0.0
34.5667877,DATA,1,0,0,0,0,0.0,0.0,0.546397,1.69251716,-1.08923793,-6.928009,4.305765,2.53695416,0.55,0.0,-0.05,0.0,0.0,0.0,0.0,0.0,0.0,0.0
34.6219673,DATA,1,0,0,0,0,0.0,0.0,0.547745,1.69281316,-1.09007561,-6.88729858,5.29073954,2.4168694,0.55,0.0,-0.05,0.0,0.0,0.0,0.0,0.0,0.0,0.0
34.6777,DATA,1,0,0,0,0,0.0,0.0,0.54909,1.69273913,-1.09087563,-6.71914673,6.05760956,2.32445455,0.55,0.0,-0.05,0.0,0.0,0.0,0.0,0.0,0.0,0.0
34.7329025,DATA,1,0,0,0,0,0.0,0.0,0.5500274,1.69293284,-1.0905174,-6.32312,6.41245747,2.612628,0.55,0.0,-0.05,0.0,0.0,0.0,0.0,0.0,0.0,0.0
34.7883949,DATA,1,0,0,0,0,0.0,0.0,0.5508444,1.69284475,-1.090277,-6.175232,6.38640738,2.67604423,0.55,0.0,-0.05,0.0,0.0,0.0,0.0,0.0,0.0,0.0
34.84391,DATA,1,0,0,0,0,0.0,0.0,0.550614953,1.692581,-1.08942509,-5.467346,5.70280457,2.880954,0.55,0.0,-0.05,0.0,0.0,0.0,0.0,0.0,0.0,0.0
34.89928,DATA,1,0,0,0,0,0.0,0.0,0.54940635,1.69106543,-1.08838415,-3.88894653,4.147359,2.77688885,0.55,0.0,-0.05,0.0,0.0,0.0,0.0,0.0,0.0,0.0
34.95483,DATA,1,0,0,0,0,0.0,0.0,0.5476606,1.68783748,-1.0865159,-1.10614014,2.46748853,2.91128588,0.55,0.0,-0.05,0.0,0.0,0.0,0.0,0.0,0.0,0.0
35.0106,DATA,1,0,0,0,0,0.0,0.0,0.5465524,1.6840632,-1.08430564,1.60619521,1.61458325,2.90337133,0.55,0.0,-0.05,0.0,0.0,0.0,0.0,0.0,0.0,0.0
35.0655556,DATA,1,0,0,0,0,0.0,0.0,0.545613766,1.68093646,-1.08126378,3.29777169,0.9767133,2.63491368,0.55,0.0,-0.05,0.0,0.0,0.0,0.0,0.0,0.0,0.0
35.12191,DATA,1,0,0,0,0,0.0,0.0,0.544980645,1.67875385,-1.078831,4.549611,0.5434108,2.41261053,0.55,0.0,-0.05,0.0,0.0,0.0,0.0,0.0,0.0,0.0
35.1769753,DATA,1,0,0,0,0,0.0,0.0,0.5448127,1.6772728,-1.07643509,5.26571465,0.644186556,2.16412687,0.55,0.0,-0.05,0.0,0.0,0.0,0.0,0.0,0.0,0.0
35.2321739,DATA,1,0,0,0,0,0.0,0.0,0.5450993,1.67689049,-1.07456446,5.74287462,1.0517925,2.07750034,0.55,0.0,-0.05,0.0,0.0,0.0,0.0,0.0,0.0,0.0
35.2871,DATA,1,0,0,0,0,0.0,0.0,0.5453609,1.67652357,-1.07283783,5.789428,1.32974136,1.96654892,0.55,0.0,-0.05,0.0,0.0,0.0,0.0,0.0,0.0,0.0
35.3432236,DATA,1,0,0,0,0,0.0,0.0,0.545480251,1.67663133,-1.0709734,5.279873,1.41067934,1.85264587,0.55,0.0,-0.05,0.0,0.0,0.0,0.0,0.0,0.0,0.0
35.3989944,DATA,1,0,0,0,0,0.0,0.0,0.5455406,1.67731714,-1.06967318,4.27313662,1.38357139,2.00560641,0.55,0.0,-0.05,0.0,0.0,0.0,0.0,0.0,0.0,0.0
35.45501,DATA,1,0,0,0,0,0.0,0.0,0.545655668,1.67846048,-1.06917858,3.21685,1.5343436,2.052555,0.55,0.0,-0.05,0.0,0.0,0.0,0.0,0.0,0.0,0.0
35.5097733,DATA,1,0,0,0,0,0.0,0.0,0.5457914,1.67952788,-1.06917334,2.38264227,1.63416386,2.129993,0.55,0.0,-0.05,0.0,0.0,0.0,0.0,0.0,0.0,0.0
35.5650444,DATA,1,0,0,0,0,0.0,0.0,0.545717239,1.68007874,-1.07019448,1.85775709,1.66356182,2.19334173,0.55,0.0,-0.05,0.0,0.0,0.0,0.0,0.0,0.0,0.0
35.6211281,DATA,1,0,0,0,0,0.0,0.0,0.5456916,1.68043363,-1.07104874,1.75932622,1.58520329,2.196803,0.55,0.0,-0.05,0.0,0.0,0.0,0.0,0.0,0.0,0.0
35.676712,DATA,1,0,0,0,0,0.0,0.0,0.5457126,1.67985678,-1.07182562,1.99401248,1.57049227,2.17235279,0.55,0.0,-0.05,0.0,0.0,0.0,0.0,0.0,0.0,0.0
35.7321358,DATA,1,0,0,0,0,0.0,0.0,0.546028435,1.679085,-1.07188725,2.37812018,1.61987,2.087164,0.55,0.0,-0.05,0.0,0.0,0.0,0.0,0.0,0.0,0.0
35.78756,DATA,1,0,0,0,0,0.0,0.0,0.5464567,1.67802143,-1.071877,2.64698076,1.77194357,1.70726991,0.55,0.0,-0.05,0.0,0.0,0.0,0.0,0.0,0.0,0.0
35.84342,DATA,1,0,0,0,0,0.0,0.0,0.5469883,1.6775769,-1.0715518,2.68013358,1.98703015,1.40464091,0.55,0.0,-0.05,0.0,0.0,0.0,0.0,0.0,0.0,0.0
35.8984222,DATA,1,0,0,0,0,0.0,0.0,0.5474946,1.6777724,-1.0711261,2.43378448,2.17536449,1.02531,0.55,0.0,-0.05,0.0,0.0,0.0,0.0,0.0,0.0,0.0
35.9546356,DATA,1,0,0,0,0,0.0,0.0,0.5480127,1.67842293,-1.07101953,2.16174865,2.1921382,0.8595403,0.55,0.0,-0.05,0.0,0.0,0.0,0.0,0.0,0.0,0.0
36.00959,DATA,1,0,0,0,0,0.0,0.0,0.548027635,1.67899156,-1.07100511,1.73474908,1.89277327,0.642577,0.55,0.0,-0.05,0.0,0.0,0.0,0.0,0.0,0.0,0.0
36.0644531,DATA,1,0,0,0,0,0.0,0.0,0.5476874,1.679411,-1.07105982,1.32953572,1.30794907,0.401536256,0.55,0.0,-0.05,0.0,0.0,0.0,0.0,0.0,0.0,0.0
36.1215973,DATA,1,0,0,0,0,0.0,0.0,0.5469862,1.6795857,-1.071152,1.21782267,0.5956748,0.2840715,0.55,0.0,-0.05,0.0,0.0,0.0,0.0,0.0,0.0,0.0
36.17707,DATA,1,0,0,0,0,0.0,0.0,0.546610057,1.67939186,-1.07141709,1.37285221,0.2679279,0.318049759,0.55,0.0,-0.05,0.0,0.0,0.0,0.0,0.0,0.0,0.0
36.2349,DATA,1,0,0,0,0,0.0,0.0,0.546442449,1.67891765,-1.07170773,1.69677055,0.2710519,0.403151125,0.55,0.0,-0.05,0.0,0.0,0.0,0.0,0.0,0.0,0.0
36.2871132,DATA,1,0,0,0,0,0.0,0.0,0.546248138,1.6782167,-1.07200325,2.22921038,0.439730674,0.4716236,0.55,0.0,-0.05,0.0,0.0,0.0,0.0,0.0,0.0,0.0
36.34349,DATA,1,0,0,0,0,0.0,0.0,0.546346068,1.677659,-1.07213068,2.74386978,0.655670047,0.5723693,0.55,0.0,-0.05,0.0,0.0,0.0,0.0,0.0,0.0,0.0
36.39924,DATA,1,0,0,0,0,0.0,0.0,0.5463318,1.67735338,-1.07209337,3.19893122,0.931365,0.7632329,0.55,0.0,-0.05,0.0,0.0,0.0,0.0,0.0,0.0,0.0
36.4546051,DATA,1,0,0,0,0,0.0,0.0,0.5463803,1.677248,-1.071727,3.1932745,0.991409242,0.8794107,0.55,0.0,-0.05,0.0,0.0,0.0,0.0,0.0,0.0,0.0
36.5091743,DATA,1,0,0,0,0,0.0,0.0,0.5461453,1.67738485,-1.07123721,3.03966928,0.9882415,0.917056859,0.55,0.0,-0.05,0.0,0.0,0.0,0.0,0.0,0.0,0.0
36.56572,DATA,1,0,0,0,0,0.0,0.0,0.5462481,1.67772555,-1.07081461,2.890642,0.881809,0.9312218,0.55,0.0,-0.05,0.0,0.0,0.0,0.0,0.0,0.0,0.0
36.62098,DATA,1,0,0,0,0,0.0,0.0,0.546282053,1.67784381,-1.0705415,2.916449,0.853687644,0.907068968,0.55,0.0,-0.05,0.0,0.0,0.0,0.0,0.0,0.0,0.0
36.67623,DATA,1,0,0,0,0,0.0,0.0,0.546465337,1.67783785,-1.07034278,3.04792738,0.8026538,0.8887124,0.55,0.0,-0.05,0.0,0.0,0.0,0.0,0.0,0.0,0.0
36.7318344,DATA,1,0,0,0,0,0.0,0.0,0.537843764,1.67735863,-1.06913328,3.30550885,0.9504456,0.8710608,0.55,0.0,-0.05,0.0,0.0,0.0,0.0,-0.22577253,0.0280208364,0.0
36.7875862,DATA,1,0,0,0,0,0.0,0.0,0.5105973,1.676951,-1.06497943,3.54043436,1.01829433,0.8840406,0.55,0.0,-0.05,0.0,0.0,0.0,0.0,-0.990508,0.13745524,0.0
36.8430939,DATA,1,0,0,0,0,0.0,0.0,0.5045538,1.67656088,-1.06370711,3.69332147,1.07843757,0.738011956,0.55,0.0,-0.05,0.0,0.0,0.0,0.0,-0.9901825,0.139780447,0.0
36.8991852,DATA,1,0,0,0,0,0.0,0.0,0.5048384,1.67649555,-1.06258631,3.77029228,0.9964355,0.696366847,0.55,0.0,-0.05,0.0,0.0,0.0,0.0,-0.986976564,0.160864353,0.0
36.9549332,DATA,1,0,0,0,0,0.0,0.0,0.5061563,1.67627835,-1.06105542,3.86411643,0.933143,0.6652244,0.55,0.0,-0.05,0.0,0.0,0.0,0.0,-0.9806576,0.195731148,0.0
37.01007,DATA,1,0,0,0,0,0.0,0.0,0.5475357,1.676156,-1.06908524,3.96694922,0.883726656,0.6632278,0.55,0.0,-0.05,0.0,0.0,0.0,0.0,0.0,0.0,0.0
37.0659,DATA,1,0,0,0,0,0.0,0.0,0.547659755,1.67618442,-1.06876361,3.9488256,0.87259686,0.616864,0.55,0.0,-0.05,0.0,0.0,0.0,0.0,0.0,0.0,0.0
37.12118,DATA,1,0,0,0,0,0.0,0.0,0.5475408,1.67620838,-1.06846046,3.91823721,0.869183838,0.6375455,0.55,0.0,-0.05,0.0,0.0,0.0,0.0,0.0,0.0,0.0
37.1767273,DATA,1,0,0,0,0,0.0,0.0,0.5475332,1.676166,-1.06826651,3.9446106,0.8492955,0.6173677,0.55,0.0,-0.05,0.0,0.0,0.0,0.0,0.0,0.0,1.0
37.23176,DATA,1,0,0,0,0,0.0,0.0,0.5473008,1.67611551,-1.06820333,3.9792974,0.808832049,0.657242,0.55,0.0,-0.05,0.0,0.0,0.0,0.0,0.0,0.0,1.0
37.28655,DATA,1,0,0,0,0,0.0,0.0,0.547246039,1.675997,-1.06804967,4.040703,0.7527793,0.6864477,0.55,0.0,-0.05,0.0,0.0,0.0,0.0,0.0,0.0,1.0
37.3433838,DATA,1,0,0,0,0,0.0,0.0,0.547058642,1.67585552,-1.06785917,4.07735348,0.7308581,0.59609735,0.55,0.0,-0.05,0.0,0.0,0.0,0.0,0.0,0.0,0.0
37.3986626,DATA,1,0,0,0,0,0.0,0.0,0.5470481,1.67585087,-1.06772292,4.04256,0.730972767,0.6158028,0.55,0.0,-0.05,0.0,0.0,0.0,0.0,0.0,0.0,0.0
37.4543953,DATA,1,0,0,0,0,0.0,0.0,0.546749949,1.67609429,-1.067757,3.78385282,0.6622892,0.634244,0.55,0.0,-0.05,0.0,0.0,0.0,0.0,0.0,0.0,0.0
37.5093575,DATA,1,0,0,0,0,0.0,0.0,0.5464816,1.67657185,-1.06797314,3.569628,0.633257449,0.724727452,0.55,0.0,-0.05,0.0,0.0,0.0,0.0,0.0,0.0,0.0
37.56543,DATA,1,0,0,0,0,0.0,0.0,0.546310663,1.67679358,-1.06842387,3.5460608,0.6378548,0.806209,0.55,0.0,-0.05,0.0,0.0,0.0,0.0,0.0,0.0,0.0
37.6213875,DATA,1,0,0,0,0,0.0,0.0,0.5462333,1.67681015,-1.06884,3.63711452,0.6441656,0.914633334,0.55,0.0,-0.05,0.0,0.0,0.0,0.0,0.0,0.0,0.0
37.67617,DATA,1,0,0,0,0,0.0,0.0,0.5461969,1.676792,-1.06898189,3.57946038,0.6256876,0.9077283,0.55,0.0,-0.05,0.0,0.0,0.0,0.0,0.0,0.0,0.0
37.7318726,DATA,1,0,0,0,0,0.0,0.0,0.546026,1.676987,-1.06906569,3.43269634,0.5321452,0.892785668,0.55,0.0,-0.05,0.0,0.0,0.0,0.0,0.0,0.0,0.0
37.7878532,DATA,1,0,0,0,0,0.0,0.0,0.5459094,1.67710376,-1.06912911,3.295297,0.420410067,0.8794322,0.55,0.0,-0.05,0.0,0.0,0.0,0.0,0.0,0.0,0.0
37.84316,DATA,1,0,0,0,0,0.0,0.0,0.5457275,1.67737174,-1.069212,3.06799722,0.239227891,0.7892767,0.55,0.0,-0.05,0.0,0.0,0.0,0.0,0.0,0.0,0.0
37.89857,DATA,1,0,0,0,0,0.0,0.0,0.5454246,1.67796659,-1.06917489,2.56197929,0.0166999418,0.7462906,0.55,0.0,-0.05,0.0,0.0,0.0,0.0,0.0,0.0,0.0
37.9565659,DATA,1,0,0,0,0,0.0,0.0,0.54491365,1.67871523,-1.06939018,2.2082355,-0.18157959,0.8194656,0.55,0.0,-0.05,0.0,0.0,0.0,0.0,0.0,0.0,0.0
38.00948,DATA,1,0,0,0,0,0.0,0.0,0.5445893,1.67897236,-1.069703,2.02307749,-0.320800781,0.849313855,0.55,0.0,-0.05,0.0,0.0,0.0,0.0,0.0,0.0,0.0
38.06514,DATA,1,0,0,0,0,0.0,0.0,0.544315338,1.67919707,-1.0702703,1.8837651,-0.350616455,0.8763213,0.55,0.0,-0.05,0.0,0.0,0.0,0.0,0.0,0.0,0.0
38.118988,DATA,1,0,0,0,0,0.0,0.0,0.5443243,1.67973173,-1.07058036,1.3953675,-0.3031006,0.860439658,0.55,0.0,-0.05,0.0,0.0,0.0,0.0,0.0,0.0,0.0
38.17659,DATA,1,0,0,0,0,0.0,0.0,0.5444037,1.68118739,-1.07127738,0.184350461,-0.09542847,0.7949799,0.55,0.0,-0.05,0.0,0.0,0.0,0.0,0.0,0.0,0.0
38.2317772,DATA,1,0,0,0,0,0.0,0.0,0.544442832,1.68356323,-1.07277787,-1.4274292,0.00380868767,0.8183902,0.55,0.0,-0.05,0.0,0.0,0.0,0.0,0.0,0.0,0.0
38.2875481,DATA,1,0,0,0,0,0.0,0.0,0.5443683,1.68631136,-1.0753752,-3.173523,0.0652978644,1.04590583,0.55,0.0,-0.05,0.0,0.0,0.0,0.0,0.0,0.0,0.0
38.34336,DATA,1,0,0,0,0,0.0,0.0,0.5444845,1.68886328,-1.07857323,-4.901764,0.09902301,1.3226012,0.55,0.0,-0.05,0.0,0.0,0.0,0.0,0.0,0.0,0.0
38.39964,DATA,1,0,0,0,0,0.0,0.0,0.544704139,1.69064045,-1.08201933,-6.28964233,0.196626678,1.59548688,0.55,0.0,-0.05,0.0,0.0,0.0,0.0,0.0,0.0,0.0
38.45478,DATA,1,0,0,0,0,0.0,0.0,0.5450015,1.69137406,-1.085314,-7.098755,0.329532564,1.68181,0.55,0.0,-0.05,0.0,0.0,0.0,0.0,0.0,0.0,0.0
38.50979,DATA,1,0,0,0,0,0.0,0.0,0.545344949,1.69154954,-1.088017,-7.5017395,0.400838256,1.81043923,0.55,0.0,-0.05,0.0,0.0,0.0,0.0,0.0,0.0,0.0
38.5654678,DATA,1,0,0,0,0,0.0,0.0,0.545612,1.69156873,-1.09007168,-7.68505859,0.5051215,1.840663,0.55,0.0,-0.05,0.0,0.0,0.0,0.0,0.0,0.0,0.0
38.62154,DATA,1,0,0,0,0,0.0,0.0,0.545840263,1.69158924,-1.0916903,-7.811737,0.454562157,1.85534346,0.55,0.0,-0.05,0.0,0.0,0.0,0.0,0.0,0.0,0.0
38.6762276,DATA,1,0,0,0,0,0.0,0.0,0.5458616,1.69167984,-1.09252453,-7.64093,0.44825092,1.80949,0.55,0.0,-0.05,0.0,0.0,0.0,0.0,0.0,0.0,0.0
38.7320328,DATA,1,0,0,0,0,0.0,0.0,0.545810759,1.69132,-1.09286225,-7.223938,0.336587936,1.876666,0.55,0.0,-0.05,0.0,0.0,0.0,0.0,0.0,0.0,0.0
38.7881241,DATA,1,0,0,0,0,0.0,0.0,0.5453474,1.69095957,-1.09210443,-6.75750732,0.253455937,2.083014,0.55,0.0,-0.05,0.0,0.0,0.0,0.0,0.0,0.0,0.0
38.84346,DATA,1,0,0,0,0,0.0,0.0,0.5447431,1.69052362,-1.09060383,-6.20999146,0.0545071773,2.30705857,0.55,0.0,-0.05,0.0,0.0,0.0,0.0,0.0,0.0,0.0
38.8987541,DATA,1,0,0,0,0,0.0,0.0,0.543977737,1.68935442,-1.08755875,-5.75469971,-0.214660645,2.390882,0.55,0.0,-0.05,0.0,0.0,0.0,0.0,0.0,0.0,0.0
38.95441,DATA,1,0,0,0,0,0.0,0.0,0.543259144,1.68727279,-1.08345759,-4.95043945,-0.479766846,2.91250849,0.55,0.0,-0.05,0.0,0.0,0.0,0.0,0.0,0.0,0.0
39.00891,DATA,1,0,0,0,0,0.0,0.0,0.542400956,1.6838783,-1.07700109,-4.762207,-1.35681152,3.08520675,0.55,0.0,-0.05,0.0,0.0,0.0,0.0,0.0,0.0,0.0
39.065506,DATA,1,0,0,0,0,0.0,0.0,0.540326357,1.68136585,-1.07062566,-4.12319946,-1.94647217,2.60506368,0.55,0.0,-0.05,0.0,0.0,0.0,0.0,0.0,0.0,0.0
39.1217537,DATA,1,0,0,0,0,0.0,0.0,0.5381759,1.67851889,-1.06365418,-3.291626,-2.78582764,2.33244276,0.55,0.0,-0.05,0.0,0.0,0.0,0.0,0.0,0.0,0.0
39.17645,DATA,1,0,0,0,0,0.0,0.0,0.5361433,1.67531872,-1.05705762,-2.32669067,-3.45813,2.09405231,0.55,0.0,-0.05,0.0,0.0,0.0,0.0,0.0,0.0,0.0
39.2317162,DATA,1,0,0,0,0,0.0,0.0,0.5345862,1.67383051,-1.05195808,-0.426361084,-3.964203,2.48355532,0.55,0.0,-0.05,0.0,0.0,0.0,0.0,0.0,0.0,0.0
39.28722,DATA,1,0,0,0,0,0.0,0.0,0.533116341,1.67219019,-1.04645681,1.507467,-4.22106934,3.2673018,0.55,0.0,-0.05,0.0,0.0,0.0,0.0,0.0,0.0,0.0
39.34337,DATA,1,0,0,0,0,0.0,0.0,0.5322721,1.671501,-1.04247332,4.17857552,-4.028778,4.033471,0.55,0.0,-0.05,0.0,0.0,0.0,0.0,0.0,0.0,0.0
39.39838,DATA,1,0,0,0,0,0.0,0.0,0.531864166,1.67039251,-1.03812027,6.58155346,-3.525177,5.04432344,0.55,0.0,-0.05,0.0,0.0,0.0,0.0,0.0,0.0,0.0
39.4536057,DATA,1,0,0,0,0,0.0,0.0,0.5311606,1.67033041,-1.03463483,8.42689,-2.685913,5.01704645,0.55,0.0,-0.05,0.0,0.0,0.0,0.0,0.0,0.0,0.0
39.5085945,DATA,1,0,0,0,0,0.0,0.0,0.5304011,1.67008162,-1.0309974,9.593497,-2.12124634,4.798579,0.55,0.0,-0.05,0.0,0.0,0.0,0.0,0.0,0.0,0.0
39.56538,DATA,1,0,0,0,0,0.0,0.0,0.5299124,1.669102,-1.02800739,10.14173,-2.044342,4.2942,0.55,0.0,-0.05,0.0,0.0,0.0,0.0,0.0,0.0,0.0
39.62007,DATA,1,0,0,0,0,0.0,0.0,0.5297215,1.66789961,-1.02579629,10.78245,-2.11517334,3.90508246,0.55,0.0,-0.05,0.0,0.0,0.0,0.0,0.0,0.0,0.0
39.676,DATA,1,0,0,0,0,0.0,0.0,0.5297958,1.66684628,-1.02413,11.4354019,-2.128418,3.351052,0.55,0.0,-0.05,0.0,0.0,0.0,0.0,0.0,0.0,0.0
39.7310181,DATA,1,0,0,0,0,0.0,0.0,0.53011173,1.66581035,-1.02312171,11.8583174,-2.00921631,3.20651555,0.55,0.0,-0.05,0.0,0.0,0.0,0.0,0.0,0.0,0.0
39.786953,DATA,1,0,0,0,0,0.0,0.0,0.530432761,1.66525674,-1.02259064,11.9619627,-2.00915527,3.08913565,0.55,0.0,-0.05,0.0,0.0,0.0,0.0,0.0,0.0,0.0
39.8416,DATA,1,0,0,0,0,0.0,0.0,0.5306459,1.66558933,-1.02235413,11.55928,-2.07626343,2.732272,0.55,0.0,-0.05,0.0,0.0,0.0,0.0,0.0,0.0,0.0
39.8976822,DATA,1,0,0,0,0,0.0,0.0,0.530941665,1.66636872,-1.02284515,11.0565195,-2.16760254,2.618694,0.55,0.0,-0.05,0.0,0.0,0.0,0.0,0.0,0.0,0.0
39.95297,DATA,1,0,0,0,0,0.0,0.0,0.53117305,1.66717887,-1.02339959,10.5080757,-2.3241272,2.35990834,0.55,0.0,-0.05,0.0,0.0,0.0,0.0,0.0,0.0,0.0
40.0081673,DATA,1,0,0,0,0,0.0,0.0,0.531674862,1.66778958,-1.02461362,10.3770056,-2.42059326,2.3920567,0.55,0.0,-0.05,0.0,0.0,0.0,0.0,0.0,0.0,0.0
40.0646553,DATA,1,0,0,0,0,0.0,0.0,0.531999767,1.66805625,-1.02548683,10.1213446,-2.557434,2.4000423,0.55,0.0,-0.05,0.0,0.0,0.0,0.0,0.0,0.0,0.0
40.12083,DATA,1,0,0,0,0,0.0,0.0,0.5322914,1.668343,-1.02712834,10.0591631,-2.66070557,2.39006376,0.55,0.0,-0.05,0.0,0.0,0.0,0.0,0.0,0.0,0.0
40.1763229,DATA,1,0,0,0,0,0.0,0.0,0.5323651,1.66815746,-1.02799833,10.1126947,-2.897583,2.31094623,0.55,0.0,-0.05,0.0,0.0,0.0,0.0,0.0,0.0,0.0
40.23043,DATA,1,0,0,0,0,0.0,0.0,0.5322271,1.6683197,-1.02909946,10.1152477,-3.309021,2.352914,0.55,0.0,-0.05,0.0,0.0,0.0,0.0,0.0,0.0,0.0
40.2865868,DATA,1,0,0,0,0,0.0,0.0,0.53199327,1.668667,-1.029531,9.817391,-3.54837036,2.42006516,0.55,0.0,-0.05,0.0,0.0,0.0,0.0,0.0,0.0,0.0
40.34233,DATA,1,0,0,0,0,0.0,0.0,0.5316151,1.66927719,-1.03042221,9.392474,-3.77575684,2.39828038,0.55,0.0,-0.05,0.0,0.0,0.0,0.0,0.0,0.0,0.0
40.36941,GAME_STARTED,1,0,0,0,0,0.0,0.0,0.0,0.0,0.0,0.0,0.0,0.0,0.0,0.0,0.0,0.0,0.0,0.0,0.0,0.0,0.0,0.0
40.36941,MAZE_STARTED,1,1,0,10,0,0.0,0.0,0.0,0.0,0.0,0.0,0.0,0.0,0.0,0.0,0.0,0.0,0.0,0.0,0.0,0.0,0.0,0.0
40.3960266,DATA,1,1,0,10,0,0.0266151428,0.0266151428,-8.018529,1.66966689,-8.980665,9.020002,-3.826538,2.39639974,-8.0,0.0,-8.0,0.0,0.0,0.0,0.0,0.0,0.0,0.0
40.4500351,DATA,1,1,0,10,0,0.08062363,0.08062363,-8.01862,1.670106,-8.981172,8.04816,-3.80639648,2.008254,-8.0,0.0,-8.0,0.0,0.0,0.0,0.0,0.0,0.0,0.0
40.50432,DATA,1,1,0,10,0,0.134906769,0.134906769,-8.018439,1.67101324,-8.981681,7.365231,-3.71463013,1.82671642,-8.0,0.0,-8.0,0.0,0.0,0.0,0.0,0.0,0.0,0.0
40.5616531,DATA,1,1,0,10,0,0.192241669,0.192241669,-8.018144,1.6715498,-8.982646,7.26129866,-3.56781,1.75884748,-8.0,0.0,-8.0,0.0,0.0,0.0,0.0,0.0,0.0,0.0
40.6168175,DATA,1,1,0,10,0,0.247406,0.247406,-8.017838,1.67150784,-8.98402,7.4062047,-3.47021484,1.83738041,-8.0,0.0,-8.0,0.0,0.0,0.0,0.0,0.0,0.0,0.0
40.671978,DATA,1,1,0,10,0,0.302566528,0.302566528,-8.017497,1.67148244,-8.984926,7.469622,-3.52774048,1.874863,-8.0,0.0,-8.0,0.0,0.0,0.0,0.0,0.0,0.0,0.0
40.7278442,DATA,1,1,0,10,0,0.35843277,0.35843277,-8.01717,1.67132628,-8.986189,7.593988,-3.57467651,1.88464916,-8.0,0.0,-8.0,0.0,0.0,0.0,0.0,0.0,0.0,0.0
40.7842674,DATA,1,1,0,10,0,0.414855957,0.414855957,-8.016785,1.67128956,-8.986939,7.55046,-3.597229,2.08574986,-8.0,0.0,-8.0,0.0,0.0,0.0,0.0,0.0,0.0,0.0
40.83882,DATA,1,1,0,10,0,0.469409943,0.469409943,-8.016575,1.67165077,-8.988146,7.60808134,-3.44052124,2.08211946,-8.0,0.0,-8.0,0.0,0.0,0.0,0.0,0.0,0.0,0.0
40.89676,DATA,1,1,0,10,0,0.527347565,0.527347565,-8.015926,1.671689,-8.98912048,7.81417942,-3.31588745,2.12140822,-8.0,0.0,-8.0,0.0,0.0,0.0,0.0,0.0,0.0,0.0
40.9527245,DATA,1,1,0,10,0,0.583313,0.583313,-8.015495,1.67170787,-8.990319,8.133828,-3.24795532,2.084492,-8.0,0.0,-8.0,0.0,0.0,0.0,0.0,0.0,0.0,0.0
41.00735,DATA,1,1,0,10,0,0.637939453,0.637939453,-8.015241,1.67190528,-8.991005,8.263387,-3.18759155,2.1138413,-8.0,0.0,-8.0,0.0,0.0,0.0,0.0,0.0,0.0,0.0
41.0637627,DATA,1,1,0,10,0,0.6943512,0.6943512,-8.01545048,1.67217863,-8.991654,8.13633251,-2.96630859,2.06345534,-8.0,0.0,-8.0,0.0,0.0,0.0,0.0,0.0,0.0,0.0
41.1197,DATA,1,1,0,10,0,0.7502899,0.7502899,-8.01534,1.67226887,-8.991847,7.761545,-2.666504,2.0313673,-8.0,0.0,-8.0,0.0,0.0,0.0,0.0,0.0,0.0,0.0
41.174572,DATA,1,1,0,10,0,0.8051605,0.8051605,-8.01511,1.67220783,-8.992288,7.793613,-2.28088379,2.02050924,-8.0,0.0,-8.0,0.0,0.0,0.0,0.0,0.0,0.0,0.0
41.2296867,DATA,1,1,0,10,0,0.860275269,0.860275269,-8.014721,1.67183721,-8.992483,7.811005,-2.12109375,1.97582674,-8.0,0.0,-8.0,0.0,0.0,0.0,0.0,0.0,0.0,0.0
41.2865677,DATA,1,1,0,10,0,0.9171562,0.9171562,-8.014305,1.67159832,-8.993,7.80303431,-1.92416382,1.9237529,-8.0,0.0,-8.0,0.0,0.0,0.0,0.0,0.0,0.0,0.0
41.3416862,DATA,1,1,0,10,0,0.9722748,0.9722748,-8.013217,1.67129564,-8.993711,7.8749094,-1.78973389,1.73902822,-8.0,0.0,-8.0,0.0,0.0,0.0,0.0,0.0,0.0,0.0
41.3971024,DATA,1,1,0,10,0,1.02769089,1.02769089,-8.0117445,1.67093885,-8.994727,7.83238125,-1.48892212,1.440915,-8.0,0.0,-8.0,0.0,0.0,0.0,0.0,0.0,0.0,0.0
41.452198,DATA,1,1,0,10,0,1.08278656,1.08278656,-8.010027,1.67015862,-8.996129,8.14648,-1.0993042,1.43181753,-8.0,0.0,-8.0,0.0,0.0,0.0,0.0,0.0,0.0,0.0
41.508152,DATA,1,1,0,10,0,1.13874054,1.13874054,-8.008222,1.66957688,-8.997718,8.62619,-0.608612061,1.565031,-8.0,0.0,-8.0,0.0,0.0,0.0,0.0,0.0,0.0,0.0
41.56391,DATA,1,1,0,10,0,1.1945,1.1945,-8.00665,1.66893017,-8.99918,9.090073,-0.07849121,1.73156273,-8.0,0.0,-8.0,0.0,0.0,0.0,0.0,0.0,0.0,0.0
41.6195679,DATA,1,1,0,10,0,1.2501564,1.2501564,-8.00509,1.66864836,-9.000451,9.384489,0.09719162,1.92640817,-8.0,0.0,-8.0,0.0,0.0,0.0,0.0,0.0,0.0,0.0
41.6753426,DATA,1,1,0,10,0,1.30593109,1.30593109,-8.00367,1.66868412,-9.001698,9.376356,0.1545078,1.88421416,-8.0,0.0,-8.0,0.0,0.0,0.0,0.0,0.0,0.0,0.0
41.7299423,DATA,1,1,0,10,0,1.36053085,1.36053085,-8.002512,1.66920936,-9.002758,9.325739,0.11327035,1.72384369,-8.0,0.0,-8.0,0.0,0.0,0.0,0.0,0.0,0.0,0.0
41.78568,DATA,1,1,0,10,0,1.4162674,1.4162674,-8.001864,1.66996455,-9.003743,9.010957,-0.0156860352,1.667497,-8.0,0.0,-8.0,0.0,0.0,0.0,0.0,0.0,0.0,0.0
41.84246,DATA,1,1,0,10,0,1.47304916,1.47304916,-8.001207,1.67044866,-9.004108,8.89617348,0.107579306,1.65345216,-8.0,0.0,-8.0,0.0,0.0,0.0,0.0,0.0,0.0,0.0
41.89695,DATA,1,1,0,10,0,1.5275383,1.5275383,-8.000779,1.6706506,-9.004025,9.064115,0.283881128,1.92031085,-8.0,0.0,-8.0,0.0,0.0,0.0,0.0,0.0,0.0,0.0
41.9522667,DATA,1,1,0,10,0,1.58285522,1.58285522,-8.000355,1.67048264,-9.00357151,9.37689,0.500805438,2.021544,-8.0,0.0,-8.0,0.0,0.0,0.0,0.0,0.0,0.0,0.0
42.0073547,DATA,1,1,0,10,0,1.63794327,1.63794327,-7.9999733,1.67020977,-9.002947,9.644037,0.6362256,1.96698761,-8.0,0.0,-8.0,0.0,0.0,0.0,0.0,0.0,0.0,0.0
42.0635643,DATA,1,1,0,10,0,1.69415283,1.69415283,-7.99979448,1.67004466,-9.00199,9.83351,0.6323442,1.78107774,-8.0,0.0,-8.0,0.0,0.0,0.0,0.0,0.0,0.0,0.0
42.1194725,DATA,1,1,0,10,0,1.750061,1.750061,-7.999603,1.670182,-9.000714,9.987019,0.544046044,1.691155,-8.0,0.0,-8.0,0.0,0.0,0.0,0.0,0.0,0.0,0.0
42.17478,DATA,1,1,0,10,0,1.80537033,1.80537033,-7.99958467,1.67013085,-8.999308,9.875395,0.219782323,1.63711035,-8.0,0.0,-8.0,0.0,0.0,0.0,0.0,0.0,0.0,0.0
42.2296867,DATA,1,1,0,10,0,1.86027527,1.86027527,-7.999415,1.66981936,-8.998162,9.969854,0.0193901528,1.5845505,-8.0,0.0,-8.0,0.0,0.0,0.0,0.0,0.0,0.0,0.0
42.2860641,DATA,1,1,0,10,0,1.91665268,1.91665268,-7.99918938,1.66908038,-8.99762,10.2958374,-0.0765686,1.45386,-8.0,0.0,-8.0,0.0,0.0,0.0,0.0,0.0,0.0,0.0
42.34149,DATA,1,1,0,10,0,1.97208023,1.97208023,-7.99852467,1.66837847,-8.997012,10.5681868,-0.04675293,1.27181184,-8.0,0.0,-8.0,0.0,0.0,0.0,0.0,0.0,0.0,0.0
42.39731,DATA,1,1,0,10,0,2.027897,2.027897,-7.997779,1.6677,-8.996398,10.7449255,0.006607389,1.031668,-8.0,0.0,-8.0,0.0,0.0,0.0,0.0,0.0,0.0,0.0
42.4521942,DATA,1,1,0,10,0,2.08278275,2.08278275,-7.99696732,1.66728258,-8.995534,10.89378,0.03915341,0.7605808,-8.0,0.0,-8.0,0.0,0.0,0.0,0.0,0.0,0.0,0.0
42.507843,DATA,1,1,0,10,0,2.13843155,2.13843155,-7.99640656,1.66704988,-8.99484348,10.844656,0.130408764,0.6091725,-8.0,0.0,-8.0,0.0,0.0,0.0,0.0,0.0,0.0,0.0
42.5636864,DATA,1,1,0,10,0,2.194275,2.194275,-7.99585438,1.66692066,-8.9939,10.6205606,0.377167523,0.48634544,-8.0,0.0,-8.0,0.0,0.0,0.0,0.0,0.0,0.0,0.0
42.6191139,DATA,1,1,0,10,0,2.24970245,2.24970245,-7.995224,1.66696489,-8.993312,10.5236244,0.781661,0.2949695,-8.0,0.0,-8.0,0.0,0.0,0.0,0.0,0.0,0.0,0.0
42.6753426,DATA,1,1,0,10,0,2.305931,2.305931,-7.99443531,1.6667161,-8.992902,10.5056372,1.53966141,-0.0224914551,-8.0,0.0,-8.0,0.0,0.0,0.0,0.0,0.0,0.0,0.0
42.7300339,DATA,1,1,0,10,0,2.36062241,2.36062241,-7.99392,1.66629755,-8.992885,10.5541191,2.48160768,-0.3371582,-8.0,0.0,-8.0,0.0,0.0,0.0,0.0,0.0,0.0,0.0
42.78622,DATA,1,1,0,10,0,2.416809,2.416809,-7.99373055,1.66594684,-8.992851,10.7608471,3.53881741,-0.56427,-8.0,0.0,-8.0,0.0,0.0,0.0,0.0,0.0,0.0,0.0
42.84106,DATA,1,1,0,10,0,2.47164917,2.47164917,-7.9940753,1.66567922,-8.99251,10.9115705,4.466431,-0.570953369,-8.0,0.0,-8.0,0.0,0.0,0.0,0.0,0.0,0.0,0.0
42.8970451,DATA,1,1,0,10,0,2.52763367,2.52763367,-7.99497175,1.66578424,-8.991825,10.916276,5.136026,-0.4692688,-8.0,0.0,-8.0,0.0,0.0,0.0,0.0,0.0,0.0,0.0
42.952198,DATA,1,1,0,10,0,2.58278656,2.58278656,-7.99619,1.66573668,-8.990796,10.883709,5.65767527,-0.341064453,-8.0,0.0,-8.0,0.0,0.0,0.0,0.0,0.0,0.0,0.0
43.0073471,DATA,1,1,0,10,0,2.63793564,2.63793564,-7.997707,1.66565537,-8.990181,11.1167545,6.075532,-0.181030273,-8.0,0.0,-8.0,0.0,0.0,0.0,0.0,0.0,0.0,0.0
43.0635147,DATA,1,1,0,10,0,2.69410324,2.69410324,-7.999113,1.66517925,-8.9892025,11.44619,6.37205839,0.0542025864,-8.0,0.0,-8.0,0.0,0.0,0.0,0.0,0.0,0.0,0.0
43.11908,DATA,1,1,0,10,0,2.74966812,2.74966812,-8.000725,1.66457272,-8.988395,11.7491617,6.487747,0.187012136,-8.0,0.0,-8.0,0.0,0.0,0.0,0.0,0.0,0.0,0.0
43.1747665,DATA,1,1,0,10,0,2.805355,2.805355,-8.002268,1.66426945,-8.987494,11.9984722,6.431262,0.5699701,-8.0,0.0,-8.0,0.0,0.0,0.0,0.0,0.0,0.0,0.0
43.2296371,DATA,1,1,0,10,0,2.86022568,2.86022568,-8.003792,1.66447639,-8.987027,12.0220833,6.175464,0.723719835,-8.0,0.0,-8.0,0.0,0.0,0.0,0.0,0.0,0.0,0.0
43.2855568,DATA,1,1,0,10,0,2.91614532,2.91614532,-8.004561,1.66486669,-8.98634052,11.9665728,5.9515,0.85217,-8.0,0.0,-8.0,0.0,0.0,0.0,0.0,0.0,0.0,0.0
43.3413734,DATA,1,1,0,10,0,2.971962,2.971962,-8.005191,1.65985811,-8.904845,11.8200979,5.78642035,0.768597066,-8.0,-0.00536930561,-7.91897058,0.0,0.0,0.0,1.0,0.0,0.0,0.0
43.3971825,DATA,1,1,0,10,0,3.027771,3.027771,-8.005417,1.65524,-8.73420048,11.8778934,5.61564,0.7764135,-8.0,-0.01000005,-7.748904,0.0,0.0,0.0,1.0,0.0,0.0,0.0
43.451973,DATA,1,1,0,10,0,3.08256149,3.08256149,-8.00571251,1.65553546,-8.568766,11.9534283,5.376603,0.8385476,-8.0,-0.0100001693,-7.58409071,0.0,0.0,0.0,1.0,0.0,0.0,0.0
43.5078621,DATA,1,1,0,10,0,3.13845062,3.13845062,-8.005698,1.65570486,-8.402356,11.9360209,5.17725134,1.01330972,-8.0,-0.01000011,-7.41861629,0.0,0.0,0.0,1.0,0.0,0.0,0.0
43.5635147,DATA,1,1,0,10,0,3.19410324,3.19410324,-8.005538,1.65571284,-8.235215,11.8738384,5.02547073,1.00197542,-8.0,-0.01000011,-7.25226164,0.0,0.0,0.0,1.0,0.0,0.0,0.0
43.61937,DATA,1,1,0,10,0,3.249958,3.249958,-8.005057,1.65521526,-8.066253,11.8636656,4.962314,0.9393522,-8.0,-0.01000005,-7.083667,0.0,0.0,0.0,1.0,0.0,0.0,0.0
43.6743965,DATA,1,1,0,10,0,3.304985,3.304985,-8.00424,1.65459752,-7.90035,11.9029675,5.082568,0.7290868,-8.0,-0.00999999,-6.91755342,0.0,0.0,0.0,1.0,0.0,0.0,0.0
43.72992,DATA,1,1,0,10,0,3.360508,3.360508,-8.003293,1.65427876,-7.735681,11.9437332,5.331954,0.433510721,-8.0,-0.01000005,-6.752026,0.0,0.0,0.0,1.0,0.0,0.0,0.0
43.7857666,DATA,1,1,0,10,0,3.41635513,3.41635513,-8.002496,1.65418029,-7.571185,11.8591,5.46271,0.2263451,-8.0,-0.00999999,-6.586807,0.0,0.0,0.0,1.0,0.0,0.0,0.0
43.8411674,DATA,1,1,0,10,0,3.471756,3.471756,-8.002401,1.65417552,-7.4060936,11.7331591,5.441327,0.148591518,-8.0,-0.01000005,-6.42064047,0.0,0.0,0.0,1.0,0.0,0.0,0.0
43.9033966,DATA,1,1,1,10,0,3.53398514,3.53398514,-8.002534,1.65432429,-7.23809958,11.7051277,5.397437,0.233615741,-8.0,-0.01000005,-6.25138235,0.0,0.0,0.0,1.0,0.0,0.0,0.0
43.9662552,DATA,1,1,1,10,0,3.59684372,3.59684372,-8.0031805,1.65470421,-7.031704,11.5256538,5.27202225,0.446593046,-8.0,-0.01000011,-6.043222,0.0,0.0,0.0,1.0,0.0,0.0,0.0
44.02181,DATA,1,1,1,10,0,3.65239716,3.65239716,-8.003538,1.65516925,-6.866248,11.2962437,5.135708,0.6340309,-8.0,-0.01000005,-5.876869,0.0,0.0,0.0,1.0,0.0,0.0,0.0
44.07706,DATA,1,1,1,10,0,3.70764923,3.70764923,-8.004001,1.65555465,-6.69909,11.151351,5.0622716,0.646824837,-8.0,-0.01000011,-5.70893955,0.0,0.0,0.0,1.0,0.0,0.0,0.0
44.1327057,DATA,1,1,1,10,0,3.76329422,3.76329422,-8.004215,1.6555959,-6.53322172,11.1463356,5.07421064,0.65722245,-8.0,-0.01000011,-5.542457,0.0,0.0,0.0,1.0,0.0,0.0,0.0
44.1878662,DATA,1,1,1,10,0,3.81845474,3.81845474,-8.004613,1.655495,-6.36867762,11.19962,5.06358051,0.691038668,-8.0,-0.01000011,-5.377329,0.0,0.0,0.0,1.0,0.0,0.0,0.0
44.24385,DATA,1,1,1,10,0,3.87443924,3.87443924,-8.004829,1.65549064,-6.20332766,11.22694,4.9931035,0.708486736,-8.0,-0.01000005,-5.21183443,0.0,0.0,0.0,1.0,0.0,0.0,0.0
44.2994576,DATA,1,1,1,10,0,3.930046,3.930046,-8.004994,1.65558052,-6.03515244,11.2158184,4.945989,0.7694091,-8.0,-0.01000005,-5.043628,0.0,0.0,0.0,1.0,0.0,0.0,0.0
44.3553162,DATA,1,1,1,10,0,3.98590469,3.98590469,-8.005061,1.65553,-5.866641,11.281333,4.952287,0.8379805,-8.0,-0.01000005,-4.87534428,0.0,0.0,0.0,1.0,0.0,0.0,0.0
44.41055,DATA,1,1,1,10,0,4.0411377,4.0411377,-8.005229,1.65551388,-5.700427,11.3378506,4.946721,0.893801332,-8.0,-0.00999999,-4.70925665,0.0,0.0,0.0,1.0,0.0,0.0,0.0
44.466156,DATA,1,1,1,10,0,4.09674454,4.09674454,-8.005352,1.65544486,-5.536017,11.4243956,4.97823048,0.9942505,-8.0,-0.01000005,-4.545222,0.0,0.0,0.0,1.0,0.0,0.0,0.0
44.5220032,DATA,1,1,1,10,0,4.15259171,4.15259171,-8.005414,1.65518212,-5.36776447,11.5329895,4.951949,1.03942668,-8.0,-0.01000011,-4.377513,0.0,0.0,0.0,1.0,0.0,0.0,0.0
44.5783348,DATA,1,1,1,10,0,4.20892334,4.20892334,-8.005335,1.65490818,-5.198122,11.7054062,5.04075766,1.00499117,-8.0,-0.01000005,-4.208364,0.0,0.0,0.0,1.0,0.0,0.0,0.0
44.6328964,DATA,1,1,1,10,0,4.263485,4.263485,-8.005124,1.6544596,-5.03324366,11.8720608,5.114825,0.9301266,-8.0,-0.01000011,-4.04400063,0.0,0.0,0.0,1.0,0.0,0.0,0.0
44.688076,DATA,1,1,1,10,0,4.31866455,4.31866455,-8.005041,1.65417528,-4.86560345,12.0157795,5.16227245,0.9092826,-8.0,-0.01000005,-3.87658715,0.0,0.0,0.0,1.0,0.0,0.0,0.0
44.74404,DATA,1,1,1,10,0,4.37463,4.37463,-8.004806,1.65402031,-4.69994068,12.137126,5.213244,0.90727514,-8.0,-0.00999999,-3.7111907,0.0,0.0,0.0,1.0,0.0,0.0,0.0
44.79951,DATA,1,1,1,10,0,4.43009949,4.43009949,-8.004761,1.65407073,-4.53197,12.1114931,5.214259,0.910844,-8.0,-0.01000011,-3.543209,0.0,0.0,0.0,1.0,0.0,0.0,0.0
44.8550453,DATA,1,1,1,10,0,4.485634,4.485634,-8.004615,1.65415227,-4.365315,12.1208162,5.28385162,0.9274092,-8.0,-0.01000011,-3.37643147,0.0,0.0,0.0,1.0,0.0,0.0,0.0
44.9100723,DATA,1,1,1,10,0,4.540661,4.540661,-8.00467,1.65405345,-4.20050573,12.2003031,5.26401663,0.9104406,-8.0,-0.01000005,-3.21108055,0.0,0.0,0.0,1.0,0.0,0.0,0.0
44.9663658,DATA,1,1,1,10,0,4.59695435,4.59695435,-8.004634,1.65385723,-4.033828,12.4053574,5.277113,0.88959235,-8.0,-0.01000005,-3.04404,0.0,0.0,0.0,1.0,0.0,0.0,0.0
45.0216446,DATA,1,1,1,10,0,4.652233,4.652233,-8.00472,1.653713,-3.867061,12.7084579,5.319546,0.9680219,-8.0,-0.01000011,-2.87679315,0.0,0.0,0.0,1.0,0.0,0.0,0.0
45.0770226,DATA,1,1,1,10,0,4.707611,4.707611,-8.004785,1.65356946,-3.74367762,12.77352,5.261679,0.974690735,-8.0,-0.01000005,-2.75322652,0.0,0.0,0.0,0.0,0.0,0.0,0.0
45.1316528,DATA,1,1,1,10,0,4.76224136,4.76224136,-8.004982,1.65361452,-3.7439363,12.7174225,5.26558828,1.02248335,-8.0,-0.01000005,-2.75322652,0.0,0.0,0.0,0.0,0.0,0.0,0.0
45.187706,DATA,1,1,1,10,0,4.81829453,4.81829453,-8.005096,1.65367866,-3.74407363,12.7203493,5.24751663,1.072409,-8.0,-0.01000005,-2.75322652,0.0,0.0,0.0,0.0,0.0,0.0,0.0
45.24302,DATA,1,1,1,10,0,4.87360764,4.87360764,-8.039745,1.65366673,-3.74328947,12.7278585,8.109602,1.05754232,-8.0,-0.01000005,-2.75322652,2.00976944,0.836359739,-0.5480819,0.0,0.0,0.0,0.0
45.299015,DATA,1,1,1,10,0,4.92960358,4.92960358,-8.112105,1.65342426,-3.73775029,12.8929424,12.373106,1.1210413,-8.0,-0.01000005,-2.75322652,6.20681667,0.816400647,-0.577440739,0.0,0.0,0.0,0.0
45.354435,DATA,1,1,1,10,0,4.9850235,4.9850235,-8.1812315,1.653079,-3.72708535,13.0417242,16.3965778,1.13198221,-8.0,-0.01000005,-2.75322652,10.2568026,0.7900326,-0.6130253,0.0,0.0,0.0,0.0
45.40946,DATA,1,1,1,10,0,5.04004669,5.04004669,-8.247372,1.6527338,-3.711995,13.1536207,20.2995052,1.134292,-8.0,-0.01000005,-2.75322652,14.1839466,0.7849361,-0.6195563,0.0,0.0,0.0,0.0
45.4652748,DATA,1,1,1,10,0,5.09586334,5.09586334,-8.311261,1.65229917,-3.69254351,13.2812557,24.3587723,1.16299438,-8.0,-0.01000005,-2.75322652,18.06423,0.7813959,-0.6239815,0.0,0.0,0.0,0.0
45.52075,DATA,1,1,1,10,0,5.15133667,5.15133667,-8.374617,1.65210485,-3.66872835,13.3490438,28.3464737,1.14068222,-8.0,-0.01000005,-2.75322652,21.99171,0.7805109,-0.6251106,0.0,0.0,0.0,0.0
45.57691,DATA,1,1,1,10,0,5.20749664,5.20749664,-8.435169,1.65202212,-3.64098144,13.3548183,32.41312,1.09604168,-8.0,-0.01000005,-2.75322652,25.8734741,0.7805109,-0.6251106,0.0,0.0,0.0,0.0
45.63114,DATA,1,1,1,10,0,5.26173,5.26173,-8.494351,1.65192819,-3.60913873,13.28449,36.3624954,1.09212554,-8.0,-0.01000005,-2.75322652,29.7799149,0.7795038,-0.6263313,0.0,0.0,0.0,0.0
45.68716,DATA,1,1,1,10,0,5.317749,5.317749,-8.550959,1.65196228,-3.573617,13.2660542,40.40319,1.12456632,-8.0,-0.01000005,-2.75322652,33.6690865,0.7795038,-0.6263313,0.0,0.0,0.0,0.0
45.7425041,DATA,1,1,1,10,0,5.37309265,5.37309265,-8.605572,1.65199423,-3.53443646,13.2445869,44.3586,1.10398841,-8.0,-0.01000005,-2.75322652,37.5637856,0.7784966,-0.6276132,0.0,0.0,0.0,0.0
45.7978973,DATA,1,1,1,10,0,5.428486,5.428486,-8.657327,1.65205383,-3.49149442,13.1990747,48.2842255,1.13465214,-8.0,-0.01000005,-2.75322652,41.47256,0.7784966,-0.6276132,0.0,0.0,0.0,0.0
45.8538628,DATA,1,1,1,10,0,5.48445129,5.48445129,-8.706093,1.65209651,-3.44528937,13.1571827,52.2085037,1.12699127,-8.0,-0.01000005,-2.75322652,45.370575,0.7784966,-0.6276132,0.0,0.0,0.0,0.0
45.9087524,DATA,1,1,1,10,0,5.539341,5.539341,-8.750909,1.65230393,-3.39657,13.0687389,56.0432663,1.1410594,-8.0,-0.01000005,-2.75322652,49.2107239,0.7784966,-0.6276132,0.0,0.0,0.0,0.0
45.96482,DATA,1,1,1,10,0,5.59540939,5.59540939,-8.793202,1.65239882,-3.34413624,12.9640388,59.99051,1.1586926,-8.0,-0.01000005,-2.75322652,53.1142,0.7784966,-0.6276132,0.0,0.0,0.0,0.0
46.0205154,DATA,1,1,1,10,0,5.651104,5.651104,-8.831928,1.65259671,-3.28879881,12.9125834,63.9206657,1.20212138,-8.0,-0.01000005,-2.75322652,57.02378,0.7776116,-0.6286813,0.0,0.0,0.0,0.0
46.07567,DATA,1,1,1,10,0,5.706257,5.706257,-8.866511,1.65265059,-3.2313447,12.84124,67.81145,1.262458,-8.0,-0.01000005,-2.75322652,60.9082756,0.7776116,-0.6286813,0.0,0.0,0.0,0.0
46.1313133,DATA,1,1,1,10,0,5.761902,5.761902,-8.897149,1.65272021,-3.17183757,12.8132648,71.76111,1.2980386,-8.0,-0.01000005,-2.75322652,64.77921,0.7776116,-0.6286813,0.0,0.0,0.0,0.0
46.18671,DATA,1,1,1,10,0,5.817299,5.817299,-8.923387,1.65278864,-3.111028,12.8285561,75.6634445,1.32337546,-8.0,-0.01000005,-2.75322652,68.61498,0.7776116,-0.6286813,0.0,0.0,0.0,0.0
46.2421341,DATA,1,1,1,10,0,5.87272263,5.87272263,-8.946086,1.652956,-3.047403,12.848341,79.5979156,1.31148946,-8.0,-0.01000005,-2.75322652,72.5236359,0.7776116,-0.6286813,0.0,0.0,0.0,0.0
46.2976875,DATA,1,1,1,10,0,5.928276,5.928276,-8.964249,1.65323424,-2.98222446,12.8930025,83.587944,1.41030324,-8.0,-0.01000005,-2.75322652,76.4442444,0.775628,-0.6311228,0.0,0.0,0.0,0.0
46.3536835,DATA,1,1,1,10,0,5.984272,5.984272,-8.97796,1.65338659,-2.91631222,12.9869127,87.58536,1.49916053,-8.0,-0.01000005,-2.75322652,80.33589,0.773216963,-0.634083033,0.0,0.0,0.0,0.0
46.40916,DATA,1,1,1,10,0,6.039749,6.039749,-8.986769,1.65357375,-2.85022736,12.9189463,91.46384,1.54578555,-8.0,-0.01000005,-2.75322652,84.19311,0.772331953,-0.6351818,0.0,0.0,0.0,0.0
46.4643135,DATA,1,1,1,10,0,6.094902,6.094902,-8.991335,1.65352845,-2.78477883,12.9161692,95.26914,1.59157169,-8.0,-0.01000005,-2.75322652,87.98183,0.7532579,-0.657673836,0.0,0.0,0.0,0.0
46.52002,DATA,1,1,1,10,0,6.150608,6.150608,-8.991259,1.65348673,-2.71904445,12.97862,99.0832,1.51415753,-8.0,-0.01000005,-2.75322652,91.78701,0.7500534,-0.661336064,0.0,0.0,0.0,0.0
46.5760651,DATA,1,1,1,10,0,6.20665359,6.20665359,-8.987054,1.65349364,-2.65430045,12.9849615,102.934814,1.53139889,-8.0,-0.01000005,-2.75322652,95.53746,0.7489853,-0.6625569,0.0,0.0,0.0,0.0
46.63128,DATA,1,1,1,10,0,6.26186752,6.26186752,-8.978476,1.65340209,-2.589956,13.044878,106.672478,1.57219243,-8.0,-0.01000005,-2.75322652,99.28656,0.7489853,-0.6625569,0.0,0.0,0.0,0.0
46.6871,DATA,1,1,1,10,0,6.317688,6.317688,-8.965832,1.6533649,-2.52663016,13.0629644,110.484917,1.61823738,-8.0,-0.01000005,-2.75322652,103.014778,0.7489853,-0.6625569,0.0,0.0,0.0,0.0
46.7429657,DATA,1,1,1,10,0,6.373554,6.373554,-8.948906,1.653439,-2.463816,13.0299416,114.344681,1.59763908,-8.0,-0.01000005,-2.75322652,106.772606,0.7489853,-0.6625569,0.0,0.0,0.0,0.0
46.798748,DATA,1,1,1,10,0,6.42933655,6.42933655,-8.927845,1.65343261,-2.40208435,13.1078024,118.240959,1.63140559,-8.0,-0.01000005,-2.75322652,110.546135,0.749961853,-0.661488652,0.0,0.0,0.0,0.0
46.85424,DATA,1,1,1,10,0,6.484829,6.484829,-8.902845,1.65340114,-2.34211779,13.1946106,122.176842,1.70265746,-8.0,-0.01000005,-2.75322652,114.308632,0.749961853,-0.661488652,0.0,0.0,0.0,0.0
46.90965,DATA,1,1,1,10,0,6.54023743,6.54023743,-8.874034,1.65328288,-2.28427029,13.3336382,126.13089,1.71803474,-8.0,-0.01000005,-2.75322652,118.059219,0.749961853,-0.661488652,0.0,0.0,0.0,0.0
46.9657326,DATA,1,1,1,10,0,6.596321,6.596321,-8.841728,1.65303731,-2.22847581,13.5512,130.16124,1.7778877,-8.0,-0.01000005,-2.75322652,121.79673,0.749961853,-0.661488652,0.0,0.0,0.0,0.0
47.0211525,DATA,1,1,1,10,0,6.651741,6.651741,-8.80584,1.65293288,-2.175299,13.6418209,134.081757,1.81023407,-8.0,-0.01000005,-2.75322652,125.531464,0.749961853,-0.661488652,0.0,0.0,0.0,0.0
47.0771446,DATA,1,1,1,10,0,6.707733,6.707733,-8.765914,1.65291214,-2.123533,13.6969452,137.951416,1.687144,-8.0,-0.01000005,-2.75322652,129.331055,0.749961853,-0.661488652,0.0,0.0,0.0,0.0
47.1322861,DATA,1,1,1,10,0,6.7628746,6.7628746,-8.722959,1.65291929,-2.074787,13.6879425,141.6907,1.65278792,-8.0,-0.01000005,-2.75322652,133.109436,0.749961853,-0.661488652,0.0,0.0,0.0,0.0
47.1879234,DATA,1,1,1,10,0,6.818512,6.818512,-8.677948,1.65270758,-2.02947021,13.7365284,145.424011,1.58330941,-8.0,-0.01000005,-2.75322652,136.8208,0.749961853,-0.661488652,0.0,0.0,0.0,0.0
47.2435532,DATA,1,1,1,10,0,6.87414169,6.87414169,-8.629702,1.65246725,-1.98701513,13.796689,149.162323,1.46850872,-8.0,-0.01000005,-2.75322652,140.55751,0.749961853,-0.661488652,0.0,0.0,0.0,0.0
47.29958,DATA,1,1,1,10,0,6.930168,6.930168,-8.57782,1.65236044,-1.9469887,13.8375807,152.848969,1.368621,-8.0,-0.01000005,-2.75322652,144.345688,0.749961853,-0.661488652,0.0,0.0,0.0,0.0
47.35514,DATA,1,1,1,10,0,6.985729,6.985729,-8.523594,1.65233111,-1.91074789,13.8193035,156.511185,1.31129551,-8.0,-0.01000005,-2.75322652,148.118149,0.749961853,-0.661488652,0.0,0.0,0.0,0.0
47.4103355,DATA,1,1,1,10,0,7.040924,7.040924,-8.46701,1.65230989,-1.87803173,13.8212833,160.1213,1.34901893,-8.0,-0.01000005,-2.75322652,151.883881,0.749961853,-0.661488652,0.0,0.0,0.0,0.0
47.46635,DATA,1,1,1,10,0,7.096939,7.096939,-8.409325,1.65233779,-1.84961212,13.8373108,163.84642,1.36612642,-8.0,-0.01000005,-2.75322652,155.591553,0.750846863,-0.660451055,0.0,0.0,0.0,0.0
47.5217667,DATA,1,1,1,10,0,7.152355,7.152355,-8.34863,1.65240836,-1.82448041,13.806654,167.5268,1.38606381,-8.0,-0.01000005,-2.75322652,159.37735,0.7569201,-0.6534623,0.0,0.0,0.0,0.0
47.5777969,DATA,1,1,1,10,0,7.20838547,7.20838547,-8.286086,1.652343,-1.80325377,13.8259439,171.327988,1.33436942,-8.0,-0.01000005,-2.75322652,163.182724,0.7653432,-0.6436049,0.0,0.0,0.0,0.0
47.63279,DATA,1,1,1,10,0,7.263378,7.263378,-8.221372,1.65224767,-1.78611934,13.83132,175.057816,1.31314743,-8.0,-0.01000005,-2.75322652,167.038727,0.7693411,-0.638783,0.0,0.0,0.0,0.0
47.68852,DATA,1,1,1,10,0,7.319107,7.319107,-8.155603,1.65219736,-1.77325416,13.9036436,178.837387,1.323272,-8.0,-0.01000005,-2.75322652,170.89534,0.7703482,-0.637531638,0.0,0.0,0.0,0.0
47.7445,DATA,1,1,1,10,0,7.37508774,7.37508774,-8.09042,1.65209365,-1.76518536,13.92732,-177.417984,1.30641949,-8.0,-0.01000005,-2.75322652,174.680557,0.7714163,-0.636310935,0.0,0.0,0.0,0.0
47.79983,DATA,1,1,1,10,0,7.43042,7.43042,-8.021781,1.65214944,-1.76126933,13.9427519,-173.61087,1.28935909,-8.0,-0.01000005,-2.75322652,178.639862,0.8018433,-0.5975219,0.0,0.0,0.0,0.0
47.8551865,DATA,1,1,1,10,0,7.485775,7.485775,-7.950612,1.65222383,-1.76255286,13.8167906,-169.7057,1.21670294,-8.0,-0.01000005,-2.75322652,-177.249741,0.793054,-0.458387971,0.0,0.0,0.0,0.0
47.9107056,DATA,1,1,1,10,0,7.541294,7.541294,-7.9064,1.65241218,-1.76575124,13.7198191,-167.9693,1.197819,-8.0,-0.01000005,-2.75322652,-174.700943,0.0,0.0,0.0,0.0,0.0,0.0
47.96632,DATA,1,1,1,10,0,7.59690857,7.59690857,-7.910145,1.652554,-1.80564928,13.6183605,-168.06633,1.20934761,-8.003681,-0.01000005,-2.79291272,-174.700943,0.0,0.0,1.0,0.0,0.0,0.0
48.0225449,DATA,1,1,1,10,0,7.65313339,7.65313339,-7.925606,1.65272844,-1.9734956,13.50663,-168.184753,1.17442858,-8.01926,-0.01000011,-2.96088338,-174.700943,0.0,0.0,1.0,0.0,0.0,0.0
48.0779648,DATA,1,1,1,10,0,7.70855331,7.70855331,-7.94105959,1.65278792,-2.140251,13.4107876,-168.376587,1.08284652,-8.03473,-0.01000011,-3.12767029,-174.700943,0.0,0.0,1.0,0.0,0.0,0.0
48.1330032,DATA,1,1,1,10,0,7.763592,7.763592,-7.956489,1.65267348,-2.30628967,13.3660469,-168.584564,0.9846464,-8.050154,-0.01000005,-3.29396772,-174.700943,0.0,0.0,1.0,0.0,0.0,0.0
48.188942,DATA,1,1,1,10,0,7.81953049,7.81953049,-7.971798,1.65268517,-2.47072458,13.2978239,-168.766388,0.8950249,-8.065425,-0.01000005,-3.45861,-174.700943,0.0,0.0,1.0,0.0,0.0,0.0
48.2449,DATA,1,1,1,10,0,7.87548828,7.87548828,-7.987247,1.65273142,-2.63668942,13.2430773,-168.842514,0.8164665,-8.080841,-0.0100001693,-3.62482524,-174.700943,0.0,0.0,1.0,0.0,0.0,0.0
48.3001328,DATA,1,1,1,10,0,7.93072128,7.93072128,-8.002607,1.65289259,-2.802945,13.1657963,-168.931824,0.736013055,-8.096278,-0.01000005,-3.79126215,-174.700943,0.0,0.0,1.0,0.0,0.0,0.0
48.35584,DATA,1,1,1,10,0,7.98642731,7.98642731,-8.017898,1.65305734,-2.96961856,13.0725851,-169.055267,0.7232297,-8.111746,-0.01000005,-3.95802855,-174.700943,0.0,0.0,1.0,0.0,0.0,0.0
48.4108543,DATA,1,1,1,10,0,8.041443,8.041443,-8.033047,1.653153,-3.13607669,12.952199,-169.222366,0.6772186,-8.1272,-0.01000005,-4.12464952,-174.700943,0.0,0.0,1.0,0.0,0.0,0.0
48.4671326,DATA,1,1,1,10,0,8.097721,8.097721,-8.048179,1.65318274,-3.30127668,12.8938255,-169.383484,0.681629539,-8.142529,-0.01000005,-4.289911,-174.700943,0.0,0.0,1.0,0.0,0.0,0.0
48.52287,DATA,1,1,1,10,0,8.153458,8.153458,-8.097488,1.6534369,-3.46322584,12.8007145,-172.431656,0.5609827,-8.15725,-0.01000005,-4.454896,-176.726181,-0.9888607,-0.1487472,1.0,0.0,0.0,0.0
48.5788956,DATA,1,1,1,10,0,8.209484,8.209484,-8.187808,1.65357471,-3.629325,12.7122974,-177.525681,0.572451,-8.161372,-0.01000005,-4.62263727,178.289658,-0.993438542,-0.114352822,1.0,0.0,0.0,0.0
48.6335831,DATA,1,1,1,10,0,8.264172,8.264172,-8.26347351,1.65365767,-3.801683,12.6332159,177.4184,0.574049,-8.150942,-0.01000005,-4.78936672,173.296478,-0.9987487,-0.04965365,1.0,0.0,0.0,0.0
48.6888657,DATA,1,1,1,10,0,8.319454,8.319454,-8.323837,1.6540091,-3.97900176,12.4504519,172.35051,0.616060436,-8.126204,-0.01000005,-4.95354,168.32,-0.9989318,-0.04614401,1.0,0.0,0.0,0.0
48.7445831,DATA,1,1,1,10,0,8.375172,8.375172,-8.38835,1.65445614,-4.08329725,12.2446709,167.347244,0.6626282,-8.10779,-0.01000005,-5.03783,163.395966,-0.9989318,-0.04614401,0.0,0.0,0.0,0.0
48.80024,DATA,1,1,1,10,0,8.430828,8.430828,-8.461283,1.654856,-4.107445,12.0410767,163.896454,0.737207651,-8.10779,-0.01000005,-5.03783,158.977936,0.0,0.0,0.0,0.0,0.0,0.0
48.856,DATA,1,1,1,10,0,8.486588,8.486588,-8.461547,1.65526938,-4.107052,11.8318386,164.046814,0.7593785,-8.10779,-0.01000005,-5.03783,158.977936,0.0,0.0,0.0,0.0,0.0,0.0
48.91102,DATA,1,1,1,10,0,8.541607,8.541607,-8.461822,1.65556192,-4.10668,11.7157564,164.209213,0.8485344,-8.10779,-0.01000005,-5.03783,158.977936,0.0,0.0,0.0,0.0,0.0,0.0
48.96671,DATA,1,1,1,10,0,8.597298,8.597298,-8.462054,1.65571117,-4.10634,11.6071482,164.264023,0.9096491,-8.10779,-0.01000005,-5.03783,158.977936,0.0,0.0,0.0,0.0,0.0,0.0
49.0222,DATA,1,1,1,10,0,8.65279,8.65279,-8.462295,1.6556952,-4.10616446,11.6738653,164.258591,0.8723112,-8.10779,-0.01000005,-5.03783,158.977936,0.0,0.0,0.0,0.0,0.0,0.0
49.0781441,DATA,1,1,1,10,0,8.708733,8.708733,-8.462526,1.65562677,-4.10610151,11.6991472,164.229233,0.828995049,-8.10779,-0.01000005,-5.03783,158.977936,0.0,0.0,0.0,0.0,0.0,0.0
49.1330338,DATA,1,1,1,10,0,8.763622,8.763622,-8.417548,1.65557861,-4.22304344,11.7074757,164.178833,0.811901748,-8.0627985,-0.01000005,-5.154902,158.977936,0.0,0.0,1.0,0.0,0.0,0.0
49.1892281,DATA,1,1,1,10,0,8.819817,8.819817,-8.358293,1.65553212,-4.377156,11.7293119,164.147766,0.824725866,-8.003581,-0.01000005,-5.308991,158.977936,0.0,0.0,1.0,0.0,0.0,0.0
49.24483,DATA,1,1,1,10,0,8.87542,8.87542,-8.298875,1.65542412,-4.53144836,11.7375937,164.142776,0.802374959,-7.9442625,-0.01000005,-5.46334267,158.977936,0.0,0.0,1.0,0.0,0.0,0.0
49.3005753,DATA,1,1,1,10,0,8.931164,8.931164,-8.267529,1.65528941,-4.61302948,11.7400637,164.116379,0.7224492,-7.91301727,-0.01000005,-5.544646,158.977936,0.0,0.0,0.0,0.0,0.0,0.0
49.355835,DATA,1,1,1,10,0,8.98642349,8.98642349,-8.267261,1.6552341,-4.613274,11.8264942,164.097137,0.7042926,-7.91301727,-0.01000005,-5.544646,158.977936,0.0,0.0,0.0,0.0,0.0,0.0
49.41094,DATA,1,1,1,10,0,9.041527,9.041527,-8.267003,1.65493631,-4.61362171,11.94425,164.032852,0.6671262,-7.91301727,-0.01000005,-5.544646,158.977936,0.0,0.0,0.0,0.0,0.0,0.0
49.4667854,DATA,1,1,1,10,0,9.097374,9.097374,-8.26678,1.65473676,-4.6139226,11.9809227,164.000748,0.613183,-7.91301727,-0.01000005,-5.544646,158.977936,0.0,0.0,0.0,0.0,0.0,0.0
49.5222473,DATA,1,1,1,10,0,9.152836,9.152836,-8.266499,1.65460491,-4.61421537,12.1068449,163.93129,0.690357268,-7.91301727,-0.01000005,-5.544646,158.977936,0.0,0.0,0.0,0.0,0.0,0.0
49.57843,DATA,1,1,1,10,0,9.209019,9.209019,-8.266347,1.65433049,-4.61446571,12.18113,163.884537,0.6354662,-7.91301727,-0.01000005,-5.544646,158.977936,0.0,0.0,0.0,0.0,0.0,0.0
49.6330681,DATA,1,1,1,10,0,9.263657,9.263657,-8.235987,1.65417027,-4.693269,12.2095327,163.846344,0.6019123,-7.882809,-0.00999999,-5.62325,158.977936,0.0,0.0,1.0,0.0,0.0,0.0
49.6889076,DATA,1,1,1,10,0,9.319496,9.319496,-8.176343,1.65420961,-4.8479743,12.1740608,163.756485,0.622344255,-7.823391,-0.01000005,-5.777861,158.977936,0.0,0.0,1.0,0.0,0.0,0.0
49.7446022,DATA,1,1,1,10,0,9.375191,9.375191,-8.116923,1.65444541,-5.00223064,12.03853,163.729385,0.6743065,-7.7641,-0.00999999,-5.93214226,158.977936,0.0,0.0,1.0,0.0,0.0,0.0
49.8003159,DATA,1,1,1,10,0,9.430904,9.430904,-8.056133,1.65484953,-5.160176,11.7181787,163.711884,0.6688257,-7.703339,-0.01000005,-6.09024858,158.977936,0.0,0.0,1.0,0.0,0.0,0.0
49.8557,DATA,1,1,1,10,0,9.48629,9.48629,-7.996335,1.65574956,-5.3152833,10.9374437,163.597412,0.676315069,-7.643621,-0.01000005,-6.24564075,158.977936,0.0,0.0,1.0,0.0,0.0,0.0
49.911602,DATA,1,1,1,10,0,9.542191,9.542191,-7.936429,1.65744472,-5.470128,9.84165,163.457764,0.7314579,-7.58398151,-0.01000005,-6.40082741,158.977936,0.0,0.0,1.0,0.0,0.0,0.0
49.9671,DATA,1,1,1,10,0,9.597687,9.597687,-7.87709475,1.65860677,-5.62407875,8.996533,163.432266,0.713593662,-7.524549,-0.01000005,-6.55547667,158.977936,0.0,0.0,1.0,0.0,0.0,0.0
50.0225372,DATA,1,1,1,10,0,9.653126,9.653126,-7.817977,1.66021025,-5.77753258,8.07997,163.308945,0.6767207,-7.465235,-0.00999999,-6.709817,158.977936,0.0,0.0,1.0,0.0,0.0,0.0
50.078186,DATA,1,1,1,10,0,9.708775,9.708775,-7.77255,1.66211438,-5.89540529,6.90538836,163.171539,0.531653047,-7.41949,-0.01000005,-6.82885027,158.977936,0.0,0.0,0.0,0.0,0.0,0.0
50.13315,DATA,1,1,1,10,0,9.763737,9.763737,-7.77308369,1.6639626,-5.89391851,5.90848,163.0191,0.488266259,-7.41949,-0.01000005,-6.82885027,158.977936,0.0,0.0,0.0,0.0,0.0,0.0
50.18885,DATA,1,1,1,10,0,9.819439,9.819439,-7.773928,1.66530848,-5.89197731,5.435255,162.758347,0.427317917,-7.41949,-0.01000005,-6.82885027,158.977936,0.0,0.0,0.0,0.0,0.0,0.0
50.24475,DATA,1,1,1,10,0,9.87533951,9.87533951,-7.774659,1.66613007,-5.88994,5.406838,162.348816,0.358509183,-7.41949,-0.01000005,-6.82885027,158.977936,0.0,0.0,0.0,0.0,0.0,0.0
50.30036,DATA,1,1,1,10,0,9.93095,9.93095,-7.775518,1.66645932,-5.887778,6.197717,162.036255,0.222356454,-7.41949,-0.01000005,-6.82885027,158.977936,0.0,0.0,0.0,0.0,0.0,0.0
50.3561745,DATA,1,1,1,10,0,9.986763,9.986763,-7.77649975,1.666326,-5.88599443,7.310646,161.714645,-0.0905456543,-7.41949,-0.01000005,-6.82885027,158.977936,0.0,0.0,0.0,0.0,0.0,0.0
50.4111481,DATA,1,1,1,10,0,10.0417366,10.0417366,-7.77727461,1.66592813,-5.884944,8.0325,161.475861,-0.6129761,-7.41949,-0.01000005,-6.82885027,158.977936,0.0,0.0,0.0,0.0,0.0,0.0
50.4671173,DATA,1,1,1,10,0,10.0977058,10.0977058,-7.77797651,1.66623139,-5.884203,7.837917,161.303116,-0.7445984,-7.41949,-0.01000005,-6.82885027,158.977936,0.0,0.0,0.0,0.0,0.0,0.0
50.5224342,DATA,1,1,1,10,0,10.1530228,10.1530228,-7.77862072,1.66710544,-5.88380146,7.65511465,161.2155,-0.952026367,-7.41949,-0.01000005,-6.82885027,158.977936,0.0,0.0,0.0,0.0,0.0,0.0
50.57834,DATA,1,1,1,10,0,10.2089272,10.2089272,-7.779244,1.66750431,-5.883505,7.465653,161.142532,-0.9906006,-7.41949,-0.01000005,-6.82885027,158.977936,0.0,0.0,0.0,0.0,0.0,0.0
50.6330338,DATA,1,1,1,10,0,10.2636223,10.2636223,-7.779823,1.66777062,-5.883092,7.394013,161.286453,-0.928894043,-7.41949,-0.01000005,-6.82885027,158.977936,0.0,0.0,0.0,0.0,0.0,0.0
50.6889229,DATA,1,1,1,10,0,10.3195114,10.3195114,-7.7801404,1.66771293,-5.88282061,7.305521,161.539047,-0.668670654,-7.41949,-0.01000005,-6.82885027,158.977936,0.0,0.0,0.0,0.0,0.0,0.0
50.7448921,DATA,1,1,1,10,0,10.3754807,10.3754807,-7.78036928,1.66729856,-5.88247967,7.324747,161.8351,-0.518859863,-7.41949,-0.01000005,-6.82885027,158.977936,0.0,0.0,0.0,0.0,0.0,0.0
50.8006,DATA,1,1,1,10,0,10.4311867,10.4311867,-7.780592,1.66680908,-5.88232756,7.46628571,162.21106,-0.2637329,-7.41949,-0.01000005,-6.82885027,158.977936,0.0,0.0,0.0,0.0,0.0,0.0
50.85611,DATA,1,1,1,10,0,10.4866982,10.4866982,-7.780657,1.66667056,-5.882128,7.44046736,162.507462,-0.0880126953,-7.41949,-0.01000005,-6.82885027,158.977936,0.0,0.0,0.0,0.0,0.0,0.0
50.9115067,DATA,1,1,1,10,0,10.5420952,10.5420952,-7.7805624,1.66676927,-5.882001,7.474205,162.73465,-0.0145568848,-7.41949,-0.01000005,-6.82885027,158.977936,0.0,0.0,0.0,0.0,0.0,0.0
50.96668,DATA,1,1,1,10,0,10.5972672,10.5972672,-7.780508,1.666604,-5.881781,7.571418,162.90834,0.0689218044,-7.41949,-0.01000005,-6.82885027,158.977936,0.0,0.0,0.0,0.0,0.0,0.0
51.0224075,DATA,1,1,1,10,0,10.6529961,10.6529961,-7.78030825,1.66643357,-5.881673,7.79610968,162.889648,0.15249604,-7.41949,-0.01000005,-6.82885027,158.977936,0.0,0.0,0.0,0.0,0.0,0.0
51.0780067,DATA,1,1,1,10,0,10.7085953,10.7085953,-7.779845,1.66596389,-5.88164139,8.051454,162.7051,0.184238359,-7.41949,-0.01000005,-6.82885027,158.977936,0.0,0.0,0.0,0.0,0.0,0.0
51.13328,DATA,1,1,1,10,0,10.76387,10.76387,-7.779084,1.66542864,-5.88197565,8.168596,162.3802,0.287891,-7.41949,-0.01000005,-6.82885027,158.977936,0.0,0.0,0.0,0.0,0.0,0.0
51.18854,DATA,1,1,1,10,0,10.81913,10.81913,-7.778253,1.6647687,-5.882501,8.518741,162.075409,0.265613854,-7.41949,-0.01000005,-6.82885027,158.977936,0.0,0.0,0.0,0.0,0.0,0.0
51.2443924,DATA,1,1,1,10,0,10.8749809,10.8749809,-7.777299,1.663801,-5.883303,8.859506,161.848526,0.3817794,-7.41949,-0.01000005,-6.82885027,158.977936,0.0,0.0,0.0,0.0,0.0,0.0
51.3002663,DATA,1,1,1,10,0,10.9308548,10.9308548,-7.77622271,1.66200447,-5.88418055,9.977778,161.46167,0.536448061,-7.41949,-0.01000005,-6.82885027,158.977936,0.0,0.0,0.0,0.0,0.0,0.0
51.3560829,DATA,1,1,1,10,0,10.9866714,10.9866714,-7.77483654,1.6594913,-5.88564539,11.4974451,161.0307,0.600516558,-7.41949,-0.01000005,-6.82885027,158.977936,0.0,0.0,0.0,0.0,0.0,0.0
51.41084,DATA,1,1,1,10,0,11.0414276,11.0414276,-7.77313137,1.657913,-5.887859,12.3019361,160.643112,0.724914551,-7.41949,-0.01000005,-6.82885027,158.977936,0.0,0.0,0.0,0.0,0.0,0.0
51.4665337,DATA,1,1,1,10,0,11.0971222,11.0971222,-7.77165365,1.65773273,-5.8901763,12.3801556,160.514771,0.744468868,-7.41949,-0.01000005,-6.82885027,158.977936,0.0,0.0,0.0,0.0,0.0,0.0
51.52244,DATA,1,1,1,10,0,11.15303,11.15303,-7.77064037,1.65782833,-5.892614,12.335618,160.611984,0.6036723,-7.41949,-0.01000005,-6.82885027,158.977936,0.0,0.0,0.0,0.0,0.0,0.0
51.5779648,DATA,1,1,1,10,0,11.2085533,11.2085533,-7.770237,1.65753341,-5.89445066,12.5053072,160.7716,0.421605855,-7.41949,-0.01000005,-6.82885027,158.977936,0.0,0.0,0.0,0.0,0.0,0.0
51.632946,DATA,1,1,1,10,0,11.2635345,11.2635345,-7.770248,1.65682077,-5.896009,12.6000071,161.036026,0.19452408,-7.41949,-0.01000005,-6.82885027,158.977936,0.0,0.0,0.0,0.0,0.0,0.0
51.6883278,DATA,1,1,1,10,0,11.3189163,11.3189163,-7.77032137,1.6563971,-5.897321,12.3109541,161.3582,0.06263867,-7.41949,-0.01000005,-6.82885027,158.977936,0.0,0.0,0.0,0.0,0.0,0.0
51.7444458,DATA,1,1,1,10,0,11.3750343,11.3750343,-7.77058172,1.65644312,-5.898172,11.6977673,161.530136,-0.04849243,-7.41949,-0.01000005,-6.82885027,158.977936,0.0,0.0,0.0,0.0,0.0,0.0
51.80021,DATA,1,1,1,10,0,11.4307976,11.4307976,-7.770969,1.65723538,-5.89819527,11.1551828,161.570328,-0.0199279785,-7.41949,-0.01000005,-6.82885027,158.977936,0.0,0.0,0.0,0.0,0.0,0.0
51.855957,DATA,1,1,1,10,0,11.4865456,11.4865456,-7.77162075,1.65888619,-5.897285,10.3658848,161.625809,0.160730749,-7.41949,-0.01000005,-6.82885027,158.977936,0.0,0.0,0.0,0.0,0.0,0.0
51.91099,DATA,1,1,1,10,0,11.54158,11.54158,-7.77205229,1.66266155,-5.89622641,8.209275,161.5907,0.551735938,-7.41949,-0.01000005,-6.82885027,158.977936,0.0,0.0,0.0,0.0,0.0,0.0
51.9665833,DATA,1,1,1,10,0,11.5971718,11.5971718,-7.77271175,1.66736531,-5.89407158,5.4097414,161.650192,0.9862043,-7.41949,-0.01000005,-6.82885027,158.977936,0.0,0.0,0.0,0.0,0.0,0.0
52.022747,DATA,1,1,1,10,0,11.6533356,11.6533356,-7.773934,1.670804,-5.890861,3.42968488,161.751862,1.13371766,-7.41949,-0.01000005,-6.82885027,158.977936,0.0,0.0,0.0,0.0,0.0,0.0
52.0782433,DATA,1,1,1,10,0,11.7088318,11.7088318,-7.775236,1.67261624,-5.8878417,2.09811354,161.881714,1.12186,-7.41949,-0.01000005,-6.82885027,158.977936,0.0,0.0,0.0,0.0,0.0,0.0
52.13388,DATA,1,1,1,10,0,11.7644691,11.7644691,-7.77653742,1.67344475,-5.88493967,1.69218242,162.044708,1.21444678,-7.41949,-0.01000005,-6.82885027,158.977936,0.0,0.0,0.0,0.0,0.0,0.0
52.18932,DATA,1,1,1,10,0,11.8199081,11.8199081,-7.77758265,1.67357135,-5.88276434,1.35027921,162.124466,1.22154677,-7.41949,-0.01000005,-6.82885027,158.977936,0.0,0.0,0.0,0.0,0.0,0.0
52.2450447,DATA,1,1,1,10,0,11.8756332,11.8756332,-7.778857,1.67375588,-5.88113976,1.23413777,162.578873,1.10086262,-7.41949,-0.01000005,-6.82885027,158.977936,0.0,0.0,0.0,0.0,0.0,0.0
52.3000374,DATA,1,1,1,10,0,11.9306259,11.9306259,-7.780178,1.6740365,-5.87974834,1.11245608,162.9109,0.9729184,-7.41949,-0.01000005,-6.82885027,158.977936,0.0,0.0,0.0,0.0,0.0,0.0
52.3557625,DATA,1,1,1,10,0,11.986351,11.986351,-7.78124666,1.67453289,-5.878878,0.943876863,163.207275,0.8804822,-7.41949,-0.01000005,-6.82885027,158.977936,0.0,0.0,0.0,0.0,0.0,0.0
52.4101067,DATA,1,1,1,10,0,12.0406952,12.0406952,-7.78234,1.675185,-5.877968,0.677684,163.382156,0.700131059,-7.41949,-0.01000005,-6.82885027,158.977936,0.0,0.0,0.0,0.0,0.0,0.0
52.46661,DATA,1,1,1,10,0,12.0971985,12.0971985,-7.783029,1.67602849,-5.877344,0.446328163,163.518784,0.589725852,-7.41949,-0.01000005,-6.82885027,158.977936,0.0,0.0,0.0,0.0,0.0,0.0
52.5221252,DATA,1,1,1,10,0,12.1527138,12.1527138,-7.78374767,1.67677641,-5.87648726,0.152885363,163.598709,0.593559563,-7.41949,-0.01000005,-6.82885027,158.977936,0.0,0.0,0.0,0.0,0.0,0.0
52.57794,DATA,1,1,1,10,0,12.20853,12.20853,-7.78402424,1.677562,-5.875647,-0.03012085,163.568542,0.7435338,-7.41949,-0.01000005,-6.82885027,158.977936,0.0,0.0,0.0,0.0,0.0,0.0
52.63342,DATA,1,1,1,10,0,12.2640076,12.2640076,-7.78436756,1.67763209,-5.874829,-0.08779907,163.565216,0.7155191,-7.41949,-0.01000005,-6.82885027,158.977936,0.0,0.0,0.0,0.0,0.0,0.0
52.6877937,DATA,1,1,1,10,0,12.3183823,12.3183823,-7.78447,1.67725468,-5.874259,0.203129217,163.559265,0.7439928,-7.41949,-0.01000005,-6.82885027,158.977936,0.0,0.0,0.0,0.0,0.0,0.0
52.74465,DATA,1,1,1,10,0,12.37524,12.37524,-7.78459,1.67652845,-5.87387753,0.754229069,163.630188,0.60710156,-7.41949,-0.01000005,-6.82885027,158.977936,0.0,0.0,0.0,0.0,0.0,0.0
52.7999344,DATA,1,1,1,10,0,12.4305229,12.4305229,-7.784751,1.67530107,-5.873861,1.47339582,163.792587,0.397949785,-7.41949,-0.01000005,-6.82885027,158.977936,0.0,0.0,0.0,0.0,0.0,0.0
52.8553543,DATA,1,1,1,10,0,12.4859428,12.4859428,-7.78489065,1.67363882,-5.874277,2.50409436,164.051971,0.06511182,-7.41949,-0.01000005,-6.82885027,158.977936,0.0,0.0,0.0,0.0,0.0,0.0
52.91004,DATA,1,1,1,10,0,12.54063,12.54063,-7.78505659,1.67136335,-5.874679,3.817366,164.221283,-0.2399292,-7.41949,-0.01000005,-6.82885027,158.977936,0.0,0.0,0.0,0.0,0.0,0.0
52.9665947,DATA,1,1,1,10,0,12.5971832,12.5971832,-7.78495073,1.66950464,-5.87587738,5.387548,164.347488,-0.476348877,-7.41949,-0.01000005,-6.82885027,158.977936,0.0,0.0,0.0,0.0,0.0,0.0
53.021698,DATA,1,1,1,10,0,12.6522865,12.6522865,-7.785017,1.66794991,-5.87664652,6.892452,164.5589,-0.3925476,-7.41949,-0.01000005,-6.82885027,158.977936,0.0,0.0,0.0,0.0,0.0,0.0
53.07721,DATA,1,1,1,10,0,12.707798,12.707798,-7.78448725,1.667525,-5.878193,7.46920824,164.4868,-0.249145508,-7.41949,-0.01000005,-6.82885027,158.977936,0.0,0.0,0.0,0.0,0.0,0.0
53.13248,DATA,1,1,1,10,0,12.7630692,12.7630692,-7.78418446,1.66728592,-5.878991,7.942237,164.50325,-0.197662354,-7.41949,-0.01000005,-6.82885027,158.977936,0.0,0.0,0.0,0.0,0.0,0.0
53.18795,DATA,1,1,1,10,0,12.8185387,12.8185387,-7.783648,1.66706133,-5.88024139,8.231058,164.234024,-0.123382568,-7.41949,-0.01000005,-6.82885027,158.977936,0.0,0.0,0.0,0.0,0.0,0.0
53.243988,DATA,1,1,1,10,0,12.8745766,12.8745766,-7.78306055,1.66704631,-5.88058,8.445325,163.949356,0.07904358,-7.41949,-0.01000005,-6.82885027,158.977936,0.0,0.0,0.0,0.0,0.0,0.0
53.2993279,DATA,1,1,1,10,0,12.9299164,12.9299164,-7.78251839,1.6668148,-5.88082361,8.40817,163.755341,0.107462,-7.41949,-0.01000005,-6.82885027,158.977936,0.0,0.0,0.0,0.0,0.0,0.0
53.35473,DATA,1,1,1,10,0,12.9853172,12.9853172,-7.78205967,1.66663313,-5.88070154,8.36685848,163.697952,0.196320936,-7.41949,-0.01000005,-6.82885027,158.977936,0.0,0.0,0.0,0.0,0.0,0.0
53.4101372,DATA,1,1,1,10,0,13.0407257,13.0407257,-7.781785,1.66619229,-5.88060045,8.395373,163.624619,0.232088223,-7.41949,-0.01000005,-6.82885027,158.977936,0.0,0.0,0.0,0.0,0.0,0.0
53.4657555,DATA,1,1,1,10,0,13.096344,13.096344,-7.781555,1.66594,-5.880567,8.448348,163.6609,0.2732356,-7.41949,-0.01000005,-6.82885027,158.977936,0.0,0.0,0.0,0.0,0.0,0.0
53.521637,DATA,1,1,1,10,0,13.1522255,13.1522255,-7.781413,1.66577554,-5.88056755,8.3362875,163.661835,0.284894347,-7.41949,-0.01000005,-6.82885027,158.977936,0.0,0.0,0.0,0.0,0.0,0.0
53.57734,DATA,1,1,1,10,0,13.2079277,13.2079277,-7.781345,1.66580677,-5.88064241,8.212844,163.678055,0.382658362,-7.41949,-0.01000005,-6.82885027,158.977936,0.0,0.0,0.0,0.0,0.0,0.0
53.6323967,DATA,1,1,1,10,0,13.2629852,13.2629852,-7.781258,1.66583753,-5.88083553,8.060272,163.641464,0.3451201,-7.41949,-0.01000005,-6.82885027,158.977936,0.0,0.0,0.0,0.0,0.0,0.0
53.6879,DATA,1,1,1,10,0,13.3184891,13.3184891,-7.78117657,1.6658814,-5.881054,7.961685,163.586838,0.38973695,-7.41949,-0.01000005,-6.82885027,158.977936,0.0,0.0,0.0,0.0,0.0,0.0
53.744297,DATA,1,1,1,10,0,13.3748856,13.3748856,-7.781073,1.66569686,-5.881472,7.92044449,163.47438,0.30303812,-7.41949,-0.01000005,-6.82885027,158.977936,0.0,0.0,0.0,0.0,0.0,0.0
53.7991524,DATA,1,1,1,10,0,13.4297409,13.4297409,-7.78091335,1.6655364,-5.88168335,7.945759,163.421036,0.32029134,-7.41949,-0.01000005,-6.82885027,158.977936,0.0,0.0,0.0,0.0,0.0,0.0
53.8546829,DATA,1,1,1,10,0,13.4852715,13.4852715,-7.78077936,1.66521573,-5.88201332,7.91981125,163.347458,0.246197209,-7.41949,-0.01000005,-6.82885027,158.977936,0.0,0.0,0.0,0.0,0.0,0.0
53.90993,DATA,1,1,1,10,0,13.54052,13.54052,-7.780711,1.66499043,-5.88213873,7.98645067,163.321548,0.287850916,-7.41949,-0.01000005,-6.82885027,158.977936,0.0,0.0,0.0,0.0,0.0,0.0
53.96589,DATA,1,1,1,10,0,13.5964775,13.5964775,-7.78058624,1.66475344,-5.88252974,8.042234,163.246857,0.208566487,-7.41949,-0.01000005,-6.82885027,158.977936,0.0,0.0,0.0,0.0,0.0,0.0
54.0213432,DATA,1,1,1,10,0,13.6519318,13.6519318,-7.78038,1.66442633,-5.882721,8.171542,163.0904,0.157967985,-7.41949,-0.01000005,-6.82885027,158.977936,0.0,0.0,0.0,0.0,0.0,0.0
54.0766373,DATA,1,1,1,10,0,13.7072258,13.7072258,-7.78018427,1.66409183,-5.883264,8.233485,162.966919,0.0934378058,-7.41949,-0.01000005,-6.82885027,158.977936,0.0,0.0,0.0,0.0,0.0,0.0
54.1319427,DATA,1,1,1,10,0,13.7625313,13.7625313,-7.78004074,1.66399121,-5.88359451,8.273128,162.8727,0.028083114,-7.41949,-0.01000005,-6.82885027,158.977936,0.0,0.0,0.0,0.0,0.0,0.0
54.18788,DATA,1,1,1,10,0,13.81847,13.81847,-7.779916,1.66378975,-5.884004,8.326129,162.816,0.003118838,-7.41949,-0.01000005,-6.82885027,158.977936,0.0,0.0,0.0,0.0,0.0,0.0
54.2436943,DATA,1,1,1,10,0,13.8742828,13.8742828,-7.77983952,1.66369748,-5.884359,8.337309,162.184,0.0139047662,-7.41949,-0.01000005,-6.82885027,158.977936,-0.5519272,0.127689421,0.0,0.0,0.0,0.0
54.29908,DATA,1,1,1,10,0,13.9296684,13.9296684,-7.849928,1.663595,-5.914444,8.342481,157.465164,-0.0385131836,-7.41949,-0.01000005,-6.82885027,154.659592,-0.966277063,0.257454157,0.0,0.0,0.0,0.0
54.3547134,DATA,1,1,1,10,0,13.985302,13.985302,-7.925309,1.6633215,-5.9541173,8.359941,152.569214,-0.123565674,-7.41949,-0.01000005,-6.82885027,149.8304,-0.9672231,0.253914,0.0,0.0,0.0,0.0
54.4094963,DATA,1,1,1,10,0,14.0400848,14.0400848,-7.99713469,1.66313982,-5.99978828,8.43390751,147.693512,-0.142578125,-7.41949,-0.01000005,-6.82885027,144.998657,-0.967650354,0.252235472,0.0,0.0,0.0,0.0
54.4656868,DATA,1,1,1,10,0,14.0962753,14.0962753,-8.064207,1.66306925,-6.05085754,8.453781,142.795517,-0.149505615,-7.41949,-0.01000005,-6.82885027,140.218353,-0.9697867,0.243873417,0.0,0.0,0.0,0.0
54.5211868,DATA,1,1,1,10,0,14.1517754,14.1517754,-8.128447,1.66294646,-6.108859,8.424087,137.909485,-0.158935547,-7.41949,-0.01000005,-6.82885027,135.313919,-0.9723197,0.233619213,0.0,0.0,0.0,0.0
54.5767479,DATA,1,1,1,10,0,14.2073364,14.2073364,-8.187039,1.66288018,-6.17170763,8.467513,132.980072,-0.1882019,-7.41949,-0.01000005,-6.82885027,130.440872,-0.972808,0.231605,0.0,0.0,0.0,0.0
54.6316147,DATA,1,1,1,10,0,14.2622032,14.2622032,-8.239498,1.66295147,-6.23850155,8.383704,128.068329,-0.220703125,-7.41949,-0.01000005,-6.82885027,125.6196,-0.9730216,0.230567336,0.0,0.0,0.0,0.0
54.68738,DATA,1,1,1,10,0,14.31797,14.31797,-8.286186,1.6630199,-6.309701,8.363683,123.174049,-0.223693848,-7.41949,-0.01000005,-6.82885027,120.791458,-0.9730216,0.230567336,0.0,0.0,0.0,0.0
54.74295,DATA,1,1,1,10,0,14.373539,14.373539,-8.327016,1.66286421,-6.38501549,8.478852,118.265015,-0.2133789,-7.41949,-0.01000005,-6.82885027,115.932411,-0.9730216,0.230567336,0.0,0.0,0.0,0.0
54.7979736,DATA,1,1,1,10,0,14.4285622,14.4285622,-8.359793,1.66266227,-6.459747,8.608202,114.021973,-0.242218018,-7.41949,-0.01000005,-6.82885027,111.299904,-0.5140843,0.255500972,0.0,0.0,0.0,0.0
54.85287,DATA,1,1,1,10,0,14.4834595,14.4834595,-8.363487,1.662524,-6.469644,8.62221,113.75563,-0.255584717,-7.41949,-0.01000005,-6.82885027,110.690254,0.0,0.0,0.0,0.0,0.0,0.0
54.90905,DATA,1,1,1,10,0,14.5396385,14.5396385,-8.36333,1.6624794,-6.46961927,8.626112,113.679359,-0.2635193,-7.41949,-0.01000005,-6.82885027,110.690254,0.0,0.0,0.0,0.0,0.0,0.0
54.9648361,DATA,1,1,1,10,0,14.5954247,14.5954247,-8.325575,1.66248846,-6.48384142,8.642784,113.609306,-0.286224365,-7.38184261,-0.01000005,-6.8430686,110.690254,0.0,0.0,1.0,0.0,0.0,0.0
55.0208054,DATA,1,1,1,10,0,14.6513939,14.6513939,-8.168951,1.66248751,-6.54292059,8.634702,113.569084,-0.231201172,-7.22541666,-0.00999999,-6.902147,110.690254,0.0,0.0,1.0,0.0,0.0,0.0
55.0764122,DATA,1,1,1,10,0,14.7070007,14.7070007,-8.012124,1.66258979,-6.602073,8.617832,113.538445,-0.2401123,-7.06878233,-0.01000005,-6.961303,110.690254,0.0,0.0,1.0,0.0,0.0,0.0
55.13169,DATA,1,1,1,10,0,14.7622795,14.7622795,-7.85597372,1.662596,-6.660927,8.672863,113.554871,-0.247650146,-6.912796,-0.01000005,-7.02021551,110.690254,0.0,0.0,1.0,0.0,0.0,0.0
55.18762,DATA,1,1,1,10,0,14.8182068,14.8182068,-7.69649363,1.662452,-6.72100449,8.733725,113.494873,-0.2513733,-6.75345945,-0.00999999,-7.080393,110.690254,0.0,0.0,1.0,0.0,0.0,0.0
55.243084,DATA,1,1,1,10,0,14.8736725,14.8736725,-7.543566,1.66236091,-6.778518,8.808054,113.474068,-0.269226074,-6.600702,-0.01000005,-7.13808537,110.690254,0.0,0.0,1.0,0.0,0.0,0.0
55.2988358,DATA,1,1,1,10,0,14.9294243,14.9294243,-7.38600731,1.66229749,-6.837768,8.88025951,113.426834,-0.240448,-6.443282,-0.00999999,-7.19753838,110.690254,0.0,0.0,1.0,0.0,0.0,0.0
55.3551178,DATA,1,1,1,10,0,14.9857063,14.9857063,-7.22852468,1.662173,-6.896977,8.914206,113.396317,-0.200408936,-6.285911,-0.0100001693,-7.25697374,110.690254,0.0,0.0,1.0,0.0,0.0,0.0
55.4096031,DATA,1,1,1,10,0,15.0401917,15.0401917,-7.123157,1.6621592,-6.974825,9.008261,110.576958,-0.145355225,-6.16831064,-0.01000005,-7.30138826,108.659042,-0.9636219,-0.267159,0.0,0.0,0.0,0.0
55.4652824,DATA,1,1,1,10,0,15.095871,15.095871,-7.146601,1.662142,-7.05381536,8.984734,105.773994,-0.109832764,-6.16831064,-0.01000005,-7.30138826,103.968735,-0.9668569,-0.255256772,0.0,0.0,0.0,0.0
55.52126,DATA,1,1,1,10,0,15.1518478,15.1518478,-7.164111,1.66222191,-7.137203,9.020454,100.904007,-0.0619812,-6.16831064,-0.01000005,-7.30138826,99.11492,-0.9684744,-0.249000549,0.0,0.0,0.0,0.0
55.5770226,DATA,1,1,1,10,0,15.2076111,15.2076111,-7.17451763,1.66223073,-7.221721,9.036643,96.03395,-0.08074951,-6.16831064,-0.01000005,-7.30138826,94.27171,-0.9692068,-0.24610126,0.0,0.0,0.0,0.0
55.6315651,DATA,1,1,1,10,0,15.2621536,15.2621536,-7.17776346,1.66217971,-7.307054,9.095456,91.272995,-0.0172119141,-6.16831064,-0.01000005,-7.30138826,89.41407,-0.9699698,-0.243171453,0.0,0.0,0.0,0.0
55.6868973,DATA,1,1,1,10,0,15.3174858,15.3174858,-7.173686,1.66204166,-7.39259672,9.104011,86.39695,0.0131411925,-6.16831064,-0.01000005,-7.30138826,84.5417,-0.970244467,-0.242072821,0.0,0.0,0.0,0.0
55.74315,DATA,1,1,1,10,0,15.3737373,15.3737373,-7.162431,1.66207147,-7.47666,9.12323952,81.46222,0.0075083,-6.16831064,-0.01000005,-7.30138826,79.7161255,-0.971404135,-0.237342477,0.0,0.0,0.0,0.0
55.7979431,DATA,1,1,1,10,0,15.4285316,15.4285316,-7.14398241,1.66197062,-7.56020451,9.191176,76.64828,0.09575153,-6.16831064,-0.01000005,-7.30138826,74.8502045,-0.979186356,-0.2029481,0.0,0.0,0.0,0.0
55.8538,DATA,1,1,1,10,0,15.48439,15.48439,-7.12206745,1.6618979,-7.63140726,9.264642,73.1812744,0.129956052,-6.16831064,-0.01000005,-7.30138826,70.61114,0.0,0.0,1.0,0.0,0.0,0.0
55.90933,DATA,1,1,1,10,0,15.539917,15.539917,-6.96593952,1.66162682,-7.57648563,9.388013,73.22725,0.123699129,-6.012368,-0.00999999,-7.24650669,70.61114,0.0,0.0,1.0,0.0,0.0,0.0
55.9649963,DATA,1,1,1,10,0,15.5955849,15.5955849,-6.809314,1.66154611,-7.52150869,9.465192,73.2720947,0.07059619,-5.856101,-0.01000011,-7.19151,70.61114,0.0,0.0,1.0,0.0,0.0,0.0
56.0206223,DATA,1,1,1,10,0,15.6512108,15.6512108,-6.64984846,1.661403,-7.46552467,9.541759,73.3216,0.06922982,-5.69699335,-0.01000011,-7.13551426,70.61114,0.0,0.0,1.0,0.0,0.0,0.0
56.0766029,DATA,1,1,1,10,0,15.7071915,15.7071915,-6.49161053,1.66127121,-7.41002274,9.578291,73.30501,0.05202166,-5.5392437,-0.01000011,-7.07999659,70.61114,0.0,0.0,1.0,0.0,0.0,0.0
56.13087,DATA,1,1,1,10,0,15.7614594,15.7614594,-6.335995,1.66126406,-7.355284,9.595811,73.2866,0.06517937,-5.38396168,-0.01000011,-7.02534676,70.61114,0.0,0.0,1.0,0.0,0.0,0.0
56.1873131,DATA,1,1,1,10,0,15.8179016,15.8179016,-6.17851973,1.66115618,-7.29980659,9.630987,73.2344742,0.0482441261,-5.22692,-0.01000005,-6.970078,70.61114,0.0,0.0,1.0,0.0,0.0,0.0
56.2425461,DATA,1,1,1,10,0,15.8731346,15.8731346,-6.0209384,1.66102958,-7.24431229,9.742746,73.24177,-0.00147611951,-5.06950855,-0.01000005,-6.914679,70.61114,0.0,0.0,1.0,0.0,0.0,0.0
56.2984619,DATA,1,1,1,10,0,15.92905,15.92905,-5.863239,1.66082168,-7.18882227,9.759275,72.61778,0.0177390017,-4.91194344,-0.01000005,-6.859226,70.61114,-0.6841029,-0.1320231,1.0,0.0,0.0,0.0
56.3539619,DATA,1,1,1,10,0,15.98455,15.98455,-5.716453,1.66070271,-7.220471,9.725622,67.73149,0.02356213,-4.79472,-0.01000005,-6.815704,66.007164,-0.997467,-0.07101655,0.0,0.0,0.0,0.0
56.4085045,DATA,1,1,1,10,0,16.039093,16.039093,-5.67808676,1.66074562,-7.29868937,9.75286,62.7762,0.0428486243,-4.79472,-0.01000005,-6.815704,61.0390434,-0.997558534,-0.06915498,0.0,0.0,0.0,0.0
56.4649658,DATA,1,1,1,10,0,16.0955544,16.0955544,-5.633307,1.66084146,-7.37307739,9.675154,57.76537,0.0366655923,-4.79472,-0.01000005,-6.815704,56.0941238,-0.9976806,-0.06762898,0.0,0.0,0.0,0.0
56.52009,DATA,1,1,1,10,0,16.1506767,16.1506767,-5.5820775,1.66096449,-7.44356537,9.6235,52.829422,0.105644561,-4.79472,-0.01000005,-6.815704,51.1292953,-0.9976806,-0.06762898,0.0,0.0,0.0,0.0
56.57502,DATA,1,1,1,10,0,16.2056084,16.2056084,-5.52500629,1.66085958,-7.509541,9.602561,47.86159,0.167651772,-4.79472,-0.01000005,-6.815704,46.16324,-0.9976806,-0.06762898,0.0,0.0,0.0,0.0
56.63018,DATA,1,1,1,10,0,16.2607689,16.2607689,-5.46189928,1.66085243,-7.57048225,9.584279,42.86143,0.157908738,-4.79472,-0.01000005,-6.815704,41.168026,-0.9976806,-0.06762898,0.0,0.0,0.0,0.0
56.68611,DATA,1,1,1,10,0,16.3167,16.3167,-5.39423847,1.66074181,-7.62526655,9.572551,37.832737,0.17045632,-4.79472,-0.01000005,-6.815704,36.2107124,-0.999420166,-0.032197,0.0,0.0,0.0,0.0
56.74163,DATA,1,1,1,10,0,16.37222,16.37222,-5.37606049,1.66068268,-7.638105,9.603229,37.3661957,0.2175668,-4.79472,-0.01000005,-6.815704,34.9391,0.0,0.0,0.0,0.0,0.0,0.0
56.7968636,DATA,1,1,1,10,0,16.4274521,16.4274521,-5.37580872,1.66047168,-7.63807249,9.6511755,37.43066,0.118162848,-4.79472,-0.01000005,-6.815704,34.9391,0.0,0.0,0.0,0.0,0.0,0.0
56.8526,DATA,1,1,1,10,0,16.4831886,16.4831886,-5.37554359,1.660301,-7.637931,9.710199,37.47611,0.134022444,-4.79472,-0.01000005,-6.815704,34.9391,0.0,0.0,0.0,0.0,0.0,0.0
56.9076576,DATA,1,1,1,10,0,16.5382462,16.5382462,-5.37539053,1.66013932,-7.63779259,9.720463,37.49499,0.17179969,-4.79472,-0.01000005,-6.815704,34.9391,0.0,0.0,0.0,0.0,0.0,0.0
56.9634247,DATA,1,1,1,10,0,16.5940132,16.5940132,-5.37523,1.66013741,-7.637618,9.691958,37.500988,0.221628055,-4.79472,-0.01000005,-6.815704,34.9391,0.0,0.0,0.0,0.0,0.0,0.0
57.0193558,DATA,1,1,1,10,0,16.6499443,16.6499443,-5.375208,1.66022873,-7.637543,9.595918,37.4628,0.272226423,-4.79472,-0.01000005,-6.815704,34.9391,0.0,0.0,0.0,0.0,0.0,0.0
57.0746155,DATA,1,1,1,10,0,16.705204,16.705204,-5.375213,1.66029263,-7.637506,9.499418,37.4810143,0.251398355,-4.79472,-0.01000005,-6.815704,34.9391,0.0,0.0,0.0,0.0,0.0,0.0
57.13012,DATA,1,1,1,10,0,16.7607079,16.7607079,-5.37524366,1.66043353,-7.637516,9.479709,37.49139,0.236920267,-4.79472,-0.01000005,-6.815704,34.9391,0.0,0.0,0.0,0.0,0.0,0.0
57.18597,DATA,1,1,1,10,0,16.8165588,16.8165588,-5.37529755,1.660552,-7.63755655,9.479887,37.50168,0.235489368,-4.79472,-0.01000005,-6.815704,34.9391,0.0,0.0,0.0,0.0,0.0,0.0
57.2413063,DATA,1,1,1,10,0,16.8718948,16.8718948,-5.328324,1.66060328,-7.570251,9.433929,37.488987,0.332791984,-4.74770927,-0.01000005,-6.748413,34.9391,0.0,0.0,1.0,0.0,0.0,0.0
57.30005,DATA,1,1,1,10,0,16.9306374,16.9306374,-5.23065567,1.66061354,-7.430541,9.404565,37.5401,0.28519702,-4.64995146,-0.01000005,-6.608484,34.9391,0.0,0.0,1.0,0.0,0.0,0.0
57.351162,DATA,1,1,1,10,0,16.98175,16.98175,-5.139319,1.6605978,-7.299855,9.417017,37.576107,0.349372447,-4.55853,-0.01000005,-6.477625,34.9391,0.0,0.0,1.0,0.0,0.0,0.0
57.4075165,DATA,1,1,1,10,0,17.038105,17.038105,-5.04193926,1.66071725,-7.160327,9.383157,37.5286179,0.3204553,-4.460802,-0.01000005,-6.33773851,34.9391,0.0,0.0,1.0,0.0,0.0,0.0
57.4633446,DATA,1,1,1,10,0,17.0939331,17.0939331,-4.94785738,1.6608057,-7.02581644,9.352836,37.54182,0.328555048,-4.36669636,-0.01000005,-6.20303726,34.9391,0.0,0.0,1.0,0.0,0.0,0.0
57.5187759,DATA,1,1,1,10,0,17.1493645,17.1493645,-4.851687,1.66103435,-6.888276,9.311154,37.5709038,0.2879331,-4.270384,-0.01000011,-6.065177,34.9391,0.0,0.0,1.0,0.0,0.0,0.0
57.5751076,DATA,1,1,1,10,0,17.2056961,17.2056961,-4.756237,1.66109776,-6.75168657,9.30859852,37.56059,0.306456268,-4.1748805,-0.01000005,-5.928475,34.9391,0.0,0.0,1.0,0.0,0.0,0.0
57.6297951,DATA,1,1,1,10,0,17.2603836,17.2603836,-4.660739,1.661212,-6.61467743,9.293113,38.1876564,0.311496824,-4.079184,-0.01000011,-5.791497,34.9391,0.603808761,-0.490188241,1.0,0.0,0.0,0.0
57.68553,DATA,1,1,1,10,0,17.31612,17.31612,-4.61492968,1.66126847,-6.441567,9.272447,42.14983,0.322743416,-3.98118854,-0.01000005,-5.65785265,38.659317,0.764915943,-0.644093156,1.0,0.0,0.0,0.0
57.7412872,DATA,1,1,1,10,0,17.3718758,17.3718758,-4.63794136,1.66114938,-6.367129,9.346156,45.08306,0.363380164,-3.95529866,-0.01000011,-5.62548971,42.335144,0.0,0.0,0.0,0.0,0.0,0.0
57.79647,DATA,1,1,1,10,0,17.42706,17.42706,-4.637907,1.66117811,-6.36709452,9.384482,45.1160774,0.327817976,-3.95529866,-0.01000011,-5.62548971,42.335144,0.0,0.0,0.0,0.0,0.0,0.0
57.85226,DATA,1,1,1,10,0,17.48285,17.48285,-4.637911,1.66113341,-6.36706,9.401663,45.09856,0.329254419,-3.95529866,-0.01000011,-5.62548971,42.335144,0.0,0.0,0.0,0.0,0.0,0.0
57.907383,DATA,1,1,1,10,0,17.5379715,17.5379715,-4.63799667,1.66110027,-6.367081,9.415044,45.07179,0.316457927,-3.95529866,-0.01000011,-5.62548971,42.335144,0.0,0.0,0.0,0.0,0.0,0.0
57.9635468,DATA,1,1,1,10,0,17.5941353,17.5941353,-4.63815928,1.66115439,-6.36710835,9.446274,45.0691338,0.405847371,-3.95529866,-0.01000011,-5.62548971,42.335144,0.0,0.0,0.0,0.0,0.0,0.0
58.01865,DATA,1,1,1,10,0,17.6492386,17.6492386,-4.63822365,1.66120064,-6.367145,9.44310951,45.1240273,0.381988674,-3.95529866,-0.01000011,-5.62548971,42.335144,0.0,0.0,0.0,0.0,0.0,0.0
58.07471,DATA,1,1,1,10,0,17.7053,17.7053,-4.63823128,1.66117215,-6.367216,9.547712,45.2137222,0.402705222,-3.95529866,-0.01000011,-5.62548971,42.335144,0.0,0.0,1.0,0.0,0.0,0.0
58.12994,DATA,1,1,1,10,0,17.7605286,17.7605286,-4.548607,1.6610167,-6.222751,9.64244,47.8655167,0.38061586,-3.842796,-0.01000005,-5.50297356,44.1359444,0.7267678,-0.6868191,1.0,0.0,0.0,0.0
58.1862,DATA,1,1,1,10,0,17.8167877,17.8167877,-4.474562,1.660893,-6.06116152,9.710837,51.63304,0.377951652,-3.72506952,-0.01000011,-5.38722754,47.7431221,0.730307937,-0.6830958,1.0,0.0,0.0,0.0
58.2414474,DATA,1,1,1,10,0,17.872036,17.872036,-4.38986349,1.66087461,-5.90291166,9.770649,55.3238449,0.415450037,-3.59915876,-0.01000005,-5.27820539,51.39842,0.7333598,-0.67986083,1.0,0.0,0.0,0.0
58.2968369,DATA,1,1,1,10,0,17.9274254,17.9274254,-4.29418659,1.66074347,-5.748659,9.890097,59.0199471,0.3579837,-3.46506357,-0.01000005,-5.176374,55.1034851,0.7333598,-0.67986083,1.0,0.0,0.0,0.0
58.3525543,DATA,1,1,1,10,0,17.9831429,17.9831429,-4.18945074,1.66055512,-5.60179472,9.878194,62.6254044,0.332083464,-3.32552242,-0.01000005,-5.08395863,58.7847557,0.7304605,-0.6828822,1.0,0.0,0.0,0.0
58.40793,DATA,1,1,1,10,0,18.038517,18.038517,-4.06802368,1.66044092,-5.47710371,9.962649,64.48631,0.302210838,-3.18059087,-0.01000005,-5.000784,61.50608,0.0,0.0,1.0,0.0,0.0,0.0
58.46382,DATA,1,1,1,10,0,18.09441,18.09441,-3.9238348,1.660337,-5.398905,9.994649,64.50235,0.299243122,-3.03642368,-0.01000005,-4.92252731,61.50608,0.0,0.0,1.0,0.0,0.0,0.0
58.51942,DATA,1,1,1,10,0,18.15001,18.15001,-3.77451468,1.6604197,-5.31788254,9.99494,64.56743,0.294271439,-2.88711166,-0.01000005,-4.84147835,61.50608,0.0,0.0,1.0,0.0,0.0,0.0
58.57589,DATA,1,1,1,10,0,18.2064781,18.2064781,-3.62799764,1.66039741,-5.23830128,10.0028973,64.61437,0.3501806,-2.74041915,-0.01000011,-4.761851,61.50608,0.0,0.0,1.0,0.0,0.0,0.0
58.63071,DATA,1,1,1,10,0,18.2613,18.2613,-3.481361,1.66038477,-5.15863562,10.0050545,64.6532,0.3872713,-2.5936656,-0.01000011,-4.68219042,61.50608,0.0,0.0,1.0,0.0,0.0,0.0
58.6863,DATA,1,1,1,10,0,18.3168869,18.3168869,-3.408098,1.66038442,-5.118843,10.0366488,64.67007,0.4022364,-2.52029181,-0.0100001693,-4.64236164,61.50608,0.0,0.0,0.0,0.0,0.0,0.0
58.7421532,DATA,1,1,1,10,0,18.3727417,18.3727417,-3.408144,1.6602838,-5.11885929,10.041399,64.64383,0.396715552,-2.52029181,-0.0100001693,-4.64236164,61.50608,0.0,0.0,0.0,0.0,0.0,0.0
58.7973,DATA,1,1,1,10,0,18.427887,18.427887,-3.40819,1.66034436,-5.118848,10.0065928,64.61726,0.382708937,-2.52029181,-0.0100001693,-4.64236164,61.50608,0.0,0.0,0.0,0.0,0.0,0.0
58.85269,DATA,1,1,1,10,0,18.48328,18.48328,-3.40827727,1.66029072,-5.118925,10.0118685,64.65492,0.401551634,-2.52029181,-0.0100001693,-4.64236164,61.50608,0.0,0.0,0.0,0.0,0.0,0.0
58.90799,DATA,1,1,1,10,0,18.538578,18.538578,-3.40826559,1.660214,-5.118953,10.0403214,64.6805954,0.388340563,-2.52029181,-0.0100001693,-4.64236164,61.50608,0.0,0.0,0.0,0.0,0.0,0.0
58.96421,DATA,1,1,1,10,0,18.594799,18.594799,-3.40819955,1.6601758,-5.11890554,10.0486526,64.61273,0.38883388,-2.52029181,-0.0100001693,-4.64236164,61.50608,0.0,0.0,0.0,0.0,0.0,0.0
59.01999,DATA,1,1,1,10,0,18.6505775,18.6505775,-3.40804124,1.660069,-5.11891937,10.1453066,64.5976,0.362382829,-2.52029181,-0.0100001693,-4.64236164,61.50608,0.0,0.0,0.0,0.0,0.0,0.0
59.07565,DATA,1,1,1,10,0,18.7062378,18.7062378,-3.42412663,1.659977,-5.08727026,10.0916929,67.46966,0.351541638,-2.52029181,-0.0100001693,-4.64236164,63.52355,0.8766136,-0.481093764,0.0,0.0,0.0,0.0
59.13051,DATA,1,1,1,10,0,18.761097,18.761097,-3.45522118,1.66010094,-5.01708364,10.0706425,71.86922,0.378515273,-2.52029181,-0.0100001693,-4.64236164,67.90059,0.8731041,-0.4875027,0.0,0.0,0.0,0.0
59.1864281,DATA,1,1,1,10,0,18.8170166,18.8170166,-3.48051977,1.66011286,-4.9461174,10.0174055,76.23015,0.3294922,-2.52029181,-0.0100001693,-4.64236164,72.19782,0.872371554,-0.488845468,0.0,0.0,0.0,0.0
59.24227,DATA,1,1,1,10,0,18.87286,18.87286,-3.500831,1.66009617,-4.87194347,10.0329866,80.6450348,0.295140922,-2.52029181,-0.0100001693,-4.64236164,76.5861053,0.876461,-0.481429458,0.0,0.0,0.0,0.0
59.2971535,DATA,1,1,1,10,0,18.927742,18.927742,-3.5158658,1.66002107,-4.795263,10.0317612,84.98598,0.284075081,-2.52029181,-0.0100001693,-4.64236164,81.0404358,0.8941313,-0.447767615,0.0,0.0,0.0,0.0
59.353157,DATA,1,1,1,10,0,18.9837456,18.9837456,-3.439915,1.66010952,-4.707818,9.993658,89.43886,0.203031376,-2.43543935,-0.01000011,-4.6331687,85.52834,0.8898587,-0.421613216,1.0,0.0,0.0,0.0
59.4084969,DATA,1,1,1,10,0,19.0390854,19.0390854,-3.276532,1.65997589,-4.620247,10.0143738,93.96555,0.196231529,-2.269223,-0.01000011,-4.62508249,90.06183,0.9204078,-0.3253578,1.0,0.0,0.0,0.0
59.46415,DATA,1,1,1,10,0,19.094738,19.094738,-3.10777235,1.65987492,-4.548048,10.0282927,98.234726,0.208374873,-2.10369778,-0.01000011,-4.63016462,94.46592,0.7935728,-0.192175031,1.0,0.0,0.0,0.0
59.52065,DATA,1,1,1,10,0,19.1512375,19.1512375,-2.93192983,1.65994334,-4.50019932,10.0138988,101.894409,0.244481713,-1.93522048,-0.01000005,-4.647602,98.20103,0.6999115,-0.137913108,1.0,0.0,0.0,0.0
59.5761,DATA,1,1,1,10,0,19.2066879,19.2066879,-2.757951,1.6600399,-4.46763849,9.973289,105.327873,0.238554716,-1.77180326,-0.01000005,-4.674955,101.656067,0.6889553,-0.130313993,1.0,0.0,0.0,0.0
59.6315651,DATA,1,1,1,10,0,19.2621536,19.2621536,-2.58122945,1.66006446,-4.44586,10.00298,108.821724,0.243183449,-1.60932028,-0.01000005,-4.7123127,105.111595,0.7089449,-0.160649419,1.0,0.0,0.0,0.0
59.68724,DATA,1,1,1,10,0,19.31783,19.31783,-2.40053415,1.66016579,-4.42410135,9.96719,113.11824,0.227470383,-1.45022953,-0.01000005,-4.75951052,109.211945,0.9378338,-0.3470565,1.0,0.0,0.0,0.0
59.7437935,DATA,1,1,1,10,0,19.374382,19.374382,-2.21436381,1.66024137,-4.407751,9.944841,117.748993,0.2555736,-1.29442513,-0.01000005,-4.819205,113.857216,0.9129307,-0.408032417,1.0,0.0,0.0,0.0
59.79835,DATA,1,1,1,10,0,19.42894,19.42894,-2.02602315,1.66016126,-4.407799,9.975906,122.225815,0.29668808,-1.14213693,-0.01000005,-4.89212656,118.470451,0.9056978,-0.423841119,1.0,0.0,0.0,0.0
59.8543358,DATA,1,1,1,10,0,19.4849243,19.4849243,-1.8410188,1.66015458,-4.423331,9.966738,126.686378,0.2420958,-0.998130858,-0.01000005,-4.97582531,122.987831,0.902493358,-0.43061614,1.0,0.0,0.0,0.0
59.9098778,DATA,1,1,1,10,0,19.5404663,19.5404663,-1.65749228,1.66009188,-4.4534626,10.0019341,131.1573,0.288205653,-0.8609005,-0.01000005,-5.07078648,127.507233,0.902493358,-0.43061614,1.0,0.0,0.0,0.0
59.9656525,DATA,1,1,1,10,0,19.596241,19.596241,-1.48012853,1.65998,-4.49705553,10.03878,135.564728,0.310721636,-0.7338236,-0.00999999,-5.17431974,131.946228,0.903164744,-0.429242849,1.0,0.0,0.0,0.0
60.02082,DATA,1,1,1,10,0,19.65141,19.65141,-1.30149829,1.65993881,-4.55576658,10.0076256,140.021454,0.3367593,-0.6118828,-0.01000005,-5.29069233,136.532944,0.8989532,-0.4170965,1.0,0.0,0.0,0.0
60.076458,DATA,1,1,1,10,0,19.7070465,19.7070465,-1.22104466,1.66004229,-4.54079342,9.983334,143.039627,0.3704669,-0.583111644,-0.00999999,-5.321046,140.439072,0.0,0.0,0.0,0.0,0.0,0.0
60.1315231,DATA,1,1,1,10,0,19.7621117,19.7621117,-1.22090375,1.66005039,-4.540812,9.981989,142.988022,0.433229983,-0.583111644,-0.00999999,-5.321046,140.439072,0.0,0.0,0.0,0.0,0.0,0.0
60.18713,DATA,1,1,1,10,0,19.8177185,19.8177185,-1.22073543,1.66014993,-4.54082727,9.979189,142.915024,0.413140357,-0.583111644,-0.00999999,-5.321046,140.439072,0.0,0.0,0.0,0.0,0.0,0.0
60.2427177,DATA,1,1,1,10,0,19.8733063,19.8733063,-1.220502,1.66014659,-4.540786,9.972516,142.80307,0.4241033,-0.583111644,-0.00999999,-5.321046,140.439072,0.0,0.0,0.0,0.0,0.0,0.0
60.2984161,DATA,1,1,1,10,0,19.9290047,19.9290047,-1.22037089,1.66009963,-4.54069042,9.98662,142.786835,0.4794516,-0.583111644,-0.00999999,-5.321046,140.439072,0.0,0.0,0.0,0.0,0.0,0.0
60.35384,DATA,1,1,1,10,0,19.9844284,19.9844284,-1.22030354,1.6599865,-4.540653,10.0264473,142.81842,0.5489353,-0.583111644,-0.00999999,-5.321046,140.439072,0.0,0.0,0.0,0.0,0.0,0.0
60.4087753,DATA,1,1,1,10,0,20.0393639,20.0393639,-1.22027385,1.659957,-4.540735,10.0633221,142.878357,0.50544095,-0.583111644,-0.00999999,-5.321046,140.439072,0.0,0.0,0.0,0.0,0.0,0.0
60.4651642,DATA,1,1,1,10,0,20.0957527,20.0957527,-1.220394,1.65986753,-4.540849,10.0875683,142.292236,0.5153267,-0.583111644,-0.00999999,-5.321046,140.439072,-0.6273995,0.09543139,0.0,0.0,0.0,0.0
60.5205574,DATA,1,1,1,10,0,20.1511459,20.1511459,-1.26930356,1.65972841,-4.58349037,10.1512384,138.406616,0.45077318,-0.583111644,-0.00999999,-5.321046,136.752487,-0.8003174,0.11123997,0.0,0.0,0.0,0.0
60.576683,DATA,1,1,1,10,0,20.2072716,20.2072716,-1.31923258,1.65958035,-4.633471,10.1872129,134.356354,0.384905338,-0.583111644,-0.00999999,-5.321046,132.742081,-0.8003174,0.11123997,0.0,0.0,0.0,0.0
60.6314774,DATA,1,1,1,10,0,20.2620659,20.2620659,-1.36786437,1.65944219,-4.689861,10.2187576,130.100037,0.3341269,-0.583111644,-0.00999999,-5.321046,128.514084,-0.892605364,0.08304089,0.0,0.0,0.0,0.0
60.68699,DATA,1,1,1,10,0,20.3175774,20.3175774,-1.389519,1.65937448,-4.71814251,10.2514868,128.83493,0.361864239,-0.583111644,-0.00999999,-5.321046,126.486267,0.0,0.0,0.0,0.0,0.0,0.0
60.74273,DATA,1,1,1,10,0,20.3733177,20.3733177,-1.389407,1.65932322,-4.718269,10.2374945,128.8627,0.3229437,-0.583111644,-0.00999999,-5.321046,126.486267,0.0,0.0,0.0,0.0,0.0,0.0
60.7981758,DATA,1,1,1,10,0,20.4287643,20.4287643,-1.38927042,1.65932667,-4.718414,10.2326107,128.8832,0.321430832,-0.583111644,-0.00999999,-5.321046,126.486267,0.0,0.0,0.0,0.0,0.0,0.0
60.8536873,DATA,1,1,1,10,0,20.4842758,20.4842758,-1.35576916,1.65920591,-4.74333525,10.2640972,128.870453,0.328681439,-0.5496733,-0.01000005,-5.34577656,126.486267,0.0,0.0,1.0,0.0,0.0,0.0
60.90881,DATA,1,1,1,10,0,20.5393982,20.5393982,-1.22093749,1.65903127,-4.84321,10.3076744,128.8521,0.312134981,-0.4148768,-0.00999999,-5.445471,126.486267,0.0,0.0,1.0,0.0,0.0,0.0
60.9651527,DATA,1,1,1,10,0,20.5957413,20.5957413,-1.08894491,1.65888071,-4.94101334,10.34014,128.827972,0.169598222,-0.282888472,-0.01000005,-5.543088,126.486267,0.0,0.0,1.0,0.0,0.0,0.0
61.021225,DATA,1,1,1,10,0,20.6518135,20.6518135,-0.955153942,1.65879989,-5.040069,10.3501987,128.811554,0.111954741,-0.149091154,-0.00999999,-5.642043,126.486267,0.0,0.0,1.0,0.0,0.0,0.0
61.0759621,DATA,1,1,1,10,0,20.70655,20.70655,-0.8198886,1.65863347,-5.14010048,10.392911,128.76268,0.127462387,-0.0138782933,-0.01000005,-5.7420454,126.486267,0.0,0.0,1.0,0.0,0.0,0.0
61.13172,DATA,1,1,1,10,0,20.76231,20.76231,-0.684975266,1.65871978,-5.239899,10.363595,128.738525,0.104100831,0.120993726,-0.01000005,-5.84179544,126.486267,0.0,0.0,1.0,0.0,0.0,0.0
61.1871033,DATA,1,1,1,10,0,20.8176918,20.8176918,-0.5526519,1.65878677,-5.33774948,10.3076973,128.736221,0.0786463842,0.253274381,-0.01000005,-5.939629,126.486267,0.0,0.0,1.0,0.0,0.0,0.0
61.2430038,DATA,1,1,1,10,0,20.8735924,20.8735924,-0.419151336,1.65888214,-5.43642426,10.2841988,128.743744,0.0564934,0.386845559,-0.01000005,-6.038417,126.486267,0.0,0.0,1.0,0.0,0.0,0.0
61.29895,DATA,1,1,1,10,0,20.9295387,20.9295387,-0.283827066,1.65882659,-5.53651428,10.3144875,128.742752,0.0726645961,0.5221859,-0.00999999,-6.13851357,126.486267,0.0,0.0,1.0,0.0,0.0,0.0
61.3538933,DATA,1,1,1,10,0,20.9844818,20.9844818,-0.148487791,1.65879917,-5.63656569,10.3163652,128.7013,0.0352175981,0.6574763,-0.01000005,-6.238573,126.486267,0.0,0.0,1.0,0.0,0.0,0.0
61.409256,DATA,1,1,1,10,0,21.0398445,21.0398445,-0.0150146931,1.65871048,-5.735252,10.3737583,128.651382,0.0440568477,0.7909044,-0.00999999,-6.337255,126.486267,0.0,0.0,1.0,0.0,0.0,0.0
61.46594,DATA,1,1,1,10,0,21.0965271,21.0965271,0.118159533,1.65858841,-5.833766,10.3684645,128.594788,0.0218822341,0.9240957,-0.01000005,-6.435762,126.486267,0.0,0.0,1.0,0.0,0.0,0.0
61.521183,DATA,1,1,1,10,0,21.1517715,21.1517715,0.251116067,1.65858054,-5.93223572,10.3920984,128.609711,-0.013671875,1.05708134,-0.01000005,-6.53411674,126.486267,0.0,0.0,1.0,0.0,0.0,0.0
61.57684,DATA,1,1,1,10,0,21.207428,21.207428,0.385425478,1.658493,-6.0316124,10.3984528,128.586121,-0.04788208,1.19139719,-0.01000005,-6.63345575,126.486267,0.0,0.0,1.0,0.0,0.0,0.0
61.6316948,DATA,1,1,1,10,0,21.2622833,21.2622833,0.5202973,1.65849757,-6.13137674,10.4296637,128.566544,-0.0185852051,1.32632089,-0.01000005,-6.733244,126.486267,0.0,0.0,1.0,0.0,0.0,0.0
61.68714,DATA,1,1,1,10,0,21.31773,21.31773,0.6538416,1.65855718,-6.230098,10.3830633,128.545883,-0.0152282715,1.45993137,-0.00999999,-6.832061,126.486267,0.0,0.0,1.0,0.0,0.0,0.0
61.74297,DATA,1,1,1,10,0,21.373558,21.373558,0.787417531,1.65862918,-6.328745,10.3405867,128.48999,0.005238894,1.59356,-0.01000005,-6.93089151,126.486267,0.0,0.0,1.0,0.0,0.0,0.0
61.79893,DATA,1,1,1,10,0,21.42952,21.42952,0.924025357,1.65866566,-6.42961264,10.3438339,128.415482,0.0338893533,1.73019242,-0.01000011,-7.03194332,126.486267,0.0,0.0,1.0,0.0,0.0,0.0
61.85444,DATA,1,1,1,10,0,21.4850273,21.4850273,1.05899322,1.6587584,-6.5291934,10.335535,128.35318,0.07383413,1.86512864,-0.01000005,-7.131741,126.486267,0.0,0.0,1.0,0.0,0.0,0.0
61.90957,DATA,1,1,1,10,0,21.5401573,21.5401573,1.16028821,1.6587522,-6.67041731,10.3456736,124.406982,0.09386815,1.99835539,-0.01000005,-7.227853,123.338181,-0.999420166,-0.0333567858,1.0,0.0,0.0,0.0
61.9655838,DATA,1,1,1,10,0,21.5961723,21.5961723,1.25654209,1.65870214,-6.83158731,10.3719769,119.374031,0.1477515,2.13973165,-0.01000005,-7.314402,118.366646,-0.999420166,-0.0333567858,1.0,0.0,0.0,0.0
62.0208549,DATA,1,1,1,10,0,21.6514435,21.6514435,1.366679,1.65866685,-6.98406029,10.4115362,114.387558,0.090119645,2.28821421,-0.01000005,-7.38843775,113.390518,-0.999420166,-0.0333567858,1.0,0.0,0.0,0.0
62.0766335,DATA,1,1,1,10,0,21.707222,21.707222,1.49088454,1.65852308,-7.12787151,10.4946585,109.394653,0.0913151,2.44420767,-0.00999999,-7.449908,108.361862,-0.999420166,-0.0333567858,1.0,0.0,0.0,0.0
62.13157,DATA,1,1,1,10,0,21.7621574,21.7621574,1.629318,1.65830874,-7.248327,10.5770264,105.85022,0.06657984,2.603988,-0.01000005,-7.497319,104.023849,0.0,0.0,1.0,0.0,0.0,0.0
62.1867943,DATA,1,1,1,10,0,21.8173828,21.8173828,1.79089057,1.6581881,-7.2888,10.6576138,105.896072,0.03705738,2.76543236,-0.00999999,-7.537643,104.023849,0.0,0.0,1.0,0.0,0.0,0.0
62.2433434,DATA,1,1,1,10,0,21.8739319,21.8739319,1.95114589,1.65810919,-7.329132,10.7164621,105.957504,-0.0002797949,2.9255538,-0.01000005,-7.57763672,104.023849,0.0,0.0,1.0,0.0,0.0,0.0
62.298584,DATA,1,1,1,10,0,21.9291725,21.9291725,2.1126647,1.6580584,-7.369737,10.75395,106.000954,-0.03189087,3.086893,-0.01000005,-7.617934,104.023849,0.0,0.0,1.0,0.0,0.0,0.0
62.35393,DATA,1,1,1,10,0,21.98452,21.98452,2.27580547,1.6580162,-7.410751,10.7755537,105.975243,-0.08343506,3.249938,-0.01000005,-7.658658,104.023849,0.0,0.0,1.0,0.0,0.0,0.0
62.4093666,DATA,1,1,1,10,0,22.0399551,22.0399551,2.438492,1.65782475,-7.451644,10.8411846,105.994186,-0.125152588,3.41264462,-0.01000005,-7.69929743,104.023849,0.0,0.0,1.0,0.0,0.0,0.0
62.4649773,DATA,1,1,1,10,0,22.0955658,22.0955658,2.596849,1.65762913,-7.491336,10.8731232,105.975945,-0.182739258,3.57098484,-0.00999999,-7.738846,104.023849,0.0,0.0,1.0,0.0,0.0,0.0
62.52046,DATA,1,1,1,10,0,22.1510468,22.1510468,2.76048779,1.65766478,-7.53216648,10.8370171,105.9349,-0.159790039,3.73442364,-0.01000005,-7.77966833,104.023849,0.0,0.0,1.0,0.0,0.0,0.0
62.5769577,DATA,1,1,2,10,0,22.2075462,22.2075462,2.922327,1.657746,-7.5724864,10.78783,105.948975,-0.11114502,3.89605856,-0.01000011,-7.82003975,104.023849,0.0,0.0,1.0,0.0,0.0,0.0
62.6317024,DATA,1,1,2,10,0,22.262291,22.262291,3.08518124,1.657795,-7.613013,10.7470226,105.981445,-0.05807495,4.058833,-0.01000005,-7.860696,104.023849,0.0,0.0,1.0,0.0,0.0,0.0
62.6879463,DATA,1,1,2,10,0,22.3185349,22.3185349,3.244945,1.65782118,-7.65276241,10.7045794,105.965935,-0.0429992676,4.218617,-0.01000005,-7.900605,104.023849,0.0,0.0,1.0,0.0,0.0,0.0
62.7437,DATA,1,1,2,10,0,22.3742867,22.3742867,3.407208,1.65779853,-7.69319344,10.6852455,105.93634,-0.0443115234,4.3808,-0.01000005,-7.941114,104.023849,0.0,0.0,1.0,0.0,0.0,0.0
62.79799,DATA,1,1,2,10,0,22.4285774,22.4285774,3.57040071,1.65787816,-7.733879,10.63353,105.893509,-0.0473938,4.543929,-0.01000005,-7.98185873,104.023849,0.0,0.0,1.0,0.0,0.0,0.0
62.8539734,DATA,1,1,2,10,0,22.4845619,22.4845619,3.73340654,1.6578567,-7.77453375,10.6319342,105.878311,-0.0268554688,4.706837,-0.00999999,-8.022548,104.023849,0.0,0.0,1.0,0.0,0.0,0.0
62.90965,DATA,1,1,2,10,0,22.5402374,22.5402374,3.89518452,1.657835,-7.814882,10.6413269,105.84922,0.0303602312,4.8685813,-0.0100001693,-8.062947,104.023849,0.0,0.0,1.0,0.0,0.0,0.0
62.9655533,DATA,1,1,2,10,0,22.5961418,22.5961418,4.055598,1.65783024,-7.85493326,10.5265951,105.823952,-0.03274536,5.028657,-0.01000005,-8.102929,104.023849,0.0,0.0,1.0,0.0,0.0,0.0
63.02036,DATA,1,1,2,10,0,22.6509476,22.6509476,4.179572,1.65780878,-7.885905,10.52089,105.812859,0.0151257422,5.15243673,-0.01000005,-8.133845,104.023849,0.0,0.0,0.0,0.0,0.0,0.0
63.0762177,DATA,1,1,2,10,0,22.7068062,22.7068062,4.179817,1.657836,-7.8860054,10.5256815,105.837433,-0.06851196,5.15243673,-0.01000005,-8.133845,104.023849,0.0,0.0,0.0,0.0,0.0,0.0
63.1318321,DATA,1,1,2,10,0,22.76242,22.76242,4.1799655,1.65779042,-7.88603973,10.5280886,105.814171,-0.0541381836,5.15243673,-0.01000005,-8.133845,104.023849,0.0,0.0,0.0,0.0,0.0,0.0
63.1870041,DATA,1,1,2,10,0,22.8175926,22.8175926,4.180038,1.65762472,-7.88594246,10.5660419,105.748169,-0.04425049,5.15243673,-0.01000005,-8.133845,104.023849,0.0,0.0,0.0,0.0,0.0,0.0
63.24291,DATA,1,1,2,10,0,22.873497,22.873497,4.180036,1.65752625,-7.885903,10.6065111,105.773888,0.00379410875,5.15243673,-0.01000005,-8.133845,104.023849,0.0,0.0,0.0,0.0,0.0,0.0
63.2988548,DATA,1,1,2,10,0,22.9294434,22.9294434,4.180085,1.65758538,-7.88587475,10.5531225,105.775688,-0.002236727,5.15243673,-0.01000005,-8.133845,104.023849,0.0,0.0,0.0,0.0,0.0,0.0
63.3542023,DATA,1,1,2,10,0,22.98479,22.98479,4.26065731,1.65766382,-7.906019,10.52791,105.841682,0.06024906,5.23297834,-0.00999999,-8.153962,104.023849,0.0,0.0,1.0,0.0,0.0,0.0
63.409008,DATA,1,1,2,10,0,23.0395966,23.0395966,4.4239974,1.65769,-7.946796,10.5901976,105.87429,0.18307361,5.396305,-0.01000005,-8.19475651,104.023849,0.0,0.0,1.0,0.0,0.0,0.0
63.4654922,DATA,1,1,2,10,0,23.09608,23.09608,4.5838604,1.65759325,-7.98676872,10.5173979,105.903496,0.2065613,5.55590248,-0.01000005,-8.234619,104.023849,0.0,0.0,1.0,0.0,0.0,0.0
63.52112,DATA,1,1,2,10,0,23.1517067,23.1517067,4.746495,1.65744281,-8.027337,10.6923733,105.857643,0.408937663,5.71801043,-0.01000005,-8.275109,104.023849,0.0,0.0,1.0,0.0,0.0,0.0
63.5770454,DATA,1,1,2,10,0,23.207634,23.207634,4.82963753,1.65691543,-8.048346,11.3830814,105.770546,0.646873534,5.79985046,-0.00999999,-8.29555,104.023849,0.0,0.0,0.0,0.0,0.0,0.0
63.6313362,DATA,1,1,2,10,0,23.2619247,23.2619247,4.832539,1.656586,-8.049536,12.7769127,105.6982,1.70271719,5.79985046,-0.00999999,-8.29555,104.023849,0.0,0.0,0.0,0.0,0.0,0.0
63.68725,DATA,1,1,2,10,0,23.3178368,23.3178368,4.839734,1.6567589,-8.05149,15.43576,105.706436,3.21203136,5.79985046,-0.00999999,-8.29555,104.023849,0.0,0.0,0.0,0.0,0.0,0.0
63.74302,DATA,1,1,2,10,0,23.3736076,23.3736076,4.85394049,1.659249,-8.05419,20.6424484,105.726654,5.00174856,5.79985046,-0.00999999,-8.29555,104.023849,0.0,0.0,0.0,0.0,0.0,0.0
63.7978363,DATA,1,1,2,10,0,23.4284248,23.4284248,4.87566948,1.66148722,-8.057206,26.9054413,105.629936,6.25117826,5.79985046,-0.00999999,-8.29555,104.023849,0.0,0.0,0.0,0.0,0.0,0.0
63.8524246,DATA,1,1,2,10,0,23.4830132,23.4830132,4.903651,1.66347587,-8.05958,35.0377121,105.53801,6.95239735,5.79985046,-0.00999999,-8.29555,104.023849,0.0,0.0,0.0,0.0,0.0,0.0
63.90816,DATA,1,1,2,10,0,23.53875,23.53875,4.93287468,1.6602807,-8.059622,43.35796,105.445671,8.42488,5.79985046,-0.00999999,-8.29555,104.023849,0.0,0.0,0.0,0.0,0.0,0.0
63.96357,DATA,1,1,2,10,0,23.5941582,23.5941582,4.96066141,1.65160453,-8.055891,51.1233063,105.874374,10.6434221,5.79985046,-0.00999999,-8.29555,104.023849,0.0,0.0,0.0,0.0,0.0,0.0
64.01976,DATA,1,1,2,10,0,23.6503487,23.6503487,4.98250961,1.63916349,-8.048949,56.17377,106.12455,12.9531021,5.79985046,-0.00999999,-8.29555,104.023849,0.0,0.0,0.0,0.0,0.0,0.0
64.075676,DATA,1,1,2,10,0,23.7062645,23.7062645,4.9982996,1.62721586,-8.039756,59.7802963,107.599754,17.0787373,5.79985046,-0.00999999,-8.29555,104.023849,0.0,0.0,0.0,0.0,0.0,0.0
64.13058,DATA,1,1,2,10,0,23.7611656,23.7611656,5.00840235,1.6161015,-8.030669,61.749,108.4438,20.952877,5.79985046,-0.00999999,-8.29555,104.023849,0.0,0.0,0.0,0.0,0.0,0.0
64.18711,DATA,1,1,2,10,0,23.8177,23.8177,5.0140357,1.60681319,-8.022202,62.08574,106.022835,22.3452511,5.79985046,-0.00999999,-8.29555,104.023849,0.0,0.0,0.0,0.0,0.0,0.0
64.2422943,DATA,1,1,2,10,0,23.8728828,23.8728828,5.017015,1.59882319,-8.015083,61.5460968,102.978188,23.725193,5.79985046,-0.00999999,-8.29555,104.023849,0.0,0.0,0.0,0.0,0.0,0.0
64.29809,DATA,1,1,2,10,0,23.9286766,23.9286766,5.018898,1.59198225,-8.009551,61.2808,100.270767,24.8602486,5.79985046,-0.00999999,-8.29555,104.023849,0.0,0.0,0.0,0.0,0.0,0.0
64.35298,DATA,1,1,2,10,0,23.98357,23.98357,5.021247,1.59640789,-8.005513,61.7271538,100.344376,27.9499664,5.79985046,-0.00999999,-8.29555,104.023849,0.0,0.0,0.0,0.0,0.0,0.0
64.4085159,DATA,1,1,2,10,0,24.0391045,24.0391045,5.02389526,1.59857893,-8.003627,61.3368263,99.23489,29.82953,5.79985046,-0.00999999,-8.29555,104.023849,0.0,0.0,0.0,0.0,0.0,0.0
64.46441,DATA,1,1,2,10,0,24.0949974,24.0949974,5.02615166,1.59943581,-8.003525,59.16872,96.35228,29.6762886,5.79985046,-0.00999999,-8.29555,104.023849,0.0,0.0,0.0,0.0,0.0,0.0
64.5200043,DATA,1,1,2,10,0,24.1505928,24.1505928,5.02971458,1.59868753,-8.00329,58.5308571,91.92221,27.7156334,5.79985046,-0.00999999,-8.29555,104.023849,0.0,0.0,0.0,0.0,0.0,0.0
64.57568,DATA,1,1,2,10,0,24.2062721,24.2062721,5.034351,1.59840393,-8.002076,60.5210228,89.55819,27.2448711,5.79985046,-0.00999999,-8.29555,104.023849,0.0,0.0,0.0,0.0,0.0,0.0
64.6305542,DATA,1,1,2,10,0,24.2611427,24.2611427,5.03933954,1.59957862,-8.000398,62.369278,88.47929,27.97537,5.79985046,-0.00999999,-8.29555,104.023849,0.0,0.0,0.0,0.0,0.0,0.0
64.68667,DATA,1,1,2,10,0,24.3172569,24.3172569,5.044186,1.60037231,-7.99809551,62.9468269,88.43797,28.0305214,5.79985046,-0.00999999,-8.29555,104.023849,0.0,0.0,0.0,0.0,0.0,0.0
64.7427139,DATA,1,1,2,10,0,24.3733025,24.3733025,5.048485,1.60077238,-7.99467468,63.077076,90.33655,28.772644,5.79985046,-0.00999999,-8.29555,104.023849,0.0,0.0,0.0,0.0,0.0,0.0
64.79809,DATA,1,1,2,10,0,24.4286766,24.4286766,5.05120754,1.60047007,-7.99068928,62.9556046,94.14539,31.1985416,5.79985046,-0.00999999,-8.29555,104.023849,0.0,0.0,0.0,0.0,0.0,0.0
64.8527756,DATA,1,1,2,10,0,24.4833641,24.4833641,5.05215549,1.60032773,-7.98732948,62.633,98.09128,34.19816,5.79985046,-0.00999999,-8.29555,104.023849,0.0,0.0,0.0,0.0,0.0,0.0
64.9086761,DATA,1,1,2,10,0,24.5392647,24.5392647,5.051656,1.60049367,-7.98532057,62.0847473,98.68246,34.43874,5.79985046,-0.00999999,-8.29555,104.023849,0.0,0.0,0.0,0.0,0.0,0.0
64.96409,DATA,1,1,2,10,0,24.594677,24.594677,5.051878,1.60088778,-7.985286,62.09103,96.11739,32.8172379,5.79985046,-0.00999999,-8.29555,104.023849,0.0,0.0,0.0,0.0,0.0,0.0
65.02021,DATA,1,1,2,10,0,24.6507988,24.6507988,5.05216837,1.60118246,-7.98588562,61.85226,93.26307,31.8897228,5.79985046,-0.00999999,-8.29555,104.023849,0.0,0.0,0.0,0.0,0.0,0.0
65.0757751,DATA,1,1,2,10,0,24.7063637,24.7063637,5.053609,1.60102367,-7.98699331,61.63333,90.5637054,31.3668785,5.79985046,-0.00999999,-8.29555,104.023849,0.0,0.0,0.0,0.0,0.0,0.0
65.13018,DATA,1,1,2,10,0,24.7607689,24.7607689,5.054936,1.601228,-7.98772526,61.1602669,88.1621,30.2043133,5.79985046,-0.00999999,-8.29555,104.023849,0.0,0.0,0.0,0.0,0.0,0.0
65.18637,DATA,1,1,2,10,0,24.81696,24.81696,5.05733633,1.60135436,-7.988979,60.97497,86.544136,28.4886284,5.79985046,-0.00999999,-8.29555,104.023849,0.0,0.0,0.0,0.0,0.0,0.0
65.241806,DATA,1,1,2,10,0,24.8723946,24.8723946,5.06009436,1.601489,-7.99029541,61.08513,85.5089,26.7891178,5.79985046,-0.00999999,-8.29555,104.023849,0.0,0.0,0.0,0.0,0.0,0.0
65.29761,DATA,1,1,2,10,0,24.928196,24.928196,5.063663,1.60145426,-7.99228048,61.3094025,84.4332047,24.8919754,5.79985046,-0.00999999,-8.29555,104.023849,0.0,0.0,0.0,0.0,0.0,0.0
65.35268,DATA,1,1,2,10,0,24.9832649,24.9832649,5.06712627,1.6015172,-7.99340963,61.6725159,83.73161,23.4948063,5.79985046,-0.00999999,-8.29555,104.023849,0.0,0.0,0.0,0.0,0.0,0.0
65.4081955,DATA,1,1,2,10,0,25.038784,25.038784,5.070201,1.60143292,-7.994334,62.0715637,84.0387,23.2207947,5.79985046,-0.00999999,-8.29555,104.023849,0.0,0.0,0.0,0.0,0.0,0.0
65.46378,DATA,1,1,2,10,0,25.0943718,25.0943718,5.072491,1.60127783,-7.9951334,62.0365677,83.806694,22.7890053,5.79985046,-0.00999999,-8.29555,104.023849,0.0,0.0,0.0,0.0,0.0,0.0
65.52002,DATA,1,1,2,10,0,25.1506081,25.1506081,5.074382,1.60134375,-7.99594259,62.37307,83.0746841,22.0251942,5.79985046,-0.00999999,-8.29555,104.023849,0.0,0.0,0.0,0.0,0.0,0.0
65.57634,DATA,1,1,2,10,0,25.2069283,25.2069283,5.075855,1.60118973,-7.997084,62.6818428,82.35304,21.0832329,5.79985046,-0.00999999,-8.29555,104.023849,0.0,0.0,0.0,0.0,0.0,0.0
65.63063,DATA,1,1,2,10,0,25.261219,25.261219,5.07692671,1.60092211,-7.9981904,62.7533531,82.2178955,20.7311649,5.79985046,-0.00999999,-8.29555,104.023849,0.0,0.0,0.0,0.0,0.0,0.0
65.68648,DATA,1,1,2,10,0,25.3170662,25.3170662,5.077912,1.60082471,-8.000021,62.77942,81.7664,19.96807,5.79985046,-0.00999999,-8.29555,104.023849,0.0,0.0,0.0,0.0,0.0,0.0
65.74195,DATA,1,1,2,10,0,25.37254,25.37254,5.07819462,1.6005497,-8.00110149,62.7718239,81.7305,19.6189232,5.79985046,-0.00999999,-8.29555,104.023849,0.0,0.0,0.0,0.0,0.0,0.0
65.79764,DATA,1,1,2,10,0,25.4282265,25.4282265,5.07873726,1.60067976,-8.002503,63.14186,81.4858,18.9464531,5.79985046,-0.00999999,-8.29555,104.023849,0.0,0.0,0.0,0.0,0.0,0.0
65.852684,DATA,1,1,2,10,0,25.4832726,25.4832726,5.078462,1.60060143,-8.003049,63.1622772,81.46891,18.5133266,5.79985046,-0.00999999,-8.29555,104.023849,0.0,0.0,0.0,0.0,0.0,0.0
65.90848,DATA,1,1,2,10,0,25.5390663,25.5390663,5.07813835,1.60047364,-8.003703,62.9364853,81.52891,18.47833,5.79985046,-0.00999999,-8.29555,104.023849,0.0,0.0,0.0,0.0,0.0,0.0
65.96397,DATA,1,1,2,10,0,25.5945549,25.5945549,5.077669,1.60022748,-8.0041275,62.71817,81.11074,18.3024521,5.79985046,-0.00999999,-8.29555,104.023849,0.0,0.0,0.0,0.0,0.0,0.0
66.0198059,DATA,1,1,2,10,0,25.6503944,25.6503944,5.077816,1.60023594,-8.004765,62.59844,80.19949,17.7346516,5.79985046,-0.00999999,-8.29555,104.023849,0.0,0.0,0.0,0.0,0.0,0.0
66.07533,DATA,1,1,2,10,0,25.7059212,25.7059212,5.078131,1.60024107,-8.004538,62.62949,79.9307556,17.7238827,5.79985046,-0.00999999,-8.29555,104.023849,0.0,0.0,0.0,0.0,0.0,0.0
66.13028,DATA,1,1,2,10,0,25.7608681,25.7608681,5.07842636,1.60017562,-8.003979,62.4763145,80.20868,18.22718,5.79985046,-0.00999999,-8.29555,104.023849,0.0,0.0,0.0,0.0,0.0,0.0
66.18659,DATA,1,1,2,10,0,25.81718,25.81718,5.07861233,1.60013163,-8.003373,62.46604,80.13225,18.60843,5.79985046,-0.00999999,-8.29555,104.023849,0.0,0.0,0.0,0.0,0.0,0.0
66.24181,DATA,1,1,2,10,0,25.8724022,25.8724022,5.07869434,1.60047054,-8.002829,62.51631,79.83066,18.4390182,5.79985046,-0.00999999,-8.29555,104.023849,0.0,0.0,0.0,0.0,0.0,0.0
66.29784,DATA,1,1,2,10,0,25.9284248,25.9284248,5.07854557,1.60078228,-8.002,62.5303535,80.12549,18.5075836,5.79985046,-0.00999999,-8.29555,104.023849,0.0,0.0,0.0,0.0,0.0,0.0
66.35301,DATA,1,1,2,10,0,25.9836,25.9836,5.0778656,1.60093725,-8.000707,62.3529739,81.004,19.19353,5.79985046,-0.00999999,-8.29555,104.023849,0.0,0.0,0.0,0.0,0.0,0.0
66.40784,DATA,1,1,2,10,0,26.0384254,26.0384254,5.07755,1.60098231,-8.000139,62.17332,81.52432,19.71465,5.79985046,-0.00999999,-8.29555,104.023849,0.0,0.0,0.0,0.0,0.0,0.0
66.4642,DATA,1,1,2,10,0,26.0947914,26.0947914,5.077004,1.60125422,-7.99964237,62.04477,81.06825,19.4980812,5.79985046,-0.00999999,-8.29555,104.023849,0.0,0.0,0.0,0.0,0.0,0.0
66.51978,DATA,1,1,2,10,0,26.1503716,26.1503716,5.076872,1.60123837,-7.999627,62.03744,80.79326,19.604372,5.79985046,-0.00999999,-8.29555,104.023849,0.0,0.0,0.0,0.0,0.0,0.0
66.5751648,DATA,1,1,2,10,0,26.2057533,26.2057533,5.07633543,1.60124612,-7.999427,61.71427,80.37089,19.5930576,5.79985046,-0.00999999,-8.29555,104.023849,0.0,0.0,0.0,0.0,0.0,0.0
66.63056,DATA,1,1,2,10,0,26.26115,26.26115,5.0760746,1.60091472,-7.999585,61.4826927,80.27444,19.9036674,5.79985046,-0.00999999,-8.29555,104.023849,0.0,0.0,0.0,0.0,0.0,0.0
66.6864,DATA,1,1,2,10,0,26.31699,26.31699,5.076023,1.60097456,-7.999669,61.47714,79.83046,19.6314468,5.79985046,-0.00999999,-8.29555,104.023849,0.0,0.0,0.0,0.0,0.0,0.0
66.7422943,DATA,1,1,2,10,0,26.3728828,26.3728828,5.07614231,1.60096049,-7.999862,61.55202,79.9444656,19.5207577,5.79985046,-0.00999999,-8.29555,104.023849,0.0,0.0,0.0,0.0,0.0,0.0
66.79754,DATA,1,1,2,10,0,26.4281273,26.4281273,5.076105,1.600955,-7.999735,61.5292549,80.22767,19.46364,5.79985046,-0.00999999,-8.29555,104.023849,0.0,0.0,0.0,0.0,0.0,0.0
66.85296,DATA,1,1,2,10,0,26.4835472,26.4835472,5.076326,1.60090935,-8.000014,61.7303619,80.3950348,19.3335743,5.79985046,-0.00999999,-8.29555,104.023849,0.0,0.0,0.0,0.0,0.0,0.0
66.90836,DATA,1,1,2,10,0,26.5389519,26.5389519,5.07653141,1.60083938,-8.00033951,61.7073326,80.37293,19.0680256,5.79985046,-0.00999999,-8.29555,104.023849,0.0,0.0,0.0,0.0,0.0,0.0
66.96415,DATA,1,1,2,10,0,26.594738,26.594738,5.07675,1.60070777,-8.000562,61.7638168,80.3643341,18.990799,5.79985046,-0.00999999,-8.29555,104.023849,0.0,0.0,0.0,0.0,0.0,0.0
67.01969,DATA,1,1,2,10,0,26.65028,26.65028,5.07692575,1.60059369,-8.000905,61.7021332,80.19808,18.9855843,5.79985046,-0.00999999,-8.29555,104.023849,0.0,0.0,0.0,0.0,0.0,0.0
67.0755,DATA,1,1,2,10,0,26.706089,26.706089,5.077305,1.600461,-8.001254,61.6848,79.86568,18.8625984,5.79985046,-0.00999999,-8.29555,104.023849,0.0,0.0,0.0,0.0,0.0,0.0
67.13036,DATA,1,1,2,10,0,26.760952,26.760952,5.077737,1.60037708,-8.0019865,61.7106438,79.52724,18.6027946,5.79985046,-0.00999999,-8.29555,104.023849,0.0,0.0,0.0,0.0,0.0,0.0
67.18733,DATA,1,1,2,10,0,26.81792,26.81792,5.07816267,1.60026109,-8.002538,61.87172,79.3181839,18.19753,5.79985046,-0.00999999,-8.29555,104.023849,0.0,0.0,0.0,0.0,0.0,0.0
67.24134,DATA,1,1,2,10,0,26.87193,26.87193,5.078136,1.60024667,-8.003321,61.8705,79.40929,17.8604355,5.79985046,-0.00999999,-8.29555,104.023849,0.0,0.0,0.0,0.0,0.0,0.0
67.29704,DATA,1,1,2,10,0,26.9276314,26.9276314,5.078142,1.600117,-8.003594,61.92387,79.4941,17.6463013,5.79985046,-0.00999999,-8.29555,104.023849,0.0,0.0,0.0,0.0,0.0,0.0
67.3528,DATA,1,1,2,10,0,26.983387,26.983387,5.07792425,1.60023665,-8.00386,61.9209442,79.37044,17.4385281,5.79985046,-0.00999999,-8.29555,104.023849,0.0,0.0,0.0,0.0,0.0,0.0
67.40805,DATA,1,1,2,10,0,27.03864,27.03864,5.077725,1.6002667,-8.00358,61.8210068,79.24633,17.441433,5.79985046,-0.00999999,-8.29555,104.023849,0.0,0.0,0.0,0.0,0.0,0.0
67.46432,DATA,1,1,2,10,0,27.0949059,27.0949059,5.077803,1.60060954,-8.003416,61.82538,78.76022,17.3110771,5.79985046,-0.00999999,-8.29555,104.023849,0.0,0.0,0.0,0.0,0.0,0.0
67.5196838,DATA,1,1,2,10,0,27.1502724,27.1502724,5.07761431,1.60044432,-8.00325,61.5368,79.28728,17.9205227,5.79985046,-0.00999999,-8.29555,104.023849,0.0,0.0,0.0,0.0,0.0,0.0
67.57557,DATA,1,1,2,10,0,27.2061577,27.2061577,5.076126,1.59986377,-8.005805,60.5835342,80.1671143,17.60174,5.79985046,-0.00999999,-8.29555,104.023849,0.0,0.0,0.0,0.0,0.0,0.0
67.63041,DATA,1,1,2,10,0,27.2609978,27.2609978,5.073007,1.59875178,-8.01087952,58.8921051,79.93597,14.859889,5.79985046,-0.00999999,-8.29555,104.023849,0.0,0.0,0.0,0.0,0.0,0.0
67.68611,DATA,1,1,2,10,0,27.3167,27.3167,5.06872749,1.59643185,-8.017958,56.8185463,79.47532,12.0123177,5.79985046,-0.00999999,-8.29555,104.023849,0.0,0.0,0.0,0.0,0.0,0.0
67.7418442,DATA,1,1,2,10,0,27.3724327,27.3724327,5.06428528,1.59376717,-8.026193,55.5956879,79.0807953,10.4261522,5.79985046,-0.00999999,-8.29555,104.023849,0.0,0.0,0.0,0.0,0.0,0.0
67.79733,DATA,1,1,2,10,0,27.4279213,27.4279213,5.059945,1.59132171,-8.035249,55.0874443,77.6057358,7.807158,5.79985046,-0.00999999,-8.29555,104.023849,0.0,0.0,0.0,0.0,0.0,0.0
67.85238,DATA,1,1,2,10,0,27.4829674,27.4829674,5.05552626,1.58894289,-8.043815,54.0638237,75.20519,4.13499165,5.79985046,-0.00999999,-8.29555,104.023849,0.0,0.0,0.0,0.0,0.0,0.0
67.90808,DATA,1,1,2,10,0,27.53867,27.53867,5.050807,1.58703947,-8.049874,53.4583,73.85098,1.58578014,5.79985046,-0.00999999,-8.29555,104.023849,0.0,0.0,0.0,0.0,0.0,0.0
67.96371,DATA,1,1,2,10,0,27.5942955,27.5942955,5.04546452,1.585999,-8.05364,53.7045174,75.43472,1.29207659,5.79985046,-0.00999999,-8.29555,104.023849,0.0,0.0,0.0,0.0,0.0,0.0
68.01917,DATA,1,1,2,10,0,27.6497612,27.6497612,5.0387373,1.58525121,-8.056773,53.4303665,77.09345,0.04864996,5.79985046,-0.00999999,-8.29555,104.023849,0.0,0.0,0.0,0.0,0.0,0.0
68.07489,DATA,1,1,2,10,0,27.7054787,27.7054787,5.031322,1.58510256,-8.059712,53.391468,79.04799,-0.4777527,5.79985046,-0.00999999,-8.29555,104.023849,0.0,0.0,0.0,0.0,0.0,0.0
68.13031,DATA,1,1,2,10,0,27.7608986,27.7608986,5.022468,1.58441186,-8.064141,53.1115341,81.0621643,-1.17346191,5.79985046,-0.00999999,-8.29555,104.023849,0.0,0.0,0.0,0.0,0.0,0.0
68.1862,DATA,1,1,2,10,0,27.8167915,27.8167915,5.012153,1.5847038,-8.069779,51.2873878,83.273735,-2.43707275,5.79985046,-0.00999999,-8.29555,104.023849,0.0,0.0,0.0,0.0,0.0,0.0
68.24147,DATA,1,1,2,10,0,27.8720589,27.8720589,5.00080633,1.58841491,-8.076452,49.8210564,88.45319,-1.4354248,5.79985046,-0.00999999,-8.29555,104.023849,0.0,0.0,0.0,0.0,0.0,0.0
68.29706,DATA,1,1,2,10,0,27.9276466,27.9276466,4.990042,1.5960499,-8.083596,48.00428,93.51393,-2.02471924,5.79985046,-0.00999999,-8.29555,104.023849,0.0,0.0,0.0,0.0,0.0,0.0
68.3522339,DATA,1,1,2,10,0,27.9828224,27.9828224,4.97943068,1.60540771,-8.08906651,46.56381,99.08959,-1.89071655,5.79985046,-0.00999999,-8.29555,104.023849,0.0,0.0,0.0,0.0,0.0,0.0
68.4076157,DATA,1,1,2,10,0,28.0382042,28.0382042,4.968825,1.61341178,-8.091511,43.7915535,105.122467,-1.30081177,5.79985046,-0.00999999,-8.29555,104.023849,0.0,0.0,0.0,0.0,0.0,0.0
68.46366,DATA,1,1,2,10,0,28.09425,28.09425,4.95754576,1.61825466,-8.091019,39.44056,109.709747,-0.09118652,5.79985046,-0.00999999,-8.29555,104.023849,0.0,0.0,0.0,0.0,0.0,0.0
68.51843,DATA,1,1,2,10,0,28.1490211,28.1490211,4.94673443,1.62001681,-8.089066,35.12264,112.04248,1.90983963,5.79985046,-0.00999999,-8.29555,104.023849,0.0,0.0,0.0,0.0,0.0,0.0
68.57478,DATA,1,1,2,10,0,28.2053719,28.2053719,4.937253,1.61881328,-8.087543,30.9855728,112.159889,3.716662,5.79985046,-0.00999999,-8.29555,104.023849,0.0,0.0,0.0,0.0,0.0,0.0
68.62924,DATA,1,1,2,10,0,28.25983,28.25983,4.93192434,1.61706758,-8.087024,29.726059,110.962593,4.966247,5.79985046,-0.00999999,-8.29555,104.023849,0.0,0.0,0.0,0.0,0.0,0.0
68.68536,DATA,1,1,2,10,0,28.3159523,28.3159523,4.935393,1.617995,-8.088336,33.45417,111.035378,6.20954561,5.79985046,-0.00999999,-8.29555,104.023849,0.0,0.0,0.0,0.0,0.0,0.0
68.74108,DATA,1,1,2,10,0,28.37167,28.37167,4.94991732,1.62028742,-8.093357,41.17698,110.745911,5.84596968,5.79985046,-0.00999999,-8.29555,104.023849,0.0,0.0,0.0,0.0,0.0,0.0
68.7966,DATA,1,1,2,10,0,28.4271889,28.4271889,4.97215557,1.61999452,-8.102722,52.2941132,109.613579,4.22199,5.79985046,-0.00999999,-8.29555,104.023849,0.0,0.0,0.0,0.0,0.0,0.0
68.85274,DATA,1,1,2,10,0,28.483326,28.483326,4.993308,1.61233747,-8.116739,62.3348465,100.295509,-4.648987,5.79985046,-0.00999999,-8.29555,104.023849,0.0,0.0,0.0,0.0,0.0,0.0
68.90794,DATA,1,1,2,10,0,28.5385323,28.5385323,5.01126,1.59775162,-8.129633,69.01487,85.78045,-17.8223267,5.79985046,-0.00999999,-8.29555,104.023849,0.0,0.0,0.0,0.0,0.0,0.0
68.9635849,DATA,1,1,2,10,0,28.5941734,28.5941734,5.03051138,1.58449411,-8.143001,75.48799,54.4697876,-48.8235474,5.79985046,-0.00999999,-8.29555,104.023849,0.0,0.0,0.0,0.0,0.0,0.0
69.01908,DATA,1,1,2,10,0,28.64967,28.64967,5.048583,1.56639636,-8.15682,72.59184,-5.17190552,-110.907455,5.79985046,-0.00999999,-8.29555,104.023849,0.0,0.0,0.0,0.0,0.0,0.0
69.07504,DATA,1,1,2,10,0,28.7056313,28.7056313,5.05897141,1.54816711,-8.16756248,66.8034058,-22.4249878,-135.58812,5.79985046,-0.00999999,-8.29555,104.023849,0.0,0.0,0.0,0.0,0.0,0.0
69.13012,DATA,1,1,2,10,0,28.7607079,28.7607079,5.06272,1.53081894,-8.177226,61.22703,-27.488739,-148.725708,5.79985046,-0.00999999,-8.29555,104.023849,0.0,0.0,0.0,0.0,0.0,0.0
69.186,DATA,1,1,2,10,0,28.8165855,28.8165855,5.06035137,1.51629639,-8.18554,56.1056137,-27.8011475,-154.274933,5.79985046,-0.00999999,-8.29555,104.023849,0.0,0.0,0.0,0.0,0.0,0.0
69.2402649,DATA,1,1,2,10,0,28.8708534,28.8708534,5.054559,1.50460315,-8.192582,52.848732,-24.7595825,-155.04158,5.79985046,-0.00999999,-8.29555,104.023849,0.0,0.0,0.0,0.0,0.0,0.0
69.2959,DATA,1,1,2,10,0,28.926487,28.926487,5.04713869,1.495473,-8.198522,51.0011,-19.6732178,-151.078461,5.79985046,-0.00999999,-8.29555,104.023849,0.0,0.0,0.0,0.0,0.0,0.0
69.35124,DATA,1,1,2,10,0,28.98183,28.98183,5.04146,1.48820472,-8.204079,48.96729,-15.1119995,-145.622467,5.79985046,-0.00999999,-8.29555,104.023849,0.0,0.0,0.0,0.0,0.0,0.0
69.4065857,DATA,1,1,2,10,0,29.0371742,29.0371742,5.03632641,1.4834466,-8.209015,48.0313568,-11.7539978,-140.699417,5.79985046,-0.00999999,-8.29555,104.023849,0.0,0.0,0.0,0.0,0.0,0.0
69.46191,DATA,1,1,2,10,0,29.092495,29.092495,5.032148,1.48125589,-8.21113,47.38542,-9.066589,-138.62561,5.79985046,-0.00999999,-8.29555,104.023849,0.0,0.0,0.0,0.0,0.0,0.0
69.5175552,DATA,1,1,2,10,0,29.1481438,29.1481438,5.02822065,1.48085248,-8.210819,47.9117737,-7.769226,-138.470428,5.79985046,-0.00999999,-8.29555,104.023849,0.0,0.0,0.0,0.0,0.0,0.0
69.57324,DATA,1,1,2,10,0,29.20383,29.20383,5.024686,1.480778,-8.20822,48.0942039,-6.44024658,-139.991486,5.79985046,-0.00999999,-8.29555,104.023849,0.0,0.0,0.0,0.0,0.0,0.0
69.62833,DATA,1,1,2,10,0,29.2589149,29.2589149,5.021015,1.48331118,-8.203665,49.64231,-7.51589966,-143.420975,5.79985046,-0.00999999,-8.29555,104.023849,0.0,0.0,0.0,0.0,0.0,0.0
69.6842041,DATA,1,1,2,10,0,29.3147926,29.3147926,5.020419,1.4855963,-8.199932,50.6235,-10.7052307,-149.417755,5.79985046,-0.00999999,-8.29555,104.023849,0.0,0.0,0.0,0.0,0.0,0.0
69.74039,DATA,1,1,2,10,0,29.3709755,29.3709755,5.019722,1.48741639,-8.197172,51.8948746,-13.3588257,-156.625885,5.79985046,-0.00999999,-8.29555,104.023849,0.0,0.0,0.0,0.0,0.0,0.0
69.79514,DATA,1,1,2,10,0,29.4257317,29.4257317,5.016612,1.49030089,-8.194633,52.890213,-15.3389282,-161.759781,5.79985046,-0.00999999,-8.29555,104.023849,0.0,0.0,0.0,0.0,0.0,0.0
69.85089,DATA,1,1,2,10,0,29.48148,29.48148,5.00990152,1.49372768,-8.192127,54.14749,-15.6488342,-164.1883,5.79985046,-0.00999999,-8.29555,104.023849,0.0,0.0,0.0,0.0,0.0,0.0
69.90679,DATA,1,1,2,10,0,29.53738,29.53738,5.00319,1.49971616,-8.189225,56.4455223,-16.5178528,-165.026154,5.79985046,-0.00999999,-8.29555,104.023849,0.0,0.0,0.0,0.0,0.0,0.0
69.96248,DATA,1,1,2,10,0,29.5930672,29.5930672,4.99272251,1.50892174,-8.183088,60.4925461,-14.6174927,-161.158691,5.79985046,-0.00999999,-8.29555,104.023849,0.0,0.0,0.0,0.0,0.0,0.0
70.01895,DATA,1,1,2,10,0,29.64954,29.64954,4.98368549,1.522887,-8.174522,65.76069,-14.436554,-156.537949,5.79985046,-0.00999999,-8.29555,104.023849,0.0,0.0,0.0,0.0,0.0,0.0
70.0749741,DATA,1,1,2,10,0,29.7055626,29.7055626,4.97269154,1.54115462,-8.16419,73.28931,-8.551514,-145.532455,5.79985046,-0.00999999,-8.29555,104.023849,0.0,0.0,0.0,0.0,0.0,0.0
70.13015,DATA,1,1,2,10,0,29.7607384,29.7607384,4.962276,1.56071877,-8.150732,80.7579041,7.9704895,-123.38031,5.79985046,-0.00999999,-8.29555,104.023849,0.0,0.0,0.0,0.0,0.0,0.0
70.18649,DATA,1,1,2,10,0,29.8170815,29.8170815,4.950349,1.57994854,-8.136028,82.77412,81.48766,-45.4831238,5.79985046,-0.00999999,-8.29555,104.023849,0.0,0.0,0.0,0.0,0.0,0.0
70.24205,DATA,1,1,2,10,0,29.8726387,29.8726387,4.93913651,1.59557962,-8.122961,76.66815,113.816162,-9.959778,5.79985046,-0.00999999,-8.29555,104.023849,0.0,0.0,0.0,0.0,0.0,0.0
70.29768,DATA,1,1,2,10,0,29.9282722,29.9282722,4.929461,1.60727,-8.113346,70.67362,120.438171,-2.21289063,5.79985046,-0.00999999,-8.29555,104.023849,0.0,0.0,0.0,0.0,0.0,0.0
70.35272,DATA,1,1,2,10,0,29.98331,29.98331,4.921214,1.61574376,-8.107429,66.0629349,121.03833,-2.35186768,5.79985046,-0.00999999,-8.29555,104.023849,0.0,0.0,0.0,0.0,0.0,0.0
70.4085159,DATA,1,1,2,10,0,30.0391045,30.0391045,4.91448832,1.6213702,-8.104249,62.4675446,120.54493,-3.77322388,5.79985046,-0.00999999,-8.29555,104.023849,0.0,0.0,0.0,0.0,0.0,0.0
70.46374,DATA,1,1,2,10,0,30.094326,30.094326,4.907797,1.62451649,-8.101492,59.0017166,119.9664,-4.5144043,5.79985046,-0.00999999,-8.29555,104.023849,0.0,0.0,0.0,0.0,0.0,0.0
70.52019,DATA,1,1,2,10,0,30.1507759,30.1507759,4.90006351,1.62599862,-8.098742,55.262867,118.963158,-5.19973755,5.79985046,-0.00999999,-8.29555,104.023849,0.0,0.0,0.0,0.0,0.0,0.0
70.57557,DATA,1,1,2,10,0,30.2061577,30.2061577,4.89086628,1.62620783,-8.094927,50.6348457,118.50914,-4.92102051,5.79985046,-0.00999999,-8.29555,104.023849,0.0,0.0,0.0,0.0,0.0,0.0
70.62977,DATA,1,1,2,10,0,30.2603569,30.2603569,4.88263559,1.62765408,-8.091641,46.57298,117.386093,-5.05050659,5.79985046,-0.00999999,-8.29555,104.023849,0.0,0.0,0.0,0.0,0.0,0.0
70.68549,DATA,1,1,2,10,0,30.316082,30.316082,4.8792057,1.63035357,-8.087329,43.20944,120.186089,-3.79077148,5.79985046,-0.00999999,-8.29555,104.023849,0.0,0.0,0.0,0.0,0.0,0.0
70.74114,DATA,1,1,2,10,0,30.37173,30.37173,4.877763,1.63342941,-8.087628,40.690918,119.2249,-3.30575562,5.79985046,-0.00999999,-8.29555,104.023849,0.0,0.0,0.0,0.0,0.0,0.0
70.79647,DATA,1,1,2,10,0,30.42706,30.42706,4.87493563,1.63574445,-8.086147,37.2104645,118.892342,-2.74713135,5.79985046,-0.00999999,-8.29555,104.023849,0.0,0.0,0.0,0.0,0.0,0.0
70.85163,DATA,1,1,2,10,0,30.48222,30.48222,4.872092,1.63762307,-8.082874,33.84351,118.506981,-2.16000366,5.79985046,-0.00999999,-8.29555,104.023849,0.0,0.0,0.0,0.0,0.0,0.0
70.9071655,DATA,1,1,2,10,0,30.5377541,30.5377541,4.868977,1.63887119,-8.079846,31.3297443,118.474045,-1.77502441,5.79985046,-0.00999999,-8.29555,104.023849,0.0,0.0,0.0,0.0,0.0,0.0
70.96297,DATA,1,1,2,10,0,30.5935555,30.5935555,4.8662796,1.63790894,-8.077122,28.2014484,117.915161,-1.62054443,5.79985046,-0.00999999,-8.29555,104.023849,0.0,0.0,0.0,0.0,0.0,0.0
71.01871,DATA,1,1,2,10,0,30.6492958,30.6492958,4.864541,1.63822591,-8.075558,26.8664265,117.457481,-0.388336182,5.79985046,-0.00999999,-8.29555,104.023849,0.0,0.0,0.0,0.0,0.0,0.0
71.07455,DATA,1,1,2,10,0,30.7051353,30.7051353,4.86316824,1.63852227,-8.073781,26.1825085,116.8794,0.17313002,5.79985046,-0.00999999,-8.29555,104.023849,0.0,0.0,0.0,0.0,0.0,0.0
71.1297,DATA,1,1,2,10,0,30.7602882,30.7602882,4.90133524,1.63908958,-8.082487,25.4581928,117.106247,0.104599476,5.84040165,-0.01000005,-8.305678,104.023849,0.0,0.0,1.0,0.0,0.0,0.0
71.1860657,DATA,1,1,2,10,0,30.8166542,30.8166542,5.05777025,1.63968468,-8.121134,24.9422283,117.213287,0.1918348,5.99851131,-0.01000005,-8.34517,104.023849,0.0,0.0,1.0,0.0,0.0,0.0
71.24184,DATA,1,1,2,10,0,30.8724251,30.8724251,5.2198863,1.640331,-8.161497,24.4840851,117.109825,0.21037136,6.162123,-0.0100001693,-8.386035,104.023849,0.0,0.0,1.0,0.0,0.0,0.0
71.29723,DATA,1,1,2,10,0,30.9278221,30.9278221,5.380632,1.64074481,-8.201268,24.1171761,117.156,0.4876178,6.32389832,-0.00999999,-8.426442,104.023849,0.0,0.0,0.0,0.0,0.0,0.0
71.35218,DATA,1,1,2,10,0,30.982769,30.982769,5.37981462,1.64052677,-8.201104,23.4124775,117.041328,0.490279049,6.32389832,-0.00999999,-8.426442,104.023849,0.0,0.0,0.0,0.0,0.0,0.0
71.40764,DATA,1,1,2,10,0,31.0382271,31.0382271,5.379636,1.63979506,-8.20101452,22.7836761,116.960365,0.650650859,6.32389832,-0.00999999,-8.426442,104.023849,0.0,0.0,0.0,0.0,0.0,0.0
71.46377,DATA,1,1,2,10,0,31.0943565,31.0943565,5.379805,1.63908911,-8.20109,22.1334934,116.758408,0.4816372,6.32389832,-0.00999999,-8.426442,104.023849,0.0,0.0,0.0,0.0,0.0,0.0
71.51928,DATA,1,1,2,10,0,31.149868,31.149868,5.379396,1.63886285,-8.201073,21.92033,116.689247,0.5242739,6.32389832,-0.00999999,-8.426442,104.023849,0.0,0.0,0.0,0.0,0.0,0.0
71.5748,DATA,1,1,2,10,0,31.2053871,31.2053871,5.37836456,1.63940966,-8.200821,22.4573421,116.833122,0.7622532,6.32389832,-0.00999999,-8.426442,104.023849,0.0,0.0,0.0,0.0,0.0,0.0
71.62958,DATA,1,1,2,10,0,31.2601662,31.2601662,5.3767724,1.63880336,-8.20059,23.2026825,117.442589,1.0720911,6.32389832,-0.00999999,-8.426442,104.023849,0.0,0.0,0.0,0.0,0.0,0.0
71.68608,DATA,1,1,2,10,0,31.31667,31.31667,5.37596226,1.637173,-8.200032,23.0235119,117.823029,0.809684753,6.32389832,-0.00999999,-8.426442,104.023849,0.0,0.0,0.0,0.0,0.0,0.0
71.7411041,DATA,1,1,2,10,0,31.3716927,31.3716927,5.375109,1.63575363,-8.199855,23.1092148,118.323906,1.07442009,6.32389832,-0.00999999,-8.426442,104.023849,0.0,0.0,0.0,0.0,0.0,0.0
71.79751,DATA,1,1,2,10,0,31.4280968,31.4280968,5.37525654,1.63374007,-8.199791,22.196991,118.38868,0.918091953,6.32389832,-0.00999999,-8.426442,104.023849,0.0,0.0,0.0,0.0,0.0,0.0
71.85238,DATA,1,1,2,10,0,31.4829674,31.4829674,5.37609,1.63347387,-8.201306,20.924593,117.679924,0.8045084,6.32389832,-0.00999999,-8.426442,104.023849,0.0,0.0,0.0,0.0,0.0,0.0
71.9081,DATA,1,1,2,10,0,31.5386848,31.5386848,5.378109,1.63581252,-8.202714,20.571928,117.304855,1.306855,6.32389832,-0.00999999,-8.426442,104.023849,0.0,0.0,0.0,0.0,0.0,0.0
71.9634857,DATA,1,1,2,10,0,31.5940742,31.5940742,5.3802433,1.63674128,-8.204113,19.0710487,116.751732,1.7420336,6.32389832,-0.00999999,-8.426442,104.023849,0.0,0.0,0.0,0.0,0.0,0.0
72.01932,DATA,1,1,2,10,0,31.6499062,31.6499062,5.38207674,1.63770318,-8.205424,17.30957,116.043442,1.57380211,6.32389832,-0.00999999,-8.426442,104.023849,0.0,0.0,0.0,0.0,0.0,0.0
72.07523,DATA,1,1,2,10,0,31.705822,31.705822,5.383019,1.63789606,-8.205926,15.7234745,115.838593,1.26170337,6.32389832,-0.00999999,-8.426442,104.023849,0.0,0.0,0.0,0.0,0.0,0.0
72.13007,DATA,1,1,2,10,0,31.7606621,31.7606621,5.38295269,1.63835442,-8.205228,14.76503,116.509193,1.17238069,6.32389832,-0.00999999,-8.426442,104.023849,0.0,0.0,0.0,0.0,0.0,0.0
72.18655,DATA,1,1,2,10,0,31.8171349,31.8171349,5.38196373,1.6394105,-8.205794,14.527483,116.718,2.165923,6.32389832,-0.00999999,-8.426442,104.023849,0.0,0.0,0.0,0.0,0.0,0.0
72.24217,DATA,1,1,2,10,0,31.87276,31.87276,5.381171,1.6398809,-8.20486,14.7019911,117.061028,2.56864858,6.32389832,-0.00999999,-8.426442,104.023849,0.0,0.0,0.0,0.0,0.0,0.0
72.29729,DATA,1,1,2,10,0,31.9278755,31.9278755,5.379728,1.64037943,-8.203545,15.5005407,117.233261,3.09488988,6.32389832,-0.00999999,-8.426442,104.023849,0.0,0.0,0.0,0.0,0.0,0.0
72.35212,DATA,1,1,2,10,0,31.982708,31.982708,5.377271,1.64129961,-8.202238,17.2777519,117.487175,4.01189,6.32389832,-0.00999999,-8.426442,104.023849,0.0,0.0,0.0,0.0,0.0,0.0
72.40771,DATA,1,1,2,10,0,32.0382957,32.0382957,5.374946,1.64183545,-8.199776,18.4570084,118.102554,4.883489,6.32389832,-0.00999999,-8.426442,104.023849,0.0,0.0,0.0,0.0,0.0,0.0
72.46393,DATA,1,1,2,10,0,32.0945168,32.0945168,5.373124,1.64243889,-8.19856548,19.5178127,118.794533,5.15255833,6.32389832,-0.00999999,-8.426442,104.023849,0.0,0.0,0.0,0.0,0.0,0.0
72.51956,DATA,1,1,2,10,0,32.15015,32.15015,5.371704,1.642775,-8.19689751,19.91372,119.475037,4.75185251,6.32389832,-0.00999999,-8.426442,104.023849,0.0,0.0,0.0,0.0,0.0,0.0
72.5744553,DATA,1,1,2,10,0,32.2050438,32.2050438,5.37044144,1.64288926,-8.195935,20.2115955,119.664368,5.128792,6.32389832,-0.00999999,-8.426442,104.023849,0.0,0.0,0.0,0.0,0.0,0.0
72.63016,DATA,1,1,2,10,0,32.260746,32.260746,5.36968565,1.64283442,-8.194987,20.0907078,119.602585,4.96105528,6.32389832,-0.00999999,-8.426442,104.023849,0.0,0.0,0.0,0.0,0.0,0.0
72.6860046,DATA,1,1,2,10,0,32.3165932,32.3165932,5.36946058,1.64314485,-8.194457,20.0969963,119.322037,5.184117,6.32389832,-0.00999999,-8.426442,104.023849,0.0,0.0,0.0,0.0,0.0,0.0
72.74192,DATA,1,1,2,10,0,32.37251,32.37251,5.36905575,1.643258,-8.193652,20.1223087,119.207993,4.970769,6.32389832,-0.00999999,-8.426442,104.023849,0.0,0.0,0.0,0.0,0.0,0.0
72.7969055,DATA,1,1,2,10,0,32.427494,32.427494,5.369051,1.642771,-8.193457,20.1591473,119.048439,4.943051,6.32389832,-0.00999999,-8.426442,104.023849,0.0,0.0,0.0,0.0,0.0,0.0
72.851944,DATA,1,1,2,10,0,32.4825325,32.4825325,5.36914158,1.64238477,-8.193133,20.1118011,118.966843,4.754334,6.32389832,-0.00999999,-8.426442,104.023849,0.0,0.0,0.0,0.0,0.0,0.0
72.90403,DATA,1,1,2,10,0,32.53462,32.53462,5.369384,1.64244366,-8.192842,20.1120358,118.938187,4.723515,6.32389832,-0.00999999,-8.426442,104.023849,0.0,0.0,0.0,0.0,0.0,0.0
72.96209,DATA,1,1,2,10,0,32.5926781,32.5926781,5.369515,1.64227962,-8.192472,20.1441212,119.011879,4.707034,6.32389832,-0.00999999,-8.426442,104.023849,0.0,0.0,0.0,0.0,0.0,0.0
73.01737,DATA,1,1,2,10,0,32.64796,32.64796,5.36954451,1.64212644,-8.192032,20.10443,118.981842,4.627832,6.32389832,-0.00999999,-8.426442,104.023849,0.0,0.0,0.0,0.0,0.0,0.0
73.07293,DATA,1,1,2,10,0,32.7035179,32.7035179,5.369645,1.64199948,-8.191655,20.2547073,119.011871,4.576408,6.32389832,-0.00999999,-8.426442,104.023849,0.0,0.0,0.0,0.0,0.0,0.0
73.1276,DATA,1,1,2,10,0,32.75819,32.75819,5.369487,1.64202678,-8.19129848,20.4034481,118.995476,4.42417526,6.32389832,-0.00999999,-8.426442,104.023849,0.0,0.0,0.0,0.0,0.0,0.0
73.18387,DATA,1,1,2,10,0,32.8144569,32.8144569,5.36922455,1.64150631,-8.191254,20.7496262,119.290565,4.187387,6.32389832,-0.00999999,-8.426442,104.023849,0.0,0.0,0.0,0.0,0.0,0.0
73.23986,DATA,1,1,2,10,0,32.87045,32.87045,5.36833525,1.6409837,-8.190876,21.6455841,120.1338,3.87232637,6.32389832,-0.00999999,-8.426442,104.023849,0.0,0.0,0.0,0.0,0.0,0.0
73.29503,DATA,1,1,2,10,0,32.9256172,32.9256172,5.36722136,1.63945162,-8.191112,22.4908886,120.84935,3.644233,6.32389832,-0.00999999,-8.426442,104.023849,0.0,0.0,0.0,0.0,0.0,0.0
73.34948,DATA,1,1,2,10,0,32.98007,32.98007,5.36625671,1.63861132,-8.19135,23.3239651,121.406174,3.60587549,6.32389832,-0.00999999,-8.426442,104.023849,0.0,0.0,0.0,0.0,0.0,0.0
73.40588,DATA,1,1,2,10,0,33.0364723,33.0364723,5.36591673,1.63829207,-8.191773,23.58369,121.634224,3.67901444,6.32389832,-0.00999999,-8.426442,104.023849,0.0,0.0,0.0,0.0,0.0,0.0
73.4616241,DATA,1,1,2,10,0,33.0922127,33.0922127,5.365645,1.638993,-8.192017,23.2626877,121.545677,3.58247352,6.32389832,-0.00999999,-8.426442,104.023849,0.0,0.0,0.0,0.0,0.0,0.0
73.5175,DATA,1,1,2,10,0,33.14809,33.14809,5.365534,1.63978,-8.192237,22.8793221,121.421913,3.56622124,6.32389832,-0.00999999,-8.426442,104.023849,0.0,0.0,0.0,0.0,0.0,0.0
73.57242,DATA,1,1,2,10,0,33.2030067,33.2030067,5.365287,1.64017761,-8.192466,22.69322,121.377464,3.38037968,6.32389832,-0.00999999,-8.426442,104.023849,0.0,0.0,0.0,0.0,0.0,0.0
73.62716,DATA,1,1,2,10,0,33.2577477,33.2577477,5.36497164,1.64024889,-8.192713,22.68594,121.214737,3.27541184,6.32389832,-0.00999999,-8.426442,104.023849,0.0,0.0,0.0,0.0,0.0,0.0
73.6835251,DATA,1,1,2,10,0,33.3141136,33.3141136,5.36479759,1.640223,-8.192849,22.6507,121.130646,3.19454956,6.32389832,-0.00999999,-8.426442,104.023849,0.0,0.0,0.0,0.0,0.0,0.0
73.7389,DATA,1,1,2,10,0,33.3694878,33.3694878,5.36461067,1.64018047,-8.192898,22.6678638,121.086494,3.12841845,6.32389832,-0.00999999,-8.426442,104.023849,0.0,0.0,0.0,0.0,0.0,0.0
73.79483,DATA,1,1,2,10,0,33.42542,33.42542,5.364278,1.64004374,-8.193051,22.65878,121.004181,2.94154167,6.32389832,-0.00999999,-8.426442,104.023849,0.0,0.0,0.0,0.0,0.0,0.0
73.85018,DATA,1,1,2,10,0,33.48077,33.48077,5.364286,1.64015579,-8.193238,22.570755,120.910385,2.844143,6.32389832,-0.00999999,-8.426442,104.023849,0.0,0.0,0.0,0.0,0.0,0.0
73.9063,DATA,1,1,2,10,0,33.5368919,33.5368919,5.364185,1.64027178,-8.193354,22.5226536,120.908554,2.80632639,6.32389832,-0.00999999,-8.426442,104.023849,0.0,0.0,0.0,0.0,0.0,0.0
73.96144,DATA,1,1,2,10,0,33.59203,33.59203,5.36414337,1.64026678,-8.193473,22.5325584,120.875786,2.80088925,6.32389832,-0.00999999,-8.426442,104.023849,0.0,0.0,0.0,0.0,0.0,0.0
74.01724,DATA,1,1,2,10,0,33.64783,33.64783,5.363931,1.64008689,-8.193527,22.5642567,120.841454,2.71015239,6.32389832,-0.00999999,-8.426442,104.023849,0.0,0.0,0.0,0.0,0.0,0.0
74.072876,DATA,1,1,2,10,0,33.7034645,33.7034645,5.36397028,1.64014578,-8.193585,22.57645,120.867851,2.7090466,6.32389832,-0.00999999,-8.426442,104.023849,0.0,0.0,0.0,0.0,0.0,0.0
74.12787,DATA,1,1,2,10,0,33.7584572,33.7584572,5.36377335,1.640165,-8.193513,22.5496864,120.879868,2.74007559,6.32389832,-0.00999999,-8.426442,104.023849,0.0,0.0,0.0,0.0,0.0,0.0
74.18436,DATA,1,1,2,10,0,33.8149452,33.8149452,5.36382341,1.64038384,-8.193414,22.4160786,120.756241,2.671711,6.32389832,-0.00999999,-8.426442,104.023849,0.0,0.0,0.0,0.0,0.0,0.0
74.2392349,DATA,1,1,2,10,0,33.8698235,33.8698235,5.36374331,1.64061689,-8.193273,22.2816677,120.606,2.65095329,6.32389832,-0.00999999,-8.426442,104.023849,0.0,0.0,0.0,0.0,0.0,0.0
74.29511,DATA,1,1,2,10,0,33.9257,33.9257,5.36387062,1.64067721,-8.193171,22.2394829,120.491219,2.6348455,6.32389832,-0.00999999,-8.426442,104.023849,0.0,0.0,0.0,0.0,0.0,0.0
74.3791656,DATA,1,1,2,10,0,34.0097542,34.0097542,5.36400747,1.640598,-8.193246,22.1993637,120.398529,2.668591,6.32389832,-0.00999999,-8.426442,104.023849,0.0,0.0,0.0,0.0,0.0,0.0
