timestamp,eventType,mazeNumber,attemptNumber,collectedCoins,totalCoins,totalScore,mazeElapsedTime,totalGameElapsedTime,headPositionX,headPositionY,headPositionZ,headRotationX,headRotationY,headRotationZ,playerPositionX,playerPositionY,playerPositionZ,playerRotationY,rightThumbstickX,rightThumbstickY,rightTrigger,leftThumbstickX,leftThumbstickY,leftTrigger
4.07663536,DATA,1,0,0,0,0,0.0,0.0,0.564790845,1.6579839,-1.05539644,19.21739,9.558004,1.35806537,0.55,0.0,-0.05,0.0,0.0,0.0,0.0,0.0,0.0,0.0
4.40996838,DATA,1,0,0,0,0,0.0,0.0,0.564308047,1.65899038,-1.05626488,18.4877815,9.41765,1.20664978,0.55,0.0,-0.05,0.0,0.0,0.0,0.0,0.0,0.0,0.0
4.48885059,DATA,1,0,0,0,0,0.0,0.0,0.5644001,1.659092,-1.05635607,18.4073563,9.433694,1.20847583,0.55,0.0,-0.05,0.0,0.0,0.0,0.0,0.0,0.0,0.0
4.55735874,DATA,1,0,0,0,0,0.0,0.0,0.5646287,1.65918159,-1.05657828,18.1845112,9.417008,1.19013357,0.55,0.0,-0.05,0.0,0.0,0.0,0.0,0.0,0.0,0.0
4.60942364,DATA,1,0,0,0,0,0.0,0.0,0.564669132,1.6591084,-1.05658388,18.1916332,9.396667,1.179133,0.55,0.0,-0.05,0.0,0.0,0.0,0.0,0.0,0.0,0.0
4.66485167,DATA,1,0,0,0,0,0.0,0.0,0.5646793,1.65898836,-1.05648637,18.2724056,9.351534,1.11629272,0.55,0.0,-0.05,0.0,0.0,0.0,0.0,0.0,0.0,0.0
4.719758,DATA,1,0,0,0,0,0.0,0.0,0.5647235,1.65883136,-1.05645311,18.3575344,9.312743,1.11625838,0.55,0.0,-0.05,0.0,0.0,0.0,0.0,0.0,0.0,0.0
4.775068,DATA,1,0,0,0,0,0.0,0.0,0.5645481,1.65874243,-1.056224,18.3908215,9.25514,1.09837759,0.55,0.0,-0.05,0.0,0.0,0.0,0.0,0.0,0.0,0.0
4.83072758,DATA,1,0,0,0,0,0.0,0.0,0.564389765,1.65881824,-1.0561682,18.3858414,9.193064,1.096864,0.55,0.0,-0.05,0.0,0.0,0.0,0.0,0.0,0.0,0.0
4.886335,DATA,1,0,0,0,0,0.0,0.0,0.564231038,1.658884,-1.05621254,18.4152,9.171339,1.09799838,0.55,0.0,-0.05,0.0,0.0,0.0,0.0,0.0,0.0,0.0
4.94173,DATA,1,0,0,0,0,0.0,0.0,0.564066052,1.65895617,-1.05634058,18.4340954,9.179777,1.1860677,0.55,0.0,-0.05,0.0,0.0,0.0,0.0,0.0,0.0,0.0
4.997264,DATA,1,0,0,0,0,0.0,0.0,0.563824654,1.65900266,-1.05639529,18.4459343,9.154789,1.2053051,0.55,0.0,-0.05,0.0,0.0,0.0,0.0,0.0,0.0,0.0
5.052686,DATA,1,0,0,0,0,0.0,0.0,0.563605666,1.65894878,-1.05642593,18.4890823,9.148779,1.23577344,0.55,0.0,-0.05,0.0,0.0,0.0,0.0,0.0,0.0,0.0
5.108281,DATA,1,0,0,0,0,0.0,0.0,0.5635515,1.65887237,-1.05644858,18.4925079,9.177301,1.239762,0.55,0.0,-0.05,0.0,0.0,0.0,0.0,0.0,0.0,0.0
5.161358,DATA,1,0,0,0,0,0.0,0.0,0.563464344,1.65889227,-1.05640328,18.4730759,9.13179,1.32104278,0.55,0.0,-0.05,0.0,0.0,0.0,0.0,0.0,0.0,0.0
5.22073746,DATA,1,0,0,0,0,0.0,0.0,0.5634628,1.6590085,-1.05641317,18.4981213,9.162174,1.2184025,0.55,0.0,-0.05,0.0,0.0,0.0,0.0,0.0,0.0,0.0
5.27758026,DATA,1,0,0,0,0,0.0,0.0,0.563466966,1.65893817,-1.05643439,18.4902058,9.15134048,1.22881746,0.55,0.0,-0.05,0.0,0.0,0.0,0.0,0.0,0.0,0.0
5.33346462,DATA,1,0,0,0,0,0.0,0.0,0.56348,1.6589458,-1.05647171,18.4862461,9.126604,1.25414622,0.55,0.0,-0.05,0.0,0.0,0.0,0.0,0.0,0.0,0.0
5.38883257,DATA,1,0,0,0,0,0.0,0.0,0.5634799,1.658912,-1.056422,18.5071278,9.141861,1.2557162,0.55,0.0,-0.05,0.0,0.0,0.0,0.0,0.0,0.0,0.0
5.44505835,DATA,1,0,0,0,0,0.0,0.0,0.5635275,1.65887344,-1.05651867,18.53969,9.151656,1.22821248,0.55,0.0,-0.05,0.0,0.0,0.0,0.0,0.0,0.0,0.0
5.500555,DATA,1,0,0,0,0,0.0,0.0,0.612447739,1.65890193,-1.05444551,18.5431118,5.56228256,1.27596283,0.55,0.0,-0.05,-2.79013062,-0.989837348,0.141880572,0.0,0.0,0.0,0.0
5.556815,DATA,1,0,0,0,0,0.0,0.0,0.6992236,1.658927,-1.04530454,18.5514736,0.545721531,1.2841121,0.55,0.0,-0.05,-7.7598877,-0.990020454,0.140537739,0.0,0.0,0.0,0.0
5.612043,DATA,1,0,0,0,0,0.0,0.0,0.7845882,1.65880513,-1.02864218,18.5580139,-4.40939331,1.25452673,0.55,0.0,-0.05,-12.711731,-0.990173042,0.1395306,0.0,0.0,0.0,0.0
5.6680665,DATA,1,0,0,0,0,0.0,0.0,0.8695893,1.65877557,-1.00423288,18.5895252,-9.443176,1.23280621,0.55,0.0,-0.05,-17.7487183,-0.990173042,0.1395306,0.0,0.0,0.0,0.0
5.72348547,DATA,1,0,0,0,0,0.0,0.0,0.9470591,1.65862608,-0.9744803,18.6545277,-14.0584717,1.24139917,0.55,0.0,-0.05,-22.4761353,-0.734824657,0.230170608,0.0,0.0,0.0,0.0
5.779535,DATA,1,0,0,0,0,0.0,0.0,0.9734089,1.65860009,-0.962711334,18.658905,-15.0565186,1.23718476,0.55,0.0,-0.05,-24.1195984,0.0,0.0,0.0,0.0,0.0,0.0
5.834139,DATA,1,0,0,0,0,0.0,0.0,0.9733098,1.65851688,-0.9625636,18.678812,-15.03772,1.2695061,0.55,0.0,-0.05,-24.1195984,0.0,0.0,0.0,0.0,0.0,0.0
5.88963747,DATA,1,0,0,0,0,0.0,0.0,0.9732572,1.65846419,-0.9625111,18.6948261,-15.0724182,1.26675892,0.55,0.0,-0.05,-24.1195984,0.0,0.0,0.0,0.0,0.0,0.0
5.94555664,DATA,1,0,0,0,0,0.0,0.0,0.973302066,1.65838683,-0.962487459,18.7004642,-15.0897217,1.272577,0.55,0.0,-0.05,-24.1195984,0.0,0.0,0.0,0.0,0.0,0.0
6.001437,DATA,1,0,0,0,0,0.0,0.0,0.973343432,1.65827954,-0.9624617,18.7178783,-15.1153259,1.26655114,0.55,0.0,-0.05,-24.1195984,0.0,0.0,0.0,0.0,0.0,0.0
6.05664968,DATA,1,0,0,0,0,0.0,0.0,0.973381639,1.65832973,-0.9625188,18.7021732,-15.14859,1.24725914,0.55,0.0,-0.05,-24.1195984,0.0,0.0,0.0,0.0,0.0,0.0
6.112074,DATA,1,0,0,0,0,0.0,0.0,0.9833162,1.65839469,-0.957703531,18.6769333,-16.3916016,1.2189002,0.55,0.0,-0.05,-24.74878,-0.7448653,-0.0305185318,0.0,0.0,0.0,0.0
6.168041,DATA,1,0,0,0,0,0.0,0.0,1.05578625,1.65846026,-0.919434965,18.6395969,-21.2931519,1.208369,0.55,0.0,-0.05,-29.4155884,-0.999237061,-0.03894162,0.0,0.0,0.0,0.0
6.22340155,DATA,1,0,0,0,0,0.0,0.0,1.12808359,1.65841663,-0.8730382,18.6189976,-26.2834167,1.21306074,0.55,0.0,-0.05,-34.3200073,-0.999237061,-0.03894162,0.0,0.0,0.0,0.0
6.279581,DATA,1,0,0,0,0,0.0,0.0,1.19801259,1.65843439,-0.819152057,18.613554,-31.3565063,1.15993071,0.55,0.0,-0.05,-39.3453674,-0.999542236,-0.029114604,0.0,0.0,0.0,0.0
6.334772,DATA,1,0,0,0,0,0.0,0.0,1.262714,1.65837383,-0.759412944,18.6389465,-36.33905,1.17938709,0.55,0.0,-0.05,-44.3659973,-0.9996948,-0.0239570141,0.0,0.0,0.0,0.0
6.389549,DATA,1,0,0,0,0,0.0,0.0,1.32156515,1.6582638,-0.6949222,18.660387,-41.3069153,1.15326023,0.55,0.0,-0.05,-49.3375854,-0.999938965,-0.00628685951,0.0,0.0,0.0,0.0
6.44564247,DATA,1,0,0,0,0,0.0,0.0,1.37502182,1.65831685,-0.6248885,18.6772575,-46.3422546,1.12775576,0.55,0.0,-0.05,-54.3563843,-0.9999695,0.00567644835,0.0,0.0,0.0,0.0
6.501083,DATA,1,0,0,0,0,0.0,0.0,1.42151463,1.65838993,-0.55180335,18.6497841,-51.3215332,1.10353827,0.55,0.0,-0.05,-59.2861023,-0.9999695,0.006958246,0.0,0.0,0.0,0.0
6.55779934,DATA,1,0,0,0,0,0.0,0.0,1.46336317,1.6584723,-0.4711785,18.6287689,-56.4612122,1.11415136,0.55,0.0,-0.05,-64.4657,-0.9999695,0.006958246,0.0,0.0,0.0,0.0
6.61442757,DATA,1,0,0,0,0,0.0,0.0,1.49601364,1.65848541,-0.3918084,18.6158524,-61.5316772,1.11299264,0.55,0.0,-0.05,-69.35373,-0.9999695,0.006958246,0.0,0.0,0.0,0.0
6.66760826,DATA,1,0,0,0,0,0.0,0.0,1.5221771,1.658468,-0.308358669,18.64423,-66.4418,1.11210144,0.55,0.0,-0.05,-74.33685,-0.9999695,0.006958246,0.0,0.0,0.0,0.0
6.72390032,DATA,1,0,0,0,0,0.0,0.0,1.5408386,1.65841746,-0.223198041,18.6446571,-71.5043945,1.12349153,0.55,0.0,-0.05,-79.30194,-0.9999695,0.006958246,0.0,0.0,0.0,0.0
6.779628,DATA,1,0,0,0,0,0.0,0.0,1.55222178,1.65837049,-0.135050222,18.6646042,-76.56848,1.130069,0.55,0.0,-0.05,-84.3623657,-0.9999695,0.006958246,0.0,0.0,0.0,0.0
6.834669,DATA,1,0,0,0,0,0.0,0.0,1.55570853,1.65844417,-0.0472611263,18.6607113,-81.54071,1.12267935,0.55,0.0,-0.05,-89.37396,-0.9999695,0.007965326,0.0,0.0,0.0,0.0
6.890131,DATA,1,0,0,0,0,0.0,0.0,1.55168486,1.65835869,0.04032713,18.7119617,-86.52728,1.14039552,0.55,0.0,-0.05,-94.37033,-0.9999695,0.007965326,0.0,0.0,0.0,0.0
6.94537,DATA,1,0,0,0,0,0.0,0.0,1.53983843,1.65839112,0.1266004,18.73713,-91.5307,1.17380893,0.55,0.0,-0.05,-99.33948,-0.9998779,0.0127872825,0.0,0.0,0.0,0.0
7.001337,DATA,1,0,0,0,0,0.0,0.0,1.52073026,1.65838158,0.212018877,18.7706985,-96.46988,1.19383156,0.55,0.0,-0.05,-104.330719,-0.911008,0.0837428,0.0,0.0,0.0,0.0
7.056952,DATA,1,0,0,0,0,0.0,0.0,1.50678515,1.658283,0.259379566,18.7682629,-98.52173,1.22301841,0.55,0.0,-0.05,-107.1548,0.0,0.0,0.0,0.0,0.0,0.0
7.112111,DATA,1,0,0,0,0,0.0,0.0,1.50681233,1.65837073,0.2594192,18.75586,-98.47815,1.24419248,0.55,0.0,-0.05,-107.1548,0.0,0.0,0.0,0.0,0.0,0.0
7.167665,DATA,1,0,0,0,0,0.0,0.0,1.50678027,1.65848589,0.259302944,18.716135,-98.49756,1.26245165,0.55,0.0,-0.05,-107.1548,0.0,0.0,1.0,0.0,0.0,0.0
7.22401047,DATA,1,0,0,0,0,0.0,0.0,1.34850621,1.64852262,0.210417375,18.6906986,-98.51282,1.311719,0.3917086,-0.01000005,-0.09886256,-107.1548,0.0,0.0,1.0,0.0,0.0,0.0
7.27902842,DATA,1,0,0,0,0,0.0,0.0,1.189374,1.64850926,0.161025882,18.7207813,-98.54242,1.37499022,0.23250249,-0.01000011,-0.148007482,-107.1548,0.0,0.0,1.0,0.0,0.0,0.0
7.33494234,DATA,1,0,0,0,0,0.0,0.0,1.02783573,1.6485374,0.1111437,18.75727,-98.53476,1.31125176,0.07100552,-0.01000005,-0.19785957,-107.1548,0.0,0.0,1.0,0.0,0.0,0.0
7.38982439,DATA,1,0,0,0,0,0.0,0.0,0.869389951,1.64843583,0.06225513,18.779911,-98.52176,1.3000102,-0.0874300748,-0.01000005,-0.246766642,-107.1548,0.0,0.0,1.0,0.0,0.0,0.0
7.445601,DATA,1,0,0,0,0,0.0,0.0,0.7125076,1.64836192,0.0137985889,18.8245354,-98.54596,1.30828321,-0.244338363,-0.01000005,-0.295202255,-107.1548,0.0,0.0,1.0,0.0,0.0,0.0
7.50129,DATA,1,0,0,0,0,0.0,0.0,0.630323,1.6483407,-0.0115441885,18.852787,-98.54736,1.3074286,-0.326580584,-0.01000005,-0.3205894,-107.1548,0.0,0.0,0.0,0.0,0.0,0.0
7.55479574,DATA,1,0,0,0,0,0.0,0.0,0.6303817,1.64837766,-0.0115043521,18.85017,-98.56067,1.26871848,-0.326580584,-0.01000005,-0.3205894,-107.1548,0.0,0.0,0.0,0.0,0.0,0.0
7.611565,DATA,1,0,0,0,0,0.0,0.0,0.630422235,1.64841676,-0.0113866832,18.8660164,-98.5506,1.28252518,-0.326580584,-0.01000005,-0.3205894,-107.1548,0.0,0.0,0.0,0.0,0.0,0.0
7.66694832,DATA,1,0,0,0,0,0.0,0.0,0.630452335,1.64848614,-0.0114615345,18.87071,-98.5871,1.2941165,-0.326580584,-0.01000005,-0.3205894,-107.1548,0.0,0.0,0.0,0.0,0.0,0.0
7.72265673,DATA,1,0,0,0,0,0.0,0.0,0.6239523,1.64853048,0.007467013,18.8609848,-100.594818,1.29426265,-0.326580584,-0.01000005,-0.3205894,-108.288757,-1.0,-0.000793457031,0.0,0.0,0.0,0.0
7.77835274,DATA,1,0,0,0,0,0.0,0.0,0.5914585,1.6485281,0.08926512,18.878664,-105.653931,1.2970283,-0.326580584,-0.01000005,-0.3205894,-113.306778,-1.0,-0.000793457031,0.0,0.0,0.0,0.0
7.833488,DATA,1,0,0,0,0,0.0,0.0,0.5519203,1.64848876,0.1681366,18.9399185,-110.663895,1.211088,-0.326580584,-0.01000005,-0.3205894,-118.335327,-1.0,-0.000793457031,0.0,0.0,0.0,0.0
7.88891363,DATA,1,0,0,0,0,0.0,0.0,0.506214857,1.64833355,0.242258161,18.98178,-115.66507,1.26489329,-0.326580584,-0.01000005,-0.3205894,-123.303955,-1.0,-0.000793457031,0.0,0.0,0.0,0.0
7.944738,DATA,1,0,0,0,0,0.0,0.0,0.453750342,1.64820886,0.31279406,19.0243454,-120.646545,1.26845276,-0.326580584,-0.01000005,-0.3205894,-128.314468,-0.970183432,0.0435804129,0.0,0.0,0.0,0.0
8.000572,DATA,1,0,0,0,0,0.0,0.0,0.400269836,1.64814925,0.37343967,19.0828056,-125.147491,1.26948571,-0.326580584,-0.01000005,-0.3205894,-132.925339,-0.858149946,0.07965332,0.0,0.0,0.0,0.0
8.056037,DATA,1,0,0,0,0,0.0,0.0,0.347203225,1.64813638,0.4250277,19.0517921,-129.337387,1.22108114,-0.326580584,-0.01000005,-0.3205894,-137.139252,-0.8315989,0.08783227,0.0,0.0,0.0,0.0
8.111347,DATA,1,0,0,0,0,0.0,0.0,0.290898979,1.64815784,0.472361177,19.0213127,-133.491135,1.21584642,-0.326580584,-0.01000005,-0.3205894,-141.328384,-0.8315989,0.08682513,0.0,0.0,0.0,0.0
8.16726,DATA,1,0,0,0,0,0.0,0.0,0.2321621,1.64819,0.514873147,18.9725876,-137.704132,1.17579472,-0.326580584,-0.01000005,-0.3205894,-145.460663,-0.831232667,0.0856654644,0.0,0.0,0.0,0.0
8.22260952,DATA,1,0,0,0,0,0.0,0.0,0.170532688,1.648201,0.553081334,18.93643,-141.894379,1.16921759,-0.326580584,-0.01000005,-0.3205894,-149.596115,-0.8301645,0.0842615962,0.0,0.0,0.0,0.0
8.278442,DATA,1,0,0,0,0,0.0,0.0,0.105627052,1.64809322,0.5871103,18.929451,-146.0819,1.13905227,-0.326580584,-0.01000005,-0.3205894,-153.775879,-0.8301645,0.0842615962,0.0,0.0,0.0,0.0
8.335582,DATA,1,0,0,0,0,0.0,0.0,0.0380464159,1.6481216,0.616328835,18.8884983,-150.314377,1.1482091,-0.326580584,-0.01000005,-0.3205894,-157.968521,-0.83999145,0.0780053139,0.0,0.0,0.0,0.0
8.388781,DATA,1,0,0,0,0,0.0,0.0,-0.0312175676,1.64817667,0.6404996,18.883049,-154.404312,1.15936446,-0.326580584,-0.01000005,-0.3205894,-162.1549,-0.862178445,0.0701925755,0.0,0.0,0.0,0.0
8.445267,DATA,1,0,0,0,0,0.0,0.0,-0.10489738,1.64810085,0.660131752,18.905117,-158.78891,1.23474491,-0.326580584,-0.01000005,-0.3205894,-166.504578,-0.8881497,0.0615558624,0.0,0.0,0.0,0.0
8.500279,DATA,1,0,0,0,0,0.0,0.0,-0.1820668,1.648112,0.674379349,18.8872662,-163.234528,1.26134849,-0.326580584,-0.01000005,-0.3205894,-170.983627,-0.890438557,0.0607623458,0.0,0.0,0.0,0.0
8.556098,DATA,1,0,0,0,0,0.0,0.0,-0.2596454,1.6480279,0.682570159,18.9039383,-167.669235,1.27683,-0.326580584,-0.01000005,-0.3205894,-175.43277,-0.890438557,0.0607623458,0.0,0.0,0.0,0.0
8.611231,DATA,1,0,0,0,0,0.0,0.0,-0.337847352,1.64802194,0.6847026,18.9277458,-172.09317,1.30171382,-0.326580584,-0.01000005,-0.3205894,-179.9031,-0.890438557,0.0607623458,0.0,0.0,0.0,0.0
8.66762,DATA,1,0,0,0,0,0.0,0.0,-0.415207267,1.64791727,0.680733144,18.9344387,-176.548721,1.283948,-0.326580584,-0.01000005,-0.3205894,175.683228,-0.8884854,0.062166214,0.0,0.0,0.0,0.0
8.722751,DATA,1,0,0,0,0,0.0,0.0,-0.490362078,1.647917,0.6710507,18.9244576,179.3014,1.27900732,-0.326580584,-0.01000005,-0.3205894,171.363922,-0.765099049,0.0933256149,0.0,0.0,0.0,0.0
8.778451,DATA,1,0,0,0,0,0.0,0.0,-0.54440105,1.64787316,0.6605873,18.946804,176.855148,1.30514312,-0.326580584,-0.01000005,-0.3205894,168.225128,0.0,0.0,0.0,0.0,0.0,0.0
8.833948,DATA,1,0,0,0,0,0.0,0.0,-0.544405341,1.64796853,0.6603582,18.9343338,176.832352,1.30282831,-0.326580584,-0.01000005,-0.3205894,168.225128,0.0,0.0,0.0,0.0,0.0,0.0
8.889252,DATA,1,0,0,0,0,0.0,0.0,-0.5444886,1.64801073,0.6601813,18.9412937,176.8442,1.3124,-0.326580584,-0.01000005,-0.3205894,168.225128,0.0,0.0,0.0,0.0,0.0,0.0
8.9445715,DATA,1,0,0,0,0,0.0,0.0,-0.544555962,1.64798045,0.660036147,18.9503269,176.835724,1.30791545,-0.326580584,-0.01000005,-0.3205894,168.225128,0.0,0.0,1.0,0.0,0.0,0.0
9.000998,DATA,1,0,0,0,0,0.0,0.0,-0.5103781,1.64802837,0.495682031,18.97351,176.85051,1.37768424,-0.292347729,-0.009999931,-0.4848125,168.225128,0.0,0.0,1.0,0.0,0.0,0.0
9.056119,DATA,1,0,0,0,0,0.0,0.0,-0.476501137,1.64819264,0.332348555,18.9534645,176.884171,1.35411954,-0.258330017,-0.01000005,-0.6480036,168.225128,0.0,0.0,1.0,0.0,0.0,0.0
9.110995,DATA,1,0,0,0,0,0.0,0.0,-0.442459255,1.64844394,0.1687173,18.963974,176.88028,1.45300734,-0.224241078,-0.00999999,-0.8115364,168.225128,0.0,0.0,1.0,0.0,0.0,0.0
9.168098,DATA,1,0,0,0,0,0.0,0.0,-0.4087961,1.6487205,0.00736795645,18.9813519,176.804382,1.471141,-0.190625831,-0.009999931,-0.972796738,168.225128,0.0,0.0,1.0,0.0,0.0,0.0
9.222742,DATA,1,0,0,0,0,0.0,0.0,-0.374858,1.64862514,-0.154960454,18.9482384,176.749924,1.44557345,-0.15680702,-0.00999999,-1.13503373,168.225128,0.0,0.0,1.0,0.0,0.0,0.0
9.278614,DATA,1,0,0,0,0,0.0,0.0,-0.3404416,1.64844108,-0.319699377,18.9954681,176.761292,1.44507813,-0.122463129,-0.00999999,-1.29978955,168.225128,0.0,0.0,1.0,0.0,0.0,0.0
9.333818,DATA,1,0,0,0,0,0.0,0.0,-0.3051523,1.64845324,-0.48826158,19.03564,176.764038,1.47709751,-0.0873493552,-0.01000005,-1.46823871,168.225128,0.0,0.0,1.0,0.0,0.0,0.0
9.389346,DATA,1,0,0,0,0,0.0,0.0,-0.2717387,1.64842534,-0.6477943,19.0588551,176.790573,1.53465962,-0.0540793,-0.00999999,-1.62784314,168.225128,0.0,0.0,1.0,0.0,0.0,0.0
9.4448595,DATA,1,0,0,0,0,0.0,0.0,-0.254548848,1.64832807,-0.7294045,19.10083,176.764984,1.542251,-0.037043646,-0.01000005,-1.70956731,168.225128,0.0,0.0,0.0,0.0,0.0,0.0
9.50060749,DATA,1,0,0,0,0,0.0,0.0,-0.254435658,1.64813757,-0.729155838,19.2025719,176.766342,1.56212234,-0.037043646,-0.01000005,-1.70956731,168.225128,0.0,0.0,0.0,0.0,0.0,0.0
9.55579,DATA,1,0,0,0,0,0.0,0.0,-0.254353046,1.64793539,-0.728956342,19.24919,176.786514,1.54291618,-0.037043646,-0.01000005,-1.70956731,168.225128,0.0,0.0,0.0,0.0,0.0,0.0
9.611175,DATA,1,0,0,0,0,0.0,0.0,-0.295160234,1.647865,-0.7389552,19.2482014,173.527527,1.53987956,-0.037043646,-0.01000005,-1.70956731,165.8274,-0.999115,0.04147464,0.0,0.0,0.0,0.0
9.667006,DATA,1,0,0,0,0,0.0,0.0,-0.37797448,1.64779449,-0.764891744,19.27709,168.474258,1.58750343,-0.037043646,-0.01000005,-1.70956731,160.872086,-0.9991455,0.04046756,0.0,0.0,0.0,0.0
9.722241,DATA,1,0,0,0,0,0.0,0.0,-0.45897004,1.64775038,-0.7983739,19.3036842,163.482086,1.59493124,-0.037043646,-0.01000005,-1.70956731,155.871582,-0.99899286,0.0437024832,0.0,0.0,0.0,0.0
9.77776,DATA,1,0,0,0,0,0.0,0.0,-0.536571264,1.64760518,-0.8387564,19.2986374,158.462646,1.60338676,-0.037043646,-0.01000005,-1.70956731,150.881149,-0.99899286,0.0437024832,0.0,0.0,0.0,0.0
9.833056,DATA,1,0,0,0,0,0.0,0.0,-0.6110543,1.64765048,-0.886414766,19.27264,153.4549,1.54436874,-0.037043646,-0.01000005,-1.70956731,145.834351,-0.9989013,0.04651022,0.0,0.0,0.0,0.0
9.889028,DATA,1,0,0,0,0,0.0,0.0,-0.6800426,1.647717,-0.9394937,19.2305584,148.388382,1.59230387,-0.037043646,-0.01000005,-1.70956731,140.863617,-0.998809755,0.0477309227,0.0,0.0,0.0,0.0
9.944572,DATA,1,0,0,0,0,0.0,0.0,-0.7438892,1.64763021,-0.9979244,19.1946125,143.376266,1.61583233,-0.037043646,-0.01000005,-1.70956731,135.9017,-0.998657167,0.0517288446,0.0,0.0,0.0,0.0
10.00023,DATA,1,0,0,0,0,0.0,0.0,-0.8036112,1.64760065,-1.06273425,19.2215633,138.354874,1.6279031,-0.037043646,-0.01000005,-1.70956731,130.864,-0.998352,0.0573442578,0.0,0.0,0.0,0.0
10.0562887,DATA,1,0,0,0,0,0.0,0.0,-0.8572496,1.64754319,-1.132055,19.2181988,133.378281,1.62040663,-0.037043646,-0.01000005,-1.70956731,125.856506,-0.9981994,0.0592974424,0.0,0.0,0.0,0.0
10.1109724,DATA,1,0,0,0,0,0.0,0.0,-0.9044165,1.64754081,-1.20536387,19.23011,128.464355,1.66228712,-0.037043646,-0.01000005,-1.70956731,120.873695,-0.9979858,0.0634174347,0.0,0.0,0.0,0.0
10.1668215,DATA,1,0,0,0,0,0.0,0.0,-0.945036232,1.647639,-1.28237426,19.2411232,123.44503,1.68181932,-0.037043646,-0.01000005,-1.70956731,115.889381,-0.9973449,0.0728476644,0.0,0.0,0.0,0.0
10.2226305,DATA,1,0,0,0,0,0.0,0.0,-0.978532255,1.64771414,-1.36192739,19.1769962,118.438744,1.73367536,-0.037043646,-0.01000005,-1.70956731,110.955353,-0.9965514,0.082644105,0.0,0.0,0.0,0.0
10.2780991,DATA,1,0,0,0,0,0.0,0.0,-1.00548327,1.64784,-1.44535124,19.12003,113.440712,1.77904856,-0.037043646,-0.01000005,-1.70956731,105.945953,-0.9955138,0.094332695,0.0,0.0,0.0,0.0
10.3338079,DATA,1,0,0,0,0,0.0,0.0,-1.02237523,1.64794159,-1.51582718,19.0988235,110.153229,1.70505536,-0.037043646,-0.01000005,-1.70956731,101.8042,0.0,0.0,0.0,0.0,0.0,0.0
10.3886814,DATA,1,0,0,0,0,0.0,0.0,-1.02255726,1.6479423,-1.5157125,19.08968,110.146339,1.73151124,-0.037043646,-0.01000005,-1.70956731,101.8042,0.0,0.0,0.0,0.0,0.0,0.0
10.4451847,DATA,1,0,0,0,0,0.0,0.0,-1.02261662,1.64799166,-1.51559937,19.0405273,110.092873,1.73362839,-0.037043646,-0.01000005,-1.70956731,101.8042,0.0,0.0,0.0,0.0,0.0,0.0
10.5002279,DATA,1,0,0,0,0,0.0,0.0,-0.9407702,1.6479609,-1.53269339,19.06345,110.155273,1.79368949,0.0448573977,-0.00999999,-1.7266835,101.8042,0.0,0.0,1.0,0.0,0.0,0.0
10.556241,DATA,1,0,0,0,0,0.0,0.0,-0.777494967,1.64784956,-1.566872,19.1052055,110.1943,1.75822318,0.208130151,-0.01000005,-1.76080549,101.8042,0.0,0.0,1.0,0.0,0.0,0.0
10.6112089,DATA,1,0,0,0,0,0.0,0.0,-0.6158232,1.64778328,-1.60080016,19.10367,110.242188,1.75792742,0.36972326,-0.00999999,-1.79457641,101.8042,0.0,0.0,1.0,0.0,0.0,0.0
10.6674566,DATA,1,0,0,0,0,0.0,0.0,-0.452037126,1.647862,-1.635032,19.0699,110.214226,1.73186934,0.5333059,-0.01000005,-1.82876313,101.8042,0.0,0.0,1.0,0.0,0.0,0.0
10.7228279,DATA,1,0,0,0,0,0.0,0.0,-0.2877542,1.64774752,-1.66944408,19.1089153,110.198257,1.73688006,0.6974177,-0.01000005,-1.86306047,101.8042,0.0,0.0,1.0,0.0,0.0,0.0
10.7782593,DATA,1,0,0,0,0,0.0,0.0,-0.1249201,1.64764,-1.7036097,19.1242218,110.197929,1.75496733,0.8599793,-0.01000011,-1.89703369,101.8042,0.0,0.0,0.0,0.0,0.0,0.0
10.833066,DATA,1,0,0,0,0,0.0,0.0,-0.124763153,1.64757919,-1.703862,19.1660423,110.227875,1.65314794,0.8599793,-0.01000011,-1.89703369,101.8042,0.0,0.0,0.0,0.0,0.0,0.0
10.8887606,DATA,1,0,0,0,0,0.0,0.0,-0.124549687,1.64744151,-1.7039597,19.1760349,110.230011,1.60221076,0.8599793,-0.01000011,-1.89703369,101.8042,0.0,0.0,0.0,0.0,0.0,0.0
10.9447,DATA,1,0,0,0,0,0.0,0.0,-0.126757547,1.64730692,-1.71665871,19.2469158,108.848732,1.59582829,0.8599793,-0.01000011,-1.89703369,101.077477,-0.7911313,-0.134342432,0.0,0.0,0.0,0.0
11.0002766,DATA,1,0,0,0,0,0.0,0.0,-0.1382017,1.6472044,-1.79815793,19.2408028,104.00843,1.585806,0.8599793,-0.01000011,-1.89703369,96.37995,-0.9886471,-0.150059462,0.0,0.0,0.0,0.0
11.0560026,DATA,1,0,0,0,0,0.0,0.0,-0.143055528,1.64722526,-1.88473165,19.2086143,99.04959,1.56608856,0.8599793,-0.01000011,-1.89703369,91.43061,-0.987579,-0.15686512,0.0,0.0,0.0,0.0
11.1109028,DATA,1,0,0,0,0,0.0,0.0,-0.140431225,1.6473583,-1.97115481,19.1792355,94.17035,1.56379771,0.8599793,-0.01000011,-1.89703369,86.4932556,-0.987579,-0.15686512,0.0,0.0,0.0,0.0
11.1669979,DATA,1,0,0,0,0,0.0,0.0,-0.130423337,1.64744937,-2.05661774,19.16231,89.27004,1.55708289,0.8599793,-0.01000011,-1.89703369,81.58437,-0.9878231,-0.155552864,0.0,0.0,0.0,0.0
11.2223673,DATA,1,0,0,0,0,0.0,0.0,-0.113034859,1.64749825,-2.14146161,19.1399422,84.39642,1.58575368,0.8599793,-0.01000011,-1.89703369,76.64351,-0.988006234,-0.154240489,0.0,0.0,0.0,0.0
11.2787447,DATA,1,0,0,0,0,0.0,0.0,-0.08830883,1.64758968,-2.22464776,19.1579037,79.453476,1.53752315,0.8599793,-0.01000011,-1.89703369,71.69603,-0.988006234,-0.154240489,0.0,0.0,0.0,0.0
11.33381,DATA,1,0,0,0,0,0.0,0.0,-0.05606137,1.64753449,-2.3064785,19.1367512,74.51258,1.48266947,0.8599793,-0.01000011,-1.89703369,66.68191,-0.987365365,-0.158208013,0.0,0.0,0.0,0.0
11.388711,DATA,1,0,0,0,0,0.0,0.0,-0.018210059,1.64741206,-2.38264942,19.1160088,69.5643845,1.40972459,0.8599793,-0.01000011,-1.89703369,61.8258629,-0.9846797,-0.174291253,0.0,0.0,0.0,0.0
11.4449511,DATA,1,0,0,0,0,0.0,0.0,0.0265393928,1.64737415,-2.4562614,19.1671085,64.55786,1.38133955,0.8599793,-0.01000011,-1.89703369,56.90758,-0.9841304,-0.177404046,0.0,0.0,0.0,0.0
11.5004539,DATA,1,0,0,0,0,0.0,0.0,0.07742317,1.6474812,-2.52574778,19.1133556,59.65202,1.37314582,0.8599793,-0.01000011,-1.89703369,51.9888039,-0.983916759,-0.1785028,0.0,0.0,0.0,0.0
11.5555754,DATA,1,0,0,0,0,0.0,0.0,0.134130388,1.64756048,-2.59068537,19.1114178,54.7874756,1.42551363,0.8599793,-0.01000011,-1.89703369,47.06436,-0.9829096,-0.183812976,0.0,0.0,0.0,0.0
11.6109333,DATA,1,0,0,0,0,0.0,0.0,0.1961842,1.6476202,-2.65038919,19.1289711,49.855793,1.4321059,0.8599793,-0.01000011,-1.89703369,42.14165,-0.980163,-0.198065162,0.0,0.0,0.0,0.0
11.6669521,DATA,1,0,0,0,0,0.0,0.0,0.262248039,1.64761829,-2.703822,19.1234589,44.92256,1.46101785,0.8599793,-0.01000011,-1.89703369,37.28605,-0.9771416,-0.212530851,0.0,0.0,0.0,0.0
11.7221689,DATA,1,0,0,0,0,0.0,0.0,0.33263728,1.647565,-2.75140047,19.1071358,40.02359,1.53329313,0.8599793,-0.01000011,-1.89703369,32.4297523,-0.9755241,-0.219641685,0.0,0.0,0.0,0.0
11.7788019,DATA,1,0,0,0,0,0.0,0.0,0.410588533,1.64757991,-2.79476118,19.13796,35.0330772,1.47835934,0.8599793,-0.01000011,-1.89703369,27.3338013,-0.9755241,-0.219641685,0.0,0.0,0.0,0.0
11.832922,DATA,1,0,0,0,0,0.0,0.0,0.486676842,1.64759111,-2.828866,19.1429653,30.3327446,1.52376032,0.8599793,-0.01000011,-1.89703369,22.5702477,-0.975249469,-0.2210151,0.0,0.0,0.0,0.0
11.8887672,DATA,1,0,0,0,0,0.0,0.0,0.56631577,1.64756322,-2.85684752,19.1621227,25.4450741,1.552072,0.8599793,-0.01000011,-1.89703369,17.7458954,-0.9746086,-0.223944783,0.0,0.0,0.0,0.0
11.944603,DATA,1,0,0,0,0,0.0,0.0,0.6485883,1.64761865,-2.878111,19.1629887,20.506794,1.58769739,0.8599793,-0.01000011,-1.89703369,12.8862591,-0.9746086,-0.223944783,0.0,0.0,0.0,0.0
11.9999514,DATA,1,0,0,0,0,0.0,0.0,0.732851267,1.64763665,-2.89239264,19.1625767,15.6264944,1.57355261,0.8599793,-0.01000011,-1.89703369,7.99917936,-0.9746086,-0.223944783,0.0,0.0,0.0,0.0
12.0558224,DATA,1,0,0,0,0,0.0,0.0,0.818050444,1.64758718,-2.89955139,19.19959,10.736062,1.56688917,0.8599793,-0.01000011,-1.89703369,3.11495,-0.9742729,-0.225257158,0.0,0.0,0.0,0.0
12.1112843,DATA,1,0,0,0,0,0.0,0.0,0.9039588,1.64754128,-2.89941216,19.2165012,5.85088634,1.6008327,0.8599793,-0.01000011,-1.89703369,-1.79272461,-0.9742729,-0.225257158,0.0,0.0,0.0,0.0
12.1668291,DATA,1,0,0,0,0,0.0,0.0,0.9879665,1.64755189,-2.89208674,19.2085819,1.01897144,1.644757,0.8599793,-0.01000011,-1.89703369,-6.60998535,-0.9742729,-0.225257158,0.0,0.0,0.0,0.0
12.2223129,DATA,1,0,0,0,0,0.0,0.0,1.071674,1.647458,-2.87761641,19.22421,-3.82791138,1.71038735,0.8599793,-0.01000011,-1.89703369,-11.4614868,-0.9742729,-0.225257158,0.0,0.0,0.0,0.0
12.2777576,DATA,1,0,0,0,0,0.0,0.0,1.15472424,1.64756572,-2.855847,19.1903667,-8.722565,1.65951,0.8599793,-0.01000011,-1.89703369,-16.3670349,-0.9742729,-0.225257158,0.0,0.0,0.0,0.0
12.33378,DATA,1,0,0,0,0,0.0,0.0,1.23616827,1.6475482,-2.827017,19.1926651,-13.6511841,1.70785356,0.8599793,-0.01000011,-1.89703369,-21.30545,-0.9742729,-0.225257158,0.0,0.0,0.0,0.0
12.3887053,DATA,1,0,0,0,0,0.0,0.0,1.31279445,1.64756727,-2.792213,19.15961,-18.5092468,1.74088478,0.8599793,-0.01000011,-1.89703369,-26.1183472,-0.9742729,-0.225257158,0.0,0.0,0.0,0.0
12.4447508,DATA,1,0,0,0,0,0.0,0.0,1.38648379,1.64765477,-2.75107813,19.15921,-23.3656921,1.80693233,0.8599793,-0.01000011,-1.89703369,-30.95047,-0.9742729,-0.225257158,0.0,0.0,0.0,0.0
12.5005989,DATA,1,0,0,0,0,0.0,0.0,1.45759785,1.647628,-2.703045,19.1553173,-28.2272034,1.8188771,0.8599793,-0.01000011,-1.89703369,-35.8554077,-0.9742729,-0.225257158,0.0,0.0,0.0,0.0
12.55535,DATA,1,0,0,0,0,0.0,0.0,1.52368355,1.64763975,-2.64966,19.1568184,-32.9141541,1.8496511,0.8599793,-0.01000011,-1.89703369,-40.713562,-0.9017304,-0.207312226,0.0,0.0,0.0,0.0
12.61091,DATA,1,0,0,0,0,0.0,0.0,1.53813708,1.64761746,-2.63684988,19.1744461,-33.2310181,1.86380863,0.8599793,-0.01000011,-1.89703369,-41.8221436,0.0,0.0,0.0,0.0,0.0,0.0
12.6669207,DATA,1,0,0,0,0,0.0,0.0,1.53804648,1.647542,-2.63684916,19.2051048,-33.22348,1.90333664,0.8599793,-0.01000011,-1.89703369,-41.8221436,0.0,0.0,0.0,0.0,0.0,0.0
12.7223225,DATA,1,0,0,0,0,0.0,0.0,1.53794777,1.64740026,-2.636706,19.2717743,-33.2501831,1.94659925,0.8599793,-0.01000011,-1.89703369,-41.8221436,0.0,0.0,0.0,0.0,0.0,0.0
12.7779884,DATA,1,0,0,0,0,0.0,0.0,1.53777027,1.64727187,-2.63629961,19.3049278,-33.20163,1.90876937,0.8599793,-0.01000011,-1.89703369,-41.8221436,0.0,0.0,0.0,0.0,0.0,0.0
12.8330154,DATA,1,0,0,0,0,0.0,0.0,1.537414,1.64697254,-2.635825,19.3249149,-33.17755,1.959544,0.8599793,-0.01000011,-1.89703369,-41.8221436,0.0,0.0,0.0,0.0,0.0,0.0
12.888978,DATA,1,0,0,0,0,0.0,0.0,1.53678453,1.6467371,-2.635111,19.525116,-33.21527,1.94778466,0.8599793,-0.01000011,-1.89703369,-41.8221436,0.0,0.0,0.0,0.0,0.0,0.0
12.9442587,DATA,1,0,0,0,0,0.0,0.0,1.53534162,1.64609349,-2.63320684,19.8171349,-32.684967,1.99423707,0.8599793,-0.01000011,-1.89703369,-41.8221436,0.0,0.0,0.0,0.0,0.0,0.0
13.0002918,DATA,1,0,0,0,0,0.0,0.0,1.531884,1.64702487,-2.62872124,21.1788788,-31.6495056,1.73733449,0.8599793,-0.01000011,-1.89703369,-41.8221436,0.0,0.0,0.0,0.0,0.0,0.0
13.0562153,DATA,1,0,0,0,0,0.0,0.0,1.52472222,1.6514461,-2.61986375,24.7324371,-30.0822754,2.15924788,0.8599793,-0.01000011,-1.89703369,-41.8221436,0.0,0.0,0.0,0.0,0.0,0.0
13.1102638,DATA,1,0,0,0,0,0.0,0.0,1.51377332,1.656631,-2.60480666,29.2565956,-28.86914,2.43450069,0.8599793,-0.01000011,-1.89703369,-41.8221436,0.0,0.0,0.0,0.0,0.0,0.0
13.1653728,DATA,1,0,0,0,0,0.0,0.0,1.50012481,1.66310573,-2.584572,35.35158,-28.4173889,3.07096887,0.8599793,-0.01000011,-1.89703369,-41.8221436,0.0,0.0,0.0,0.0,0.0,0.0
13.2202768,DATA,1,0,0,0,0,0.0,0.0,1.48514938,1.66742122,-2.56096029,41.6850433,-29.5736389,4.855878,0.8599793,-0.01000011,-1.89703369,-41.8221436,0.0,0.0,0.0,0.0,0.0,0.0
13.2755842,DATA,1,0,0,0,0,0.0,0.0,1.469983,1.66737854,-2.5370996,47.17047,-33.12671,6.042758,0.8599793,-0.01000011,-1.89703369,-41.8221436,0.0,0.0,0.0,0.0,0.0,0.0
13.3312321,DATA,1,0,0,0,0,0.0,0.0,1.4552809,1.66219461,-2.51475668,51.9042625,-38.5910339,6.368912,0.8599793,-0.01000011,-1.89703369,-41.8221436,0.0,0.0,0.0,0.0,0.0,0.0
13.3870373,DATA,1,0,0,0,0,0.0,0.0,1.44099343,1.65285265,-2.49536943,55.80801,-45.90027,4.61985826,0.8599793,-0.01000011,-1.89703369,-41.8221436,0.0,0.0,0.0,0.0,0.0,0.0
13.4431887,DATA,1,0,0,0,0,0.0,0.0,1.42739534,1.6405617,-2.48089814,59.45191,-51.3812561,2.11153221,0.8599793,-0.01000011,-1.89703369,-41.8221436,0.0,0.0,0.0,0.0,0.0,0.0
13.4994507,DATA,1,0,0,0,0,0.0,0.0,1.41483784,1.62729561,-2.47276354,62.1759644,-54.4302368,-3.409668,0.8599793,-0.01000011,-1.89703369,-41.8221436,0.0,0.0,0.0,0.0,0.0,0.0
13.5549536,DATA,1,0,0,0,0,0.0,0.0,1.40167892,1.61619568,-2.467971,65.7653961,-53.6572876,-6.59414673,0.8599793,-0.01000011,-1.89703369,-41.8221436,0.0,0.0,0.0,0.0,0.0,0.0
13.6106853,DATA,1,0,0,0,0,0.0,0.0,1.389388,1.60735679,-2.46425915,69.14185,-54.4783325,-6.644745,0.8599793,-0.01000011,-1.89703369,-41.8221436,0.0,0.0,0.0,0.0,0.0,0.0
13.6663151,DATA,1,0,0,0,0,0.0,0.0,1.380314,1.59953892,-2.4590342,69.36856,-64.31409,-9.259857,0.8599793,-0.01000011,-1.89703369,-41.8221436,0.0,0.0,0.0,0.0,0.0,0.0
13.7219172,DATA,1,0,0,0,0,0.0,0.0,1.37432432,1.590369,-2.45158839,66.029274,-78.57547,-12.8982544,0.8599793,-0.01000011,-1.89703369,-41.8221436,0.0,0.0,0.0,0.0,0.0,0.0
13.7775965,DATA,1,0,0,0,0,0.0,0.0,1.36899829,1.57937109,-2.44152617,61.48533,-93.66388,-16.6771851,0.8599793,-0.01000011,-1.89703369,-41.8221436,0.0,0.0,0.0,0.0,0.0,0.0
13.8330154,DATA,1,0,0,0,0,0.0,0.0,1.36138117,1.56719708,-2.42966032,56.3997841,-106.914978,-18.3374329,0.8599793,-0.01000011,-1.89703369,-41.8221436,0.0,0.0,0.0,0.0,0.0,0.0
13.8888016,DATA,1,0,0,0,0,0.0,0.0,1.34907484,1.55595148,-2.415099,52.61364,-118.50531,-18.9914246,0.8599793,-0.01000011,-1.89703369,-41.8221436,0.0,0.0,0.0,0.0,0.0,0.0
13.9447365,DATA,1,0,0,0,0,0.0,0.0,1.33248258,1.546162,-2.399833,50.4334259,-128.669785,-21.8639526,0.8599793,-0.01000011,-1.89703369,-41.8221436,0.0,0.0,0.0,0.0,0.0,0.0
14.0007248,DATA,1,0,0,0,0,0.0,0.0,1.31446207,1.53694141,-2.383153,49.0593452,-136.25145,-25.7067871,0.8599793,-0.01000011,-1.89703369,-41.8221436,0.0,0.0,0.0,0.0,0.0,0.0
14.0556173,DATA,1,0,0,0,0,0.0,0.0,1.29669273,1.52625513,-2.36475134,46.7942123,-142.475952,-28.0012512,0.8599793,-0.01000011,-1.89703369,-41.8221436,0.0,0.0,0.0,0.0,0.0,0.0
14.1109295,DATA,1,0,0,0,0,0.0,0.0,1.2815609,1.51258326,-2.34235573,42.57293,-147.2037,-26.8542175,0.8599793,-0.01000011,-1.89703369,-41.8221436,0.0,0.0,0.0,0.0,0.0,0.0
14.1675262,DATA,1,0,0,0,0,0.0,0.0,1.269125,1.495822,-2.31724286,36.66596,-151.651352,-24.635437,0.8599793,-0.01000011,-1.89703369,-41.8221436,0.0,0.0,0.0,0.0,0.0,0.0
14.2230873,DATA,1,0,0,0,0,0.0,0.0,1.25809312,1.47637975,-2.291046,30.467701,-155.254227,-20.78595,0.8599793,-0.01000011,-1.89703369,-41.8221436,0.0,0.0,0.0,0.0,0.0,0.0
14.2786331,DATA,1,0,0,0,0,0.0,0.0,1.24855053,1.458205,-2.26607633,24.6381664,-158.539642,-17.473175,0.8599793,-0.01000011,-1.89703369,-41.8221436,0.0,0.0,0.0,0.0,0.0,0.0
14.3345156,DATA,1,0,0,0,0,0.0,0.0,1.23931682,1.43913984,-2.24366879,18.7016563,-161.684753,-15.42392,0.8599793,-0.01000011,-1.89703369,-41.8221436,0.0,0.0,0.0,0.0,0.0,0.0
14.3903427,DATA,1,0,0,0,0,0.0,0.0,1.23222554,1.42036951,-2.223723,13.5668821,-163.866928,-13.8709106,0.8599793,-0.01000011,-1.89703369,-41.8221436,0.0,0.0,0.0,0.0,0.0,0.0
14.4459267,DATA,1,0,0,0,0,0.0,0.0,1.22602081,1.4035573,-2.208318,9.185211,-165.295715,-12.3415833,0.8599793,-0.01000011,-1.89703369,-41.8221436,0.0,0.0,0.0,0.0,0.0,0.0
14.5021868,DATA,1,0,0,0,0,0.0,0.0,1.22029054,1.39010239,-2.195934,5.76285648,-167.005844,-11.3968506,0.8599793,-0.01000011,-1.89703369,-41.8221436,0.0,0.0,0.0,0.0,0.0,0.0
14.5578241,DATA,1,0,0,0,0,0.0,0.0,1.21438766,1.38068163,-2.18643236,3.9108665,-168.899353,-11.1354675,0.8599793,-0.01000011,-1.89703369,-41.8221436,0.0,0.0,0.0,0.0,0.0,0.0
14.614171,DATA,1,0,0,0,0,0.0,0.0,1.20877945,1.37259316,-2.177684,1.74877608,-171.130142,-11.8374939,0.8599793,-0.01000011,-1.89703369,-41.8221436,0.0,0.0,0.0,0.0,0.0,0.0
14.6689281,DATA,1,0,0,0,0,0.0,0.0,1.20294023,1.36537218,-2.17006564,-0.0302124023,-172.507584,-12.2008972,0.8599793,-0.01000011,-1.89703369,-41.8221436,0.0,0.0,0.0,0.0,0.0,0.0
14.7222166,DATA,1,0,0,0,0,0.0,0.0,1.19811714,1.35745406,-2.163074,-2.10983276,-174.251587,-12.6289673,0.8599793,-0.01000011,-1.89703369,-41.8221436,0.0,0.0,0.0,0.0,0.0,0.0
14.7774229,DATA,1,0,0,0,0,0.0,0.0,1.1955874,1.34903193,-2.15657187,-4.68386841,-175.264023,-12.4807129,0.8599793,-0.01000011,-1.89703369,-41.8221436,0.0,0.0,0.0,0.0,0.0,0.0
14.8324928,DATA,1,0,0,0,0,0.0,0.0,1.19578636,1.34217489,-2.151502,-6.627838,-175.644989,-12.1335449,0.8599793,-0.01000011,-1.89703369,-41.8221436,0.0,0.0,0.0,0.0,0.0,0.0
14.8880711,DATA,1,0,0,0,0,0.0,0.0,1.19666672,1.33680487,-2.14698529,-8.171173,-176.078857,-12.2775574,0.8599793,-0.01000011,-1.89703369,-41.8221436,0.0,0.0,0.0,0.0,0.0,0.0
14.9426727,DATA,1,0,0,0,0,0.0,0.0,1.19626665,1.332623,-2.14362955,-9.717133,-176.28717,-12.4732971,0.8599793,-0.01000011,-1.89703369,-41.8221436,0.0,0.0,0.0,0.0,0.0,0.0
14.9986725,DATA,1,0,0,0,0,0.0,0.0,1.19486284,1.32775342,-2.140226,-11.7719421,-176.477,-13.2546082,0.8599793,-0.01000011,-1.89703369,-41.8221436,0.0,0.0,0.0,0.0,0.0,0.0
15.0554323,DATA,1,0,0,0,0,0.0,0.0,1.193914,1.32230961,-2.13610458,-13.3500061,-176.609711,-14.0558472,0.8599793,-0.01000011,-1.89703369,-41.8221436,0.0,0.0,0.0,0.0,0.0,0.0
15.1104145,DATA,1,0,0,0,0,0.0,0.0,1.192451,1.31672835,-2.13223648,-14.223053,-176.7391,-13.08847,0.8599793,-0.01000011,-1.89703369,-41.8221436,0.0,0.0,0.0,0.0,0.0,0.0
15.1659813,DATA,1,0,0,0,0,0.0,0.0,1.19334483,1.31747413,-2.12915254,-14.0748291,-177.276764,-9.816132,0.8599793,-0.01000011,-1.89703369,-41.8221436,0.0,0.0,0.0,0.0,0.0,0.0
15.2208633,DATA,1,0,0,0,0,0.0,0.0,1.19306266,1.31607258,-2.12632656,-14.7666016,-177.955322,-9.520752,0.8599793,-0.01000011,-1.89703369,-41.8221436,0.0,0.0,0.0,0.0,0.0,0.0
15.2775974,DATA,1,0,0,0,0,0.0,0.0,1.193414,1.31482947,-2.123413,-15.7032776,-179.2384,-8.162781,0.8599793,-0.01000011,-1.89703369,-41.8221436,0.0,0.0,0.0,0.0,0.0,0.0
15.3321886,DATA,1,0,0,0,0,0.0,0.0,1.19346106,1.31308532,-2.12203526,-16.1316528,-179.775635,-6.710022,0.8599793,-0.01000011,-1.89703369,-41.8221436,0.0,0.0,0.0,0.0,0.0,0.0
15.3883877,DATA,1,0,0,0,0,0.0,0.0,1.19491351,1.311507,-2.12069917,-16.84665,179.24234,-4.907715,0.8599793,-0.01000011,-1.89703369,-41.8221436,0.0,0.0,0.0,0.0,0.0,0.0
15.4424744,DATA,1,0,0,0,0,0.0,0.0,1.1956985,1.30996156,-2.11962986,-17.2758484,178.233322,-3.35961914,0.8599793,-0.01000011,-1.89703369,-41.8221436,0.0,0.0,0.0,0.0,0.0,0.0
15.4986858,DATA,1,0,0,0,0,0.0,0.0,1.19604778,1.30967462,-2.1181128,-17.8209839,177.385681,-2.5836792,0.8599793,-0.01000011,-1.89703369,-41.8221436,0.0,0.0,0.0,0.0,0.0,0.0
15.553793,DATA,1,0,0,0,0,0.0,0.0,1.195301,1.3095938,-2.11665583,-18.2025757,176.480011,-3.03347778,0.8599793,-0.01000011,-1.89703369,-41.8221436,0.0,0.0,0.0,0.0,0.0,0.0
15.6111488,DATA,1,0,0,0,0,0.0,0.0,1.19470751,1.31009936,-2.11562157,-18.40976,175.831161,-3.71365356,0.8599793,-0.01000011,-1.89703369,-41.8221436,0.0,0.0,0.0,0.0,0.0,0.0
15.6657076,DATA,1,0,0,0,0,0.0,0.0,1.19443536,1.31081712,-2.11452222,-19.0444336,175.287033,-4.016876,0.8599793,-0.01000011,-1.89703369,-41.8221436,0.0,0.0,0.0,0.0,0.0,0.0
15.7203646,DATA,1,0,0,0,0,0.0,0.0,1.19309735,1.31136119,-2.11410451,-19.27298,175.084686,-5.203125,0.8599793,-0.01000011,-1.89703369,-41.8221436,0.0,0.0,0.0,0.0,0.0,0.0
15.77709,DATA,1,0,0,0,0,0.0,0.0,1.1935488,1.30909491,-2.11328459,-18.77063,173.5996,-3.12472534,0.8599793,-0.01000011,-1.89703369,-41.8221436,0.0,0.0,0.0,0.0,0.0,0.0
15.831748,DATA,1,0,0,0,0,0.0,0.0,1.19700909,1.30412328,-2.112903,-20.8205261,172.847031,1.42579448,0.8599793,-0.01000011,-1.89703369,-41.8221436,0.0,0.0,0.0,0.0,0.0,0.0
15.8878078,DATA,1,0,0,0,0,0.0,0.0,1.19525373,1.30658019,-2.1123414,-20.0604553,173.140167,-0.8246155,0.8599793,-0.01000011,-1.89703369,-41.8221436,0.0,0.0,0.0,0.0,0.0,0.0
15.9437714,DATA,1,0,0,0,0,0.0,0.0,1.19574833,1.30691528,-2.11255455,-19.6931152,172.984818,-0.7048645,0.8599793,-0.01000011,-1.89703369,-41.8221436,0.0,0.0,0.0,0.0,0.0,0.0
15.9994221,DATA,1,0,0,0,0,0.0,0.0,1.19646168,1.30646276,-2.11313343,-18.81955,172.832336,-0.20993042,0.8599793,-0.01000011,-1.89703369,-41.8221436,0.0,0.0,0.0,0.0,0.0,0.0
16.0551167,DATA,1,0,0,0,0,0.0,0.0,1.19651222,1.30639744,-2.114484,-17.2967834,172.950943,-0.4830017,0.8599793,-0.01000011,-1.89703369,-41.8221436,0.0,0.0,0.0,0.0,0.0,0.0
16.10966,DATA,1,0,0,0,0,0.0,0.0,1.19636965,1.30630255,-2.11575651,-15.60321,172.877762,-0.5336609,0.8599793,-0.01000011,-1.89703369,-41.8221436,0.0,0.0,0.0,0.0,0.0,0.0
16.1652565,DATA,1,0,0,0,0,0.0,0.0,1.19603586,1.30654383,-2.1167407,-13.8382874,172.210785,-0.92666626,0.8599793,-0.01000011,-1.89703369,-41.8221436,0.0,0.0,0.0,0.0,0.0,0.0
16.22115,DATA,1,0,0,0,0,0.0,0.0,1.19606507,1.30611014,-2.116986,-11.3887024,170.25473,-0.325775146,0.8599793,-0.01000011,-1.89703369,-41.8221436,0.0,0.0,0.0,0.0,0.0,0.0
16.2760963,DATA,1,0,0,0,0,0.0,0.0,1.1967957,1.30645943,-2.11903,-8.928741,169.949371,-0.118530273,0.8599793,-0.01000011,-1.89703369,-41.8221436,0.0,0.0,0.0,0.0,0.0,0.0
16.33183,DATA,1,0,0,0,0,0.0,0.0,1.19697976,1.30694056,-2.12105346,-5.805298,169.3905,-0.235046387,0.8599793,-0.01000011,-1.89703369,-41.8221436,0.0,0.0,0.0,0.0,0.0,0.0
16.3868179,DATA,1,0,0,0,0,0.0,0.0,1.19665122,1.30711627,-2.12133026,-6.020294,169.447144,-0.545074463,0.8599793,-0.01000011,-1.89703369,-41.8221436,0.0,0.0,0.0,0.0,0.0,0.0
16.442955,DATA,1,0,0,0,0,0.0,0.0,1.19690013,1.3070246,-2.12096119,-5.950989,169.597321,-0.274230957,0.8599793,-0.01000011,-1.89703369,-41.8221436,0.0,0.0,0.0,0.0,0.0,0.0
16.4988575,DATA,1,0,0,0,0,0.0,0.0,1.19662213,1.30719841,-2.12103128,-5.7734375,169.583908,-0.317504883,0.8599793,-0.01000011,-1.89703369,-41.8221436,0.0,0.0,0.0,0.0,0.0,0.0
16.5534344,DATA,1,0,0,0,0,0.0,0.0,1.19685245,1.3070997,-2.12096834,-5.83636475,169.596817,-0.286071777,0.8599793,-0.01000011,-1.89703369,-41.8221436,0.0,0.0,0.0,0.0,0.0,0.0
16.6093864,DATA,1,0,0,0,0,0.0,0.0,1.19640279,1.30724788,-2.12066174,-5.93219,169.607864,-0.37902832,0.8599793,-0.01000011,-1.89703369,-41.8221436,0.0,0.0,0.0,0.0,0.0,0.0
16.6661415,DATA,1,0,0,0,0,0.0,0.0,1.19677913,1.30707765,-2.12087154,-5.94949341,169.612076,-0.334198,0.8599793,-0.01000011,-1.89703369,-41.8221436,0.0,0.0,0.0,0.0,0.0,0.0
16.721262,DATA,1,0,0,0,0,0.0,0.0,1.19646835,1.30720544,-2.12077379,-5.92938232,169.6075,-0.341247559,0.8599793,-0.01000011,-1.89703369,-41.8221436,0.0,0.0,0.0,0.0,0.0,0.0
16.77613,DATA,1,0,0,0,0,0.0,0.0,1.19695807,1.307116,-2.12089634,-5.89477539,169.6391,-0.332244873,0.8599793,-0.01000011,-1.89703369,-41.8221436,0.0,0.0,0.0,0.0,0.0,0.0
16.83135,DATA,1,0,0,0,0,0.0,0.0,1.19665766,1.30719233,-2.12078261,-5.897339,169.6218,-0.318267822,0.8599793,-0.01000011,-1.89703369,-41.8221436,0.0,0.0,0.0,0.0,0.0,0.0
16.8873138,DATA,1,0,0,0,0,0.0,0.0,1.197074,1.30696082,-2.1209836,-5.90109253,169.622665,-0.341369629,0.8599793,-0.01000011,-1.89703369,-41.8221436,0.0,0.0,0.0,0.0,0.0,0.0
16.9422245,DATA,1,0,0,0,0,0.0,0.0,1.19689441,1.30702841,-2.120872,-5.906555,169.626144,-0.305969238,0.8599793,-0.01000011,-1.89703369,-41.8221436,0.0,0.0,0.0,0.0,0.0,0.0
16.9986267,DATA,1,0,0,0,0,0.0,0.0,1.19687033,1.30698752,-2.12087679,-5.8855896,169.620224,-0.341461182,0.8599793,-0.01000011,-1.89703369,-41.8221436,0.0,0.0,0.0,0.0,0.0,0.0
17.0534554,DATA,1,0,0,0,0,0.0,0.0,1.19681334,1.30697346,-2.12074137,-5.933777,169.616165,-0.308013916,0.8599793,-0.01000011,-1.89703369,-41.8221436,0.0,0.0,0.0,0.0,0.0,0.0
17.1088924,DATA,1,0,0,0,0,0.0,0.0,1.19692826,1.30687845,-2.12084413,-5.91970825,169.620529,-0.326690674,0.8599793,-0.01000011,-1.89703369,-41.8221436,0.0,0.0,0.0,0.0,0.0,0.0
17.1651325,DATA,1,0,0,0,0,0.0,0.0,1.19715047,1.30679417,-2.12090158,-5.920746,169.624527,-0.308898926,0.8599793,-0.01000011,-1.89703369,-41.8221436,0.0,0.0,0.0,0.0,0.0,0.0
17.2206917,DATA,1,0,0,0,0,0.0,0.0,1.19704652,1.30684519,-2.12081385,-5.915985,169.6182,-0.2918396,0.8599793,-0.01000011,-1.89703369,-41.8221436,0.0,0.0,0.0,0.0,0.0,0.0
17.2764015,DATA,1,0,0,0,0,0.0,0.0,1.19729376,1.30667973,-2.12103033,-5.90155029,169.602509,-0.3005066,0.8599793,-0.01000011,-1.89703369,-41.8221436,0.0,0.0,0.0,0.0,0.0,0.0
17.3318157,DATA,1,0,0,0,0,0.0,0.0,1.197129,1.306741,-2.12089682,-5.904785,169.6204,-0.280426025,0.8599793,-0.01000011,-1.89703369,-41.8221436,0.0,0.0,0.0,0.0,0.0,0.0
17.3880482,DATA,1,0,0,0,0,0.0,0.0,1.19758475,1.30660677,-2.12099266,-5.909851,169.625015,-0.284576416,0.8599793,-0.01000011,-1.89703369,-41.8221436,0.0,0.0,0.0,0.0,0.0,0.0
17.4434261,DATA,1,0,0,0,0,0.0,0.0,1.19748473,1.30663979,-2.12097168,-5.899994,169.624283,-0.2814331,0.8599793,-0.01000011,-1.89703369,-41.8221436,0.0,0.0,0.0,0.0,0.0,0.0
17.4989834,DATA,1,0,0,0,0,0.0,0.0,1.19757533,1.30652118,-2.121139,-5.904663,169.624863,-0.292572021,0.8599793,-0.01000011,-1.89703369,-41.8221436,0.0,0.0,0.0,0.0,0.0,0.0
17.5533867,DATA,1,0,0,0,0,0.0,0.0,1.19746649,1.30658984,-2.12102318,-5.91259766,169.6302,-0.2758789,0.8599793,-0.01000011,-1.89703369,-41.8221436,0.0,0.0,0.0,0.0,0.0,0.0
17.6089039,DATA,1,0,0,0,0,0.0,0.0,1.19771576,1.30647731,-2.12127662,-5.895294,169.627365,-0.288116455,0.8599793,-0.01000011,-1.89703369,-41.8221436,0.0,0.0,0.0,0.0,0.0,0.0
17.6656628,DATA,1,0,0,0,0,0.0,0.0,1.1975863,1.30656648,-2.121161,-5.909485,169.633347,-0.282318115,0.8599793,-0.01000011,-1.89703369,-41.8221436,0.0,0.0,0.0,0.0,0.0,0.0
17.72053,DATA,1,0,0,0,0,0.0,0.0,1.19772339,1.30658293,-2.12122941,-5.911377,169.6307,-0.272583,0.8599793,-0.01000011,-1.89703369,-41.8221436,0.0,0.0,0.0,0.0,0.0,0.0
17.77655,DATA,1,0,0,0,0,0.0,0.0,1.19755793,1.30687439,-2.120861,-5.893402,169.6401,-0.303771973,0.8599793,-0.01000011,-1.89703369,-41.8221436,0.0,0.0,0.0,0.0,0.0,0.0
17.83155,DATA,1,0,0,0,0,0.0,0.0,1.19750607,1.30686331,-2.120271,-6.2048645,169.66597,-0.152618408,0.8599793,-0.01000011,-1.89703369,-41.8221436,0.0,0.0,0.0,0.0,0.0,0.0
17.8870316,DATA,1,0,0,0,0,0.0,0.0,1.19759488,1.30679131,-2.121665,-5.74908447,169.623413,-0.430236816,0.8599793,-0.01000011,-1.89703369,-41.8221436,0.0,0.0,0.0,0.0,0.0,0.0
17.9425621,DATA,1,0,0,0,0,0.0,0.0,1.19748938,1.3067975,-2.12116885,-5.89819336,169.685745,-0.119812012,0.8599793,-0.01000011,-1.89703369,-41.8221436,0.0,0.0,0.0,0.0,0.0,0.0
17.9988041,DATA,1,0,0,0,0,0.0,0.0,1.19739962,1.30686235,-2.1210084,-5.85427856,169.622467,-0.373352051,0.8599793,-0.01000011,-1.89703369,-41.8221436,0.0,0.0,0.0,0.0,0.0,0.0
18.0540962,DATA,1,0,0,0,0,0.0,0.0,1.19736421,1.30677962,-2.12105179,-5.90652466,169.641617,-0.20401001,0.8599793,-0.01000011,-1.89703369,-41.8221436,0.0,0.0,0.0,0.0,0.0,0.0
18.1097755,DATA,1,0,0,0,0,0.0,0.0,1.1972965,1.30664551,-2.12107086,-5.913727,169.600632,-0.376983643,0.8599793,-0.01000011,-1.89703369,-41.8221436,0.0,0.0,0.0,0.0,0.0,0.0
18.16494,DATA,1,0,0,0,0,0.0,0.0,1.19735765,1.30673563,-2.12098312,-5.950897,169.633026,-0.253601074,0.8599793,-0.01000011,-1.89703369,-41.8221436,0.0,0.0,0.0,0.0,0.0,0.0
18.2200928,DATA,1,0,0,0,0,0.0,0.0,1.19733524,1.30665159,-2.121141,-5.90280151,169.611679,-0.3551941,0.8599793,-0.01000011,-1.89703369,-41.8221436,0.0,0.0,0.0,0.0,0.0,0.0
18.2763042,DATA,1,0,0,0,0,0.0,0.0,1.19741845,1.3067143,-2.121096,-5.93157959,169.636017,-0.243835449,0.8599793,-0.01000011,-1.89703369,-41.8221436,0.0,0.0,0.0,0.0,0.0,0.0
18.3318787,DATA,1,0,0,0,0,0.0,0.0,1.19731522,1.30674183,-2.12124658,-5.907379,169.617126,-0.325531,0.8599793,-0.01000011,-1.89703369,-41.8221436,0.0,0.0,0.0,0.0,0.0,0.0
18.3879414,DATA,1,0,0,0,0,0.0,0.0,1.19723845,1.30686712,-2.12110972,-5.9921875,169.536865,-0.2324524,0.8599793,-0.01000011,-1.89703369,-41.8221436,0.0,0.0,0.0,0.0,0.0,0.0
18.4424267,DATA,1,0,0,0,0,0.0,0.0,1.19747448,1.306699,-2.121297,-5.90945435,169.603073,-0.283935547,0.8599793,-0.01000011,-1.89703369,-41.8221436,0.0,0.0,0.0,0.0,0.0,0.0
18.4991989,DATA,1,0,0,0,0,0.0,0.0,1.19743454,1.30672836,-2.12122059,-5.91223145,169.669434,-0.238250732,0.8599793,-0.01000011,-1.89703369,-41.8221436,0.0,0.0,0.0,0.0,0.0,0.0
18.5532436,DATA,1,0,0,0,0,0.0,0.0,1.19741678,1.30671608,-2.12122059,-5.96511841,169.640152,-0.288208,0.8599793,-0.01000011,-1.89703369,-41.8221436,0.0,0.0,0.0,0.0,0.0,0.0
18.61165,DATA,1,0,0,0,0,0.0,0.0,1.19744658,1.30667961,-2.121286,-5.950531,169.616364,-0.322814941,0.8599793,-0.01000011,-1.89703369,-41.8221436,0.0,0.0,0.0,0.0,0.0,0.0
18.6653843,DATA,1,0,0,0,0,0.0,0.0,1.19749594,1.30670881,-2.12130547,-5.940155,169.607208,-0.231964111,0.8599793,-0.01000011,-1.89703369,-41.8221436,0.0,0.0,0.0,0.0,0.0,0.0
18.7206039,DATA,1,0,0,0,0,0.0,0.0,1.1975,1.30667877,-2.12134719,-5.89608765,169.606064,-0.308776855,0.8599793,-0.01000011,-1.89703369,-41.8221436,0.0,0.0,0.0,0.0,0.0,0.0
18.7770786,DATA,1,0,0,0,0,0.0,0.0,1.19749117,1.30673313,-2.121336,-5.920471,169.629761,-0.251342773,0.8599793,-0.01000011,-1.89703369,-41.8221436,0.0,0.0,0.0,0.0,0.0,0.0
18.831171,DATA,1,0,0,0,0,0.0,0.0,1.19754219,1.30657244,-2.12136936,-5.933655,169.628983,-0.258911133,0.8599793,-0.01000011,-1.89703369,-41.8221436,0.0,0.0,0.0,0.0,0.0,0.0
18.8874149,DATA,1,0,0,0,0,0.0,0.0,1.19736433,1.30663359,-2.1213932,-5.94094849,169.626373,-0.313232422,0.8599793,-0.01000011,-1.89703369,-41.8221436,0.0,0.0,0.0,0.0,0.0,0.0
18.94271,DATA,1,0,0,0,0,0.0,0.0,1.19747567,1.30650544,-2.1214292,-5.916992,169.617249,-0.27545166,0.8599793,-0.01000011,-1.89703369,-41.8221436,0.0,0.0,0.0,0.0,0.0,0.0
18.9984875,DATA,1,0,0,0,0,0.0,0.0,1.19727218,1.30656981,-2.12147856,-5.898407,169.611023,-0.329833984,0.8599793,-0.01000011,-1.89703369,-41.8221436,0.0,0.0,0.0,0.0,0.0,0.0
19.0543213,DATA,1,0,0,0,0,0.0,0.0,1.19744337,1.30639338,-2.12149763,-5.927185,169.62915,-0.263793945,0.8599793,-0.01000011,-1.89703369,-41.8221436,0.0,0.0,0.0,0.0,0.0,0.0
19.1098518,DATA,1,0,0,0,0,0.0,0.0,1.19724274,1.30649674,-2.12150526,-5.91766357,169.619034,-0.3093872,0.8599793,-0.01000011,-1.89703369,-41.8221436,0.0,0.0,0.0,0.0,0.0,0.0
19.1653328,DATA,1,0,0,0,0,0.0,0.0,1.19741344,1.306396,-2.121512,-5.93273926,169.622177,-0.277862549,0.8599793,-0.01000011,-1.89703369,-41.8221436,0.0,0.0,0.0,0.0,0.0,0.0
19.2208977,DATA,1,0,0,0,0,0.0,0.0,1.19723821,1.30648446,-2.121542,-5.92153931,169.615265,-0.301116943,0.8599793,-0.01000011,-1.89703369,-41.8221436,0.0,0.0,0.0,0.0,0.0,0.0
19.2760868,DATA,1,0,0,0,0,0.0,0.0,1.19729161,1.30646694,-2.12147331,-5.92791748,169.6231,-0.275817871,0.8599793,-0.01000011,-1.89703369,-41.8221436,0.0,0.0,0.0,0.0,0.0,0.0
19.3316936,DATA,1,0,0,0,0,0.0,0.0,1.19720578,1.30649269,-2.121543,-5.90014648,169.625259,-0.29901123,0.8599793,-0.01000011,-1.89703369,-41.8221436,0.0,0.0,0.0,0.0,0.0,0.0
19.3871231,DATA,1,0,0,0,0,0.0,0.0,1.19721341,1.30645359,-2.12152052,-5.9256897,169.62059,-0.292266846,0.8599793,-0.01000011,-1.89703369,-41.8221436,0.0,0.0,0.0,0.0,0.0,0.0
19.4423275,DATA,1,0,0,0,0,0.0,0.0,1.19730234,1.30637,-2.12153363,-5.93222046,169.622116,-0.287628174,0.8599793,-0.01000011,-1.89703369,-41.8221436,0.0,0.0,0.0,0.0,0.0,0.0
19.49889,DATA,1,0,0,0,0,0.0,0.0,1.19721425,1.30641782,-2.121602,-5.9201355,169.619324,-0.289672852,0.8599793,-0.01000011,-1.89703369,-41.8221436,0.0,0.0,0.0,0.0,0.0,0.0
19.5543423,DATA,1,0,0,0,0,0.0,0.0,1.19740474,1.30636287,-2.121517,-5.919342,169.619263,-0.2904663,0.8599793,-0.01000011,-1.89703369,-41.8221436,0.0,0.0,0.0,0.0,0.0,0.0
19.6099949,DATA,1,0,0,0,0,0.0,0.0,1.19730771,1.30643749,-2.12157726,-5.9173584,169.62117,-0.283050537,0.8599793,-0.01000011,-1.89703369,-41.8221436,0.0,0.0,0.0,0.0,0.0,0.0
19.6658783,DATA,1,0,0,0,0,0.0,0.0,1.19748378,1.3063786,-2.121517,-5.91442871,169.618774,-0.286407471,0.8599793,-0.01000011,-1.89703369,-41.8221436,0.0,0.0,0.0,0.0,0.0,0.0
19.7202339,DATA,1,0,0,0,0,0.0,0.0,1.197386,1.3064611,-2.12155342,-5.92153931,169.6232,-0.28503418,0.8599793,-0.01000011,-1.89703369,-41.8221436,0.0,0.0,0.0,0.0,0.0,0.0
19.7761021,DATA,1,0,0,0,0,0.0,0.0,1.19770145,1.30625713,-2.12158179,-5.92144775,169.622284,-0.287445068,0.8599793,-0.01000011,-1.89703369,-41.8221436,0.0,0.0,0.0,0.0,0.0,0.0
19.83094,DATA,1,0,0,0,0,0.0,0.0,1.19762051,1.30634332,-2.12159348,-5.927887,169.621521,-0.2798767,0.8599793,-0.01000011,-1.89703369,-41.8221436,0.0,0.0,0.0,0.0,0.0,0.0
19.8884315,DATA,1,0,0,0,0,0.0,0.0,1.1978178,1.30628777,-2.12154651,-5.917816,169.620972,-0.292480469,0.8599793,-0.01000011,-1.89703369,-41.8221436,0.0,0.0,0.0,0.0,0.0,0.0
19.9421844,DATA,1,0,0,0,0,0.0,0.0,1.19778788,1.306356,-2.12158871,-5.918335,169.618835,-0.279602051,0.8599793,-0.01000011,-1.89703369,-41.8221436,0.0,0.0,0.0,0.0,0.0,0.0
19.9974461,DATA,1,0,0,0,0,0.0,0.0,1.19777489,1.30634212,-2.121522,-5.926239,169.6195,-0.2914734,0.8599793,-0.01000011,-1.89703369,-41.8221436,0.0,0.0,0.0,0.0,0.0,0.0
20.0537071,DATA,1,0,0,0,0,0.0,0.0,1.197756,1.30637729,-2.12154031,-5.92886353,169.6298,-0.28302002,0.8599793,-0.01000011,-1.89703369,-41.8221436,0.0,0.0,0.0,0.0,0.0,0.0
20.1088238,DATA,1,0,0,0,0,0.0,0.0,1.19772828,1.30635631,-2.12153673,-5.93359375,169.62587,-0.2975464,0.8599793,-0.01000011,-1.89703369,-41.8221436,0.0,0.0,0.0,0.0,0.0,0.0
20.1650352,DATA,1,0,0,0,0,0.0,0.0,1.19770432,1.30634713,-2.12152576,-5.92651367,169.620026,-0.3065796,0.8599793,-0.01000011,-1.89703369,-41.8221436,0.0,0.0,0.0,0.0,0.0,0.0
20.2213268,DATA,1,0,0,0,0,0.0,0.0,1.19770789,1.30636692,-2.12157965,-5.92822266,169.624283,-0.2774048,0.8599793,-0.01000011,-1.89703369,-41.8221436,0.0,0.0,0.0,0.0,0.0,0.0
20.2761383,DATA,1,0,0,0,0,0.0,0.0,1.19777918,1.30631876,-2.121592,-5.916565,169.620285,-0.285308838,0.8599793,-0.01000011,-1.89703369,-41.8221436,0.0,0.0,0.0,0.0,0.0,0.0
20.3321323,DATA,1,0,0,0,0,0.0,0.0,1.19768929,1.30640864,-2.12163758,-5.92486572,169.617737,-0.291778564,0.8599793,-0.01000011,-1.89703369,-41.8221436,0.0,0.0,0.0,0.0,0.0,0.0
20.3894672,DATA,1,0,0,0,0,0.0,0.0,1.19770658,1.30625415,-2.121587,-5.92861938,169.6212,-0.2861328,0.8599793,-0.01000011,-1.89703369,-41.8221436,0.0,0.0,0.0,0.0,0.0,0.0
20.4418621,DATA,1,0,0,0,0,0.0,0.0,1.19762421,1.30633426,-2.12163639,-5.93362427,169.618866,-0.287994385,0.8599793,-0.01000011,-1.89703369,-41.8221436,0.0,0.0,0.0,0.0,0.0,0.0
20.4985027,DATA,1,0,0,0,0,0.0,0.0,1.19773126,1.30617166,-2.12149072,-5.93829346,169.617752,-0.280517578,0.8599793,-0.01000011,-1.89703369,-41.8221436,0.0,0.0,0.0,0.0,0.0,0.0
20.5533028,DATA,1,0,0,0,0,0.0,0.0,1.19766188,1.30624664,-2.12158966,-5.919922,169.6192,-0.2869873,0.8599793,-0.01000011,-1.89703369,-41.8221436,0.0,0.0,0.0,0.0,0.0,0.0
20.608963,DATA,1,0,0,0,0,0.0,0.0,1.19770849,1.30611348,-2.121439,-5.932617,169.61676,-0.288269043,0.8599793,-0.01000011,-1.89703369,-41.8221436,0.0,0.0,0.0,0.0,0.0,0.0
20.66494,DATA,1,0,0,0,0,0.0,0.0,1.19765174,1.30618358,-2.121499,-5.937561,169.616531,-0.28125,0.8599793,-0.01000011,-1.89703369,-41.8221436,0.0,0.0,0.0,0.0,0.0,0.0
20.7203541,DATA,1,0,0,0,0,0.0,0.0,1.1975975,1.30611563,-2.121414,-5.93270874,169.617,-0.3007202,0.8599793,-0.01000011,-1.89703369,-41.8221436,0.0,0.0,0.0,0.0,0.0,0.0
20.77591,DATA,1,0,0,0,0,0.0,0.0,1.19755352,1.30615973,-2.12142849,-5.930237,169.618332,-0.275390625,0.8599793,-0.01000011,-1.89703369,-41.8221436,0.0,0.0,0.0,0.0,0.0,0.0
20.8313427,DATA,1,0,0,0,0,0.0,0.0,1.19752085,1.30612874,-2.121449,-5.92071533,169.614243,-0.289154053,0.8599793,-0.01000011,-1.89703369,-41.8221436,0.0,0.0,0.0,0.0,0.0,0.0
20.8871975,DATA,1,0,0,0,0,0.0,0.0,1.19753277,1.30607128,-2.12145567,-5.932312,169.613632,-0.278259277,0.8599793,-0.01000011,-1.89703369,-41.8221436,0.0,0.0,0.0,0.0,0.0,0.0
20.94183,DATA,1,0,0,0,0,0.0,0.0,1.19745207,1.3061198,-2.1215167,-5.925934,169.61087,-0.288452148,0.8599793,-0.01000011,-1.89703369,-41.8221436,0.0,0.0,0.0,0.0,0.0,0.0
20.9984589,DATA,1,0,0,0,0,0.0,0.0,1.197494,1.30606723,-2.121464,-5.92974854,169.616364,-0.284454346,0.8599793,-0.01000011,-1.89703369,-41.8221436,0.0,0.0,0.0,0.0,0.0,0.0
21.0533943,DATA,1,0,0,0,0,0.0,0.0,1.19741476,1.3061105,-2.121543,-5.93273926,169.616684,-0.2850952,0.8599793,-0.01000011,-1.89703369,-41.8221436,0.0,0.0,0.0,0.0,0.0,0.0
21.10907,DATA,1,0,0,0,0,0.0,0.0,1.19756484,1.30600834,-2.121417,-5.93631,169.60997,-0.290496826,0.8599793,-0.01000011,-1.89703369,-41.8221436,0.0,0.0,0.0,0.0,0.0,0.0
21.1651363,DATA,1,0,0,0,0,0.0,0.0,1.19751787,1.30608761,-2.12148523,-5.93621826,169.610153,-0.277923584,0.8599793,-0.01000011,-1.89703369,-41.8221436,0.0,0.0,0.0,0.0,0.0,0.0
21.2199154,DATA,1,0,0,0,0,0.0,0.0,1.19751072,1.30594563,-2.1213932,-5.930603,169.608521,-0.2954712,0.8599793,-0.01000011,-1.89703369,-41.8221436,0.0,0.0,0.0,0.0,0.0,0.0
21.275856,DATA,1,0,0,0,0,0.0,0.0,1.19750667,1.30599844,-2.12147713,-5.93545532,169.612244,-0.278961182,0.8599793,-0.01000011,-1.89703369,-41.8221436,0.0,0.0,0.0,0.0,0.0,0.0
21.331316,DATA,1,0,0,0,0,0.0,0.0,1.19754267,1.3059262,-2.12141943,-5.93252563,169.608078,-0.292511,0.8599793,-0.01000011,-1.89703369,-41.8221436,0.0,0.0,0.0,0.0,0.0,0.0
21.3869972,DATA,1,0,0,0,0,0.0,0.0,1.1975044,1.30599165,-2.121511,-5.930664,169.6082,-0.281494141,0.8599793,-0.01000011,-1.89703369,-41.8221436,0.0,0.0,0.0,0.0,0.0,0.0
21.4424667,DATA,1,0,0,0,0,0.0,0.0,1.197771,1.30586219,-2.12143326,-5.93405151,169.607468,-0.276672363,0.8599793,-0.01000011,-1.89703369,-41.8221436,0.0,0.0,0.0,0.0,0.0,0.0
21.4985,DATA,1,0,0,0,0,0.0,0.0,1.197784,1.30591774,-2.12153435,-5.919403,169.609344,-0.2887268,0.8599793,-0.01000011,-1.89703369,-41.8221436,0.0,0.0,0.0,0.0,0.0,0.0
21.5535717,DATA,1,0,0,0,0,0.0,0.0,1.19779253,1.30591226,-2.121513,-5.93099976,169.61026,-0.272277832,0.8599793,-0.01000011,-1.89703369,-41.8221436,0.0,0.0,0.0,0.0,0.0,0.0
21.6092911,DATA,1,0,0,0,0,0.0,0.0,1.197776,1.30591178,-2.12158012,-5.9262085,169.603424,-0.289093018,0.8599793,-0.01000011,-1.89703369,-41.8221436,0.0,0.0,0.0,0.0,0.0,0.0
21.6653938,DATA,1,0,0,0,0,0.0,0.0,1.19784236,1.30588984,-2.12160587,-5.93270874,169.60553,-0.268127441,0.8599793,-0.01000011,-1.89703369,-41.8221436,0.0,0.0,0.0,0.0,0.0,0.0
21.7203331,DATA,1,0,0,0,0,0.0,0.0,1.19786358,1.30583346,-2.12156844,-5.932495,169.601364,-0.290161133,0.8599793,-0.01000011,-1.89703369,-41.8221436,0.0,0.0,0.0,0.0,0.0,0.0
21.7751961,DATA,1,0,0,0,0,0.0,0.0,1.19789743,1.30585837,-2.12168741,-5.934723,169.604141,-0.275268555,0.8599793,-0.01000011,-1.89703369,-41.8221436,0.0,0.0,0.0,0.0,0.0,0.0
21.8308926,DATA,1,0,0,0,0,0.0,0.0,1.19788754,1.30580449,-2.12161374,-5.930664,169.606644,-0.285736084,0.8599793,-0.01000011,-1.89703369,-41.8221436,0.0,0.0,0.0,0.0,0.0,0.0
21.8873272,DATA,1,0,0,0,0,0.0,0.0,1.19788611,1.30587685,-2.121737,-5.936676,169.608124,-0.2805786,0.8599793,-0.01000011,-1.89703369,-41.8221436,0.0,0.0,0.0,0.0,0.0,0.0
21.9418755,DATA,1,0,0,0,0,0.0,0.0,1.19795144,1.30590916,-2.12162137,-5.9317627,169.607635,-0.289917,0.8599793,-0.01000011,-1.89703369,-41.8221436,0.0,0.0,0.0,0.0,0.0,0.0
21.9980011,DATA,1,0,0,0,0,0.0,0.0,1.19793677,1.30598092,-2.121749,-5.93563843,169.606842,-0.288970947,0.8599793,-0.01000011,-1.89703369,-41.8221436,0.0,0.0,0.0,0.0,0.0,0.0
22.0534935,DATA,1,0,0,0,0,0.0,0.0,1.19804585,1.30586541,-2.12155724,-5.938446,169.609589,-0.28338623,0.8599793,-0.01000011,-1.89703369,-41.8221436,0.0,0.0,0.0,0.0,0.0,0.0
22.1091328,DATA,1,0,0,0,0,0.0,0.0,1.19802725,1.3059237,-2.121691,-5.93338,169.605026,-0.2909546,0.8599793,-0.01000011,-1.89703369,-41.8221436,0.0,0.0,0.0,0.0,0.0,0.0
22.16578,DATA,1,0,0,0,0,0.0,0.0,1.19794643,1.3058157,-2.12152,-5.938263,169.608551,-0.282012939,0.8599793,-0.01000011,-1.89703369,-41.8221436,0.0,0.0,0.0,0.0,0.0,0.0
22.2207966,DATA,1,0,0,0,0,0.0,0.0,1.19791722,1.3058672,-2.12164259,-5.93533325,169.6047,-0.2829895,0.8599793,-0.01000011,-1.89703369,-41.8221436,0.0,0.0,0.0,0.0,0.0,0.0
22.2761612,DATA,1,0,0,0,0,0.0,0.0,1.19787323,1.30580044,-2.12156034,-5.935089,169.603073,-0.282348633,0.8599793,-0.01000011,-1.89703369,-41.8221436,0.0,0.0,0.0,0.0,0.0,0.0
22.3311939,DATA,1,0,0,0,0,0.0,0.0,1.19783592,1.30581307,-2.12159753,-5.934143,169.6012,-0.279724121,0.8599793,-0.01000011,-1.89703369,-41.8221436,0.0,0.0,0.0,0.0,0.0,0.0
22.38659,DATA,1,0,0,0,0,0.0,0.0,1.19779634,1.30583429,-2.12158513,-5.937622,169.604462,-0.278411865,0.8599793,-0.01000011,-1.89703369,-41.8221436,0.0,0.0,0.0,0.0,0.0,0.0
22.4424648,DATA,1,0,0,0,0,0.0,0.0,1.197707,1.30586529,-2.12151718,-5.939911,169.603378,-0.292053223,0.8599793,-0.01000011,-1.89703369,-41.8221436,0.0,0.0,0.0,0.0,0.0,0.0
22.4984245,DATA,1,0,0,0,0,0.0,0.0,1.19769764,1.30591607,-2.12160659,-5.943054,169.605072,-0.274414063,0.8599793,-0.01000011,-1.89703369,-41.8221436,0.0,0.0,0.0,0.0,0.0,0.0
22.5528946,DATA,1,0,0,0,0,0.0,0.0,1.19762111,1.30592287,-2.12153,-5.93692,169.6052,-0.2897644,0.8599793,-0.01000011,-1.89703369,-41.8221436,0.0,0.0,0.0,0.0,0.0,0.0
22.6093483,DATA,1,0,0,0,0,0.0,0.0,1.19757843,1.30600023,-2.121617,-5.94366455,169.609589,-0.281555176,0.8599793,-0.01000011,-1.89703369,-41.8221436,0.0,0.0,0.0,0.0,0.0,0.0
22.6652012,DATA,1,0,0,0,0,0.0,0.0,1.19764483,1.30584168,-2.12148666,-5.940277,169.605621,-0.2859497,0.8599793,-0.01000011,-1.89703369,-41.8221436,0.0,0.0,0.0,0.0,0.0,0.0
22.7203617,DATA,1,0,0,0,0,0.0,0.0,1.19759572,1.30590141,-2.12160015,-5.945923,169.600189,-0.285614,0.8599793,-0.01000011,-1.89703369,-41.8221436,0.0,0.0,0.0,0.0,0.0,0.0
22.7757511,DATA,1,0,0,0,0,0.0,0.0,1.19765747,1.30577159,-2.121479,-5.945862,169.606339,-0.281738281,0.8599793,-0.01000011,-1.89703369,-41.8221436,0.0,0.0,0.0,0.0,0.0,0.0
22.83111,DATA,1,0,0,0,0,0.0,0.0,1.19762754,1.30582047,-2.12163329,-5.941284,169.600723,-0.289794922,0.8599793,-0.01000011,-1.89703369,-41.8221436,0.0,0.0,0.0,0.0,0.0,0.0
22.8868237,DATA,1,0,0,0,0,0.0,0.0,1.19755983,1.30579019,-2.12146568,-5.9458313,169.602982,-0.279724121,0.8599793,-0.01000011,-1.89703369,-41.8221436,0.0,0.0,0.0,0.0,0.0,0.0
22.9425488,DATA,1,0,0,0,0,0.0,0.0,1.19750142,1.30585074,-2.121582,-5.93792725,169.604462,-0.29107666,0.8599793,-0.01000011,-1.89703369,-41.8221436,0.0,0.0,0.0,0.0,0.0,0.0
22.9983063,DATA,1,0,0,0,0,0.0,0.0,1.197567,1.30578351,-2.12152171,-5.941284,169.6052,-0.282043457,0.8599793,-0.01000011,-1.89703369,-41.8221436,0.0,0.0,0.0,0.0,0.0,0.0
23.053051,DATA,1,0,0,0,0,0.0,0.0,1.19754577,1.30579853,-2.12156343,-5.94052124,169.603592,-0.285675049,0.8599793,-0.01000011,-1.89703369,-41.8221436,0.0,0.0,0.0,0.0,0.0,0.0
23.1093369,DATA,1,0,0,0,0,0.0,0.0,1.1975559,1.30577815,-2.12155032,-5.94177246,169.60553,-0.284057617,0.8599793,-0.01000011,-1.89703369,-41.8221436,0.0,0.0,0.0,0.0,0.0,0.0
23.1642437,DATA,1,0,0,0,0,0.0,0.0,1.19757462,1.30572939,-2.12150955,-5.94006348,169.601959,-0.281158447,0.8599793,-0.01000011,-1.89703369,-41.8221436,0.0,0.0,0.0,0.0,0.0,0.0
23.2202225,DATA,1,0,0,0,0,0.0,0.0,1.19756079,1.30576158,-2.121591,-5.93881226,169.60321,-0.282135,0.8599793,-0.01000011,-1.89703369,-41.8221436,0.0,0.0,0.0,0.0,0.0,0.0
23.27593,DATA,1,0,0,0,0,0.0,0.0,1.197595,1.30572891,-2.121509,-5.940613,169.598343,-0.2781067,0.8599793,-0.01000011,-1.89703369,-41.8221436,0.0,0.0,0.0,0.0,0.0,0.0
23.3309612,DATA,1,0,0,0,0,0.0,0.0,1.19756794,1.30578065,-2.12165856,-5.94146729,169.603912,-0.2828064,0.8599793,-0.01000011,-1.89703369,-41.8221436,0.0,0.0,0.0,0.0,0.0,0.0
23.3875427,DATA,1,0,0,0,0,0.0,0.0,1.19760752,1.30567813,-2.12146735,-5.94662476,169.603088,-0.279266357,0.8599793,-0.01000011,-1.89703369,-41.8221436,0.0,0.0,0.0,0.0,0.0,0.0
23.4424114,DATA,1,0,0,0,0,0.0,0.0,1.19754553,1.305724,-2.12160444,-5.941803,169.597458,-0.283081055,0.8599793,-0.01000011,-1.89703369,-41.8221436,0.0,0.0,0.0,0.0,0.0,0.0
23.4985142,DATA,1,0,0,0,0,0.0,0.0,1.19760513,1.30573654,-2.12140369,-5.9473877,169.599487,-0.278533936,0.8599793,-0.01000011,-1.89703369,-41.8221436,0.0,0.0,0.0,0.0,0.0,0.0
23.5530014,DATA,1,0,0,0,0,0.0,0.0,1.19755769,1.30579567,-2.12154245,-5.94543457,169.599731,-0.289611816,0.8599793,-0.01000011,-1.89703369,-41.8221436,0.0,0.0,0.0,0.0,0.0,0.0
23.6086941,DATA,1,0,0,0,0,0.0,0.0,1.19753885,1.30574822,-2.12139821,-5.94702148,169.604889,-0.282745361,0.8599793,-0.01000011,-1.89703369,-41.8221436,0.0,0.0,0.0,0.0,0.0,0.0
23.6648254,DATA,1,0,0,0,0,0.0,0.0,1.19746733,1.30580962,-2.12151027,-5.944275,169.60025,-0.286682129,0.8599793,-0.01000011,-1.89703369,-41.8221436,0.0,0.0,0.0,0.0,0.0,0.0
23.71988,DATA,1,0,0,0,0,0.0,0.0,1.19753754,1.30572021,-2.12137079,-5.94595337,169.6032,-0.282196045,0.8599793,-0.01000011,-1.89703369,-41.8221436,0.0,0.0,0.0,0.0,0.0,0.0
23.7754784,DATA,1,0,0,0,0,0.0,0.0,1.19750476,1.30573535,-2.12140322,-5.950714,169.600586,-0.287902832,0.8599793,-0.01000011,-1.89703369,-41.8221436,0.0,0.0,0.0,0.0,0.0,0.0
23.8305359,DATA,1,0,0,0,0,0.0,0.0,1.19749594,1.3056916,-2.12135339,-5.95013428,169.59903,-0.2843628,0.8599793,-0.01000011,-1.89703369,-41.8221436,0.0,0.0,0.0,0.0,0.0,0.0
23.8865528,DATA,1,0,0,0,0,0.0,0.0,1.19749832,1.30563629,-2.12130547,-5.94903564,169.595886,-0.282714844,0.8599793,-0.01000011,-1.89703369,-41.8221436,0.0,0.0,0.0,0.0,0.0,0.0
23.9421558,DATA,1,0,0,0,0,0.0,0.0,1.1974709,1.30569,-2.12134933,-5.946747,169.596817,-0.285522461,0.8599793,-0.01000011,-1.89703369,-41.8221436,0.0,0.0,0.0,0.0,0.0,0.0
23.9982376,DATA,1,0,0,0,0,0.0,0.0,1.19754457,1.30569088,-2.12125683,-5.951874,169.597641,-0.2846985,0.8599793,-0.01000011,-1.89703369,-41.8221436,0.0,0.0,0.0,0.0,0.0,0.0
24.0534153,DATA,1,0,0,0,0,0.0,0.0,1.19750357,1.30575228,-2.12135744,-5.94979858,169.596542,-0.2848816,0.8599793,-0.01000011,-1.89703369,-41.8221436,0.0,0.0,0.0,0.0,0.0,0.0
24.1087055,DATA,1,0,0,0,0,0.0,0.0,1.19757414,1.30569208,-2.12122726,-5.9480896,169.597,-0.284332275,0.8599793,-0.01000011,-1.89703369,-41.8221436,0.0,0.0,0.0,0.0,0.0,0.0
24.1642761,DATA,1,0,0,0,0,0.0,0.0,1.19755,1.30576336,-2.121336,-5.952423,169.598816,-0.281036377,0.8599793,-0.01000011,-1.89703369,-41.8221436,0.0,0.0,0.0,0.0,0.0,0.0
24.2206764,DATA,1,0,0,0,0,0.0,0.0,1.19756746,1.30565071,-2.121198,-5.95080566,169.595612,-0.288513184,0.8599793,-0.01000011,-1.89703369,-41.8221436,0.0,0.0,0.0,0.0,0.0,0.0
24.2749386,DATA,1,0,0,0,0,0.0,0.0,1.19755411,1.30570245,-2.12131047,-5.952606,169.596024,-0.279907227,0.8599793,-0.01000011,-1.89703369,-41.8221436,0.0,0.0,0.0,0.0,0.0,0.0
24.33142,DATA,1,0,0,0,0,0.0,0.0,1.19757438,1.30563283,-2.12120557,-5.945862,169.596558,-0.29196167,0.8599793,-0.01000011,-1.89703369,-41.8221436,0.0,0.0,0.0,0.0,0.0,0.0
24.3874874,DATA,1,0,0,0,0,0.0,0.0,1.19757259,1.30567336,-2.12132335,-5.951355,169.596283,-0.2765503,0.8599793,-0.01000011,-1.89703369,-41.8221436,0.0,0.0,0.0,0.0,0.0,0.0
24.4416351,DATA,1,0,0,0,0,0.0,0.0,1.19765759,1.30556726,-2.12120771,-5.949829,169.597977,-0.288269043,0.8599793,-0.01000011,-1.89703369,-41.8221436,0.0,0.0,0.0,0.0,0.0,0.0
24.4987,DATA,1,0,0,0,0,0.0,0.0,1.19766223,1.30559969,-2.1212697,-5.95224,169.5976,-0.2835083,0.8599793,-0.01000011,-1.89703369,-41.8221436,0.0,0.0,0.0,0.0,0.0,0.0
24.5520535,DATA,1,0,0,0,0,0.0,0.0,1.197631,1.305609,-2.121259,-5.952484,169.598511,-0.287078857,0.8599793,-0.01000011,-1.89703369,-41.8221436,0.0,0.0,0.0,0.0,0.0,0.0
24.6097164,DATA,1,0,0,0,0,0.0,0.0,1.19759941,1.30564249,-2.121283,-5.95428467,169.597427,-0.2849121,0.8599793,-0.01000011,-1.89703369,-41.8221436,0.0,0.0,0.0,0.0,0.0,0.0
24.664032,DATA,1,0,0,0,0,0.0,0.0,1.19759214,1.30569315,-2.12131977,-5.95303345,169.59758,-0.282867432,0.8599793,-0.01000011,-1.89703369,-41.8221436,0.0,0.0,0.0,0.0,0.0,0.0
24.7201023,DATA,1,0,0,0,0,0.0,0.0,1.19759619,1.30567861,-2.121224,-5.953064,169.599884,-0.285736084,0.8599793,-0.01000011,-1.89703369,-41.8221436,0.0,0.0,0.0,0.0,0.0,0.0
24.7753353,DATA,1,0,0,0,0,0.0,0.0,1.19758511,1.30574012,-2.121317,-5.956909,169.598572,-0.287017822,0.8599793,-0.01000011,-1.89703369,-41.8221436,0.0,0.0,0.0,0.0,0.0,0.0
24.8307781,DATA,1,0,0,0,0,0.0,0.0,1.19761336,1.30567837,-2.12123227,-5.95620728,169.597763,-0.27923584,0.8599793,-0.01000011,-1.89703369,-41.8221436,0.0,0.0,0.0,0.0,0.0,0.0
24.886734,DATA,1,0,0,0,0,0.0,0.0,1.19756353,1.30578172,-2.12133932,-5.952484,169.595032,-0.289306641,0.8599793,-0.01000011,-1.89703369,-41.8221436,0.0,0.0,0.0,0.0,0.0,0.0
24.9424934,DATA,1,0,0,0,0,0.0,0.0,1.19765735,1.305646,-2.12125778,-5.95870972,169.605469,-0.282501221,0.8599793,-0.01000011,-1.89703369,-41.8221436,0.0,0.0,0.0,0.0,0.0,0.0
24.998436,DATA,1,0,0,0,0,0.0,0.0,1.19758272,1.30572832,-2.121369,-5.956543,169.5962,-0.29107666,0.8599793,-0.01000011,-1.89703369,-41.8221436,0.0,0.0,0.0,0.0,0.0,0.0
25.0530815,DATA,1,0,0,0,0,0.0,0.0,1.19762278,1.30561852,-2.12119365,-5.96240234,169.598862,-0.278900146,0.8599793,-0.01000011,-1.89703369,-41.8221436,0.0,0.0,0.0,0.0,0.0,0.0
25.108984,DATA,1,0,0,0,0,0.0,0.0,1.19756007,1.3056941,-2.12131548,-5.95523071,169.593842,-0.2920227,0.8599793,-0.01000011,-1.89703369,-41.8221436,0.0,0.0,0.0,0.0,0.0,0.0
25.164156,DATA,1,0,0,0,0,0.0,0.0,1.19769669,1.30559278,-2.12119722,-5.96081543,169.595337,-0.2824707,0.8599793,-0.01000011,-1.89703369,-41.8221436,0.0,0.0,0.0,0.0,0.0,0.0
25.2203636,DATA,1,0,0,0,0,0.0,0.0,1.19767118,1.30564952,-2.12128782,-5.959015,169.594742,-0.291687,0.8599793,-0.01000011,-1.89703369,-41.8221436,0.0,0.0,0.0,0.0,0.0,0.0
25.2754478,DATA,1,0,0,0,0,0.0,0.0,1.19760942,1.30565548,-2.1212256,-5.959015,169.595016,-0.285827637,0.8599793,-0.01000011,-1.89703369,-41.8221436,0.0,0.0,0.0,0.0,0.0,0.0
25.3308468,DATA,1,0,0,0,0,0.0,0.0,1.197573,1.3056885,-2.12125421,-5.960144,169.597839,-0.288513184,0.8599793,-0.01000011,-1.89703369,-41.8221436,0.0,0.0,0.0,0.0,0.0,0.0
25.3868,DATA,1,0,0,0,0,0.0,0.0,1.19762778,1.30568051,-2.12127829,-5.95877075,169.599411,-0.28729248,0.8599793,-0.01000011,-1.89703369,-41.8221436,0.0,0.0,0.0,0.0,0.0,0.0
25.4416962,DATA,1,0,0,0,0,0.0,0.0,1.19768262,1.3056643,-2.12123561,-5.961426,169.598419,-0.2874756,0.8599793,-0.01000011,-1.89703369,-41.8221436,0.0,0.0,0.0,0.0,0.0,0.0
25.4984589,DATA,1,0,0,0,0,0.0,0.0,1.19764173,1.30571389,-2.121317,-5.95651245,169.5959,-0.2914734,0.8599793,-0.01000011,-1.89703369,-41.8221436,0.0,0.0,0.0,0.0,0.0,0.0
25.5528221,DATA,1,0,0,0,0,0.0,0.0,1.19760323,1.30564308,-2.12120914,-5.95813,169.603882,-0.2739563,0.8599793,-0.01000011,-1.89703369,-41.8221436,0.0,0.0,0.0,0.0,0.0,0.0
25.6090126,DATA,1,0,0,0,0,0.0,0.0,1.1974659,1.30573094,-2.121286,-5.960083,169.599152,-0.2980652,0.8599793,-0.01000011,-1.89703369,-41.8221436,0.0,0.0,0.0,0.0,0.0,0.0
25.6644,DATA,1,0,0,0,0,0.0,0.0,1.19761145,1.30564559,-2.121179,-5.96118164,169.603287,-0.276794434,0.8599793,-0.01000011,-1.89703369,-41.8221436,0.0,0.0,0.0,0.0,0.0,0.0
25.7196751,DATA,1,0,0,0,0,0.0,0.0,1.19749188,1.30572724,-2.12127852,-5.96167,169.5959,-0.2984619,0.8599793,-0.01000011,-1.89703369,-41.8221436,0.0,0.0,0.0,0.0,0.0,0.0
25.7757454,DATA,1,0,0,0,0,0.0,0.0,1.19753242,1.30572808,-2.12107086,-5.968567,169.601044,-0.2788391,0.8599793,-0.01000011,-1.89703369,-41.8221436,0.0,0.0,0.0,0.0,0.0,0.0
25.8315487,DATA,1,0,0,0,0,0.0,0.0,1.19742215,1.3058157,-2.12117267,-5.962799,169.597031,-0.297790527,0.8599793,-0.01000011,-1.89703369,-41.8221436,0.0,0.0,0.0,0.0,0.0,0.0
25.8863163,DATA,1,0,0,0,0,0.0,0.0,1.19757771,1.30568767,-2.12107849,-5.96157837,169.601044,-0.2805786,0.8599793,-0.01000011,-1.89703369,-41.8221436,0.0,0.0,0.0,0.0,0.0,0.0
25.9416924,DATA,1,0,0,0,0,0.0,0.0,1.19750011,1.30575764,-2.121153,-5.96188354,169.59903,-0.286682129,0.8599793,-0.01000011,-1.89703369,-41.8221436,0.0,0.0,0.0,0.0,0.0,0.0
25.99735,DATA,1,0,0,0,0,0.0,0.0,1.197509,1.305669,-2.121117,-5.963196,169.59906,-0.291870117,0.8599793,-0.01000011,-1.89703369,-41.8221436,0.0,0.0,0.0,0.0,0.0,0.0
26.0528679,DATA,1,0,0,0,0,0.0,0.0,1.19750929,1.30566192,-2.121139,-5.96765137,169.599487,-0.279449463,0.8599793,-0.01000011,-1.89703369,-41.8221436,0.0,0.0,0.0,0.0,0.0,0.0
26.1086388,DATA,1,0,0,0,0,0.0,0.0,1.19749975,1.30567837,-2.12117314,-5.96286,169.596527,-0.294189453,0.8599793,-0.01000011,-1.89703369,-41.8221436,0.0,0.0,0.0,0.0,0.0,0.0
26.1641636,DATA,1,0,0,0,0,0.0,0.0,1.19756484,1.3057034,-2.12116551,-5.96484375,169.600861,-0.282714844,0.8599793,-0.01000011,-1.89703369,-41.8221436,0.0,0.0,0.0,0.0,0.0,0.0
26.2195644,DATA,1,0,0,0,0,0.0,0.0,1.19750893,1.30571914,-2.12122536,-5.961792,169.597137,-0.290802,0.8599793,-0.01000011,-1.89703369,-41.8221436,0.0,0.0,0.0,0.0,0.0,0.0
26.2751446,DATA,1,0,0,0,0,0.0,0.0,1.19755411,1.30554616,-2.12114286,-5.96402,169.59903,-0.286743164,0.8599793,-0.01000011,-1.89703369,-41.8221436,0.0,0.0,0.0,0.0,0.0,0.0
26.3312187,DATA,1,0,0,0,0,0.0,0.0,1.19747233,1.30560482,-2.12121987,-5.96340942,169.595642,-0.287536621,0.8599793,-0.01000011,-1.89703369,-41.8221436,0.0,0.0,0.0,0.0,0.0,0.0
26.3851948,DATA,1,0,0,0,0,0.0,0.0,1.197656,1.30548644,-2.12103987,-5.9644165,169.599548,-0.283233643,0.8599793,-0.01000011,-1.89703369,-41.8221436,0.0,0.0,0.0,0.0,0.0,0.0
26.44141,DATA,1,0,0,0,0,0.0,0.0,1.19761693,1.3055383,-2.12113571,-5.9599,169.59993,-0.281799316,0.8599793,-0.01000011,-1.89703369,-41.8221436,0.0,0.0,0.0,0.0,0.0,0.0
26.49771,DATA,1,0,0,0,0,0.0,0.0,1.19759011,1.30544448,-2.1211195,-5.96246338,169.600357,-0.289672852,0.8599793,-0.01000011,-1.89703369,-41.8221436,0.0,0.0,0.0,0.0,0.0,0.0
26.5529957,DATA,1,0,0,0,0,0.0,0.0,1.197572,1.30547523,-2.12123871,-5.961853,169.601578,-0.28237915,0.8599793,-0.01000011,-1.89703369,-41.8221436,0.0,0.0,0.0,0.0,0.0,0.0
26.6083584,DATA,1,0,0,0,0,0.0,0.0,1.197553,1.30546129,-2.12110233,-5.962555,169.598312,-0.2921753,0.8599793,-0.01000011,-1.89703369,-41.8221436,0.0,0.0,0.0,0.0,0.0,0.0
26.6648731,DATA,1,0,0,0,0,0.0,0.0,1.19754362,1.30550611,-2.12120438,-5.964264,169.601456,-0.277008057,0.8599793,-0.01000011,-1.89703369,-41.8221436,0.0,0.0,0.0,0.0,0.0,0.0
26.71951,DATA,1,0,0,0,0,0.0,0.0,1.19748378,1.30540442,-2.12119532,-5.963135,169.596542,-0.29006958,0.8599793,-0.01000011,-1.89703369,-41.8221436,0.0,0.0,0.0,0.0,0.0,0.0
26.7754765,DATA,1,0,0,0,0,0.0,0.0,1.19750476,1.30539823,-2.12127924,-5.9675293,169.6,-0.274230957,0.8599793,-0.01000011,-1.89703369,-41.8221436,0.0,0.0,0.0,0.0,0.0,0.0
26.83108,DATA,1,0,0,0,0,0.0,0.0,1.19742274,1.30537522,-2.12128258,-5.963196,169.596588,-0.290344238,0.8599793,-0.01000011,-1.89703369,-41.8221436,0.0,0.0,0.0,0.0,0.0,0.0
26.8861713,DATA,1,0,0,0,0,0.0,0.0,1.19742179,1.30534124,-2.12128353,-5.969391,169.597809,-0.2833557,0.8599793,-0.01000011,-1.89703369,-41.8221436,0.0,0.0,0.0,0.0,0.0,0.0
26.9420319,DATA,1,0,0,0,0,0.0,0.0,1.1973722,1.30532718,-2.121345,-5.967041,169.5976,-0.282318115,0.8599793,-0.01000011,-1.89703369,-41.8221436,0.0,0.0,0.0,0.0,0.0,0.0
26.9980564,DATA,1,0,0,0,0,0.0,0.0,1.197365,1.305257,-2.12131119,-5.96664429,169.5988,-0.289093018,0.8599793,-0.01000011,-1.89703369,-41.8221436,0.0,0.0,0.0,0.0,0.0,0.0
27.0532017,DATA,1,0,0,0,0,0.0,0.0,1.1973182,1.30528951,-2.1214397,-5.96936035,169.602539,-0.279907227,0.8599793,-0.01000011,-1.89703369,-41.8221436,0.0,0.0,0.0,0.0,0.0,0.0
27.1090012,DATA,1,0,0,0,0,0.0,0.0,1.197394,1.3052665,-2.12127972,-5.96505737,169.600128,-0.287719727,0.8599793,-0.01000011,-1.89703369,-41.8221436,0.0,0.0,0.0,0.0,0.0,0.0
27.16428,DATA,1,0,0,0,0,0.0,0.0,1.197349,1.30529189,-2.12139463,-5.96933,169.59903,-0.2796936,0.8599793,-0.01000011,-1.89703369,-41.8221436,0.0,0.0,0.0,0.0,0.0,0.0
27.2191753,DATA,1,0,0,0,0,0.0,0.0,1.19732237,1.30523014,-2.12127781,-5.967499,169.5961,-0.2915039,0.8599793,-0.01000011,-1.89703369,-41.8221436,0.0,0.0,0.0,0.0,0.0,0.0
27.2759171,DATA,1,0,0,0,0,0.0,0.0,1.19732058,1.30525279,-2.12141418,-5.97131348,169.599228,-0.2791443,0.8599793,-0.01000011,-1.89703369,-41.8221436,0.0,0.0,0.0,0.0,0.0,0.0
27.33085,DATA,1,0,0,0,0,0.0,0.0,1.19726455,1.305182,-2.1212306,-5.967499,169.59108,-0.286499023,0.8599793,-0.01000011,-1.89703369,-41.8221436,0.0,0.0,0.0,0.0,0.0,0.0
27.3868256,DATA,1,0,0,0,0,0.0,0.0,1.19724965,1.30522752,-2.12135267,-5.9711,169.596222,-0.2775879,0.8599793,-0.01000011,-1.89703369,-41.8221436,0.0,0.0,0.0,0.0,0.0,0.0
27.4407253,DATA,1,0,0,0,0,0.0,0.0,1.19715309,1.30524075,-2.12127447,-5.96630859,169.597641,-0.288238525,0.8599793,-0.01000011,-1.89703369,-41.8221436,0.0,0.0,0.0,0.0,0.0,0.0
27.4971962,DATA,1,0,0,0,0,0.0,0.0,1.19710481,1.305278,-2.121362,-5.972473,169.599289,-0.282867432,0.8599793,-0.01000011,-1.89703369,-41.8221436,0.0,0.0,0.0,0.0,0.0,0.0
27.5523586,DATA,1,0,0,0,0,0.0,0.0,1.19714987,1.3052237,-2.12130857,-5.97018433,169.59642,-0.287719727,0.8599793,-0.01000011,-1.89703369,-41.8221436,0.0,0.0,0.0,0.0,0.0,0.0
27.60833,DATA,1,0,0,0,0,0.0,0.0,1.19719374,1.30518627,-2.1212883,-5.96994,169.596558,-0.28326416,0.8599793,-0.01000011,-1.89703369,-41.8221436,0.0,0.0,0.0,0.0,0.0,0.0
27.6638069,DATA,1,0,0,0,0,0.0,0.0,1.19716442,1.30523312,-2.12135339,-5.97213745,169.599243,-0.283233643,0.8599793,-0.01000011,-1.89703369,-41.8221436,0.0,0.0,0.0,0.0,0.0,0.0
27.7203083,DATA,1,0,0,0,0,0.0,0.0,1.19721627,1.305246,-2.121283,-5.96658325,169.599991,-0.2890625,0.8599793,-0.01000011,-1.89703369,-41.8221436,0.0,0.0,0.0,0.0,0.0,0.0
27.7746372,DATA,1,0,0,0,0,0.0,0.0,1.19717669,1.30529964,-2.12139654,-5.97384644,169.600876,-0.277771,0.8599793,-0.01000011,-1.89703369,-41.8221436,0.0,0.0,0.0,0.0,0.0,0.0
27.8307266,DATA,1,0,0,0,0,0.0,0.0,1.19728661,1.30514824,-2.12129354,-5.97177124,169.5958,-0.2921753,0.8599793,-0.01000011,-1.89703369,-41.8221436,0.0,0.0,0.0,0.0,0.0,0.0
27.8859444,DATA,1,0,0,0,0,0.0,0.0,1.1972512,1.30520272,-2.12142658,-5.97485352,169.599716,-0.277557373,0.8599793,-0.01000011,-1.89703369,-41.8221436,0.0,0.0,0.0,0.0,0.0,0.0
27.9420929,DATA,1,0,0,0,0,0.0,0.0,1.19721818,1.30514574,-2.12123537,-5.971344,169.594482,-0.29006958,0.8599793,-0.01000011,-1.89703369,-41.8221436,0.0,0.0,0.0,0.0,0.0,0.0
27.9975014,DATA,1,0,0,0,0,0.0,0.0,1.19718361,1.30519474,-2.12137175,-5.975464,169.599777,-0.275238037,0.8599793,-0.01000011,-1.89703369,-41.8221436,0.0,0.0,0.0,0.0,0.0,0.0
28.0527248,DATA,1,0,0,0,0,0.0,0.0,1.19726741,1.3051126,-2.12120056,-5.97390747,169.592468,-0.295166016,0.8599793,-0.01000011,-1.89703369,-41.8221436,0.0,0.0,0.0,0.0,0.0,0.0
28.1082554,DATA,1,0,0,0,0,0.0,0.0,1.19726658,1.30515814,-2.121329,-5.976898,169.599274,-0.277832031,0.8599793,-0.01000011,-1.89703369,-41.8221436,0.0,0.0,0.0,0.0,0.0,0.0
28.1636639,DATA,1,0,0,0,0,0.0,0.0,1.19726944,1.30512643,-2.12120914,-5.973572,169.594421,-0.2919922,0.8599793,-0.01000011,-1.89703369,-41.8221436,0.0,0.0,0.0,0.0,0.0,0.0
28.2199116,DATA,1,0,0,0,0,0.0,0.0,1.19726241,1.30517125,-2.1212883,-5.97625732,169.597458,-0.280181885,0.8599793,-0.01000011,-1.89703369,-41.8221436,0.0,0.0,0.0,0.0,0.0,0.0
28.2745914,DATA,1,0,0,0,0,0.0,0.0,1.19733381,1.30516434,-2.12120724,-5.97320557,169.596176,-0.289031982,0.8599793,-0.01000011,-1.89703369,-41.8221436,0.0,0.0,0.0,0.0,0.0,0.0
28.3307648,DATA,1,0,0,0,0,0.0,0.0,1.19738483,1.30518687,-2.12118363,-5.97787476,169.599686,-0.289367676,0.8599793,-0.01000011,-1.89703369,-41.8221436,0.0,0.0,0.0,0.0,0.0,0.0
28.385807,DATA,1,0,0,0,0,0.0,0.0,1.19735467,1.30521441,-2.1211977,-5.974243,169.598572,-0.2862854,0.8599793,-0.01000011,-1.89703369,-41.8221436,0.0,0.0,0.0,0.0,0.0,0.0
28.4415,DATA,1,0,0,0,0,0.0,0.0,1.19732308,1.30523181,-2.12116575,-5.97332764,169.59436,-0.285797119,0.8599793,-0.01000011,-1.89703369,-41.8221436,0.0,0.0,0.0,0.0,0.0,0.0
28.4986038,DATA,1,0,0,0,0,0.0,0.0,1.19730854,1.30529642,-2.12125683,-5.97619629,169.593857,-0.281341553,0.8599793,-0.01000011,-1.89703369,-41.8221436,0.0,0.0,0.0,0.0,0.0,0.0
28.55238,DATA,1,0,0,0,0,0.0,0.0,1.19738781,1.30522513,-2.12114668,-5.973114,169.591156,-0.288513184,0.8599793,-0.01000011,-1.89703369,-41.8221436,0.0,0.0,0.0,0.0,0.0,0.0
28.6086445,DATA,1,0,0,0,0,0.0,0.0,1.19738007,1.30530763,-2.12126017,-5.976715,169.594437,-0.2815857,0.8599793,-0.01000011,-1.89703369,-41.8221436,0.0,0.0,0.0,0.0,0.0,0.0
28.6642475,DATA,1,0,0,0,0,0.0,0.0,1.19729483,1.30527353,-2.12107,-5.974518,169.595413,-0.2915039,0.8599793,-0.01000011,-1.89703369,-41.8221436,0.0,0.0,0.0,0.0,0.0,0.0
28.7196941,DATA,1,0,0,0,0,0.0,0.0,1.19727,1.30536127,-2.12117481,-5.97845459,169.597473,-0.280975342,0.8599793,-0.01000011,-1.89703369,-41.8221436,0.0,0.0,0.0,0.0,0.0,0.0
28.77534,DATA,1,0,0,0,0,0.0,0.0,1.19723451,1.30534327,-2.1210146,-5.974457,169.592575,-0.2916565,0.8599793,-0.01000011,-1.89703369,-41.8221436,0.0,0.0,0.0,0.0,0.0,0.0
28.8302517,DATA,1,0,0,0,0,0.0,0.0,1.19721651,1.30543065,-2.12112141,-5.980652,169.598785,-0.2788086,0.8599793,-0.01000011,-1.89703369,-41.8221436,0.0,0.0,0.0,0.0,0.0,0.0
28.88618,DATA,1,0,0,0,0,0.0,0.0,1.19719124,1.30536425,-2.12099338,-5.97174072,169.592255,-0.288787842,0.8599793,-0.01000011,-1.89703369,-41.8221436,0.0,0.0,0.0,0.0,0.0,0.0
28.9417915,DATA,1,0,0,0,0,0.0,0.0,1.19717968,1.305445,-2.12109,-5.97610474,169.59407,-0.280700684,0.8599793,-0.01000011,-1.89703369,-41.8221436,0.0,0.0,0.0,0.0,0.0,0.0
28.9975319,DATA,1,0,0,0,0,0.0,0.0,1.1971612,1.305404,-2.121028,-5.970642,169.591827,-0.284851074,0.8599793,-0.01000011,-1.89703369,-41.8221436,0.0,0.0,0.0,0.0,0.0,0.0
29.0523033,DATA,1,0,0,0,0,0.0,0.0,1.19714689,1.30543339,-2.12106466,-5.97439575,169.593,-0.283752441,0.8599793,-0.01000011,-1.89703369,-41.8221436,0.0,0.0,0.0,0.0,0.0,0.0
29.1087513,DATA,1,0,0,0,0,0.0,0.0,1.19712412,1.30542064,-2.12105942,-5.973236,169.594269,-0.286865234,0.8599793,-0.01000011,-1.89703369,-41.8221436,0.0,0.0,0.0,0.0,0.0,0.0
29.1641979,DATA,1,0,0,0,0,0.0,0.0,1.19712043,1.30535662,-2.12100744,-5.975952,169.588776,-0.2875061,0.8599793,-0.01000011,-1.89703369,-41.8221436,0.0,0.0,0.0,0.0,0.0,0.0
29.2194366,DATA,1,0,0,0,0,0.0,0.0,1.197083,1.305394,-2.12107253,-5.97485352,169.5869,-0.289367676,0.8599793,-0.01000011,-1.89703369,-41.8221436,0.0,0.0,0.0,0.0,0.0,0.0
29.2746964,DATA,1,0,0,0,0,0.0,0.0,1.19715512,1.30527675,-2.12096167,-5.97351074,169.592133,-0.285125732,0.8599793,-0.01000011,-1.89703369,-41.8221436,0.0,0.0,0.0,0.0,0.0,0.0
29.3329563,DATA,1,0,0,0,0,0.0,0.0,1.197104,1.30533683,-2.12105036,-5.973999,169.590424,-0.2868042,0.8599793,-0.01000011,-1.89703369,-41.8221436,0.0,0.0,0.0,0.0,0.0,0.0
29.38625,DATA,1,0,0,0,0,0.0,0.0,1.197183,1.305158,-2.12094617,-5.97897339,169.589935,-0.289917,0.8599793,-0.01000011,-1.89703369,-41.8221436,0.0,0.0,0.0,0.0,0.0,0.0
29.4417553,DATA,1,0,0,0,0,0.0,0.0,1.19713438,1.30521834,-2.12101984,-5.9770813,169.5905,-0.287750244,0.8599793,-0.01000011,-1.89703369,-41.8221436,0.0,0.0,0.0,0.0,0.0,0.0
29.4974537,DATA,1,0,0,0,0,0.0,0.0,1.19712651,1.30523467,-2.12085414,-5.97845459,169.588821,-0.28793335,0.8599793,-0.01000011,-1.89703369,-41.8221436,0.0,0.0,0.0,0.0,0.0,0.0
29.5523624,DATA,1,0,0,0,0,0.0,0.0,1.19707823,1.30530262,-2.1209507,-5.97808838,169.590942,-0.291778564,0.8599793,-0.01000011,-1.89703369,-41.8221436,0.0,0.0,0.0,0.0,0.0,0.0
29.6081715,DATA,1,0,0,0,0,0.0,0.0,1.19718039,1.30521607,-2.12082338,-5.975952,169.592255,-0.2885437,0.8599793,-0.01000011,-1.89703369,-41.8221436,0.0,0.0,0.0,0.0,0.0,0.0
29.6640987,DATA,1,0,0,0,0,0.0,0.0,1.19713449,1.30527163,-2.12090969,-5.97702026,169.5902,-0.2875061,0.8599793,-0.01000011,-1.89703369,-41.8221436,0.0,0.0,0.0,0.0,0.0,0.0
29.7191734,DATA,1,0,0,0,0,0.0,0.0,1.19709468,1.30527282,-2.12085915,-5.97439575,169.591644,-0.2947693,0.8599793,-0.01000011,-1.89703369,-41.8221436,0.0,0.0,0.0,0.0,0.0,0.0
29.7749786,DATA,1,0,0,0,0,0.0,0.0,1.19703543,1.30531383,-2.120916,-5.9793396,169.591537,-0.2878723,0.8599793,-0.01000011,-1.89703369,-41.8221436,0.0,0.0,0.0,0.0,0.0,0.0
29.8303127,DATA,1,0,0,0,0,0.0,0.0,1.19707394,1.30529308,-2.120913,-5.97650146,169.588882,-0.292449951,0.8599793,-0.01000011,-1.89703369,-41.8221436,0.0,0.0,0.0,0.0,0.0,0.0
29.8851757,DATA,1,0,0,0,0,0.0,0.0,1.1971513,1.30526161,-2.12089849,-5.9770813,169.590332,-0.2880249,0.8599793,-0.01000011,-1.89703369,-41.8221436,0.0,0.0,0.0,0.0,0.0,0.0
29.9412422,DATA,1,0,0,0,0,0.0,0.0,1.19711888,1.30529737,-2.12094378,-5.97613525,169.590057,-0.292449951,0.8599793,-0.01000011,-1.89703369,-41.8221436,0.0,0.0,0.0,0.0,0.0,0.0
29.9971752,DATA,1,0,0,0,0,0.0,0.0,1.19717169,1.3052429,-2.12086,-5.978668,169.592392,-0.286346436,0.8599793,-0.01000011,-1.89703369,-41.8221436,0.0,0.0,0.0,0.0,0.0,0.0
30.0528069,DATA,1,0,0,0,0,0.0,0.0,1.19711924,1.30531,-2.120955,-5.978882,169.589813,-0.28793335,0.8599793,-0.01000011,-1.89703369,-41.8221436,0.0,0.0,0.0,0.0,0.0,0.0
30.1088047,DATA,1,0,0,0,0,0.0,0.0,1.197085,1.30522919,-2.120863,-5.97769165,169.58873,-0.285003662,0.8599793,-0.01000011,-1.89703369,-41.8221436,0.0,0.0,0.0,0.0,0.0,0.0
30.1631813,DATA,1,0,0,0,0,0.0,0.0,1.19702792,1.30530584,-2.120961,-5.977295,169.588409,-0.2881775,0.8599793,-0.01000011,-1.89703369,-41.8221436,0.0,0.0,0.0,0.0,0.0,0.0
30.2198868,DATA,1,0,0,0,0,0.0,0.0,1.197154,1.30517983,-2.120863,-5.979645,169.58873,-0.2889099,0.8599793,-0.01000011,-1.89703369,-41.8221436,0.0,0.0,0.0,0.0,0.0,0.0
30.27475,DATA,1,0,0,0,0,0.0,0.0,1.19711685,1.30524552,-2.12095737,-5.981018,169.590134,-0.2885437,0.8599793,-0.01000011,-1.89703369,-41.8221436,0.0,0.0,0.0,0.0,0.0,0.0
30.3304634,DATA,1,0,0,0,0,0.0,0.0,1.19718945,1.30501664,-2.120826,-5.98220825,169.585526,-0.29083252,0.8599793,-0.01000011,-1.89703369,-41.8221436,0.0,0.0,0.0,0.0,0.0,0.0
30.3863831,DATA,1,0,0,0,0,0.0,0.0,1.1971606,1.30507278,-2.12091851,-5.980835,169.590668,-0.289642334,0.8599793,-0.01000011,-1.89703369,-41.8221436,0.0,0.0,0.0,0.0,0.0,0.0
30.4415359,DATA,1,0,0,0,0,0.0,0.0,1.19719458,1.3050952,-2.12080622,-5.9805603,169.5868,-0.294921875,0.8599793,-0.01000011,-1.89703369,-41.8221436,0.0,0.0,0.0,0.0,0.0,0.0
30.4976654,DATA,1,0,0,0,0,0.0,0.0,1.19718766,1.305155,-2.12084937,-5.97973633,169.589447,-0.288208,0.8599793,-0.01000011,-1.89703369,-41.8221436,0.0,0.0,0.0,0.0,0.0,0.0
30.5522976,DATA,1,0,0,0,0,0.0,0.0,1.19713247,1.305185,-2.12081552,-5.98553467,169.5901,-0.290679932,0.8599793,-0.01000011,-1.89703369,-41.8221436,0.0,0.0,0.0,0.0,0.0,0.0
30.60835,DATA,1,0,0,0,0,0.0,0.0,1.19710612,1.30523276,-2.12080979,-5.98345947,169.5873,-0.2869873,0.8599793,-0.01000011,-1.89703369,-41.8221436,0.0,0.0,0.0,0.0,0.0,0.0
30.6638889,DATA,1,0,0,0,0,0.0,0.0,1.19709229,1.3052268,-2.12082434,-5.981415,169.586746,-0.290893555,0.8599793,-0.01000011,-1.89703369,-41.8221436,0.0,0.0,0.0,0.0,0.0,0.0
30.7193966,DATA,1,0,0,0,0,0.0,0.0,1.19722486,1.30507016,-2.12074137,-5.98648071,169.589111,-0.285644531,0.8599793,-0.01000011,-1.89703369,-41.8221436,0.0,0.0,0.0,0.0,0.0,0.0
30.7755318,DATA,1,0,0,0,0,0.0,0.0,1.19715619,1.30513453,-2.12082767,-5.98522949,169.588882,-0.289917,0.8599793,-0.01000011,-1.89703369,-41.8221436,0.0,0.0,0.0,0.0,0.0,0.0
30.8298645,DATA,1,0,0,0,0,0.0,0.0,1.19704747,1.30522144,-2.12078714,-5.98657227,169.590942,-0.289489746,0.8599793,-0.01000011,-1.89703369,-41.8221436,0.0,0.0,0.0,0.0,0.0,0.0
30.88614,DATA,1,0,0,0,0,0.0,0.0,1.19697249,1.30529368,-2.12087131,-5.98394775,169.591553,-0.2862854,0.8599793,-0.01000011,-1.89703369,-41.8221436,0.0,0.0,0.0,0.0,0.0,0.0
30.9401913,DATA,1,0,0,0,0,0.0,0.0,1.19725358,1.305115,-2.12071657,-5.98022461,169.586761,-0.2949524,0.8599793,-0.01000011,-1.89703369,-41.8221436,0.0,0.0,0.0,0.0,0.0,0.0
30.9975948,DATA,1,0,0,0,0,0.0,0.0,1.19721508,1.3051697,-2.120789,-5.982727,169.588867,-0.282165527,0.8599793,-0.01000011,-1.89703369,-41.8221436,0.0,0.0,0.0,0.0,0.0,0.0
31.0524063,DATA,1,0,0,0,0,0.0,0.0,1.197057,1.30514908,-2.12073231,-5.9805603,169.588074,-0.291687,0.8599793,-0.01000011,-1.89703369,-41.8221436,0.0,0.0,0.0,0.0,0.0,0.0
31.1080761,DATA,1,0,0,0,0,0.0,0.0,1.19699013,1.30521464,-2.12080479,-5.985199,169.590668,-0.288208,0.8599793,-0.01000011,-1.89703369,-41.8221436,0.0,0.0,0.0,0.0,0.0,0.0
31.16346,DATA,1,0,0,0,0,0.0,0.0,1.19721973,1.30503285,-2.12070227,-5.9831543,169.590057,-0.290588379,0.8599793,-0.01000011,-1.89703369,-41.8221436,0.0,0.0,0.0,0.0,0.0,0.0
31.2190685,DATA,1,0,0,0,0,0.0,0.0,1.197188,1.305066,-2.12075853,-5.983917,169.588791,-0.289886475,0.8599793,-0.01000011,-1.89703369,-41.8221436,0.0,0.0,0.0,0.0,0.0,0.0
31.2753067,DATA,1,0,0,0,0,0.0,0.0,1.19714463,1.30512953,-2.12072778,-5.980133,169.5889,-0.2914734,0.8599793,-0.01000011,-1.89703369,-41.8221436,0.0,0.0,0.0,0.0,0.0,0.0
31.33089,DATA,1,0,0,0,0,0.0,0.0,1.1970973,1.30518663,-2.120767,-5.9823,169.590775,-0.290557861,0.8599793,-0.01000011,-1.89703369,-41.8221436,0.0,0.0,0.0,0.0,0.0,0.0
31.38586,DATA,1,0,0,0,0,0.0,0.0,1.197122,1.30516028,-2.120778,-5.98394775,169.586639,-0.289825439,0.8599793,-0.01000011,-1.89703369,-41.8221436,0.0,0.0,0.0,0.0,0.0,0.0
31.4414825,DATA,1,0,0,0,0,0.0,0.0,1.19722271,1.30503881,-2.12073231,-5.984314,169.587158,-0.29083252,0.8599793,-0.01000011,-1.89703369,-41.8221436,0.0,0.0,0.0,0.0,0.0,0.0
31.4978848,DATA,1,0,0,0,0,0.0,0.0,1.19719315,1.30508649,-2.12078571,-5.981903,169.588226,-0.288330078,0.8599793,-0.01000011,-1.89703369,-41.8221436,0.0,0.0,0.0,0.0,0.0,0.0
31.55279,DATA,1,0,0,0,0,0.0,0.0,1.19720876,1.30507684,-2.12068129,-5.98239136,169.587738,-0.2886963,0.8599793,-0.01000011,-1.89703369,-41.8221436,0.0,0.0,0.0,0.0,0.0,0.0
31.607645,DATA,1,0,0,0,0,0.0,0.0,1.19715667,1.3051424,-2.12078214,-5.980774,169.588654,-0.2894287,0.8599793,-0.01000011,-1.89703369,-41.8221436,0.0,0.0,0.0,0.0,0.0,0.0
31.6630344,DATA,1,0,0,0,0,0.0,0.0,1.19732285,1.3049798,-2.12071466,-5.98358154,169.589264,-0.2836609,0.8599793,-0.01000011,-1.89703369,-41.8221436,0.0,0.0,0.0,0.0,0.0,0.0
31.71897,DATA,1,0,0,0,0,0.0,0.0,1.19728279,1.30504048,-2.120835,-5.979553,169.588852,-0.293151855,0.8599793,-0.01000011,-1.89703369,-41.8221436,0.0,0.0,0.0,0.0,0.0,0.0
31.7746334,DATA,1,0,0,0,0,0.0,0.0,1.1972028,1.305142,-2.12073469,-5.980194,169.585175,-0.286834717,0.8599793,-0.01000011,-1.89703369,-41.8221436,0.0,0.0,0.0,0.0,0.0,0.0
31.8302822,DATA,1,0,0,0,0,0.0,0.0,1.197145,1.30523145,-2.120854,-5.98144531,169.583969,-0.290771484,0.8599793,-0.01000011,-1.89703369,-41.8221436,0.0,0.0,0.0,0.0,0.0,0.0
31.8851376,DATA,1,0,0,0,0,0.0,0.0,1.19748116,1.30496156,-2.12068462,-5.979492,169.588745,-0.2930298,0.8599793,-0.01000011,-1.89703369,-41.8221436,0.0,0.0,0.0,0.0,0.0,0.0
31.9413147,DATA,1,0,0,0,0,0.0,0.0,1.19749212,1.30500484,-2.12079144,-5.982239,169.588745,-0.28604126,0.8599793,-0.01000011,-1.89703369,-41.8221436,0.0,0.0,0.0,0.0,0.0,0.0
31.9962273,DATA,1,0,0,0,0,0.0,0.0,1.19752276,1.30498791,-2.12070322,-5.98110962,169.589722,-0.288757324,0.8599793,-0.01000011,-1.89703369,-41.8221436,0.0,0.0,0.0,0.0,0.0,0.0
32.0519638,DATA,1,0,0,0,0,0.0,0.0,1.19753611,1.305018,-2.1207335,-5.98352051,169.590027,-0.285125732,0.8599793,-0.01000011,-1.89703369,-41.8221436,0.0,0.0,0.0,0.0,0.0,0.0
32.1079369,DATA,1,0,0,0,0,0.0,0.0,1.19754624,1.30498171,-2.12076616,-5.98486328,169.587357,-0.284729,0.8599793,-0.01000011,-1.89703369,-41.8221436,0.0,0.0,0.0,0.0,0.0,0.0
32.163414,DATA,1,0,0,0,0,0.0,0.0,1.19757593,1.30491126,-2.12074947,-5.97885132,169.586456,-0.2876892,0.8599793,-0.01000011,-1.89703369,-41.8221436,0.0,0.0,0.0,0.0,0.0,0.0
32.21901,DATA,1,0,0,0,0,0.0,0.0,1.19755983,1.30494857,-2.12083435,-5.985016,169.588791,-0.283233643,0.8599793,-0.01000011,-1.89703369,-41.8221436,0.0,0.0,0.0,0.0,0.0,0.0
32.275032,DATA,1,0,0,0,0,0.0,0.0,1.19752574,1.30490291,-2.12071657,-5.98382568,169.583862,-0.284301758,0.8599793,-0.01000011,-1.89703369,-41.8221436,0.0,0.0,0.0,0.0,0.0,0.0
32.3306122,DATA,1,0,0,0,0,0.0,0.0,1.197491,1.30496979,-2.12082124,-5.98788452,169.5878,-0.2861328,0.8599793,-0.01000011,-1.89703369,-41.8221436,0.0,0.0,0.0,0.0,0.0,0.0
32.3856544,DATA,1,0,0,0,0,0.0,0.0,1.19756293,1.30483592,-2.1207242,-5.983307,169.5863,-0.2843933,0.8599793,-0.01000011,-1.89703369,-41.8221436,0.0,0.0,0.0,0.0,0.0,0.0
32.4413643,DATA,1,0,0,0,0,0.0,0.0,1.1975261,1.304893,-2.12083054,-5.983307,169.588684,-0.28692627,0.8599793,-0.01000011,-1.89703369,-41.8221436,0.0,0.0,0.0,0.0,0.0,0.0
32.496582,DATA,1,0,0,0,0,0.0,0.0,1.19733,1.30505061,-2.12069416,-5.978882,169.588364,-0.287231445,0.8599793,-0.01000011,-1.89703369,-41.8221436,0.0,0.0,0.0,0.0,0.0,0.0
32.5527,DATA,1,0,0,0,0,0.0,0.0,1.19726193,1.30511665,-2.12080765,-5.98352051,169.586441,-0.285552979,0.8599793,-0.01000011,-1.89703369,-41.8221436,0.0,0.0,0.0,0.0,0.0,0.0
32.6077576,DATA,1,0,0,0,0,0.0,0.0,1.19716525,1.304973,-2.12074661,-5.98345947,169.58609,-0.284301758,0.8599793,-0.01000011,-1.89703369,-41.8221436,0.0,0.0,0.0,0.0,0.0,0.0
32.6632576,DATA,1,0,0,0,0,0.0,0.0,1.197083,1.30503917,-2.12088084,-5.978882,169.584747,-0.294647217,0.8599793,-0.01000011,-1.89703369,-41.8221436,0.0,0.0,0.0,0.0,0.0,0.0
32.7189674,DATA,1,0,0,0,0,0.0,0.0,1.19699121,1.3050642,-2.12083626,-5.98187256,169.583817,-0.2821045,0.8599793,-0.01000011,-1.89703369,-41.8221436,0.0,0.0,0.0,0.0,0.0,0.0
32.7753639,DATA,1,0,0,0,0,0.0,0.0,1.19688547,1.30514336,-2.12092543,-5.97769165,169.584747,-0.287231445,0.8599793,-0.01000011,-1.89703369,-41.8221436,0.0,0.0,0.0,0.0,0.0,0.0
32.8319626,DATA,1,0,0,0,0,0.0,0.0,1.19687879,1.3050828,-2.12094784,-5.980438,169.586624,-0.2855835,0.8599793,-0.01000011,-1.89703369,-41.8221436,0.0,0.0,0.0,0.0,0.0,0.0
32.885746,DATA,1,0,0,0,0,0.0,0.0,1.1968565,1.30502665,-2.12098169,-5.982483,169.583847,-0.286010742,0.8599793,-0.01000011,-1.89703369,-41.8221436,0.0,0.0,0.0,0.0,0.0,0.0
32.93976,DATA,1,0,0,0,0,0.0,0.0,1.19679892,1.30507541,-2.12104177,-5.98458862,169.5821,-0.284088135,0.8599793,-0.01000011,-1.89703369,-41.8221436,0.0,0.0,0.0,0.0,0.0,0.0
32.99703,DATA,1,0,0,0,0,0.0,0.0,1.19680524,1.30507541,-2.120944,-5.980377,169.5857,-0.288818359,0.8599793,-0.01000011,-1.89703369,-41.8221436,0.0,0.0,0.0,0.0,0.0,0.0
33.0525475,DATA,1,0,0,0,0,0.0,0.0,1.19673729,1.30515015,-2.1210618,-5.988373,169.588776,-0.283752441,0.8599793,-0.01000011,-1.89703369,-41.8221436,0.0,0.0,0.0,0.0,0.0,0.0
33.10824,DATA,1,0,0,0,0,0.0,0.0,1.19688118,1.3050065,-2.12095261,-5.978607,169.5833,-0.292480469,0.8599793,-0.01000011,-1.89703369,-41.8221436,0.0,0.0,0.0,0.0,0.0,0.0
33.1629677,DATA,1,0,0,0,0,0.0,0.0,1.196834,1.30506372,-2.12108,-5.983185,169.583557,-0.280944824,0.8599793,-0.01000011,-1.89703369,-41.8221436,0.0,0.0,0.0,0.0,0.0,0.0
33.2203751,DATA,1,0,0,0,0,0.0,0.0,1.196943,1.30500937,-2.12082,-5.9798584,169.581711,-0.2932129,0.8599793,-0.01000011,-1.89703369,-41.8221436,0.0,0.0,0.0,0.0,0.0,0.0
33.2747154,DATA,1,0,0,0,0,0.0,0.0,1.19689918,1.3050561,-2.12093973,-5.985565,169.5844,-0.27923584,0.8599793,-0.01000011,-1.89703369,-41.8221436,0.0,0.0,0.0,0.0,0.0,0.0
33.3305931,DATA,1,0,0,0,0,0.0,0.0,1.19690692,1.3049016,-2.12084651,-5.982147,169.583954,-0.291259766,0.8599793,-0.01000011,-1.89703369,-41.8221436,0.0,0.0,0.0,0.0,0.0,0.0
33.3851433,DATA,1,0,0,0,0,0.0,0.0,1.1968472,1.30493307,-2.12095356,-5.989929,169.5853,-0.282897949,0.8599793,-0.01000011,-1.89703369,-41.8221436,0.0,0.0,0.0,0.0,0.0,0.0
33.4415665,DATA,1,0,0,0,0,0.0,0.0,1.19683778,1.30500269,-2.12081337,-5.98410034,169.583084,-0.291809082,0.8599793,-0.01000011,-1.89703369,-41.8221436,0.0,0.0,0.0,0.0,0.0,0.0
33.4975471,DATA,1,0,0,0,0,0.0,0.0,1.19676137,1.30507112,-2.120882,-5.98806763,169.5851,-0.286895752,0.8599793,-0.01000011,-1.89703369,-41.8221436,0.0,0.0,0.0,0.0,0.0,0.0
33.55188,DATA,1,0,0,0,0,0.0,0.0,1.196867,1.30494118,-2.1209023,-5.98568726,169.585571,-0.292114258,0.8599793,-0.01000011,-1.89703369,-41.8221436,0.0,0.0,0.0,0.0,0.0,0.0
33.607132,DATA,1,0,0,0,0,0.0,0.0,1.19692469,1.30485082,-2.120942,-5.983673,169.5853,-0.2876587,0.8599793,-0.01000011,-1.89703369,-41.8221436,0.0,0.0,0.0,0.0,0.0,0.0
33.6633835,DATA,1,0,0,0,0,0.0,0.0,1.19689059,1.30488181,-2.120969,-5.98135376,169.584366,-0.286895752,0.8599793,-0.01000011,-1.89703369,-41.8221436,0.0,0.0,0.0,0.0,0.0,0.0
33.71918,DATA,1,0,0,0,0,0.0,0.0,1.196846,1.3049171,-2.12086964,-5.98114,169.588348,-0.28894043,0.8599793,-0.01000011,-1.89703369,-41.8221436,0.0,0.0,0.0,0.0,0.0,0.0
33.7742233,DATA,1,0,0,0,0,0.0,0.0,1.19679618,1.30495381,-2.12098575,-5.98712158,169.588974,-0.284240723,0.8599793,-0.01000011,-1.89703369,-41.8221436,0.0,0.0,0.0,0.0,0.0,0.0
33.82984,DATA,1,0,0,0,0,0.0,0.0,1.19697869,1.30473351,-2.120822,-5.99002075,169.583771,-0.287353516,0.8599793,-0.01000011,-1.89703369,-41.8221436,0.0,0.0,0.0,0.0,0.0,0.0
33.885273,DATA,1,0,0,0,0,0.0,0.0,1.1968801,1.30477118,-2.12093019,-5.98526,169.5811,-0.2939453,0.8599793,-0.01000011,-1.89703369,-41.8221436,0.0,0.0,0.0,0.0,0.0,0.0
33.9415779,DATA,1,0,0,0,0,0.0,0.0,1.19693017,1.30486441,-2.12076688,-5.98510742,169.587418,-0.281158447,0.8599793,-0.01000011,-1.89703369,-41.8221436,0.0,0.0,0.0,0.0,0.0,0.0
33.99696,DATA,1,0,0,0,0,0.0,0.0,1.19684052,1.30490494,-2.12089753,-5.9805603,169.58429,-0.292144775,0.8599793,-0.01000011,-1.89703369,-41.8221436,0.0,0.0,0.0,0.0,0.0,0.0
34.0516472,DATA,1,0,0,0,0,0.0,0.0,1.19693422,1.30474091,-2.12076521,-5.98681641,169.584885,-0.2798462,0.8599793,-0.01000011,-1.89703369,-41.8221436,0.0,0.0,0.0,0.0,0.0,0.0
34.1074638,DATA,1,0,0,0,0,0.0,0.0,1.19685555,1.30478287,-2.12089634,-5.98306274,169.583237,-0.290374756,0.8599793,-0.01000011,-1.89703369,-41.8221436,0.0,0.0,0.0,0.0,0.0,0.0
34.163208,DATA,1,0,0,0,0,0.0,0.0,1.19687641,1.30485046,-2.12078571,-5.98654175,169.5852,-0.282165527,0.8599793,-0.01000011,-1.89703369,-41.8221436,0.0,0.0,0.0,0.0,0.0,0.0
34.2178955,DATA,1,0,0,0,0,0.0,0.0,1.196806,1.30491519,-2.12087631,-5.98516846,169.5856,-0.284973145,0.8599793,-0.01000011,-1.89703369,-41.8221436,0.0,0.0,0.0,0.0,0.0,0.0
34.2729263,DATA,1,0,0,0,0,0.0,0.0,1.1968323,1.30487037,-2.120873,-5.986267,169.584686,-0.2836914,0.8599793,-0.01000011,-1.89703369,-41.8221436,0.0,0.0,0.0,0.0,0.0,0.0
34.32976,DATA,1,0,0,0,0,0.0,0.0,1.196821,1.30486393,-2.12089062,-5.986847,169.5809,-0.285461426,0.8599793,-0.01000011,-1.89703369,-41.8221436,0.0,0.0,0.0,0.0,0.0,0.0
34.3858,DATA,1,0,0,0,0,0.0,0.0,1.19680059,1.30489528,-2.1209166,-5.986145,169.584579,-0.28616333,0.8599793,-0.01000011,-1.89703369,-41.8221436,0.0,0.0,0.0,0.0,0.0,0.0
34.4411469,DATA,1,0,0,0,0,0.0,0.0,1.19681621,1.304906,-2.12084961,-5.98840332,169.586243,-0.284301758,0.8599793,-0.01000011,-1.89703369,-41.8221436,0.0,0.0,0.0,0.0,0.0,0.0
34.4972458,DATA,1,0,0,0,0,0.0,0.0,1.19675291,1.3049773,-2.12094116,-5.99154663,169.5865,-0.286071777,0.8599793,-0.01000011,-1.89703369,-41.8221436,0.0,0.0,0.0,0.0,0.0,0.0
34.55166,DATA,1,0,0,0,0,0.0,0.0,1.19709778,1.30491972,-2.12084,-5.97872925,169.575027,-0.2831421,0.8599793,-0.01000011,-1.89703369,-41.8221436,0.0,0.0,0.0,0.0,0.0,0.0
34.6063271,DATA,1,0,0,0,0,0.0,0.0,1.19708264,1.30498433,-2.120974,-5.98458862,169.57872,-0.283081055,0.8599793,-0.01000011,-1.89703369,-41.8221436,0.0,0.0,0.0,0.0,0.0,0.0
34.66477,DATA,1,0,0,0,0,0.0,0.0,1.19700933,1.30501437,-2.12071371,-5.99072266,169.57959,-0.282135,0.8599793,-0.01000011,-1.89703369,-41.8221436,0.0,0.0,0.0,0.0,0.0,0.0
34.7194138,DATA,1,0,0,0,0,0.0,0.0,1.19697154,1.30508423,-2.120839,-5.989502,169.576141,-0.28225708,0.8599793,-0.01000011,-1.89703369,-41.8221436,0.0,0.0,0.0,0.0,0.0,0.0
34.7747879,DATA,1,0,0,0,0,0.0,0.0,1.19712853,1.30501986,-2.12082887,-5.98706055,169.575287,-0.281738281,0.8599793,-0.01000011,-1.89703369,-41.8221436,0.0,0.0,0.0,0.0,0.0,0.0
34.83063,DATA,1,0,0,0,0,0.0,0.0,1.1971302,1.30505943,-2.12094736,-5.98699951,169.575882,-0.2838745,0.8599793,-0.01000011,-1.89703369,-41.8221436,0.0,0.0,0.0,0.0,0.0,0.0
34.88575,DATA,1,0,0,0,0,0.0,0.0,1.19708538,1.30506027,-2.12087774,-5.990143,169.575546,-0.282318115,0.8599793,-0.01000011,-1.89703369,-41.8221436,0.0,0.0,0.0,0.0,0.0,0.0
34.9405975,DATA,1,0,0,0,0,0.0,0.0,1.19704938,1.305096,-2.12089229,-5.990204,169.575668,-0.27911377,0.8599793,-0.01000011,-1.89703369,-41.8221436,0.0,0.0,0.0,0.0,0.0,0.0
34.9961,DATA,1,0,0,0,0,0.0,0.0,1.19704032,1.30506873,-2.12094545,-5.987976,169.577332,-0.281036377,0.8599793,-0.01000011,-1.89703369,-41.8221436,0.0,0.0,0.0,0.0,0.0,0.0
35.05175,DATA,1,0,0,0,0,0.0,0.0,1.19707108,1.30497026,-2.12094879,-5.987915,169.576309,-0.280792236,0.8599793,-0.01000011,-1.89703369,-41.8221436,0.0,0.0,0.0,0.0,0.0,0.0
35.1068954,DATA,1,0,0,0,0,0.0,0.0,1.19700921,1.305017,-2.121081,-5.98339844,169.573471,-0.28616333,0.8599793,-0.01000011,-1.89703369,-41.8221436,0.0,0.0,0.0,0.0,0.0,0.0
35.1624565,DATA,1,0,0,0,0,0.0,0.0,1.19701433,1.305015,-2.120943,-5.984955,169.574814,-0.275756836,0.8599793,-0.01000011,-1.89703369,-41.8221436,0.0,0.0,0.0,0.0,0.0,0.0
35.219,DATA,1,0,0,0,0,0.0,0.0,1.19694042,1.30506444,-2.12109423,-5.986603,169.57843,-0.282226563,0.8599793,-0.01000011,-1.89703369,-41.8221436,0.0,0.0,0.0,0.0,0.0,0.0
35.2734337,DATA,1,0,0,0,0,0.0,0.0,1.19701624,1.30488741,-2.120944,-5.986206,169.576035,-0.283782959,0.8599793,-0.01000011,-1.89703369,-41.8221436,0.0,0.0,0.0,0.0,0.0,0.0
35.33011,DATA,1,0,0,0,0,0.0,0.0,1.196968,1.30491662,-2.12109041,-5.984314,169.573227,-0.285614,0.8599793,-0.01000011,-1.89703369,-41.8221436,0.0,0.0,0.0,0.0,0.0,0.0
35.3856,DATA,1,0,0,0,0,0.0,0.0,1.19700229,1.30498266,-2.120859,-5.98745728,169.575241,-0.283447266,0.8599793,-0.01000011,-1.89703369,-41.8221436,0.0,0.0,0.0,0.0,0.0,0.0
35.4414368,DATA,1,0,0,0,0,0.0,0.0,1.19697344,1.305038,-2.12097836,-5.98751831,169.578857,-0.280792236,0.8599793,-0.01000011,-1.89703369,-41.8221436,0.0,0.0,0.0,0.0,0.0,0.0
35.49713,DATA,1,0,0,0,0,0.0,0.0,1.19705,1.30493891,-2.12090373,-5.986206,169.570984,-0.286743164,0.8599793,-0.01000011,-1.89703369,-41.8221436,0.0,0.0,0.0,0.0,0.0,0.0
35.5516663,DATA,1,0,0,0,0,0.0,0.0,1.1970408,1.30495858,-2.12099862,-5.98776245,169.573257,-0.279418945,0.8599793,-0.01000011,-1.89703369,-41.8221436,0.0,0.0,0.0,0.0,0.0,0.0
35.6072731,DATA,1,0,0,0,0,0.0,0.0,1.19699454,1.30504918,-2.120966,-5.986023,169.574661,-0.286529541,0.8599793,-0.01000011,-1.89703369,-41.8221436,0.0,0.0,0.0,0.0,0.0,0.0
35.66368,DATA,1,0,0,0,0,0.0,0.0,1.19694638,1.30513024,-2.120998,-5.99084473,169.575317,-0.280639648,0.8599793,-0.01000011,-1.89703369,-41.8221436,0.0,0.0,0.0,0.0,0.0,0.0
35.7188568,DATA,1,0,0,0,0,0.0,0.0,1.19694185,1.30506122,-2.12088728,-5.98928833,169.573578,-0.287719727,0.8599793,-0.01000011,-1.89703369,-41.8221436,0.0,0.0,0.0,0.0,0.0,0.0
35.7742271,DATA,1,0,0,0,0,0.0,0.0,1.19691908,1.30508447,-2.120962,-5.985565,169.574753,-0.282958984,0.8599793,-0.01000011,-1.89703369,-41.8221436,0.0,0.0,0.0,0.0,0.0,0.0
35.8292274,DATA,1,0,0,0,0,0.0,0.0,1.19686079,1.30513906,-2.120958,-5.98782349,169.573914,-0.290863037,0.8599793,-0.01000011,-1.89703369,-41.8221436,0.0,0.0,0.0,0.0,0.0,0.0
35.88512,DATA,1,0,0,0,0,0.0,0.0,1.19683838,1.30519259,-2.12095523,-5.98822,169.576462,-0.279541016,0.8599793,-0.01000011,-1.89703369,-41.8221436,0.0,0.0,0.0,0.0,0.0,0.0
35.9403038,DATA,1,0,0,0,0,0.0,0.0,1.19676983,1.30521274,-2.12104559,-5.984314,169.572159,-0.293670654,0.8599793,-0.01000011,-1.89703369,-41.8221436,0.0,0.0,0.0,0.0,0.0,0.0
35.9965477,DATA,1,0,0,0,0,0.0,0.0,1.19682908,1.30504632,-2.12090421,-5.99301147,169.575836,-0.282775879,0.8599793,-0.01000011,-1.89703369,-41.8221436,0.0,0.0,0.0,0.0,0.0,0.0
36.0526962,DATA,1,0,0,0,0,0.0,0.0,1.196738,1.30510426,-2.12104177,-5.98782349,169.57634,-0.290802,0.8599793,-0.01000011,-1.89703369,-41.8221436,0.0,0.0,0.0,0.0,0.0,0.0
36.10608,DATA,1,0,0,0,0,0.0,0.0,1.19675756,1.30506039,-2.12092924,-5.98434448,169.575256,-0.287536621,0.8599793,-0.01000011,-1.89703369,-41.8221436,0.0,0.0,0.0,0.0,0.0,0.0
36.1613541,DATA,1,0,0,0,0,0.0,0.0,1.19667649,1.30511868,-2.12106347,-5.988739,169.57489,-0.281707764,0.8599793,-0.01000011,-1.89703369,-41.8221436,0.0,0.0,0.0,0.0,0.0,0.0
36.2197,DATA,1,0,0,0,0,0.0,0.0,1.196872,1.30492854,-2.12089968,-5.9861145,169.5779,-0.285888672,0.8599793,-0.01000011,-1.89703369,-41.8221436,0.0,0.0,0.0,0.0,0.0,0.0
36.27252,DATA,1,0,0,0,0,0.0,0.0,1.19682968,1.30498719,-2.12102342,-5.98806763,169.577972,-0.284454346,0.8599793,-0.01000011,-1.89703369,-41.8221436,0.0,0.0,0.0,0.0,0.0,0.0
36.3311424,DATA,1,0,0,0,0,0.0,0.0,1.196815,1.3049401,-2.12091112,-5.98504639,169.578018,-0.288116455,0.8599793,-0.01000011,-1.89703369,-41.8221436,0.0,0.0,0.0,0.0,0.0,0.0
36.3853455,DATA,1,0,0,0,0,0.0,0.0,1.19674742,1.30500042,-2.1210413,-5.98504639,169.576981,-0.2843933,0.8599793,-0.01000011,-1.89703369,-41.8221436,0.0,0.0,0.0,0.0,0.0,0.0
36.4386749,DATA,1,0,0,0,0,0.0,0.0,1.19685924,1.30491328,-2.12092662,-5.98736572,169.575729,-0.285125732,0.8599793,-0.01000011,-1.89703369,-41.8221436,0.0,0.0,0.0,0.0,0.0,0.0
36.4968376,DATA,1,0,0,0,0,0.0,0.0,1.1968708,1.304914,-2.12100339,-5.98706055,169.5761,-0.2833557,0.8599793,-0.01000011,-1.89703369,-41.8221436,0.0,0.0,0.0,0.0,0.0,0.0
36.5515022,DATA,1,0,0,0,0,0.0,0.0,1.19685078,1.30491436,-2.12095451,-5.988556,169.575577,-0.28326416,0.8599793,-0.01000011,-1.89703369,-41.8221436,0.0,0.0,0.0,0.0,0.0,0.0
36.6076164,DATA,1,0,0,0,0,0.0,0.0,1.196835,1.30491722,-2.120957,-5.98526,169.5736,-0.283935547,0.8599793,-0.01000011,-1.89703369,-41.8221436,0.0,0.0,0.0,0.0,0.0,0.0
36.6641159,DATA,1,0,0,0,0,0.0,0.0,1.19686174,1.30490971,-2.120994,-5.98761,169.580246,-0.2848816,0.8599793,-0.01000011,-1.89703369,-41.8221436,0.0,0.0,0.0,0.0,0.0,0.0
36.7190742,DATA,1,0,0,0,0,0.0,0.0,1.19697285,1.30484056,-2.120885,-5.990509,169.582626,-0.28414917,0.8599793,-0.01000011,-1.89703369,-41.8221436,0.0,0.0,0.0,0.0,0.0,0.0
36.7738152,DATA,1,0,0,0,0,0.0,0.0,1.19695616,1.30487442,-2.12100554,-5.98928833,169.578766,-0.282226563,0.8599793,-0.01000011,-1.89703369,-41.8221436,0.0,0.0,0.0,0.0,0.0,0.0
36.8294525,DATA,1,0,0,0,0,0.0,0.0,1.19698822,1.30485225,-2.120901,-5.990326,169.5812,-0.285491943,0.8599793,-0.01000011,-1.89703369,-41.8221436,0.0,0.0,0.0,0.0,0.0,0.0
36.8841248,DATA,1,0,0,0,0,0.0,0.0,1.196995,1.3048954,-2.121017,-5.989044,169.583908,-0.280822754,0.8599793,-0.01000011,-1.89703369,-41.8221436,0.0,0.0,0.0,0.0,0.0,0.0
36.94008,DATA,1,0,0,0,0,0.0,0.0,1.19713426,1.30474639,-2.12083983,-5.987549,169.580124,-0.2878723,0.8599793,-0.01000011,-1.89703369,-41.8221436,0.0,0.0,0.0,0.0,0.0,0.0
36.9970322,DATA,1,0,0,0,0,0.0,0.0,1.19714165,1.30477178,-2.120946,-5.992859,169.580231,-0.2819519,0.8599793,-0.01000011,-1.89703369,-41.8221436,0.0,0.0,0.0,0.0,0.0,0.0
37.05087,DATA,1,0,0,0,0,0.0,0.0,1.19705665,1.30481136,-2.12070465,-5.98764038,169.579666,-0.28503418,0.8599793,-0.01000011,-1.89703369,-41.8221436,0.0,0.0,0.0,0.0,0.0,0.0
37.1072845,DATA,1,0,0,0,0,0.0,0.0,1.19704425,1.30485225,-2.12081337,-5.983856,169.582642,-0.2836914,0.8599793,-0.01000011,-1.89703369,-41.8221436,0.0,0.0,0.0,0.0,0.0,0.0
37.1641273,DATA,1,0,0,0,0,0.0,0.0,1.19720411,1.30469823,-2.12058115,-5.99292,169.575653,-0.2746277,0.8599793,-0.01000011,-1.89703369,-41.8221436,0.0,0.0,0.0,0.0,0.0,0.0
37.2173271,DATA,1,0,0,0,0,0.0,0.0,1.19721389,1.30472493,-2.120667,-5.99078369,169.57782,-0.282714844,0.8599793,-0.01000011,-1.89703369,-41.8221436,0.0,0.0,0.0,0.0,0.0,0.0
37.2724724,DATA,1,0,0,0,0,0.0,0.0,1.19720769,1.30473065,-2.120626,-5.9914856,169.581284,-0.278930664,0.8599793,-0.01000011,-1.89703369,-41.8221436,0.0,0.0,0.0,0.0,0.0,0.0
37.32832,DATA,1,0,0,0,0,0.0,0.0,1.19716763,1.30474293,-2.120578,-5.9956665,169.582947,-0.280700684,0.8599793,-0.01000011,-1.89703369,-41.8221436,0.0,0.0,0.0,0.0,0.0,0.0
37.38647,DATA,1,0,0,0,0,0.0,0.0,1.197185,1.30471385,-2.12061715,-5.993042,169.581039,-0.277374268,0.8599793,-0.01000011,-1.89703369,-41.8221436,0.0,0.0,0.0,0.0,0.0,0.0
37.4402161,DATA,1,0,0,0,0,0.0,0.0,1.19717276,1.30465078,-2.12064075,-5.988922,169.578674,-0.2874756,0.8599793,-0.01000011,-1.89703369,-41.8221436,0.0,0.0,0.0,0.0,0.0,0.0
37.4966125,DATA,1,0,0,0,0,0.0,0.0,1.19718647,1.30468881,-2.12074,-5.99383545,169.579254,-0.281158447,0.8599793,-0.01000011,-1.89703369,-41.8221436,0.0,0.0,0.0,0.0,0.0,0.0
37.5507431,DATA,1,0,0,0,0,0.0,0.0,1.19721317,1.3047657,-2.12068152,-5.99035645,169.581512,-0.285461426,0.8599793,-0.01000011,-1.89703369,-41.8221436,0.0,0.0,0.0,0.0,0.0,0.0
37.6088181,DATA,1,0,0,0,0,0.0,0.0,1.19717,1.3048234,-2.12078762,-5.990631,169.57814,-0.2911377,0.8599793,-0.01000011,-1.89703369,-41.8221436,0.0,0.0,0.0,0.0,0.0,0.0
37.6625175,DATA,1,0,0,0,0,0.0,0.0,1.19720042,1.30475771,-2.12066412,-5.99172974,169.580536,-0.273010254,0.8599793,-0.01000011,-1.89703369,-41.8221436,0.0,0.0,0.0,0.0,0.0,0.0
37.7196,DATA,1,0,0,0,0,0.0,0.0,1.19710684,1.30480993,-2.12078357,-5.996582,169.570572,-0.3015442,0.8599793,-0.01000011,-1.89703369,-41.8221436,0.0,0.0,0.0,0.0,0.0,0.0
37.7735443,DATA,1,0,0,0,0,0.0,0.0,1.197205,1.3047564,-2.12067485,-6.00268555,169.57666,-0.269744873,0.8599793,-0.01000011,-1.89703369,-41.8221436,0.0,0.0,0.0,0.0,0.0,0.0
37.82978,DATA,1,0,0,0,0,0.0,0.0,1.1970973,1.304813,-2.120799,-5.998108,169.5729,-0.3031006,0.8599793,-0.01000011,-1.89703369,-41.8221436,0.0,0.0,0.0,0.0,0.0,0.0
37.885273,DATA,1,0,0,0,0,0.0,0.0,1.19713879,1.30477893,-2.12075043,-6.003357,169.576569,-0.27947998,0.8599793,-0.01000011,-1.89703369,-41.8221436,0.0,0.0,0.0,0.0,0.0,0.0
37.94175,DATA,1,0,0,0,0,0.0,0.0,1.19706261,1.30483675,-2.120862,-5.991028,169.5744,-0.290802,0.8599793,-0.01000011,-1.89703369,-41.8221436,0.0,0.0,0.0,0.0,0.0,0.0
37.99586,DATA,1,0,0,0,0,0.0,0.0,1.19705725,1.30480039,-2.12078953,-5.98703,169.575592,-0.2888794,0.8599793,-0.01000011,-1.89703369,-41.8221436,0.0,0.0,0.0,0.0,0.0,0.0
38.0514,DATA,1,0,0,0,0,0.0,0.0,1.1970346,1.30478263,-2.12078,-5.996887,169.577988,-0.2772522,0.8599793,-0.01000011,-1.89703369,-41.8221436,0.0,0.0,0.0,0.0,0.0,0.0
38.1061058,DATA,1,0,0,0,0,0.0,0.0,1.19698,1.30478346,-2.12081814,-5.99041748,169.572159,-0.295440674,0.8599793,-0.01000011,-1.89703369,-41.8221436,0.0,0.0,0.0,0.0,0.0,0.0
38.16332,DATA,1,0,0,0,0,0.0,0.0,1.19706249,1.30472445,-2.12079167,-5.99966431,169.576126,-0.27822876,0.8599793,-0.01000011,-1.89703369,-41.8221436,0.0,0.0,0.0,0.0,0.0,0.0
38.21738,DATA,1,0,0,0,0,0.0,0.0,1.19697738,1.304761,-2.12089348,-5.99099731,169.573517,-0.300079346,0.8599793,-0.01000011,-1.89703369,-41.8221436,0.0,0.0,0.0,0.0,0.0,0.0
38.2740936,DATA,1,0,0,0,0,0.0,0.0,1.19705868,1.30472016,-2.12080216,-6.00137329,169.57634,-0.2763672,0.8599793,-0.01000011,-1.89703369,-41.8221436,0.0,0.0,0.0,0.0,0.0,0.0
38.32965,DATA,1,0,0,0,0,0.0,0.0,1.19698334,1.30478466,-2.12095213,-5.995453,169.575256,-0.292755127,0.8599793,-0.01000011,-1.89703369,-41.8221436,0.0,0.0,0.0,0.0,0.0,0.0
38.3850441,DATA,1,0,0,0,0,0.0,0.0,1.19708383,1.30475354,-2.120733,-5.99377441,169.573792,-0.284606934,0.8599793,-0.01000011,-1.89703369,-41.8221436,0.0,0.0,0.0,0.0,0.0,0.0
38.441,DATA,1,0,0,0,0,0.0,0.0,1.19704318,1.304821,-2.120853,-5.995514,169.574524,-0.283050537,0.8599793,-0.01000011,-1.89703369,-41.8221436,0.0,0.0,0.0,0.0,0.0,0.0
38.4962158,DATA,1,0,0,0,0,0.0,0.0,1.1971302,1.30465913,-2.12069058,-5.99459839,169.5755,-0.293304443,0.8599793,-0.01000011,-1.89703369,-41.8221436,0.0,0.0,0.0,0.0,0.0,0.0
38.55213,DATA,1,0,0,0,0,0.0,0.0,1.197135,1.30469489,-2.12081265,-6.000061,169.576553,-0.279785156,0.8599793,-0.01000011,-1.89703369,-41.8221436,0.0,0.0,0.0,0.0,0.0,0.0
38.60756,DATA,1,0,0,0,0,0.0,0.0,1.19705319,1.30465639,-2.12066054,-5.998291,169.5736,-0.294128418,0.8599793,-0.01000011,-1.89703369,-41.8221436,0.0,0.0,0.0,0.0,0.0,0.0
38.66186,DATA,1,0,0,0,0,0.0,0.0,1.19705355,1.304705,-2.1207664,-6.00238037,169.575928,-0.2772827,0.8599793,-0.01000011,-1.89703369,-41.8221436,0.0,0.0,0.0,0.0,0.0,0.0
38.71926,DATA,1,0,0,0,0,0.0,0.0,1.19703531,1.3046701,-2.12071,-5.993225,169.574509,-0.29284668,0.8599793,-0.01000011,-1.89703369,-41.8221436,0.0,0.0,0.0,0.0,0.0,0.0
38.77424,DATA,1,0,0,0,0,0.0,0.0,1.19704747,1.304678,-2.12076116,-5.99371338,169.574219,-0.28012085,0.8599793,-0.01000011,-1.89703369,-41.8221436,0.0,0.0,0.0,0.0,0.0,0.0
38.82887,DATA,1,0,0,0,0,0.0,0.0,1.19703007,1.30465889,-2.120772,-5.99234,169.574387,-0.2866211,0.8599793,-0.01000011,-1.89703369,-41.8221436,0.0,0.0,0.0,0.0,0.0,0.0
38.8854332,DATA,1,0,0,0,0,0.0,0.0,1.19703794,1.30462432,-2.12076831,-5.99060059,169.5745,-0.284423828,0.8599793,-0.01000011,-1.89703369,-41.8221436,0.0,0.0,0.0,0.0,0.0,0.0
38.9407,DATA,1,0,0,0,0,0.0,0.0,1.19699168,1.30465615,-2.12082934,-5.99624634,169.573029,-0.282867432,0.8599793,-0.01000011,-1.89703369,-41.8221436,0.0,0.0,0.0,0.0,0.0,0.0
38.99507,DATA,1,0,0,0,0,0.0,0.0,1.19698882,1.30469465,-2.12073827,-5.993805,169.573532,-0.2836914,0.8599793,-0.01000011,-1.89703369,-41.8221436,0.0,0.0,0.0,0.0,0.0,0.0
39.05227,DATA,1,0,0,0,0,0.0,0.0,1.19696665,1.30474567,-2.12085533,-6.002014,169.577423,-0.283905029,0.8599793,-0.01000011,-1.89703369,-41.8221436,0.0,0.0,0.0,0.0,0.0,0.0
39.10808,DATA,1,0,0,0,0,0.0,0.0,1.19703364,1.3046478,-2.120677,-5.99719238,169.575165,-0.284790039,0.8599793,-0.01000011,-1.89703369,-41.8221436,0.0,0.0,0.0,0.0,0.0,0.0
39.162117,DATA,1,0,0,0,0,0.0,0.0,1.19701314,1.30470228,-2.12079144,-6.003723,169.573242,-0.279296875,0.8599793,-0.01000011,-1.89703369,-41.8221436,0.0,0.0,0.0,0.0,0.0,0.0
39.21854,DATA,1,0,0,0,0,0.0,0.0,1.197026,1.30465555,-2.12064075,-5.99472046,169.571655,-0.2828064,0.8599793,-0.01000011,-1.89703369,-41.8221436,0.0,0.0,0.0,0.0,0.0,0.0
39.27272,DATA,1,0,0,0,0,0.0,0.0,1.19700253,1.304699,-2.12076283,-5.99655151,169.572235,-0.279754639,0.8599793,-0.01000011,-1.89703369,-41.8221436,0.0,0.0,0.0,0.0,0.0,0.0
39.3301926,DATA,1,0,0,0,0,0.0,0.0,1.1970309,1.30462658,-2.12061858,-5.99636841,169.572571,-0.2842102,0.8599793,-0.01000011,-1.89703369,-41.8221436,0.0,0.0,0.0,0.0,0.0,0.0
39.38435,DATA,1,0,0,0,0,0.0,0.0,1.19703078,1.304673,-2.12073779,-5.99920654,169.576309,-0.277313232,0.8599793,-0.01000011,-1.89703369,-41.8221436,0.0,0.0,0.0,0.0,0.0,0.0
39.4406967,DATA,1,0,0,0,0,0.0,0.0,1.19703722,1.304642,-2.12064815,-5.99536133,169.570236,-0.290008545,0.8599793,-0.01000011,-1.89703369,-41.8221436,0.0,0.0,0.0,0.0,0.0,0.0
39.49566,DATA,1,0,0,0,0,0.0,0.0,1.19707227,1.30466282,-2.12067842,-6.004608,169.5783,-0.273864746,0.8599793,-0.01000011,-1.89703369,-41.8221436,0.0,0.0,0.0,0.0,0.0,0.0
39.5517426,DATA,1,0,0,0,0,0.0,0.0,1.19713092,1.30459452,-2.12073,-5.990753,169.572449,-0.291442871,0.8599793,-0.01000011,-1.89703369,-41.8221436,0.0,0.0,0.0,0.0,0.0,0.0
39.6078,DATA,1,0,0,0,0,0.0,0.0,1.19716549,1.30455422,-2.120754,-5.9977417,169.5758,-0.270904541,0.8599793,-0.01000011,-1.89703369,-41.8221436,0.0,0.0,0.0,0.0,0.0,0.0
39.6621361,DATA,1,0,0,0,0,0.0,0.0,1.19708943,1.3046087,-2.12076473,-5.99823,169.572983,-0.291046143,0.8599793,-0.01000011,-1.89703369,-41.8221436,0.0,0.0,0.0,0.0,0.0,0.0
39.71792,DATA,1,0,0,0,0,0.0,0.0,1.197191,1.30460262,-2.12075067,-5.995331,169.57666,-0.272979736,0.8599793,-0.01000011,-1.89703369,-41.8221436,0.0,0.0,0.0,0.0,0.0,0.0
39.773037,DATA,1,0,0,0,0,0.0,0.0,1.197134,1.30465269,-2.12087846,-5.98977661,169.573349,-0.288482666,0.8599793,-0.01000011,-1.89703369,-41.8221436,0.0,0.0,0.0,0.0,0.0,0.0
39.8282661,DATA,1,0,0,0,0,0.0,0.0,1.19721961,1.30459,-2.12069821,-5.99945068,169.576935,-0.269500732,0.8599793,-0.01000011,-1.89703369,-41.8221436,0.0,0.0,0.0,0.0,0.0,0.0
39.88352,DATA,1,0,0,0,0,0.0,0.0,1.19717956,1.30461848,-2.12085962,-5.99359131,169.572281,-0.2892151,0.8599793,-0.01000011,-1.89703369,-41.8221436,0.0,0.0,0.0,0.0,0.0,0.0
39.941143,DATA,1,0,0,0,0,0.0,0.0,1.19721246,1.30454612,-2.1206882,-5.99697876,169.57724,-0.274383545,0.8599793,-0.01000011,-1.89703369,-41.8221436,0.0,0.0,0.0,0.0,0.0,0.0
39.9959526,DATA,1,0,0,0,0,0.0,0.0,1.1971786,1.30459034,-2.12082624,-5.99630737,169.573975,-0.2843628,0.8599793,-0.01000011,-1.89703369,-41.8221436,0.0,0.0,0.0,0.0,0.0,0.0
40.05091,DATA,1,0,0,0,0,0.0,0.0,1.19723928,1.30451453,-2.12070751,-5.994446,169.573624,-0.284942627,0.8599793,-0.01000011,-1.89703369,-41.8221436,0.0,0.0,0.0,0.0,0.0,0.0
40.10803,DATA,1,0,0,0,0,0.0,0.0,1.19724286,1.3045435,-2.12082982,-6.00198364,169.577682,-0.2770996,0.8599793,-0.01000011,-1.89703369,-41.8221436,0.0,0.0,0.0,0.0,0.0,0.0
40.1635246,DATA,1,0,0,0,0,0.0,0.0,1.19715965,1.30449879,-2.12068653,-5.99636841,169.574768,-0.282714844,0.8599793,-0.01000011,-1.89703369,-41.8221436,0.0,0.0,0.0,0.0,0.0,0.0
40.21817,DATA,1,0,0,0,0,0.0,0.0,1.19712067,1.30453694,-2.12075448,-5.997223,169.573273,-0.283996582,0.8599793,-0.01000011,-1.89703369,-41.8221436,0.0,0.0,0.0,0.0,0.0,0.0
40.2746735,DATA,1,0,0,0,0,0.0,0.0,1.19710422,1.30447769,-2.12077332,-6.0,169.569534,-0.2800598,0.8599793,-0.01000011,-1.89703369,-41.8221436,0.0,0.0,0.0,0.0,0.0,0.0
40.3293,DATA,1,0,0,0,0,0.0,0.0,1.1970644,1.30444872,-2.120852,-5.995758,169.572159,-0.2897339,0.8599793,-0.01000011,-1.89703369,-41.8221436,0.0,0.0,0.0,0.0,0.0,0.0
40.3845558,DATA,1,0,0,0,0,0.0,0.0,1.19704986,1.30449915,-2.120873,-5.99667358,169.576981,-0.28338623,0.8599793,-0.01000011,-1.89703369,-41.8221436,0.0,0.0,0.0,0.0,0.0,0.0
40.441,DATA,1,0,0,0,0,0.0,0.0,1.19706845,1.3045423,-2.12083435,-5.992157,169.56871,-0.281799316,0.8599793,-0.01000011,-1.89703369,-41.8221436,0.0,0.0,0.0,0.0,0.0,0.0
40.49538,DATA,1,0,0,0,0,0.0,0.0,1.19702566,1.30458474,-2.12095642,-5.994995,169.571,-0.2842102,0.8599793,-0.01000011,-1.89703369,-41.8221436,0.0,0.0,0.0,0.0,0.0,0.0
40.5511475,DATA,1,0,0,0,0,0.0,0.0,1.197008,1.30450225,-2.120893,-5.997101,169.573029,-0.276977539,0.8599793,-0.01000011,-1.89703369,-41.8221436,0.0,0.0,0.0,0.0,0.0,0.0
40.6074,DATA,1,0,0,0,0,0.0,0.0,1.19693971,1.3045454,-2.12110376,-5.99414063,169.5697,-0.28024292,0.8599793,-0.01000011,-1.89703369,-41.8221436,0.0,0.0,0.0,0.0,0.0,0.0
40.66366,DATA,1,0,0,0,0,0.0,0.0,1.197005,1.30449271,-2.12086558,-5.998749,169.5734,-0.2824707,0.8599793,-0.01000011,-1.89703369,-41.8221436,0.0,0.0,0.0,0.0,0.0,0.0
40.7173462,DATA,1,0,0,0,0,0.0,0.0,1.19695508,1.30453539,-2.12105012,-6.00640869,169.575836,-0.2798767,0.8599793,-0.01000011,-1.89703369,-41.8221436,0.0,0.0,0.0,0.0,0.0,0.0
40.7719765,DATA,1,0,0,0,0,0.0,0.0,1.197112,1.30447221,-2.12087083,-5.99914551,169.570847,-0.288848877,0.8599793,-0.01000011,-1.89703369,-41.8221436,0.0,0.0,0.0,0.0,0.0,0.0
40.82883,DATA,1,0,0,0,0,0.0,0.0,1.19708419,1.30453336,-2.12100768,-6.00997925,169.576355,-0.274749756,0.8599793,-0.01000011,-1.89703369,-41.8221436,0.0,0.0,0.0,0.0,0.0,0.0
40.88486,DATA,1,0,0,0,0,0.0,0.0,1.19705772,1.304533,-2.12082124,-6.002075,169.576691,-0.292633057,0.8599793,-0.01000011,-1.89703369,-41.8221436,0.0,0.0,0.0,0.0,0.0,0.0
40.94072,DATA,1,0,0,0,0,0.0,0.0,1.19706786,1.3045857,-2.1209774,-6.0057373,169.581558,-0.275756836,0.8599793,-0.01000011,-1.89703369,-41.8221436,0.0,0.0,0.0,0.0,0.0,0.0
40.99585,DATA,1,0,0,0,0,0.0,0.0,1.19706678,1.30456579,-2.12087464,-5.999176,169.573227,-0.287353516,0.8599793,-0.01000011,-1.89703369,-41.8221436,0.0,0.0,0.0,0.0,0.0,0.0
41.05188,DATA,1,0,0,0,0,0.0,0.0,1.19709539,1.3045783,-2.12091947,-5.997345,169.577042,-0.276824951,0.8599793,-0.01000011,-1.89703369,-41.8221436,0.0,0.0,0.0,0.0,0.0,0.0
41.1055374,DATA,1,0,0,0,0,0.0,0.0,1.19705772,1.30457568,-2.120966,-6.000366,169.572266,-0.285003662,0.8599793,-0.01000011,-1.89703369,-41.8221436,0.0,0.0,0.0,0.0,0.0,0.0
41.1611023,DATA,1,0,0,0,0,0.0,0.0,1.19709074,1.30450892,-2.12095642,-6.004181,169.576889,-0.272705078,0.8599793,-0.01000011,-1.89703369,-41.8221436,0.0,0.0,0.0,0.0,0.0,0.0
41.2185631,DATA,1,0,0,0,0,0.0,0.0,1.19705236,1.30457568,-2.12113929,-5.99572754,169.571381,-0.289611816,0.8599793,-0.01000011,-1.89703369,-41.8221436,0.0,0.0,0.0,0.0,0.0,0.0
41.274395,DATA,1,0,0,0,0,0.0,0.0,1.1971128,1.30441689,-2.120913,-6.00869751,169.574356,-0.277191162,0.8599793,-0.01000011,-1.89703369,-41.8221436,0.0,0.0,0.0,0.0,0.0,0.0
41.3306046,DATA,1,0,0,0,0,0.0,0.0,1.19709766,1.30447221,-2.121099,-6.00186157,169.57309,-0.285125732,0.8599793,-0.01000011,-1.89703369,-41.8221436,0.0,0.0,0.0,0.0,0.0,0.0
41.38475,DATA,1,0,0,0,0,0.0,0.0,1.19704533,1.30446839,-2.12086773,-5.999542,169.573471,-0.2828369,0.8599793,-0.01000011,-1.89703369,-41.8221436,0.0,0.0,0.0,0.0,0.0,0.0
41.447052,DATA,1,0,0,0,0,0.0,0.0,1.19706392,1.30453515,-2.12101626,-6.00268555,169.575424,-0.2770691,0.8599793,-0.01000011,-1.89703369,-41.8221436,0.0,0.0,0.0,0.0,0.0,0.0
41.5090332,DATA,1,0,0,0,0,0.0,0.0,1.19716918,1.30448484,-2.120914,-5.998169,169.57251,-0.288085938,0.8599793,-0.01000011,-1.89703369,-41.8221436,0.0,0.0,0.0,0.0,0.0,0.0
41.5643654,DATA,1,0,0,0,0,0.0,0.0,1.19717491,1.30454874,-2.121052,-6.00445557,169.572891,-0.277862549,0.8599793,-0.01000011,-1.89703369,-41.8221436,0.0,0.0,0.0,0.0,0.0,0.0
41.6208839,DATA,1,0,0,0,0,0.0,0.0,1.19720912,1.3044858,-2.12082,-5.99768066,169.575363,-0.2821045,0.8599793,-0.01000011,-1.89703369,-41.8221436,0.0,0.0,0.0,0.0,0.0,0.0
41.6767426,DATA,1,0,0,0,0,0.0,0.0,1.19720459,1.30455673,-2.1209898,-5.999298,169.570953,-0.282684326,0.8599793,-0.01000011,-1.89703369,-41.8221436,0.0,0.0,0.0,0.0,0.0,0.0
41.73153,DATA,1,0,0,0,0,0.0,0.0,1.19730973,1.30444622,-2.1207993,-6.006134,169.571487,-0.277893066,0.8599793,-0.01000011,-1.89703369,-41.8221436,0.0,0.0,0.0,0.0,0.0,0.0
41.7861,DATA,1,0,0,0,0,0.0,0.0,1.19731545,1.30451047,-2.12097645,-5.999481,169.569656,-0.283966064,0.8599793,-0.01000011,-1.89703369,-41.8221436,0.0,0.0,0.0,0.0,0.0,0.0
41.8428764,DATA,1,0,0,0,0,0.0,0.0,1.19721556,1.3045094,-2.12078881,-6.00375366,169.574646,-0.285186768,0.8599793,-0.01000011,-1.89703369,-41.8221436,0.0,0.0,0.0,0.0,0.0,0.0
41.89806,DATA,1,0,0,0,0,0.0,0.0,1.19718266,1.30457187,-2.12089968,-6.00009155,169.576187,-0.285308838,0.8599793,-0.01000011,-1.89703369,-41.8221436,0.0,0.0,0.0,0.0,0.0,0.0
41.9520149,DATA,1,0,0,0,0,0.0,0.0,1.19721174,1.30451691,-2.12087631,-6.00604248,169.574829,-0.280487061,0.8599793,-0.01000011,-1.89703369,-41.8221436,0.0,0.0,0.0,0.0,0.0,0.0
42.0091362,DATA,1,0,0,0,0,0.0,0.0,1.197217,1.30451047,-2.12089,-6.004608,169.57431,-0.288757324,0.8599793,-0.01000011,-1.89703369,-41.8221436,0.0,0.0,0.0,0.0,0.0,0.0
42.0650749,DATA,1,0,0,0,0,0.0,0.0,1.19719,1.30454445,-2.12088346,-6.00546265,169.575027,-0.2826538,0.8599793,-0.01000011,-1.89703369,-41.8221436,0.0,0.0,0.0,0.0,0.0,0.0
42.1204872,DATA,1,0,0,0,0,0.0,0.0,1.19712126,1.30456829,-2.12074256,-6.006592,169.5748,-0.2876892,0.8599793,-0.01000011,-1.89703369,-41.8221436,0.0,0.0,0.0,0.0,0.0,0.0
42.177536,DATA,1,0,0,0,0,0.0,0.0,1.19712591,1.3046335,-2.12089252,-6.005707,169.575623,-0.2836609,0.8599793,-0.01000011,-1.89703369,-41.8221436,0.0,0.0,0.0,0.0,0.0,0.0
42.2310638,DATA,1,0,0,0,0,0.0,0.0,1.19720387,1.304544,-2.12080431,-6.005493,169.571075,-0.291442871,0.8599793,-0.01000011,-1.89703369,-41.8221436,0.0,0.0,0.0,0.0,0.0,0.0
42.2889481,DATA,1,0,0,0,0,0.0,0.0,1.197206,1.30460835,-2.12096572,-6.008972,169.573624,-0.2796631,0.8599793,-0.01000011,-1.89703369,-41.8221436,0.0,0.0,0.0,0.0,0.0,0.0
42.34413,DATA,1,0,0,0,0,0.0,0.0,1.19718361,1.30450869,-2.120794,-6.00039673,169.573868,-0.287811279,0.8599793,-0.01000011,-1.89703369,-41.8221436,0.0,0.0,0.0,0.0,0.0,0.0
42.3987236,DATA,1,0,0,0,0,0.0,0.0,1.197172,1.30456507,-2.12097526,-6.003296,169.57312,-0.2798462,0.8599793,-0.01000011,-1.89703369,-41.8221436,0.0,0.0,0.0,0.0,0.0,0.0
42.4531746,DATA,1,0,0,0,0,0.0,0.0,1.197273,1.30444837,-2.12082171,-6.00314331,169.570892,-0.281463623,0.8599793,-0.01000011,-1.89703369,-41.8221436,0.0,0.0,0.0,0.0,0.0,0.0
42.50892,DATA,1,0,0,0,0,0.0,0.0,1.19726419,1.30449617,-2.121018,-5.997711,169.571213,-0.2881775,0.8599793,-0.01000011,-1.89703369,-41.8221436,0.0,0.0,0.0,0.0,0.0,0.0
42.56486,DATA,1,0,0,0,0,0.0,0.0,1.197243,1.30451035,-2.12083673,-6.00375366,169.572571,-0.279418945,0.8599793,-0.01000011,-1.89703369,-41.8221436,0.0,0.0,0.0,0.0,0.0,0.0
42.621254,DATA,1,0,0,0,0,0.0,0.0,1.19721627,1.30456758,-2.120989,-6.004944,169.572723,-0.28515625,0.8599793,-0.01000011,-1.89703369,-41.8221436,0.0,0.0,0.0,0.0,0.0,0.0
42.6757,DATA,1,0,0,0,0,0.0,0.0,1.19728446,1.30450976,-2.12095571,-6.00552368,169.576889,-0.279083252,0.8599793,-0.01000011,-1.89703369,-41.8221436,0.0,0.0,0.0,0.0,0.0,0.0
42.7315521,DATA,1,0,0,0,0,0.0,0.0,1.19727468,1.30450988,-2.12104845,-6.004425,169.572723,-0.2864685,0.8599793,-0.01000011,-1.89703369,-41.8221436,0.0,0.0,0.0,0.0,0.0,0.0
42.78727,DATA,1,0,0,0,0,0.0,0.0,1.19726515,1.30453062,-2.12105584,-6.00408936,169.575821,-0.285858154,0.8599793,-0.01000011,-1.89703369,-41.8221436,0.0,0.0,0.0,0.0,0.0,0.0
42.8427467,DATA,1,0,0,0,0,0.0,0.0,1.19721079,1.30455041,-2.12099886,-6.004883,169.576141,-0.2878418,0.8599793,-0.01000011,-1.89703369,-41.8221436,0.0,0.0,0.0,0.0,0.0,0.0
42.8985939,DATA,1,0,0,0,0,0.0,0.0,1.19720662,1.30457783,-2.1211555,-6.006531,169.575684,-0.285858154,0.8599793,-0.01000011,-1.89703369,-41.8221436,0.0,0.0,0.0,0.0,0.0,0.0
42.95289,DATA,1,0,0,0,0,0.0,0.0,1.1973145,1.30444252,-2.12098241,-6.00982666,169.578674,-0.286712646,0.8599793,-0.01000011,-1.89703369,-41.8221436,0.0,0.0,0.0,0.0,0.0,0.0
43.00986,DATA,1,0,0,0,0,0.0,0.0,1.1972847,1.3045063,-2.12116861,-6.00875854,169.572662,-0.287719727,0.8599793,-0.01000011,-1.89703369,-41.8221436,0.0,0.0,0.0,0.0,0.0,0.0
43.06481,DATA,1,0,0,0,0,0.0,0.0,1.19714832,1.30444789,-2.121035,-6.003723,169.57486,-0.285308838,0.8599793,-0.01000011,-1.89703369,-41.8221436,0.0,0.0,0.0,0.0,0.0,0.0
43.12022,DATA,1,0,0,0,0,0.0,0.0,1.19711781,1.30450225,-2.12123871,-6.00320435,169.574631,-0.284576416,0.8599793,-0.01000011,-1.89703369,-41.8221436,0.0,0.0,0.0,0.0,0.0,0.0
43.17623,DATA,1,0,0,0,0,0.0,0.0,1.19723487,1.3043462,-2.12103271,-6.007965,169.57338,-0.2824707,0.8599793,-0.01000011,-1.89703369,-41.8221436,0.0,0.0,0.0,0.0,0.0,0.0
43.2310448,DATA,1,0,0,0,0,0.0,0.0,1.19720984,1.30439591,-2.12123561,-6.005432,169.572418,-0.284606934,0.8599793,-0.01000011,-1.89703369,-41.8221436,0.0,0.0,0.0,0.0,0.0,0.0
43.2869873,DATA,1,0,0,0,0,0.0,0.0,1.1972121,1.30434036,-2.12094116,-6.00906372,169.573776,-0.283416748,0.8599793,-0.01000011,-1.89703369,-41.8221436,0.0,0.0,0.0,0.0,0.0,0.0
43.34264,DATA,1,0,0,0,0,0.0,0.0,1.19719815,1.30439162,-2.121141,-6.007904,169.5725,-0.2843933,0.8599793,-0.01000011,-1.89703369,-41.8221436,0.0,0.0,0.0,0.0,0.0,0.0
43.398777,DATA,1,0,0,0,0,0.0,0.0,1.19718742,1.3043288,-2.12109971,-6.0072937,169.575165,-0.281158447,0.8599793,-0.01000011,-1.89703369,-41.8221436,0.0,0.0,0.0,0.0,0.0,0.0
43.45499,DATA,1,0,0,0,0,0.0,0.0,1.197175,1.30433381,-2.12118745,-6.005005,169.572571,-0.281341553,0.8599793,-0.01000011,-1.89703369,-41.8221436,0.0,0.0,0.0,0.0,0.0,0.0
43.5090561,DATA,1,0,0,0,0,0.0,0.0,1.19713986,1.304316,-2.121203,-6.00811768,169.573868,-0.279907227,0.8599793,-0.01000011,-1.89703369,-41.8221436,0.0,0.0,0.0,0.0,0.0,0.0
43.5643272,DATA,1,0,0,0,0,0.0,0.0,1.19708371,1.30430436,-2.12117243,-6.00476074,169.571381,-0.284942627,0.8599793,-0.01000011,-1.89703369,-41.8221436,0.0,0.0,0.0,0.0,0.0,0.0
43.6201248,DATA,1,0,0,0,0,0.0,0.0,1.197109,1.3043232,-2.12134433,-6.01022339,169.570587,-0.279602051,0.8599793,-0.01000011,-1.89703369,-41.8221436,0.0,0.0,0.0,0.0,0.0,0.0
43.6757622,DATA,1,0,0,0,0,0.0,0.0,1.19718146,1.30427217,-2.12122345,-6.00662231,169.5737,-0.2824402,0.8599793,-0.01000011,-1.89703369,-41.8221436,0.0,0.0,0.0,0.0,0.0,0.0
43.73137,DATA,1,0,0,0,0,0.0,0.0,1.19717932,1.30431736,-2.12146568,-6.008667,169.574265,-0.2845459,0.8599793,-0.01000011,-1.89703369,-41.8221436,0.0,0.0,0.0,0.0,0.0,0.0
43.78725,DATA,1,0,0,0,0,0.0,0.0,1.19720674,1.304212,-2.1212225,-6.00622559,169.573349,-0.28237915,0.8599793,-0.01000011,-1.89703369,-41.8221436,0.0,0.0,0.0,0.0,0.0,0.0
43.8425255,DATA,1,0,0,0,0,0.0,0.0,1.19720507,1.30425262,-2.12145376,-6.009918,169.569916,-0.282775879,0.8599793,-0.01000011,-1.89703369,-41.8221436,0.0,0.0,0.0,0.0,0.0,0.0
43.8991928,DATA,1,0,0,0,0,0.0,0.0,1.1972357,1.30422568,-2.12113333,-6.010254,169.573517,-0.283905029,0.8599793,-0.01000011,-1.89703369,-41.8221436,0.0,0.0,0.0,0.0,0.0,0.0
43.9536743,DATA,1,0,0,0,0,0.0,0.0,1.19723022,1.30427873,-2.12137532,-6.00845337,169.571762,-0.289520264,0.8599793,-0.01000011,-1.89703369,-41.8221436,0.0,0.0,0.0,0.0,0.0,0.0
44.009,DATA,1,0,0,0,0,0.0,0.0,1.19717312,1.30432153,-2.121181,-6.00823975,169.573914,-0.282684326,0.8599793,-0.01000011,-1.89703369,-41.8221436,0.0,0.0,0.0,0.0,0.0,0.0
44.0650635,DATA,1,0,0,0,0,0.0,0.0,1.19715714,1.304379,-2.12142968,-6.00933838,169.571579,-0.284667969,0.8599793,-0.01000011,-1.89703369,-41.8221436,0.0,0.0,0.0,0.0,0.0,0.0
44.12052,DATA,1,0,0,0,0,0.0,0.0,1.19723475,1.304349,-2.12129021,-6.01153564,169.571838,-0.282745361,0.8599793,-0.01000011,-1.89703369,-41.8221436,0.0,0.0,0.0,0.0,0.0,0.0
44.17674,DATA,1,0,0,0,0,0.0,0.0,1.19726133,1.30437684,-2.12137127,-6.010895,169.572662,-0.281524658,0.8599793,-0.01000011,-1.89703369,-41.8221436,0.0,0.0,0.0,0.0,0.0,0.0
44.2312,DATA,1,0,0,0,0,0.0,0.0,1.19727087,1.30440021,-2.121333,-6.011139,169.57576,-0.286224365,0.8599793,-0.01000011,-1.89703369,-41.8221436,0.0,0.0,0.0,0.0,0.0,0.0
44.2869263,DATA,1,0,0,0,0,0.0,0.0,1.1972748,1.30442047,-2.121278,-6.01016235,169.574692,-0.281341553,0.8599793,-0.01000011,-1.89703369,-41.8221436,0.0,0.0,0.0,0.0,0.0,0.0
44.3423271,DATA,1,0,0,0,0,0.0,0.0,1.19729161,1.30444658,-2.12140441,-6.01193237,169.575424,-0.282867432,0.8599793,-0.01000011,-1.89703369,-41.8221436,0.0,0.0,0.0,0.0,0.0,0.0
44.3983421,DATA,1,0,0,0,0,0.0,0.0,1.19732559,1.30438948,-2.121244,-6.017029,169.572739,-0.2866211,0.8599793,-0.01000011,-1.89703369,-41.8221436,0.0,0.0,0.0,0.0,0.0,0.0
44.45464,DATA,1,0,0,0,0,0.0,0.0,1.19732821,1.30445743,-2.121439,-6.01513672,169.5765,-0.281707764,0.8599793,-0.01000011,-1.89703369,-41.8221436,0.0,0.0,0.0,0.0,0.0,0.0
44.50905,DATA,1,0,0,0,0,0.0,0.0,1.1973207,1.30437434,-2.12116861,-6.01522827,169.570465,-0.282531738,0.8599793,-0.01000011,-1.89703369,-41.8221436,0.0,0.0,0.0,0.0,0.0,0.0
44.5642281,DATA,1,0,0,0,0,0.0,0.0,1.19732451,1.30444121,-2.12138867,-6.01672363,169.572464,-0.283447266,0.8599793,-0.01000011,-1.89703369,-41.8221436,0.0,0.0,0.0,0.0,0.0,0.0
44.6207542,DATA,1,0,0,0,0,0.0,0.0,1.19733429,1.30435479,-2.1211257,-6.02172852,169.571228,-0.2805481,0.8599793,-0.01000011,-1.89703369,-41.8221436,0.0,0.0,0.0,0.0,0.0,0.0
44.6757469,DATA,1,0,0,0,0,0.0,0.0,1.197342,1.30442941,-2.12132859,-6.020355,169.57103,-0.281463623,0.8599793,-0.01000011,-1.89703369,-41.8221436,0.0,0.0,0.0,0.0,0.0,0.0
44.7311821,DATA,1,0,0,0,0,0.0,0.0,1.19735384,1.30432868,-2.12095284,-6.02032471,169.574066,-0.283721924,0.8599793,-0.01000011,-1.89703369,-41.8221436,0.0,0.0,0.0,0.0,0.0,0.0
44.7873344,DATA,1,0,0,0,0,0.0,0.0,1.19735515,1.30439806,-2.12112069,-6.02032471,169.574722,-0.283905029,0.8599793,-0.01000011,-1.89703369,-41.8221436,0.0,0.0,0.0,0.0,0.0,0.0
44.8419456,DATA,1,0,0,0,0,0.0,0.0,1.197393,1.3043009,-2.120988,-6.020294,169.572067,-0.284790039,0.8599793,-0.01000011,-1.89703369,-41.8221436,0.0,0.0,0.0,0.0,0.0,0.0
44.8984871,DATA,1,0,0,0,0,0.0,0.0,1.19739389,1.30432224,-2.121065,-6.023102,169.5685,-0.283935547,0.8599793,-0.01000011,-1.89703369,-41.8221436,0.0,0.0,0.0,0.0,0.0,0.0
44.9548,DATA,1,0,0,0,0,0.0,0.0,1.19735944,1.304247,-2.12094378,-6.023987,169.57019,-0.28616333,0.8599793,-0.01000011,-1.89703369,-41.8221436,0.0,0.0,0.0,0.0,0.0,0.0
45.010128,DATA,1,0,0,0,0,0.0,0.0,1.19732666,1.30422509,-2.12090731,-6.02032471,169.569458,-0.2852478,0.8599793,-0.01000011,-1.89703369,-41.8221436,0.0,0.0,0.0,0.0,0.0,0.0
45.06501,DATA,1,0,0,0,0,0.0,0.0,1.19732952,1.30421627,-2.12092257,-6.02114868,169.570648,-0.283569336,0.8599793,-0.01000011,-1.89703369,-41.8221436,0.0,0.0,0.0,0.0,0.0,0.0
45.1208954,DATA,1,0,0,0,0,0.0,0.0,1.197363,1.30413377,-2.12080288,-6.022156,169.570679,-0.282226563,0.8599793,-0.01000011,-1.89703369,-41.8221436,0.0,0.0,0.0,0.0,0.0,0.0
45.1758842,DATA,1,0,0,0,0,0.0,0.0,1.19735825,1.30416346,-2.12090015,-6.02185059,169.57309,-0.282043457,0.8599793,-0.01000011,-1.89703369,-41.8221436,0.0,0.0,0.0,0.0,0.0,0.0
45.2307129,DATA,1,0,0,0,0,0.0,0.0,1.19736218,1.30403841,-2.12067556,-6.021454,169.572083,-0.281799316,0.8599793,-0.01000011,-1.89703369,-41.8221436,0.0,0.0,0.0,0.0,0.0,0.0
45.2868538,DATA,1,0,0,0,0,0.0,0.0,1.19734657,1.30407321,-2.12080073,-6.020172,169.571747,-0.2835083,0.8599793,-0.01000011,-1.89703369,-41.8221436,0.0,0.0,0.0,0.0,0.0,0.0
45.3425179,DATA,1,0,0,0,0,0.0,0.0,1.19747508,1.30397987,-2.120552,-6.022003,169.573425,-0.284729,0.8599793,-0.01000011,-1.89703369,-41.8221436,0.0,0.0,0.0,0.0,0.0,0.0
45.3982658,DATA,1,0,0,0,0,0.0,0.0,1.19748092,1.304009,-2.12066031,-6.02389526,169.5725,-0.2852478,0.8599793,-0.01000011,-1.89703369,-41.8221436,0.0,0.0,0.0,0.0,0.0,0.0
45.45361,DATA,1,0,0,0,0,0.0,0.0,1.19743443,1.304018,-2.12050557,-6.023834,169.572266,-0.288574219,0.8599793,-0.01000011,-1.89703369,-41.8221436,0.0,0.0,0.0,0.0,0.0,0.0
45.5088921,DATA,1,0,0,0,0,0.0,0.0,1.19743812,1.30405462,-2.12061739,-6.02774048,169.574417,-0.282745361,0.8599793,-0.01000011,-1.89703369,-41.8221436,0.0,0.0,0.0,0.0,0.0,0.0
45.5649757,DATA,1,0,0,0,0,0.0,0.0,1.197475,1.30397511,-2.120531,-6.021698,169.569168,-0.28302002,0.8599793,-0.01000011,-1.89703369,-41.8221436,0.0,0.0,0.0,0.0,0.0,0.0
45.6196823,DATA,1,0,0,0,0,0.0,0.0,1.19748378,1.30401957,-2.120615,-6.020233,169.572159,-0.28338623,0.8599793,-0.01000011,-1.89703369,-41.8221436,0.0,0.0,0.0,0.0,0.0,0.0
45.6763763,DATA,1,0,0,0,0,0.0,0.0,1.19754422,1.30401635,-2.120676,-6.020691,169.57106,-0.2829895,0.8599793,-0.01000011,-1.89703369,-41.8221436,0.0,0.0,0.0,0.0,0.0,0.0
45.7312355,DATA,1,0,0,0,0,0.0,0.0,1.197584,1.30403471,-2.120771,-6.022339,169.572937,-0.2810974,0.8599793,-0.01000011,-1.89703369,-41.8221436,0.0,0.0,0.0,0.0,0.0,0.0
45.7874527,DATA,1,0,0,0,0,0.0,0.0,1.197541,1.304019,-2.12079048,-6.020752,169.572037,-0.283294678,0.8599793,-0.01000011,-1.89703369,-41.8221436,0.0,0.0,0.0,0.0,0.0,0.0
45.84245,DATA,1,0,0,0,0,0.0,0.0,1.19750881,1.30397654,-2.120785,-6.020569,169.570435,-0.2809143,0.8599793,-0.01000011,-1.89703369,-41.8221436,0.0,0.0,0.0,0.0,0.0,0.0
45.8981323,DATA,1,0,0,0,0,0.0,0.0,1.19750416,1.30408239,-2.12089562,-6.018219,169.571609,-0.288574219,0.8599793,-0.01000011,-1.89703369,-41.8221436,0.0,0.0,0.0,0.0,0.0,0.0
45.9535751,DATA,1,0,0,0,0,0.0,0.0,1.1975497,1.30456531,-2.120826,-6.02096558,169.57135,-0.2824402,0.8599793,-0.01000011,-1.89703369,-41.8221436,0.0,0.0,0.0,0.0,0.0,0.0
46.0095177,DATA,1,0,0,0,0,0.0,0.0,1.19754553,1.304682,-2.12096786,-6.0178833,169.5662,-0.2939148,0.8599793,-0.01000011,-1.89703369,-41.8221436,0.0,0.0,0.0,0.0,0.0,0.0
46.0649376,DATA,1,0,0,0,0,0.0,0.0,1.19741607,1.3047471,-2.120651,-6.02496338,169.575409,-0.281738281,0.8599793,-0.01000011,-1.89703369,-41.8221436,0.0,0.0,0.0,0.0,0.0,0.0
46.12073,DATA,1,0,0,0,0,0.0,0.0,1.19734585,1.30489039,-2.120772,-6.01724243,169.568054,-0.298126221,0.8599793,-0.01000011,-1.89703369,-41.8221436,0.0,0.0,0.0,0.0,0.0,0.0
46.1761742,DATA,1,0,0,0,0,0.0,0.0,1.19755483,1.30481136,-2.12049246,-6.0227356,169.570557,-0.275054932,0.8599793,-0.01000011,-1.89703369,-41.8221436,0.0,0.0,0.0,0.0,0.0,0.0
46.2307777,DATA,1,0,0,0,0,0.0,0.0,1.19753838,1.304947,-2.120613,-6.01672363,169.5671,-0.29006958,0.8599793,-0.01000011,-1.89703369,-41.8221436,0.0,0.0,0.0,0.0,0.0,0.0
46.287384,DATA,1,0,0,0,0,0.0,0.0,1.19763565,1.30456841,-2.120436,-6.02084351,169.573441,-0.280487061,0.8599793,-0.01000011,-1.89703369,-41.8221436,0.0,0.0,0.0,0.0,0.0,0.0
46.3428421,DATA,1,0,0,0,0,0.0,0.0,1.1976366,1.30460787,-2.12051535,-6.02197266,169.567474,-0.28793335,0.8599793,-0.01000011,-1.89703369,-41.8221436,0.0,0.0,0.0,0.0,0.0,0.0
46.39831,DATA,1,0,0,0,0,0.0,0.0,1.19763422,1.30439377,-2.12041855,-6.02218628,169.569809,-0.276245117,0.8599793,-0.01000011,-1.89703369,-41.8221436,0.0,0.0,0.0,0.0,0.0,0.0
46.4532471,DATA,1,0,0,0,0,0.0,0.0,1.19761884,1.30434394,-2.12043667,-6.02005,169.571289,-0.292114258,0.8599793,-0.01000011,-1.89703369,-41.8221436,0.0,0.0,0.0,0.0,0.0,0.0
46.50927,DATA,1,0,0,0,0,0.0,0.0,1.19761038,1.30432534,-2.120498,-6.023529,169.5748,-0.279418945,0.8599793,-0.01000011,-1.89703369,-41.8221436,0.0,0.0,0.0,0.0,0.0,0.0
46.5643044,DATA,1,0,0,0,0,0.0,0.0,1.1975565,1.30431247,-2.12057924,-6.01724243,169.568573,-0.292663574,0.8599793,-0.01000011,-1.89703369,-41.8221436,0.0,0.0,0.0,0.0,0.0,0.0
46.6199532,DATA,1,0,0,0,0,0.0,0.0,1.19756579,1.30431378,-2.12064981,-6.020996,169.573074,-0.2791443,0.8599793,-0.01000011,-1.89703369,-41.8221436,0.0,0.0,0.0,0.0,0.0,0.0
46.6779251,DATA,1,0,0,0,0,0.0,0.0,1.19753408,1.30414867,-2.12058,-6.01889038,169.567764,-0.2875061,0.8599793,-0.01000011,-1.89703369,-41.8221436,0.0,0.0,0.0,0.0,0.0,0.0
46.7309837,DATA,1,0,0,0,0,0.0,0.0,1.19756079,1.30419517,-2.12070966,-6.021515,169.5679,-0.283569336,0.8599793,-0.01000011,-1.89703369,-41.8221436,0.0,0.0,0.0,0.0,0.0,0.0
46.7872238,DATA,1,0,0,0,0,0.0,0.0,1.19746447,1.30411744,-2.12061286,-6.017639,169.564331,-0.284729,0.8599793,-0.01000011,-1.89703369,-41.8221436,0.0,0.0,0.0,0.0,0.0,0.0
46.8420067,DATA,1,0,0,0,0,0.0,0.0,1.19746542,1.30415833,-2.12075377,-6.02331543,169.567017,-0.2821045,0.8599793,-0.01000011,-1.89703369,-41.8221436,0.0,0.0,0.0,0.0,0.0,0.0
46.8978729,DATA,1,0,0,0,0,0.0,0.0,1.19743657,1.30401838,-2.12056446,-6.02325439,169.567474,-0.286865234,0.8599793,-0.01000011,-1.89703369,-41.8221436,0.0,0.0,0.0,0.0,0.0,0.0
46.9537277,DATA,1,0,0,0,0,0.0,0.0,1.19740248,1.30405235,-2.1206975,-6.01886,169.566711,-0.287200928,0.8599793,-0.01000011,-1.89703369,-41.8221436,0.0,0.0,0.0,0.0,0.0,0.0
47.00904,DATA,1,0,0,0,0,0.0,0.0,1.19743216,1.30400109,-2.120586,-6.01577759,169.571136,-0.288848877,0.8599793,-0.01000011,-1.89703369,-41.8221436,0.0,0.0,0.0,0.0,0.0,0.0
47.0653419,DATA,1,0,0,0,0,0.0,0.0,1.19736683,1.30404174,-2.12071371,-6.01571655,169.567856,-0.295196533,0.8599793,-0.01000011,-1.89703369,-41.8221436,0.0,0.0,0.0,0.0,0.0,0.0
47.1206169,DATA,1,0,0,0,0,0.0,0.0,1.19738615,1.30400741,-2.12059736,-6.02182,169.5704,-0.2852173,0.8599793,-0.01000011,-1.89703369,-41.8221436,0.0,0.0,0.0,0.0,0.0,0.0
47.1754951,DATA,1,0,0,0,0,0.0,0.0,1.1973002,1.30403185,-2.120677,-6.020172,169.566986,-0.300384521,0.8599793,-0.01000011,-1.89703369,-41.8221436,0.0,0.0,0.0,0.0,0.0,0.0
47.23096,DATA,1,0,0,0,0,0.0,0.0,1.19733346,1.30402017,-2.12065554,-6.02594,169.5703,-0.283782959,0.8599793,-0.01000011,-1.89703369,-41.8221436,0.0,0.0,0.0,0.0,0.0,0.0
47.2868271,DATA,1,0,0,0,0,0.0,0.0,1.197309,1.30401361,-2.12064624,-6.018585,169.5686,-0.298309326,0.8599793,-0.01000011,-1.89703369,-41.8221436,0.0,0.0,0.0,0.0,0.0,0.0
47.34222,DATA,1,0,0,0,0,0.0,0.0,1.19727957,1.30404377,-2.12066555,-6.026001,169.573334,-0.2857666,0.8599793,-0.01000011,-1.89703369,-41.8221436,0.0,0.0,0.0,0.0,0.0,0.0
47.39803,DATA,1,0,0,0,0,0.0,0.0,1.19716859,1.30404079,-2.12054539,-6.026764,169.569366,-0.295043945,0.8599793,-0.01000011,-1.89703369,-41.8221436,0.0,0.0,0.0,0.0,0.0,0.0
47.45325,DATA,1,0,0,0,0,0.0,0.0,1.19712341,1.3040874,-2.1206665,-6.023529,169.571365,-0.2897339,0.8599793,-0.01000011,-1.89703369,-41.8221436,0.0,0.0,0.0,0.0,0.0,0.0
47.50873,DATA,1,0,0,0,0,0.0,0.0,1.19719839,1.30390632,-2.12044239,-6.023926,169.566467,-0.2861328,0.8599793,-0.01000011,-1.89703369,-41.8221436,0.0,0.0,0.0,0.0,0.0,0.0
47.5644455,DATA,1,0,0,0,0,0.0,0.0,1.19713259,1.303943,-2.12053514,-6.023712,169.56958,-0.2866211,0.8599793,-0.01000011,-1.89703369,-41.8221436,0.0,0.0,0.0,0.0,0.0,0.0
47.6196632,DATA,1,0,0,0,0,0.0,0.0,1.197325,1.303962,-2.12042618,-6.020111,169.568878,-0.282012939,0.8599793,-0.01000011,-1.89703369,-41.8221436,0.0,0.0,0.0,0.0,0.0,0.0
47.6750832,DATA,1,0,0,0,0,0.0,0.0,1.19728851,1.30399489,-2.12051988,-6.01913452,169.568771,-0.286499023,0.8599793,-0.01000011,-1.89703369,-41.8221436,0.0,0.0,0.0,0.0,0.0,0.0
47.7304535,DATA,1,0,0,0,0,0.0,0.0,1.19721484,1.303904,-2.1203084,-6.02594,169.570175,-0.290313721,0.8599793,-0.01000011,-1.89703369,-41.8221436,0.0,0.0,0.0,0.0,0.0,0.0
47.7869,DATA,1,0,0,0,0,0.0,0.0,1.197182,1.303931,-2.12041378,-6.025055,169.568375,-0.289276123,0.8599793,-0.01000011,-1.89703369,-41.8221436,0.0,0.0,0.0,0.0,0.0,0.0
47.84191,DATA,1,0,0,0,0,0.0,0.0,1.19719052,1.30398321,-2.12025118,-6.016571,169.567886,-0.2878723,0.8599793,-0.01000011,-1.89703369,-41.8221436,0.0,0.0,0.0,0.0,0.0,0.0
47.89847,DATA,1,0,0,0,0,0.0,0.0,1.19718993,1.30401337,-2.12032533,-6.02008057,169.56665,-0.284118652,0.8599793,-0.01000011,-1.89703369,-41.8221436,0.0,0.0,0.0,0.0,0.0,0.0
47.95292,DATA,1,0,0,0,0,0.0,0.0,1.19720817,1.30402958,-2.120329,-6.02084351,169.56749,-0.289794922,0.8599793,-0.01000011,-1.89703369,-41.8221436,0.0,0.0,0.0,0.0,0.0,0.0
48.0086479,DATA,1,0,0,0,0,0.0,0.0,1.19726837,1.30403864,-2.120359,-6.01571655,169.567841,-0.276062,0.8599793,-0.01000011,-1.89703369,-41.8221436,0.0,0.0,0.0,0.0,0.0,0.0
48.0646324,DATA,1,0,0,0,0,0.0,0.0,1.1972301,1.30405533,-2.12035632,-6.01843262,169.565125,-0.283905029,0.8599793,-0.01000011,-1.89703369,-41.8221436,0.0,0.0,0.0,0.0,0.0,0.0
48.1204834,DATA,1,0,0,0,0,0.0,0.0,1.19729662,1.303951,-2.12030077,-6.0140686,169.569321,-0.27557373,0.8599793,-0.01000011,-1.89703369,-41.8221436,0.0,0.0,0.0,0.0,0.0,0.0
48.1756821,DATA,1,0,0,0,0,0.0,0.0,1.19724035,1.30400944,-2.120376,-6.0206604,169.566788,-0.295166016,0.8599793,-0.01000011,-1.89703369,-41.8221436,0.0,0.0,0.0,0.0,0.0,0.0
48.23071,DATA,1,0,0,0,0,0.0,0.0,1.19730926,1.30389142,-2.12028933,-6.02926636,169.572586,-0.271759033,0.8599793,-0.01000011,-1.89703369,-41.8221436,0.0,0.0,0.0,0.0,0.0,0.0
48.2869644,DATA,1,0,0,0,0,0.0,0.0,1.19727015,1.30389237,-2.12047148,-6.008209,169.563522,-0.294555664,0.8599793,-0.01000011,-1.89703369,-41.8221436,0.0,0.0,0.0,0.0,0.0,0.0
48.3422432,DATA,1,0,0,0,0,0.0,0.0,1.19727516,1.30395639,-2.12024117,-6.02944946,169.569748,-0.274749756,0.8599793,-0.01000011,-1.89703369,-41.8221436,0.0,0.0,0.0,0.0,0.0,0.0
48.3977928,DATA,1,0,0,0,0,0.0,0.0,1.19728351,1.303977,-2.12039661,-6.016266,169.562057,-0.281707764,0.8599793,-0.01000011,-1.89703369,-41.8221436,0.0,0.0,0.0,0.0,0.0,0.0
48.45528,DATA,1,0,0,0,0,0.0,0.0,1.1973052,1.30389643,-2.120295,-6.01532,169.5647,-0.289093018,0.8599793,-0.01000011,-1.89703369,-41.8221436,0.0,0.0,0.0,0.0,0.0,0.0
48.508522,DATA,1,0,0,0,0,0.0,0.0,1.19731927,1.3039434,-2.12030888,-6.03601074,169.571487,-0.276000977,0.8599793,-0.01000011,-1.89703369,-41.8221436,0.0,0.0,0.0,0.0,0.0,0.0
48.5643425,DATA,1,0,0,0,0,0.0,0.0,1.19727373,1.30381751,-2.120316,-6.017151,169.564285,-0.2878418,0.8599793,-0.01000011,-1.89703369,-41.8221436,0.0,0.0,0.0,0.0,0.0,0.0
48.61942,DATA,1,0,0,0,0,0.0,0.0,1.19724178,1.30386782,-2.120329,-6.026581,169.568787,-0.2937317,0.8599793,-0.01000011,-1.89703369,-41.8221436,0.0,0.0,0.0,0.0,0.0,0.0
48.67597,DATA,1,0,0,0,0,0.0,0.0,1.197301,1.30362225,-2.120287,-6.03616333,169.5698,-0.270263672,0.8599793,-0.01000011,-1.89703369,-41.8221436,0.0,0.0,0.0,0.0,0.0,0.0
48.7312,DATA,1,0,0,0,0,0.0,0.0,1.19726479,1.30349934,-2.12035179,-6.01153564,169.563141,-0.307312,0.8599793,-0.01000011,-1.89703369,-41.8221436,0.0,0.0,0.0,0.0,0.0,0.0
48.7863426,DATA,1,0,0,0,0,0.0,0.0,1.19734287,1.303498,-2.120157,-6.047455,169.575378,-0.259246826,0.8599793,-0.01000011,-1.89703369,-41.8221436,0.0,0.0,0.0,0.0,0.0,0.0
48.8417168,DATA,1,0,0,0,0,0.0,0.0,1.19734514,1.303421,-2.12011385,-6.02154541,169.564545,-0.3019104,0.8599793,-0.01000011,-1.89703369,-41.8221436,0.0,0.0,0.0,0.0,0.0,0.0
48.8978424,DATA,1,0,0,0,0,0.0,0.0,1.19736516,1.303426,-2.12010384,-6.03494263,169.571121,-0.273712158,0.8599793,-0.01000011,-1.89703369,-41.8221436,0.0,0.0,0.0,0.0,0.0,0.0
48.95247,DATA,1,0,0,0,0,0.0,0.0,1.197403,1.30341315,-2.1199646,-6.048218,169.566177,-0.285614,0.8599793,-0.01000011,-1.89703369,-41.8221436,0.0,0.0,0.0,0.0,0.0,0.0
49.008255,DATA,1,0,0,0,0,0.0,0.0,1.19736063,1.30341244,-2.12005115,-6.036072,169.566269,-0.286376953,0.8599793,-0.01000011,-1.89703369,-41.8221436,0.0,0.0,0.0,0.0,0.0,0.0
49.0633049,DATA,1,0,0,0,0,0.0,0.0,1.19739509,1.3035363,-2.120002,-6.03659058,169.562149,-0.33114624,0.8599793,-0.01000011,-1.89703369,-41.8221436,0.0,0.0,0.0,0.0,0.0,0.0
49.1205254,DATA,1,0,0,0,0,0.0,0.0,1.1971997,1.30359721,-2.120064,-5.95898438,169.523849,-0.437561035,0.8599793,-0.01000011,-1.89703369,-41.8221436,0.0,0.0,0.0,0.0,0.0,0.0
