timestamp,eventType,mazeNumber,attemptNumber,collectedCoins,totalCoins,totalScore,mazeElapsedTime,totalGameElapsedTime,headPositionX,headPositionY,headPositionZ,headRotationX,headRotationY,headRotationZ,playerPositionX,playerPositionY,playerPositionZ,playerRotationY,rightThumbstickX,rightThumbstickY,rightTrigger,leftThumbstickX,leftThumbstickY,leftTrigger
4.12748337,DATA,1,0,0,0,0,0.0,0.0,0.5037234,1.47842228,-0.9231105,43.9364624,-15.574585,-8.840149,0.55,0.0,-0.05,0.0,0.0,0.0,0.0,0.0,0.0,0.0
4.181486,DATA,1,0,0,0,0,0.0,0.0,0.5039961,1.47901607,-0.922387958,45.2637329,-14.2249451,-8.601776,0.55,0.0,-0.05,0.0,0.0,0.0,0.0,0.0,0.0,0.0
4.239325,DATA,1,0,0,0,0,0.0,0.0,0.5038175,1.48005772,-0.9218738,46.8505363,-12.3168945,-8.17218,0.55,0.0,-0.05,0.0,0.0,0.0,0.0,0.0,0.0,0.0
4.295015,DATA,1,0,0,0,0,0.0,0.0,0.5033968,1.48058116,-0.9215958,47.74281,-11.1634216,-8.060516,0.55,0.0,-0.05,0.0,0.0,0.0,0.0,0.0,0.0,0.0
4.34986067,DATA,1,0,0,0,0,0.0,0.0,0.5032585,1.480301,-0.9209107,47.9790268,-11.0758972,-8.404144,0.55,0.0,-0.05,0.0,0.0,0.0,0.0,0.0,0.0,0.0
4.40528536,DATA,1,0,0,0,0,0.0,0.0,0.5040611,1.47947776,-0.9208741,47.48749,-11.861145,-8.779266,0.55,0.0,-0.05,0.0,0.0,0.0,0.0,0.0,0.0,0.0
4.46088743,DATA,1,0,0,0,0,0.0,0.0,0.506194949,1.47873783,-0.921032548,46.85141,-12.9755249,-8.885956,0.55,0.0,-0.05,0.0,0.0,0.0,0.0,0.0,0.0,0.0
4.51646328,DATA,1,0,0,0,0,0.0,0.0,0.5074718,1.47834146,-0.921717763,46.29608,-13.2634888,-8.521027,0.55,0.0,-0.05,0.0,0.0,0.0,0.0,0.0,0.0,0.0
4.57169867,DATA,1,0,0,0,0,0.0,0.0,0.508574545,1.47824419,-0.9224863,46.11312,-13.4100647,-8.310883,0.55,0.0,-0.05,0.0,0.0,0.0,0.0,0.0,0.0,0.0
4.64134836,DATA,1,0,0,0,0,0.0,0.0,0.509052,1.478153,-0.923276,46.12859,-13.1153259,-8.169006,0.55,0.0,-0.05,0.0,0.0,0.0,0.0,0.0,0.0,0.0
4.698375,DATA,1,0,0,0,0,0.0,0.0,0.50957936,1.47825122,-0.924029469,46.46901,-12.6317139,-8.018677,0.55,0.0,-0.05,0.0,0.0,0.0,0.0,0.0,0.0,0.0
4.754237,DATA,1,0,0,0,0,0.0,0.0,0.510780334,1.47937322,-0.926367342,46.85926,-12.1739807,-7.858368,0.55,0.0,-0.05,0.0,0.0,0.0,0.0,0.0,0.0,0.0
4.81005,DATA,1,0,0,0,0,0.0,0.0,0.5129379,1.48153484,-0.930975735,46.9755859,-11.7258606,-7.5892334,0.55,0.0,-0.05,0.0,0.0,0.0,0.0,0.0,0.0,0.0
4.866778,DATA,1,0,0,0,0,0.0,0.0,0.515630364,1.48556376,-0.9385773,46.8945656,-10.9468994,-7.11935425,0.55,0.0,-0.05,0.0,0.0,0.0,0.0,0.0,0.0,0.0
4.921005,DATA,1,0,0,0,0,0.0,0.0,0.5181885,1.48969817,-0.9487246,46.24685,-9.575623,-5.849518,0.55,0.0,-0.05,0.0,0.0,0.0,0.0,0.0,0.0,0.0
4.97779226,DATA,1,0,0,0,0,0.0,0.0,0.520685554,1.49461913,-0.961290359,45.28328,-6.874634,-3.84405518,0.55,0.0,-0.05,0.0,0.0,0.0,0.0,0.0,0.0,0.0
5.0331707,DATA,1,0,0,0,0,0.0,0.0,0.5235941,1.50199878,-0.9734787,44.4885635,-5.09625244,-3.913391,0.55,0.0,-0.05,0.0,0.0,0.0,0.0,0.0,0.0,0.0
5.090445,DATA,1,0,0,0,0,0.0,0.0,0.5271813,1.510547,-0.9857087,43.41918,-4.110199,-4.93005371,0.55,0.0,-0.05,0.0,0.0,0.0,0.0,0.0,0.0,0.0
5.14564943,DATA,1,0,0,0,0,0.0,0.0,0.5312523,1.51858854,-0.9989447,41.37956,-3.20983887,-5.404663,0.55,0.0,-0.05,0.0,0.0,0.0,0.0,0.0,0.0,0.0
5.20105934,DATA,1,0,0,0,0,0.0,0.0,0.535003364,1.52434981,-1.012734,38.0478668,-3.10534668,-5.238739,0.55,0.0,-0.05,0.0,0.0,0.0,0.0,0.0,0.0,0.0
5.25717354,DATA,1,0,0,0,0,0.0,0.0,0.5383076,1.52856052,-1.02552736,34.360054,-3.37237549,-4.37957764,0.55,0.0,-0.05,0.0,0.0,0.0,0.0,0.0,0.0,0.0
5.312236,DATA,1,0,0,0,0,0.0,0.0,0.5405681,1.53152657,-1.03521574,31.5134544,-3.55252075,-3.57693481,0.55,0.0,-0.05,0.0,0.0,0.0,0.0,0.0,0.0,0.0
5.36748171,DATA,1,0,0,0,0,0.0,0.0,0.5422127,1.535156,-1.0375098,31.2066669,-4.076477,-3.90792847,0.55,0.0,-0.05,0.0,0.0,0.0,0.0,0.0,0.0,0.0
5.42350435,DATA,1,0,0,0,0,0.0,0.0,0.543721,1.53659606,-1.03802836,30.16677,-4.38116455,-4.27584839,0.55,0.0,-0.05,0.0,0.0,0.0,0.0,0.0,0.0,0.0
5.47891569,DATA,1,0,0,0,0,0.0,0.0,0.5449894,1.53872359,-1.04125679,28.6280537,-4.58859253,-3.58865356,0.55,0.0,-0.05,0.0,0.0,0.0,0.0,0.0,0.0,0.0
5.53468561,DATA,1,0,0,0,0,0.0,0.0,0.545561969,1.54118824,-1.04486287,27.1777439,-3.689148,-4.114563,0.55,0.0,-0.05,0.0,0.0,0.0,0.0,0.0,0.0,0.0
5.589758,DATA,1,0,0,0,0,0.0,0.0,0.5460342,1.54432988,-1.04656041,25.608778,-3.250824,-4.820526,0.55,0.0,-0.05,0.0,0.0,0.0,0.0,0.0,0.0,0.0
5.64554453,DATA,1,0,0,0,0,0.0,0.0,0.546593368,1.5478276,-1.04755652,23.3758049,-3.47546387,-4.08221436,0.55,0.0,-0.05,0.0,0.0,0.0,0.0,0.0,0.0,0.0
5.70112276,DATA,1,0,0,0,0,0.0,0.0,0.5468074,1.55132627,-1.04913986,21.3615036,-3.59164429,-3.72073364,0.55,0.0,-0.05,0.0,0.0,0.0,0.0,0.0,0.0,0.0
5.75697136,DATA,1,0,0,0,0,0.0,0.0,0.5475519,1.55376053,-1.0512073,19.8997021,-3.480011,-3.12307739,0.55,0.0,-0.05,0.0,0.0,0.0,0.0,0.0,0.0,0.0
5.81284046,DATA,1,0,0,0,0,0.0,0.0,0.5486347,1.55480957,-1.05346179,18.897953,-3.34378052,-3.23117065,0.55,0.0,-0.05,0.0,0.0,0.0,0.0,0.0,0.0,0.0
5.868263,DATA,1,0,0,0,0,0.0,0.0,0.5506505,1.55577838,-1.05628252,18.4769249,-3.02841187,-2.711029,0.55,0.0,-0.05,0.0,0.0,0.0,0.0,0.0,0.0,0.0
5.924216,DATA,1,0,0,0,0,0.0,0.0,0.552338958,1.55617285,-1.058648,18.1750832,-2.75869751,-2.63577271,0.55,0.0,-0.05,0.0,0.0,0.0,0.0,0.0,0.0,0.0
5.979495,DATA,1,0,0,0,0,0.0,0.0,0.554461062,1.5570662,-1.06060708,17.9017773,-2.64837646,-2.500061,0.55,0.0,-0.05,0.0,0.0,0.0,0.0,0.0,0.0,0.0
6.03485346,DATA,1,0,0,0,0,0.0,0.0,0.55620563,1.55749476,-1.06233585,17.42313,-2.64126587,-2.4616394,0.55,0.0,-0.05,0.0,0.0,0.0,0.0,0.0,0.0,0.0
6.08983135,DATA,1,0,0,0,0,0.0,0.0,0.5578347,1.55813658,-1.06383884,17.205637,-2.38998413,-2.628662,0.55,0.0,-0.05,0.0,0.0,0.0,0.0,0.0,0.0,0.0
6.145721,DATA,1,0,0,0,0,0.0,0.0,0.5591508,1.5587914,-1.064919,16.89731,-2.180664,-2.61489868,0.55,0.0,-0.05,0.0,0.0,0.0,0.0,0.0,0.0,0.0
6.201246,DATA,1,0,0,0,0,0.0,0.0,0.560202062,1.559089,-1.06596446,16.7285423,-2.020111,-2.66195679,0.55,0.0,-0.05,0.0,0.0,0.0,0.0,0.0,0.0,0.0
6.25703859,DATA,1,0,0,0,0,0.0,0.0,0.5607584,1.55894232,-1.06675816,17.0180988,-1.81616211,-2.577179,0.55,0.0,-0.05,0.0,0.0,0.0,0.0,0.0,0.0,0.0
6.31192541,DATA,1,0,0,0,0,0.0,0.0,0.561086535,1.55207968,-0.979124069,17.2310886,-1.715332,-2.62789917,0.55,-0.00636690855,0.03823218,0.0,0.0,0.0,1.0,0.0,0.0,0.0
6.367298,DATA,1,0,0,0,0,0.0,0.0,0.561202168,1.548208,-0.817160249,17.5636024,-1.64804077,-2.348755,0.55,-0.01000005,0.200171262,0.0,0.0,0.0,1.0,0.0,0.0,0.0
6.42304134,DATA,1,0,0,0,0,0.0,0.0,0.561087549,1.54768109,-0.648806453,17.8753,-1.75543213,-2.362854,0.55,-0.01000005,0.368160635,0.0,0.0,0.0,1.0,0.0,0.0,0.0
6.47930956,DATA,1,0,0,0,0,0.0,0.0,0.560870349,1.54684567,-0.481054366,18.2999229,-1.89086914,-2.3885498,0.55,-0.01000005,0.535481,0.0,0.0,0.0,1.0,0.0,0.0,0.0
6.534244,DATA,1,0,0,0,0,0.0,0.0,0.560549,1.54575181,-0.397651285,18.6958485,-2.07354736,-2.56259155,0.55,-0.01000005,0.618510664,0.0,0.0,0.0,0.0,0.0,0.0,0.0
6.58977461,DATA,1,0,0,0,0,0.0,0.0,0.560509443,1.5448792,-0.397498369,19.08245,-2.154419,-2.706665,0.55,-0.01000005,0.618510664,0.0,0.0,0.0,0.0,0.0,0.0,0.0
6.645083,DATA,1,0,0,0,0,0.0,0.0,0.5604154,1.54418039,-0.3975042,19.382761,-2.23294067,-2.960846,0.55,-0.01000005,0.618510664,0.0,0.0,0.0,0.0,0.0,0.0,0.0
6.701524,DATA,1,0,0,0,0,0.0,0.0,0.5605911,1.5436008,-0.3975693,19.6832943,-2.15301514,-2.91687,0.55,-0.01000005,0.618510664,0.0,0.0,0.0,0.0,0.0,0.0,0.0
6.75804234,DATA,1,0,0,0,0,0.0,0.0,0.560570955,1.54313016,-0.3974955,19.8871212,-2.08474731,-2.85012817,0.55,-0.01000005,0.618510664,0.0,0.0,0.0,0.0,0.0,0.0,0.0
6.811081,DATA,1,0,0,0,0,0.0,0.0,0.5606659,1.54267359,-0.3973919,19.9361057,-2.02127075,-2.68899536,0.55,-0.01000005,0.618510664,0.0,0.0,0.0,0.0,0.0,0.0,0.0
6.86778545,DATA,1,0,0,0,0,0.0,0.0,0.5608489,1.54259014,-0.397184849,20.0143166,-2.69845581,-2.68624878,0.55,-0.01000005,0.618510664,0.0,-0.9921262,0.12494278,0.0,0.0,0.0,0.0
6.922863,DATA,1,0,0,0,0,0.0,0.0,0.647883,1.54260993,-0.3923813,19.915741,-7.404236,-2.68847656,0.55,-0.01000005,0.618510664,-4.91772461,-0.9921262,0.12494278,0.0,0.0,0.0,0.0
6.978765,DATA,1,0,0,0,0,0.0,0.0,0.735785,1.54308653,-0.379791141,19.7937317,-11.9359741,-2.65267944,0.55,-0.01000005,0.618510664,-9.927063,-0.9922788,0.1236915,0.0,0.0,0.0,0.0
7.03373957,DATA,1,0,0,0,0,0.0,0.0,0.821961,1.5433836,-0.359878927,19.7692547,-16.25418,-2.592926,0.55,-0.01000005,0.618510664,-14.9047546,-0.9922788,0.1236915,0.0,0.0,0.0,0.0
7.08939362,DATA,1,0,0,0,0,0.0,0.0,0.906518757,1.543165,-0.3322861,19.83719,-20.9188843,-2.60562134,0.55,-0.01000005,0.618510664,-19.9199829,-0.9933775,0.11462754,0.0,0.0,0.0,0.0
7.14587,DATA,1,0,0,0,0,0.0,0.0,0.978498042,1.5428617,-0.3019192,19.9821129,-24.4645081,-2.580902,0.55,-0.01000005,0.618510664,-24.3460388,0.0,0.0,0.0,0.0,0.0,0.0
7.2004385,DATA,1,0,0,0,0,0.0,0.0,0.9780317,1.54232407,-0.301669419,20.2099056,-24.4950867,-2.60018921,0.55,-0.01000005,0.618510664,-24.3460388,0.0,0.0,0.0,0.0,0.0,0.0
7.25724,DATA,1,0,0,0,0,0.0,0.0,0.9775476,1.54184484,-0.3014471,20.415411,-24.5409546,-2.669464,0.55,-0.01000005,0.618510664,-24.3460388,0.0,0.0,0.0,0.0,0.0,0.0
7.311542,DATA,1,0,0,0,0,0.0,0.0,0.977049232,1.54176641,-0.301314682,20.41958,-24.644043,-2.6802063,0.55,-0.01000005,0.618510664,-24.3460388,0.0,0.0,0.0,0.0,0.0,0.0
7.36766434,DATA,1,0,0,0,0,0.0,0.0,0.942038953,1.54223716,-0.225113586,20.0011463,-24.6760559,-2.467163,0.515608549,-0.00999999,0.6945163,-24.3460388,0.0,0.0,1.0,0.0,0.0,0.0
7.42351341,DATA,1,0,0,0,0,0.0,0.0,0.8730413,1.54366946,-0.07387695,18.930584,-24.6607056,-2.28594971,0.447283834,-0.01000005,0.845515132,-24.3460388,0.0,0.0,1.0,0.0,0.0,0.0
7.47926235,DATA,1,0,0,0,0,0.0,0.0,0.803428948,1.54556239,0.07949919,17.5187,-24.40744,-1.8013,0.378007233,-0.00999999,0.9986176,-24.3460388,0.0,0.0,1.0,0.0,0.0,0.0
7.53708124,DATA,1,0,0,0,0,0.0,0.0,0.8240371,1.54674172,0.184077129,16.4965763,-28.653656,-1.48306274,0.3432463,-0.01000005,1.07543981,-27.848175,-0.9989013,0.0462050438,0.0,0.0,0.0,0.0
7.589416,DATA,1,0,0,0,0,0.0,0.0,0.8990571,1.5473125,0.22818476,16.3760185,-33.38275,-1.50817871,0.3432463,-0.01000005,1.07543981,-32.7935181,-0.991058052,-0.1332438,0.0,0.0,0.0,0.0
7.6447897,DATA,1,0,0,0,0,0.0,0.0,0.968937933,1.54727292,0.277602434,16.47355,-38.40265,-1.4196167,0.3432463,-0.01000005,1.07543981,-37.63852,-0.991058052,-0.1332438,0.0,0.0,0.0,0.0
7.701113,DATA,1,0,0,0,0,0.0,0.0,1.03614914,1.54668927,0.33465302,16.6928043,-43.7865,-1.460907,0.3432463,-0.01000005,1.07543981,-42.64856,-0.991058052,-0.1332438,0.0,0.0,0.0,0.0
7.75615454,DATA,1,0,0,0,0,0.0,0.0,1.09727013,1.54632068,0.396401763,16.9921589,-49.1812134,-1.62512207,0.3432463,-0.01000005,1.07543981,-47.5846558,-0.897793531,-0.0936918259,0.0,0.0,0.0,0.0
7.81184864,DATA,1,0,0,0,0,0.0,0.0,1.11954153,1.54623747,0.42134738,17.23881,-50.9612427,-1.64102173,0.3432463,-0.01000005,1.07543981,-49.5134277,0.0,0.0,0.0,0.0,0.0,0.0
7.86820745,DATA,1,0,0,0,0,0.0,0.0,1.12820053,1.546524,0.431135535,17.2993813,-53.2598877,-1.75320435,0.3432463,-0.01000005,1.07543981,-50.27365,-0.998413,-0.05633712,0.0,0.0,0.0,0.0
7.92307472,DATA,1,0,0,0,0,0.0,0.0,1.18129849,1.54731417,0.5014332,16.9255028,-58.81543,-1.61138916,0.3432463,-0.01000005,1.07543981,-55.2843,-0.9988403,-0.04739523,0.0,0.0,0.0,0.0
7.97881842,DATA,1,0,0,0,0,0.0,0.0,1.22840142,1.54830861,0.5767209,16.3939514,-64.30539,-1.54632568,0.3432463,-0.01000005,1.07543981,-60.3279724,-0.999359131,0.0349131823,0.0,0.0,0.0,0.0
8.0346,DATA,1,0,0,0,0,0.0,0.0,1.26903927,1.54906058,0.6563182,15.9515486,-69.69568,-1.47589111,0.3432463,-0.01000005,1.07543981,-65.39368,-0.9987487,0.0496841073,0.0,0.0,0.0,0.0
8.089636,DATA,1,0,0,0,0,0.0,0.0,1.30189419,1.54958749,0.737535954,15.5638685,-74.79468,-1.42468262,0.3432463,-0.01000005,1.07543981,-70.34241,-0.9953612,0.0957976,0.0,0.0,0.0,0.0
8.145557,DATA,1,0,0,0,0,0.0,0.0,1.32746458,1.54990387,0.820630968,15.3191738,-79.714386,-1.40710449,0.3432463,-0.01000005,1.07543981,-75.2343445,-0.9936827,0.112063944,0.0,0.0,0.0,0.0
8.201556,DATA,1,0,0,0,0,0.0,0.0,1.34584463,1.54998159,0.9074336,15.1036348,-84.686554,-1.43115234,0.3432463,-0.01000005,1.07543981,-80.22418,-0.992584,0.121158481,0.0,0.0,0.0,0.0
8.256949,DATA,1,0,0,0,0,0.0,0.0,1.35653436,1.55017233,0.995494843,14.9911108,-89.6464844,-1.49411011,0.3432463,-0.01000005,1.07543981,-85.20691,-0.992584,0.121158481,0.0,0.0,0.0,0.0
8.3118515,DATA,1,0,0,0,0,0.0,0.0,1.359341,1.55024171,1.08437717,14.8937893,-94.6383362,-1.64550781,0.3432463,-0.01000005,1.07543981,-90.19803,-0.992584,0.121158481,0.0,0.0,0.0,0.0
8.367156,DATA,1,0,0,0,0,0.0,0.0,1.35466373,1.5502882,1.17153311,14.8269644,-99.71597,-1.81491089,0.3432463,-0.01000005,1.07543981,-95.09912,-0.992584,0.121158481,0.0,0.0,0.0,0.0
8.423431,DATA,1,0,0,0,0,0.0,0.0,1.34223747,1.55046129,1.25956655,14.714179,-104.874268,-1.91577148,0.3432463,-0.01000005,1.07543981,-100.098083,-0.992584,0.121158481,0.0,0.0,0.0,0.0
8.479134,DATA,1,0,0,0,0,0.0,0.0,1.322498,1.55060458,1.34540367,14.6535664,-109.995468,-2.10394287,0.3432463,-0.01000005,1.07543981,-105.045471,-0.992584,0.121158481,0.0,0.0,0.0,0.0
8.534085,DATA,1,0,0,0,0,0.0,0.0,1.29537845,1.55059,1.429471,14.5336237,-115.0636,-2.30542,0.3432463,-0.01000005,1.07543981,-110.006882,-0.992584,0.121158481,0.0,0.0,0.0,0.0
8.589897,DATA,1,0,0,0,0,0.0,0.0,1.26047146,1.55078721,1.51223266,14.4296112,-120.241119,-2.40057373,0.3432463,-0.01000005,1.07543981,-115.057007,-0.992584,0.121158481,0.0,0.0,0.0,0.0
8.64555,DATA,1,0,0,0,0,0.0,0.0,1.22009933,1.550766,1.5887779,14.3420677,-125.379883,-2.48825073,0.3432463,-0.01000005,1.07543981,-119.926575,-0.9924009,0.122867525,0.0,0.0,0.0,0.0
8.701425,DATA,1,0,0,0,0,0.0,0.0,1.17239773,1.55046558,1.663095,14.3074293,-130.499374,-2.548462,0.3432463,-0.01000005,1.07543981,-124.891388,-0.991973639,0.126285613,0.0,0.0,0.0,0.0
8.756568,DATA,1,0,0,0,0,0.0,0.0,1.117528,1.55021358,1.73367167,14.3878241,-135.480667,-2.72341919,0.3432463,-0.01000005,1.07543981,-129.91217,-0.9908139,0.135166466,0.0,0.0,0.0,0.0
8.811627,DATA,1,0,0,0,0,0.0,0.0,1.0575068,1.55014873,1.79844916,14.4984579,-140.336487,-2.74258423,0.3432463,-0.01000005,1.07543981,-134.873444,-0.9891964,0.1463973,0.0,0.0,0.0,0.0
8.867105,DATA,1,0,0,0,0,0.0,0.0,0.939346731,1.550009,1.79649818,14.5771809,-145.182419,-2.821289,0.289106548,-0.01000005,1.01545,-139.731277,-0.983306348,0.181737721,1.0,0.0,0.0,0.0
8.923552,DATA,1,0,0,0,0,0.0,0.0,0.767747045,1.54977727,1.71880949,14.6434355,-150.085556,-2.79827881,0.18600598,-0.01000005,0.8855631,-144.589127,-0.9640492,0.265663624,1.0,0.0,0.0,0.0
8.979667,DATA,1,0,0,0,0,0.0,0.0,0.6013124,1.5497328,1.62409914,14.7208767,-154.913773,-2.83859253,0.09244762,-0.01000011,0.744651258,-149.454941,-0.947813332,0.3187353,1.0,0.0,0.0,0.0
9.035226,DATA,1,0,0,0,0,0.0,0.0,0.444868356,1.54949641,1.5150187,14.8104134,-159.653412,-2.89312744,0.0110765919,-0.01000005,0.596303463,-154.242813,-0.9284341,0.371349216,1.0,0.0,0.0,0.0
9.089501,DATA,1,0,0,0,0,0.0,0.0,0.3038522,1.549413,1.39679074,14.8874817,-164.128433,-2.93145752,-0.0556847081,-0.01000011,0.4467097,-158.795975,-0.9211402,0.389172018,1.0,0.0,0.0,0.0
9.145297,DATA,1,0,0,0,0,0.0,0.0,0.172540888,1.54913139,1.2665627,14.9076309,-168.8051,-2.97332764,-0.110777043,-0.01000011,0.2911005,-163.349915,-0.918363,0.395611465,1.0,0.0,0.0,0.0
9.201833,DATA,1,0,0,0,0,0.0,0.0,0.0505176261,1.549196,1.12466371,14.9364939,-173.424255,-2.932373,-0.1538011,-0.01000005,0.129689455,-167.9534,-0.918363,0.395611465,1.0,0.0,0.0,0.0
9.256531,DATA,1,0,0,0,0,0.0,0.0,-0.05906529,1.54898572,0.9743644,14.9955835,-177.993286,-2.9100647,-0.183636948,-0.01000005,-0.03390906,-172.53627,-0.918363,0.395611465,1.0,0.0,0.0,0.0
9.312328,DATA,1,0,0,0,0,0.0,0.0,-0.157210335,1.54899073,0.8144288,15.0400391,177.350876,-2.935089,-0.200373814,-0.01000005,-0.200671792,-177.161819,-0.9220557,0.3869747,1.0,0.0,0.0,0.0
9.366735,DATA,1,0,0,0,0,0.0,0.0,-0.242150277,1.548872,0.648005664,15.0535479,172.705887,-3.02120972,-0.203592792,-0.01000005,-0.3674415,178.21344,-0.928250968,0.371898532,1.0,0.0,0.0,0.0
9.422614,DATA,1,0,0,0,0,0.0,0.0,-0.3191371,1.54881918,0.561081052,15.0666018,167.933838,-3.02633667,-0.200276256,-0.01000011,-0.4482956,173.658646,-0.931516469,0.363567,0.0,0.0,0.0,0.0
9.478057,DATA,1,0,0,0,0,0.0,0.0,-0.40106374,1.54894948,0.5482503,15.031249,163.1915,-2.995697,-0.200276256,-0.01000011,-0.4482956,168.975082,-0.941587567,0.3367412,0.0,0.0,0.0,0.0
9.533689,DATA,1,0,0,0,0,0.0,0.0,-0.4824375,1.54915273,0.5285133,14.9623718,158.390778,-2.99084473,-0.200276256,-0.01000011,-0.4482956,164.252029,-0.941068769,0.3381756,0.0,0.0,0.0,0.0
9.588583,DATA,1,0,0,0,0,0.0,0.0,-0.5610787,1.54942322,0.5024707,14.88421,153.659744,-3.02203369,-0.200276256,-0.01000011,-0.4482956,159.581055,-0.9396954,0.341929376,0.0,0.0,0.0,0.0
9.644339,DATA,1,0,0,0,0,0.0,0.0,-0.6376145,1.54950273,0.470054775,14.8424091,148.9293,-2.97006226,-0.200276256,-0.01000011,-0.4482956,154.893066,-0.931669056,0.363200784,0.0,0.0,0.0,0.0
9.70068,DATA,1,0,0,0,0,0.0,0.0,-0.6533176,1.54960251,0.320939243,14.8254929,144.202835,-2.99325562,-0.142763317,-0.009999931,-0.5590016,150.238266,-0.9201636,0.39139986,1.0,0.0,0.0,0.0
9.755564,DATA,1,0,0,0,0,0.0,0.0,-0.6348415,1.54949141,0.13540566,14.8398085,139.714615,-2.94543457,-0.0556916036,-0.01000005,-0.701205254,145.669357,-0.906582832,0.422009945,1.0,0.0,0.0,0.0
9.811153,DATA,1,0,0,0,0,0.0,0.0,-0.6010936,1.54931116,-0.0488201,14.9108391,135.201431,-2.94497681,0.0429020375,-0.01000005,-0.8367082,141.11058,-0.906582832,0.422009945,1.0,0.0,0.0,0.0
9.866671,DATA,1,0,0,0,0,0.0,0.0,-0.5537469,1.54911447,-0.226355612,15.024847,130.711273,-3.00228882,0.149835929,-0.00999999,-0.9616208,136.637329,-0.906582832,0.422009945,1.0,0.0,0.0,0.0
9.922389,DATA,1,0,0,0,0,0.0,0.0,-0.4917866,1.54891944,-0.403080136,15.1154957,126.13726,-3.055664,0.268243253,-0.01000005,-1.07973325,132.062057,-0.919003844,0.394116044,1.0,0.0,0.0,0.0
9.97804451,DATA,1,0,0,0,0,0.0,0.0,-0.498717,1.54869533,-0.478674531,15.1925077,123.522743,-3.11862183,0.300326467,-0.01000005,-1.10868406,128.622635,0.0,0.0,0.0,0.0,0.0,0.0
10.0327549,DATA,1,0,0,0,0,0.0,0.0,-0.498652846,1.54854321,-0.478856117,15.3165846,123.577194,-3.16540527,0.300326467,-0.01000005,-1.10868406,128.622635,0.0,0.0,0.0,0.0,0.0,0.0
10.0885143,DATA,1,0,0,0,0,0.0,0.0,-0.4984699,1.54824591,-0.47896412,15.4769011,123.654495,-3.328003,0.300326467,-0.01000005,-1.10868406,128.622635,0.0,0.0,0.0,0.0,0.0,0.0
10.1441383,DATA,1,0,0,0,0,0.0,0.0,-0.498145163,1.54805732,-0.479174584,15.5413208,123.646477,-3.37271118,0.300326467,-0.01000005,-1.10868406,128.622635,0.0,0.0,0.0,0.0,0.0,0.0
10.1999607,DATA,1,0,0,0,0,0.0,0.0,-0.4978763,1.54782629,-0.479452968,15.650569,123.661385,-3.39749146,0.300326467,-0.01000005,-1.10868406,128.622635,0.0,0.0,0.0,0.0,0.0,0.0
10.2551479,DATA,1,0,0,0,0,0.0,0.0,-0.497704834,1.54760337,-0.479764432,15.7730465,123.768341,-3.4006958,0.300326467,-0.01000005,-1.10868406,128.622635,0.0,0.0,0.0,0.0,0.0,0.0
10.3105726,DATA,1,0,0,0,0,0.0,0.0,-0.497572839,1.54743576,-0.480022758,15.8922844,123.886246,-3.34625244,0.300326467,-0.01000005,-1.10868406,128.622635,0.0,0.0,0.0,0.0,0.0,0.0
10.3662472,DATA,1,0,0,0,0,0.0,0.0,-0.4975081,1.54742742,-0.480204016,16.0266018,124.05,-3.22003174,0.300326467,-0.01000005,-1.10868406,128.622635,0.0,0.0,0.0,0.0,0.0,0.0
10.4220514,DATA,1,0,0,0,0,0.0,0.0,-0.49767828,1.54719138,-0.480433583,16.2327576,124.197525,-3.20974731,0.300326467,-0.01000005,-1.10868406,128.622635,0.0,0.0,0.0,0.0,0.0,0.0
10.4777327,DATA,1,0,0,0,0,0.0,0.0,-0.497935981,1.54699993,-0.480529815,16.5220356,124.370537,-3.23904419,0.300326467,-0.01000005,-1.10868406,128.622635,0.0,0.0,0.0,0.0,0.0,0.0
10.5323191,DATA,1,0,0,0,0,0.0,0.0,-0.4982316,1.54678607,-0.480688542,16.70572,124.482483,-3.28179932,0.300326467,-0.01000005,-1.10868406,128.622635,0.0,0.0,0.0,0.0,0.0,0.0
10.5885773,DATA,1,0,0,0,0,0.0,0.0,-0.498346776,1.54669666,-0.4805083,16.7972565,124.530823,-3.24502563,0.300326467,-0.01000005,-1.10868406,128.622635,0.0,0.0,0.0,0.0,0.0,0.0
10.6458817,DATA,1,0,0,0,0,0.0,0.0,-0.4986392,1.54677558,-0.480338752,16.8823547,124.612022,-3.17315674,0.300326467,-0.01000005,-1.10868406,128.622635,0.0,0.0,0.0,0.0,0.0,0.0
10.7001276,DATA,1,0,0,0,0,0.0,0.0,-0.498896837,1.54680634,-0.479920983,16.9710541,124.732574,-3.03244019,0.300326467,-0.01000005,-1.10868406,128.622635,0.0,0.0,0.0,0.0,0.0,0.0
10.7553692,DATA,1,0,0,0,0,0.0,0.0,-0.499060959,1.54692125,-0.479657948,17.0443554,124.800819,-2.898407,0.300326467,-0.01000005,-1.10868406,128.622635,0.0,0.0,0.0,0.0,0.0,0.0
10.8106241,DATA,1,0,0,0,0,0.0,0.0,-0.499069721,1.54689407,-0.4794127,17.0218468,124.868523,-2.84408569,0.300326467,-0.01000005,-1.10868406,128.622635,0.0,0.0,0.0,0.0,0.0,0.0
10.86611,DATA,1,0,0,0,0,0.0,0.0,-0.499074042,1.54683018,-0.479345322,17.0521984,124.964363,-2.75140381,0.300326467,-0.01000005,-1.10868406,128.622635,0.0,0.0,0.0,0.0,0.0,0.0
10.9229527,DATA,1,0,0,0,0,0.0,0.0,-0.499114484,1.54665065,-0.479326129,17.1355782,125.103958,-2.78952026,0.300326467,-0.01000005,-1.10868406,128.622635,0.0,0.0,0.0,0.0,0.0,0.0
10.9775133,DATA,1,0,0,0,0,0.0,0.0,-0.49915266,1.5464108,-0.479309052,17.2537,125.214088,-2.74383545,0.300326467,-0.01000005,-1.10868406,128.622635,0.0,0.0,0.0,0.0,0.0,0.0
11.0288506,DATA,1,0,0,0,0,0.0,0.0,-0.499123782,1.54618573,-0.479314744,17.3404,125.28344,-2.71740723,0.300326467,-0.01000005,-1.10868406,128.622635,0.0,0.0,0.0,0.0,0.0,0.0
11.087738,DATA,1,0,0,0,0,0.0,0.0,-0.498880029,1.5460546,-0.479317218,17.4199314,125.274193,-2.77041626,0.300326467,-0.01000005,-1.10868406,128.622635,0.0,0.0,0.0,0.0,0.0,0.0
11.1430244,DATA,1,0,0,0,0,0.0,0.0,-0.498804271,1.54591966,-0.479467243,17.4855556,125.289635,-2.735199,0.300326467,-0.01000005,-1.10868406,128.622635,0.0,0.0,0.0,0.0,0.0,0.0
11.19867,DATA,1,0,0,0,0,0.0,0.0,-0.498437583,1.54576254,-0.479661316,17.5436764,125.189827,-2.776947,0.300326467,-0.01000005,-1.10868406,128.622635,0.0,0.0,0.0,0.0,0.0,0.0
11.25415,DATA,1,0,0,0,0,0.0,0.0,-0.498314619,1.54578924,-0.4799017,17.5597019,125.166481,-2.762146,0.300326467,-0.01000005,-1.10868406,128.622635,0.0,0.0,0.0,0.0,0.0,0.0
11.3099976,DATA,1,0,0,0,0,0.0,0.0,-0.4980079,1.54557657,-0.4801348,17.600935,125.149269,-2.91400146,0.300326467,-0.01000005,-1.10868406,128.622635,0.0,0.0,0.0,0.0,0.0,0.0
11.366128,DATA,1,0,0,0,0,0.0,0.0,-0.498069823,1.54543853,-0.480315238,17.7142982,125.238785,-2.92471313,0.300326467,-0.01000005,-1.10868406,128.622635,0.0,0.0,0.0,0.0,0.0,0.0
11.42105,DATA,1,0,0,0,0,0.0,0.0,-0.497854173,1.54523635,-0.480493248,17.7212467,125.249786,-2.9854126,0.300326467,-0.01000005,-1.10868406,128.622635,0.0,0.0,0.0,0.0,0.0,0.0
11.4771242,DATA,1,0,0,0,0,0.0,0.0,-0.497773141,1.54524088,-0.4804538,17.7371635,125.217461,-2.89004517,0.300326467,-0.01000005,-1.10868406,128.622635,0.0,0.0,0.0,0.0,0.0,0.0
11.5326605,DATA,1,0,0,0,0,0.0,0.0,-0.497539431,1.54514313,-0.48039186,17.7306747,125.12841,-2.91867065,0.300326467,-0.01000005,-1.10868406,128.622635,0.0,0.0,0.0,0.0,0.0,0.0
11.5888367,DATA,1,0,0,0,0,0.0,0.0,-0.49746865,1.54518366,-0.48028332,17.7212734,125.066856,-2.963623,0.300326467,-0.01000005,-1.10868406,128.622635,0.0,0.0,0.0,0.0,0.0,0.0
11.6434336,DATA,1,0,0,0,0,0.0,0.0,-0.4972259,1.545207,-0.480158955,17.70971,124.952316,-2.894867,0.300326467,-0.01000005,-1.10868406,128.622635,0.0,0.0,0.0,0.0,0.0,0.0
11.6997175,DATA,1,0,0,0,0,0.0,0.0,-0.4970644,1.54521632,-0.4799687,17.7205734,124.97744,-2.86331177,0.300326467,-0.01000005,-1.10868406,128.622635,0.0,0.0,0.0,0.0,0.0,0.0
11.7553,DATA,1,0,0,0,0,0.0,0.0,-0.49695462,1.54515553,-0.479703724,17.7286415,124.966156,-2.82785034,0.300326467,-0.01000005,-1.10868406,128.622635,0.0,0.0,0.0,0.0,0.0,0.0
11.8103065,DATA,1,0,0,0,0,0.0,0.0,-0.496812165,1.5451622,-0.479406327,17.7064953,124.933411,-2.77490234,0.300326467,-0.01000005,-1.10868406,128.622635,0.0,0.0,0.0,0.0,0.0,0.0
11.8664637,DATA,1,0,0,0,0,0.0,0.0,-0.4968201,1.5451839,-0.479141057,17.6967926,124.912575,-2.74365234,0.300326467,-0.01000005,-1.10868406,128.622635,0.0,0.0,0.0,0.0,0.0,0.0
11.922204,DATA,1,0,0,0,0,0.0,0.0,-0.496635735,1.54515767,-0.4788876,17.6467342,124.793694,-2.777832,0.300326467,-0.01000005,-1.10868406,128.622635,0.0,0.0,0.0,0.0,0.0,0.0
11.9780159,DATA,1,0,0,0,0,0.0,0.0,-0.4964869,1.54526544,-0.478618562,17.593338,124.689247,-2.78292847,0.300326467,-0.01000005,-1.10868406,128.622635,0.0,0.0,0.0,0.0,0.0,0.0
12.0330906,DATA,1,0,0,0,0,0.0,0.0,-0.4961942,1.54524374,-0.4782898,17.5514336,124.573448,-2.74813843,0.300326467,-0.01000005,-1.10868406,128.622635,0.0,0.0,0.0,0.0,0.0,0.0
12.0882559,DATA,1,0,0,0,0,0.0,0.0,-0.4960367,1.54525232,-0.478097141,17.5266266,124.522453,-2.67306519,0.300326467,-0.01000005,-1.10868406,128.622635,0.0,0.0,0.0,0.0,0.0,0.0
12.1443729,DATA,1,0,0,0,0,0.0,0.0,-0.4959228,1.5452373,-0.478028685,17.5486374,124.542694,-2.64944458,0.300326467,-0.01000005,-1.10868406,128.622635,0.0,0.0,0.0,0.0,0.0,0.0
12.1993647,DATA,1,0,0,0,0,0.0,0.0,-0.495861471,1.545253,-0.4780166,17.5530128,124.517876,-2.61328125,0.300326467,-0.01000005,-1.10868406,128.622635,0.0,0.0,0.0,0.0,0.0,0.0
12.2558022,DATA,1,0,0,0,0,0.0,0.0,-0.495679,1.5451982,-0.477934867,17.5748177,124.545578,-2.63659668,0.300326467,-0.01000005,-1.10868406,128.622635,0.0,0.0,0.0,0.0,0.0,0.0
12.3104324,DATA,1,0,0,0,0,0.0,0.0,-0.495600045,1.54510713,-0.477952182,17.6121082,124.487373,-2.61807251,0.300326467,-0.01000005,-1.10868406,128.622635,0.0,0.0,0.0,0.0,0.0,0.0
12.3658838,DATA,1,0,0,0,0,0.0,0.0,-0.495561868,1.54511,-0.47794947,17.6336269,124.467155,-2.65539551,0.300326467,-0.01000005,-1.10868406,128.622635,0.0,0.0,0.0,0.0,0.0,0.0
12.421773,DATA,1,0,0,0,0,0.0,0.0,-0.495568871,1.54501152,-0.477947176,17.6471272,124.450089,-2.72155762,0.300326467,-0.01000005,-1.10868406,128.622635,0.0,0.0,0.0,0.0,0.0,0.0
12.4778137,DATA,1,0,0,0,0,0.0,0.0,-0.495622456,1.54499674,-0.477906257,17.6816063,124.4402,-2.648468,0.300326467,-0.01000005,-1.10868406,128.622635,0.0,0.0,0.0,0.0,0.0,0.0
12.5328569,DATA,1,0,0,0,0,0.0,0.0,-0.495606065,1.545032,-0.477792174,17.6578751,124.4369,-2.65646362,0.300326467,-0.01000005,-1.10868406,128.622635,0.0,0.0,0.0,0.0,0.0,0.0
12.58806,DATA,1,0,0,0,0,0.0,0.0,-0.4956301,1.54512262,-0.4777852,17.58812,124.398834,-2.64855957,0.300326467,-0.01000005,-1.10868406,128.622635,0.0,0.0,0.0,0.0,0.0,0.0
12.6441641,DATA,1,0,0,0,0,0.0,0.0,-0.495686471,1.54517126,-0.477709651,17.5803356,124.420517,-2.62612915,0.300326467,-0.01000005,-1.10868406,128.622635,0.0,0.0,0.0,0.0,0.0,0.0
12.70035,DATA,1,0,0,0,0,0.0,0.0,-0.495743752,1.545172,-0.477612376,17.5339413,124.398727,-2.62692261,0.300326467,-0.01000005,-1.10868406,128.622635,0.0,0.0,0.0,0.0,0.0,0.0
12.7555361,DATA,1,0,0,0,0,0.0,0.0,-0.495621651,1.54529881,-0.477393478,17.4499283,124.344917,-2.52462769,0.300326467,-0.01000005,-1.10868406,128.622635,0.0,0.0,0.0,0.0,0.0,0.0
12.8102121,DATA,1,0,0,0,0,0.0,0.0,-0.4955021,1.54542065,-0.477163345,17.33548,124.233818,-2.45541382,0.300326467,-0.01000005,-1.10868406,128.622635,0.0,0.0,0.0,0.0,0.0,0.0
12.86597,DATA,1,0,0,0,0,0.0,0.0,-0.495344162,1.54558611,-0.476957858,17.2992916,124.170807,-2.42382813,0.300326467,-0.01000005,-1.10868406,128.622635,0.0,0.0,0.0,0.0,0.0,0.0
12.9205055,DATA,1,0,0,0,0,0.0,0.0,-0.495339066,1.54551244,-0.476834178,17.3292961,124.178375,-2.42810059,0.300326467,-0.01000005,-1.10868406,128.622635,0.0,0.0,0.0,0.0,0.0,0.0
12.97805,DATA,1,0,0,0,0,0.0,0.0,-0.495115876,1.54539156,-0.4766569,17.361248,124.147034,-2.40313721,0.300326467,-0.01000005,-1.10868406,128.622635,0.0,0.0,0.0,0.0,0.0,0.0
13.0351715,DATA,1,0,0,0,0,0.0,0.0,-0.494930744,1.54534316,-0.476600826,17.37869,124.200218,-2.350647,0.300326467,-0.01000005,-1.10868406,128.622635,0.0,0.0,0.0,0.0,0.0,0.0
13.0900755,DATA,1,0,0,0,0,0.0,0.0,-0.494728953,1.54520059,-0.47659722,17.4137363,124.260605,-2.290924,0.300326467,-0.01000005,-1.10868406,128.622635,0.0,0.0,0.0,0.0,0.0,0.0
13.1456852,DATA,1,0,0,0,0,0.0,0.0,-0.494399756,1.544863,-0.476868957,17.3219547,124.35495,-1.92034912,0.300326467,-0.01000005,-1.10868406,128.622635,0.0,0.0,0.0,0.0,0.0,0.0
13.2013807,DATA,1,0,0,0,0,0.0,0.0,-0.493317723,1.54491711,-0.477826267,17.134882,124.270325,-0.922149658,0.300326467,-0.01000005,-1.10868406,128.622635,0.0,0.0,0.0,0.0,0.0,0.0
13.2568159,DATA,1,0,0,0,0,0.0,0.0,-0.491184682,1.54573059,-0.479512125,17.38507,124.090439,0.423733324,0.300326467,-0.01000005,-1.10868406,128.622635,0.0,0.0,0.0,0.0,0.0,0.0
13.3120575,DATA,1,0,0,0,0,0.0,0.0,-0.48681277,1.54729056,-0.4827932,18.7001781,124.256828,2.24846959,0.300326467,-0.01000005,-1.10868406,128.622635,0.0,0.0,0.0,0.0,0.0,0.0
13.3673248,DATA,1,0,0,0,0,0.0,0.0,-0.4796167,1.54824924,-0.487640649,21.1698856,123.741,3.392403,0.300326467,-0.01000005,-1.10868406,128.622635,0.0,0.0,0.0,0.0,0.0,0.0
13.4226637,DATA,1,0,0,0,0,0.0,0.0,-0.46902597,1.5494628,-0.4923653,25.5777473,124.405739,4.738703,0.300326467,-0.01000005,-1.10868406,128.622635,0.0,0.0,0.0,0.0,0.0,0.0
13.4772129,DATA,1,0,0,0,0,0.0,0.0,-0.45647496,1.54866123,-0.49631536,30.6893139,125.363235,5.8777833,0.300326467,-0.01000005,-1.10868406,128.622635,0.0,0.0,0.0,0.0,0.0,0.0
13.532424,DATA,1,0,0,0,0,0.0,0.0,-0.442575037,1.5469172,-0.498160332,35.28993,125.933022,8.8502,0.300326467,-0.01000005,-1.10868406,128.622635,0.0,0.0,0.0,0.0,0.0,0.0
13.5879755,DATA,1,0,0,0,0,0.0,0.0,-0.428139269,1.54474115,-0.496077,39.0012779,125.9971,13.57271,0.300326467,-0.01000005,-1.10868406,128.622635,0.0,0.0,0.0,0.0,0.0,0.0
13.6432228,DATA,1,0,0,0,0,0.0,0.0,-0.413004458,1.54245186,-0.490926921,42.6011276,127.255035,20.0110779,0.300326467,-0.01000005,-1.10868406,128.622635,0.0,0.0,0.0,0.0,0.0,0.0
13.6986437,DATA,1,0,0,0,0,0.0,0.0,-0.399056852,1.53887224,-0.484164,46.0638657,129.35051,25.9702778,0.300326467,-0.01000005,-1.10868406,128.622635,0.0,0.0,0.0,0.0,0.0,0.0
13.754014,DATA,1,0,0,0,0,0.0,0.0,-0.387384981,1.53367257,-0.476324528,48.44342,130.74,29.5550251,0.300326467,-0.01000005,-1.10868406,128.622635,0.0,0.0,0.0,0.0,0.0,0.0
13.8098259,DATA,1,0,0,0,0,0.0,0.0,-0.379696131,1.52777314,-0.468494326,49.73826,131.4045,31.320673,0.300326467,-0.01000005,-1.10868406,128.622635,0.0,0.0,0.0,0.0,0.0,0.0
13.8650074,DATA,1,0,0,0,0,0.0,0.0,-0.376208723,1.52238965,-0.46137476,50.2803535,131.368866,32.01972,0.300326467,-0.01000005,-1.10868406,128.622635,0.0,0.0,0.0,0.0,0.0,0.0
13.9215345,DATA,1,0,0,0,0,0.0,0.0,-0.375639439,1.5177319,-0.4558408,50.5470848,130.456345,32.0251541,0.300326467,-0.01000005,-1.10868406,128.622635,0.0,0.0,0.0,0.0,0.0,0.0
13.977931,DATA,1,0,0,0,0,0.0,0.0,-0.375789464,1.51379108,-0.451939434,51.1825752,128.851059,31.9078751,0.300326467,-0.01000005,-1.10868406,128.622635,0.0,0.0,0.0,0.0,0.0,0.0
14.03352,DATA,1,0,0,0,0,0.0,0.0,-0.3753256,1.51028371,-0.44921267,51.8785133,127.127625,32.07917,0.300326467,-0.01000005,-1.10868406,128.622635,0.0,0.0,0.0,0.0,0.0,0.0
14.0888472,DATA,1,0,0,0,0,0.0,0.0,-0.37428686,1.50751948,-0.448012561,52.19927,126.276016,32.8606377,0.300326467,-0.01000005,-1.10868406,128.622635,0.0,0.0,0.0,0.0,0.0,0.0
14.1442509,DATA,1,0,0,0,0,0.0,0.0,-0.372616559,1.50567651,-0.447563648,52.09778,125.356842,32.6441727,0.300326467,-0.01000005,-1.10868406,128.622635,0.0,0.0,0.0,0.0,0.0,0.0
14.200408,DATA,1,0,0,0,0,0.0,0.0,-0.37096566,1.504108,-0.4477924,52.4139824,125.965714,32.6590919,0.300326467,-0.01000005,-1.10868406,128.622635,0.0,0.0,0.0,0.0,0.0,0.0
14.2562475,DATA,1,0,0,0,0,0.0,0.0,-0.3692438,1.50336671,-0.447768331,52.8460464,127.3047,32.54157,0.300326467,-0.01000005,-1.10868406,128.622635,0.0,0.0,0.0,0.0,0.0,0.0
14.31143,DATA,1,0,0,0,0,0.0,0.0,-0.3685888,1.50277376,-0.448640376,53.2117271,128.926926,32.4531326,0.300326467,-0.01000005,-1.10868406,128.622635,0.0,0.0,0.0,0.0,0.0,0.0
14.3673058,DATA,1,0,0,0,0,0.0,0.0,-0.368239731,1.50207853,-0.448771715,53.57668,129.355286,31.5829182,0.300326467,-0.01000005,-1.10868406,128.622635,0.0,0.0,0.0,0.0,0.0,0.0
14.422493,DATA,1,0,0,0,0,0.0,0.0,-0.3687206,1.50071931,-0.4496079,53.3458939,128.545715,30.9569,0.300326467,-0.01000005,-1.10868406,128.622635,0.0,0.0,0.0,0.0,0.0,0.0
14.4780531,DATA,1,0,0,0,0,0.0,0.0,-0.368354529,1.50042558,-0.450943351,53.1969833,126.684616,30.2576733,0.300326467,-0.01000005,-1.10868406,128.622635,0.0,0.0,0.0,0.0,0.0,0.0
14.53387,DATA,1,0,0,0,0,0.0,0.0,-0.368250579,1.50160885,-0.453303844,53.1205635,126.175354,30.88631,0.300326467,-0.01000005,-1.10868406,128.622635,0.0,0.0,0.0,0.0,0.0,0.0
14.58885,DATA,1,0,0,0,0,0.0,0.0,-0.368282855,1.50224233,-0.4547821,53.324604,125.868134,30.6950626,0.300326467,-0.01000005,-1.10868406,128.622635,0.0,0.0,0.0,0.0,0.0,0.0
14.644968,DATA,1,0,0,0,0,0.0,0.0,-0.3682665,1.5022676,-0.455196351,53.9582748,127.0756,31.2497082,0.300326467,-0.01000005,-1.10868406,128.622635,0.0,0.0,0.0,0.0,0.0,0.0
14.700881,DATA,1,0,0,0,0,0.0,0.0,-0.368416,1.50122857,-0.454224944,54.2267075,127.9541,31.3587418,0.300326467,-0.01000005,-1.10868406,128.622635,0.0,0.0,0.0,0.0,0.0,0.0
14.7560492,DATA,1,0,0,0,0,0.0,0.0,-0.367787868,1.501045,-0.4531147,54.25153,128.291061,31.2257614,0.300326467,-0.01000005,-1.10868406,128.622635,0.0,0.0,0.0,0.0,0.0,0.0
14.8111744,DATA,1,0,0,0,0,0.0,0.0,-0.366162062,1.50167513,-0.452689946,54.06057,127.7912,31.0623589,0.300326467,-0.01000005,-1.10868406,128.622635,0.0,0.0,0.0,0.0,0.0,0.0
14.8666945,DATA,1,0,0,0,0,0.0,0.0,-0.363598,1.50349545,-0.452968776,53.99332,127.038628,31.1479988,0.300326467,-0.01000005,-1.10868406,128.622635,0.0,0.0,0.0,0.0,0.0,0.0
14.9224386,DATA,1,0,0,0,0,0.0,0.0,-0.360836118,1.50461531,-0.454225928,54.0686035,126.133881,31.25607,0.300326467,-0.01000005,-1.10868406,128.622635,0.0,0.0,0.0,0.0,0.0,0.0
14.980422,DATA,1,0,0,0,0,0.0,0.0,-0.357392132,1.50454354,-0.454230458,54.019558,126.721664,32.5201225,0.300326467,-0.01000005,-1.10868406,128.622635,0.0,0.0,0.0,0.0,0.0,0.0
15.0332365,DATA,1,0,0,0,0,0.0,0.0,-0.3536827,1.50415778,-0.454839,54.95266,128.342255,33.9910049,0.300326467,-0.01000005,-1.10868406,128.622635,0.0,0.0,0.0,0.0,0.0,0.0
15.0892935,DATA,1,0,0,0,0,0.0,0.0,-0.349971652,1.50367093,-0.4547919,55.66578,130.765945,35.9485626,0.300326467,-0.01000005,-1.10868406,128.622635,0.0,0.0,0.0,0.0,0.0,0.0
15.14375,DATA,1,0,0,0,0,0.0,0.0,-0.3468969,1.5032959,-0.455527067,55.9435463,132.048447,36.5746727,0.300326467,-0.01000005,-1.10868406,128.622635,0.0,0.0,0.0,0.0,0.0,0.0
15.2026281,DATA,1,0,0,0,0,0.0,0.0,-0.344317317,1.50378871,-0.4562238,56.3483772,132.635208,36.7893944,0.300326467,-0.01000005,-1.10868406,128.622635,0.0,0.0,0.0,0.0,0.0,0.0
15.2561159,DATA,1,0,0,0,0,0.0,0.0,-0.342499673,1.50419188,-0.4573217,56.78257,132.488113,36.67049,0.300326467,-0.01000005,-1.10868406,128.622635,0.0,0.0,0.0,0.0,0.0,0.0
15.3111677,DATA,1,0,0,0,0,0.0,0.0,-0.341435224,1.50404477,-0.4580186,57.0497246,131.380219,36.1469345,0.300326467,-0.01000005,-1.10868406,128.622635,0.0,0.0,0.0,0.0,0.0,0.0
15.3670187,DATA,1,0,0,0,0,0.0,0.0,-0.340678126,1.50337839,-0.458651036,57.3014069,130.5235,35.96374,0.300326467,-0.01000005,-1.10868406,128.622635,0.0,0.0,0.0,0.0,0.0,0.0
15.4225082,DATA,1,0,0,0,0,0.0,0.0,-0.340029418,1.5021112,-0.4587366,57.34461,130.532959,36.4367561,0.300326467,-0.01000005,-1.10868406,128.622635,0.0,0.0,0.0,0.0,0.0,0.0
15.4781351,DATA,1,0,0,0,0,0.0,0.0,-0.3389048,1.50154328,-0.4590452,57.5803528,130.953964,36.74075,0.300326467,-0.01000005,-1.10868406,128.622635,0.0,0.0,0.0,0.0,0.0,0.0
15.5334511,DATA,1,0,0,0,0,0.0,0.0,-0.337422669,1.50148034,-0.459044218,57.9778481,131.95105,37.5474777,0.300326467,-0.01000005,-1.10868406,128.622635,0.0,0.0,0.0,0.0,0.0,0.0
15.5889063,DATA,1,0,0,0,0,0.0,0.0,-0.3358823,1.501302,-0.458577156,58.1325264,131.98204,37.5986862,0.300326467,-0.01000005,-1.10868406,128.622635,0.0,0.0,0.0,0.0,0.0,0.0
15.64464,DATA,1,0,0,0,0,0.0,0.0,-0.3344359,1.50130033,-0.458512127,58.15323,131.626877,37.5605736,0.300326467,-0.01000005,-1.10868406,128.622635,0.0,0.0,0.0,0.0,0.0,0.0
15.7003059,DATA,1,0,0,0,0,0.0,0.0,-0.3010028,1.50167441,-0.483642727,58.47769,131.2302,37.4620628,0.331897736,-0.01000005,-1.13390756,128.622635,0.0,0.0,1.0,0.0,0.0,0.0
15.7555008,DATA,1,0,0,0,0,0.0,0.0,-0.172377735,1.5020678,-0.585304856,58.83922,131.5785,37.8905373,0.45915103,-0.01000005,-1.23557484,128.622635,0.0,0.0,1.0,0.0,0.0,0.0
15.8116808,DATA,1,0,0,0,0,0.0,0.0,-0.0701081753,1.50231814,-0.6651701,59.31665,132.8595,39.1969948,0.559895,-0.00999999,-1.31606293,128.622635,0.0,0.0,0.0,0.0,0.0,0.0
15.86674,DATA,1,0,0,0,0,0.0,0.0,-0.06892097,1.50272632,-0.665063441,59.3726234,134.506,40.8994,0.559895,-0.00999999,-1.31606293,128.622635,0.0,0.0,0.0,0.0,0.0,0.0
15.9227085,DATA,1,0,0,0,0,0.0,0.0,-0.06782916,1.503422,-0.66514504,59.4004059,134.699615,41.0772,0.559895,-0.00999999,-1.31606293,128.622635,0.0,0.0,0.0,0.0,0.0,0.0
15.9777145,DATA,1,0,0,0,0,0.0,0.0,-0.0668942,1.50429964,-0.665113032,59.46024,134.652847,41.1183968,0.559895,-0.00999999,-1.31606293,128.622635,0.0,0.0,0.0,0.0,0.0,0.0
16.0331135,DATA,1,0,0,0,0,0.0,0.0,-0.06604141,1.5050056,-0.665494,59.62894,134.179916,40.81218,0.559895,-0.00999999,-1.31606293,128.622635,0.0,0.0,0.0,0.0,0.0,0.0
16.08849,DATA,1,0,0,0,0,0.0,0.0,-0.06575984,1.50533342,-0.6664789,59.72954,133.027466,39.93945,0.559895,-0.00999999,-1.31606293,128.622635,0.0,0.0,0.0,0.0,0.0,0.0
16.14458,DATA,1,0,0,0,0,0.0,0.0,-0.06559898,1.50504065,-0.667883635,59.6905479,132.2051,39.2665253,0.559895,-0.00999999,-1.31606293,128.622635,0.0,0.0,0.0,0.0,0.0,0.0
16.200037,DATA,1,0,0,0,0,0.0,0.0,-0.06521529,1.50490868,-0.6696725,59.77537,132.366776,39.2779846,0.559895,-0.00999999,-1.31606293,128.622635,0.0,0.0,0.0,0.0,0.0,0.0
16.2559662,DATA,1,0,0,0,0,0.0,0.0,-0.06441052,1.50495648,-0.6716291,60.1479721,133.068008,39.46965,0.559895,-0.00999999,-1.31606293,128.622635,0.0,0.0,0.0,0.0,0.0,0.0
16.3110752,DATA,1,0,0,0,0,0.0,0.0,-0.06325999,1.50427246,-0.6730627,60.5314178,133.424927,39.4357147,0.559895,-0.00999999,-1.31606293,128.622635,0.0,0.0,0.0,0.0,0.0,0.0
16.3664837,DATA,1,0,0,0,0,0.0,0.0,-0.0618647039,1.50308347,-0.674010336,60.976017,133.435547,39.26025,0.559895,-0.00999999,-1.31606293,128.622635,0.0,0.0,0.0,0.0,0.0,0.0
16.42253,DATA,1,0,0,0,0,0.0,0.0,-0.06023857,1.50170779,-0.6748237,61.2782,132.925583,38.78584,0.559895,-0.00999999,-1.31606293,128.622635,0.0,0.0,0.0,0.0,0.0,0.0
16.4776688,DATA,1,0,0,0,0,0.0,0.0,-0.0591209233,1.50084853,-0.676241,61.6446037,132.419891,38.4575043,0.559895,-0.00999999,-1.31606293,128.622635,0.0,0.0,0.0,0.0,0.0,0.0
16.53325,DATA,1,0,0,0,0,0.0,0.0,-0.05788842,1.50012052,-0.6778189,61.9312,132.523819,38.88473,0.559895,-0.00999999,-1.31606293,128.622635,0.0,0.0,0.0,0.0,0.0,0.0
16.5885887,DATA,1,0,0,0,0,0.0,0.0,-0.0575232953,1.49948025,-0.6797902,62.1366959,132.13884,38.6504021,0.559895,-0.00999999,-1.31606293,128.622635,0.0,0.0,0.0,0.0,0.0,0.0
16.64426,DATA,1,0,0,0,0,0.0,0.0,-0.05763617,1.49885726,-0.681325436,62.5354767,132.24559,38.5361938,0.559895,-0.00999999,-1.31606293,128.622635,0.0,0.0,0.0,0.0,0.0,0.0
16.7007256,DATA,1,0,0,0,0,0.0,0.0,-0.0584407449,1.49806142,-0.682168961,62.6134644,132.305267,37.9595146,0.559895,-0.00999999,-1.31606293,128.622635,0.0,0.0,0.0,0.0,0.0,0.0
16.7560825,DATA,1,0,0,0,0,0.0,0.0,-0.0598765761,1.49736273,-0.682255864,62.6564064,132.82402,37.704277,0.559895,-0.00999999,-1.31606293,128.622635,0.0,0.0,0.0,0.0,0.0,0.0
16.8108044,DATA,1,0,0,0,0,0.0,0.0,-0.0616907477,1.49654162,-0.6821791,62.52743,133.052673,37.34206,0.559895,-0.00999999,-1.31606293,128.622635,0.0,0.0,0.0,0.0,0.0,0.0
16.8668938,DATA,1,0,0,0,0,0.0,0.0,-0.06364599,1.49525142,-0.6814357,62.3837128,132.7541,36.7506866,0.559895,-0.00999999,-1.31606293,128.622635,0.0,0.0,0.0,0.0,0.0,0.0
16.922308,DATA,1,0,0,0,0,0.0,0.0,-0.06565082,1.49308562,-0.6804387,62.1251259,132.3331,36.1564178,0.559895,-0.00999999,-1.31606293,128.622635,0.0,0.0,0.0,0.0,0.0,0.0
16.9781971,DATA,1,0,0,0,0,0.0,0.0,-0.0677427351,1.4894135,-0.678882957,62.20616,132.714737,36.3176346,0.559895,-0.00999999,-1.31606293,128.622635,0.0,0.0,0.0,0.0,0.0,0.0
17.0332088,DATA,1,0,0,0,0,0.0,0.0,-0.07029137,1.48244274,-0.6759254,62.3744545,134.4622,37.649334,0.559895,-0.00999999,-1.31606293,128.622635,0.0,0.0,0.0,0.0,0.0,0.0
17.0892067,DATA,1,0,0,0,0,0.0,0.0,-0.07368678,1.471554,-0.671473742,63.0622978,136.881256,39.2026367,0.559895,-0.00999999,-1.31606293,128.622635,0.0,0.0,0.0,0.0,0.0,0.0
17.1445217,DATA,1,0,0,0,0,0.0,0.0,-0.07829109,1.45889032,-0.666099668,63.37369,140.175858,41.51565,0.559895,-0.00999999,-1.31606293,128.622635,0.0,0.0,0.0,0.0,0.0,0.0
17.1998081,DATA,1,0,0,0,0,0.0,0.0,-0.08373904,1.446159,-0.661648154,63.74089,141.388885,41.13906,0.559895,-0.00999999,-1.31606293,128.622635,0.0,0.0,0.0,0.0,0.0,0.0
17.2558975,DATA,1,0,0,0,0,0.0,0.0,-0.0886054039,1.43560433,-0.657936931,63.8016319,141.456879,39.8314,0.559895,-0.00999999,-1.31606293,128.622635,0.0,0.0,0.0,0.0,0.0,0.0
17.3110714,DATA,1,0,0,0,0,0.0,0.0,-0.091985926,1.42764616,-0.6556504,63.8507347,142.1178,39.6875229,0.559895,-0.00999999,-1.31606293,128.622635,0.0,0.0,0.0,0.0,0.0,0.0
17.3671837,DATA,1,0,0,0,0,0.0,0.0,-0.09318049,1.42251515,-0.6548168,64.13504,141.253586,38.05683,0.559895,-0.00999999,-1.31606293,128.622635,0.0,0.0,0.0,0.0,0.0,0.0
17.4224224,DATA,1,0,0,0,0,0.0,0.0,-0.0930413455,1.418946,-0.655685544,64.6314545,139.573532,36.0248451,0.559895,-0.00999999,-1.31606293,128.622635,0.0,0.0,0.0,0.0,0.0,0.0
17.4775887,DATA,1,0,0,0,0,0.0,0.0,-0.09257151,1.41671789,-0.6564019,64.894455,137.2483,33.8022156,0.559895,-0.00999999,-1.31606293,128.622635,0.0,0.0,0.0,0.0,0.0,0.0
17.5336628,DATA,1,0,0,0,0,0.0,0.0,-0.0929510444,1.41508162,-0.65710324,64.70251,135.4258,32.41122,0.559895,-0.00999999,-1.31606293,128.622635,0.0,0.0,0.0,0.0,0.0,0.0
17.5878162,DATA,1,0,0,0,0,0.0,0.0,-0.09354192,1.41407549,-0.657336,64.51422,134.428345,31.2768841,0.559895,-0.00999999,-1.31606293,128.622635,0.0,0.0,0.0,0.0,0.0,0.0
17.64371,DATA,1,0,0,0,0,0.0,0.0,-0.0941885,1.41344142,-0.6574744,64.3834839,134.389053,30.7728233,0.559895,-0.00999999,-1.31606293,128.622635,0.0,0.0,0.0,0.0,0.0,0.0
17.6998119,DATA,1,0,0,0,0,0.0,0.0,-0.09502444,1.41301394,-0.657465339,64.2318,134.495346,30.2528,0.559895,-0.00999999,-1.31606293,128.622635,0.0,0.0,0.0,0.0,0.0,0.0
17.7554874,DATA,1,0,0,0,0,0.0,0.0,-0.0956323445,1.41222835,-0.657518446,64.40853,134.612869,30.0547562,0.559895,-0.00999999,-1.31606293,128.622635,0.0,0.0,0.0,0.0,0.0,0.0
17.8103523,DATA,1,0,0,0,0,0.0,0.0,-0.09652595,1.410761,-0.657909155,64.33089,134.381119,29.9132919,0.559895,-0.00999999,-1.31606293,128.622635,0.0,0.0,0.0,0.0,0.0,0.0
17.8655338,DATA,1,0,0,0,0,0.0,0.0,-0.09738529,1.40910721,-0.6587334,64.0944061,134.289764,29.8900242,0.559895,-0.00999999,-1.31606293,128.622635,0.0,0.0,0.0,0.0,0.0,0.0
17.9218483,DATA,1,0,0,0,0,0.0,0.0,-0.0983164,1.40775776,-0.6605948,63.94874,133.9457,29.2699566,0.559895,-0.00999999,-1.31606293,128.622635,0.0,0.0,0.0,0.0,0.0,0.0
17.976902,DATA,1,0,0,0,0,0.0,0.0,-0.09928323,1.40707028,-0.6624072,63.9607353,134.318558,29.1910343,0.559895,-0.00999999,-1.31606293,128.622635,0.0,0.0,0.0,0.0,0.0,0.0
18.03287,DATA,1,0,0,0,0,0.0,0.0,-0.100110605,1.40744686,-0.6640696,64.47809,135.193542,29.4610386,0.559895,-0.00999999,-1.31606293,128.622635,0.0,0.0,0.0,0.0,0.0,0.0
18.08812,DATA,1,0,0,0,0,0.0,0.0,-0.101363674,1.40827,-0.665280759,64.6352158,135.352631,29.5353985,0.559895,-0.00999999,-1.31606293,128.622635,0.0,0.0,0.0,0.0,0.0,0.0
18.1436558,DATA,1,0,0,0,0,0.0,0.0,-0.102710709,1.40917778,-0.666699231,64.5487061,134.136322,28.109602,0.559895,-0.00999999,-1.31606293,128.622635,0.0,0.0,0.0,0.0,0.0,0.0
18.1988258,DATA,1,0,0,0,0,0.0,0.0,-0.103637114,1.41063893,-0.6689893,64.38667,132.80014,26.9404049,0.559895,-0.00999999,-1.31606293,128.622635,0.0,0.0,0.0,0.0,0.0,0.0
18.254776,DATA,1,0,0,0,0,0.0,0.0,-0.104507625,1.41225934,-0.672556639,64.19929,131.597748,26.15591,0.559895,-0.00999999,-1.31606293,128.622635,0.0,0.0,0.0,0.0,0.0,0.0
18.309351,DATA,1,0,0,0,0,0.0,0.0,-0.105036832,1.41358733,-0.6760149,64.13761,130.986267,25.7652435,0.559895,-0.00999999,-1.31606293,128.622635,0.0,0.0,0.0,0.0,0.0,0.0
18.3674011,DATA,1,0,0,0,0,0.0,0.0,-0.10526488,1.41396439,-0.678777,64.3903656,131.430954,26.07556,0.559895,-0.00999999,-1.31606293,128.622635,0.0,0.0,0.0,0.0,0.0,0.0
18.4216652,DATA,1,0,0,0,0,0.0,0.0,-0.105195582,1.4136529,-0.6808917,64.97984,133.055481,27.1758633,0.559895,-0.00999999,-1.31606293,128.622635,0.0,0.0,0.0,0.0,0.0,0.0
18.4769516,DATA,1,0,0,0,0,0.0,0.0,-0.104626343,1.41311371,-0.6828734,65.64174,134.744766,28.1378365,0.559895,-0.00999999,-1.31606293,128.622635,0.0,0.0,0.0,0.0,0.0,0.0
18.5330486,DATA,1,0,0,0,0,0.0,0.0,-0.103886515,1.412608,-0.6843019,66.205246,135.512375,28.5429859,0.559895,-0.00999999,-1.31606293,128.622635,0.0,0.0,0.0,0.0,0.0,0.0
18.5874615,DATA,1,0,0,0,0,0.0,0.0,-0.102915443,1.41245842,-0.6851156,66.6540146,135.5265,28.8416557,0.559895,-0.00999999,-1.31606293,128.622635,0.0,0.0,0.0,0.0,0.0,0.0
18.6434078,DATA,1,0,0,0,0,0.0,0.0,-0.101913206,1.41224051,-0.685597241,66.7590942,135.101151,28.8383083,0.559895,-0.00999999,-1.31606293,128.622635,0.0,0.0,0.0,0.0,0.0,0.0
18.69916,DATA,1,0,0,0,0,0.0,0.0,-0.10114976,1.41240811,-0.6856991,66.84945,135.001053,28.9375477,0.559895,-0.00999999,-1.31606293,128.622635,0.0,0.0,0.0,0.0,0.0,0.0
18.7552567,DATA,1,0,0,0,0,0.0,0.0,-0.100828379,1.41257131,-0.6856222,66.7656,135.07608,29.14534,0.559895,-0.00999999,-1.31606293,128.622635,0.0,0.0,0.0,0.0,0.0,0.0
18.8095722,DATA,1,0,0,0,0,0.0,0.0,-0.101095982,1.41280055,-0.685431361,66.6756058,134.9178,29.0106888,0.559895,-0.00999999,-1.31606293,128.622635,0.0,0.0,0.0,0.0,0.0,0.0
18.8670273,DATA,1,0,0,0,0,0.0,0.0,-0.101679072,1.41275907,-0.685648739,66.5794449,134.398087,28.5872211,0.559895,-0.00999999,-1.31606293,128.622635,0.0,0.0,0.0,0.0,0.0,0.0
18.9219589,DATA,1,0,0,0,0,0.0,0.0,-0.102085441,1.41252422,-0.6861247,66.69377,133.9275,28.1747322,0.559895,-0.00999999,-1.31606293,128.622635,0.0,0.0,0.0,0.0,0.0,0.0
18.9775639,DATA,1,0,0,0,0,0.0,0.0,-0.102035925,1.41207683,-0.6869893,66.80133,133.478256,27.8755722,0.559895,-0.00999999,-1.31606293,128.622635,0.0,0.0,0.0,0.0,0.0,0.0
19.03249,DATA,1,0,0,0,0,0.0,0.0,-0.100963764,1.41157985,-0.688176751,67.04177,133.3808,28.03276,0.559895,-0.00999999,-1.31606293,128.622635,0.0,0.0,0.0,0.0,0.0,0.0
19.0876389,DATA,1,0,0,0,0,0.0,0.0,-0.09893452,1.41135573,-0.6900788,67.60522,133.590988,28.2823143,0.559895,-0.00999999,-1.31606293,128.622635,0.0,0.0,0.0,0.0,0.0,0.0
19.1434975,DATA,1,0,0,0,0,0.0,0.0,-0.09635234,1.41208053,-0.6927656,68.3903351,134.268265,28.8138428,0.559895,-0.00999999,-1.31606293,128.622635,0.0,0.0,0.0,0.0,0.0,0.0
19.1997566,DATA,1,0,0,0,0,0.0,0.0,-0.09498489,1.41394079,-0.695737541,68.31652,133.422989,27.9315434,0.559895,-0.00999999,-1.31606293,128.622635,0.0,0.0,0.0,0.0,0.0,0.0
19.254797,DATA,1,0,0,0,0,0.0,0.0,-0.0954431742,1.41791916,-0.699163258,67.55103,130.161957,24.78597,0.559895,-0.00999999,-1.31606293,128.622635,0.0,0.0,0.0,0.0,0.0,0.0
19.31068,DATA,1,0,0,0,0,0.0,0.0,-0.0984526053,1.42567575,-0.7034284,65.89883,125.4929,20.70321,0.559895,-0.00999999,-1.31606293,128.622635,0.0,0.0,0.0,0.0,0.0,0.0
19.3658371,DATA,1,0,0,0,0,0.0,0.0,-0.104749963,1.43851888,-0.70866394,63.2479019,120.948334,16.462965,0.559895,-0.00999999,-1.31606293,128.622635,0.0,0.0,0.0,0.0,0.0,0.0
19.4213028,DATA,1,0,0,0,0,0.0,0.0,-0.114064567,1.45559013,-0.7130366,58.9074059,118.0204,12.4989529,0.559895,-0.00999999,-1.31606293,128.622635,0.0,0.0,0.0,0.0,0.0,0.0
19.4767857,DATA,1,0,0,0,0,0.0,0.0,-0.125023425,1.47454739,-0.7153778,54.66375,118.692558,11.49114,0.559895,-0.00999999,-1.31606293,128.622635,0.0,0.0,0.0,0.0,0.0,0.0
19.53243,DATA,1,0,0,0,0,0.0,0.0,-0.135895,1.492085,-0.7149546,50.4256973,121.075813,11.0943747,0.559895,-0.00999999,-1.31606293,128.622635,0.0,0.0,0.0,0.0,0.0,0.0
19.58694,DATA,1,0,0,0,0,0.0,0.0,-0.1457163,1.50562716,-0.7118771,46.8112068,123.758385,10.4797039,0.559895,-0.00999999,-1.31606293,128.622635,0.0,0.0,0.0,0.0,0.0,0.0
19.6430569,DATA,1,0,0,0,0,0.0,0.0,-0.153902411,1.51548564,-0.7079229,44.053215,126.913895,9.642474,0.559895,-0.00999999,-1.31606293,128.622635,0.0,0.0,0.0,0.0,0.0,0.0
19.6998787,DATA,1,0,0,0,0,0.0,0.0,-0.159772784,1.52174115,-0.70506537,42.3447762,127.887985,7.53928566,0.559895,-0.00999999,-1.31606293,128.622635,0.0,0.0,0.0,0.0,0.0,0.0
19.7545547,DATA,1,0,0,0,0,0.0,0.0,-0.164724678,1.52586508,-0.703988433,40.6804924,127.312828,6.030363,0.559895,-0.00999999,-1.31606293,128.622635,0.0,0.0,0.0,0.0,0.0,0.0
19.8083763,DATA,1,0,0,0,0,0.0,0.0,-0.1687429,1.52811265,-0.7042496,39.05684,125.795433,4.926042,0.559895,-0.00999999,-1.31606293,128.622635,0.0,0.0,0.0,0.0,0.0,0.0
19.8646164,DATA,1,0,0,0,0,0.0,0.0,-0.172129035,1.52970994,-0.7042944,37.6451836,124.922905,3.95516229,0.559895,-0.00999999,-1.31606293,128.622635,0.0,0.0,0.0,0.0,0.0,0.0
19.9203873,DATA,1,0,0,0,0,0.0,0.0,-0.17456995,1.53086567,-0.70281297,36.7687073,125.771667,3.16321468,0.559895,-0.00999999,-1.31606293,128.622635,0.0,0.0,0.0,0.0,0.0,0.0
19.9756413,DATA,1,0,0,0,0,0.0,0.0,-0.177450582,1.53096652,-0.7018381,35.5293579,126.258644,1.7662338,0.559895,-0.00999999,-1.31606293,128.622635,0.0,0.0,0.0,0.0,0.0,0.0
20.0307026,DATA,1,0,0,0,0,0.0,0.0,-0.180222988,1.53098834,-0.7017636,33.8322525,125.852684,1.05925632,0.559895,-0.00999999,-1.31606293,128.622635,0.0,0.0,0.0,0.0,0.0,0.0
20.08697,DATA,1,0,0,0,0,0.0,0.0,-0.181321949,1.53248882,-0.701568544,32.7532921,125.729767,0.3174714,0.559895,-0.00999999,-1.31606293,128.622635,0.0,0.0,0.0,0.0,0.0,0.0
20.1415825,DATA,1,0,0,0,0,0.0,0.0,-0.182160243,1.53509581,-0.701307535,31.3613338,125.10688,0.7225024,0.559895,-0.00999999,-1.31606293,128.622635,0.0,0.0,0.0,0.0,0.0,0.0
20.20075,DATA,1,0,0,0,0,0.0,0.0,-0.1833723,1.53613031,-0.6996853,29.1297913,124.772148,0.975759447,0.559895,-0.00999999,-1.31606293,128.622635,0.0,0.0,0.0,0.0,0.0,0.0
20.2548351,DATA,1,0,0,0,0,0.0,0.0,-0.185128465,1.53721189,-0.6982193,27.2933,124.770294,1.18613684,0.559895,-0.00999999,-1.31606293,128.622635,0.0,0.0,0.0,0.0,0.0,0.0
20.3098755,DATA,1,0,0,0,0,0.0,0.0,-0.18642211,1.53843141,-0.6978961,26.4545174,125.06324,1.24948275,0.559895,-0.00999999,-1.31606293,128.622635,0.0,0.0,0.0,0.0,0.0,0.0
20.366497,DATA,1,0,0,0,0,0.0,0.0,-0.1875742,1.53923881,-0.6977612,25.7060127,125.370445,1.52615321,0.559895,-0.00999999,-1.31606293,128.622635,0.0,0.0,0.0,0.0,0.0,0.0
20.4216957,DATA,1,0,0,0,0,0.0,0.0,-0.188832372,1.53953266,-0.697053552,25.4183369,125.492241,1.48802185,0.559895,-0.00999999,-1.31606293,128.622635,0.0,0.0,0.0,0.0,0.0,0.0
20.47727,DATA,1,0,0,0,0,0.0,0.0,-0.189893156,1.53963757,-0.696589231,25.2925034,125.527679,1.40252423,0.559895,-0.00999999,-1.31606293,128.622635,0.0,0.0,0.0,0.0,0.0,0.0
20.53168,DATA,1,0,0,0,0,0.0,0.0,-0.190864071,1.53980291,-0.696339,25.2691612,125.3368,1.24422586,0.559895,-0.00999999,-1.31606293,128.622635,0.0,0.0,0.0,0.0,0.0,0.0
20.58903,DATA,1,0,0,0,0,0.0,0.0,-0.191554084,1.53993678,-0.6961019,25.1417637,124.989868,1.0418787,0.559895,-0.00999999,-1.31606293,128.622635,0.0,0.0,0.0,0.0,0.0,0.0
20.6437073,DATA,1,0,0,0,0,0.0,0.0,-0.192053,1.53999519,-0.6960363,25.0752125,124.833267,1.04423606,0.559895,-0.00999999,-1.31606293,128.622635,0.0,0.0,0.0,0.0,0.0,0.0
20.6997757,DATA,1,0,0,0,0,0.0,0.0,-0.1923969,1.5399276,-0.6956893,25.0747528,124.804771,1.148501,0.559895,-0.00999999,-1.31606293,128.622635,0.0,0.0,0.0,0.0,0.0,0.0
20.7551117,DATA,1,0,0,0,0,0.0,0.0,-0.192700371,1.53991115,-0.695951045,24.9712,124.748573,1.35797942,0.559895,-0.00999999,-1.31606293,128.622635,0.0,0.0,0.0,0.0,0.0,0.0
20.8101177,DATA,1,0,0,0,0,0.0,0.0,-0.192850173,1.54004562,-0.696183,24.8959675,124.702522,1.40785933,0.559895,-0.00999999,-1.31606293,128.622635,0.0,0.0,0.0,0.0,0.0,0.0
20.86603,DATA,1,0,0,0,0,0.0,0.0,-0.192962408,1.54009712,-0.696595848,24.8810329,124.5791,1.42071176,0.559895,-0.00999999,-1.31606293,128.622635,0.0,0.0,0.0,0.0,0.0,0.0
20.9214516,DATA,1,0,0,0,0,0.0,0.0,-0.192925572,1.53968561,-0.696751654,24.9213848,124.485825,1.30794466,0.559895,-0.00999999,-1.31606293,128.622635,0.0,0.0,0.0,0.0,0.0,0.0
20.9764252,DATA,1,0,0,0,0,0.0,0.0,-0.193209916,1.5395515,-0.696988761,25.021452,124.669792,1.374786,0.559895,-0.00999999,-1.31606293,128.622635,0.0,0.0,0.0,0.0,0.0,0.0
21.0317574,DATA,1,0,0,0,0,0.0,0.0,-0.193482,1.53920329,-0.69699645,25.0302315,124.763107,1.50505614,0.559895,-0.00999999,-1.31606293,128.622635,0.0,0.0,0.0,0.0,0.0,0.0
21.0896759,DATA,1,0,0,0,0,0.0,0.0,-0.193411082,1.5392468,-0.697164357,25.0001068,124.808159,1.69051445,0.559895,-0.00999999,-1.31606293,128.622635,0.0,0.0,0.0,0.0,0.0,0.0
21.14431,DATA,1,0,0,0,0,0.0,0.0,-0.193299964,1.53930521,-0.6970367,25.07947,124.853249,1.75963366,0.559895,-0.00999999,-1.31606293,128.622635,0.0,0.0,0.0,0.0,0.0,0.0
21.199667,DATA,1,0,0,0,0,0.0,0.0,-0.193369836,1.53931117,-0.697057843,25.0851383,124.789085,1.858339,0.559895,-0.00999999,-1.31606293,128.622635,0.0,0.0,0.0,0.0,0.0,0.0
21.2555084,DATA,1,0,0,0,0,0.0,0.0,-0.1937782,1.53943,-0.6967982,25.1342659,124.792,1.91820145,0.559895,-0.00999999,-1.31606293,128.622635,0.0,0.0,0.0,0.0,0.0,0.0
21.3105888,DATA,1,0,0,0,0,0.0,0.0,-0.194300666,1.53956175,-0.69632715,25.13389,124.82663,1.92021549,0.559895,-0.00999999,-1.31606293,128.622635,0.0,0.0,0.0,0.0,0.0,0.0
21.3661671,DATA,1,0,0,0,0,0.0,0.0,-0.1946499,1.5398314,-0.695762336,25.11066,124.984566,2.13493967,0.559895,-0.00999999,-1.31606293,128.622635,0.0,0.0,0.0,0.0,0.0,0.0
21.4244,DATA,1,0,0,0,0,0.0,0.0,-0.194890916,1.54026747,-0.6950346,25.0719624,125.115967,2.26158071,0.559895,-0.00999999,-1.31606293,128.622635,0.0,0.0,0.0,0.0,0.0,0.0
21.47756,DATA,1,0,0,0,0,0.0,0.0,-0.195298091,1.54072571,-0.694503963,24.9550228,125.200035,2.40867186,0.559895,-0.00999999,-1.31606293,128.622635,0.0,0.0,0.0,0.0,0.0,0.0
21.532465,DATA,1,0,0,0,0,0.0,0.0,-0.195809484,1.54107141,-0.6940753,24.79455,125.228378,2.419925,0.559895,-0.00999999,-1.31606293,128.622635,0.0,0.0,0.0,0.0,0.0,0.0
21.5895958,DATA,1,0,0,0,0,0.0,0.0,-0.19641535,1.54150045,-0.6936209,24.7184658,125.2157,2.47880578,0.559895,-0.00999999,-1.31606293,128.622635,0.0,0.0,0.0,0.0,0.0,0.0
21.6441135,DATA,1,0,0,0,0,0.0,0.0,-0.197109029,1.54151821,-0.6929016,24.5792484,125.157593,2.35841632,0.559895,-0.00999999,-1.31606293,128.622635,0.0,0.0,0.0,0.0,0.0,0.0
21.6998253,DATA,1,0,0,0,0,0.0,0.0,-0.197894737,1.54183388,-0.6925087,24.6090279,125.218063,2.40719628,0.559895,-0.00999999,-1.31606293,128.622635,0.0,0.0,0.0,0.0,0.0,0.0
21.7548885,DATA,1,0,0,0,0,0.0,0.0,-0.198760524,1.54178309,-0.6923099,24.602684,125.308266,2.27826166,0.559895,-0.00999999,-1.31606293,128.622635,0.0,0.0,0.0,0.0,0.0,0.0
21.8105888,DATA,1,0,0,0,0,0.0,0.0,-0.199344248,1.54184866,-0.692236245,24.6608028,125.398132,2.301419,0.559895,-0.00999999,-1.31606293,128.622635,0.0,0.0,0.0,0.0,0.0,0.0
21.8647614,DATA,1,0,0,0,0,0.0,0.0,-0.1994722,1.54184079,-0.692474544,24.7214222,125.290154,2.27878213,0.559895,-0.00999999,-1.31606293,128.622635,0.0,0.0,0.0,0.0,0.0,0.0
21.9225826,DATA,1,0,0,0,0,0.0,0.0,-0.1993151,1.5416894,-0.6929584,24.7447739,125.120255,2.28796148,0.559895,-0.00999999,-1.31606293,128.622635,0.0,0.0,0.0,0.0,0.0,0.0
21.9775352,DATA,1,0,0,0,0,0.0,0.0,-0.1992207,1.54134011,-0.693516,24.9649963,125.173164,2.26771855,0.559895,-0.00999999,-1.31606293,128.622635,0.0,0.0,0.0,0.0,0.0,0.0
22.0323982,DATA,1,0,0,0,0,0.0,0.0,-0.198924944,1.54058611,-0.694039,25.500412,125.2534,2.324208,0.559895,-0.00999999,-1.31606293,128.622635,0.0,0.0,0.0,0.0,0.0,0.0
22.0873337,DATA,1,0,0,0,0,0.0,0.0,-0.198330671,1.53973818,-0.6944346,25.9799843,125.027351,2.38631487,0.559895,-0.00999999,-1.31606293,128.622635,0.0,0.0,0.0,0.0,0.0,0.0
22.1425247,DATA,1,0,0,0,0,0.0,0.0,-0.1972765,1.539044,-0.6947075,26.3738079,124.707314,2.55176,0.559895,-0.00999999,-1.31606293,128.622635,0.0,0.0,0.0,0.0,0.0,0.0
22.1995049,DATA,1,0,0,0,0,0.0,0.0,-0.196587056,1.5381211,-0.694814861,26.7633266,124.632866,2.79162645,0.559895,-0.00999999,-1.31606293,128.622635,0.0,0.0,0.0,0.0,0.0,0.0
22.2561,DATA,1,0,0,0,0,0.0,0.0,-0.196397468,1.53699815,-0.6947846,27.2314434,124.6967,2.96059918,0.559895,-0.00999999,-1.31606293,128.622635,0.0,0.0,0.0,0.0,0.0,0.0
22.3627453,DATA,1,0,0,0,0,0.0,0.0,-0.196541891,1.53611457,-0.6944017,27.2616825,124.6387,2.90743446,0.559895,-0.00999999,-1.31606293,128.622635,0.0,0.0,0.0,0.0,0.0,1.0
22.4277954,DATA,1,0,0,0,0,0.0,0.0,-0.197616622,1.53512621,-0.692818463,27.19243,123.949959,2.785129,0.559895,-0.00999999,-1.31606293,128.622635,0.0,0.0,0.0,0.0,0.0,1.0
22.4796276,DATA,1,0,0,0,0,0.0,0.0,-0.1984597,1.5347383,-0.691946,27.2834568,123.792686,2.97112966,0.559895,-0.00999999,-1.31606293,128.622635,0.0,0.0,0.0,0.0,0.0,1.0
22.53568,DATA,1,0,0,0,0,0.0,0.0,-0.199558675,1.53451717,-0.691219151,27.28308,123.734016,3.26736927,0.559895,-0.00999999,-1.31606293,128.622635,0.0,0.0,0.0,0.0,0.0,0.0
22.5914478,DATA,1,0,0,0,0,0.0,0.0,-0.20059973,1.534365,-0.690844953,27.2965317,123.888229,3.27585,0.559895,-0.00999999,-1.31606293,128.622635,0.0,0.0,0.0,0.0,0.0,0.0
22.6446323,DATA,1,0,0,0,0,0.0,0.0,-0.202025935,1.53470564,-0.6909138,27.2142143,124.15258,3.29658437,0.559895,-0.00999999,-1.31606293,128.622635,0.0,0.0,0.0,0.0,0.0,0.0
22.7013817,DATA,1,0,0,0,0,0.0,0.0,-0.203280658,1.534886,-0.6908535,27.17511,124.485596,3.20087671,0.559895,-0.00999999,-1.31606293,128.622635,0.0,0.0,0.0,0.0,0.0,0.0
22.7572384,DATA,1,0,0,0,0,0.0,0.0,-0.204405785,1.53525746,-0.6910135,27.1505928,124.526291,3.13881636,0.559895,-0.00999999,-1.31606293,128.622635,0.0,0.0,0.0,0.0,0.0,0.0
22.822113,DATA,1,0,0,0,0,0.0,0.0,-0.205318928,1.53551292,-0.691422641,27.0723915,124.535057,2.977757,0.559895,-0.00999999,-1.31606293,128.622635,0.0,0.0,0.0,0.0,0.0,0.0
22.8798141,DATA,1,0,0,0,0,0.0,0.0,-0.168443978,1.5357219,-0.6708017,27.02527,124.537163,2.89021873,0.559895,-0.00999999,-1.31606293,128.622635,0.0,0.0,0.0,-0.9287733,0.370648682,0.0
22.9339771,DATA,1,0,0,0,0,0.0,0.0,-0.17341876,1.53567314,-0.67376405,26.9670868,124.572243,2.68623614,0.559895,-0.00999999,-1.31606293,128.622635,0.0,0.0,0.0,-0.932444453,0.361313462,0.0
22.9902058,DATA,1,0,0,0,0,0.0,0.0,-0.169281438,1.535604,-0.6767704,27.0045166,124.708847,2.52021575,0.559895,-0.00999999,-1.31606293,128.622635,0.0,0.0,0.0,-0.888234,0.4593914,0.0
23.04507,DATA,1,0,0,0,0,0.0,0.0,-0.181247056,1.535451,-0.690239966,27.09685,124.761154,2.50463724,0.559895,-0.00999999,-1.31606293,128.622635,0.0,0.0,0.0,-0.4691532,0.447818339,0.0
23.1017265,DATA,1,0,0,0,0,0.0,0.0,-0.206033558,1.53538489,-0.693775,27.089407,124.757973,2.532576,0.559895,-0.00999999,-1.31606293,128.622635,0.0,0.0,0.0,0.0,0.0,0.0
23.1572361,DATA,1,0,0,0,0,0.0,0.0,-0.205731779,1.53526139,-0.693924844,27.1148682,124.828537,2.56881428,0.559895,-0.00999999,-1.31606293,128.622635,0.0,0.0,0.0,0.0,0.0,1.0
23.21164,DATA,1,0,0,0,0,0.0,0.0,-0.205287367,1.53507006,-0.694009662,27.2083569,124.959282,2.65241933,0.559895,-0.00999999,-1.31606293,128.622635,0.0,0.0,0.0,0.0,0.0,1.0
23.2675858,DATA,1,0,0,0,0,0.0,0.0,-0.204740912,1.53493512,-0.6942878,27.0663414,124.868492,2.5899303,0.559895,-0.00999999,-1.31606293,128.622635,0.0,0.0,0.0,0.0,0.0,1.0
23.323164,DATA,1,0,0,0,0,0.0,0.0,-0.204194933,1.53494549,-0.6943137,27.0421524,124.968887,2.68265152,0.559895,-0.00999999,-1.31606293,128.622635,0.0,0.0,0.0,0.0,0.0,0.0
23.3789978,DATA,1,0,0,0,0,0.0,0.0,-0.203865081,1.53485322,-0.694463432,27.1156731,125.152306,2.89976668,0.559895,-0.00999999,-1.31606293,128.622635,0.0,0.0,0.0,0.0,0.0,0.0
23.4347267,DATA,1,0,0,0,0,0.0,0.0,-0.203719616,1.534697,-0.6947304,27.2164,125.422844,3.03227663,0.559895,-0.00999999,-1.31606293,128.622635,0.0,0.0,0.0,0.0,0.0,0.0
23.4896832,DATA,1,0,0,0,0,0.0,0.0,-0.203450546,1.53522313,-0.6950347,27.2790623,125.627983,3.11924314,0.559895,-0.00999999,-1.31606293,128.622635,0.0,0.0,0.0,0.0,0.0,0.0
23.54544,DATA,1,0,0,0,0,0.0,0.0,-0.202786356,1.5356586,-0.69498,27.245739,125.558578,3.161829,0.559895,-0.00999999,-1.31606293,128.622635,0.0,0.0,0.0,0.0,0.0,0.0
23.6011753,DATA,1,0,0,0,0,0.0,0.0,-0.201470122,1.53616977,-0.6945432,27.2764,125.335342,3.18700457,0.559895,-0.00999999,-1.31606293,128.622635,0.0,0.0,0.0,0.0,0.0,0.0
23.6568737,DATA,1,0,0,0,0,0.0,0.0,-0.1995517,1.53666735,-0.6939811,27.210125,125.004044,3.52609253,0.559895,-0.00999999,-1.31606293,128.622635,0.0,0.0,0.0,0.0,0.0,0.0
23.7154675,DATA,1,0,0,0,0,0.0,0.0,-0.197372928,1.53711355,-0.693366647,27.1266518,124.640915,3.8981483,0.559895,-0.00999999,-1.31606293,128.622635,0.0,0.0,0.0,0.0,0.0,0.0
23.7665977,DATA,1,0,0,0,0,0.0,0.0,-0.195239991,1.53707647,-0.692942262,27.0572014,124.310287,4.28768969,0.559895,-0.00999999,-1.31606293,128.622635,0.0,0.0,0.0,0.0,0.0,0.0
23.8239174,DATA,1,0,0,0,0,0.0,0.0,-0.193426341,1.53693962,-0.6926223,27.0827675,124.041466,4.549847,0.559895,-0.00999999,-1.31606293,128.622635,0.0,0.0,0.0,0.0,0.0,0.0
23.8798962,DATA,1,0,0,0,0,0.0,0.0,-0.191965908,1.53659678,-0.6923428,27.2078514,123.994423,4.80068541,0.559895,-0.00999999,-1.31606293,128.622635,0.0,0.0,0.0,0.0,0.0,0.0
23.9345646,DATA,1,0,0,0,0,0.0,0.0,-0.1907716,1.53618884,-0.692081869,27.27861,124.035049,5.180302,0.559895,-0.00999999,-1.31606293,128.622635,0.0,0.0,0.0,0.0,0.0,0.0
23.990036,DATA,1,0,0,0,0,0.0,0.0,-0.1899061,1.5359323,-0.6918616,27.3205757,124.067612,5.623989,0.559895,-0.00999999,-1.31606293,128.622635,0.0,0.0,0.0,0.0,0.0,0.0
24.0451641,DATA,1,0,0,0,0,0.0,0.0,-0.189169928,1.53569412,-0.691881,27.38829,124.016006,5.78471,0.559895,-0.00999999,-1.31606293,128.622635,0.0,0.0,0.0,0.0,0.0,0.0
24.1023979,DATA,1,0,0,0,0,0.0,0.0,-0.188827842,1.53556871,-0.6919183,27.4744759,124.00531,5.865057,0.559895,-0.00999999,-1.31606293,128.622635,0.0,0.0,0.0,0.0,0.0,0.0
24.1563416,DATA,1,0,0,0,0,0.0,0.0,-0.188617438,1.535337,-0.6919593,27.58099,123.943718,5.77072048,0.559895,-0.00999999,-1.31606293,128.622635,0.0,0.0,0.0,0.0,0.0,0.0
24.212038,DATA,1,0,0,0,0,0.0,0.0,-0.188563749,1.53526688,-0.6918339,27.6239681,123.874283,5.78079176,0.559895,-0.00999999,-1.31606293,128.622635,0.0,0.0,0.0,0.0,0.0,0.0
24.267231,DATA,1,0,0,0,0,0.0,0.0,-0.188389271,1.53527236,-0.6913872,27.6492653,123.828285,5.868796,0.559895,-0.00999999,-1.31606293,128.622635,0.0,0.0,0.0,0.0,0.0,0.0
24.3231869,DATA,1,0,0,0,0,0.0,0.0,-0.188245177,1.53535628,-0.691082954,27.632679,123.751091,5.97365046,0.559895,-0.00999999,-1.31606293,128.622635,0.0,0.0,0.0,0.0,0.0,0.0
24.3791561,DATA,1,0,0,0,0,0.0,0.0,-0.188195318,1.53541684,-0.690749943,27.59869,123.63488,6.01893139,0.559895,-0.00999999,-1.31606293,128.622635,0.0,0.0,0.0,0.0,0.0,0.0
24.4349613,DATA,1,0,0,0,0,0.0,0.0,-0.188100785,1.53543711,-0.690502346,27.5833321,123.58062,6.04214954,0.559895,-0.00999999,-1.31606293,128.622635,0.0,0.0,0.0,0.0,0.0,0.0
24.4892941,DATA,1,0,0,0,0,0.0,0.0,-0.188195556,1.53534925,-0.6901174,27.6536884,123.663361,6.09429169,0.559895,-0.00999999,-1.31606293,128.622635,0.0,0.0,0.0,0.0,0.0,0.0
24.5457916,DATA,1,0,0,0,0,0.0,0.0,-0.1880953,1.53524232,-0.6898548,27.7052574,123.6379,6.12912941,0.559895,-0.00999999,-1.31606293,128.622635,0.0,0.0,0.0,0.0,0.0,0.0
24.6011372,DATA,1,0,0,0,0,0.0,0.0,-0.187840015,1.53512847,-0.689635,27.7110138,123.418694,6.11528063,0.559895,-0.00999999,-1.31606293,128.622635,0.0,0.0,0.0,0.0,0.0,0.0
24.6567478,DATA,1,0,0,0,0,0.0,0.0,-0.187599272,1.53501427,-0.6896355,27.7309837,123.318504,6.04517365,0.559895,-0.00999999,-1.31606293,128.622635,0.0,0.0,0.0,0.0,0.0,0.0
24.7117443,DATA,1,0,0,0,0,0.0,0.0,-0.187620431,1.53485239,-0.6895845,27.78502,123.417992,6.00413847,0.559895,-0.00999999,-1.31606293,128.622635,0.0,0.0,0.0,0.0,0.0,0.0
24.76707,DATA,1,0,0,0,0,0.0,0.0,-0.187697172,1.53471482,-0.6895916,27.878376,123.541145,6.107808,0.559895,-0.00999999,-1.31606293,128.622635,0.0,0.0,0.0,0.0,0.0,0.0
24.82385,DATA,1,0,0,0,0,0.0,0.0,-0.187638521,1.53461075,-0.689665139,27.9322643,123.523537,6.06072569,0.559895,-0.00999999,-1.31606293,128.622635,0.0,0.0,0.0,0.0,0.0,0.0
24.878994,DATA,1,0,0,0,0,0.0,0.0,-0.18787697,1.53460944,-0.6897314,27.92235,123.583954,5.964818,0.559895,-0.00999999,-1.31606293,128.622635,0.0,0.0,0.0,0.0,0.0,0.0
24.9341164,DATA,1,0,0,0,0,0.0,0.0,-0.188132346,1.53492749,-0.6899405,27.8508625,123.666885,5.8830924,0.559895,-0.00999999,-1.31606293,128.622635,0.0,0.0,0.0,0.0,0.0,0.0
24.9895821,DATA,1,0,0,0,0,0.0,0.0,-0.188806683,1.53500307,-0.6902658,27.80515,123.75946,5.7438364,0.559895,-0.00999999,-1.31606293,128.622635,0.0,0.0,0.0,0.0,0.0,0.0
25.0447788,DATA,1,0,0,0,0,0.0,0.0,-0.189388216,1.534934,-0.690638065,27.835165,123.828651,5.571458,0.559895,-0.00999999,-1.31606293,128.622635,0.0,0.0,0.0,0.0,0.0,0.0
25.1012974,DATA,1,0,0,0,0,0.0,0.0,-0.1901353,1.5347271,-0.691005349,27.8984432,124.040024,5.526029,0.559895,-0.00999999,-1.31606293,128.622635,0.0,0.0,0.0,0.0,0.0,0.0
25.1563358,DATA,1,0,0,0,0,0.0,0.0,-0.190762624,1.53471613,-0.6914095,27.89434,124.134048,5.40025949,0.559895,-0.00999999,-1.31606293,128.622635,0.0,0.0,0.0,0.0,0.0,0.0
25.21166,DATA,1,0,0,0,0,0.0,0.0,-0.191263884,1.53480959,-0.6916942,27.9159126,124.223518,5.263796,0.559895,-0.00999999,-1.31606293,128.622635,0.0,0.0,0.0,0.0,0.0,0.0
25.2675076,DATA,1,0,0,0,0,0.0,0.0,-0.191649556,1.53500509,-0.6919444,27.7915764,124.096153,5.00678444,0.559895,-0.00999999,-1.31606293,128.622635,0.0,0.0,0.0,0.0,0.0,0.0
25.3226948,DATA,1,0,0,0,0,0.0,0.0,-0.192066222,1.53528547,-0.6919952,27.6302624,124.02961,4.81777143,0.559895,-0.00999999,-1.31606293,128.622635,0.0,0.0,0.0,0.0,0.0,0.0
25.3789177,DATA,1,0,0,0,0,0.0,0.0,-0.192737445,1.53568316,-0.692042351,27.31634,124.049652,4.451225,0.559895,-0.00999999,-1.31606293,128.622635,0.0,0.0,0.0,0.0,0.0,0.0
25.434166,DATA,1,0,0,0,0,0.0,0.0,-0.193511844,1.536591,-0.6925214,26.76741,124.274353,4.17923164,0.559895,-0.00999999,-1.31606293,128.622635,0.0,0.0,0.0,0.0,0.0,0.0
25.48939,DATA,1,0,0,0,0,0.0,0.0,-0.194471687,1.537224,-0.69297725,26.3506,124.620766,3.994825,0.559895,-0.00999999,-1.31606293,128.622635,0.0,0.0,0.0,0.0,0.0,0.0
25.5454273,DATA,1,0,0,0,0,0.0,0.0,-0.195290387,1.53841078,-0.693380654,25.8159332,124.839729,3.56783628,0.559895,-0.00999999,-1.31606293,128.622635,0.0,0.0,0.0,0.0,0.0,0.0
25.6007557,DATA,1,0,0,0,0,0.0,0.0,-0.196169615,1.54001784,-0.693999052,24.8242474,125.268837,3.164772,0.559895,-0.00999999,-1.31606293,128.622635,0.0,0.0,0.0,0.0,0.0,0.0
25.65622,DATA,1,0,0,0,0,0.0,0.0,-0.197261319,1.54229426,-0.694763064,23.5265884,125.995125,2.82032847,0.559895,-0.00999999,-1.31606293,128.622635,0.0,0.0,0.0,0.0,0.0,0.0
25.712162,DATA,1,0,0,0,0,0.0,0.0,-0.198633075,1.5442512,-0.695383,22.4273758,126.877625,2.35267544,0.559895,-0.00999999,-1.31606293,128.622635,0.0,0.0,0.0,0.0,0.0,0.0
25.7683,DATA,1,0,0,0,0,0.0,0.0,-0.200273722,1.54606473,-0.6955158,21.7829685,127.687523,1.53176916,0.559895,-0.00999999,-1.31606293,128.622635,0.0,0.0,0.0,0.0,0.0,0.0
25.82434,DATA,1,0,0,0,0,0.0,0.0,-0.201672852,1.54753065,-0.6954311,21.0464382,128.228333,0.8079161,0.559895,-0.00999999,-1.31606293,128.622635,0.0,0.0,0.0,0.0,0.0,0.0
25.8792076,DATA,1,0,0,0,0,0.0,0.0,-0.20300442,1.54860353,-0.6951996,20.4382858,128.480911,0.341214836,0.559895,-0.00999999,-1.31606293,128.622635,0.0,0.0,0.0,0.0,0.0,0.0
25.9343853,DATA,1,0,0,0,0,0.0,0.0,-0.204314739,1.54965878,-0.69464165,20.0503273,128.824127,-0.192565918,0.559895,-0.00999999,-1.31606293,128.622635,0.0,0.0,0.0,0.0,0.0,0.0
25.995739,DATA,1,0,0,0,0,0.0,0.0,-0.205730125,1.55042624,-0.6938596,19.7139816,129.212173,-0.6609802,0.559895,-0.00999999,-1.31606293,128.622635,0.0,0.0,0.0,0.0,0.0,0.0
26.04591,DATA,1,0,0,0,0,0.0,0.0,-0.207159236,1.55151761,-0.6929423,19.1912632,129.591858,-0.9811096,0.559895,-0.00999999,-1.31606293,128.622635,0.0,0.0,0.0,0.0,0.0,0.0
26.1018276,DATA,1,0,0,0,0,0.0,0.0,-0.20861952,1.55298269,-0.691747963,18.4177837,129.754883,-1.2835083,0.559895,-0.00999999,-1.31606293,128.622635,0.0,0.0,0.0,0.0,0.0,0.0
26.15877,DATA,1,0,0,0,0,0.0,0.0,-0.210375845,1.554445,-0.690300047,17.6598415,129.8317,-1.54879761,0.559895,-0.00999999,-1.31606293,128.622635,0.0,0.0,0.0,0.0,0.0,0.0
26.212286,DATA,1,0,0,0,0,0.0,0.0,-0.212548077,1.55564678,-0.6883875,17.0885487,129.844528,-1.59698486,0.559895,-0.00999999,-1.31606293,128.622635,0.0,0.0,0.0,0.0,0.0,0.0
26.267664,DATA,1,0,0,0,0,0.0,0.0,-0.2146399,1.55644631,-0.686358154,16.755127,129.715286,-1.5944519,0.559895,-0.00999999,-1.31606293,128.622635,0.0,0.0,0.0,0.0,0.0,0.0
26.3237419,DATA,1,0,0,0,0,0.0,0.0,-0.217113093,1.55700791,-0.684339464,16.5199776,129.678558,-1.56802368,0.559895,-0.00999999,-1.31606293,128.622635,0.0,0.0,0.0,0.0,0.0,0.0
26.3650875,GAME_STARTED,1,0,0,0,0,0.0,0.0,0.0,0.0,0.0,0.0,0.0,0.0,0.0,0.0,0.0,0.0,0.0,0.0,0.0,0.0,0.0,0.0
26.3650875,MAZE_STARTED,1,1,0,10,0,0.0,0.0,0.0,0.0,0.0,0.0,0.0,0.0,0.0,0.0,0.0,0.0,0.0,0.0,0.0,0.0,0.0,0.0
26.3848877,DATA,1,1,0,10,0,0.0198001862,0.0198001862,-8.008504,1.56694925,-9.00402451,16.401825,1.02260947,-1.55838013,-8.0,0.0,-8.0,0.0,0.0,0.0,0.0,0.0,0.0,0.0
26.44731,DATA,1,1,0,10,0,0.0822219849,0.0822219849,-8.008496,1.56705,-9.007079,16.4010639,0.955625236,-1.35925293,-8.0,0.0,-8.0,0.0,0.0,0.0,0.0,0.0,0.0,0.0
26.50489,DATA,1,1,0,10,0,0.139802933,0.139802933,-8.008626,1.56730723,-9.008501,16.5199013,0.9176352,-1.21551514,-8.0,0.0,-8.0,0.0,0.0,0.0,0.0,0.0,0.0,0.0
26.5599937,DATA,1,1,0,10,0,0.194906235,0.194906235,-8.008889,1.56768513,-9.009269,16.5601158,0.608047545,-0.9411621,-8.0,0.0,-8.0,0.0,0.0,0.0,0.0,0.0,0.0,0.0
26.6156349,DATA,1,1,0,10,0,0.2505474,0.2505474,-8.008684,1.567749,-9.009423,16.4290771,0.370628059,-0.8651428,-8.0,0.0,-8.0,0.0,0.0,0.0,0.0,0.0,0.0,0.0
26.6712341,DATA,1,1,0,10,0,0.306146622,0.306146622,-8.008275,1.56779075,-9.010411,16.3884583,0.3266275,-0.919372559,-8.0,0.0,-8.0,0.0,0.0,0.0,0.0,0.0,0.0,0.0
26.7267838,DATA,1,1,0,10,0,0.361696243,0.361696243,-8.007607,1.5670718,-9.011704,16.57358,0.508355558,-1.05557251,-8.0,0.0,-8.0,0.0,0.0,0.0,0.0,0.0,0.0,0.0
26.7824574,DATA,1,1,0,10,0,0.417369843,0.417369843,-8.007333,1.56673431,-9.01361752,16.8650818,0.8104502,-1.04379272,-8.0,0.0,-8.0,0.0,0.0,0.0,0.0,0.0,0.0,0.0
26.8382187,DATA,1,1,0,10,0,0.47313118,0.47313118,-8.006762,1.56664121,-9.015074,16.975544,1.06194878,-0.961517334,-8.0,0.0,-8.0,0.0,0.0,0.0,0.0,0.0,0.0,0.0
26.8931923,DATA,1,1,0,10,0,0.5281048,0.5281048,-8.00634,1.56725681,-9.016439,16.8131351,1.151442,-0.69329834,-8.0,0.0,-8.0,0.0,0.0,0.0,0.0,0.0,0.0,0.0
26.95422,DATA,1,1,0,10,0,0.5891323,0.5891323,-8.005375,1.56787622,-9.017137,16.4633636,1.27994,-0.519866943,-8.0,0.0,-8.0,0.0,0.0,0.0,0.0,0.0,0.0,0.0
27.0185623,DATA,1,1,0,10,0,0.6534748,0.6534748,-8.003861,1.568249,-9.018579,16.4599819,1.65622449,-0.485321045,-8.0,0.0,-8.0,0.0,0.0,0.0,0.0,0.0,0.0,0.0
27.0732651,DATA,1,1,0,10,0,0.708177567,0.708177567,-8.002482,1.56769085,-9.019293,16.725378,2.09649324,-0.7286682,-8.0,0.0,-8.0,0.0,0.0,0.0,0.0,0.0,0.0,0.0
27.12814,DATA,1,1,0,10,0,0.763052,0.763052,-8.00147152,1.56751823,-9.020089,16.9882584,2.33189368,-0.7288513,-8.0,0.0,-8.0,0.0,0.0,0.0,0.0,0.0,0.0,0.0
27.1887283,DATA,1,1,0,10,0,0.8236408,0.8236408,-8.000891,1.56718922,-9.020555,17.1453972,2.59949422,-0.6147766,-8.0,0.0,-8.0,0.0,0.0,0.0,0.0,0.0,0.0,0.0
27.2395363,DATA,1,1,0,10,0,0.8744488,0.8744488,-8.00068951,1.5667913,-9.020871,17.5073376,2.80383015,-0.4725647,-8.0,0.0,-8.0,0.0,0.0,0.0,0.0,0.0,0.0,0.0
27.2928448,DATA,1,1,0,10,0,0.927757263,0.927757263,-8.000858,1.56610632,-9.02111,17.8551674,2.71735024,-0.650604248,-8.0,0.0,-8.0,0.0,0.0,0.0,0.0,0.0,0.0,0.0
27.3506355,DATA,1,1,0,10,0,0.985548,0.985548,-8.001317,1.56568336,-9.020888,18.1271534,2.41635942,-0.7704773,-8.0,0.0,-8.0,0.0,0.0,0.0,0.0,0.0,0.0,0.0
27.4055882,DATA,1,1,0,10,0,1.04050064,1.04050064,-8.001772,1.56546116,-9.020467,18.346447,2.20090127,-0.8171387,-8.0,0.0,-8.0,0.0,0.0,0.0,0.0,0.0,0.0,0.0
27.46284,DATA,1,1,0,10,0,1.09775162,1.09775162,-8.002662,1.56454313,-9.020254,19.0562382,1.94920456,-0.670105,-8.0,0.0,-8.0,0.0,0.0,0.0,0.0,0.0,0.0,0.0
27.5176964,DATA,1,1,0,10,0,1.15260887,1.15260887,-8.003376,1.56351113,-9.019985,19.5493851,1.40908015,-0.6582947,-8.0,0.0,-8.0,0.0,0.0,0.0,0.0,0.0,0.0,0.0
27.5734673,DATA,1,1,0,10,0,1.20837975,1.20837975,-8.004102,1.56248212,-9.019384,20.0462246,1.09277666,-0.484130859,-8.0,0.0,-8.0,0.0,0.0,0.0,0.0,0.0,0.0,0.0
27.6286373,DATA,1,1,0,10,0,1.2635498,1.2635498,-8.004557,1.56190038,-9.018803,20.5012436,0.8478929,-0.607696533,-8.0,0.0,-8.0,0.0,0.0,0.0,0.0,0.0,0.0,0.0
27.684269,DATA,1,1,0,10,0,1.31918144,1.31918144,-8.00484,1.56097937,-9.018011,20.7869244,0.5495007,-0.704101563,-8.0,0.0,-8.0,0.0,0.0,0.0,0.0,0.0,0.0,0.0
27.7401237,DATA,1,1,0,10,0,1.37503624,1.37503624,-8.005157,1.5604614,-9.017376,21.0778656,0.287795335,-0.643463135,-8.0,0.0,-8.0,0.0,0.0,0.0,0.0,0.0,0.0,0.0
27.7957973,DATA,1,1,0,10,0,1.43070984,1.43070984,-8.005057,1.5597316,-9.01668549,21.4339046,-0.03591919,-0.56362915,-8.0,0.0,-8.0,0.0,0.0,0.0,0.0,0.0,0.0,0.0
27.85081,DATA,1,1,0,10,0,1.48572159,1.48572159,-8.004981,1.55908537,-9.01588,21.9711342,-0.647155762,-0.633758545,-8.0,0.0,-8.0,0.0,0.0,0.0,0.0,0.0,0.0,0.0
27.90737,DATA,1,1,0,10,0,1.5422821,1.5422821,-8.004868,1.55748177,-9.015353,22.9203548,-1.35641479,-0.532897949,-8.0,0.0,-8.0,0.0,0.0,0.0,0.0,0.0,0.0,0.0
27.96165,DATA,1,1,0,10,0,1.59656334,1.59656334,-8.00495,1.55493534,-9.0147295,24.25041,-2.004242,-0.3501587,-8.0,0.0,-8.0,0.0,0.0,0.0,0.0,0.0,0.0,0.0
28.0180817,DATA,1,1,0,10,0,1.65299416,1.65299416,-8.00495148,1.55239093,-9.014007,25.6070786,-2.3916626,-0.219909668,-8.0,0.0,-8.0,0.0,0.0,0.0,0.0,0.0,0.0,0.0
28.0725327,DATA,1,1,0,10,0,1.70744514,1.70744514,-8.004876,1.55081916,-9.012479,26.31352,-2.756134,-0.151245117,-8.0,0.0,-8.0,0.0,0.0,0.0,0.0,0.0,0.0,0.0
28.1280079,DATA,1,1,0,10,0,1.76292038,1.76292038,-8.004977,1.55027783,-9.011156,26.5342426,-2.881134,-0.197814941,-8.0,0.0,-8.0,0.0,0.0,0.0,0.0,0.0,0.0,0.0
28.183815,DATA,1,1,0,10,0,1.81872749,1.81872749,-8.005135,1.55024791,-9.010112,26.516119,-2.96105957,-0.4085083,-8.0,0.0,-8.0,0.0,0.0,0.0,0.0,0.0,0.0,0.0
28.2391014,DATA,1,1,0,10,0,1.8740139,1.8740139,-8.005767,1.55094171,-9.009534,26.2431126,-2.93215942,-0.5946655,-8.0,0.0,-8.0,0.0,0.0,0.0,0.0,0.0,0.0,0.0
28.294714,DATA,1,1,0,10,0,1.92962646,1.92962646,-8.006625,1.55235028,-9.009125,25.4721642,-2.82351685,-0.430175781,-8.0,0.0,-8.0,0.0,0.0,0.0,0.0,0.0,0.0,0.0
28.35063,DATA,1,1,0,10,0,1.9855423,1.9855423,-8.007331,1.55435467,-9.008701,24.2129536,-2.720398,-0.08242798,-8.0,0.0,-8.0,0.0,0.0,0.0,0.0,0.0,0.0,0.0
28.4061546,DATA,1,1,0,10,0,2.04106712,2.04106712,-8.008006,1.55626655,-9.008589,23.0267353,-2.4586792,0.308577865,-8.0,0.0,-8.0,0.0,0.0,0.0,0.0,0.0,0.0,0.0
28.46177,DATA,1,1,0,10,0,2.09668159,2.09668159,-8.0085535,1.55777466,-9.008683,22.0462914,-2.369934,0.3534915,-8.0,0.0,-8.0,0.0,0.0,0.0,0.0,0.0,0.0,0.0
28.51673,DATA,1,1,0,10,0,2.15164185,2.15164185,-8.008593,1.5588553,-9.009179,21.3989925,-2.13757324,0.380622327,-8.0,0.0,-8.0,0.0,0.0,0.0,0.0,0.0,0.0,0.0
28.5727139,DATA,1,1,0,10,0,2.20762634,2.20762634,-8.008427,1.55979073,-9.009555,21.01984,-1.87524414,0.3448393,-8.0,0.0,-8.0,0.0,0.0,0.0,0.0,0.0,0.0,0.0
28.6286488,DATA,1,1,0,10,0,2.26356125,2.26356125,-8.007948,1.56021917,-9.010428,20.817503,-1.41455078,0.263679475,-8.0,0.0,-8.0,0.0,0.0,0.0,0.0,0.0,0.0,0.0
28.6840534,DATA,1,1,0,10,0,2.318966,2.318966,-8.007364,1.56048369,-9.011115,20.4814835,-0.783447266,0.237593,-8.0,0.0,-8.0,0.0,0.0,0.0,0.0,0.0,0.0,0.0
28.74016,DATA,1,1,0,10,0,2.37507248,2.37507248,-8.00677,1.56101012,-9.011802,20.2325211,-0.00726318359,0.3875883,-8.0,0.0,-8.0,0.0,0.0,0.0,0.0,0.0,0.0,0.0
28.7955875,DATA,1,1,0,10,0,2.4305,2.4305,-8.006424,1.56136966,-9.012099,19.9994183,0.382632166,0.4907119,-8.0,0.0,-8.0,0.0,0.0,0.0,0.0,0.0,0.0,0.0
28.85072,DATA,1,1,0,10,0,2.485632,2.485632,-8.006495,1.561509,-9.012161,20.0003357,0.351874471,0.642138,-8.0,0.0,-8.0,0.0,0.0,0.0,0.0,0.0,0.0,0.0
28.9059639,DATA,1,1,0,10,0,2.54087639,2.54087639,-8.006555,1.56128836,-9.012226,20.0745564,0.313695937,0.8305864,-8.0,0.0,-8.0,0.0,0.0,0.0,0.0,0.0,0.0,0.0
28.9623165,DATA,1,1,0,10,0,2.597229,2.597229,-8.006572,1.5610584,-9.012169,20.2112961,0.446133465,0.8449962,-8.0,0.0,-8.0,0.0,0.0,0.0,0.0,0.0,0.0,0.0
29.0178757,DATA,1,1,0,10,0,2.65278816,2.65278816,-8.006529,1.56074774,-9.01215649,20.3361931,0.5604788,0.842687964,-8.0,0.0,-8.0,0.0,0.0,0.0,0.0,0.0,0.0,0.0
29.07303,DATA,1,1,0,10,0,2.707943,2.707943,-8.006615,1.554768,-8.886152,20.24407,0.56426686,0.846037745,-8.0,-0.005910516,-7.873934,0.0,0.0,0.0,1.0,0.0,0.0,0.0
29.1285877,DATA,1,1,0,10,0,2.76350021,2.76350021,-8.006696,1.5507369,-8.722191,20.075285,0.715291,0.844151139,-8.0,-0.01000005,-7.709683,0.0,0.0,0.0,1.0,0.0,0.0,0.0
29.1847172,DATA,1,1,0,10,0,2.81962967,2.81962967,-8.006445,1.55083323,-8.555313,19.79259,0.965375662,0.914111555,-8.0,-0.01000005,-7.54221344,0.0,0.0,0.0,1.0,0.0,0.0,0.0
29.2398224,DATA,1,1,0,10,0,2.87473488,2.87473488,-8.006071,1.55079663,-8.431378,19.6451187,1.31105208,0.9414296,-8.0,-0.01000011,-7.417467,0.0,0.0,0.0,0.0,0.0,0.0,0.0
29.2956944,DATA,1,1,0,10,0,2.93060684,2.93060684,-8.005614,1.551066,-8.432312,19.4650021,1.53866577,0.958928347,-8.0,-0.01000011,-7.417467,0.0,0.0,0.0,0.0,0.0,0.0,0.0
29.35075,DATA,1,1,0,10,0,2.98566246,2.98566246,-8.005204,1.55121458,-8.433077,19.3197041,1.68745351,1.01058531,-8.0,-0.01000011,-7.417467,0.0,0.0,0.0,0.0,0.0,0.0,0.0
29.4058952,DATA,1,1,0,10,0,3.04080772,3.04080772,-8.004906,1.55153632,-8.433684,18.988409,1.56388044,0.9719555,-8.0,-0.01000011,-7.417467,0.0,0.0,0.0,0.0,0.0,0.0,0.0
29.4619923,DATA,1,1,0,10,0,3.09690475,3.09690475,-8.004396,1.55204737,-8.434261,18.5851917,1.51899278,0.951059163,-8.0,-0.01000011,-7.417467,0.0,0.0,0.0,1.0,0.0,0.0,0.0
29.5174732,DATA,1,1,0,10,0,3.15238571,3.15238571,-8.003608,1.55265,-8.26643,18.3013153,1.70618033,0.7949963,-8.0,-0.01000005,-7.249082,0.0,0.0,0.0,1.0,0.0,0.0,0.0
29.5732021,DATA,1,1,0,10,0,3.20811462,3.20811462,-8.003003,1.55305469,-8.099716,18.1369076,1.732493,0.732480645,-8.0,-0.01000011,-7.081782,0.0,0.0,0.0,1.0,0.0,0.0,0.0
29.62861,DATA,1,1,0,10,0,3.263523,3.263523,-8.00265,1.55310392,-7.93048525,18.0873966,1.584696,0.6505825,-8.0,-0.01000005,-6.912192,0.0,0.0,0.0,1.0,0.0,0.0,0.0
29.684145,DATA,1,1,0,10,0,3.31905746,3.31905746,-8.002489,1.55316544,-7.807513,18.1052456,1.50434864,0.614633739,-8.0,-0.01000005,-6.78892756,0.0,0.0,0.0,0.0,0.0,0.0,0.0
29.7400665,DATA,1,1,0,10,0,3.374979,3.374979,-8.002256,1.55297065,-7.807479,18.124342,1.44588292,0.5596639,-8.0,-0.01000005,-6.78892756,0.0,0.0,0.0,0.0,0.0,0.0,0.0
29.7954311,DATA,1,1,0,10,0,3.43034363,3.43034363,-8.002432,1.55294085,-7.80759668,18.233,1.38695407,0.5179793,-8.0,-0.01000005,-6.78892756,0.0,0.0,0.0,0.0,0.0,0.0,0.0
29.85086,DATA,1,1,0,10,0,3.485773,3.485773,-8.002501,1.552697,-7.807367,18.30324,1.27139533,0.5140634,-8.0,-0.01000005,-6.78892756,0.0,0.0,0.0,0.0,0.0,0.0,0.0
29.90668,DATA,1,1,0,10,0,3.54159164,3.54159164,-8.002684,1.55289531,-7.80718374,18.2594872,1.20313144,0.5150929,-8.0,-0.01000005,-6.78892756,0.0,0.0,0.0,0.0,0.0,0.0,0.0
29.9617462,DATA,1,1,0,10,0,3.59665871,3.59665871,-8.003033,1.552843,-7.76655674,18.2184448,1.14596927,0.5987162,-8.0,-0.01000011,-6.748613,0.0,0.0,0.0,1.0,0.0,0.0,0.0
30.0178757,DATA,1,1,0,10,0,3.65278816,3.65278816,-8.003549,1.55296791,-7.59855,18.2150421,0.988202453,0.6631767,-8.0,-0.01000011,-6.58085442,0.0,0.0,0.0,1.0,0.0,0.0,0.0
30.07277,DATA,1,1,0,10,0,3.70768166,3.70768166,-8.003988,1.55270267,-7.43035,18.29983,0.9064611,0.687545955,-8.0,-0.01000005,-6.412864,0.0,0.0,0.0,1.0,0.0,0.0,0.0
30.1286411,DATA,1,1,0,10,0,3.76355362,3.76355362,-8.004476,1.55243838,-7.26507664,18.3669624,0.814452231,0.693104,-8.0,-0.01000011,-6.24774361,0.0,0.0,0.0,1.0,0.0,0.0,0.0
30.18432,DATA,1,1,1,10,0,3.819233,3.819233,-8.004833,1.55234647,-7.09687662,18.31495,0.7411758,0.7371765,-8.0,-0.0100001693,-6.079741,0.0,0.0,0.0,1.0,0.0,0.0,0.0
30.2401276,DATA,1,1,1,10,0,3.87504,3.87504,-8.004954,1.552377,-6.929555,18.3143139,0.7184892,0.780530632,-8.0,-0.01000005,-5.912545,0.0,0.0,0.0,1.0,0.0,0.0,0.0
30.29512,DATA,1,1,1,10,0,3.93003273,3.93003273,-8.004803,1.55232275,-6.76524973,18.375021,0.7316354,0.7517771,-8.0,-0.01000011,-5.74835062,0.0,0.0,0.0,1.0,0.0,0.0,0.0
30.350769,DATA,1,1,1,10,0,3.98568153,3.98568153,-8.004563,1.55214608,-6.59555054,18.4190712,0.649276733,0.6379179,-8.0,-0.01000011,-5.578797,0.0,0.0,0.0,1.0,0.0,0.0,0.0
30.40709,DATA,1,1,1,10,0,4.04200172,4.04200172,-8.004284,1.55212557,-6.429406,18.4811974,0.6658513,0.6227351,-8.0,-0.01000011,-5.41273546,0.0,0.0,0.0,1.0,0.0,0.0,0.0
30.461895,DATA,1,1,1,10,0,4.09680748,4.09680748,-8.003785,1.5519352,-6.266721,18.5086575,0.604009449,0.513652861,-8.0,-0.01000005,-5.250266,0.0,0.0,0.0,1.0,0.0,0.0,0.0
30.51802,DATA,1,1,1,10,0,4.152933,4.152933,-8.003404,1.5520184,-6.09826756,18.4953423,0.635802269,0.450234056,-8.0,-0.01000011,-5.081786,0.0,0.0,0.0,1.0,0.0,0.0,0.0
30.5724487,DATA,1,1,1,10,0,4.207361,4.207361,-8.002874,1.55199957,-5.929894,18.5038261,0.66906023,0.390420169,-8.0,-0.01000005,-4.91354275,0.0,0.0,0.0,1.0,0.0,0.0,0.0
30.6282539,DATA,1,1,1,10,0,4.26316643,4.26316643,-8.002335,1.5519762,-5.89033,18.5626,0.7737558,0.299497157,-8.0,-0.01000005,-4.873863,0.0,0.0,0.0,0.0,0.0,0.0,0.0
30.6841221,DATA,1,1,1,10,0,4.31903458,4.31903458,-8.035799,1.55168986,-5.88983059,18.6737213,3.65607953,0.2574856,-8.0,-0.01000005,-4.873863,1.90308392,0.775414348,-0.6313975,0.0,0.0,0.0,0.0
30.739399,DATA,1,1,1,10,0,4.37431145,4.37431145,-8.102463,1.551727,-5.88543224,18.7228317,7.40811634,0.226468667,-8.0,-0.01000005,-4.873863,5.683659,0.717215538,-0.696768045,0.0,0.0,0.0,0.0
30.7946129,DATA,1,1,1,10,0,4.42952538,4.42952538,-8.117599,1.55162573,-5.883905,18.7317486,7.534653,0.2478788,-8.0,-0.01000005,-4.873863,6.56885624,0.0,0.0,0.0,0.0,0.0,0.0
30.849514,DATA,1,1,1,10,0,4.4844265,4.4844265,-8.117452,1.55162859,-5.884044,18.7797623,7.572389,0.216437265,-8.0,-0.01000005,-4.873863,6.56885624,0.0,0.0,0.0,0.0,0.0,0.0
30.905777,DATA,1,1,1,10,0,4.54068947,4.54068947,-8.117398,1.5515728,-5.8840456,18.7808266,7.59947872,0.2295779,-8.0,-0.01000005,-4.873863,6.56885624,0.0,0.0,0.0,0.0,0.0,0.0
30.9617081,DATA,1,1,1,10,0,4.59662056,4.59662056,-8.117425,1.55147862,-5.88411427,18.87009,7.70566225,0.252601177,-8.0,-0.01000005,-4.873863,6.56885624,0.0,0.0,0.0,0.0,0.0,0.0
31.0172329,DATA,1,1,1,10,0,4.65214539,4.65214539,-8.117525,1.5512197,-5.88406372,19.00617,7.74768448,0.2664531,-8.0,-0.01000005,-4.873863,6.56885624,0.0,0.0,0.0,0.0,0.0,0.0
31.072401,DATA,1,1,1,10,0,4.70731354,4.70731354,-8.1177,1.55096269,-5.883814,19.1094551,7.687893,0.282457322,-8.0,-0.01000005,-4.873863,6.56885624,0.0,0.0,0.0,0.0,0.0,0.0
31.1276627,DATA,1,1,1,10,0,4.762575,4.762575,-8.117993,1.55089235,-5.883452,19.1576672,7.53820133,0.261021376,-8.0,-0.01000005,-4.873863,6.56885624,0.0,0.0,0.0,0.0,0.0,0.0
31.1838741,DATA,1,1,1,10,0,4.81878662,4.81878662,-8.118229,1.55058861,-5.88307,19.2483768,7.4605,0.20984669,-8.0,-0.01000005,-4.873863,6.56885624,0.0,0.0,0.0,0.0,0.0,0.0
31.23917,DATA,1,1,1,10,0,4.87408257,4.87408257,-8.135885,1.55042529,-5.88057232,19.3539562,9.094057,0.148108378,-8.0,-0.01000005,-4.873863,7.540943,0.7823725,-0.6227912,0.0,0.0,0.0,0.0
31.2946472,DATA,1,1,1,10,0,4.92955971,4.92955971,-8.169785,1.55019546,-5.8751173,19.4393959,10.1542511,0.205100238,-8.0,-0.01000005,-4.873863,9.475028,0.0,0.0,0.0,0.0,0.0,0.0
31.3501148,DATA,1,1,1,10,0,4.98502731,4.98502731,-8.170027,1.55017424,-5.874775,19.4638,10.1357679,0.2660401,-8.0,-0.01000005,-4.873863,9.475028,0.0,0.0,0.0,0.0,0.0,0.0
31.4061337,DATA,1,1,1,10,0,5.041046,5.041046,-8.170289,1.55002761,-5.874517,19.5441914,10.2028475,0.412106752,-8.0,-0.01000005,-4.873863,9.475028,0.0,0.0,0.0,0.0,0.0,0.0
31.4620266,DATA,1,1,1,10,0,5.096939,5.096939,-8.170598,1.54997063,-5.87426567,19.61214,10.2041273,0.454517066,-8.0,-0.01000005,-4.873863,9.475028,0.0,0.0,0.0,0.0,0.0,0.0
31.51736,DATA,1,1,1,10,0,5.152273,5.152273,-8.170889,1.54974437,-5.87385845,19.6425915,10.8853254,0.4239046,-8.0,-0.01000005,-4.873863,9.475028,0.7181616,-0.456801057,0.0,0.0,0.0,0.0
31.57249,DATA,1,1,1,10,0,5.207403,5.207403,-8.242771,1.549732,-5.858574,19.7103462,15.1631794,0.5024562,-8.0,-0.01000005,-4.873863,13.6187782,0.867000341,-0.498275757,0.0,0.0,0.0,0.0
31.6279125,DATA,1,1,1,10,0,5.262825,5.262825,-8.31711,1.54944277,-5.836821,19.8070278,19.429348,0.503626466,-8.0,-0.01000005,-4.873863,17.9941044,0.867000341,-0.498275757,0.0,0.0,0.0,0.0
31.6835651,DATA,1,1,1,10,0,5.31847763,5.31847763,-8.387499,1.54937863,-5.8104167,19.86938,23.78964,0.514721632,-8.0,-0.01000005,-4.873863,22.2449913,0.8615986,-0.5075228,0.0,0.0,0.0,0.0
31.7391911,DATA,1,1,1,10,0,5.37410355,5.37410355,-8.456972,1.54925585,-5.77836847,19.9077263,28.1238213,0.455196321,-8.0,-0.01000005,-4.873863,26.5778446,0.8591876,-0.511551261,0.0,0.0,0.0,0.0
31.7953358,DATA,1,1,1,10,0,5.43024826,5.43024826,-8.523789,1.54915762,-5.74122572,19.9321613,32.5314,0.452129722,-8.0,-0.01000005,-4.873863,30.917593,0.857539654,-0.514359,0.0,0.0,0.0,0.0
31.8500881,DATA,1,1,1,10,0,5.48500061,5.48500061,-8.586277,1.5491581,-5.70027447,19.94442,36.8321533,0.428195447,-8.0,-0.01000005,-4.873863,35.16309,0.85345006,-0.521164536,0.0,0.0,0.0,0.0
31.9062653,DATA,1,1,1,10,0,5.54117775,5.54117775,-8.645734,1.54901266,-5.654756,19.9616528,41.1497726,0.368098736,-8.0,-0.01000005,-4.873863,39.4209137,0.852046251,-0.5234535,0.0,0.0,0.0,0.0
31.9613838,DATA,1,1,1,10,0,5.59629631,5.59629631,-8.701778,1.54913139,-5.605107,19.9746628,45.4110222,0.299168855,-8.0,-0.01000005,-4.873863,43.6671944,0.851374865,-0.5245216,0.0,0.0,0.0,0.0
32.0177,DATA,1,1,1,10,0,5.65261269,5.65261269,-8.754297,1.54903221,-5.55111265,19.9819031,49.80579,0.261214733,-8.0,-0.01000005,-4.873863,47.94562,0.8496659,-0.5272378,0.0,0.0,0.0,0.0
32.07214,DATA,1,1,1,10,0,5.707052,5.707052,-8.802383,1.54910254,-5.493838,19.9376469,53.98423,0.242245123,-8.0,-0.01000005,-4.873863,52.1930466,0.8436537,-0.536851048,0.0,0.0,0.0,0.0
32.12769,DATA,1,1,1,10,0,5.762602,5.762602,-8.84561,1.54898,-5.43379,19.97166,58.27594,0.223457828,-8.0,-0.01000005,-4.873863,56.39047,0.842738152,-0.538255,0.0,0.0,0.0,0.0
32.1834831,DATA,1,1,1,10,0,5.81839561,5.81839561,-8.883989,1.54911041,-5.371334,20.0200672,62.5607643,0.226172641,-8.0,-0.01000005,-4.873863,60.5445442,0.842738152,-0.538255,0.0,0.0,0.0,0.0
32.23949,DATA,1,1,1,10,0,5.874403,5.874403,-8.918423,1.54895091,-5.304488,20.0346832,66.91765,0.2523882,-8.0,-0.01000005,-4.873863,64.80822,0.842738152,-0.538255,0.0,0.0,0.0,0.0
32.2947273,DATA,1,1,1,10,0,5.92964,5.92964,-8.947535,1.548949,-5.236193,20.043726,71.20095,0.218863368,-8.0,-0.01000005,-4.873863,69.011055,0.842738152,-0.538255,0.0,0.0,0.0,0.0
32.34954,DATA,1,1,1,10,0,5.984453,5.984453,-8.971642,1.5488801,-5.165426,20.0428658,75.486,0.248614326,-8.0,-0.01000005,-4.873863,73.246254,0.842738152,-0.538255,0.0,0.0,0.0,0.0
32.4055252,DATA,1,1,1,10,0,6.0404377,6.0404377,-8.990206,1.54898381,-5.093997,20.0286522,79.75709,0.216706887,-8.0,-0.01000005,-4.873863,77.41898,0.842738152,-0.538255,0.0,0.0,0.0,0.0
32.4616852,DATA,1,1,1,10,0,6.09659767,6.09659767,-9.003537,1.5490315,-5.021086,19.9736767,83.9566,0.194985315,-8.0,-0.01000005,-4.873863,81.61022,0.842738152,-0.538255,0.0,0.0,0.0,0.0
32.51682,DATA,1,1,1,10,0,6.15173149,6.15173149,-9.011574,1.54908347,-4.946319,19.9244518,88.09404,0.1651449,-8.0,-0.01000005,-4.873863,85.86218,0.842738152,-0.538255,0.0,0.0,0.0,0.0
32.5722046,DATA,1,1,1,10,0,6.207117,6.207117,-9.01411152,1.54914,-4.871297,19.9042454,92.25259,0.11755272,-8.0,-0.01000005,-4.873863,90.10241,0.842738152,-0.538255,0.0,0.0,0.0,0.0
32.6277,DATA,1,1,1,10,0,6.2626133,6.2626133,-9.0111475,1.54900742,-4.79722643,19.8885937,96.4515457,0.132444754,-8.0,-0.01000005,-4.873863,94.2922,0.842738152,-0.538255,0.0,0.0,0.0,0.0
32.683548,DATA,1,1,1,10,0,6.31846046,6.31846046,-9.002822,1.54904509,-4.72348,19.8898926,100.692696,0.178637147,-8.0,-0.01000005,-4.873863,98.48242,0.842738152,-0.538255,0.0,0.0,0.0,0.0
32.73945,DATA,1,1,1,10,0,6.374361,6.374361,-8.988905,1.5489738,-4.64978456,19.8696976,104.919411,0.126848578,-8.0,-0.01000005,-4.873863,102.720192,0.842738152,-0.538255,0.0,0.0,0.0,0.0
32.79475,DATA,1,1,1,10,0,6.4296627,6.4296627,-8.969637,1.54918194,-4.57721233,19.79881,109.095123,0.115195207,-8.0,-0.01000005,-4.873863,106.960739,0.842738152,-0.538255,0.0,0.0,0.0,0.0
32.8500977,DATA,1,1,1,10,0,6.48501,6.48501,-8.945198,1.54916811,-4.506585,19.7703476,113.18557,0.132896915,-8.0,-0.01000005,-4.873863,111.179413,0.842738152,-0.538255,0.0,0.0,0.0,0.0
32.90653,DATA,1,1,1,10,0,6.541441,6.541441,-8.915957,1.54926443,-4.438667,19.7898655,117.35833,0.124507375,-8.0,-0.01000005,-4.873863,115.348206,0.842738152,-0.538255,0.0,0.0,0.0,0.0
32.9613838,DATA,1,1,1,10,0,6.59629631,6.59629631,-8.881729,1.54910851,-4.372784,19.80794,121.420586,0.103258647,-8.0,-0.01000005,-4.873863,119.538559,0.842738152,-0.538255,0.0,0.0,0.0,0.0
33.0171852,DATA,1,1,1,10,0,6.6520977,6.6520977,-8.84225,1.54911423,-4.308827,19.8515549,125.587479,0.09353814,-8.0,-0.01000005,-4.873863,123.774269,0.842738152,-0.538255,0.0,0.0,0.0,0.0
33.0726051,DATA,1,1,1,10,0,6.70751762,6.70751762,-8.797367,1.54893923,-4.247019,19.88884,129.712372,0.121711381,-8.0,-0.01000005,-4.873863,128.07933,0.842738152,-0.538255,0.0,0.0,0.0,0.0
33.1278877,DATA,1,1,1,10,0,6.7628,6.7628,-8.749427,1.54892564,-4.190474,19.8923836,133.797,0.119985841,-8.0,-0.01000005,-4.873863,132.253922,0.842738152,-0.538255,0.0,0.0,0.0,0.0
33.1835175,DATA,1,1,1,10,0,6.81843,6.81843,-8.697711,1.548868,-4.137813,19.9188652,137.946609,0.146680057,-8.0,-0.01000005,-4.873863,136.412537,0.847041249,-0.5314493,0.0,0.0,0.0,0.0
33.23938,DATA,1,1,1,10,0,6.87429237,6.87429237,-8.639581,1.54879093,-4.086946,19.981348,142.196625,0.153069228,-8.0,-0.01000005,-4.873863,140.770325,0.88900423,-0.457808137,0.0,0.0,0.0,0.0
33.29557,DATA,1,1,1,10,0,6.930483,6.930483,-8.52812,1.54872179,-4.1085887,19.992466,146.157059,0.172327623,-7.95000553,-0.01000005,-4.941494,145.107468,0.6040529,-0.116946936,1.0,0.0,0.0,0.0
33.3495941,DATA,1,1,1,10,0,6.98450661,6.98450661,-8.423205,1.54850125,-4.238358,20.0486145,146.348511,0.160208285,-7.8562665,-0.01000005,-5.078806,145.875381,0.0,0.0,1.0,0.0,0.0,0.0
33.4060974,DATA,1,1,1,10,0,7.04101,7.04101,-8.330251,1.54833579,-4.37557745,20.13924,146.252747,0.118013158,-7.76334858,-0.01000005,-5.215918,145.875381,0.0,0.0,1.0,0.0,0.0,0.0
33.4618073,DATA,1,1,1,10,0,7.09671974,7.09671974,-8.237346,1.54808116,-4.51289034,20.2229214,146.168625,0.008505846,-7.67042542,-0.01000005,-5.353038,145.875381,0.0,0.0,1.0,0.0,0.0,0.0
33.51761,DATA,1,1,1,10,0,7.152521,7.152521,-8.142535,1.54808366,-4.652826,20.2504387,146.037933,-0.0606384277,-7.575678,-0.01000011,-5.4928503,145.875381,0.0,0.0,1.0,0.0,0.0,0.0
33.5726242,DATA,1,1,1,10,0,7.2075367,7.2075367,-8.05032349,1.54799843,-4.78911829,20.2655869,145.9801,-0.161010742,-7.483457,-0.01000005,-5.628934,145.875381,0.0,0.0,1.0,0.0,0.0,0.0
33.62766,DATA,1,1,1,10,0,7.26257133,7.26257133,-7.953836,1.54822755,-4.93156576,20.2237415,145.8978,-0.189788818,-7.386992,-0.01000005,-5.77128029,145.875381,0.0,0.0,1.0,0.0,0.0,0.0
33.6835976,DATA,1,1,1,10,0,7.31851,7.31851,-7.86300945,1.54820585,-5.06558847,20.1831741,145.85643,-0.167755127,-7.29618025,-0.00999999,-5.905285,145.875381,0.0,0.0,1.0,0.0,0.0,0.0
33.7396431,DATA,1,1,1,10,0,7.37455559,7.37455559,-7.769374,1.54834747,-5.20377827,20.1639423,145.839722,-0.151153564,-7.20247,-0.01000005,-6.043566,145.875381,0.0,0.0,1.0,0.0,0.0,0.0
33.79542,DATA,1,1,1,10,0,7.430334,7.430334,-7.67570353,1.54838085,-5.34211969,20.1049328,145.8092,-0.2671814,-7.108691,-0.01000005,-6.18194866,145.875381,0.0,0.0,1.0,0.0,0.0,0.0
33.850193,DATA,1,1,1,10,0,7.48510551,7.48510551,-7.58353233,1.54913878,-5.47796869,19.6867237,145.804245,-0.340362549,-7.01647,-0.01000005,-6.31803226,145.875381,0.0,0.0,1.0,0.0,0.0,0.0
33.9055557,DATA,1,1,1,10,0,7.540468,7.540468,-7.490667,1.55119991,-5.614794,18.50689,145.805328,-0.397277832,-6.92347,-0.01000005,-6.455266,145.875381,0.0,0.0,1.0,0.0,0.0,0.0
33.9609528,DATA,1,1,1,10,0,7.59586525,7.59586525,-7.395062,1.55381763,-5.75552464,16.9404182,145.80217,-0.19052124,-6.827633,-0.00999999,-6.596686,145.875381,0.0,0.0,1.0,0.0,0.0,0.0
34.0174751,DATA,1,1,1,10,0,7.65238762,7.65238762,-7.327589,1.5568862,-5.85511971,15.0926895,146.212769,0.108396821,-6.759566,-0.01000005,-6.69712734,145.875381,0.0,0.0,0.0,0.0,0.0,0.0
34.0723953,DATA,1,1,1,10,0,7.707308,7.707308,-7.32918,1.56044412,-5.85479,12.5539389,147.66478,0.6974352,-6.759566,-0.01000005,-6.69712734,145.875381,0.0,0.0,0.0,0.0,0.0,0.0
34.1276054,DATA,1,1,1,10,0,7.762518,7.762518,-7.33217764,1.56501174,-5.85453,9.717207,150.301483,1.1807605,-6.759566,-0.01000005,-6.69712734,145.875381,0.0,0.0,0.0,0.0,0.0,0.0
34.1833229,DATA,1,1,1,10,0,7.8182354,7.8182354,-7.33636761,1.569308,-5.853711,7.25155735,153.994568,1.58344388,-6.759566,-0.01000005,-6.69712734,145.875381,0.0,0.0,0.0,0.0,0.0,0.0
34.2401276,DATA,1,1,1,10,0,7.87504,7.87504,-7.34139252,1.57323551,-5.85244226,4.89751148,157.837524,2.084448,-6.759566,-0.01000005,-6.69712734,145.875381,0.0,0.0,0.0,0.0,0.0,0.0
34.2953339,DATA,1,1,1,10,0,7.93024635,7.93024635,-7.34564924,1.57644963,-5.850959,2.66269779,160.79863,2.92631531,-6.759566,-0.01000005,-6.69712734,145.875381,0.0,0.0,0.0,0.0,0.0,0.0
34.35047,DATA,1,1,1,10,0,7.985384,7.985384,-7.349031,1.57894087,-5.84928226,1.03984952,163.126968,3.59211683,-6.759566,-0.01000005,-6.69712734,145.875381,0.0,0.0,0.0,0.0,0.0,0.0
34.40672,DATA,1,1,1,10,0,8.041632,8.041632,-7.351874,1.58096766,-5.8475523,-0.3951416,164.824112,4.33403063,-6.759566,-0.01000005,-6.69712734,145.875381,0.0,0.0,0.0,0.0,0.0,0.0
34.4626,DATA,1,1,1,10,0,8.097513,8.097513,-7.35368538,1.58262563,-5.845971,-1.55883789,165.948853,5.051636,-6.759566,-0.01000005,-6.69712734,145.875381,0.0,0.0,0.0,0.0,0.0,0.0
34.5183,DATA,1,1,1,10,0,8.153212,8.153212,-7.35542059,1.58363247,-5.84454155,-2.4788208,166.792831,5.61382627,-6.759566,-0.01000005,-6.69712734,145.875381,0.0,0.0,0.0,0.0,0.0,0.0
34.5725441,DATA,1,1,1,10,0,8.207457,8.207457,-7.356692,1.58390617,-5.843534,-2.75054932,167.57901,5.941685,-6.759566,-0.01000005,-6.69712734,145.875381,0.0,0.0,0.0,0.0,0.0,0.0
34.6281357,DATA,1,1,1,10,0,8.263048,8.263048,-7.35743952,1.58330655,-5.842648,-2.52841187,167.545761,5.712408,-6.759566,-0.01000005,-6.69712734,145.875381,0.0,0.0,0.0,0.0,0.0,0.0
34.6835136,DATA,1,1,1,10,0,8.318426,8.318426,-7.3576107,1.58280849,-5.84206629,-2.03518677,166.81955,5.303356,-6.759566,-0.01000005,-6.69712734,145.875381,0.0,0.0,0.0,0.0,0.0,0.0
34.73982,DATA,1,1,1,10,0,8.374731,8.374731,-7.35709763,1.58194137,-5.84186649,-1.24551392,165.822357,4.62783337,-6.759566,-0.01000005,-6.69712734,145.875381,0.0,0.0,0.0,0.0,0.0,0.0
34.7945557,DATA,1,1,1,10,0,8.429468,8.429468,-7.356605,1.5800736,-5.841544,0.272845745,164.314621,3.6461997,-6.759566,-0.01000005,-6.69712734,145.875381,0.0,0.0,0.0,0.0,0.0,0.0
34.8496,DATA,1,1,1,10,0,8.484514,8.484514,-7.35593557,1.57757521,-5.8418684,2.243921,162.434677,1.87442207,-6.759566,-0.01000005,-6.69712734,145.875381,0.0,0.0,0.0,0.0,0.0,0.0
34.9056,DATA,1,1,1,10,0,8.540514,8.540514,-7.3553133,1.57549286,-5.842271,3.93916345,160.402863,0.06462508,-6.759566,-0.01000005,-6.69712734,145.875381,0.0,0.0,0.0,0.0,0.0,0.0
34.96186,DATA,1,1,1,10,0,8.596773,8.596773,-7.354664,1.57452655,-5.84376764,4.80632353,158.859,-1.31896973,-6.759566,-0.01000005,-6.69712734,145.875381,0.0,0.0,0.0,0.0,0.0,0.0
35.01733,DATA,1,1,1,10,0,8.652243,8.652243,-7.35459232,1.574197,-5.844585,5.04714155,157.980759,-2.104126,-6.759566,-0.01000005,-6.69712734,145.875381,0.0,0.0,0.0,0.0,0.0,0.0
35.07192,DATA,1,1,1,10,0,8.706831,8.706831,-7.354492,1.57442975,-5.84634638,5.158632,157.474655,-2.3296814,-6.759566,-0.01000005,-6.69712734,145.875381,0.0,0.0,0.0,0.0,0.0,0.0
35.1275,DATA,1,1,1,10,0,8.762411,8.762411,-7.35460758,1.57409549,-5.8474164,5.44784832,157.097046,-2.33306885,-6.759566,-0.01000005,-6.69712734,145.875381,0.0,0.0,0.0,0.0,0.0,0.0
35.1833076,DATA,1,1,1,10,0,8.81822,8.81822,-7.35459948,1.57353806,-5.84813452,5.71617031,156.708771,-2.16311646,-6.759566,-0.01000005,-6.69712734,145.875381,0.0,0.0,0.0,0.0,0.0,0.0
35.2386665,DATA,1,1,1,10,0,8.873579,8.873579,-7.354384,1.57277536,-5.849057,6.013037,156.565292,-1.94708252,-6.759566,-0.01000005,-6.69712734,145.875381,0.0,0.0,0.0,0.0,0.0,0.0
35.2945061,DATA,1,1,1,10,0,8.929419,8.929419,-7.35396338,1.57196259,-5.849909,6.28125954,156.3635,-1.55892944,-6.759566,-0.01000005,-6.69712734,145.875381,0.0,0.0,0.0,0.0,0.0,0.0
35.3496552,DATA,1,1,1,10,0,8.984568,8.984568,-7.35330772,1.570971,-5.85024261,6.7953763,155.916977,-1.20175171,-6.759566,-0.01000005,-6.69712734,145.875381,0.0,0.0,0.0,0.0,0.0,0.0
35.4055824,DATA,1,1,1,10,0,9.040495,9.040495,-7.352452,1.56988692,-5.85060167,7.410745,155.217468,-0.8001404,-6.759566,-0.01000005,-6.69712734,145.875381,0.0,0.0,0.0,0.0,0.0,0.0
35.46082,DATA,1,1,1,10,0,9.095732,9.095732,-7.351355,1.56913424,-5.850982,7.86971331,154.655655,-0.529754639,-6.759566,-0.01000005,-6.69712734,145.875381,0.0,0.0,0.0,0.0,0.0,0.0
35.51672,DATA,1,1,1,10,0,9.151632,9.151632,-7.350294,1.56875348,-5.851009,8.140946,154.33313,-0.262420654,-6.759566,-0.01000005,-6.69712734,145.875381,0.0,0.0,0.0,0.0,0.0,0.0
35.5720329,DATA,1,1,1,10,0,9.206945,9.206945,-7.34937763,1.56858134,-5.851135,8.306483,154.071472,-0.207519531,-6.759566,-0.01000005,-6.69712734,145.875381,0.0,0.0,0.0,0.0,0.0,0.0
35.6270638,DATA,1,1,1,10,0,9.261976,9.261976,-7.34863424,1.56822014,-5.8514514,8.470726,153.797684,-0.111724854,-6.759566,-0.01000005,-6.69712734,145.875381,0.0,0.0,0.0,0.0,0.0,0.0
35.6831245,DATA,1,1,1,10,0,9.318037,9.318037,-7.347915,1.5680654,-5.85153341,8.542457,153.5228,-0.0859985352,-6.759566,-0.01000005,-6.69712734,145.875381,0.0,0.0,0.0,0.0,0.0,0.0
35.7392349,DATA,1,1,1,10,0,9.374147,9.374147,-7.347403,1.56812143,-5.851654,8.456039,153.456573,0.158157334,-6.759566,-0.01000005,-6.69712734,145.875381,0.0,0.0,0.0,0.0,0.0,0.0
35.7938652,DATA,1,1,1,10,0,9.428778,9.428778,-7.34708261,1.56791258,-5.85174,8.407878,153.637634,0.223036945,-6.759566,-0.01000005,-6.69712734,145.875381,0.0,0.0,0.0,0.0,0.0,0.0
35.8495026,DATA,1,1,1,10,0,9.484415,9.484415,-7.34692144,1.56773663,-5.85196,8.350819,153.8928,0.331587672,-6.759566,-0.01000005,-6.69712734,145.875381,0.0,0.0,0.0,0.0,0.0,0.0
35.9056358,DATA,1,1,1,10,0,9.540548,9.540548,-7.346796,1.5675137,-5.85212946,8.405878,154.087143,0.349064559,-6.759566,-0.01000005,-6.69712734,145.875381,0.0,0.0,0.0,0.0,0.0,0.0
35.96119,DATA,1,1,1,10,0,9.596102,9.596102,-7.34635162,1.56693387,-5.852194,8.529062,153.939819,0.398120165,-6.759566,-0.01000005,-6.69712734,145.875381,0.0,0.0,0.0,0.0,0.0,0.0
36.0168076,DATA,1,1,1,10,0,9.65172,9.65172,-7.345699,1.56644273,-5.852326,8.626515,153.502686,0.5668976,-6.759566,-0.01000005,-6.69712734,145.875381,0.0,0.0,0.0,0.0,0.0,0.0
36.0720177,DATA,1,1,1,10,0,9.70693,9.70693,-7.34508228,1.56576753,-5.85238171,8.87262249,152.90477,0.575267851,-6.759566,-0.01000005,-6.69712734,145.875381,0.0,0.0,0.0,0.0,0.0,0.0
36.1274872,DATA,1,1,1,10,0,9.7624,9.7624,-7.34459639,1.56480408,-5.85237265,9.242818,152.350586,0.503702462,-6.759566,-0.01000005,-6.69712734,145.875381,0.0,0.0,0.0,0.0,0.0,0.0
36.1829,DATA,1,1,1,10,0,9.817812,9.817812,-7.34426832,1.56415534,-5.85237026,9.68961048,151.896072,0.701721251,-6.759566,-0.01000005,-6.69712734,145.875381,0.0,0.0,0.0,0.0,0.0,0.0
36.2387848,DATA,1,1,1,10,0,9.873697,9.873697,-7.34371,1.5633316,-5.85221863,10.0639315,151.3719,0.854645252,-6.759566,-0.01000005,-6.69712734,145.875381,0.0,0.0,0.0,0.0,0.0,0.0
36.29411,DATA,1,1,1,10,0,9.929022,9.929022,-7.342956,1.563051,-5.851753,10.4762621,150.760651,0.9951033,-6.759566,-0.01000005,-6.69712734,145.875381,0.0,0.0,0.0,0.0,0.0,0.0
36.3492775,DATA,1,1,1,10,0,9.98419,9.98419,-7.342311,1.56342363,-5.85134649,10.6509333,150.290909,1.27109194,-6.759566,-0.01000005,-6.69712734,145.875381,0.0,0.0,0.0,0.0,0.0,0.0
36.4053459,DATA,1,1,1,10,0,10.0402584,10.0402584,-7.3417635,1.563735,-5.85090542,10.6151133,149.891708,1.25983274,-6.759566,-0.01000005,-6.69712734,145.875381,0.0,0.0,0.0,0.0,0.0,0.0
36.4617767,DATA,1,1,1,10,0,10.0966892,10.0966892,-7.341585,1.564086,-5.85046625,10.5304146,149.660416,1.38711512,-6.759566,-0.01000005,-6.69712734,145.875381,0.0,0.0,0.0,0.0,0.0,0.0
36.5164528,DATA,1,1,1,10,0,10.1513653,10.1513653,-7.34163952,1.56393027,-5.84960365,10.6972885,149.333374,1.174457,-6.759566,-0.01000005,-6.69712734,145.875381,0.0,0.0,0.0,0.0,0.0,0.0
36.5715141,DATA,1,1,1,10,0,10.2064266,10.2064266,-7.341709,1.563576,-5.849235,10.799654,149.133972,1.12839961,-6.759566,-0.01000005,-6.69712734,145.875381,0.0,0.0,0.0,0.0,0.0,0.0
36.62737,DATA,1,1,1,10,0,10.2622814,10.2622814,-7.34170771,1.5633595,-5.84905434,10.89437,149.055252,1.14160669,-6.759566,-0.01000005,-6.69712734,145.875381,0.0,0.0,0.0,0.0,0.0,0.0
36.68268,DATA,1,1,1,10,0,10.3175907,10.3175907,-7.34171963,1.563055,-5.849034,10.9268179,148.956863,1.05979145,-6.759566,-0.01000005,-6.69712734,145.875381,0.0,0.0,0.0,0.0,0.0,0.0
36.7390251,DATA,1,1,1,10,0,10.3739376,10.3739376,-7.341742,1.56276631,-5.84871531,11.0045061,148.93718,1.02393973,-6.759566,-0.01000005,-6.69712734,145.875381,0.0,0.0,0.0,0.0,0.0,0.0
36.7946053,DATA,1,1,1,10,0,10.4295177,10.4295177,-7.341704,1.56253552,-5.84874773,10.9847012,148.847672,0.914791346,-6.759566,-0.01000005,-6.69712734,145.875381,0.0,0.0,0.0,0.0,0.0,0.0
36.84913,DATA,1,1,1,10,0,10.4840412,10.4840412,-7.34154,1.56251478,-5.84897,10.7653322,148.7879,1.02932346,-6.759566,-0.01000005,-6.69712734,145.875381,0.0,0.0,0.0,0.0,0.0,0.0
36.9053154,DATA,1,1,1,10,0,10.5402279,10.5402279,-7.34125471,1.562026,-5.849561,10.1605587,148.810562,1.3190943,-6.759566,-0.01000005,-6.69712734,145.875381,0.0,0.0,0.0,0.0,0.0,0.0
36.9610252,DATA,1,1,1,10,0,10.5959377,10.5959377,-7.340808,1.56055307,-5.850658,9.183321,148.700989,1.61705971,-6.759566,-0.01000005,-6.69712734,145.875381,0.0,0.0,0.0,0.0,0.0,0.0
37.0168037,DATA,1,1,1,10,0,10.6517162,10.6517162,-7.34029627,1.55874491,-5.85082,8.600789,148.788788,1.10073709,-6.759566,-0.01000005,-6.69712734,145.875381,0.0,0.0,0.0,0.0,0.0,0.0
37.07183,DATA,1,1,1,10,0,10.7067432,10.7067432,-7.341143,1.5585959,-5.849525,9.140962,148.782288,0.962403953,-6.759566,-0.01000005,-6.69712734,145.875381,0.0,0.0,0.0,0.0,0.0,0.0
37.1272736,DATA,1,1,1,10,0,10.7621861,10.7621861,-7.341328,1.56043553,-5.84784126,10.1619816,149.060684,0.8172855,-6.759566,-0.01000005,-6.69712734,145.875381,0.0,0.0,0.0,0.0,0.0,0.0
37.1838531,DATA,1,1,1,10,0,10.8187656,10.8187656,-7.34102154,1.56199336,-5.84752655,9.863545,148.627472,1.27306783,-6.759566,-0.01000005,-6.69712734,145.875381,0.0,0.0,0.0,0.0,0.0,0.0
37.238884,DATA,1,1,1,10,0,10.8737965,10.8737965,-7.34045839,1.56272769,-5.846696,9.518013,148.215912,1.38719618,-6.759566,-0.01000005,-6.69712734,145.875381,0.0,0.0,0.0,0.0,0.0,0.0
37.29354,DATA,1,1,1,10,0,10.9284534,10.9284534,-7.34051943,1.56220269,-5.846825,9.910485,148.16452,1.66732025,-6.759566,-0.01000005,-6.69712734,145.875381,0.0,0.0,0.0,0.0,0.0,0.0
37.3494453,DATA,1,1,1,10,0,10.9843578,10.9843578,-7.34104061,1.56019783,-5.84774065,11.2032843,148.729462,1.73550212,-6.759566,-0.01000005,-6.69712734,145.875381,0.0,0.0,0.0,0.0,0.0,0.0
37.4047852,DATA,1,1,1,10,0,11.0396976,11.0396976,-7.340858,1.55721068,-5.84947062,13.5897188,149.078308,1.84398866,-6.759566,-0.01000005,-6.69712734,145.875381,0.0,0.0,0.0,0.0,0.0,0.0
37.4675827,DATA,1,1,1,10,0,11.1024952,11.1024952,-7.33946037,1.55415392,-5.852574,18.0043888,150.198547,2.58980417,-6.759566,-0.01000005,-6.69712734,145.875381,0.0,0.0,0.0,0.0,0.0,0.0
37.5270081,DATA,1,1,1,10,0,11.1619205,11.1619205,-7.335269,1.55139089,-5.86187458,26.09563,152.353867,3.59740615,-6.759566,-0.01000005,-6.69712734,145.875381,0.0,0.0,0.0,0.0,0.0,0.0
37.5842438,DATA,1,1,1,10,0,11.2191563,11.2191563,-7.32757568,1.54935074,-5.874509,34.4097481,155.488464,5.162309,-6.759566,-0.01000005,-6.69712734,145.875381,0.0,0.0,0.0,0.0,0.0,0.0
37.6387253,DATA,1,1,1,10,0,11.2736378,11.2736378,-7.315415,1.5455606,-5.893129,45.0697327,160.20076,6.737219,-6.759566,-0.01000005,-6.69712734,145.875381,0.0,0.0,0.0,0.0,0.0,0.0
37.6959152,DATA,1,1,1,10,0,11.3308277,11.3308277,-7.29993,1.5365591,-5.916467,56.36668,165.386032,9.534497,-6.759566,-0.01000005,-6.69712734,145.875381,0.0,0.0,0.0,0.0,0.0,0.0
37.7515373,DATA,1,1,1,10,0,11.38645,11.38645,-7.28202248,1.521925,-5.9364357,63.92978,171.0517,14.9180984,-6.759566,-0.01000005,-6.69712734,145.875381,0.0,0.0,0.0,0.0,0.0,0.0
37.8071861,DATA,1,1,1,10,0,11.4420986,11.4420986,-7.262245,1.50374913,-5.948501,68.4476852,-178.712784,25.99136,-6.759566,-0.01000005,-6.69712734,145.875381,0.0,0.0,0.0,0.0,0.0,0.0
37.8640366,DATA,1,1,1,10,0,11.4989491,11.4989491,-7.24367142,1.48490214,-5.951894,69.8362656,-164.913666,40.3347321,-6.759566,-0.01000005,-6.69712734,145.875381,0.0,0.0,0.0,0.0,0.0,0.0
37.9188538,DATA,1,1,1,10,0,11.5537663,11.5537663,-7.228977,1.46471739,-5.94828558,69.88841,-154.566818,51.03244,-6.759566,-0.01000005,-6.69712734,145.875381,0.0,0.0,0.0,0.0,0.0,0.0
37.9751625,DATA,1,1,1,10,0,11.610075,11.610075,-7.219954,1.44480026,-5.94167852,70.24927,-148.882,57.3617668,-6.759566,-0.01000005,-6.69712734,145.875381,0.0,0.0,0.0,0.0,0.0,0.0
38.03065,DATA,1,1,1,10,0,11.6655636,11.6655636,-7.21558046,1.427416,-5.935189,71.22145,-145.920334,61.2110558,-6.759566,-0.01000005,-6.69712734,145.875381,0.0,0.0,0.0,0.0,0.0,0.0
38.08635,DATA,1,1,1,10,0,11.721262,11.721262,-7.214142,1.41363144,-5.930208,72.86065,-144.721924,63.2210579,-6.759566,-0.01000005,-6.69712734,145.875381,0.0,0.0,0.0,0.0,0.0,0.0
38.1423149,DATA,1,1,1,10,0,11.7772274,11.7772274,-7.213828,1.40427077,-5.92738867,74.07404,-142.097488,66.35126,-6.759566,-0.01000005,-6.69712734,145.875381,0.0,0.0,0.0,0.0,0.0,0.0
38.1973839,DATA,1,1,1,10,0,11.8322964,11.8322964,-7.21542835,1.39692581,-5.927158,74.92639,-140.436813,67.51154,-6.759566,-0.01000005,-6.69712734,145.875381,0.0,0.0,0.0,0.0,0.0,0.0
38.25301,DATA,1,1,1,10,0,11.8879223,11.8879223,-7.218097,1.39080787,-5.92885733,75.95421,-137.0116,69.16631,-6.759566,-0.01000005,-6.69712734,145.875381,0.0,0.0,0.0,0.0,0.0,0.0
38.3084221,DATA,1,1,1,10,0,11.9433346,11.9433346,-7.222581,1.38538265,-5.932468,77.17662,-135.455582,68.4904,-6.759566,-0.01000005,-6.69712734,145.875381,0.0,0.0,0.0,0.0,0.0,0.0
38.36414,DATA,1,1,1,10,0,11.999052,11.999052,-7.227975,1.38060212,-5.93591928,78.60406,-136.68074,65.53976,-6.759566,-0.01000005,-6.69712734,145.875381,0.0,0.0,0.0,0.0,0.0,0.0
38.41986,DATA,1,1,1,10,0,12.0547733,12.0547733,-7.23382473,1.37580919,-5.939678,80.21246,-138.4816,62.8168144,-6.759566,-0.01000005,-6.69712734,145.875381,0.0,0.0,0.0,0.0,0.0,0.0
38.47522,DATA,1,1,1,10,0,12.1101322,12.1101322,-7.238766,1.37146354,-5.942879,81.5681152,-139.125626,61.46277,-6.759566,-0.01000005,-6.69712734,145.875381,0.0,0.0,0.0,0.0,0.0,0.0
38.5303535,DATA,1,1,1,10,0,12.165266,12.165266,-7.242684,1.36688328,-5.9464674,82.60612,-132.290634,67.35726,-6.759566,-0.01000005,-6.69712734,145.875381,0.0,0.0,0.0,0.0,0.0,0.0
38.5862045,DATA,1,1,1,10,0,12.221117,12.221117,-7.24529076,1.363194,-5.94817972,83.26953,-134.168625,64.96358,-6.759566,-0.01000005,-6.69712734,145.875381,0.0,0.0,0.0,0.0,0.0,0.0
38.64154,DATA,1,1,1,10,0,12.276453,12.276453,-7.246797,1.36084008,-5.949268,83.6983,-135.126709,63.9389534,-6.759566,-0.01000005,-6.69712734,145.875381,0.0,0.0,0.0,0.0,0.0,0.0
38.69762,DATA,1,1,1,10,0,12.3325329,12.3325329,-7.24773836,1.35975552,-5.949734,84.23989,-139.79422,59.3937874,-6.759566,-0.01000005,-6.69712734,145.875381,0.0,0.0,0.0,0.0,0.0,0.0
38.75251,DATA,1,1,1,10,0,12.3874226,12.3874226,-7.24781132,1.35940719,-5.950263,84.28471,-139.790176,59.8419571,-6.759566,-0.01000005,-6.69712734,145.875381,0.0,0.0,0.0,0.0,0.0,0.0
38.80868,DATA,1,1,1,10,0,12.443594,12.443594,-7.247347,1.35941243,-5.951889,84.3773,-134.257889,65.43278,-6.759566,-0.01000005,-6.69712734,145.875381,0.0,0.0,0.0,0.0,0.0,0.0
38.8641167,DATA,1,1,1,10,0,12.4990292,12.4990292,-7.247069,1.35934865,-5.95370054,84.34528,-128.553589,71.36312,-6.759566,-0.01000005,-6.69712734,145.875381,0.0,0.0,0.0,0.0,0.0,0.0
38.9197769,DATA,1,1,1,10,0,12.5546894,12.5546894,-7.24671936,1.35890627,-5.95589161,84.43637,-122.687668,77.51472,-6.759566,-0.01000005,-6.69712734,145.875381,0.0,0.0,0.0,0.0,0.0,0.0
38.9756355,DATA,1,1,1,10,0,12.610548,12.610548,-7.247009,1.35869741,-5.95742369,84.78624,-120.785278,79.6549759,-6.759566,-0.01000005,-6.69712734,145.875381,0.0,0.0,0.0,0.0,0.0,0.0
39.03025,DATA,1,1,1,10,0,12.665163,12.665163,-7.247498,1.35835576,-5.959684,85.27416,-117.7634,82.88836,-6.759566,-0.01000005,-6.69712734,145.875381,0.0,0.0,0.0,0.0,0.0,0.0
39.0861664,DATA,1,1,1,10,0,12.7210789,12.7210789,-7.247983,1.3585391,-5.9626646,86.0136,-111.476715,89.93603,-6.759566,-0.01000005,-6.69712734,145.875381,0.0,0.0,0.0,0.0,0.0,0.0
39.1415024,DATA,1,1,1,10,0,12.7764149,12.7764149,-7.248441,1.35796642,-5.96762,87.24494,-106.099396,96.6984558,-6.759566,-0.01000005,-6.69712734,145.875381,0.0,0.0,0.0,0.0,0.0,0.0
39.1978455,DATA,1,1,1,10,0,12.8327579,12.8327579,-7.24991035,1.35629511,-5.973689,89.70064,-130.27652,74.40875,-6.759566,-0.01000005,-6.69712734,145.875381,0.0,0.0,0.0,0.0,0.0,0.0
39.2523651,DATA,1,1,1,10,0,12.8872776,12.8872776,-7.253013,1.35414457,-5.98147058,86.9397,77.32704,-75.34793,-6.759566,-0.01000005,-6.69712734,145.875381,0.0,0.0,0.0,0.0,0.0,0.0
39.3086243,DATA,1,1,1,10,0,12.9435368,12.9435368,-7.25815248,1.35285711,-5.98797846,83.41298,80.6326141,-69.99844,-6.759566,-0.01000005,-6.69712734,145.875381,0.0,0.0,0.0,0.0,0.0,0.0
39.36403,DATA,1,1,1,10,0,12.9989414,12.9989414,-7.264322,1.35297775,-5.992613,80.0871,82.11395,-67.53613,-6.759566,-0.01000005,-6.69712734,145.875381,0.0,0.0,0.0,0.0,0.0,0.0
39.4202461,DATA,1,1,1,10,0,13.0551586,13.0551586,-7.270319,1.35559559,-5.9952836,77.919426,80.24525,-69.8469238,-6.759566,-0.01000005,-6.69712734,145.875381,0.0,0.0,0.0,0.0,0.0,0.0
39.4753647,DATA,1,1,1,10,0,13.1102772,13.1102772,-7.27534771,1.35955548,-5.994685,76.76539,79.5164261,-72.15158,-6.759566,-0.01000005,-6.69712734,145.875381,0.0,0.0,0.0,0.0,0.0,0.0
39.5299149,DATA,1,1,1,10,0,13.1648273,13.1648273,-7.277869,1.36490989,-5.99129963,76.6638641,81.6203461,-70.95209,-6.759566,-0.01000005,-6.69712734,145.875381,0.0,0.0,0.0,0.0,0.0,0.0
39.5857925,DATA,1,1,1,10,0,13.220705,13.220705,-7.27708626,1.37199521,-5.98811674,77.05524,81.6073456,-71.96701,-6.759566,-0.01000005,-6.69712734,145.875381,0.0,0.0,0.0,0.0,0.0,0.0
39.6411667,DATA,1,1,1,10,0,13.2760792,13.2760792,-7.277178,1.38155639,-5.98376942,77.7377853,82.9667,-71.17813,-6.759566,-0.01000005,-6.69712734,145.875381,0.0,0.0,0.0,0.0,0.0,0.0
39.6971169,DATA,1,1,1,10,0,13.3320293,13.3320293,-7.279087,1.39395213,-5.97941637,77.70115,83.2744141,-71.3169556,-6.759566,-0.01000005,-6.69712734,145.875381,0.0,0.0,0.0,0.0,0.0,0.0
39.75005,DATA,1,1,1,10,0,13.3849621,13.3849621,-7.282058,1.40796208,-5.97529459,77.84624,85.42329,-69.69934,-6.759566,-0.01000005,-6.69712734,145.875381,0.0,0.0,0.0,0.0,0.0,0.0
39.80763,DATA,1,1,1,10,0,13.4425411,13.4425411,-7.28606033,1.42289841,-5.969908,77.69688,94.6971741,-61.4360962,-6.759566,-0.01000005,-6.69712734,145.875381,0.0,0.0,0.0,0.0,0.0,0.0
39.8633461,DATA,1,1,1,10,0,13.4982586,13.4982586,-7.291064,1.437391,-5.96330357,76.25316,102.99704,-52.69879,-6.759566,-0.01000005,-6.69712734,145.875381,0.0,0.0,0.0,0.0,0.0,0.0
39.91884,DATA,1,1,1,10,0,13.553751,13.553751,-7.299376,1.4479177,-5.95534945,71.67819,110.218285,-44.909668,-6.759566,-0.01000005,-6.69712734,145.875381,0.0,0.0,0.0,0.0,0.0,0.0
39.974247,DATA,1,1,1,10,0,13.6091595,13.6091595,-7.30815649,1.4551928,-5.948862,67.68657,115.165649,-37.88846,-6.759566,-0.01000005,-6.69712734,145.875381,0.0,0.0,0.0,0.0,0.0,0.0
40.0291519,DATA,1,1,1,10,0,13.6640644,13.6640644,-7.313202,1.46037745,-5.9448905,66.38916,117.955261,-35.3014221,-6.759566,-0.01000005,-6.69712734,145.875381,0.0,0.0,0.0,0.0,0.0,0.0
40.08505,DATA,1,1,1,10,0,13.7199612,13.7199612,-7.313393,1.46444678,-5.94145,67.5749,124.416817,-31.7767334,-6.759566,-0.01000005,-6.69712734,145.875381,0.0,0.0,0.0,0.0,0.0,0.0
40.1409,DATA,1,1,1,10,0,13.7758121,13.7758121,-7.31192827,1.4669199,-5.93802834,67.63697,129.332687,-29.2456055,-6.759566,-0.01000005,-6.69712734,145.875381,0.0,0.0,0.0,0.0,0.0,0.0
40.197,DATA,1,1,1,10,0,13.8319111,13.8319111,-7.311303,1.4692136,-5.93374157,66.3113556,132.421036,-26.007019,-6.759566,-0.01000005,-6.69712734,145.875381,0.0,0.0,0.0,0.0,0.0,0.0
40.2511749,DATA,1,1,1,10,0,13.8860874,13.8860874,-7.3122797,1.47210121,-5.93067,64.30901,132.8173,-25.4980774,-6.759566,-0.01000005,-6.69712734,145.875381,0.0,0.0,0.0,0.0,0.0,0.0
40.3066,DATA,1,1,1,10,0,13.9415112,13.9415112,-7.31432152,1.474412,-5.928463,60.8271446,133.754318,-21.8397827,-6.759566,-0.01000005,-6.69712734,145.875381,0.0,0.0,0.0,0.0,0.0,0.0
40.3624229,DATA,1,1,1,10,0,13.9973354,13.9973354,-7.314506,1.47571182,-5.92678,57.60663,134.937851,-21.3200073,-6.759566,-0.01000005,-6.69712734,145.875381,0.0,0.0,0.0,0.0,0.0,0.0
40.41869,DATA,1,1,1,10,0,14.0536022,14.0536022,-7.315268,1.47651052,-5.92432928,53.9762573,136.155731,-19.018219,-6.759566,-0.01000005,-6.69712734,145.875381,0.0,0.0,0.0,0.0,0.0,0.0
40.4731979,DATA,1,1,1,10,0,14.10811,14.10811,-7.31645966,1.47659564,-5.9218626,50.35233,136.2702,-17.7741089,-6.759566,-0.01000005,-6.69712734,145.875381,0.0,0.0,0.0,0.0,0.0,0.0
40.5286751,DATA,1,1,1,10,0,14.1635876,14.1635876,-7.316889,1.47695029,-5.92016935,47.3111229,136.628754,-16.626709,-6.759566,-0.01000005,-6.69712734,145.875381,0.0,0.0,0.0,0.0,0.0,0.0
40.58414,DATA,1,1,1,10,0,14.2190533,14.2190533,-7.31711531,1.47733617,-5.91867065,44.24649,137.898636,-15.0664368,-6.759566,-0.01000005,-6.69712734,145.875381,0.0,0.0,0.0,0.0,0.0,0.0
40.64036,DATA,1,1,1,10,0,14.2752743,14.2752743,-7.315954,1.477577,-5.920008,43.0688248,138.173615,-14.2492676,-6.759566,-0.01000005,-6.69712734,145.875381,0.0,0.0,0.0,0.0,0.0,0.0
40.6961,DATA,1,1,1,10,0,14.3310108,14.3310108,-7.31638575,1.47808635,-5.920718,42.2677269,138.34935,-13.3474426,-6.759566,-0.01000005,-6.69712734,145.875381,0.0,0.0,0.0,0.0,0.0,0.0
40.7507477,DATA,1,1,1,10,0,14.38566,14.38566,-7.3172884,1.480268,-5.919356,41.7809029,139.067261,-12.1923523,-6.759566,-0.01000005,-6.69712734,145.875381,0.0,0.0,0.0,0.0,0.0,0.0
40.8065033,DATA,1,1,1,10,0,14.4414158,14.4414158,-7.31782,1.48409927,-5.917741,39.726265,140.049469,-10.1879883,-6.759566,-0.01000005,-6.69712734,145.875381,0.0,0.0,0.0,0.0,0.0,0.0
40.8614464,DATA,1,1,1,10,0,14.4963589,14.4963589,-7.317764,1.48937464,-5.91632,36.6087341,140.600479,-8.081757,-6.759566,-0.01000005,-6.69712734,145.875381,0.0,0.0,0.0,0.0,0.0,0.0
40.9168739,DATA,1,1,1,10,0,14.5517864,14.5517864,-7.31844568,1.49482131,-5.914704,33.0984764,141.216949,-5.76159668,-6.759566,-0.01000005,-6.69712734,145.875381,0.0,0.0,0.0,0.0,0.0,0.0
40.9727364,DATA,1,1,1,10,0,14.6076488,14.6076488,-7.319836,1.50087667,-5.91228247,30.8980236,142.024353,-4.72692871,-6.759566,-0.01000005,-6.69712734,145.875381,0.0,0.0,0.0,0.0,0.0,0.0
41.0284424,DATA,1,1,1,10,0,14.6633549,14.6633549,-7.32137442,1.50752187,-5.90977335,28.347229,143.186325,-2.61849976,-6.759566,-0.01000005,-6.69712734,145.875381,0.0,0.0,0.0,0.0,0.0,0.0
41.08588,DATA,1,1,1,10,0,14.7207928,14.7207928,-7.324282,1.51421666,-5.90715265,26.2201023,145.166275,-1.69650269,-6.759566,-0.01000005,-6.69712734,145.875381,0.0,0.0,0.0,0.0,0.0,0.0
41.1402245,DATA,1,1,1,10,0,14.7751369,14.7751369,-7.327291,1.52151942,-5.904434,23.9752254,147.384857,0.036099758,-6.759566,-0.01000005,-6.69712734,145.875381,0.0,0.0,0.0,0.0,0.0,0.0
41.19629,DATA,1,1,1,10,0,14.8312016,14.8312016,-7.330251,1.52960968,-5.90274334,20.0060043,149.5296,1.20174861,-6.759566,-0.01000005,-6.69712734,145.875381,0.0,0.0,0.0,0.0,0.0,0.0
41.2519951,DATA,1,1,1,10,0,14.8869076,14.8869076,-7.33310175,1.53796053,-5.89951324,16.39488,150.7835,0.8343089,-6.759566,-0.01000005,-6.69712734,145.875381,0.0,0.0,0.0,0.0,0.0,0.0
41.30821,DATA,1,1,1,10,0,14.943121,14.943121,-7.336016,1.544013,-5.89638948,13.3092756,152.057266,0.674945951,-6.759566,-0.01000005,-6.69712734,145.875381,0.0,0.0,0.0,0.0,0.0,0.0
41.36392,DATA,1,1,1,10,0,14.9988308,14.9988308,-7.339862,1.55008364,-5.89292145,10.887723,153.100433,0.7459992,-6.759566,-0.01000005,-6.69712734,145.875381,0.0,0.0,0.0,0.0,0.0,0.0
41.4201241,DATA,1,1,1,10,0,15.0550365,15.0550365,-7.3438797,1.55530858,-5.889892,8.620643,154.201172,0.89402163,-6.759566,-0.01000005,-6.69712734,145.875381,0.0,0.0,0.0,0.0,0.0,0.0
41.4756775,DATA,1,1,1,10,0,15.11059,15.11059,-7.34812927,1.56023216,-5.887188,6.198731,155.175919,0.861056149,-6.759566,-0.01000005,-6.69712734,145.875381,0.0,0.0,0.0,0.0,0.0,0.0
41.5307236,DATA,1,1,1,10,0,15.1656361,15.1656361,-7.351679,1.56320477,-5.884496,4.7591095,155.905014,0.6715553,-6.759566,-0.01000005,-6.69712734,145.875381,0.0,0.0,0.0,0.0,0.0,0.0
41.58651,DATA,1,1,1,10,0,15.2214222,15.2214222,-7.35396767,1.56477809,-5.882168,4.057726,156.252853,0.775281131,-6.759566,-0.01000005,-6.69712734,145.875381,0.0,0.0,0.0,0.0,0.0,0.0
41.6417122,DATA,1,1,1,10,0,15.2766247,15.2766247,-7.355123,1.56624341,-5.87997341,3.28844523,156.2799,0.874503851,-6.759566,-0.01000005,-6.69712734,145.875381,0.0,0.0,0.0,0.0,0.0,0.0
41.6983,DATA,1,1,1,10,0,15.3332119,15.3332119,-7.3549366,1.56798387,-5.87803125,2.20393968,155.994934,0.4205688,-6.759566,-0.01000005,-6.69712734,145.875381,0.0,0.0,0.0,0.0,0.0,0.0
41.75397,DATA,1,1,1,10,0,15.3888836,15.3888836,-7.35487175,1.569601,-5.875793,1.43175,155.8053,-0.136749268,-6.759566,-0.01000005,-6.69712734,145.875381,0.0,0.0,0.0,0.0,0.0,0.0
41.80955,DATA,1,1,1,10,0,15.4444637,15.4444637,-7.352567,1.57007623,-5.872657,1.15904117,154.286484,-0.971954346,-6.759566,-0.01000005,-6.69712734,145.875381,0.0,0.0,0.0,0.0,0.0,0.0
41.8648453,DATA,1,1,1,10,0,15.4997578,15.4997578,-7.35227728,1.5703702,-5.86989832,1.26518011,153.724091,-0.5843811,-6.759566,-0.01000005,-6.69712734,145.875381,0.0,0.0,0.0,0.0,0.0,0.0
41.9214439,DATA,1,1,1,10,0,15.5563564,15.5563564,-7.35165071,1.56973076,-5.86716175,2.01438212,153.402527,0.3504633,-6.759566,-0.01000005,-6.69712734,145.875381,0.0,0.0,0.0,0.0,0.0,0.0
41.9760857,DATA,1,1,1,10,0,15.6109982,15.6109982,-7.35124,1.5692234,-5.86500835,2.38864136,153.490952,0.7887678,-6.759566,-0.01000005,-6.69712734,145.875381,0.0,0.0,0.0,0.0,0.0,0.0
42.031353,DATA,1,1,1,10,0,15.6662655,15.6662655,-7.351079,1.56957555,-5.86347961,2.00477886,153.69281,0.540930152,-6.759566,-0.01000005,-6.69712734,145.875381,0.0,0.0,0.0,0.0,0.0,0.0
42.08698,DATA,1,1,1,10,0,15.7218914,15.7218914,-7.3509016,1.56976247,-5.86262369,1.6525445,154.169327,0.0359039828,-6.759566,-0.01000005,-6.69712734,145.875381,0.0,0.0,0.0,0.0,0.0,0.0
42.1426048,DATA,1,1,1,10,0,15.7775173,15.7775173,-7.35103559,1.56968164,-5.86092663,1.79658091,154.314667,0.1433585,-6.759566,-0.01000005,-6.69712734,145.875381,0.0,0.0,0.0,0.0,0.0,0.0
42.1984749,DATA,1,1,1,10,0,15.8333874,15.8333874,-7.35047865,1.56983614,-5.859195,1.77652109,154.2337,0.0573184341,-6.759566,-0.01000005,-6.69712734,145.875381,0.0,0.0,0.0,0.0,0.0,0.0
42.25363,DATA,1,1,1,10,0,15.8885441,15.8885441,-7.35005951,1.57015109,-5.8583827,1.47632253,154.116776,0.484622478,-6.759566,-0.01000005,-6.69712734,145.875381,0.0,0.0,0.0,0.0,0.0,0.0
42.3089752,DATA,1,1,1,10,0,15.9438877,15.9438877,-7.349772,1.570308,-5.857483,1.40653539,154.068176,0.6746488,-6.759566,-0.01000005,-6.69712734,145.875381,0.0,0.0,0.0,0.0,0.0,0.0
42.364666,DATA,1,1,1,10,0,15.9995785,15.9995785,-7.34981155,1.57033634,-5.856675,1.37434721,154.143463,0.7862309,-6.759566,-0.01000005,-6.69712734,145.875381,0.0,0.0,0.0,0.0,0.0,0.0
42.4197655,DATA,1,1,1,10,0,16.054678,16.054678,-7.349876,1.57105684,-5.85688066,0.772635162,154.2659,0.9122659,-6.759566,-0.01000005,-6.69712734,145.875381,0.0,0.0,0.0,0.0,0.0,0.0
42.4752769,DATA,1,1,1,10,0,16.11019,16.11019,-7.34969854,1.57182908,-5.85795,-0.171569824,154.44635,1.15797424,-6.759566,-0.01000005,-6.69712734,145.875381,0.0,0.0,0.0,0.0,0.0,0.0
42.5301132,DATA,1,1,1,10,0,16.1650257,16.1650257,-7.34999132,1.57110691,-5.858458,0.117707148,154.365631,1.476174,-6.759566,-0.01000005,-6.69712734,145.875381,0.0,0.0,0.0,0.0,0.0,0.0
42.5869064,DATA,1,1,1,10,0,16.2218189,16.2218189,-7.35087442,1.56979728,-5.85876942,1.01632059,154.271835,1.29969752,-6.759566,-0.01000005,-6.69712734,145.875381,0.0,0.0,0.0,0.0,0.0,0.0
42.6429443,DATA,1,1,1,10,0,16.2778568,16.2778568,-7.35218859,1.56939054,-5.85870647,1.56288254,154.49118,0.978864849,-6.759566,-0.01000005,-6.69712734,145.875381,0.0,0.0,0.0,0.0,0.0,0.0
42.6973953,DATA,1,1,1,10,0,16.3323078,16.3323078,-7.35315037,1.56994009,-5.85874176,1.45101666,154.794,0.926087737,-6.759566,-0.01000005,-6.69712734,145.875381,0.0,0.0,0.0,0.0,0.0,0.0
42.7526627,DATA,1,1,1,10,0,16.3875751,16.3875751,-7.353137,1.57027793,-5.8587985,1.26856232,154.723343,0.9490134,-6.759566,-0.01000005,-6.69712734,145.875381,0.0,0.0,0.0,0.0,0.0,0.0
42.80851,DATA,1,1,1,10,0,16.4434223,16.4434223,-7.351962,1.57173753,-5.85959959,0.7346883,154.440231,1.49197614,-6.759566,-0.01000005,-6.69712734,145.875381,0.0,0.0,0.0,0.0,0.0,0.0
42.86414,DATA,1,1,1,10,0,16.499052,16.499052,-7.350552,1.57239127,-5.860101,-0.454620361,154.3477,1.15042484,-6.759566,-0.01000005,-6.69712734,145.875381,0.0,0.0,0.0,0.0,0.0,0.0
42.9198761,DATA,1,1,1,10,0,16.5547886,16.5547886,-7.349229,1.57332993,-5.860569,-1.2409668,154.201736,0.879901946,-6.759566,-0.01000005,-6.69712734,145.875381,0.0,0.0,0.0,0.0,0.0,0.0
42.9755173,DATA,1,1,1,10,0,16.61043,16.61043,-7.34819269,1.57451487,-5.861662,-2.43444824,154.4384,0.825630367,-6.759566,-0.01000005,-6.69712734,145.875381,0.0,0.0,0.0,0.0,0.0,0.0
43.0309,DATA,1,1,1,10,0,16.6658115,16.6658115,-7.34906769,1.5753274,-5.86257648,-2.94467163,155.416672,1.51325333,-6.759566,-0.01000005,-6.69712734,145.875381,0.0,0.0,0.0,0.0,0.0,0.0
43.08674,DATA,1,1,1,10,0,16.7216511,16.7216511,-7.34985352,1.576066,-5.86280775,-3.385498,156.189774,1.84437883,-6.759566,-0.01000005,-6.69712734,145.875381,0.0,0.0,0.0,0.0,0.0,0.0
43.14253,DATA,1,1,1,10,0,16.777441,16.777441,-7.35019827,1.575505,-5.862047,-2.71472168,156.2985,1.6955415,-6.759566,-0.01000005,-6.69712734,145.875381,0.0,0.0,0.0,0.0,0.0,0.0
43.19818,DATA,1,1,1,10,0,16.8330936,16.8330936,-7.34984064,1.57433319,-5.860943,-1.70928955,155.7192,0.962695,-6.759566,-0.01000005,-6.69712734,145.875381,0.0,0.0,0.0,0.0,0.0,0.0
43.2522,DATA,1,1,1,10,0,16.8871136,16.8871136,-7.3493185,1.57379723,-5.86016369,-0.856323242,154.955917,0.454402834,-6.759566,-0.01000005,-6.69712734,145.875381,0.0,0.0,0.0,0.0,0.0,0.0
43.30807,DATA,1,1,1,10,0,16.9429836,16.9429836,-7.34984875,1.57357121,-5.86035,-0.6010437,155.154755,0.399058938,-6.759566,-0.01000005,-6.69712734,145.875381,0.0,0.0,0.0,0.0,0.0,0.0
43.3633652,DATA,1,1,1,10,0,16.9982777,16.9982777,-7.35232162,1.57287335,-5.86123371,-0.309997559,156.422729,0.7342531,-6.759566,-0.01000005,-6.69712734,145.875381,0.0,0.0,0.0,0.0,0.0,0.0
43.41871,DATA,1,1,1,10,0,17.0536213,17.0536213,-7.354114,1.57190251,-5.862328,0.178707227,157.7468,1.06916332,-6.759566,-0.01000005,-6.69712734,145.875381,0.0,0.0,0.0,0.0,0.0,0.0
43.4747963,DATA,1,1,1,10,0,17.1097088,17.1097088,-7.35445738,1.5713284,-5.86319351,0.628230751,158.198547,0.918309569,-6.759566,-0.01000005,-6.69712734,145.875381,0.0,0.0,0.0,0.0,0.0,0.0
43.5295143,DATA,1,1,1,10,0,17.1644268,17.1644268,-7.35394335,1.5709734,-5.8638134,0.544890165,157.9143,1.09778237,-6.759566,-0.01000005,-6.69712734,145.875381,0.0,0.0,0.0,0.0,0.0,0.0
43.58535,DATA,1,1,1,10,0,17.2202625,17.2202625,-7.353021,1.57132459,-5.86401272,0.3474519,157.549667,1.27325344,-6.759566,-0.01000005,-6.69712734,145.875381,0.0,0.0,0.0,0.0,0.0,0.0
43.6410561,DATA,1,1,1,10,0,17.2759686,17.2759686,-7.3530755,1.571794,-5.864193,0.03829762,157.6556,1.33073461,-6.759566,-0.01000005,-6.69712734,145.875381,0.0,0.0,0.0,0.0,0.0,0.0
43.6969872,DATA,1,1,1,10,0,17.3319,17.3319,-7.35372353,1.57210541,-5.864787,-0.18081665,158.20697,1.31200087,-6.759566,-0.01000005,-6.69712734,145.875381,0.0,0.0,0.0,0.0,0.0,0.0
43.7520256,DATA,1,1,1,10,0,17.3869381,17.3869381,-7.3547945,1.57202458,-5.86580658,-0.188446045,159.147064,1.13340223,-6.759566,-0.01000005,-6.69712734,145.875381,0.0,0.0,0.0,0.0,0.0,0.0
43.8069725,DATA,1,1,1,10,0,17.441885,17.441885,-7.35566473,1.57142425,-5.866459,0.0373176374,159.985031,1.12688076,-6.759566,-0.01000005,-6.69712734,145.875381,0.0,0.0,0.0,0.0,0.0,0.0
43.8635178,DATA,1,1,1,10,0,17.49843,17.49843,-7.35610628,1.57038307,-5.86650658,0.6183482,160.3544,1.17406428,-6.759566,-0.01000005,-6.69712734,145.875381,0.0,0.0,0.0,0.0,0.0,0.0
43.91918,DATA,1,1,1,10,0,17.5540943,17.5540943,-7.35571957,1.56969142,-5.865967,1.13571632,160.137573,1.02802372,-6.759566,-0.01000005,-6.69712734,145.875381,0.0,0.0,0.0,0.0,0.0,0.0
43.97415,DATA,1,1,1,10,0,17.6090641,17.6090641,-7.355272,1.56942344,-5.864509,1.1448884,159.380951,1.09486735,-6.759566,-0.01000005,-6.69712734,145.875381,0.0,0.0,0.0,0.0,0.0,0.0
44.0293732,DATA,1,1,1,10,0,17.6642857,17.6642857,-7.354305,1.56963611,-5.86267567,1.21070755,158.1519,0.854845345,-6.759566,-0.01000005,-6.69712734,145.875381,0.0,0.0,0.0,0.0,0.0,0.0
44.0859566,DATA,1,1,1,10,0,17.72087,17.72087,-7.352929,1.57051229,-5.861034,0.8074729,156.628082,0.411625415,-6.759566,-0.01000005,-6.69712734,145.875381,0.0,0.0,0.0,0.0,0.0,0.0
44.14098,DATA,1,1,1,10,0,17.7758923,17.7758923,-7.35129642,1.57141113,-5.86040545,0.5076003,155.38652,0.04136089,-6.759566,-0.01000005,-6.69712734,145.875381,0.0,0.0,0.0,0.0,0.0,0.0
44.1970863,DATA,1,1,1,10,0,17.8319988,17.8319988,-7.350046,1.57178473,-5.85983038,0.311063349,154.432236,-0.358093262,-6.759566,-0.01000005,-6.69712734,145.875381,0.0,0.0,0.0,0.0,0.0,0.0
44.25106,DATA,1,1,1,10,0,17.885973,17.885973,-7.349028,1.5714829,-5.85974026,0.512478769,153.8587,-0.6665039,-6.759566,-0.01000005,-6.69712734,145.875381,0.0,0.0,0.0,0.0,0.0,0.0
44.3079453,DATA,1,1,1,10,0,17.9428577,17.9428577,-7.34763241,1.5708952,-5.85951662,0.875747144,153.039276,-0.73651123,-6.759566,-0.01000005,-6.69712734,145.875381,0.0,0.0,0.0,0.0,0.0,0.0
44.3640137,DATA,1,1,1,10,0,17.9989262,17.9989262,-7.345671,1.57016754,-5.859089,1.28331554,151.715179,-0.6925659,-6.759566,-0.01000005,-6.69712734,145.875381,0.0,0.0,0.0,0.0,0.0,0.0
44.41924,DATA,1,1,1,10,0,18.0541515,18.0541515,-7.341945,1.56945539,-5.85748339,1.6549834,148.880829,-0.7312622,-6.759566,-0.01000005,-6.69712734,145.875381,0.0,0.0,0.0,0.0,0.0,0.0
44.47459,DATA,1,1,1,10,0,18.1095028,18.1095028,-7.33693647,1.568548,-5.854571,2.25948071,144.513992,-0.496307373,-6.759566,-0.01000005,-6.69712734,145.875381,0.0,0.0,0.0,0.0,0.0,0.0
44.52915,DATA,1,1,1,10,0,18.16406,18.16406,-7.331158,1.56730247,-5.850707,2.91973424,139.509537,0.117336273,-6.759566,-0.01000005,-6.69712734,145.875381,0.0,0.0,0.0,0.0,0.0,0.0
44.58521,DATA,1,1,1,10,0,18.2201214,18.2201214,-7.32576942,1.56592941,-5.84644461,3.69143987,134.488281,0.7411393,-6.759566,-0.01000005,-6.69712734,145.875381,0.0,0.0,0.0,0.0,0.0,0.0
44.64053,DATA,1,1,1,10,0,18.2754421,18.2754421,-7.32126045,1.56477094,-5.84268475,4.47518539,130.380066,0.7460463,-6.759566,-0.01000005,-6.69712734,145.875381,0.0,0.0,0.0,0.0,0.0,0.0
44.69617,DATA,1,1,1,10,0,18.3310833,18.3310833,-7.318458,1.56403613,-5.840308,4.83002234,127.841141,0.9092886,-6.759566,-0.01000005,-6.69712734,145.875381,0.0,0.0,0.0,0.0,0.0,0.0
44.75091,DATA,1,1,1,10,0,18.3858242,18.3858242,-7.31732559,1.56360173,-5.8397665,5.022363,127.036934,0.934682369,-6.759566,-0.01000005,-6.69712734,145.875381,0.0,0.0,0.0,0.0,0.0,0.0
44.8069839,DATA,1,1,1,10,0,18.4418964,18.4418964,-7.31818676,1.56341624,-5.84161139,5.13133,128.408371,0.7969713,-6.759566,-0.01000005,-6.69712734,145.875381,0.0,0.0,0.0,0.0,0.0,0.0
44.86217,DATA,1,1,1,10,0,18.4970837,18.4970837,-7.32129526,1.56297088,-5.84596968,5.35196066,132.249634,0.752589941,-6.759566,-0.01000005,-6.69712734,145.875381,0.0,0.0,0.0,0.0,0.0,0.0
44.9179878,DATA,1,1,1,10,0,18.5529,18.5529,-7.32593727,1.56277585,-5.851446,5.48936033,137.521332,0.81364876,-6.759566,-0.01000005,-6.69712734,145.875381,0.0,0.0,0.0,0.0,0.0,0.0
44.9739952,DATA,1,1,1,10,0,18.6089077,18.6089077,-7.331104,1.56211042,-5.856147,5.78094959,142.4235,0.3954168,-6.759566,-0.01000005,-6.69712734,145.875381,0.0,0.0,0.0,0.0,0.0,0.0
45.0293922,DATA,1,1,1,10,0,18.6643047,18.6643047,-7.335548,1.56194282,-5.859992,5.73627853,146.3452,0.210619628,-6.759566,-0.01000005,-6.69712734,145.875381,0.0,0.0,0.0,0.0,0.0,0.0
45.08472,DATA,1,1,1,10,0,18.7196331,18.7196331,-7.33978033,1.5618844,-5.862946,5.74335051,149.699814,0.0421023965,-6.759566,-0.01000005,-6.69712734,145.875381,0.0,0.0,0.0,0.0,0.0,0.0
45.1405334,DATA,1,1,1,10,0,18.7754459,18.7754459,-7.34349537,1.56177258,-5.865391,5.68444824,152.424438,-0.166717529,-6.759566,-0.01000005,-6.69712734,145.875381,0.0,0.0,0.0,0.0,0.0,0.0
45.1957741,DATA,1,1,1,10,0,18.8306866,18.8306866,-7.346146,1.56177974,-5.86703634,5.691439,154.239349,0.00600484246,-6.759566,-0.01000005,-6.69712734,145.875381,0.0,0.0,0.0,0.0,0.0,0.0
45.25118,DATA,1,1,1,10,0,18.8860912,18.8860912,-7.34752131,1.56170416,-5.86805534,5.66853571,155.093918,-0.0206298828,-6.759566,-0.01000005,-6.69712734,145.875381,0.0,0.0,0.0,0.0,0.0,0.0
45.30739,DATA,1,1,1,10,0,18.9423,18.9423,-7.347877,1.56140375,-5.86862659,5.80719,154.994308,-0.200622559,-6.759566,-0.01000005,-6.69712734,145.875381,0.0,0.0,0.0,0.0,0.0,0.0
45.36284,DATA,1,1,1,10,0,18.9977512,18.9977512,-7.34744453,1.5610199,-5.868564,5.842254,154.425964,-0.180358887,-6.759566,-0.01000005,-6.69712734,145.875381,0.0,0.0,0.0,0.0,0.0,0.0
45.4189529,DATA,1,1,1,10,0,19.0538654,19.0538654,-7.34614325,1.56121254,-5.868789,5.828792,153.688385,-0.228210449,-6.759566,-0.01000005,-6.69712734,145.875381,0.0,0.0,0.0,0.0,0.0,0.0
45.4739227,DATA,1,1,1,10,0,19.1088352,19.1088352,-7.34457827,1.56140709,-5.86858034,5.744803,152.964584,-0.0153503418,-6.759566,-0.01000005,-6.69712734,145.875381,0.0,0.0,0.0,0.0,0.0,0.0
45.52911,DATA,1,1,1,10,0,19.1640224,19.1640224,-7.34266424,1.56175613,-5.868937,5.550324,152.1939,0.1498998,-6.759566,-0.01000005,-6.69712734,145.875381,0.0,0.0,0.0,0.0,0.0,0.0
45.5851669,DATA,1,1,1,10,0,19.22008,19.22008,-7.34113836,1.561475,-5.86899,5.63236046,151.499039,0.12966086,-6.759566,-0.01000005,-6.69712734,145.875381,0.0,0.0,0.0,0.0,0.0,0.0
45.64054,DATA,1,1,1,10,0,19.2754536,19.2754536,-7.33970356,1.5609386,-5.86916637,5.976336,151.22641,0.07302154,-6.759566,-0.01000005,-6.69712734,145.875381,0.0,0.0,0.0,0.0,0.0,0.0
45.6963,DATA,1,1,1,10,0,19.331213,19.331213,-7.33851,1.56046391,-5.869265,6.2546,151.173172,0.0707510859,-6.759566,-0.01000005,-6.69712734,145.875381,0.0,0.0,0.0,0.0,0.0,0.0
45.75132,DATA,1,1,1,10,0,19.3862324,19.3862324,-7.33732462,1.5600369,-5.86916351,6.50054169,151.1859,0.153378248,-6.759566,-0.01000005,-6.69712734,145.875381,0.0,0.0,0.0,0.0,0.0,0.0
45.8067627,DATA,1,1,1,10,0,19.4416752,19.4416752,-7.336157,1.55993938,-5.86876154,6.569671,151.178665,0.283167243,-6.759566,-0.01000005,-6.69712734,145.875381,0.0,0.0,0.0,0.0,0.0,0.0
45.86289,DATA,1,1,1,10,0,19.4978,19.4978,-7.33495665,1.56028724,-5.868231,6.42098045,151.024414,0.440361083,-6.759566,-0.01000005,-6.69712734,145.875381,0.0,0.0,0.0,0.0,0.0,0.0
45.9182129,DATA,1,1,1,10,0,19.5531254,19.5531254,-7.3336525,1.56085038,-5.86764669,6.18820524,150.721664,0.621004,-6.759566,-0.01000005,-6.69712734,145.875381,0.0,0.0,0.0,0.0,0.0,0.0
45.9739876,DATA,1,1,1,10,0,19.6089,19.6089,-7.33231735,1.56139064,-5.867263,5.859558,150.167938,0.868644655,-6.759566,-0.01000005,-6.69712734,145.875381,0.0,0.0,0.0,0.0,0.0,0.0
46.0296173,DATA,1,1,1,10,0,19.66453,19.66453,-7.331211,1.56168342,-5.86685848,5.67772865,149.544647,1.06655347,-6.759566,-0.01000005,-6.69712734,145.875381,0.0,0.0,0.0,0.0,0.0,0.0
46.0849762,DATA,1,1,1,10,0,19.7198887,19.7198887,-7.33036232,1.56166124,-5.86643839,5.65524149,148.980957,1.18823588,-6.759566,-0.01000005,-6.69712734,145.875381,0.0,0.0,0.0,0.0,0.0,0.0
46.14132,DATA,1,1,1,10,0,19.7762318,19.7762318,-7.33035469,1.56138086,-5.86615,5.72203732,148.432327,1.13457763,-6.759566,-0.01000005,-6.69712734,145.875381,0.0,0.0,0.0,0.0,0.0,0.0
46.1958733,DATA,1,1,1,10,0,19.8307858,19.8307858,-7.330779,1.56097722,-5.86556625,5.81371927,148.0473,0.8814616,-6.759566,-0.01000005,-6.69712734,145.875381,0.0,0.0,0.0,0.0,0.0,0.0
46.25094,DATA,1,1,1,10,0,19.88585,19.88585,-7.33188248,1.56055069,-5.86532974,6.022061,147.712021,0.580115855,-6.759566,-0.01000005,-6.69712734,145.875381,0.0,0.0,0.0,0.0,0.0,0.0
46.3068924,DATA,1,1,1,10,0,19.9418049,19.9418049,-7.332706,1.56041145,-5.86508942,6.04664946,147.385147,0.2635797,-6.759566,-0.01000005,-6.69712734,145.875381,0.0,0.0,0.0,0.0,0.0,0.0
46.3622627,DATA,1,1,1,10,0,19.9971752,19.9971752,-7.333516,1.56066871,-5.86502266,5.95488358,147.058914,0.0465934053,-6.759566,-0.01000005,-6.69712734,145.875381,0.0,0.0,0.0,0.0,0.0,0.0
46.4181061,DATA,1,1,1,10,0,20.0530186,20.0530186,-7.33414459,1.56102586,-5.86497545,5.72320557,146.681213,-0.210388184,-6.759566,-0.01000005,-6.69712734,145.875381,0.0,0.0,0.0,0.0,0.0,0.0
46.47319,DATA,1,1,1,10,0,20.1081028,20.1081028,-7.33432055,1.56159759,-5.864815,5.39443636,146.255524,-0.409637451,-6.759566,-0.01000005,-6.69712734,145.875381,0.0,0.0,0.0,0.0,0.0,0.0
46.5292,DATA,1,1,1,10,0,20.164114,20.164114,-7.33445454,1.56194091,-5.864256,5.26565552,145.927246,-0.6340027,-6.759566,-0.01000005,-6.69712734,145.875381,0.0,0.0,0.0,0.0,0.0,0.0
46.5845337,DATA,1,1,1,10,0,20.2194462,20.2194462,-7.334449,1.56224847,-5.86380434,5.034759,145.627762,-0.835876465,-6.759566,-0.01000005,-6.69712734,145.875381,0.0,0.0,0.0,0.0,0.0,0.0
46.64059,DATA,1,1,1,10,0,20.2755032,20.2755032,-7.334538,1.56262326,-5.86354256,4.83593559,145.384079,-0.9815979,-6.759566,-0.01000005,-6.69712734,145.875381,0.0,0.0,0.0,0.0,0.0,0.0
46.69612,DATA,1,1,1,10,0,20.3310337,20.3310337,-7.33475351,1.56292367,-5.863172,4.723823,145.1649,-1.11309814,-6.759566,-0.01000005,-6.69712734,145.875381,0.0,0.0,0.0,0.0,0.0,0.0
46.75132,DATA,1,1,1,10,0,20.3862324,20.3862324,-7.33507824,1.56325245,-5.86269951,4.56726646,145.008148,-1.206604,-6.759566,-0.01000005,-6.69712734,145.875381,0.0,0.0,0.0,0.0,0.0,0.0
46.80707,DATA,1,1,1,10,0,20.4419842,20.4419842,-7.33563566,1.5633812,-5.86230469,4.45066643,145.0217,-1.12188721,-6.759566,-0.01000005,-6.69712734,145.875381,0.0,0.0,0.0,0.0,0.0,0.0
46.862648,DATA,1,1,1,10,0,20.49756,20.49756,-7.33618975,1.56343436,-5.86220646,4.42639637,145.046158,-1.11422729,-6.759566,-0.01000005,-6.69712734,145.875381,0.0,0.0,0.0,0.0,0.0,0.0
46.9178276,DATA,1,1,1,10,0,20.55274,20.55274,-7.336439,1.563431,-5.862005,4.408733,144.991226,-1.22799683,-6.759566,-0.01000005,-6.69712734,145.875381,0.0,0.0,0.0,0.0,0.0,0.0
46.97352,DATA,1,1,1,10,0,20.60843,20.60843,-7.29124641,1.56324112,-5.929168,4.444506,144.911316,-1.43109131,-6.71399832,-0.01000011,-6.764368,145.875381,0.0,0.0,1.0,0.0,0.0,0.0
47.02889,DATA,1,1,1,10,0,20.6638012,20.6638012,-7.196369,1.56291127,-6.069299,4.51952839,144.850235,-1.56903076,-6.618942,-0.01000005,-6.904636,145.875381,0.0,0.0,1.0,0.0,0.0,0.0
47.08473,DATA,1,1,1,10,0,20.71964,20.71964,-7.10478,1.56281626,-6.204497,4.5569334,144.880371,-1.5317688,-6.527212,-0.00999999,-7.03999472,145.875381,0.0,0.0,1.0,0.0,0.0,0.0
47.1409378,DATA,1,1,1,10,0,20.77585,20.77585,-7.010576,1.56299329,-6.34291935,4.51775646,144.797226,-1.408905,-6.433281,-0.01000005,-7.1786027,145.875381,0.0,0.0,1.0,0.0,0.0,0.0
47.19671,DATA,1,1,1,10,0,20.8316212,20.8316212,-6.90971851,1.562881,-6.4906044,4.50702953,144.59021,-1.26953125,-6.33293962,-0.01000005,-7.32666874,145.875381,0.0,0.0,1.0,0.0,0.0,0.0
47.25102,DATA,1,1,1,10,0,20.885931,20.885931,-6.82156,1.56250262,-6.618815,4.637836,144.267258,-1.1444397,-6.245709,-0.00999999,-7.455389,145.875381,0.0,0.0,1.0,0.0,0.0,0.0
47.30698,DATA,1,1,1,10,0,20.9418926,20.9418926,-6.72798634,1.56211972,-6.75502634,4.78779125,143.914734,-1.01623535,-6.15312338,-0.0100001693,-7.592011,145.875381,0.0,0.0,1.0,0.0,0.0,0.0
47.3626022,DATA,1,1,1,10,0,20.9975147,20.9975147,-6.67799568,1.56186187,-6.82733536,4.90145636,142.9447,-0.858551,-6.104006,-0.00999999,-7.66448975,145.875381,-0.6812342,0.0311288834,0.0,0.0,0.0,0.0
47.41791,DATA,1,1,1,10,0,21.052824,21.052824,-6.742135,1.56177008,-6.875509,4.931823,137.775253,-0.807037354,-6.104006,-0.00999999,-7.66448975,141.299225,-0.998657167,0.05139315,0.0,0.0,0.0,0.0
47.4735756,DATA,1,1,1,10,0,21.1084881,21.1084881,-6.80888844,1.56164336,-6.934751,4.977291,132.532364,-0.7479553,-6.104006,-0.00999999,-7.66448975,136.22554,-0.989226937,0.146275222,0.0,0.0,0.0,0.0
47.52842,DATA,1,1,1,10,0,21.163332,21.163332,-6.868007,1.56141841,-6.99718571,5.07595968,127.481232,-0.7281189,-6.104006,-0.00999999,-7.66448975,131.341354,-0.978972733,0.2038331,0.0,0.0,0.0,0.0
47.58478,DATA,1,1,1,10,0,21.2196941,21.2196941,-6.921897,1.56102479,-7.064587,5.280434,122.500877,-0.760131836,-6.104006,-0.00999999,-7.66448975,126.463043,-0.977599442,0.210272551,0.0,0.0,0.0,0.0
47.6403,DATA,1,1,1,10,0,21.2752132,21.2752132,-6.97015667,1.56057417,-7.13699341,5.519553,117.651619,-0.773376465,-6.104006,-0.00999999,-7.66448975,121.547127,-0.977385759,0.211279631,0.0,0.0,0.0,0.0
47.6958122,DATA,1,1,1,10,0,21.3307247,21.3307247,-7.01156139,1.56028879,-7.212398,5.651243,112.840836,-0.8675842,-6.104006,-0.00999999,-7.66448975,116.701355,-0.959624,0.281197548,0.0,0.0,0.0,0.0
47.7512054,DATA,1,1,1,10,0,21.3861179,21.3861179,-7.04593468,1.56011963,-7.29022455,5.77162933,108.273338,-0.9672241,-6.104006,-0.00999999,-7.66448975,111.910881,-0.9282815,0.371745944,0.0,0.0,0.0,0.0
47.80712,DATA,1,1,1,10,0,21.4420338,21.4420338,-6.95441675,1.56005454,-7.40581,5.77368355,104.040085,-0.927490234,-5.986956,-0.01000005,-7.70631266,107.531654,-0.77715385,0.629291654,1.0,0.0,0.0,0.0
47.86295,DATA,1,1,1,10,0,21.4978619,21.4978619,-6.80212975,1.55989242,-7.486457,5.88201,103.0503,-0.8941345,-5.825508,-0.00999999,-7.753606,105.586815,0.0,0.0,1.0,0.0,0.0,0.0
47.9179726,DATA,1,1,1,10,0,21.5528851,21.5528851,-6.64223528,1.55951667,-7.531554,6.155596,103.123795,-0.928192139,-5.66609144,-0.01000005,-7.798076,105.586815,0.0,0.0,1.0,0.0,0.0,0.0
47.973835,DATA,1,1,1,10,0,21.6087475,21.6087475,-6.48019743,1.558931,-7.57713556,6.45158339,103.221039,-0.9862366,-5.504528,-0.00999999,-7.84314537,105.586815,0.0,0.0,1.0,0.0,0.0,0.0
48.0295029,DATA,1,1,1,10,0,21.6644154,21.6644154,-6.31526947,1.55850983,-7.62349,6.70728731,103.3089,-0.9269104,-5.340031,-0.01000005,-7.889033,105.586815,0.0,0.0,1.0,0.0,0.0,0.0
48.08401,DATA,1,1,1,10,0,21.7189236,21.7189236,-6.159924,1.55827117,-7.66681671,6.84813833,103.350739,-0.940887451,-5.18514729,-0.01000005,-7.93223858,105.586815,0.0,0.0,1.0,0.0,0.0,0.0
48.1407051,DATA,1,1,1,10,0,21.7756176,21.7756176,-5.99818373,1.55825067,-7.711748,6.886567,103.3239,-0.885376,-5.02372837,-0.01000005,-7.97726774,105.586815,0.0,0.0,1.0,0.0,0.0,0.0
48.195652,DATA,1,1,1,10,0,21.8305645,21.8305645,-5.83618641,1.55839109,-7.75652027,6.832865,103.184425,-0.846405,-4.861918,-0.01000005,-8.022406,105.586815,0.0,0.0,1.0,0.0,0.0,0.0
48.25069,DATA,1,1,1,10,0,21.885603,21.885603,-5.675869,1.55847788,-7.80064964,6.79053831,103.028648,-0.7645569,-4.701575,-0.00999999,-8.067135,105.586815,0.0,0.0,1.0,0.0,0.0,0.0
48.3068466,DATA,1,1,1,10,0,21.94176,21.94176,-5.52407026,1.55855608,-7.863622,6.761374,100.839294,-0.6856384,-4.544493,-0.01000005,-8.110953,104.434471,-0.9999695,-0.00253307819,1.0,0.0,0.0,0.0
48.3619232,DATA,1,1,1,10,0,21.9968357,21.9968357,-5.45710373,1.55826831,-7.970422,6.78823376,95.70231,-0.615448,-4.459127,-0.00999999,-8.131883,99.40807,-0.9955138,0.09436321,0.0,0.0,0.0,0.0
48.4189644,DATA,1,1,1,10,0,22.0538769,22.0538769,-5.46775627,1.55820346,-8.05719948,6.847504,90.46405,-0.4991455,-4.459127,-0.00999999,-8.131883,94.4194,-0.9953612,0.09591967,0.0,0.0,0.0,0.0
48.4725037,DATA,1,1,1,10,0,22.1074162,22.1074162,-5.47120047,1.55814838,-8.144227,6.9078083,85.52382,-0.4093628,-4.459127,-0.00999999,-8.131883,89.44714,-0.9953612,0.09591967,0.0,0.0,0.0,0.0
48.528347,DATA,1,1,1,10,0,22.16326,22.16326,-5.46711159,1.55820036,-8.231582,6.893896,80.4896851,-0.322174072,-4.459127,-0.00999999,-8.131883,84.4695358,-0.9954833,0.09479052,0.0,0.0,0.0,0.0
48.585,DATA,1,1,2,10,0,22.2199116,22.2199116,-5.455769,1.55843222,-8.317554,6.72592068,75.388916,-0.2715149,-4.459127,-0.00999999,-8.131883,79.53147,-0.997924745,0.06369215,0.0,0.0,0.0,0.0
48.64,DATA,1,1,2,10,0,22.2749119,22.2749119,-5.43621445,1.55869246,-8.404613,6.57223368,70.3720245,-0.190979,-4.459127,-0.00999999,-8.131883,74.4639,-0.9980163,0.06256294,0.0,0.0,0.0,0.0
48.6956863,DATA,1,1,2,10,0,22.3305988,22.3305988,-5.409541,1.5590589,-8.488242,6.385592,65.37695,-0.118835449,-4.459127,-0.00999999,-8.131883,69.48656,-0.998290956,0.0584124327,0.0,0.0,0.0,0.0
48.7508163,DATA,1,1,2,10,0,22.3857288,22.3857288,-5.37512732,1.55923188,-8.570147,6.31113,60.465786,-0.0545959473,-4.459127,-0.00999999,-8.131883,64.46375,-0.9989013,0.04663229,0.0,0.0,0.0,0.0
48.80631,DATA,1,1,2,10,0,22.4412212,22.4412212,-5.335079,1.55927789,-8.646333,6.26168251,55.6627464,-0.03765869,-4.459127,-0.00999999,-8.131883,59.6033325,-0.998657167,0.0517288446,0.0,0.0,0.0,0.0
48.86204,DATA,1,1,2,10,0,22.496954,22.496954,-5.2947135,1.55935264,-8.70992,6.18860626,52.4012032,-0.0307006836,-4.459127,-0.00999999,-8.131883,55.3439827,0.0,0.0,1.0,0.0,0.0,0.0
48.9175758,DATA,1,1,2,10,0,22.5524883,22.5524883,-5.12532043,1.55952954,-8.65592,6.100032,48.58583,0.0250169821,-4.321402,-0.01000005,-8.034583,52.3345375,-0.9887692,0.149296522,0.0,0.0,0.0,0.0
48.97284,DATA,1,1,2,10,0,22.6077518,22.6077518,-5.06836939,1.55950856,-8.723411,6.12636757,43.6370735,0.04611078,-4.321402,-0.01000005,-8.034583,47.3541,-0.9994507,0.03256327,0.0,0.0,0.0,0.0
49.0285034,DATA,1,1,2,10,0,22.6634159,22.6634159,-5.00425673,1.55924535,-8.78685,6.304376,38.6392975,0.0623014048,-4.321402,-0.01000005,-8.034583,42.2697372,-0.9996033,0.0271309614,0.0,0.0,0.0,0.0
49.0839043,DATA,1,1,2,10,0,22.7188168,22.7188168,-4.937887,1.55902267,-8.842027,6.42017365,33.7508659,0.0311423577,-4.321402,-0.01000005,-8.034583,37.3943,-0.9996338,0.02575761,0.0,0.0,0.0,0.0
49.1408119,DATA,1,1,2,10,0,22.7757244,22.7757244,-4.863885,1.558883,-8.893045,6.47395039,28.7120018,-0.0182189941,-4.321402,-0.01000005,-8.034583,32.3276749,-0.9996338,0.02575761,0.0,0.0,0.0,0.0
49.1959419,DATA,1,1,2,10,0,22.8308544,22.8308544,-4.787596,1.55872869,-8.936278,6.510834,23.8422165,-0.0183105469,-4.321402,-0.01000005,-8.034583,27.3778648,-0.9996033,0.0269173384,0.0,0.0,0.0,0.0
49.25056,DATA,1,1,2,10,0,22.8854733,22.8854733,-4.706625,1.55873084,-8.973278,6.49428558,18.9778538,-0.05682373,-4.321402,-0.01000005,-8.034583,22.3563652,-0.9996033,0.0269173384,0.0,0.0,0.0,0.0
49.30635,DATA,1,1,2,10,0,22.9412632,22.9412632,-4.624185,1.55867982,-9.002594,6.44364262,14.1604328,-0.101989746,-4.321402,-0.01000005,-8.034583,17.4271431,-0.9996033,0.0269173384,0.0,0.0,0.0,0.0
49.3619766,DATA,1,1,2,10,0,22.99689,22.99689,-4.538619,1.55853009,-9.02487,6.52379274,9.467603,-0.201965332,-4.321402,-0.01000005,-8.034583,12.46612,-0.942991436,0.3327738,0.0,0.0,0.0,0.0
49.41857,DATA,1,1,2,10,0,23.053484,23.053484,-4.454767,1.55829906,-8.9125,6.67879629,7.21710348,-0.241271973,-4.29937363,-0.01000005,-7.910859,8.947699,0.0,0.0,1.0,0.0,0.0,0.0
49.4727631,DATA,1,1,2,10,0,23.1076756,23.1076756,-4.42781353,1.557965,-8.748128,6.80558538,7.62800741,-0.3192749,-4.27351046,-0.01000011,-7.746595,8.947699,0.0,0.0,1.0,0.0,0.0,0.0
49.5284653,DATA,1,1,2,10,0,23.1633778,23.1633778,-4.40088129,1.557874,-8.584089,6.85503769,8.033844,-0.437896729,-4.2477026,-0.01000011,-7.582681,8.947699,0.0,0.0,1.0,0.0,0.0,0.0
49.58419,DATA,1,1,2,10,0,23.2191029,23.2191029,-4.373871,1.55791521,-8.42077351,6.83778763,8.44749,-0.5628967,-4.22199965,-0.01000011,-7.419434,8.947699,0.0,0.0,1.0,0.0,0.0,0.0
49.6400871,DATA,1,1,2,10,0,23.275,23.275,-4.346273,1.55792081,-8.254723,6.85117865,8.96207,-0.6994324,-4.19586039,-0.01000011,-7.253416,8.947699,0.0,0.0,1.0,0.0,0.0,0.0
49.695488,DATA,1,1,2,10,0,23.3304,23.3304,-4.318722,1.557883,-8.089302,6.88818932,9.540797,-0.7926636,-4.16981554,-0.01000005,-7.08799934,8.947699,0.0,0.0,1.0,0.0,0.0,0.0
49.75122,DATA,1,1,2,10,0,23.3861332,23.3861332,-4.291053,1.55775619,-7.92245245,6.9645977,10.0838289,-0.9494324,-4.143534,-0.01000005,-6.921079,8.947699,0.0,0.0,1.0,0.0,0.0,0.0
49.80648,DATA,1,1,2,10,0,23.4413929,23.4413929,-4.274458,1.55768037,-7.76014137,6.93601,11.93726,-0.976501465,-4.11818647,-0.01000011,-6.760091,9.500191,0.8638874,-0.438398361,1.0,0.0,0.0,0.0
49.86334,DATA,1,1,2,10,0,23.498251,23.498251,-4.31728458,1.55769944,-7.582156,6.9313693,16.7984943,-1.00692749,-4.086058,-0.01000011,-6.596915,13.883853,0.848811269,-0.5286721,1.0,0.0,0.0,0.0
49.9180641,DATA,1,1,2,10,0,23.5529766,23.5529766,-4.34336758,1.55761361,-7.40101242,7.01481628,21.3590431,-1.032196,-4.04130268,-0.01000005,-6.43523073,18.0884857,0.8163701,-0.577440739,1.0,0.0,0.0,0.0
49.973053,DATA,1,1,2,10,0,23.6079655,23.6079655,-4.35312128,1.55747771,-7.220564,7.09530544,25.8078613,-1.10717773,-3.98526144,-0.01000005,-6.27789736,22.0910816,0.773278,-0.6339915,1.0,0.0,0.0,0.0
50.02822,DATA,1,1,2,10,0,23.6631336,23.6631336,-4.34768534,1.55724931,-7.039739,7.175377,30.20764,-1.10601807,-3.91796637,-0.01000011,-6.123504,25.9596653,0.753929257,-0.6569414,1.0,0.0,0.0,0.0
50.0843239,DATA,1,1,2,10,0,23.7192364,23.7192364,-4.329928,1.5571723,-6.865209,7.210147,34.45748,-1.07415771,-3.842752,-0.0100001693,-5.978059,29.6521835,0.750846863,-0.660420537,1.0,0.0,0.0,0.0
50.1404076,DATA,1,1,2,10,0,23.77532,23.77532,-4.30081272,1.55714643,-6.689201,7.183369,38.5633,-1.06182861,-3.756865,-0.01000011,-5.835441,33.402916,0.750846863,-0.660420537,1.0,0.0,0.0,0.0
50.1951752,DATA,1,1,2,10,0,23.8300877,23.8300877,-4.259908,1.5572648,-6.514086,7.1291585,42.5021667,-1.08139038,-3.66107321,-0.01000005,-5.697713,37.18254,0.750846863,-0.660420537,1.0,0.0,0.0,0.0
50.2502174,DATA,1,1,2,10,0,23.88513,23.88513,-4.20789766,1.5574199,-6.342791,7.028081,46.41763,-1.06033325,-3.55692577,-0.01000011,-5.56721449,40.9395256,0.7472762,-0.66451,1.0,0.0,0.0,0.0
50.3066673,DATA,1,1,2,10,0,23.94158,23.94158,-4.14535046,1.55745721,-6.178087,6.99740171,50.2846642,-1.035553,-3.446149,-0.01000005,-5.445546,44.6015968,0.7309183,-0.6823939,1.0,0.0,0.0,0.0
50.3622131,DATA,1,1,2,10,0,23.9971256,23.9971256,-4.069206,1.5573771,-6.013499,7.037697,54.0664749,-0.9764099,-3.32403755,-0.01000005,-5.327596,48.31001,0.7259743,-0.687643051,1.0,0.0,0.0,0.0
50.4183922,DATA,1,1,2,10,0,24.0533047,24.0533047,-3.984315,1.55731416,-5.857662,7.094684,57.8732643,-0.9152527,-3.19729471,-0.01000005,-5.219981,51.9233971,0.720694542,-0.6932279,1.0,0.0,0.0,0.0
50.4727974,DATA,1,1,2,10,0,24.10771,24.10771,-3.88910747,1.55724061,-5.7069416,7.145898,61.48201,-0.8323059,-3.06334329,-0.00999999,-5.120048,55.5302238,0.718802452,-0.695181131,1.0,0.0,0.0,0.0
50.5286865,DATA,1,1,2,10,0,24.163599,24.163599,-3.78559041,1.5572648,-5.56344,7.10571957,65.14429,-0.7432556,-2.924465,-0.01000005,-5.029414,59.1068726,0.718802452,-0.695181131,1.0,0.0,0.0,0.0
50.58543,DATA,1,1,2,10,0,24.2203426,24.2203426,-3.67318082,1.55743682,-5.42681,7.0671463,68.92604,-0.629058838,-2.780055,-0.01000011,-4.94753456,62.6860847,0.717764854,-0.6962187,1.0,0.0,0.0,0.0
50.6400833,DATA,1,1,2,10,0,24.2749958,24.2749958,-3.55196381,1.55751872,-5.29731464,7.04006672,72.617424,-0.530426,-2.63024282,-0.01000005,-4.87456131,66.26718,0.7102573,-0.7039094,1.0,0.0,0.0,0.0
50.69524,DATA,1,1,2,10,0,24.3301525,24.3301525,-3.41108584,1.557596,-5.204425,7.0151763,73.6574,-0.501678467,-2.47654724,-0.01000005,-4.81051826,68.05793,0.0,0.0,1.0,0.0,0.0,0.0
50.750782,DATA,1,1,2,10,0,24.3856945,24.3856945,-3.25702119,1.55774152,-5.14204264,7.00037146,73.6968842,-0.472991943,-2.32202983,-0.01000011,-4.748271,68.05793,0.0,0.0,1.0,0.0,0.0,0.0
50.8066177,DATA,1,1,2,10,0,24.44153,24.44153,-3.1042695,1.55790257,-5.08029556,6.94308233,73.69206,-0.428161621,-2.1688695,-0.01000011,-4.68657,68.05793,0.0,0.0,1.0,0.0,0.0,0.0
50.8624954,DATA,1,1,2,10,0,24.4974079,24.4974079,-2.950569,1.55807114,-5.018309,6.86568642,73.70608,-0.384307861,-2.01463652,-0.01000005,-4.62443733,68.05793,0.0,0.0,1.0,0.0,0.0,0.0
50.91793,DATA,1,1,2,10,0,24.5528431,24.5528431,-2.793886,1.5582639,-4.955136,6.772948,73.76489,-0.32711792,-1.85753608,-0.01000011,-4.5611496,68.05793,0.0,0.0,1.0,0.0,0.0,0.0
50.9727554,DATA,1,1,2,10,0,24.6076679,24.6076679,-2.63810849,1.558494,-4.892419,6.69866037,73.90321,-0.384246826,-1.70135248,-0.01000011,-4.498231,68.05793,0.0,0.0,1.0,0.0,0.0,0.0
51.028347,DATA,1,1,2,10,0,24.66326,24.66326,-2.48588634,1.55860853,-4.831341,6.649347,74.08721,-0.376708984,-1.548779,-0.01000005,-4.43676662,68.05793,0.0,0.0,1.0,0.0,0.0,0.0
51.0839539,DATA,1,1,2,10,0,24.7188663,24.7188663,-2.33179021,1.55869913,-4.76968575,6.556539,74.29143,-0.343109131,-1.39432907,-0.01000005,-4.37454653,68.05793,0.0,0.0,0.0,0.0,0.0,0.0
51.139904,DATA,1,1,2,10,0,24.7748165,24.7748165,-2.33214283,1.558795,-4.77021646,6.52071142,74.4509,-0.371276855,-1.39432907,-0.01000005,-4.37454653,68.05793,0.0,0.0,0.0,0.0,0.0,0.0
51.195755,DATA,1,1,2,10,0,24.8306675,24.8306675,-2.33237982,1.55894756,-4.770578,6.43811655,74.55955,-0.388763428,-1.39432907,-0.01000005,-4.37454653,68.05793,0.0,0.0,0.0,0.0,0.0,0.0
51.250042,DATA,1,1,2,10,0,24.8849545,24.8849545,-2.34737372,1.55908632,-4.734678,6.40247726,77.61556,-0.427398682,-1.39432907,-0.01000005,-4.37454653,70.233284,0.8817103,-0.471755147,0.0,0.0,0.0,0.0
51.306057,DATA,1,1,2,10,0,24.94097,24.94097,-2.37244177,1.5593462,-4.660661,6.23917866,82.100914,-0.44128418,-1.39432907,-0.01000005,-4.37454653,74.6327057,0.8865322,-0.462599516,0.0,0.0,0.0,0.0
51.3617744,DATA,1,1,2,10,0,24.9966869,24.9966869,-2.39200616,1.55942965,-4.584,6.14733171,86.60843,-0.408111572,-1.39432907,-0.01000005,-4.37454653,79.0888443,0.8865627,-0.462538481,0.0,0.0,0.0,0.0
51.4172325,DATA,1,1,2,10,0,25.052145,25.052145,-2.40522671,1.55943608,-4.50632,6.142779,91.06306,-0.401275635,-1.39432907,-0.01000005,-4.37454653,83.5250854,0.8762474,-0.481765151,0.0,0.0,0.0,0.0
51.4727631,DATA,1,1,2,10,0,25.1076756,25.1076756,-2.41205978,1.55936646,-4.42895651,6.177808,95.46756,-0.3939209,-1.39432907,-0.01000005,-4.37454653,87.89603,0.866115332,-0.499832153,0.0,0.0,0.0,0.0
51.5284081,DATA,1,1,2,10,0,25.16332,25.16332,-2.41300058,1.55934811,-4.35206747,6.23593569,99.87531,-0.475952148,-1.39432907,-0.01000005,-4.37454653,92.23025,0.8651997,-0.501419067,0.0,0.0,0.0,0.0
51.5841942,DATA,1,1,2,10,0,25.2191067,25.2191067,-2.40852046,1.5591433,-4.277155,6.297884,104.22554,-0.479553223,-1.39432907,-0.01000005,-4.37454653,96.46032,0.8651997,-0.501419067,0.0,0.0,0.0,0.0
51.6395454,DATA,1,1,2,10,0,25.2744579,25.2744579,-2.39780283,1.55913424,-4.1996603,6.3190546,108.472649,-0.484863281,-1.39432907,-0.01000005,-4.37454653,100.861336,0.8651997,-0.501419067,0.0,0.0,0.0,0.0
51.6950531,DATA,1,1,2,10,0,25.3299656,25.3299656,-2.38114142,1.55911255,-4.12368631,6.339094,112.654037,-0.5132446,-1.39432907,-0.01000005,-4.37454653,105.225441,0.8651997,-0.501419067,0.0,0.0,0.0,0.0
51.75048,DATA,1,1,2,10,0,25.3853931,25.3853931,-2.35932016,1.55911613,-4.05044746,6.34770346,116.853882,-0.563964844,-1.39432907,-0.01000005,-4.37454653,109.51812,0.8651997,-0.501419067,0.0,0.0,0.0,0.0
51.8061562,DATA,1,1,2,10,0,25.4410686,25.4410686,-2.33189821,1.55907679,-3.97853231,6.37942266,121.084023,-0.608947754,-1.39432907,-0.01000005,-4.37454653,113.850212,0.8651997,-0.501419067,0.0,0.0,0.0,0.0
51.86202,DATA,1,1,2,10,0,25.4969311,25.4969311,-2.299518,1.55905652,-3.909563,6.39373255,125.256577,-0.6472473,-1.39432907,-0.01000005,-4.37454653,118.131073,0.8651997,-0.501419067,0.0,0.0,0.0,0.0
51.9178429,DATA,1,1,2,10,0,25.5527554,25.5527554,-2.26104927,1.55902934,-3.841544,6.40674734,129.3542,-0.6933899,-1.39432907,-0.01000005,-4.37454653,122.507805,0.8651997,-0.501419067,0.0,0.0,0.0,0.0
51.97285,DATA,1,1,2,10,0,25.6077633,25.6077633,-2.1854012,1.55889964,-3.80139446,6.434396,133.302078,-0.7394104,-1.36149061,-0.00999999,-4.398187,126.801628,0.8657491,-0.500412,1.0,0.0,0.0,0.0
52.0287971,DATA,1,1,2,10,0,25.66371,25.66371,-2.00502133,1.55885172,-3.84461164,6.41785955,137.308472,-0.78414917,-1.22957778,-0.01000005,-4.50289774,131.1827,0.878353238,-0.477950335,1.0,0.0,0.0,0.0
52.0841522,DATA,1,1,2,10,0,25.7190647,25.7190647,-1.82894623,1.55870891,-3.899666,6.444932,141.343033,-0.883728,-1.10738277,-0.00999999,-4.61619854,135.624588,0.9025544,-0.430463552,1.0,0.0,0.0,0.0
52.140564,DATA,1,1,2,10,0,25.7754765,25.7754765,-1.65857244,1.55861568,-3.96768546,6.508502,145.168488,-0.900085449,-0.995133936,-0.01000005,-4.737888,140.05574,0.660786748,-0.09857476,1.0,0.0,0.0,0.0
52.19589,DATA,1,1,2,10,0,25.830801,25.830801,-1.54010653,1.55845618,-4.0872035,6.57822847,145.038239,-0.9203186,-0.8892499,-0.01000005,-4.867238,140.924515,0.0,0.0,1.0,0.0,0.0,0.0
52.2505379,DATA,1,1,2,10,0,25.88545,25.88545,-1.43442976,1.55831361,-4.21611738,6.663963,144.561371,-0.917297363,-0.784462452,-0.01000005,-4.99629164,140.924515,0.0,0.0,1.0,0.0,0.0,0.0
52.3069763,DATA,1,1,2,10,0,25.9418888,25.9418888,-1.329591,1.55816674,-4.343954,6.71341658,144.061676,-0.9677429,-0.6806042,-0.01000005,-5.124201,140.924515,0.0,0.0,1.0,0.0,0.0,0.0
52.36215,DATA,1,1,2,10,0,25.99706,25.99706,-1.22231841,1.558009,-4.47477245,6.80710173,143.611221,-1.00726318,-0.574314952,-0.00999999,-5.255104,140.924515,0.0,0.0,1.0,0.0,0.0,0.0
52.41793,DATA,1,1,2,10,0,26.0528431,26.0528431,-1.11689782,1.55783248,-4.603477,6.835902,143.194473,-1.00326538,-0.469890326,-0.01000005,-5.383711,140.924515,0.0,0.0,1.0,0.0,0.0,0.0
52.473156,DATA,1,1,2,10,0,26.1080685,26.1080685,-1.00986242,1.55783021,-4.73403358,6.84624529,142.814026,-0.929595947,-0.363860369,-0.00999999,-5.514295,140.924515,0.0,0.0,1.0,0.0,0.0,0.0
52.52852,DATA,1,1,2,10,0,26.1634312,26.1634312,-0.9036764,1.55778742,-4.86366272,6.87632847,142.526382,-0.8690491,-0.2586482,-0.00999999,-5.643872,140.924515,0.0,0.0,1.0,0.0,0.0,0.0
52.5843964,DATA,1,1,2,10,0,26.2193089,26.2193089,-0.810822666,1.55765438,-5.000926,6.943525,140.5936,-0.83078,-0.155115277,-0.01000005,-5.77138042,140.081192,-0.9989013,-0.0457167625,1.0,0.0,0.0,0.0
52.6405525,DATA,1,1,2,10,0,26.275465,26.275465,-0.763008654,1.55755043,-5.18791866,6.99937963,135.460678,-0.8337097,-0.0423165336,-0.01000005,-5.897451,135.009644,-0.999053955,-0.04220712,1.0,0.0,0.0,0.0
52.6948967,DATA,1,1,2,10,0,26.32981,26.32981,-0.6990029,1.55738354,-5.37041569,7.11378574,130.517166,-0.8060303,0.08151016,-0.01000005,-6.0133543,129.924591,-0.999176,-0.0399487,1.0,0.0,0.0,0.0
52.75037,DATA,1,1,2,10,0,26.3852825,26.3852825,-0.6210829,1.55722618,-5.538504,7.19298172,125.88028,-0.7918701,0.210255519,-0.01000005,-6.114261,125.141388,-0.7546922,0.0403149724,1.0,0.0,0.0,0.0
52.8068542,DATA,1,1,2,10,0,26.4417667,26.4417667,-0.5034415,1.557168,-5.65289,7.2422,124.831718,-0.783844,0.3441209,-0.00999999,-6.20492649,123.504982,0.0,0.0,1.0,0.0,0.0,0.0
52.8618164,DATA,1,1,2,10,0,26.4967289,26.4967289,-0.3635489,1.55735135,-5.745559,7.141675,124.804413,-0.83795166,0.484275222,-0.01000005,-6.29771042,123.504982,0.0,0.0,1.0,0.0,0.0,0.0
52.9176064,DATA,1,1,2,10,0,26.5525188,26.5525188,-0.22432363,1.55751038,-5.837879,7.079643,124.826561,-0.847625732,0.6239156,-0.00999999,-6.390154,123.504982,0.0,0.0,1.0,0.0,0.0,0.0
52.97272,DATA,1,1,2,10,0,26.6076336,26.6076336,-0.08480691,1.55775094,-5.930564,6.98412657,124.853043,-0.8409729,0.7638995,-0.01000005,-6.48282433,123.504982,0.0,0.0,1.0,0.0,0.0,0.0
53.0283852,DATA,1,1,2,10,0,26.6632977,26.6632977,0.05401114,1.55780292,-6.022686,6.941103,124.817612,-0.8473816,0.9031009,-0.01000005,-6.5749774,123.504982,0.0,0.0,1.0,0.0,0.0,0.0
53.08391,DATA,1,1,2,10,0,26.7188244,26.7188244,0.189834356,1.55793142,-6.112826,6.88827324,124.7817,-0.8518982,1.03931165,-0.00999999,-6.66515,123.504982,0.0,0.0,1.0,0.0,0.0,0.0
53.14013,DATA,1,1,2,10,0,26.7750416,26.7750416,0.332505673,1.55799747,-6.20709,6.82855654,124.694,-0.842803955,1.182235,-0.01000005,-6.759767,123.504982,0.0,0.0,1.0,0.0,0.0,0.0
53.195797,DATA,1,1,2,10,0,26.83071,26.83071,0.470354974,1.55811775,-6.29848051,6.80520439,124.059982,-0.825805664,1.3203932,-0.00999999,-6.851229,123.504982,-0.633045435,-0.0674458742,1.0,0.0,0.0,0.0
53.250164,DATA,1,1,2,10,0,26.8850765,26.8850765,0.569985867,1.558147,-6.454696,6.822974,119.240349,-0.7926941,1.46113241,-0.01000005,-6.93913651,119.002975,-0.9980468,-0.06219673,1.0,0.0,0.0,0.0
53.3062019,DATA,1,1,2,10,0,26.9411144,26.9411144,0.678351462,1.55806231,-6.60885954,6.87597,114.168556,-0.783599854,1.60845363,-0.01000005,-7.01467,114.04454,-0.9980468,-0.06219673,1.0,0.0,0.0,0.0
53.3618469,DATA,1,1,2,10,0,26.99676,26.99676,0.8003885,1.55800939,-6.7539773,6.91692924,109.1436,-0.7904968,1.76267815,-0.01000005,-7.07752943,109.056511,-0.998107851,-0.06094551,1.0,0.0,0.0,0.0
53.4180641,DATA,1,1,2,10,0,27.0529766,27.0529766,0.9367495,1.55798721,-6.878702,6.94901562,105.589729,-0.8190918,1.92178059,-0.01000005,-7.126849,104.60601,0.0,0.0,1.0,0.0,0.0,0.0
53.4726067,DATA,1,1,2,10,0,27.10752,27.10752,1.09965062,1.55808842,-6.921268,6.915766,105.6694,-0.848510742,2.08510065,-0.01000011,-7.16940928,104.60601,0.0,0.0,1.0,0.0,0.0,0.0
53.52757,DATA,1,1,2,10,0,27.1624813,27.1624813,1.259529,1.55833673,-6.96297836,6.84301043,105.754349,-0.849823,2.24533081,-0.01000005,-7.211164,104.60601,0.0,0.0,1.0,0.0,0.0,0.0
53.5845,DATA,1,1,2,10,0,27.2194118,27.2194118,1.41890574,1.55854738,-7.004643,6.75035429,105.782547,-0.8234863,2.40502834,-0.00999999,-7.25278044,104.60601,0.0,0.0,1.0,0.0,0.0,0.0
53.6400871,DATA,1,1,2,10,0,27.275,27.275,1.58124626,1.55861354,-7.04695368,6.70146465,105.707878,-0.82522583,2.56758356,-0.01000005,-7.29514074,104.60601,0.0,0.0,1.0,0.0,0.0,0.0
53.6955452,DATA,1,1,2,10,0,27.3304577,27.3304577,1.74315369,1.55853868,-7.089169,6.76296,105.648476,-0.856018066,2.72965,-0.01000005,-7.337374,104.60601,0.0,0.0,1.0,0.0,0.0,0.0
53.7506065,DATA,1,1,2,10,0,27.385519,27.385519,1.90478861,1.55838466,-7.13129854,6.817196,105.604294,-0.852844238,2.89130759,-0.01000005,-7.379501,104.60601,0.0,0.0,1.0,0.0,0.0,0.0
53.8064,DATA,1,1,2,10,0,27.4413128,27.4413128,2.06406045,1.55829978,-7.17293835,6.89926767,105.647141,-0.927368164,3.05053258,-0.01000005,-7.420994,104.60601,0.0,0.0,1.0,0.0,0.0,0.0
53.8623,DATA,1,1,2,10,0,27.4972134,27.4972134,2.22752261,1.55815649,-7.21562433,6.95235538,105.654945,-0.9425659,3.2139194,-0.00999999,-7.463571,104.60601,0.0,0.0,1.0,0.0,0.0,0.0
53.91771,DATA,1,1,2,10,0,27.5526218,27.5526218,2.388172,1.55814743,-7.25747,6.99004936,105.596642,-0.9232788,3.37454629,-0.0100001693,-7.50542927,104.60601,0.0,0.0,1.0,0.0,0.0,0.0
53.9726334,DATA,1,1,2,10,0,27.6075459,27.6075459,2.54974,1.55816388,-7.29950666,7.000332,105.511765,-0.8878174,3.53608012,-0.01000005,-7.547524,104.60601,0.0,0.0,1.0,0.0,0.0,0.0
54.02828,DATA,1,1,3,10,0,27.66319,27.66319,2.71616364,1.558125,-7.34282875,7.048113,105.454407,-0.876281738,3.7024734,-0.01000005,-7.59088469,104.60601,0.0,0.0,1.0,0.0,0.0,0.0
54.08417,DATA,1,1,3,10,0,27.7190838,27.7190838,2.86919951,1.55801225,-7.3826313,7.102423,105.441475,-0.8614502,3.85545182,-0.01000005,-7.6307497,104.60601,0.0,0.0,1.0,0.0,0.0,0.0
54.14016,DATA,1,1,3,10,0,27.7750721,27.7750721,3.03413653,1.5578618,-7.4255147,7.20350027,105.398056,-0.803833,4.02030039,-0.00999999,-7.67370844,104.60601,0.0,0.0,1.0,0.0,0.0,0.0
54.1957,DATA,1,1,3,10,0,27.8306141,27.8306141,3.18533468,1.55777144,-7.5089016,7.2489996,101.9718,-0.7772217,4.18093,-0.01000005,-7.714669,102.160217,-0.9999695,-0.003204465,1.0,0.0,0.0,0.0
54.25056,DATA,1,1,3,10,0,27.8854733,27.8854733,3.33615136,1.55769181,-7.62654448,7.288129,96.84422,-0.7593689,4.345726,-0.01000005,-7.744547,97.13441,-0.9999695,-0.003204465,1.0,0.0,0.0,0.0
54.3067055,DATA,1,1,3,10,0,27.941618,27.941618,3.496253,1.55758762,-7.73030329,7.32663965,91.65158,-0.750640869,4.512127,-0.01000005,-7.7598505,92.11996,-0.9999695,-0.004425168,1.0,0.0,0.0,0.0
54.3617477,DATA,1,1,3,10,0,27.99666,27.99666,3.66130471,1.55743432,-7.817827,7.433569,86.59777,-0.844726563,4.67581367,-0.01000005,-7.76064539,87.2080154,-0.9999695,-0.004425168,1.0,0.0,0.0,0.0
54.41772,DATA,1,1,3,10,0,28.0526333,28.0526333,3.83696175,1.55717063,-7.89251947,7.53709,81.468605,-0.879364,4.84245157,-0.01000005,-7.74702549,82.19092,-0.999938965,-0.005523801,1.0,0.0,0.0,0.0
54.47254,DATA,1,1,3,10,0,28.1074543,28.1074543,4.018256,1.55693233,-7.95153475,7.63155746,76.45346,-0.8772888,5.007085,-0.01000011,-7.71891975,77.17927,-0.999938965,-0.005523801,1.0,0.0,0.0,0.0
54.5281067,DATA,1,1,3,10,0,28.16302,28.16302,4.203862,1.55685353,-7.9945035,7.66500664,71.39217,-0.842773438,5.168434,-0.01000011,-7.676599,72.17384,-0.999938965,-0.005523801,1.0,0.0,0.0,0.0
54.58416,DATA,1,1,3,10,0,28.2190723,28.2190723,4.39138031,1.55684745,-8.021085,7.680121,66.29491,-0.878356934,5.32456875,-0.01000011,-7.62072468,67.19772,-0.999938965,-0.005523801,1.0,0.0,0.0,0.0
54.64001,DATA,1,1,3,10,0,28.2749233,28.2749233,4.58312273,1.5568428,-8.031396,7.679611,61.1997,-0.940887451,5.477268,-0.01000011,-7.550516,62.1544952,-0.999938965,-0.005523801,1.0,0.0,0.0,0.0
54.6950569,DATA,1,1,3,10,0,28.32997,28.32997,4.771898,1.55680609,-8.025013,7.70827055,56.2146072,-1.01647949,5.620803,-0.01000005,-7.468631,57.1958275,-0.9999695,-0.003204465,1.0,0.0,0.0,0.0
54.75019,DATA,1,1,3,10,0,28.3851032,28.3851032,4.95529842,1.55665541,-7.995567,7.774312,52.5377121,-1.07516479,5.757553,-0.01000005,-7.37402868,52.675,0.0,0.0,1.0,0.0,0.0,0.0
54.806057,DATA,1,1,3,10,0,28.44097,28.44097,5.087908,1.556465,-7.894841,7.89003038,52.562397,-1.13735962,5.88974476,-0.01000011,-7.27323437,52.675,0.0,0.0,1.0,0.0,0.0,0.0
54.8617172,DATA,1,1,3,10,0,28.49663,28.49663,5.22159624,1.556359,-7.793278,7.94044065,52.5982552,-1.15594482,6.023023,-0.0100001693,-7.171612,52.675,0.0,0.0,1.0,0.0,0.0,0.0
54.9172249,DATA,1,1,3,10,0,28.5521374,28.5521374,5.35406542,1.55634415,-7.692569,7.98346663,52.63942,-1.17605591,6.155201,-0.01000011,-7.070828,52.675,0.0,0.0,1.0,0.0,0.0,0.0
54.972168,DATA,1,1,3,10,0,28.60708,28.60708,5.487016,1.556272,-7.59128571,8.03203,52.6285248,-1.20422363,6.288114,-0.01000005,-6.969484,52.675,0.0,0.0,1.0,0.0,0.0,0.0
55.0291634,DATA,1,1,3,10,0,28.6640759,28.6640759,5.621689,1.5563637,-7.48852539,8.000329,52.5578423,-1.19708252,6.422895,-0.01000011,-6.866715,52.675,0.0,0.0,1.0,0.0,0.0,0.0
55.0833778,DATA,1,1,3,10,0,28.71829,28.71829,5.74981451,1.55639434,-7.390486,7.96461773,52.4693642,-1.18292236,6.551381,-0.01000005,-6.768746,52.675,0.0,0.0,1.0,0.0,0.0,0.0
55.13957,DATA,1,1,3,10,0,28.77448,28.77448,5.883712,1.55657673,-7.28812933,7.91812849,52.37846,-1.18371582,6.68563652,-0.01000005,-6.6663785,52.675,0.0,0.0,1.0,0.0,0.0,0.0
55.19494,DATA,1,1,3,10,0,28.8298512,28.8298512,6.055264,1.55675173,-7.235993,7.80974245,47.7825928,-1.16363525,6.81569529,-0.01000005,-6.56389141,48.987793,-0.9985351,-0.0531938076,1.0,0.0,0.0,0.0
55.2500343,DATA,1,1,3,10,0,28.8849468,28.8849468,6.23979759,1.55696464,-7.185837,7.72029448,42.75619,-1.12457275,6.93880463,-0.01000005,-6.449489,43.9518738,-0.9985351,-0.0531938076,1.0,0.0,0.0,0.0
55.30582,DATA,1,1,3,10,0,28.940733,28.940733,6.413251,1.55708838,-7.122049,7.65550566,37.7391739,-1.1144104,7.04771662,-0.01000005,-6.3290863,39.0869865,-0.9985351,-0.0531938076,1.0,0.0,0.0,0.0
55.361618,DATA,1,1,3,10,0,28.99653,28.99653,6.590198,1.55714774,-7.03907061,7.62437725,32.67471,-1.09094238,7.151437,-0.01000005,-6.19223356,33.94139,-0.9985351,-0.0531938076,1.0,0.0,0.0,0.0
55.4173279,DATA,1,1,3,10,0,29.05224,29.05224,6.752642,1.5573,-6.9447093,7.59185028,27.72013,-1.04464722,7.239073,-0.01000011,-6.052465,28.9980774,-0.9985351,-0.0531938076,1.0,0.0,0.0,0.0
55.4722252,DATA,1,1,3,10,0,29.1071377,29.1071377,6.908451,1.55740523,-6.83514643,7.581671,22.7639542,-0.965515137,7.31531,-0.01000005,-5.903614,23.9867935,-0.9985351,-0.0531938076,1.0,0.0,0.0,0.0
55.5274544,DATA,1,1,3,10,0,29.1623669,29.1623669,7.05210829,1.557422,-6.714055,7.53128242,17.7274837,-0.946411133,7.377463,-0.01000011,-5.75081968,19.0440445,-0.998657167,-0.0511184931,1.0,0.0,0.0,0.0
55.5834923,DATA,1,1,3,10,0,29.2184048,29.2184048,7.185593,1.55751443,-6.580413,7.46645641,12.6274309,-0.9450073,7.426437,-0.01000005,-5.59244156,14.0750856,-0.999053955,-0.0430310965,1.0,0.0,0.0,0.0
55.6392746,DATA,1,1,3,10,0,29.2741871,29.2741871,7.309283,1.55752277,-6.43297625,7.423177,7.56253672,-0.963104248,7.46205664,-0.01000005,-5.427371,9.012207,-0.9990845,-0.0419935,1.0,0.0,0.0,0.0
55.694252,DATA,1,1,3,10,0,29.3291645,29.3291645,7.417705,1.55743861,-6.27808857,7.422532,2.64709139,-0.9711609,7.48269033,-0.01000005,-5.262842,4.04076052,-0.9990845,-0.0419935,1.0,0.0,0.0,0.0
55.7499771,DATA,1,1,3,10,0,29.38489,29.38489,7.51328135,1.5573585,-6.11285353,7.45071554,-2.23098755,-1.008667,7.488995,-0.01000005,-5.095802,-0.972229,-0.999938965,0.00637835264,1.0,0.0,0.0,0.0
55.8052559,DATA,1,1,3,10,0,29.4401684,29.4401684,7.558699,1.55724692,-5.94602728,7.48843,-4.255188,-1.02267456,7.48155165,-0.01000005,-4.93165,-3.951294,0.0,0.0,1.0,0.0,0.0,0.0
55.86174,DATA,1,1,3,10,0,29.4966526,29.4966526,7.54750347,1.55719829,-5.779766,7.472847,-4.18185425,-1.04067993,7.47007751,-0.01000005,-4.76554,-3.951294,0.0,0.0,1.0,0.0,0.0,0.0
55.916378,DATA,1,1,3,10,0,29.55129,29.55129,7.53612566,1.55722213,-5.6135,7.48250055,-4.161316,-1.04650879,7.45860624,-0.01000005,-4.59945965,-3.951294,0.0,0.0,1.0,0.0,0.0,0.0
55.972084,DATA,1,1,3,10,0,29.6069965,29.6069965,7.524635,1.55726075,-5.44446564,7.486852,-4.17495728,-1.13674927,7.446946,-0.01000005,-4.43065,-3.951294,0.0,0.0,1.0,0.0,0.0,0.0
56.0272865,DATA,1,1,3,10,0,29.662199,29.662199,7.51309872,1.55726242,-5.27679348,7.560125,-4.13934326,-1.12255859,7.435376,-0.01000005,-4.26315165,-3.951294,0.0,0.0,1.0,0.0,0.0,0.0
56.08327,DATA,1,1,3,10,0,29.7181835,29.7181835,7.50185251,1.55719328,-5.112606,7.585656,-4.10061646,-1.13766479,7.424037,-0.01000005,-4.098985,-3.951294,0.0,0.0,1.0,0.0,0.0,0.0
56.13925,DATA,1,1,3,10,0,29.7741642,29.7741642,7.49043369,1.55704451,-4.947921,7.6394496,-4.11352539,-1.157898,7.41265249,-0.01000011,-3.934169,-3.951294,0.0,0.0,1.0,0.0,0.0,0.0
56.19449,DATA,1,1,3,10,0,29.829401,29.829401,7.478732,1.55706692,-4.77933741,7.614966,-4.15325928,-1.16906738,7.40099859,-0.01000005,-3.76545119,-3.951294,0.0,0.0,1.0,0.0,0.0,0.0
56.24919,DATA,1,1,3,10,0,29.8841038,29.8841038,7.46722555,1.55705774,-4.6135416,7.64421272,-4.206238,-1.13986206,7.38953161,-0.01000011,-3.59943581,-3.951294,0.0,0.0,1.0,0.0,0.0,0.0
56.30531,DATA,1,1,3,10,0,29.9402218,29.9402218,7.455863,1.55717421,-4.44999075,7.60499048,-4.24435425,-1.12173462,7.3782196,-0.01000005,-3.43566465,-3.951294,0.0,0.0,1.0,0.0,0.0,0.0
56.3610268,DATA,1,1,3,10,0,29.99594,29.99594,7.47313356,1.55723214,-4.27898359,7.593825,-6.73492432,-1.09832764,7.36612463,-0.0100001693,-3.26719737,-5.60327148,-0.9973449,-0.0726951361,1.0,0.0,0.0,0.0
56.4174461,DATA,1,1,3,10,0,30.0523586,30.0523586,7.53858376,1.55732584,-4.101983,7.54127359,-11.8063049,-1.12332153,7.34461546,-0.01000011,-3.10297585,-10.5604858,-0.997405946,-0.07165742,1.0,0.0,0.0,0.0
56.472393,DATA,1,1,3,10,0,30.1073055,30.1073055,7.58956051,1.557359,-3.915715,7.546716,-16.814209,-1.127594,7.308039,-0.00999999,-2.937456,-15.6342468,-0.997405946,-0.07165742,1.0,0.0,0.0,0.0
56.52809,DATA,1,1,3,10,0,30.1630039,30.1630039,7.623056,1.55735922,-3.73107147,7.54829836,-21.7904358,-1.13330078,7.258582,-0.01000005,-2.780425,-20.56186,-0.997405946,-0.07165742,1.0,0.0,0.0,0.0
56.5830956,DATA,1,1,3,10,0,30.218008,30.218008,7.640668,1.557334,-3.545625,7.580431,-26.636261,-1.09072876,7.196344,-0.01000005,-2.629376,-25.45169,-0.997405946,-0.07165742,1.0,0.0,0.0,0.0
56.6392326,DATA,1,1,3,10,0,30.2741451,30.2741451,7.64217758,1.55728221,-3.35226679,7.547511,-31.48938,-1.08987427,7.118433,-0.01000005,-2.47877741,-30.527771,-0.8360851,-0.0512100458,1.0,0.0,0.0,0.0
56.6943436,DATA,1,1,3,10,0,30.3292561,30.3292561,7.57172775,1.55737686,-3.20010829,7.4988246,-31.80841,-1.10061646,7.031746,-0.01000005,-2.33634257,-31.5997925,0.0,0.0,1.0,0.0,0.0,0.0
56.74923,DATA,1,1,3,10,0,30.3841419,30.3841419,7.4851017,1.55742979,-3.05895472,7.46819735,-31.7693481,-1.13269043,6.94492245,-0.00999999,-2.19521165,-31.5997925,0.0,0.0,1.0,0.0,0.0,0.0
56.8054581,DATA,1,1,3,10,0,30.44037,30.44037,7.398239,1.557544,-2.917307,7.426622,-31.6691589,-1.13504028,6.85785,-0.01000005,-2.05367637,-31.5997925,0.0,0.0,1.0,0.0,0.0,0.0
56.8612366,DATA,1,1,3,10,0,30.49615,30.49615,7.31165838,1.55759251,-2.776164,7.35613155,-31.5195923,-1.15579224,6.771109,-0.00999999,-1.91267943,-31.5997925,0.0,0.0,1.0,0.0,0.0,0.0
56.9165421,DATA,1,1,3,10,0,30.5514545,30.5514545,7.22247076,1.55761909,-2.630655,7.35065031,-31.31131,-1.13687134,6.68166351,-0.01000005,-1.7672863,-31.5997925,0.0,0.0,1.0,0.0,0.0,0.0
56.9719543,DATA,1,1,3,10,0,30.6068668,30.6068668,7.13686657,1.55764532,-2.49101257,7.31578255,-31.1352844,-1.14743042,6.595866,-0.0100001693,-1.62782419,-31.5997925,0.0,0.0,1.0,0.0,0.0,0.0
57.0276451,DATA,1,1,3,10,0,30.6625576,30.6625576,7.0492053,1.5576452,-2.348233,7.315515,-31.0363464,-1.19296265,6.508041,-0.00999999,-1.48506463,-31.5997925,0.0,0.0,1.0,0.0,0.0,0.0
57.0834236,DATA,1,1,3,10,0,30.7183361,30.7183361,6.96218967,1.55772877,-2.206647,7.25450039,-31.02478,-1.20733643,6.420971,-0.01000005,-1.3435334,-31.5997925,0.0,0.0,1.0,0.0,0.0,0.0
57.13959,DATA,1,1,3,10,0,30.7745037,30.7745037,6.87390566,1.557883,-2.06307483,7.202152,-31.0405273,-1.24981689,6.332647,-0.01000005,-1.19996321,-31.5997925,0.0,0.0,1.0,0.0,0.0,0.0
57.19463,DATA,1,1,3,10,0,30.8295422,30.8295422,6.785907,1.55791426,-1.91998315,7.17460251,-31.0545654,-1.25878906,6.244566,-0.00999999,-1.05678833,-31.5997925,0.0,0.0,1.0,0.0,0.0,0.0
57.25028,DATA,1,1,3,10,0,30.885191,30.885191,6.70009375,1.558042,-1.78044283,7.132141,-31.0603638,-1.26190186,6.15867567,-0.01000005,-0.917174935,-31.5997925,0.0,0.0,1.0,0.0,0.0,0.0
57.30584,DATA,1,1,3,10,0,30.940752,30.940752,6.58351231,1.55807137,-1.656447,7.1067996,-28.26184,-1.26620483,6.0718646,-0.0100001693,-0.7748721,-29.6422424,0.8915067,-0.420270443,1.0,0.0,0.0,0.0
57.361515,DATA,1,1,3,10,0,30.9964275,30.9964275,6.43419743,1.55815458,-1.545892,7.05507565,-23.7507629,-1.2996521,5.99329662,-0.01000005,-0.6268439,-25.13504,0.900296,-0.435163379,1.0,0.0,0.0,0.0
57.4176674,DATA,1,1,3,10,0,31.05258,31.05258,6.29433346,1.55828285,-1.42447388,7.00280046,-19.1836243,-1.34301758,5.926826,-0.01000005,-0.4735617,-20.6246338,0.8994415,-0.436964035,1.0,0.0,0.0,0.0
57.4726143,DATA,1,1,3,10,0,31.1075268,31.1075268,6.16380835,1.55835366,-1.29085624,6.953524,-15.064209,-1.35552979,5.872125,-0.00999999,-0.314001471,-16.1083374,0.4978484,-0.333902955,1.0,0.0,0.0,0.0
57.52756,DATA,1,1,3,10,0,31.1624737,31.1624737,6.10942554,1.55834484,-1.135474,6.97992468,-15.0195313,-1.34466553,5.82775736,-0.01000005,-0.155714273,-15.5145874,0.0,0.0,1.0,0.0,0.0,0.0
57.58357,DATA,1,1,3,10,0,31.2184811,31.2184811,6.06457138,1.55840206,-0.9749079,6.984074,-15.1046753,-1.35397339,5.78317976,-0.00999999,0.0048677735,-15.5145874,0.0,0.0,1.0,0.0,0.0,0.0
57.63938,DATA,1,1,3,10,0,31.2742939,31.2742939,6.019655,1.55842233,-0.813809037,6.953257,-15.20636,-1.32183838,5.7384553,-0.01000005,0.16597946,-15.5145874,0.0,0.0,1.0,0.0,0.0,0.0
57.6949348,DATA,1,1,3,10,0,31.3298473,31.3298473,5.97434473,1.5583756,-0.651318252,6.96423626,-15.2627258,-1.372467,5.69335938,-0.01000005,0.3284296,-15.5145874,0.0,0.0,1.0,0.0,0.0,0.0
57.7502251,DATA,1,1,3,10,0,31.3851376,31.3851376,5.929973,1.55832458,-0.492182463,6.99474764,-15.284668,-1.33694458,5.64915466,-0.00999999,0.4876687,-15.5145874,0.0,0.0,1.0,0.0,0.0,0.0
57.80558,DATA,1,1,3,10,0,31.4404926,31.4404926,5.885912,1.558342,-0.334491074,6.966698,-15.3339844,-1.25753784,5.60533857,-0.01000005,0.645507634,-15.5145874,0.0,0.0,1.0,0.0,0.0,0.0
57.8613,DATA,1,1,3,10,0,31.4962139,31.4962139,5.84119654,1.55834377,-0.174417481,6.960094,-15.4055176,-1.1736145,5.56083059,-0.01000011,0.8058403,-15.5145874,0.0,0.0,1.0,0.0,0.0,0.0
57.9174538,DATA,1,1,3,10,0,31.5523663,31.5523663,5.795843,1.5584836,-0.0118845273,6.905095,-15.4637451,-1.138977,5.515653,-0.01000005,0.968584538,-15.5145874,0.0,0.0,1.0,0.0,0.0,0.0
57.9721336,DATA,1,1,3,10,0,31.6070461,31.6070461,5.75132847,1.55863,0.147761628,6.857807,-15.50705,-1.13253784,5.471282,-0.01000005,1.12842226,-15.5145874,0.0,0.0,1.0,0.0,0.0,0.0
58.0276642,DATA,1,1,3,10,0,31.6625767,31.6625767,5.70631456,1.55878592,0.309415549,6.79989529,-15.5534363,-1.10427856,5.42634869,-0.00999999,1.29028749,-15.5145874,0.0,0.0,1.0,0.0,0.0,0.0
58.0836334,DATA,1,1,3,10,0,31.7185459,31.7185459,5.662103,1.55886674,0.467390627,6.755796,-15.6234131,-1.05978394,5.38244438,-0.01000005,1.44844449,-15.5145874,0.0,0.0,1.0,0.0,0.0,0.0
58.1397057,DATA,1,1,3,10,0,31.7746181,31.7746181,5.616999,1.55893052,0.629042566,6.72915173,-15.7452393,-1.04284668,5.33750534,-0.00999999,1.61032939,-15.5145874,0.0,0.0,1.0,0.0,0.0,0.0
58.19435,DATA,1,1,3,10,0,31.8292637,31.8292637,5.5862937,1.55892968,0.793423533,6.68719244,-17.4234,-0.990356445,5.29300165,-0.01000005,1.7706455,-16.32022,-0.896511734,-0.1767937,1.0,0.0,0.0,0.0
58.2494736,DATA,1,1,3,10,0,31.8843861,31.8843861,5.615618,1.55904222,0.981257141,6.65163851,-22.362915,-0.992980957,5.24082756,-0.01000005,1.93028414,-21.17456,-0.9849849,-0.172551632,1.0,0.0,0.0,0.0
58.3059654,DATA,1,1,3,10,0,31.9408779,31.9408779,5.63025761,1.55902994,1.16845536,6.67410469,-27.3771057,-0.933563232,5.17627144,-0.00999999,2.08233833,-26.057251,-0.9849849,-0.172551632,1.0,0.0,0.0,0.0
58.3614426,DATA,1,1,3,10,0,31.9963551,31.9963551,5.62903452,1.55901384,1.35766125,6.677894,-32.3168335,-0.8925781,5.0983963,-0.01000005,2.22941113,-30.9762573,-0.9849849,-0.172551632,1.0,0.0,0.0,0.0
58.417347,DATA,1,1,3,10,0,32.05226,32.05226,5.611644,1.55887127,1.54596508,6.71861362,-37.2418823,-0.885376,5.008241,-0.00999999,2.369203,-35.8930664,-0.9849849,-0.172551632,1.0,0.0,0.0,0.0
58.47288,DATA,1,1,3,10,0,32.1077957,32.1077957,5.57721233,1.55889726,1.73699987,6.67997837,-42.1594238,-0.8821106,4.90368128,-0.01000005,2.504085,-40.93759,-0.985259533,-0.170781612,1.0,0.0,0.0,0.0
58.5279732,DATA,1,1,3,10,0,32.1628876,32.1628876,5.51737356,1.55893183,1.9063406,6.65914536,-45.2543945,-0.870422363,4.792163,-0.01000005,2.62502265,-44.9228821,0.0,0.0,1.0,0.0,0.0,0.0
58.5835724,DATA,1,1,3,10,0,32.218483,32.218483,5.40158033,1.55901074,2.02267623,6.63301229,-45.15863,-0.8738098,4.676161,-0.01000005,2.7413373,-44.9228821,0.0,0.0,1.0,0.0,0.0,0.0
58.6398964,DATA,1,1,3,10,0,32.27481,32.27481,5.28193474,1.55908251,2.14294314,6.59310627,-45.04416,-0.875,4.556266,-0.01000005,2.86155558,-44.9228821,0.0,0.0,1.0,0.0,0.0,0.0
58.69535,DATA,1,1,4,10,0,32.33026,32.33026,5.1630125,1.55919456,2.26252365,6.537598,-44.9588,-0.922332764,4.437096,-0.00999999,2.98104668,-44.9228821,0.0,0.0,1.0,0.0,0.0,0.0
58.7501869,DATA,1,1,4,10,0,32.3851,32.3851,5.046094,1.55921936,2.3801825,6.528019,-44.8511353,-0.9458313,4.3198843,-0.01000005,3.09857416,-44.9228821,0.0,0.0,1.0,0.0,0.0,0.0
58.8055878,DATA,1,1,4,10,0,32.4405,32.4405,4.930402,1.5591867,2.49644351,6.535817,-44.78662,-0.9291382,4.204057,-0.00999999,3.21471334,-44.9228821,0.0,0.0,1.0,0.0,0.0,0.0
58.8614273,DATA,1,1,4,10,0,32.4963379,32.4963379,4.814219,1.55915451,2.61317945,6.60123,-44.7695923,-0.9831238,4.08775473,-0.01000005,3.33132935,-44.9228821,0.0,0.0,1.0,0.0,0.0,0.0
58.9173622,DATA,1,1,4,10,0,32.5522766,32.5522766,4.6956296,1.5589447,2.73206949,6.671302,-44.7684326,-0.9824524,3.969169,-0.01000005,3.45023465,-44.9228821,0.0,0.0,1.0,0.0,0.0,0.0
58.9721336,DATA,1,1,4,10,0,32.607048,32.607048,4.578518,1.55898631,2.84943461,6.62686539,-44.853363,-0.9530945,3.852116,-0.00999999,3.567603,-44.9228821,0.0,0.0,1.0,0.0,0.0,0.0
59.027607,DATA,1,1,4,10,0,32.66252,32.66252,4.45958138,1.558965,2.96858048,6.64819765,-44.8901672,-0.961730957,3.73330235,-0.01000005,3.68673682,-44.9228821,0.0,0.0,1.0,0.0,0.0,0.0
59.0834579,DATA,1,1,4,10,0,32.71837,32.71837,4.343598,1.55895972,3.08497357,6.67820168,-44.7643433,-0.935180664,3.61721683,-0.00999999,3.80313516,-44.9228821,0.0,0.0,1.0,0.0,0.0,0.0
59.1388626,DATA,1,1,4,10,0,32.7737732,32.7737732,4.22588634,1.55894756,3.20303249,6.66961861,-44.69995,-0.966217041,3.49955153,-0.01000005,3.92111778,-44.9228821,0.0,0.0,1.0,0.0,0.0,0.0
59.19468,DATA,1,1,4,10,0,32.82959,32.82959,4.120301,1.55894554,3.33469534,6.65470839,-46.59503,-0.9375305,3.38140774,-0.00999999,4.03958,-45.93094,-0.9995117,-0.02966404,1.0,0.0,0.0,0.0
59.2495842,DATA,1,1,4,10,0,32.8845,32.8845,4.05448,1.55889726,3.51518679,6.734869,-51.5787048,-0.932403564,3.256725,-0.01000005,4.15254545,-50.9703979,-0.991058052,0.133091211,1.0,0.0,0.0,0.0
59.30529,DATA,1,1,4,10,0,32.9402,32.9402,3.97380352,1.55891013,3.68684149,6.7460537,-56.5209351,-0.9319763,3.12419271,-0.01000005,4.253055,-55.91638,-0.990722358,0.135837913,1.0,0.0,0.0,0.0
59.36167,DATA,1,1,4,10,0,32.996582,32.996582,3.87684536,1.55881548,3.849184,6.76139736,-60.5309753,-0.8999939,2.98278713,-0.01000005,4.342179,-60.7438354,0.0,0.0,1.0,0.0,0.0,0.0
59.4168167,DATA,1,1,4,10,0,33.0517273,33.0517273,3.73420334,1.55872869,3.929092,6.790237,-60.5227051,-0.8807678,2.84024358,-0.01000005,4.42202759,-60.7438354,0.0,0.0,1.0,0.0,0.0,0.0
59.47172,DATA,1,1,4,10,0,33.106636,33.106636,3.58709478,1.55871332,4.011536,6.82799959,-60.4789429,-0.8873596,2.693172,-0.00999999,4.504412,-60.7438354,0.0,0.0,1.0,0.0,0.0,0.0
59.5274925,DATA,1,1,4,10,0,33.1624069,33.1624069,3.44258761,1.55856109,4.09253,6.86313343,-60.39569,-0.8685913,2.548627,-0.01000005,4.585382,-60.7438354,0.0,0.0,1.0,0.0,0.0,0.0
59.5828819,DATA,1,1,4,10,0,33.2177963,33.2177963,3.29920077,1.558516,4.17309761,6.86627436,-60.2808838,-0.8517456,2.40512371,-0.01000005,4.66576767,-60.7438354,0.0,0.0,1.0,0.0,0.0,0.0
59.638916,DATA,1,1,4,10,0,33.2738266,33.2738266,3.15108275,1.558433,4.25615454,6.85561752,-60.1801758,-0.8908081,2.25705242,-0.01000005,4.74871254,-60.7438354,0.0,0.0,1.0,0.0,0.0,0.0
59.6942177,DATA,1,1,4,10,0,33.3291321,33.3291321,2.99192977,1.55852294,4.31297827,6.7929635,-57.638855,-0.920074463,2.11200571,-0.01000005,4.83043957,-59.1394653,0.828424931,-0.5600451,1.0,0.0,0.0,0.0
59.7497025,DATA,1,1,4,10,0,33.384613,33.384613,2.81108212,1.558694,4.34051,6.778642,-53.419342,-0.9383545,1.97087014,-0.00999999,4.92007446,-54.9827271,0.8226875,-0.568468332,1.0,0.0,0.0,0.0
59.8055,DATA,1,1,4,10,0,33.4404144,33.4404144,2.6351614,1.55873871,4.381053,6.786743,-49.168396,-0.933227539,1.83801246,-0.01000005,5.01854658,-50.912384,0.8170415,-0.5765252,1.0,0.0,0.0,0.0
59.8615761,DATA,1,1,4,10,0,33.49649,33.49649,2.46089149,1.558576,4.43512,6.80173063,-44.9040222,-0.91986084,1.71092176,-0.00999999,5.12755728,-46.83008,0.801355,-0.5981628,1.0,0.0,0.0,0.0
59.9161644,DATA,1,1,4,10,0,33.55108,33.55108,2.352945,1.558501,4.44503832,6.84653759,-41.8089,-0.9415283,1.65041268,-0.01000005,5.185324,-43.00943,0.0,0.0,0.0,0.0,0.0,0.0
59.9713669,DATA,1,1,4,10,0,33.6062775,33.6062775,2.35317016,1.5583353,4.44531727,6.88199568,-41.6605225,-0.999176,1.65041268,-0.01000005,5.185324,-43.00943,0.0,0.0,0.0,0.0,0.0,0.0
60.02734,DATA,1,1,4,10,0,33.6622543,33.6622543,2.353489,1.55837154,4.44561625,6.86332655,-41.50415,-1.06900024,1.65041268,-0.01000005,5.185324,-43.00943,0.0,0.0,0.0,0.0,0.0,0.0
60.0822639,DATA,1,1,4,10,0,33.71718,33.71718,2.35378432,1.55857873,4.445989,6.80730629,-41.3441772,-1.14569092,1.65041268,-0.01000005,5.185324,-43.00943,0.0,0.0,0.0,0.0,0.0,0.0
60.1394653,DATA,1,1,4,10,0,33.7743759,33.7743759,2.3541615,1.55866742,4.44629431,6.80928755,-41.174408,-1.15408325,1.65041268,-0.01000005,5.185324,-43.00943,0.0,0.0,0.0,0.0,0.0,0.0
60.1935425,DATA,1,1,4,10,0,33.8284531,33.8284531,2.354489,1.5585258,4.44644451,6.85430527,-41.0367126,-1.181366,1.65041268,-0.01000005,5.185324,-43.00943,0.0,0.0,0.0,0.0,0.0,0.0
60.24882,DATA,1,1,4,10,0,33.8837357,33.8837357,2.3546164,1.558353,4.44617033,6.90471554,-40.1340027,-1.20657349,1.65041268,-0.01000005,5.185324,-43.00943,0.7668996,-0.641712666,0.0,0.0,0.0,0.0
60.30549,DATA,1,1,4,10,0,33.9404,33.9404,2.30292273,1.55828071,4.40007973,6.93421745,-36.507843,-1.29498291,1.65041268,-0.01000005,5.185324,-39.09839,0.5076144,-0.246711612,0.0,0.0,0.0,0.0
60.36079,DATA,1,1,4,10,0,33.9957047,33.9957047,2.2939167,1.55822849,4.39279366,6.924233,-36.25656,-1.3013,1.65041268,-0.01000005,5.185324,-38.4229126,0.0,0.0,1.0,0.0,0.0,0.0
60.416317,DATA,1,1,4,10,0,34.05123,34.05123,2.189512,1.55835509,4.524722,6.86096525,-36.192627,-1.32394409,1.54582787,-0.00999999,5.317169,-38.4229126,0.0,0.0,1.0,0.0,0.0,0.0
60.471344,DATA,1,1,4,10,0,34.1062546,34.1062546,2.08664083,1.55843186,4.65453053,6.842627,-36.1563721,-1.29351807,1.44296885,-0.01000005,5.44683838,-38.4229126,0.0,0.0,1.0,0.0,0.0,0.0
60.5274353,DATA,1,1,4,10,0,34.1623459,34.1623459,1.982141,1.55832922,4.786168,6.90062761,-36.17682,-1.25595093,1.33858442,-0.00999999,5.57843065,-38.4229126,0.0,0.0,1.0,0.0,0.0,0.0
60.58326,DATA,1,1,4,10,0,34.21817,34.21817,1.879708,1.5581274,4.914964,6.98285151,-36.1835327,-1.26846313,1.23648846,-0.01000005,5.707138,-38.4229126,0.0,0.0,1.0,0.0,0.0,0.0
60.6388969,DATA,1,1,4,10,0,34.27381,34.27381,1.77397323,1.55803323,5.048264,7.016205,-36.12439,-1.26266479,1.13092887,-0.01000005,5.840212,-38.4229126,0.0,0.0,0.0,0.0,0.0,0.0
60.693943,DATA,1,1,4,10,0,34.3288574,34.3288574,1.76708484,1.55798721,5.04319525,7.105277,-35.4917,-1.33056641,1.13092887,-0.01000005,5.840212,-37.9370728,0.0,0.0,0.0,0.0,0.0,0.0
60.749485,DATA,1,1,4,10,0,34.3844,34.3844,1.76705456,1.55793834,5.04351854,7.150142,-35.3427734,-1.28845215,1.13092887,-0.01000005,5.840212,-37.9370728,0.0,0.0,0.0,0.0,0.0,0.0
60.8058624,DATA,1,1,4,10,0,34.440773,34.440773,1.7670579,1.55789709,5.04370975,7.19659662,-35.2115173,-1.2755127,1.13092887,-0.01000005,5.840212,-37.9370728,0.0,0.0,0.0,0.0,0.0,0.0
60.861393,DATA,1,1,4,10,0,34.4963074,34.4963074,1.76714337,1.55787373,5.04383135,7.20807457,-35.0881042,-1.210846,1.13092887,-0.01000005,5.840212,-37.9370728,0.0,0.0,0.0,0.0,0.0,0.0
60.9167442,DATA,1,1,4,10,0,34.55166,34.55166,1.76722562,1.55787325,5.04390049,7.200675,-35.01883,-1.195282,1.13092887,-0.01000005,5.840212,-37.9370728,0.0,0.0,0.0,0.0,0.0,0.0
60.97158,DATA,1,1,4,10,0,34.60649,34.60649,1.7673701,1.55779624,5.04386,7.19559669,-34.97229,-1.16842651,1.13092887,-0.01000005,5.840212,-37.9370728,0.0,0.0,0.0,0.0,0.0,0.0
61.0275345,DATA,1,1,4,10,0,34.6624451,34.6624451,1.76758,1.55788636,5.043801,7.139858,-34.9378357,-1.17947388,1.13092887,-0.01000005,5.840212,-37.9370728,0.0,0.0,0.0,0.0,0.0,0.0
61.08301,DATA,1,1,4,10,0,34.717926,34.717926,1.76778567,1.55801558,5.04361725,7.07321358,-34.91385,-1.19223022,1.13092887,-0.01000005,5.840212,-37.9370728,0.0,0.0,0.0,0.0,0.0,0.0
61.1390877,DATA,1,1,4,10,0,34.7740021,34.7740021,1.7679944,1.55807281,5.04347134,7.03745747,-34.8657227,-1.18057251,1.13092887,-0.01000005,5.840212,-37.9370728,0.0,0.0,0.0,0.0,0.0,0.0
61.1943169,DATA,1,1,4,10,0,34.82923,34.82923,1.768123,1.55805922,5.04339743,7.0033493,-34.83734,-1.19863892,1.13092887,-0.01000005,5.840212,-37.9370728,0.0,0.0,0.0,0.0,0.0,0.0
61.2493629,DATA,1,1,4,10,0,34.8842773,34.8842773,1.76823008,1.55810857,5.04329348,6.968306,-34.8192139,-1.16952515,1.13092887,-0.01000005,5.840212,-37.9370728,0.0,0.0,0.0,0.0,0.0,0.0
61.30516,DATA,1,1,4,10,0,34.94007,34.94007,1.76816559,1.55815959,5.043252,6.97468567,-34.8034973,-1.20974731,1.13092887,-0.01000005,5.840212,-37.9370728,0.0,0.0,0.0,0.0,0.0,0.0
61.3610268,DATA,1,1,4,10,0,34.99594,34.99594,1.76820481,1.55814409,5.043223,7.011808,-34.7879944,-1.17739868,1.13092887,-0.01000005,5.840212,-37.9370728,0.0,0.0,0.0,0.0,0.0,0.0
61.4166946,DATA,1,1,4,10,0,35.0516052,35.0516052,1.76823878,1.55814648,5.04333258,7.01095,-34.81717,-1.153595,1.13092887,-0.01000005,5.840212,-37.9370728,0.0,0.0,0.0,0.0,0.0,0.0
61.4717369,DATA,1,1,4,10,0,35.10665,35.10665,1.7680347,1.55809665,5.04302931,7.071524,-34.0979919,-1.17721558,1.13092887,-0.01000005,5.840212,-37.9370728,0.868922949,-0.4948882,0.0,0.0,0.0,0.0
61.52717,DATA,1,1,4,10,0,35.16208,35.16208,1.70576417,1.5579803,4.997145,7.094795,-29.7778015,-1.16079712,1.13092887,-0.01000005,5.840212,-33.5958862,0.868922949,-0.4948882,0.0,0.0,0.0,0.0
61.58289,DATA,1,1,4,10,0,35.217804,35.217804,1.64128339,1.55793214,4.956735,7.11669827,-25.4232178,-1.13571167,1.13092887,-0.01000005,5.840212,-29.3250732,0.872188449,-0.489120126,0.0,0.0,0.0,0.0
61.63869,DATA,1,1,4,10,0,35.2736053,35.2736053,1.571608,1.5579524,4.92016125,7.1034627,-21.042572,-1.11782837,1.13092887,-0.01000005,5.840212,-24.910553,0.8729209,-0.487777352,0.0,0.0,0.0,0.0
61.6941223,DATA,1,1,4,10,0,35.3290329,35.3290329,1.49979532,1.55789208,4.889253,7.140757,-16.7269287,-1.08087158,1.13092887,-0.01000005,5.840212,-20.5280457,0.8721274,-0.4892422,0.0,0.0,0.0,0.0
61.7490234,DATA,1,1,4,10,0,35.383934,35.383934,1.4271549,1.55783224,4.864359,7.16855431,-12.4979248,-1.05654907,1.13092887,-0.01000005,5.840212,-16.2225647,0.8721274,-0.4892422,0.0,0.0,0.0,0.0
61.80502,DATA,1,1,4,10,0,35.4399338,35.4399338,1.35173047,1.55775833,4.84476757,7.19989,-8.150635,-1.05236816,1.13092887,-0.01000005,5.840212,-11.8480835,0.8721274,-0.4892422,0.0,0.0,0.0,0.0
61.8613052,DATA,1,1,4,10,0,35.4962158,35.4962158,1.27528644,1.55775523,4.830923,7.185886,-3.749237,-1.01199341,1.13092887,-0.01000005,5.840212,-7.486389,0.8721274,-0.4892422,0.0,0.0,0.0,0.0
61.9165154,DATA,1,1,4,10,0,35.55143,35.55143,1.19843352,1.55784678,4.82300425,7.17338657,0.6007124,-1.08831787,1.13092887,-0.01000005,5.840212,-3.15222168,0.8721274,-0.4892422,0.0,0.0,0.0,0.0
61.97138,DATA,1,1,4,10,0,35.6062927,35.6062927,1.12031472,1.5577631,4.820807,7.224255,4.94293356,-1.012085,1.13092887,-0.01000005,5.840212,1.23700106,0.8714255,-0.4904325,0.0,0.0,0.0,0.0
62.02721,DATA,1,1,4,10,0,35.6621246,35.6621246,1.04291308,1.5577457,4.82463026,7.22635031,9.212866,-0.9387207,1.13092887,-0.01000005,5.840212,5.58171225,0.8714255,-0.4904325,0.0,0.0,0.0,0.0
62.0824242,DATA,1,1,4,10,0,35.71734,35.71734,0.965669,1.55770183,4.834284,7.25317,13.4372215,-0.844543457,1.13092887,-0.01000005,5.840212,9.94138,0.870632052,-0.4918363,0.0,0.0,0.0,0.0
62.1391678,DATA,1,1,4,10,0,35.77408,35.77408,0.898704231,1.55763328,4.89137745,7.229454,17.7681122,-0.8126526,1.140636,-0.00999999,5.88157463,14.3152161,0.869228244,-0.49433887,1.0,0.0,0.0,0.0
62.1935463,DATA,1,1,4,10,0,35.82846,35.82846,0.869991362,1.55764711,5.071831,7.21888,21.9753857,-0.7891846,1.18610442,-0.01000011,6.04082346,18.6370373,0.8717612,-0.489852548,1.0,0.0,0.0,0.0
62.2492065,DATA,1,1,4,10,0,35.8841171,35.8841171,0.8544998,1.55766761,5.25636244,7.22036648,26.2997189,-0.758453369,1.2441783,-0.01000011,6.197965,23.0326557,0.876003265,-0.4822229,1.0,0.0,0.0,0.0
62.30503,DATA,1,1,4,10,0,35.93994,35.93994,0.853102744,1.55757523,5.43841171,7.289914,30.5765171,-0.723144531,1.31284416,-0.01000011,6.34757328,27.3578587,0.826380253,-0.434430957,1.0,0.0,0.0,0.0
62.3607635,DATA,1,1,4,10,0,35.9956741,35.9956741,0.875614464,1.55744052,5.618855,7.348576,34.136,-0.7327881,1.39426434,-0.01000011,6.4953084,31.1356678,0.671254635,-0.38184762,1.0,0.0,0.0,0.0
62.4172821,DATA,1,1,4,10,0,36.0521927,36.0521927,0.9144443,1.55727053,5.791769,7.432892,37.6941032,-0.729431152,1.48351347,-0.01000005,6.63598347,34.4913826,0.7978759,-0.5224464,1.0,0.0,0.0,0.0
62.47158,DATA,1,1,4,10,0,36.10649,36.10649,0.9033559,1.55724514,5.9039607,7.435755,41.806675,-0.6691284,1.5316087,-0.01000011,6.704692,38.6268921,0.8184149,-0.5746025,0.0,0.0,0.0,0.0
62.5274124,DATA,1,1,4,10,0,36.162323,36.162323,0.85007304,1.55728209,5.94910955,7.45882273,45.82659,-0.7297058,1.5316087,-0.01000011,6.704692,42.5670128,0.7878964,-0.6157415,0.0,0.0,0.0,0.0
62.58272,DATA,1,1,4,10,0,36.2176361,36.2176361,0.799716,1.55726087,5.997762,7.4728384,49.7717819,-0.727020264,1.5316087,-0.01000011,6.704692,46.52169,0.7878964,-0.6157415,0.0,0.0,0.0,0.0
62.63879,DATA,1,1,4,10,0,36.2737045,36.2737045,0.752060056,1.557334,6.05048656,7.434329,53.720253,-0.757873535,1.5316087,-0.01000011,6.704692,50.5318,0.787011266,-0.616901159,0.0,0.0,0.0,0.0
62.69378,DATA,1,1,4,10,0,36.32869,36.32869,0.70933,1.557345,6.104526,7.422768,57.583992,-0.776123047,1.5316087,-0.01000011,6.704692,54.4212761,0.787011266,-0.616901159,0.0,0.0,0.0,0.0
62.749,DATA,1,1,4,10,0,36.38391,36.38391,0.6702693,1.55739272,6.16144228,7.35471964,61.509903,-0.8180542,1.5316087,-0.01000011,6.704692,58.3135757,0.78811,-0.615497351,0.0,0.0,0.0,0.0
62.8048668,DATA,1,1,4,10,0,36.43978,36.43978,0.6344394,1.55755281,6.22193956,7.26547956,65.50257,-0.852844238,1.5316087,-0.01000011,6.704692,62.2760963,0.8194525,-0.573137641,0.0,0.0,0.0,0.0
62.86086,DATA,1,1,4,10,0,36.4957733,36.4957733,0.7135095,1.55781913,6.341325,7.15003729,69.55098,-0.876709,1.64345968,-0.0100001693,6.758405,66.40001,0.831873536,-0.554948568,1.0,0.0,0.0,0.0
62.91653,DATA,1,1,4,10,0,36.551445,36.551445,0.8429038,1.55802643,6.473868,7.08549929,73.2595444,-0.863983154,1.80107963,-0.00999999,6.8221035,70.57817,0.570421457,-0.3749504,1.0,0.0,0.0,0.0
62.97111,DATA,1,1,4,10,0,36.6060257,36.6060257,0.995145738,1.55808282,6.539375,7.03540468,73.15564,-0.8834839,1.95773828,-0.01000005,6.87572527,71.27735,0.0,0.0,1.0,0.0,0.0,0.0
63.02716,DATA,1,1,4,10,0,36.66207,36.66207,1.1513797,1.5580827,6.592778,6.97787333,72.96004,-0.8417053,2.114256,-0.01000011,6.92877245,71.27735,0.0,0.0,1.0,0.0,0.0,0.0
63.0829124,DATA,1,1,4,10,0,36.7178268,36.7178268,1.30841148,1.55804968,6.64629173,6.97165728,72.83876,-0.856506348,2.27135825,-0.01000011,6.982018,71.27735,0.0,0.0,1.0,0.0,0.0,0.0
63.13903,DATA,1,1,4,10,0,36.77394,36.77394,1.46646678,1.5580616,6.700147,7.01365948,72.7669,-0.7887573,2.429421,-0.01000005,7.03558874,71.27735,0.0,0.0,1.0,0.0,0.0,0.0
63.1940041,DATA,1,1,4,10,0,36.82892,36.82892,1.62664425,1.55805326,6.754738,7.011179,72.68802,-0.7417908,2.58958435,-0.01000005,7.089872,71.27735,0.0,0.0,1.0,0.0,0.0,0.0
63.2489662,DATA,1,1,4,10,0,36.88388,36.88388,1.78313291,1.55800807,6.807956,7.0557127,72.66007,-0.6982727,2.74613166,-0.01000011,7.142929,71.27735,0.0,0.0,1.0,0.0,0.0,0.0
63.30481,DATA,1,1,4,10,0,36.93972,36.93972,1.93954432,1.55803776,6.86101341,7.031096,72.6669,-0.666626,2.90244317,-0.01000005,7.195906,71.27735,0.0,0.0,1.0,0.0,0.0,0.0
63.361412,DATA,1,1,4,10,0,36.9963226,36.9963226,2.10019183,1.558023,6.91540337,7.04943,72.672966,-0.6822815,3.06303883,-0.01000005,7.25033569,71.27735,0.0,0.0,1.0,0.0,0.0,0.0
63.4165344,DATA,1,1,4,10,0,37.051445,37.051445,2.25995064,1.55808544,6.95431471,7.046589,71.0574646,-0.698822,3.21777534,-0.01000005,7.302779,70.48456,-0.915494263,-0.238837838,1.0,0.0,0.0,0.0
63.471302,DATA,1,1,4,10,0,37.1062164,37.1062164,2.45236826,1.55805922,6.93567,7.031148,66.2403946,-0.704803467,3.3769,-0.01000005,7.364909,65.57212,-0.9735404,-0.228400469,1.0,0.0,0.0,0.0
63.5276375,DATA,1,1,4,10,0,37.16255,37.16255,2.637614,1.55805135,6.9323945,7.039532,61.33539,-0.6932373,3.523263,-0.01000005,7.43697453,60.80608,-0.9735404,-0.228400469,1.0,0.0,0.0,0.0
63.58287,DATA,1,1,4,10,0,37.21778,37.21778,2.82663274,1.55796576,6.94453049,7.081891,56.4837646,-0.68081665,3.666023,-0.0100001693,7.522827,55.9139442,-0.9709769,-0.171391964,1.0,0.0,0.0,0.0
63.6380653,DATA,1,1,4,10,0,37.27298,37.27298,2.98582149,1.55789375,7.010778,7.074477,55.22689,-0.6405945,3.802961,-0.01000005,7.62037849,53.74457,0.0,0.0,1.0,0.0,0.0,0.0
63.694088,DATA,1,1,4,10,0,37.3290024,37.3290024,3.12499,1.55792737,7.11260366,7.081927,55.3123665,-0.7642212,3.94200921,-0.01000005,7.722353,53.74457,0.0,0.0,1.0,0.0,0.0,0.0
63.74848,DATA,1,1,5,10,0,37.3833923,37.3833923,3.254817,1.55785024,7.20744,7.10000372,55.4368057,-0.761688232,4.07166862,-0.01000011,7.817442,53.74457,0.0,0.0,1.0,0.0,0.0,0.0
63.80453,DATA,1,1,5,10,0,37.4394455,37.4394455,3.38847017,1.55778337,7.305053,7.09831238,55.483757,-0.815551758,4.205096,-0.00999999,7.91529465,53.74457,0.0,0.0,1.0,0.0,0.0,0.0
63.8616257,DATA,1,1,5,10,0,37.4965363,37.4965363,3.51902771,1.55770636,7.413375,7.14559126,56.2527542,-0.8487549,4.34231043,-0.01000005,8.014788,54.3839035,0.0,0.0,1.0,0.0,0.0,0.0
63.9166756,DATA,1,1,5,10,0,37.55159,37.55159,3.65289068,1.55773044,7.508711,7.088505,56.4933319,-0.8814392,4.475954,-0.01000005,8.110524,54.3839035,0.0,0.0,1.0,0.0,0.0,0.0
63.97153,DATA,1,1,5,10,0,37.6064453,37.6064453,3.78898454,1.55775142,7.60552025,7.105701,56.83385,-0.8843994,4.611823,-0.01000005,8.207854,54.3839035,0.0,0.0,1.0,0.0,0.0,0.0
64.02667,DATA,1,1,5,10,0,37.6615829,37.6615829,3.92448354,1.55781913,7.70216227,7.07054663,57.01425,-0.9079895,4.747183,-0.01000005,8.30482,54.3839035,0.0,0.0,1.0,0.0,0.0,0.0
64.08296,DATA,1,1,5,10,0,37.7178726,37.7178726,4.060401,1.55790138,7.79941463,7.02669954,57.01902,-0.9560547,4.883124,-0.01000005,8.402202,54.3839035,0.0,0.0,1.0,0.0,0.0,0.0
64.13912,DATA,1,1,5,10,0,37.7740326,37.7740326,4.194464,1.55793571,7.8954525,7.01790047,56.9714851,-0.9829712,5.01727,-0.01000005,8.498298,54.3839035,0.0,0.0,1.0,0.0,0.0,0.0
64.19332,DATA,1,1,5,10,0,37.82823,37.82823,4.330381,1.5579735,7.99271441,7.006774,56.97235,-0.987731934,5.153137,-0.01000011,8.595627,54.3839035,0.0,0.0,1.0,0.0,0.0,0.0
64.2487,DATA,1,1,5,10,0,37.8836136,37.8836136,4.43402529,1.55796349,8.066768,7.02956533,57.03476,-1.01800537,5.25672245,-0.00999999,8.669831,54.3839035,0.0,0.0,0.0,0.0,0.0,0.0
64.30463,DATA,1,1,5,10,0,37.939537,37.939537,4.43415833,1.55797625,8.066606,7.05152273,57.15603,-1.047821,5.25672245,-0.00999999,8.669831,54.3839035,0.0,0.0,0.0,0.0,0.0,0.0
64.36046,DATA,1,1,5,10,0,37.99537,37.99537,4.43421841,1.55793381,8.066535,7.106094,57.2473373,-1.085907,5.25672245,-0.00999999,8.669831,54.3839035,0.0,0.0,0.0,0.0,0.0,0.0
64.41605,DATA,1,1,5,10,0,38.0509644,38.0509644,4.406526,1.55787253,8.105645,7.11535454,60.9174271,-1.09295654,5.25672245,-0.00999999,8.669831,57.06244,0.876461,-0.4813379,0.0,0.0,0.0,0.0
64.4708939,DATA,1,1,5,10,0,38.1058044,38.1058044,4.36583757,1.55797577,8.172177,7.083582,65.31475,-1.113678,5.25672245,-0.00999999,8.669831,61.44497,0.8772851,-0.4799646,0.0,0.0,0.0,0.0
64.52681,DATA,1,1,5,10,0,38.16172,38.16172,4.330363,1.55802476,8.241644,7.06186247,69.74184,-1.06887817,5.25672245,-0.00999999,8.669831,65.8252,0.875637054,-0.482955456,0.0,0.0,0.0,0.0
64.5822449,DATA,1,1,5,10,0,38.2171555,38.2171555,4.300543,1.55798471,8.313055,7.05114651,74.09246,-1.04354858,5.25672245,-0.00999999,8.669831,70.17367,0.87405014,-0.4857936,0.0,0.0,0.0,0.0
64.6375351,DATA,1,1,5,10,0,38.2724457,38.2724457,4.276035,1.55801249,8.387433,7.036317,78.42992,-1.07138062,5.25672245,-0.00999999,8.669831,74.5782,0.871456,-0.490401983,0.0,0.0,0.0,0.0
64.6933441,DATA,1,1,5,10,0,38.3282547,38.3282547,4.25748,1.557983,8.462829,7.039974,82.81559,-1.10787964,5.25672245,-0.00999999,8.669831,78.95135,0.869258761,-0.494277835,0.0,0.0,0.0,0.0
64.74862,DATA,1,1,5,10,0,38.38353,38.38353,4.24477434,1.55787539,8.539407,7.098325,87.15813,-1.17236328,5.25672245,-0.00999999,8.669831,83.3247147,0.869258761,-0.494277835,0.0,0.0,0.0,0.0
64.80488,DATA,1,1,5,10,0,38.43979,38.43979,4.23808765,1.557863,8.614891,7.12302,91.47416,-1.20309448,5.25672245,-0.00999999,8.669831,87.58634,0.869258761,-0.494277835,0.0,0.0,0.0,0.0
64.86055,DATA,1,1,5,10,0,38.49546,38.49546,4.237056,1.55784464,8.692239,7.16182137,95.7827148,-1.22515869,5.25672245,-0.00999999,8.669831,91.93124,0.8720969,-0.489303231,0.0,0.0,0.0,0.0
64.91623,DATA,1,1,5,10,0,38.55114,38.55114,4.241861,1.55771458,8.770514,7.19146538,100.116142,-1.19110107,5.25672245,-0.00999999,8.669831,96.33309,0.875637054,-0.482955456,0.0,0.0,0.0,0.0
64.97104,DATA,1,1,5,10,0,38.60595,38.60595,4.252828,1.55768037,8.848682,7.186213,104.077461,-1.1524353,5.25672245,-0.00999999,8.669831,100.760269,0.5831171,-0.288094759,0.0,0.0,0.0,0.0
65.02746,DATA,1,1,5,10,0,38.66237,38.66237,4.25510454,1.55766845,8.860721,7.21769476,104.154556,-1.13778687,5.25672245,-0.00999999,8.669831,101.441978,0.0,0.0,0.0,0.0,0.0,0.0
65.08259,DATA,1,1,5,10,0,38.7175,38.7175,4.255103,1.55766547,8.861,7.20248747,104.062454,-1.10830688,5.25672245,-0.00999999,8.669831,101.441978,0.0,0.0,1.0,0.0,0.0,0.0
65.13837,DATA,1,1,5,10,0,38.7732773,38.7732773,4.422442,1.55775857,8.827467,7.14565849,103.947342,-1.0894165,5.42394972,-0.01000005,8.635984,101.441978,0.0,0.0,1.0,0.0,0.0,0.0
65.19411,DATA,1,1,5,10,0,38.8290176,38.8290176,4.586128,1.55780339,8.79465,7.131384,103.812874,-1.099762,5.587564,-0.00999999,8.602869,101.441978,0.0,0.0,1.0,0.0,0.0,0.0
65.24902,DATA,1,1,5,10,0,38.883934,38.883934,4.74753666,1.55776763,8.762179,7.142358,103.758263,-1.09909058,5.748922,-0.01000005,8.57021,101.441978,0.0,0.0,1.0,0.0,0.0,0.0
65.30527,DATA,1,1,5,10,0,38.9401779,38.9401779,4.90986252,1.55769134,8.729367,7.17670774,103.778625,-1.09820557,5.91116238,-0.01000005,8.537374,101.441978,0.0,0.0,1.0,0.0,0.0,0.0
65.36119,DATA,1,1,5,10,0,38.9961,38.9961,5.075309,1.55759454,8.695805,7.202929,103.830383,-1.044281,6.076499,-0.01000005,8.50391,101.441978,0.0,0.0,1.0,0.0,0.0,0.0
65.41707,DATA,1,1,5,10,0,39.05198,39.05198,5.23652458,1.55759454,8.66304,7.236845,103.864861,-1.10726929,6.237642,-0.01000005,8.471294,101.441978,0.0,0.0,1.0,0.0,0.0,0.0
65.47174,DATA,1,1,5,10,0,39.10665,39.10665,5.40344238,1.55750751,8.629154,7.241002,103.875664,-1.11221313,6.404579,-0.00999999,8.437507,101.441978,0.0,0.0,1.0,0.0,0.0,0.0
65.52802,DATA,1,1,5,10,0,39.1629333,39.1629333,5.565216,1.55755281,8.596188,7.211427,103.855247,-1.1446228,6.566461,-0.01000005,8.404742,101.441978,0.0,0.0,1.0,0.0,0.0,0.0
65.58216,DATA,1,1,5,10,0,39.21707,39.21707,5.726354,1.55754852,8.563325,7.199022,103.877708,-1.16912842,6.727803,-0.01000005,8.37208748,101.441978,0.0,0.0,1.0,0.0,0.0,0.0
65.6383,DATA,1,1,5,10,0,39.27321,39.27321,5.89211464,1.5575943,8.529508,7.166961,103.94651,-1.20111084,6.89378834,-0.01000005,8.338492,101.441978,0.0,0.0,1.0,0.0,0.0,0.0
65.69397,DATA,1,1,5,10,0,39.32888,39.32888,6.0554595,1.55774307,8.496373,7.128966,103.99189,-1.21682739,7.057243,-0.01000005,8.305409,101.441978,0.0,0.0,1.0,0.0,0.0,0.0
65.74888,DATA,1,1,5,10,0,39.38379,39.38379,6.21523046,1.557835,8.464038,7.106123,103.989822,-1.22845459,7.21715832,-0.00999999,8.273043,101.441978,0.0,0.0,1.0,0.0,0.0,0.0
65.79998,MAZE_SUCCESS,1,1,5,10,15,39.43489,39.43489,0.0,0.0,0.0,0.0,0.0,0.0,0.0,0.0,0.0,0.0,0.0,0.0,0.0,0.0,0.0,0.0
65.80439,DATA,1,1,5,10,15,39.4393,39.4393,6.37761259,1.55788755,8.431251,7.03449249,103.972542,-1.20007324,7.379736,-0.01000005,8.240137,101.441978,0.0,0.0,1.0,0.0,0.0,0.0
65.8612442,DATA,1,1,5,10,15,39.4961548,39.4961548,6.377387,1.55797911,8.43136,6.96607542,103.96077,-1.20678711,7.379736,-0.01000005,8.240137,101.441978,0.0,0.0,1.0,0.0,0.0,0.0
65.91126,DATA,1,1,5,10,15,39.5461731,39.5461731,6.377198,1.55809236,8.431381,6.89754963,103.963058,-1.1831665,7.379736,-0.01000005,8.240137,101.441978,0.0,0.0,1.0,0.0,0.0,0.0
65.96592,DATA,1,1,5,10,15,39.60083,39.60083,6.37699556,1.55817676,8.43138,6.886127,103.989937,-1.29324341,7.379736,-0.01000005,8.240137,101.441978,0.0,0.0,1.0,0.0,0.0,0.0
66.02228,DATA,1,1,5,10,15,39.65719,39.65719,6.37672234,1.55817056,8.431305,6.87007141,104.032372,-1.27056885,7.379736,-0.01000005,8.240137,101.441978,0.0,0.0,1.0,0.0,0.0,0.0
66.07804,DATA,1,1,5,10,15,39.71295,39.71295,6.376389,1.5580771,8.431262,6.82902765,104.007584,-1.26928711,7.379736,-0.01000005,8.240137,101.441978,0.0,0.0,1.0,0.0,0.0,0.0
66.1328049,DATA,1,1,5,10,15,39.7677155,39.7677155,6.376093,1.5579648,8.431222,6.876454,104.000137,-1.247345,7.379736,-0.01000005,8.240137,101.441978,0.0,0.0,1.0,0.0,0.0,0.0
66.189064,DATA,1,1,5,10,15,39.8239746,39.8239746,6.37586927,1.5578289,8.431164,6.900057,104.034592,-1.239563,7.379736,-0.01000005,8.240137,101.441978,0.0,0.0,1.0,0.0,0.0,0.0
66.2448349,DATA,1,1,5,10,15,39.8797455,39.8797455,6.37558126,1.55762863,8.43099,6.93911,104.095642,-1.26605225,7.379736,-0.01000005,8.240137,101.441978,0.0,0.0,0.0,0.0,0.0,0.0
66.30479,DATA,1,1,5,10,15,39.9396973,39.9396973,6.37527752,1.55749393,8.431007,7.019123,104.143349,-1.29452515,7.379736,-0.01000005,8.240137,101.441978,0.0,0.0,0.0,0.0,0.0,0.0
66.36023,DATA,1,1,5,10,15,39.99514,39.99514,6.37493467,1.55732131,8.430924,7.05060863,104.164032,-1.31558228,7.379736,-0.01000005,8.240137,101.441978,0.0,0.0,0.0,0.0,0.0,0.0
66.41752,DATA,1,1,5,10,15,40.05243,40.05243,6.374624,1.55723214,8.43086,7.066592,104.189232,-1.30172729,7.379736,-0.01000005,8.240137,101.441978,0.0,0.0,0.0,0.0,0.0,0.0
66.47187,DATA,1,1,5,10,15,40.10678,40.10678,6.374502,1.55727434,8.430772,7.05888128,104.190224,-1.27084351,7.379736,-0.01000005,8.240137,101.441978,0.0,0.0,0.0,0.0,0.0,0.0
66.5274048,DATA,1,1,5,10,15,40.1623154,40.1623154,6.37471676,1.557354,8.430625,7.052263,104.180855,-1.29318237,7.379736,-0.01000005,8.240137,101.441978,0.0,0.0,0.0,0.0,0.0,0.0
66.58283,DATA,1,1,5,10,15,40.2177429,40.2177429,6.375199,1.55730271,8.430427,7.06623173,104.2097,-1.27658081,7.379736,-0.01000005,8.240137,101.441978,0.0,0.0,0.0,0.0,0.0,0.0
66.63918,DATA,1,1,5,10,15,40.2740936,40.2740936,6.375707,1.55698442,8.43035,7.28477764,104.224365,-1.21807861,7.379736,-0.01000005,8.240137,101.441978,0.0,0.0,0.0,0.0,0.0,0.0
66.69535,DATA,1,1,5,10,15,40.33026,40.33026,6.3761344,1.55664158,8.43037,7.519329,104.2037,-1.16998291,7.379736,-0.01000005,8.240137,101.441978,0.0,0.0,0.0,0.0,0.0,0.0
66.74901,DATA,1,1,5,10,15,40.38392,40.38392,6.37644434,1.556433,8.430352,7.71473551,104.21003,-1.00814819,7.379736,-0.01000005,8.240137,101.441978,0.0,0.0,0.0,0.0,0.0,0.0
66.80555,DATA,1,1,5,10,15,40.44046,40.44046,6.37643147,1.55624723,8.430483,7.949138,104.200455,-0.835998535,7.379736,-0.01000005,8.240137,101.441978,0.0,0.0,0.0,0.0,0.0,0.0
66.86043,DATA,1,1,5,10,15,40.49534,40.49534,6.3762784,1.55646229,8.430516,8.04501,104.176949,-0.657043457,7.379736,-0.01000005,8.240137,101.441978,0.0,0.0,0.0,0.0,0.0,0.0
66.91714,DATA,1,1,5,10,15,40.5520477,40.5520477,6.375983,1.55727148,8.430348,7.845169,104.150085,-0.444458,7.379736,-0.01000005,8.240137,101.441978,0.0,0.0,0.0,0.0,0.0,0.0
66.97162,DATA,1,1,5,10,15,40.60653,40.60653,6.376155,1.55833793,8.4303,7.62521648,104.053291,-0.126403809,7.379736,-0.01000005,8.240137,101.441978,0.0,0.0,0.0,0.0,0.0,0.0
67.02783,DATA,1,1,5,10,15,40.6627426,40.6627426,6.37619448,1.55921793,8.430323,7.32055855,103.85527,0.143217549,7.379736,-0.01000005,8.240137,101.441978,0.0,0.0,0.0,0.0,0.0,0.0
67.0826,DATA,1,1,5,10,15,40.717514,40.717514,6.37698174,1.56008911,8.43021,7.012477,103.643829,0.472221881,7.379736,-0.01000005,8.240137,101.441978,0.0,0.0,0.0,0.0,0.0,0.0
67.1383,DATA,1,1,5,10,15,40.77321,40.77321,6.37857246,1.5609808,8.430097,6.69898653,103.484344,0.869638443,7.379736,-0.01000005,8.240137,101.441978,0.0,0.0,0.0,0.0,0.0,0.0
67.19371,DATA,1,1,5,10,15,40.82862,40.82862,6.37958,1.56111431,8.429951,6.59379673,103.323051,1.21087587,7.379736,-0.01000005,8.240137,101.441978,0.0,0.0,0.0,0.0,0.0,0.0
67.24936,DATA,1,1,5,10,15,40.88427,40.88427,6.38009,1.56075239,8.429824,6.65332,103.196449,1.50959182,7.379736,-0.01000005,8.240137,101.441978,0.0,0.0,0.0,0.0,0.0,0.0
67.30479,DATA,1,1,5,10,15,40.9396973,40.9396973,6.38000965,1.561053,8.429683,6.441576,103.093048,1.76927054,7.379736,-0.01000005,8.240137,101.441978,0.0,0.0,0.0,0.0,0.0,0.0
67.36134,DATA,1,1,5,10,15,40.996254,40.996254,6.379552,1.56199694,8.429561,5.99346161,102.959724,1.86979759,7.379736,-0.01000005,8.240137,101.441978,0.0,0.0,0.0,0.0,0.0,0.0
67.4169,DATA,1,1,5,10,15,41.05181,41.05181,6.378938,1.56259632,8.42951,5.599409,102.847969,1.86705184,7.379736,-0.01000005,8.240137,101.441978,0.0,0.0,0.0,0.0,0.0,0.0
67.47198,DATA,1,1,5,10,15,41.1068878,41.1068878,6.37835646,1.56297684,8.42935848,5.455599,102.765907,2.00392675,7.379736,-0.01000005,8.240137,101.441978,0.0,0.0,0.0,0.0,0.0,0.0
67.52691,DATA,1,1,5,10,15,41.16182,41.16182,6.37831736,1.56439209,8.429012,5.2929945,102.768959,2.22395658,7.379736,-0.01000005,8.240137,101.441978,0.0,0.0,0.0,0.0,0.0,0.0
67.58295,DATA,1,1,5,10,15,41.2178574,41.2178574,6.37769556,1.56564021,8.428906,5.1151967,102.662987,2.47672844,7.379736,-0.01000005,8.240137,101.441978,0.0,0.0,0.0,0.0,0.0,0.0
67.63881,DATA,1,1,5,10,15,41.27372,41.27372,6.37717533,1.56652737,8.428729,4.89262867,102.531174,2.748414,7.379736,-0.01000005,8.240137,101.441978,0.0,0.0,0.0,0.0,0.0,0.0
67.6942139,DATA,1,1,5,10,15,41.3291245,41.3291245,6.37658644,1.56727386,8.428062,4.50892448,102.536621,3.11081457,7.379736,-0.01000005,8.240137,101.441978,0.0,0.0,0.0,0.0,0.0,0.0
67.74934,DATA,1,1,5,10,15,41.3842468,41.3842468,6.3767004,1.56804776,8.427025,4.26099825,102.597443,3.34973741,7.379736,-0.01000005,8.240137,101.441978,0.0,0.0,0.0,0.0,0.0,0.0
67.80524,DATA,1,1,5,10,15,41.4401474,41.4401474,6.376353,1.56847,8.426216,3.955174,102.57235,3.45271587,7.379736,-0.01000005,8.240137,101.441978,0.0,0.0,0.0,0.0,0.0,0.0
67.86068,DATA,1,1,5,10,15,41.49559,41.49559,6.375957,1.56844783,8.425419,3.62184072,102.541458,3.45959735,7.379736,-0.01000005,8.240137,101.441978,0.0,0.0,0.0,0.0,0.0,0.0
67.9165344,DATA,1,1,5,10,15,41.551445,41.551445,6.375945,1.56859946,8.424599,3.4103868,102.6135,3.24348164,7.379736,-0.01000005,8.240137,101.441978,0.0,0.0,0.0,0.0,0.0,0.0
67.97139,DATA,1,1,5,10,15,41.6063,41.6063,6.37654448,1.56832314,8.423791,3.48603821,102.740982,3.12911749,7.379736,-0.01000005,8.240137,101.441978,0.0,0.0,0.0,0.0,0.0,0.0
68.02694,DATA,1,1,5,10,15,41.66185,41.66185,6.376969,1.56798291,8.4235,3.539225,102.785904,2.914595,7.379736,-0.01000005,8.240137,101.441978,0.0,0.0,0.0,0.0,0.0,0.0
68.08282,DATA,1,1,5,10,15,41.7177277,41.7177277,6.37772226,1.56831241,8.42363,3.24261546,103.011208,2.51752257,7.379736,-0.01000005,8.240137,101.441978,0.0,0.0,0.0,0.0,0.0,0.0
68.13923,DATA,1,1,5,10,15,41.77414,41.77414,6.37801075,1.56814981,8.42408,3.42930675,103.368225,2.27270031,7.379736,-0.01000005,8.240137,101.441978,0.0,0.0,0.0,0.0,0.0,0.0
68.19386,DATA,1,1,5,10,15,41.8287735,41.8287735,6.37818241,1.56813574,8.424853,3.58531666,103.735352,1.80911052,7.379736,-0.01000005,8.240137,101.441978,0.0,0.0,0.0,0.0,0.0,0.0
68.2491,DATA,1,1,5,10,15,41.88401,41.88401,6.37875175,1.56828308,8.425648,3.75260282,104.37925,1.426691,7.379736,-0.01000005,8.240137,101.441978,0.0,0.0,0.0,0.0,0.0,0.0
68.3052444,DATA,1,1,5,10,15,41.940155,41.940155,6.378788,1.56834579,8.426578,3.96702981,105.110306,1.18069685,7.379736,-0.01000005,8.240137,101.441978,0.0,0.0,0.0,0.0,0.0,0.0
68.36067,DATA,1,1,5,10,15,41.9955826,41.9955826,6.378759,1.56846476,8.427201,4.035776,105.76844,0.9085698,7.379736,-0.01000005,8.240137,101.441978,0.0,0.0,0.0,0.0,0.0,0.0
68.41655,DATA,1,1,5,10,15,42.05146,42.05146,6.378503,1.56809354,8.42814,4.16312647,106.383896,0.6497873,7.379736,-0.01000005,8.240137,101.441978,0.0,0.0,0.0,0.0,0.0,0.0
68.4714355,DATA,1,1,5,10,15,42.1063461,42.1063461,6.378479,1.56740808,8.428796,4.25555,106.878494,0.526925266,7.379736,-0.01000005,8.240137,101.441978,0.0,0.0,0.0,0.0,0.0,0.0
68.52705,DATA,1,1,5,10,15,42.1619568,42.1619568,6.3781085,1.56686091,8.429901,4.51932859,107.163216,0.459339142,7.379736,-0.01000005,8.240137,101.441978,0.0,0.0,0.0,0.0,0.0,0.0
68.58317,DATA,1,1,5,10,15,42.21808,42.21808,6.37765074,1.56603456,8.430985,4.91471958,107.200058,0.355655432,7.379736,-0.01000005,8.240137,101.441978,0.0,0.0,0.0,0.0,0.0,0.0
68.6389,DATA,1,1,5,10,15,42.27381,42.27381,6.377095,1.56561637,8.43199348,5.33961153,107.087692,0.254189223,7.379736,-0.01000005,8.240137,101.441978,0.0,0.0,0.0,0.0,0.0,0.0
68.6941147,DATA,1,1,5,10,15,42.3290253,42.3290253,6.376868,1.56528759,8.43255,5.562118,106.979141,0.129928231,7.379736,-0.01000005,8.240137,101.441978,0.0,0.0,0.0,0.0,0.0,0.0
68.74964,DATA,1,1,5,10,15,42.384552,42.384552,6.37650251,1.56491351,8.432951,5.82994,106.891373,0.0340935662,7.379736,-0.01000005,8.240137,101.441978,0.0,0.0,0.0,0.0,0.0,0.0
68.80459,DATA,1,1,5,10,15,42.4395,42.4395,6.37620831,1.56406164,8.433214,6.27434826,106.820709,0.0195455514,7.379736,-0.01000005,8.240137,101.441978,0.0,0.0,0.0,0.0,0.0,0.0
68.86104,DATA,1,1,5,10,15,42.49595,42.49595,6.37595,1.56327462,8.433321,6.696538,106.769524,0.129276827,7.379736,-0.01000005,8.240137,101.441978,0.0,0.0,0.0,0.0,0.0,0.0
68.91616,DATA,1,1,5,10,15,42.55107,42.55107,6.37570572,1.56255984,8.433466,7.09491348,106.687546,0.3012673,7.379736,-0.01000005,8.240137,101.441978,0.0,0.0,0.0,0.0,0.0,0.0
68.97137,DATA,1,1,5,10,15,42.6062775,42.6062775,6.375705,1.56196618,8.433592,7.414342,106.600372,0.5426263,7.379736,-0.01000005,8.240137,101.441978,0.0,0.0,0.0,0.0,0.0,0.0
69.02707,DATA,1,1,5,10,15,42.66198,42.66198,6.375499,1.56152081,8.433841,7.620877,106.4676,0.6689302,7.379736,-0.01000005,8.240137,101.441978,0.0,0.0,0.0,0.0,0.0,0.0
69.08233,DATA,1,1,5,10,15,42.71724,42.71724,6.37521267,1.56120253,8.434128,7.72895432,106.336792,0.7269395,7.379736,-0.01000005,8.240137,101.441978,0.0,0.0,0.0,0.0,0.0,0.0
69.13832,DATA,1,1,5,10,15,42.77323,42.77323,6.374942,1.56135368,8.434497,7.594235,106.180321,0.6930222,7.379736,-0.01000005,8.240137,101.441978,0.0,0.0,0.0,0.0,0.0,0.0
69.19424,DATA,1,1,5,10,15,42.8291473,42.8291473,6.37451935,1.56148672,8.434751,7.482359,106.141983,0.5809387,7.379736,-0.01000005,8.240137,101.441978,0.0,0.0,0.0,0.0,0.0,0.0
69.2487946,DATA,1,1,5,10,15,42.8837051,42.8837051,6.374135,1.56178,8.434805,7.29535866,106.2286,0.535477459,7.379736,-0.01000005,8.240137,101.441978,0.0,0.0,0.0,0.0,0.0,0.0
69.30497,DATA,1,1,5,10,15,42.93988,42.93988,6.37381,1.56186056,8.4348,7.182784,106.330475,0.456736147,7.379736,-0.01000005,8.240137,101.441978,0.0,0.0,0.0,0.0,0.0,0.0
69.36079,DATA,1,1,5,10,15,42.995697,42.995697,6.37366056,1.561846,8.434574,7.20207167,106.44487,0.4110656,7.379736,-0.01000005,8.240137,101.441978,0.0,0.0,0.0,0.0,0.0,0.0
69.41727,DATA,1,1,5,10,15,43.0521774,43.0521774,6.373684,1.56188869,8.43418,7.18487167,106.543762,0.4187059,7.379736,-0.01000005,8.240137,101.441978,0.0,0.0,0.0,0.0,0.0,0.0
69.47123,DATA,1,1,5,10,15,43.10614,43.10614,6.37386465,1.56186533,8.433994,7.186551,106.527039,0.521523833,7.379736,-0.01000005,8.240137,101.441978,0.0,0.0,0.0,0.0,0.0,0.0
69.52669,DATA,1,1,5,10,15,43.1616,43.1616,6.37394762,1.56181335,8.433947,7.192873,106.466988,0.4741885,7.379736,-0.01000005,8.240137,101.441978,0.0,0.0,0.0,0.0,0.0,0.0
69.58279,DATA,1,1,5,10,15,43.2176971,43.2176971,6.373875,1.56164479,8.433843,7.25410557,106.47261,0.4837928,7.379736,-0.01000005,8.240137,101.441978,0.0,0.0,0.0,0.0,0.0,0.0
69.63843,DATA,1,1,5,10,15,43.27334,43.27334,6.373657,1.56159258,8.433743,7.26815557,106.502991,0.465643257,7.379736,-0.01000005,8.240137,101.441978,0.0,0.0,0.0,0.0,0.0,0.0
69.69316,DATA,1,1,5,10,15,43.32807,43.32807,6.37328053,1.56164145,8.433685,7.27089453,106.525261,0.4101681,7.379736,-0.01000005,8.240137,101.441978,0.0,0.0,0.0,0.0,0.0,0.0
69.749,DATA,1,1,5,10,15,43.38391,43.38391,6.372908,1.56187344,8.433607,7.11723566,106.524475,0.3328889,7.379736,-0.01000005,8.240137,101.441978,0.0,0.0,0.0,0.0,0.0,0.0
69.80497,DATA,1,1,5,10,15,43.43988,43.43988,6.37231636,1.5620656,8.433509,6.99285936,106.515419,0.2812686,7.379736,-0.01000005,8.240137,101.441978,0.0,0.0,0.0,0.0,0.0,0.0
69.8607941,DATA,1,1,5,10,15,43.4957047,43.4957047,6.37175751,1.56231356,8.433453,6.83262444,106.4755,0.229885384,7.379736,-0.01000005,8.240137,101.441978,0.0,0.0,0.0,0.0,0.0,0.0
69.91637,DATA,1,1,5,10,15,43.5512772,43.5512772,6.370994,1.56254482,8.433314,6.69214344,106.422211,0.1589375,7.379736,-0.01000005,8.240137,101.441978,0.0,0.0,0.0,0.0,0.0,0.0
69.9712753,DATA,1,1,5,10,15,43.6061859,43.6061859,6.370453,1.5627501,8.433236,6.53916025,106.420082,0.126789853,7.379736,-0.01000005,8.240137,101.441978,0.0,0.0,0.0,0.0,0.0,0.0
70.0271759,DATA,1,1,5,10,15,43.6620865,43.6620865,6.36991167,1.562968,8.433246,6.408486,106.437813,0.136731312,7.379736,-0.01000005,8.240137,101.441978,0.0,0.0,0.0,0.0,0.0,0.0
70.082634,DATA,1,1,5,10,15,43.7175446,43.7175446,6.36941957,1.56314349,8.433388,6.32629633,106.534332,0.0422084779,7.379736,-0.01000005,8.240137,101.441978,0.0,0.0,0.0,0.0,0.0,0.0
70.13862,DATA,1,1,5,10,15,43.77353,43.77353,6.368947,1.56368256,8.43335,5.955476,106.645996,0.05938909,7.379736,-0.01000005,8.240137,101.441978,0.0,0.0,0.0,0.0,0.0,0.0
70.19418,DATA,1,1,5,10,15,43.8290939,43.8290939,6.36869574,1.56452227,8.433405,5.45978069,106.800179,0.0867468044,7.379736,-0.01000005,8.240137,101.441978,0.0,0.0,0.0,0.0,0.0,0.0
70.24895,DATA,1,1,5,10,15,43.8838577,43.8838577,6.36833954,1.56523108,8.433454,4.98006773,107.06826,0.08006971,7.379736,-0.01000005,8.240137,101.441978,0.0,0.0,0.0,0.0,0.0,0.0
70.3046951,DATA,1,1,5,10,15,43.9396057,43.9396057,6.36826,1.56615543,8.433282,4.286657,107.275734,0.10029871,7.379736,-0.01000005,8.240137,101.441978,0.0,0.0,0.0,0.0,0.0,0.0
70.36046,DATA,1,1,5,10,15,43.99537,43.99537,6.368117,1.56674242,8.433071,3.96278453,107.484795,0.02652143,7.379736,-0.01000005,8.240137,101.441978,0.0,0.0,0.0,0.0,0.0,0.0
70.41658,DATA,1,1,5,10,15,44.05149,44.05149,6.36806774,1.56699562,8.432911,3.76074862,107.534782,-0.01260376,7.379736,-0.01000005,8.240137,101.441978,0.0,0.0,0.0,0.0,0.0,0.0
70.47134,DATA,1,1,5,10,15,44.1062469,44.1062469,6.36797237,1.56697845,8.433015,3.76284552,107.437294,-0.01739502,7.379736,-0.01000005,8.240137,101.441978,0.0,0.0,0.0,0.0,0.0,0.0
70.5272,DATA,1,1,5,10,15,44.16211,44.16211,6.36789131,1.56707764,8.433267,3.616717,107.255959,0.0404202379,7.379736,-0.01000005,8.240137,101.441978,0.0,0.0,0.0,0.0,0.0,0.0
70.5833054,DATA,1,1,5,10,15,44.2182159,44.2182159,6.367823,1.56769824,8.433533,3.154602,106.98027,0.0406547077,7.379736,-0.01000005,8.240137,101.441978,0.0,0.0,0.0,0.0,0.0,0.0
70.63839,DATA,1,1,5,10,15,44.2733,44.2733,6.36800146,1.56857777,8.43368149,2.56993365,106.641075,-0.0209655762,7.379736,-0.01000005,8.240137,101.441978,0.0,0.0,0.0,0.0,0.0,0.0
70.6939,DATA,1,1,5,10,15,44.32881,44.32881,6.36782742,1.5697031,8.433928,1.82199669,106.40799,-0.06109619,7.379736,-0.01000005,8.240137,101.441978,0.0,0.0,0.0,0.0,0.0,0.0
70.748764,DATA,1,1,5,10,15,44.3836746,44.3836746,6.36722755,1.570193,8.434268,1.54247034,106.31649,-0.010925293,7.379736,-0.01000005,8.240137,101.441978,0.0,0.0,0.0,0.0,0.0,0.0
70.80492,DATA,1,1,5,10,15,44.439827,44.439827,6.366468,1.57023287,8.434456,1.49222958,106.367569,0.03181344,7.379736,-0.01000005,8.240137,101.441978,0.0,0.0,0.0,0.0,0.0,0.0
70.8603439,DATA,1,1,5,10,15,44.4952545,44.4952545,6.3659873,1.56998825,8.434513,1.611257,106.43515,0.0221755616,7.379736,-0.01000005,8.240137,101.441978,0.0,0.0,0.0,0.0,0.0,0.0
70.91581,DATA,1,1,5,10,15,44.55072,44.55072,6.365595,1.57004261,8.43458748,1.53710353,106.464714,0.0225247815,7.379736,-0.01000005,8.240137,101.441978,0.0,0.0,0.0,0.0,0.0,0.0
70.97055,DATA,1,1,5,10,15,44.60546,44.60546,6.365534,1.57037568,8.434528,1.4055748,106.482552,-0.022644043,7.379736,-0.01000005,8.240137,101.441978,0.0,0.0,0.0,0.0,0.0,0.0
71.02666,DATA,1,1,5,10,15,44.6615677,44.6615677,6.365536,1.57060027,8.434465,1.27752054,106.502548,-0.0489196777,7.379736,-0.01000005,8.240137,101.441978,0.0,0.0,0.0,0.0,0.0,0.0
71.08207,DATA,1,1,5,10,15,44.71698,44.71698,6.365642,1.57056761,8.434301,1.26808286,106.524376,-0.0438842773,7.379736,-0.01000005,8.240137,101.441978,0.0,0.0,0.0,0.0,0.0,0.0
71.13811,DATA,1,1,5,10,15,44.7730179,44.7730179,6.36573172,1.57030892,8.434122,1.3766346,106.558655,-0.08270264,7.379736,-0.01000005,8.240137,101.441978,0.0,0.0,0.0,0.0,0.0,0.0
71.1931839,DATA,1,1,5,10,15,44.8280945,44.8280945,6.36576366,1.570107,8.433965,1.51735818,106.577553,-0.08917236,7.379736,-0.01000005,8.240137,101.441978,0.0,0.0,0.0,0.0,0.0,0.0
71.24798,DATA,1,1,5,10,15,44.88289,44.88289,6.366067,1.57033372,8.433758,1.52046049,106.645279,-0.162323,7.379736,-0.01000005,8.240137,101.441978,0.0,0.0,0.0,0.0,0.0,0.0
71.30416,DATA,1,1,5,10,15,44.93907,44.93907,6.36574936,1.57036686,8.433684,1.50848281,106.694511,-0.164031982,7.379736,-0.01000005,8.240137,101.441978,0.0,0.0,0.0,0.0,0.0,0.0
71.35975,DATA,1,1,5,10,15,44.99466,44.99466,6.365777,1.57034111,8.433545,1.4928472,106.685806,-0.1852417,7.379736,-0.01000005,8.240137,101.441978,0.0,0.0,0.0,0.0,0.0,0.0
71.41534,DATA,1,1,5,10,15,45.0502472,45.0502472,6.365333,1.570358,8.43355751,1.50883412,106.672485,-0.210357666,7.379736,-0.01000005,8.240137,101.441978,0.0,0.0,0.0,0.0,0.0,0.0
71.47069,DATA,1,1,5,10,15,45.1056,45.1056,6.36535168,1.57033348,8.433249,1.49245965,106.689537,-0.2468872,7.379736,-0.01000005,8.240137,101.441978,0.0,0.0,0.0,0.0,0.0,0.0
71.52661,DATA,1,1,5,10,15,45.1615219,45.1615219,6.365,1.57041121,8.433232,1.45995247,106.710236,-0.284851074,7.379736,-0.01000005,8.240137,101.441978,0.0,0.0,0.0,0.0,0.0,0.0
71.58261,DATA,1,1,5,10,15,45.21752,45.21752,6.36524534,1.57053757,8.433097,1.481684,106.735825,-0.2952881,7.379736,-0.01000005,8.240137,101.441978,0.0,0.0,0.0,0.0,0.0,0.0
71.63748,DATA,1,1,5,10,15,45.2723923,45.2723923,6.36513567,1.57049942,8.433128,1.525451,106.747406,-0.2819214,7.379736,-0.01000005,8.240137,101.441978,0.0,0.0,0.0,0.0,0.0,0.0
71.6926346,DATA,1,1,5,10,15,45.3275452,45.3275452,6.36545324,1.57032824,8.433035,1.576151,106.739868,-0.289154053,7.379736,-0.01000005,8.240137,101.441978,0.0,0.0,0.0,0.0,0.0,0.0
71.74848,DATA,1,1,5,10,15,45.3833923,45.3833923,6.365582,1.57026267,8.433066,1.597074,106.73053,-0.266418457,7.379736,-0.01000005,8.240137,101.441978,0.0,0.0,0.0,0.0,0.0,0.0
71.80425,DATA,1,1,5,10,15,45.4391632,45.4391632,6.365952,1.57030678,8.433091,1.597745,106.734985,-0.3345642,7.379736,-0.01000005,8.240137,101.441978,0.0,0.0,0.0,0.0,0.0,0.0
71.85998,DATA,1,1,5,10,15,45.49489,45.49489,6.36617231,1.57029867,8.433081,1.60894692,106.779747,-0.271789551,7.379736,-0.01000005,8.240137,101.441978,0.0,0.0,0.0,0.0,0.0,0.0
71.91581,DATA,1,1,5,10,15,45.55072,45.55072,6.36625528,1.57033277,8.432851,1.53505743,106.922073,-0.263671875,7.379736,-0.01000005,8.240137,101.441978,0.0,0.0,0.0,0.0,0.0,0.0
71.9707947,DATA,1,1,5,10,15,45.6057053,45.6057053,6.36629772,1.57085967,8.432009,1.14618731,107.493332,-0.210205078,7.379736,-0.01000005,8.240137,101.441978,0.0,0.0,0.0,0.0,0.0,0.0
72.02661,DATA,1,1,5,10,15,45.6615219,45.6615219,6.365554,1.5720768,8.430357,0.3584241,108.881554,0.0587307848,7.379736,-0.01000005,8.240137,101.441978,0.0,0.0,0.0,0.0,0.0,0.0
72.0818253,DATA,1,1,5,10,15,45.7167358,45.7167358,6.364393,1.572886,8.42829,-0.203674316,110.724953,0.3906024,7.379736,-0.01000005,8.240137,101.441978,0.0,0.0,0.0,0.0,0.0,0.0
72.13772,DATA,1,1,5,10,15,45.77263,45.77263,6.363008,1.57336068,8.426397,-0.547637939,112.511665,0.5979749,7.379736,-0.01000005,8.240137,101.441978,0.0,0.0,0.0,0.0,0.0,0.0
72.19241,DATA,1,1,5,10,15,45.8273239,45.8273239,6.36203861,1.57363653,8.424691,-0.746795654,113.858147,0.603868842,7.379736,-0.01000005,8.240137,101.441978,0.0,0.0,0.0,0.0,0.0,0.0
72.24825,DATA,1,1,5,10,15,45.8831635,45.8831635,6.361007,1.574009,8.423605,-0.997345,114.752014,0.506123,7.379736,-0.01000005,8.240137,101.441978,0.0,0.0,0.0,0.0,0.0,0.0
72.30414,DATA,1,1,5,10,15,45.93905,45.93905,6.360408,1.5744729,8.4226265,-1.417572,115.304634,0.462637484,7.379736,-0.01000005,8.240137,101.441978,0.0,0.0,0.0,0.0,0.0,0.0
72.36,DATA,1,1,5,10,15,45.99491,45.99491,6.359796,1.5749445,8.422125,-1.67654419,115.549919,0.40518102,7.379736,-0.01000005,8.240137,101.441978,0.0,0.0,0.0,0.0,0.0,0.0
72.4160461,DATA,1,1,5,10,15,46.0509567,46.0509567,6.359704,1.57517862,8.42176151,-1.75616455,115.591255,0.345561057,7.379736,-0.01000005,8.240137,101.441978,0.0,0.0,0.0,0.0,0.0,0.0
72.4709,DATA,1,1,5,10,15,46.1058121,46.1058121,6.359418,1.57494569,8.421881,-1.66812134,115.472351,0.325433731,7.379736,-0.01000005,8.240137,101.441978,0.0,0.0,0.0,0.0,0.0,0.0
72.52628,DATA,1,1,5,10,15,46.1611938,46.1611938,6.359462,1.57490778,8.421951,-1.61444092,115.316406,0.350695968,7.379736,-0.01000005,8.240137,101.441978,0.0,0.0,0.0,0.0,0.0,0.0
72.5817642,DATA,1,1,5,10,15,46.2166748,46.2166748,6.35946274,1.57512379,8.422242,-1.75375366,115.146935,0.329710156,7.379736,-0.01000005,8.240137,101.441978,0.0,0.0,0.0,0.0,0.0,0.0
72.638,DATA,1,1,5,10,15,46.27291,46.27291,6.359607,1.57533789,8.422663,-1.941925,114.948181,0.2974406,7.379736,-0.01000005,8.240137,101.441978,0.0,0.0,0.0,0.0,0.0,0.0
72.6930542,DATA,1,1,5,10,15,46.3279648,46.3279648,6.359914,1.57532763,8.423163,-2.00598145,114.710022,0.2615389,7.379736,-0.01000005,8.240137,101.441978,0.0,0.0,0.0,0.0,0.0,0.0
72.74864,DATA,1,1,5,10,15,46.3835526,46.3835526,6.35999441,1.57506108,8.423922,-1.90179443,114.416504,0.208816066,7.379736,-0.01000005,8.240137,101.441978,0.0,0.0,0.0,0.0,0.0,0.0
72.80403,DATA,1,1,5,10,15,46.438942,46.438942,6.360481,1.57479978,8.424497,-1.72598267,114.058746,0.08505393,7.379736,-0.01000005,8.240137,101.441978,0.0,0.0,0.0,0.0,0.0,0.0
72.8603745,DATA,1,1,5,10,15,46.495285,46.495285,6.36065769,1.57459784,8.425268,-1.65783691,113.648575,-0.106231689,7.379736,-0.01000005,8.240137,101.441978,0.0,0.0,0.0,0.0,0.0,0.0
72.91565,DATA,1,1,5,10,15,46.55056,46.55056,6.36133432,1.57453656,8.425604,-1.65533447,113.229973,-0.238464355,7.379736,-0.01000005,8.240137,101.441978,0.0,0.0,0.0,0.0,0.0,0.0
72.9706,DATA,1,1,5,10,15,46.6055069,46.6055069,6.361537,1.57449865,8.426252,-1.63043213,112.788986,-0.3493042,7.379736,-0.01000005,8.240137,101.441978,0.0,0.0,0.0,0.0,0.0,0.0
73.026825,DATA,1,1,5,10,15,46.6617355,46.6617355,6.362011,1.57435274,8.426417,-1.5586853,112.386337,-0.402740479,7.379736,-0.01000005,8.240137,101.441978,0.0,0.0,0.0,0.0,0.0,0.0
73.08196,DATA,1,1,5,10,15,46.7168732,46.7168732,6.362074,1.57422519,8.426743,-1.49411011,112.068726,-0.42855835,7.379736,-0.01000005,8.240137,101.441978,0.0,0.0,0.0,0.0,0.0,0.0
73.1380844,DATA,1,1,5,10,15,46.772995,46.772995,6.36235762,1.57411861,8.426747,-1.425354,111.810707,-0.514312744,7.379736,-0.01000005,8.240137,101.441978,0.0,0.0,0.0,0.0,0.0,0.0
73.19295,DATA,1,1,5,10,15,46.827858,46.827858,6.362368,1.57394314,8.426724,-1.30682373,111.597824,-0.628753662,7.379736,-0.01000005,8.240137,101.441978,0.0,0.0,0.0,0.0,0.0,0.0
73.24824,DATA,1,1,5,10,15,46.88315,46.88315,6.36269665,1.57378411,8.426367,-1.15985107,111.391075,-0.7663574,7.379736,-0.01000005,8.240137,101.441978,0.0,0.0,0.0,0.0,0.0,0.0
73.30388,DATA,1,1,5,10,15,46.93879,46.93879,6.36286354,1.57339644,8.426178,-0.9136658,111.271278,-0.864624,7.379736,-0.01000005,8.240137,101.441978,0.0,0.0,0.0,0.0,0.0,0.0
73.36018,DATA,1,1,5,10,15,46.9950943,46.9950943,6.363025,1.57294965,8.425961,-0.6409302,111.245659,-0.917602539,7.379736,-0.01000005,8.240137,101.441978,0.0,0.0,0.0,0.0,0.0,0.0
73.4163361,DATA,1,1,5,10,15,47.0512466,47.0512466,6.363213,1.57251477,8.425726,-0.3650818,111.240868,-0.965545654,7.379736,-0.01000005,8.240137,101.441978,0.0,0.0,0.0,0.0,0.0,0.0
73.47117,DATA,1,1,5,10,15,47.10608,47.10608,6.363352,1.57229424,8.42559,-0.195343018,111.227211,-1.08215332,7.379736,-0.01000005,8.240137,101.441978,0.0,0.0,0.0,0.0,0.0,0.0
73.52629,DATA,1,1,5,10,15,47.1612,47.1612,6.363625,1.57197666,8.425383,-0.05029297,111.15654,-1.08837891,7.379736,-0.01000005,8.240137,101.441978,0.0,0.0,0.0,0.0,0.0,0.0
73.58275,DATA,1,1,5,10,15,47.21766,47.21766,6.3636117,1.57176232,8.425553,0.05610761,111.028847,-1.04885864,7.379736,-0.01000005,8.240137,101.441978,0.0,0.0,0.0,0.0,0.0,0.0
73.63774,DATA,1,1,5,10,15,47.27265,47.27265,6.36365128,1.57178378,8.425681,0.168815359,110.852234,-1.00756836,7.379736,-0.01000005,8.240137,101.441978,0.0,0.0,0.0,0.0,0.0,0.0
73.6928253,DATA,1,1,5,10,15,47.3277359,47.3277359,6.36350536,1.57165289,8.426042,0.257609,110.62262,-1.08770752,7.379736,-0.01000005,8.240137,101.441978,0.0,0.0,0.0,0.0,0.0,0.0
73.7485352,DATA,1,1,5,10,15,47.3834457,47.3834457,6.363939,1.57171011,8.42594051,0.230881125,110.37928,-1.21157837,7.379736,-0.01000005,8.240137,101.441978,0.0,0.0,0.0,0.0,0.0,0.0
73.80426,DATA,1,1,5,10,15,47.43917,47.43917,6.363998,1.57171535,8.425993,0.276794583,110.182266,-1.3888855,7.379736,-0.01000005,8.240137,101.441978,0.0,0.0,0.0,0.0,0.0,0.0
73.86004,DATA,1,1,5,10,15,47.49495,47.49495,6.36408472,1.57153893,8.42579,0.399888426,110.140495,-1.50454712,7.379736,-0.01000005,8.240137,101.441978,0.0,0.0,0.0,0.0,0.0,0.0
73.9154739,DATA,1,1,5,10,15,47.5503845,47.5503845,6.364002,1.57131457,8.425671,0.4949297,110.19516,-1.46264648,7.379736,-0.01000005,8.240137,101.441978,0.0,0.0,0.0,0.0,0.0,0.0
73.9701462,DATA,1,1,5,10,15,47.6050568,47.6050568,6.364134,1.57127309,8.425549,0.550854146,110.223709,-1.48361206,7.379736,-0.01000005,8.240137,101.441978,0.0,0.0,0.0,0.0,0.0,0.0
74.02617,DATA,1,1,5,10,15,47.66108,47.66108,6.36405,1.5712347,8.425602,0.607654035,110.222481,-1.47756958,7.379736,-0.01000005,8.240137,101.441978,0.0,0.0,0.0,0.0,0.0,0.0
74.08193,DATA,1,1,5,10,15,47.7168427,47.7168427,6.36392927,1.5713625,8.425742,0.524404466,110.17083,-1.48416138,7.379736,-0.01000005,8.240137,101.441978,0.0,0.0,0.0,0.0,0.0,0.0
74.13765,DATA,1,1,5,10,15,47.77256,47.77256,6.36378241,1.57161474,8.425949,0.4212198,110.07177,-1.46029663,7.379736,-0.01000005,8.240137,101.441978,0.0,0.0,0.0,0.0,0.0,0.0
74.19283,DATA,1,1,5,10,15,47.8277435,47.8277435,6.363605,1.57172847,8.426191,0.348933369,109.9092,-1.477356,7.379736,-0.01000005,8.240137,101.441978,0.0,0.0,0.0,0.0,0.0,0.0
74.24826,DATA,1,1,5,10,15,47.88317,47.88317,6.363517,1.5716989,8.426287,0.3007564,109.756973,-1.45828247,7.379736,-0.01000005,8.240137,101.441978,0.0,0.0,0.0,0.0,0.0,0.0
74.30446,DATA,1,1,5,10,15,47.93937,47.93937,6.36335945,1.571769,8.426546,0.262297839,109.605965,-1.45782471,7.379736,-0.01000005,8.240137,101.441978,0.0,0.0,0.0,0.0,0.0,0.0
74.36007,DATA,1,1,5,10,15,47.99498,47.99498,6.36353636,1.57185435,8.426712,0.20471333,109.483963,-1.46536255,7.379736,-0.01000005,8.240137,101.441978,0.0,0.0,0.0,0.0,0.0,0.0
74.41623,DATA,1,1,5,10,15,48.05114,48.05114,6.363465,1.57187414,8.426924,0.187689617,109.4187,-1.46414185,7.379736,-0.01000005,8.240137,101.441978,0.0,0.0,0.0,0.0,0.0,0.0
74.47071,DATA,1,1,5,10,15,48.10562,48.10562,6.363699,1.57188082,8.426861,0.141161591,109.384315,-1.427002,7.379736,-0.01000005,8.240137,101.441978,0.0,0.0,0.0,0.0,0.0,0.0
74.52585,DATA,1,1,5,10,15,48.16076,48.16076,6.363756,1.57189178,8.42701149,0.153360933,109.3645,-1.42855835,7.379736,-0.01000005,8.240137,101.441978,0.0,0.0,0.0,0.0,0.0,0.0
74.58163,DATA,1,1,5,10,15,48.2165375,48.2165375,6.36404037,1.57176948,8.42714,0.210356638,109.329391,-1.38653564,7.379736,-0.01000005,8.240137,101.441978,0.0,0.0,0.0,0.0,0.0,0.0
74.63774,DATA,1,1,5,10,15,48.27265,48.27265,6.36404943,1.57170749,8.427342,0.233017728,109.2745,-1.35632324,7.379736,-0.01000005,8.240137,101.441978,0.0,0.0,0.0,0.0,0.0,0.0
74.69254,DATA,1,1,5,10,15,48.3274536,48.3274536,6.364111,1.57168365,8.427439,0.22488521,109.220253,-1.33300781,7.379736,-0.01000005,8.240137,101.441978,0.0,0.0,0.0,0.0,0.0,0.0
74.74781,DATA,1,1,5,10,15,48.38272,48.38272,6.3640914,1.571739,8.427567,0.171935067,109.1627,-1.32543945,7.379736,-0.01000005,8.240137,101.441978,0.0,0.0,0.0,0.0,0.0,0.0
74.80446,DATA,1,1,5,10,15,48.43937,48.43937,6.36414146,1.57191682,8.427626,0.09324568,109.119225,-1.34198,7.379736,-0.01000005,8.240137,101.441978,0.0,0.0,0.0,0.0,0.0,0.0
74.86036,DATA,1,1,5,10,15,48.49527,48.49527,6.3641324,1.57195377,8.427658,0.09198764,109.09404,-1.33068848,7.379736,-0.01000005,8.240137,101.441978,0.0,0.0,0.0,0.0,0.0,0.0
74.91531,DATA,1,1,5,10,15,48.5502243,48.5502243,6.3641324,1.57185292,8.4277,0.131703511,109.092293,-1.30926514,7.379736,-0.01000005,8.240137,101.441978,0.0,0.0,0.0,0.0,0.0,0.0
74.97062,DATA,1,1,5,10,15,48.60553,48.60553,6.364274,1.57180333,8.427687,0.08655518,109.088165,-1.2678833,7.379736,-0.01000005,8.240137,101.441978,0.0,0.0,0.0,0.0,0.0,0.0
75.0267,DATA,1,1,5,10,15,48.6616135,48.6616135,6.36423254,1.57185435,8.42775249,0.101986893,109.0899,-1.32971191,7.379736,-0.01000005,8.240137,101.441978,0.0,0.0,0.0,0.0,0.0,0.0
75.08187,DATA,1,1,5,10,15,48.71678,48.71678,6.36437654,1.57199836,8.427808,0.08170862,109.071991,-1.2633667,7.379736,-0.01000005,8.240137,101.441978,0.0,0.0,0.0,0.0,0.0,0.0
75.13735,DATA,1,1,5,10,15,48.7722626,48.7722626,6.364269,1.57199907,8.428042,0.04964481,108.964432,-1.22042847,7.379736,-0.01000005,8.240137,101.441978,0.0,0.0,0.0,0.0,0.0,0.0
75.19243,DATA,1,1,5,10,15,48.82734,48.82734,6.364235,1.57192492,8.428125,0.0267165545,108.870186,-1.17434692,7.379736,-0.01000005,8.240137,101.441978,0.0,0.0,0.0,0.0,0.0,0.0
75.24743,DATA,1,1,5,10,15,48.88234,48.88234,6.364068,1.57203317,8.428297,-0.0484619141,108.817329,-1.17315674,7.379736,-0.01000005,8.240137,101.441978,0.0,0.0,0.0,0.0,0.0,0.0
75.30396,DATA,1,1,5,10,15,48.9388733,48.9388733,6.364036,1.57217622,8.428406,-0.0799560547,108.83149,-1.18347168,7.379736,-0.01000005,8.240137,101.441978,0.0,0.0,0.0,0.0,0.0,0.0
75.3603439,DATA,1,1,5,10,15,48.9952545,48.9952545,6.36392832,1.57208824,8.428433,-0.0468139648,108.882309,-1.18951416,7.379736,-0.01000005,8.240137,101.441978,0.0,0.0,0.0,0.0,0.0,0.0
75.41616,DATA,1,1,5,10,15,49.05107,49.05107,6.364054,1.57196045,8.428424,0.0461212844,108.896942,-1.1675415,7.379736,-0.01000005,8.240137,101.441978,0.0,0.0,0.0,0.0,0.0,0.0
75.47029,DATA,1,1,5,10,15,49.1052,49.1052,6.36416674,1.5718236,8.428522,0.09517665,108.8536,-1.14974976,7.379736,-0.01000005,8.240137,101.441978,0.0,0.0,0.0,0.0,0.0,0.0
75.52618,DATA,1,1,5,10,15,49.161087,49.161087,6.36452341,1.57189393,8.428476,0.09118371,108.784149,-1.11636353,7.379736,-0.01000005,8.240137,101.441978,0.0,0.0,0.0,0.0,0.0,0.0
75.5818,DATA,1,1,5,10,15,49.216713,49.216713,6.3648324,1.57200313,8.428448,0.0455375165,108.766579,-1.08731079,7.379736,-0.01000005,8.240137,101.441978,0.0,0.0,0.0,0.0,0.0,0.0
75.63743,DATA,1,1,5,10,15,49.27234,49.27234,6.36496258,1.57193089,8.428489,0.04694283,108.784981,-1.06002808,7.379736,-0.01000005,8.240137,101.441978,0.0,0.0,0.0,0.0,0.0,0.0
75.6927,DATA,1,1,5,10,15,49.3276138,49.3276138,6.3650527,1.57195568,8.428542,-0.0106811523,108.782494,-1.02133179,7.379736,-0.01000005,8.240137,101.441978,0.0,0.0,0.0,0.0,0.0,0.0
75.74841,DATA,1,1,5,10,15,49.3833237,49.3833237,6.364892,1.57206321,8.428748,-0.06619263,108.757072,-1.02987671,7.379736,-0.01000005,8.240137,101.441978,0.0,0.0,0.0,0.0,0.0,0.0
75.80402,DATA,1,1,5,10,15,49.4389343,49.4389343,6.364881,1.57230973,8.428898,-0.142944336,108.747665,-1.00759888,7.379736,-0.01000005,8.240137,101.441978,0.0,0.0,0.0,0.0,0.0,0.0
75.81886,MAZE_STARTED,2,1,0,15,15,0.0,49.4537735,0.0,0.0,0.0,0.0,0.0,0.0,0.0,0.0,0.0,0.0,0.0,0.0,0.0,0.0,0.0,0.0
75.8595,DATA,2,1,0,15,15,0.0406341553,49.4944077,-9.98378,1.58248436,-11.0324211,-0.248687744,7.35106039,-0.995239258,-10.0,0.0,-10.0,0.0,0.0,0.0,0.0,0.0,0.0,0.0
75.9153442,DATA,2,1,0,15,15,0.09648132,49.5502548,-9.983729,1.582573,-11.0324306,-0.331390381,7.432384,-0.962677,-10.0,0.0,-10.0,0.0,0.0,0.0,0.0,0.0,0.0,0.0
75.9704361,DATA,2,1,0,15,15,0.151573181,49.6053467,-9.983802,1.58266354,-11.032692,-0.412963867,7.45628357,-0.9627991,-10.0,0.0,-10.0,0.0,0.0,0.0,0.0,0.0,0.0,0.0
76.02666,DATA,2,1,0,15,15,0.207794189,49.6615677,-9.98389,1.58267462,-11.0326748,-0.489379883,7.41474342,-0.9656372,-10.0,0.0,-10.0,0.0,0.0,0.0,0.0,0.0,0.0,0.0
76.0817642,DATA,2,1,0,15,15,0.2629013,49.7166748,-9.983951,1.5827806,-11.0327988,-0.5418701,7.3576436,-1.012207,-10.0,0.0,-10.0,0.0,0.0,0.0,0.0,0.0,0.0,0.0
76.13804,DATA,2,1,0,15,15,0.31917572,49.77295,-9.983844,1.58286428,-11.0326357,-0.54385376,7.335296,-0.949920654,-10.0,0.0,-10.0,0.0,0.0,0.0,0.0,0.0,0.0,0.0
76.19255,DATA,2,1,0,15,15,0.373687744,49.82746,-9.98387,1.58273816,-11.0327768,-0.495697021,7.325209,-0.9338379,-10.0,0.0,-10.0,0.0,0.0,0.0,0.0,0.0,0.0,0.0
76.24798,DATA,2,1,0,15,15,0.4291153,49.88289,-9.983898,1.58267474,-11.0328293,-0.440368652,7.32302666,-0.9375305,-10.0,0.0,-10.0,0.0,0.0,0.0,0.0,0.0,0.0,0.0
76.30416,DATA,2,1,0,15,15,0.485298157,49.93907,-9.983892,1.58271039,-11.0329208,-0.4472046,7.33257437,-0.971618652,-10.0,0.0,-10.0,0.0,0.0,0.0,0.0,0.0,0.0,0.0
76.35976,DATA,2,1,0,15,15,0.540893555,49.9946671,-9.983811,1.58273542,-11.0329819,-0.444000244,7.34382725,-0.978240967,-10.0,0.0,-10.0,0.0,0.0,0.0,0.0,0.0,0.0,0.0
76.41592,DATA,2,1,0,15,15,0.5970535,50.050827,-9.983757,1.582725,-11.0329247,-0.4197693,7.33542871,-0.975402832,-10.0,0.0,-10.0,0.0,0.0,0.0,0.0,0.0,0.0,0.0
76.4708,DATA,2,1,0,15,15,0.6519394,50.1057129,-9.983836,1.58249021,-11.032835,-0.228179932,7.298123,-0.935821533,-10.0,0.0,-10.0,0.0,0.0,0.0,0.0,0.0,0.0,0.0
76.52609,DATA,2,1,0,15,15,0.7072296,50.1610031,-9.983988,1.58222628,-11.032424,0.017972162,7.230001,-0.886535645,-10.0,0.0,-10.0,0.0,0.0,0.0,0.0,0.0,0.0,0.0
76.58179,DATA,2,1,0,15,15,0.7629242,50.2166977,-9.984174,1.5819155,-11.0321131,0.216531321,7.16681862,-0.8062744,-10.0,0.0,-10.0,0.0,0.0,0.0,0.0,0.0,0.0,0.0
76.63773,DATA,2,1,0,15,15,0.818870544,50.272644,-9.984278,1.58138907,-11.0314236,0.5335704,7.107754,-0.765533447,-10.0,0.0,-10.0,0.0,0.0,0.0,0.0,0.0,0.0,0.0
76.69271,DATA,2,1,0,15,15,0.873847961,50.32762,-9.984463,1.58094883,-11.0309763,0.80724746,7.10275,-0.6719971,-10.0,0.0,-10.0,0.0,0.0,0.0,0.0,0.0,0.0,0.0
76.74975,DATA,2,1,0,15,15,0.9308853,50.38466,-9.984535,1.58077526,-11.030282,0.9219093,7.105933,-0.614624,-10.0,0.0,-10.0,0.0,0.0,0.0,0.0,0.0,0.0,0.0
76.80457,DATA,2,1,0,15,15,0.985710144,50.4394836,-9.984678,1.58073974,-11.02996,0.9569285,7.09135532,-0.592987061,-10.0,0.0,-10.0,0.0,0.0,0.0,0.0,0.0,0.0,0.0
76.85952,DATA,2,1,0,15,15,1.040657,50.49443,-9.984759,1.57549334,-10.9067707,0.956516862,7.07114267,-0.5933838,-10.0,-0.00524145365,-9.877046,0.0,0.0,0.0,1.0,0.0,0.0,0.0
76.9153442,DATA,2,1,0,15,15,1.09648132,50.5502548,-9.984917,1.57082629,-10.7383871,0.8684139,7.028583,-0.5831604,-10.0,-0.01000005,-9.708667,0.0,0.0,0.0,1.0,0.0,0.0,0.0
76.97061,DATA,2,1,0,15,15,1.15174866,50.6055222,-9.984933,1.57089853,-10.5712223,0.8334538,6.994624,-0.5533447,-10.0,-0.01000005,-9.541568,0.0,0.0,0.0,1.0,0.0,0.0,0.0
77.02684,DATA,2,1,0,15,15,1.20797729,50.66175,-9.985036,1.570875,-10.4065046,0.84763217,6.967291,-0.509124756,-10.0,-0.01000011,-9.376673,0.0,0.0,0.0,1.0,0.0,0.0,0.0
77.08169,DATA,2,1,0,15,15,1.262825,50.7166,-9.985038,1.570924,-10.3632479,0.7555349,6.955644,-0.5107727,-10.0,-0.01000005,-9.333203,0.0,0.0,0.0,0.0,0.0,0.0,0.0
77.13789,DATA,2,1,0,15,15,1.31903076,50.7728043,-9.984977,1.57104683,-10.3634682,0.596631348,6.968433,-0.491973877,-10.0,-0.01000005,-9.333203,0.0,0.0,0.0,0.0,0.0,0.0,0.0
77.19185,DATA,2,1,0,15,15,1.37298584,50.82676,-9.985013,1.57131219,-10.3636284,0.4481779,6.951759,-0.529632568,-10.0,-0.01000005,-9.333203,0.0,0.0,0.0,0.0,0.0,0.0,0.0
77.24708,DATA,2,1,0,15,15,1.428215,50.88199,-9.984993,1.57155967,-10.3636951,0.3361231,6.94550467,-0.469512939,-10.0,-0.01000005,-9.333203,0.0,0.0,0.0,0.0,0.0,0.0,0.0
77.3032761,DATA,2,1,0,15,15,1.48441315,50.9381866,-9.985083,1.571481,-10.363863,0.338000536,6.90056038,-0.426269531,-10.0,-0.01000005,-9.333203,0.0,0.0,0.0,0.0,0.0,0.0,0.0
77.3588943,DATA,2,1,0,15,15,1.54003143,50.9938049,-9.985107,1.57128048,-10.36402,0.4300653,6.86136961,-0.3849182,-10.0,-0.01000005,-9.333203,0.0,0.0,0.0,0.0,0.0,0.0,0.0
77.4146,DATA,2,1,0,15,15,1.59573364,51.0495071,-9.985198,1.57119489,-10.3639841,0.471558869,6.83837461,-0.368164063,-10.0,-0.01000005,-9.333203,0.0,0.0,0.0,0.0,0.0,0.0,0.0
77.4697,DATA,2,1,0,15,15,1.65084076,51.1046143,-9.985301,1.57128572,-10.2389288,0.466897219,6.81968069,-0.3557129,-10.0,-0.01000005,-9.208423,0.0,0.0,0.0,1.0,0.0,0.0,0.0
77.52586,DATA,2,1,0,15,15,1.70700073,51.1607742,-9.985416,1.57120514,-10.0723791,0.508176148,6.80471039,-0.321746826,-10.0,-0.01000005,-9.042135,0.0,0.0,0.0,1.0,0.0,0.0,0.0
77.5811157,DATA,2,1,0,15,15,1.76225281,51.2160263,-9.985597,1.57093692,-9.90685,0.7140137,6.77672434,-0.270355225,-10.0,-0.01000011,-8.876993,0.0,0.0,0.0,1.0,0.0,0.0,0.0
77.63676,DATA,2,1,0,15,15,1.817894,51.2716675,-9.985802,1.57054281,-9.863136,0.907741547,6.71218967,-0.228729248,-10.0,-0.01000005,-8.833645,0.0,0.0,0.0,0.0,0.0,0.0,0.0
77.6917648,DATA,2,1,0,15,15,1.87290192,51.3266754,-9.985992,1.57035327,-9.862683,1.05789924,6.66575241,-0.1758728,-10.0,-0.01000005,-8.833645,0.0,0.0,0.0,0.0,0.0,0.0,0.0
77.7475739,DATA,2,1,0,15,15,1.92871094,51.3824844,-9.986123,1.57025719,-9.862233,1.15801167,6.616372,-0.18081665,-10.0,-0.01000005,-8.833645,0.0,0.0,0.0,0.0,0.0,0.0,0.0
77.8027954,DATA,2,1,0,15,15,1.9839325,51.437706,-9.986172,1.56992865,-9.86188,1.393884,6.571707,-0.113555908,-10.0,-0.01000005,-8.833645,0.0,0.0,0.0,0.0,0.0,0.0,0.0
77.8592453,DATA,2,1,0,15,15,2.04038239,51.4941559,-9.986272,1.56928682,-9.861647,1.779008,6.47625446,-0.0359802246,-10.0,-0.01000005,-8.833645,0.0,0.0,0.0,0.0,0.0,0.0,0.0
77.91461,DATA,2,1,0,15,15,2.095749,51.5495224,-9.986426,1.56858969,-9.861337,2.22125936,6.340228,0.08262956,-10.0,-0.01000005,-8.833645,0.0,0.0,0.0,0.0,0.0,0.0,0.0
77.96925,DATA,2,1,0,15,15,2.15039063,51.6041641,-9.986489,1.56835413,-9.860823,2.386264,6.19828367,0.14069961,-10.0,-0.01000005,-8.833645,0.0,0.0,0.0,0.0,0.0,0.0,0.0
78.0257,DATA,2,1,0,15,15,2.20684052,51.660614,-9.98655,1.56835413,-9.860465,2.38221,6.11341429,0.163012877,-10.0,-0.01000005,-8.833645,0.0,0.0,0.0,0.0,0.0,0.0,0.0
78.08139,DATA,2,1,0,15,15,2.26252747,51.7163,-9.986445,1.56843281,-9.860243,2.32629323,6.080209,0.16368039,-10.0,-0.01000005,-8.833645,0.0,0.0,0.0,0.0,0.0,0.0,0.0
78.13809,DATA,2,1,0,15,15,2.31922913,51.7730026,-9.98638,1.56843781,-9.860018,2.31882358,6.08849239,0.159691423,-10.0,-0.01000005,-8.833645,0.0,0.0,0.0,0.0,0.0,0.0,0.0
78.19173,DATA,2,1,0,15,15,2.37286377,51.8266373,-9.986553,1.56847215,-9.859757,2.29902387,6.09838629,0.14447926,-10.0,-0.01000005,-8.833645,0.0,0.0,0.0,0.0,0.0,0.0,0.0
78.24711,DATA,2,1,0,15,15,2.42824554,51.88202,-9.986564,1.568461,-9.859649,2.277646,6.076102,0.171214774,-10.0,-0.01000005,-8.833645,0.0,0.0,0.0,0.0,0.0,0.0,0.0
78.30322,DATA,2,1,0,15,15,2.48435974,51.9381332,-9.98666,1.56845331,-9.859424,2.260209,6.02911234,0.1404966,-10.0,-0.01000005,-8.833645,0.0,0.0,0.0,0.0,0.0,0.0,0.0
78.35925,DATA,2,1,0,15,15,2.54039,51.9941635,-9.986695,1.56843019,-9.859421,2.2764864,6.005432,0.186677516,-10.0,-0.01000005,-8.833645,0.0,0.0,0.0,0.0,0.0,0.0,0.0
78.41478,DATA,2,1,0,15,15,2.59591675,52.04969,-9.986849,1.56847191,-9.859507,2.24764061,5.996465,0.198061824,-10.0,-0.01000005,-8.833645,0.0,0.0,0.0,0.0,0.0,0.0,0.0
78.469696,DATA,2,1,0,15,15,2.65083313,52.1046066,-9.98687649,1.56858659,-9.859636,2.21223,6.007425,0.220798,-10.0,-0.01000005,-8.833645,0.0,0.0,0.0,0.0,0.0,0.0,0.0
78.52535,DATA,2,1,0,15,15,2.70648956,52.1602631,-9.986833,1.568676,-9.859795,2.09351683,6.023799,0.200134009,-10.0,-0.01000005,-8.833645,0.0,0.0,0.0,0.0,0.0,0.0,0.0
78.5816345,DATA,2,1,0,15,15,2.76277161,52.2165451,-9.986775,1.56880069,-9.859988,1.99105847,6.07083035,0.183236018,-10.0,-0.01000005,-8.833645,0.0,0.0,0.0,0.0,0.0,0.0,0.0
78.63682,DATA,2,1,0,15,15,2.817955,52.27173,-9.986783,1.56901455,-9.860155,1.86533082,6.09057856,0.1695092,-10.0,-0.01000005,-8.833645,0.0,0.0,0.0,0.0,0.0,0.0,0.0
78.6918,DATA,2,1,0,15,15,2.87294,52.3267136,-9.986839,1.56917834,-9.860328,1.79895055,6.09380531,0.15637441,-10.0,-0.01000005,-8.833645,0.0,0.0,0.0,0.0,0.0,0.0,0.0
78.7472,DATA,2,1,0,15,15,2.928337,52.38211,-9.986782,1.569345,-9.860476,1.66289866,6.13400364,0.129008517,-10.0,-0.01000005,-8.833645,0.0,0.0,0.0,0.0,0.0,0.0,0.0
78.8028641,DATA,2,1,0,15,15,2.98400116,52.4377747,-9.986636,1.56947207,-9.860587,1.51399636,6.20757341,0.128362611,-10.0,-0.01000005,-8.833645,0.0,0.0,0.0,0.0,0.0,0.0,0.0
78.85903,DATA,2,1,0,15,15,3.04016876,52.4939423,-9.986443,1.56964159,-9.860694,1.44705081,6.3254447,0.08209722,-10.0,-0.01000005,-8.833645,0.0,0.0,0.0,0.0,0.0,0.0,0.0
78.9141,DATA,2,1,0,15,15,3.09523773,52.54901,-9.986315,1.569845,-9.860686,1.38513184,6.43238926,0.102695949,-10.0,-0.01000005,-8.833645,0.0,0.0,0.0,1.0,0.0,0.0,0.0
78.96946,DATA,2,1,0,15,15,3.15059662,52.60437,-9.986181,1.56981945,-9.694392,1.3931253,6.50551,0.09567226,-10.0,-0.01000011,-8.667218,0.0,0.0,0.0,1.0,0.0,0.0,0.0
79.02592,DATA,2,1,0,15,15,3.20705414,52.6608276,-9.986048,1.569747,-9.530455,1.39074373,6.54425049,0.06542386,-10.0,-0.01000005,-8.503139,0.0,0.0,0.0,1.0,0.0,0.0,0.0
79.08146,DATA,2,1,0,15,15,3.26259613,52.71637,-9.98589,1.56982517,-9.363351,1.35485113,6.621102,0.0362480767,-10.0,-0.01000005,-8.335938,0.0,0.0,0.0,1.0,0.0,0.0,0.0
79.13648,DATA,2,1,0,15,15,3.31761932,52.7713928,-9.985669,1.56988454,-9.194994,1.30607975,6.74426174,0.0176353753,-10.0,-0.01000005,-8.167491,0.0,0.0,0.0,1.0,0.0,0.0,0.0
79.1917648,DATA,2,1,0,15,15,3.372902,52.8266754,-9.985431,1.56994081,-9.028312,1.25550687,6.8795,-0.0238647461,-10.0,-0.01000005,-8.000808,0.0,0.0,0.0,1.0,0.0,0.0,0.0
79.2475,DATA,2,1,0,15,15,3.42863464,52.88241,-9.985192,1.56983352,-8.86182,1.30550909,6.984708,-0.0661010742,-10.0,-0.01000005,-7.83435774,0.0,0.0,0.0,1.0,0.0,0.0,0.0
79.30338,DATA,2,1,0,15,15,3.48452,52.9382935,-10.0148325,1.56975865,-8.692644,1.30640054,9.503436,-0.0733947754,-9.99959,-0.01000005,-7.66506433,1.66528749,0.878383756,-0.477919817,1.0,0.0,0.0,0.0
79.3595,DATA,2,1,0,15,15,3.54063416,52.9944077,-10.0834141,1.56980515,-8.522181,1.303373,13.9221153,-0.09515381,-9.989975,-0.01000005,-7.498816,6.03809071,0.8579669,-0.513626456,1.0,0.0,0.0,0.0
79.41538,DATA,2,1,0,15,15,3.59651947,53.050293,-10.1365395,1.56989121,-8.347691,1.33075488,18.2352028,-0.164550781,-9.967894,-0.01000005,-7.33406973,10.2738333,0.833429933,-0.5525986,1.0,0.0,0.0,0.0
79.469986,DATA,2,1,0,15,15,3.651123,53.1048965,-10.1748743,1.56980538,-8.17106152,1.40231431,22.4395924,-0.110107422,-9.934,-0.0100001693,-7.17214,14.3966932,0.8286691,-0.5596789,1.0,0.0,0.0,0.0
79.52556,DATA,2,1,0,15,15,3.70669556,53.16047,-10.2126694,1.56957173,-8.027743,1.464372,26.7000046,-0.106445313,-9.899937,-0.01000005,-7.048938,18.56839,0.818964243,-0.573809,0.0,0.0,0.0,0.0
79.5814056,DATA,2,1,0,15,15,3.76254272,53.2163162,-10.2802143,1.56952834,-8.003622,1.52333426,30.9423618,-0.09875488,-9.899937,-0.01000005,-7.048938,22.578064,0.8165227,-0.577257633,0.0,0.0,0.0,0.0
79.63687,DATA,2,1,0,15,15,3.81800842,53.2717819,-10.3467035,1.569551,-7.97433662,1.52313817,35.15862,-0.1329956,-9.899937,-0.01000005,-7.048938,26.6496716,0.810052752,-0.5862911,0.0,0.0,0.0,0.0
79.69188,DATA,2,1,0,15,15,3.87301636,53.32679,-10.4108,1.569622,-7.94054556,1.47786486,39.29229,-0.162780762,-9.899937,-0.01000005,-7.048938,30.70334,0.8038881,-0.5947752,0.0,0.0,0.0,0.0
79.74752,DATA,2,1,0,15,15,3.92865753,53.38243,-10.4709539,1.56970263,-7.90305662,1.495978,43.3211365,-0.170227051,-9.899937,-0.01000005,-7.048938,34.6613731,0.740470648,-0.6720481,0.0,0.0,0.0,0.0
79.8035049,DATA,2,1,0,15,15,3.984642,53.4384155,-10.523242,1.5696013,-7.865573,1.57727623,47.003,-0.163116455,-9.899937,-0.01000005,-7.048938,38.2514725,0.719656944,-0.6942656,0.0,0.0,0.0,0.0
79.8592,DATA,2,1,0,15,15,4.04033661,53.49411,-10.5737,1.569531,-7.824339,1.619045,50.5938873,-0.163269043,-9.899937,-0.01000005,-7.048938,41.8840027,0.719656944,-0.6942656,0.0,0.0,0.0,0.0
79.91451,DATA,2,1,0,15,15,4.09564972,53.5494232,-10.62126,1.56942582,-7.780098,1.68423343,54.1984367,-0.169555664,-9.899937,-0.01000005,-7.048938,45.50783,0.753929257,-0.656849861,0.0,0.0,0.0,0.0
79.96933,DATA,2,1,0,15,15,4.150467,53.60424,-10.6685228,1.569402,-7.7297225,1.73185265,58.0447769,-0.2277832,-9.899937,-0.01000005,-7.048938,49.3685379,0.826838,-0.5623951,0.0,0.0,0.0,0.0
80.02536,DATA,2,1,0,15,15,4.206497,53.66027,-10.68641,1.56923485,-7.646905,1.85810256,62.4026031,-0.2015686,-9.869313,-0.01000011,-7.02554941,53.6517067,0.890347,-0.455214143,1.0,0.0,0.0,0.0
80.08139,DATA,2,1,0,15,15,4.26252747,53.7163,-10.59334,1.56896281,-7.486961,1.98209834,66.66075,-0.204559326,-9.731301,-0.01000005,-6.93006229,58.0437279,0.7677542,-0.332651734,1.0,0.0,0.0,0.0
80.13664,DATA,2,1,0,15,15,4.31777954,53.771553,-10.4809771,1.56873369,-7.35025024,2.12553263,69.787,-0.19732666,-9.587832,-0.01000005,-6.84527874,61.4319572,0.5081637,-0.243324041,1.0,0.0,0.0,0.0
80.19184,DATA,2,1,0,15,15,4.372978,53.82675,-10.3419971,1.56869113,-7.25293636,2.16701913,70.5068359,-0.1975708,-9.438873,-0.01000011,-6.76673269,62.63325,0.0,0.0,1.0,0.0,0.0,0.0
80.24719,DATA,2,1,0,15,15,4.42832947,53.882103,-10.1956062,1.56869912,-7.177257,2.16507649,70.51214,-0.219207764,-9.292737,-0.01000011,-6.69109058,62.63325,0.0,0.0,1.0,0.0,0.0,0.0
80.30395,DATA,2,1,0,15,15,4.48508453,53.938858,-10.0463915,1.56870651,-7.10010672,2.176198,70.5309143,-0.2534485,-9.143682,-0.01000005,-6.61393738,62.63325,0.0,0.0,1.0,0.0,0.0,0.0
80.3585358,DATA,2,1,0,15,15,4.539673,53.9934464,-9.899317,1.5686357,-7.0241,2.23441172,70.554306,-0.280456543,-8.996802,-0.01000005,-6.53791,62.63325,0.0,0.0,1.0,0.0,0.0,0.0
80.4141541,DATA,2,1,0,15,15,4.595291,54.0490646,-9.749528,1.56856966,-6.94664955,2.29338741,70.56578,-0.29599,-8.847079,-0.01000005,-6.46041155,62.63325,0.0,0.0,1.0,0.0,0.0,0.0
80.46972,DATA,2,1,0,15,15,4.650856,54.10463,-9.601683,1.56830418,-6.870184,2.33139634,70.59107,-0.3154297,-8.699259,-0.01000011,-6.3838973,62.63325,0.0,0.0,1.0,0.0,0.0,0.0
80.52572,DATA,2,1,0,15,15,4.706856,54.16063,-9.455757,1.56827474,-6.794767,2.33039021,70.62527,-0.307037354,-8.553405,-0.01000005,-6.308401,62.63325,0.0,0.0,1.0,0.0,0.0,0.0
80.5811157,DATA,2,1,0,15,15,4.762253,54.2160263,-9.30599,1.568387,-6.717539,2.32787919,70.64722,-0.4196167,-8.403875,-0.01000005,-6.231003,62.63325,0.0,0.0,1.0,0.0,0.0,0.0
80.6368,DATA,2,1,0,15,15,4.81793976,54.2717133,-9.157348,1.56838179,-6.64080429,2.33638978,70.71857,-0.390625,-8.2553,-0.01000005,-6.15409756,62.63325,0.0,0.0,1.0,0.0,0.0,0.0
80.69131,DATA,2,1,0,15,15,4.872444,54.3262177,-9.009884,1.56825256,-6.564674,2.35407925,70.74614,-0.399261475,-8.10786152,-0.01000005,-6.07778168,62.63325,0.0,0.0,1.0,0.0,0.0,0.0
80.74682,DATA,2,1,0,15,15,4.92795563,54.38173,-8.861401,1.5682795,-6.48800945,2.33400369,70.76674,-0.423706055,-7.95933247,-0.01000005,-6.00090075,62.63325,0.0,0.0,1.0,0.0,0.0,0.0
80.80277,DATA,2,1,0,15,15,4.98390961,54.4376831,-8.714416,1.56845737,-6.41202,2.24957657,70.75871,-0.490478516,-7.81215572,-0.01000005,-5.92472,62.63325,0.0,0.0,1.0,0.0,0.0,0.0
80.8588257,DATA,2,1,0,15,15,5.039963,54.4937363,-8.565159,1.56865048,-6.33489037,2.151814,70.8032,-0.5444031,-7.662712,-0.01000005,-5.84736538,62.63325,0.0,0.0,1.0,0.0,0.0,0.0
80.9144,DATA,2,1,0,15,15,5.09553528,54.54931,-8.433313,1.5687151,-6.22675037,2.1031456,73.68169,-0.5541992,-7.51390457,-0.01000005,-5.771059,64.6354,0.8957182,-0.444593668,1.0,0.0,0.0,0.0
80.96922,DATA,2,1,0,15,15,5.15036,54.6041336,-8.314604,1.56867051,-6.08850431,2.114834,78.1447449,-0.5503845,-7.362777,-0.01000005,-5.70470047,69.04455,0.8834193,-0.468489647,1.0,0.0,0.0,0.0
81.02532,DATA,2,1,0,15,15,5.206459,54.6602325,-8.174288,1.56864309,-5.950039,2.139258,82.69919,-0.5447693,-7.194062,-0.01000005,-5.64599133,73.77919,0.882869959,-0.46958828,1.0,0.0,0.0,0.0
81.08113,DATA,2,1,0,15,15,5.262268,54.71604,-8.046086,1.568557,-5.841571,2.12498474,87.07091,-0.5366821,-7.046638,-0.01000011,-5.607264,77.80871,0.870601535,-0.491927862,1.0,0.0,0.0,0.0
81.13586,DATA,2,1,0,15,15,5.31699371,54.7707672,-7.89788437,1.56855774,-5.73553753,2.089388,91.39642,-0.5259094,-6.88371229,-0.01000005,-5.57685471,82.11508,0.8593707,-0.5112766,1.0,0.0,0.0,0.0
81.19156,DATA,2,1,0,15,15,5.372696,54.82647,-7.73802,1.56865191,-5.639374,2.096528,95.74581,-0.6020813,-6.714659,-0.0100001693,-5.55836153,86.49202,0.8571733,-0.514969349,1.0,0.0,0.0,0.0
81.24754,DATA,2,1,0,15,15,5.42868042,54.8824539,-7.576059,1.56857753,-5.55789328,2.12136388,100.068367,-0.6191406,-6.54947948,-0.01000005,-5.55283833,90.73992,0.856379867,-0.5162816,1.0,0.0,0.0,0.0
81.30289,DATA,2,1,0,15,15,5.484024,54.9377975,-7.392923,1.5685184,-5.48285675,2.13374782,104.418907,-0.632720947,-6.369178,-0.01000005,-5.5606184,95.37752,0.856379867,-0.5162816,1.0,0.0,0.0,0.0
81.35847,DATA,2,1,1,15,15,5.539604,54.9933777,-7.23219156,1.5685271,-5.430692,2.13506818,108.66674,-0.6124878,-6.21606827,-0.01000011,-5.578998,99.33903,0.8557085,-0.517410755,1.0,0.0,0.0,0.0
81.41463,DATA,2,1,1,15,15,5.595764,55.0495377,-7.05652,1.56874371,-5.38742352,2.07585382,112.995544,-0.6711731,-6.05396652,-0.01000005,-5.61029673,103.577148,0.853083849,-0.5217445,1.0,0.0,0.0,0.0
81.46953,DATA,2,1,1,15,15,5.65066528,55.10444,-6.876006,1.56886673,-5.35747433,2.01967573,117.2511,-0.7272339,-5.892576,-0.01000011,-5.654082,107.838287,0.84325695,-0.5374005,1.0,0.0,0.0,0.0
81.5253448,DATA,2,1,1,15,15,5.706482,55.1602554,-6.697671,1.56897473,-5.34163,1.95891583,121.520966,-0.7774353,-5.73796272,-0.01000005,-5.70850754,111.985771,0.8425245,-0.53859067,1.0,0.0,0.0,0.0
81.58117,DATA,2,1,1,15,15,5.762306,55.21608,-6.51499653,1.56904638,-5.33880424,1.91850245,125.777596,-0.8157654,-5.58466244,-0.00999999,-5.77538729,116.214165,0.841730952,-0.5398419,1.0,0.0,0.0,0.0
81.6366043,DATA,2,1,1,15,15,5.81774139,55.2715149,-6.3324337,1.56908965,-5.349552,1.89286268,129.974411,-0.8720398,-5.43656158,-0.01000005,-5.853467,120.440849,0.8397473,-0.5429853,1.0,0.0,0.0,0.0
81.69157,DATA,2,1,1,15,15,5.87270355,55.3264771,-6.15012646,1.56923866,-5.374204,1.82102573,134.13826,-0.8949585,-5.29369974,-0.01000005,-5.94284439,124.677727,0.8357494,-0.549058557,1.0,0.0,0.0,0.0
81.74756,DATA,2,1,1,15,15,5.92869568,55.38247,-5.9760313,1.56935811,-5.41092873,1.79164338,138.351379,-0.975921631,-5.162181,-0.00999999,-6.03913164,128.76001,0.8335215,-0.552446,1.0,0.0,0.0,0.0
81.80213,DATA,2,1,1,15,15,5.98326874,55.4370422,-5.800544,1.56943607,-5.46168041,1.823095,142.490677,-0.959320068,-5.03460741,-0.01000005,-6.14742374,132.9373,0.830683351,-0.5567492,1.0,0.0,0.0,0.0
81.8590546,DATA,2,1,1,15,15,6.04019165,55.4939651,-5.62795353,1.56940031,-5.525557,1.82732809,146.708923,-0.956329346,-4.91433764,-0.01000005,-6.265657,137.1381,0.8294625,-0.558519244,1.0,0.0,0.0,0.0
81.91394,DATA,2,1,1,15,15,6.09507751,55.54885,-5.46337557,1.56937027,-5.60074139,1.83001792,150.763184,-0.9569702,-4.804753,-0.01000005,-6.39033,141.261948,0.8264718,-0.56297493,1.0,0.0,0.0,0.0
81.9684753,DATA,2,1,1,15,15,6.14961243,55.6033859,-5.3039,1.569499,-5.68808365,1.76758182,154.787338,-0.991912842,-4.703943,-0.01000005,-6.52320433,145.398178,0.8264718,-0.56297493,1.0,0.0,0.0,0.0
82.02458,DATA,2,1,1,15,15,6.205719,55.6594925,-5.1527195,1.56959224,-5.785644,1.71194172,158.914871,-1.01901245,-4.613921,-0.00999999,-6.66145468,149.489426,0.8264718,-0.56297493,1.0,0.0,0.0,0.0
82.08003,DATA,2,1,1,15,15,6.26116943,55.7149429,-5.063509,1.56961775,-5.89479637,1.69472611,162.992737,-1.036377,-4.58921,-0.0100001693,-6.807213,153.6183,0.8254646,-0.564409256,1.0,0.0,0.0,0.0
82.13582,DATA,2,1,1,15,15,6.31695557,55.77073,-4.994807,1.56965554,-6.014935,1.686352,167.028732,-1.09509277,-4.58790636,-0.01000011,-6.95941353,157.773132,0.8282113,-0.5603503,1.0,0.0,0.0,0.0
82.19152,DATA,2,1,1,15,15,6.372658,55.82643,-4.92168,1.56971574,-6.14442873,1.65948713,171.159424,-1.13546753,-4.586525,-0.00999999,-7.116717,162.0531,0.896450639,-0.443037152,1.0,0.0,0.0,0.0
82.24578,DATA,2,1,1,15,15,6.426918,55.88069,-4.88330555,1.56965446,-6.290507,1.66250658,172.4478,-1.1651001,-4.58543,-0.00999999,-7.2745986,164.24707,0.0,0.0,1.0,0.0,0.0,0.0
82.30316,DATA,2,1,1,15,15,6.48429871,55.9380722,-4.883198,1.56959772,-6.44843674,1.64339948,172.360825,-1.13726807,-4.58542967,-0.01000005,-7.4325,164.24707,0.0,0.0,1.0,0.0,0.0,0.0
82.35786,DATA,2,1,1,15,15,6.538994,55.9927673,-4.883103,1.56956577,-6.60984564,1.68977654,172.29483,-1.19537354,-4.58542967,-0.01000005,-7.59381628,164.24707,0.0,0.0,1.0,0.0,0.0,0.0
82.41434,DATA,2,1,1,15,15,6.59547424,56.0492477,-4.88302755,1.56940854,-6.772222,1.7625854,172.251221,-1.19326782,-4.58542967,-0.01000011,-7.7561,164.24707,0.0,0.0,1.0,0.0,0.0,0.0
82.4701,DATA,2,1,1,15,15,6.65123749,56.10501,-4.88292742,1.56936109,-6.933208,1.77183187,172.182266,-1.19595337,-4.58542967,-0.01000011,-7.91698,164.24707,0.0,0.0,1.0,0.0,0.0,0.0
82.52508,DATA,2,1,1,15,15,6.706215,56.15999,-4.88463974,1.56941414,-7.098882,1.85406876,170.367935,-1.18530273,-4.57098341,-0.0100001693,-8.077079,163.314209,-0.9917295,-0.128086209,1.0,0.0,0.0,0.0
82.58074,DATA,2,1,1,15,15,6.761879,56.2156525,-4.91530132,1.569382,-7.288147,1.8691082,165.394882,-1.21566772,-4.51789141,-0.00999999,-8.235281,158.330246,-0.996795535,-0.07968378,1.0,0.0,0.0,0.0
82.63659,DATA,2,1,1,15,15,6.817726,56.2715,-4.9294796,1.56939316,-7.4811306,1.87327743,160.372589,-1.20968628,-4.45061636,-0.01000005,-8.389584,153.294785,-0.9969481,-0.07757807,1.0,0.0,0.0,0.0
82.69141,DATA,2,1,1,15,15,6.87254333,56.3263168,-4.926691,1.56930864,-7.67235374,1.92840874,155.405548,-1.19384766,-4.370987,-0.00999999,-8.5358,148.313721,-0.9969481,-0.07757807,1.0,0.0,0.0,0.0
82.74701,DATA,2,1,1,15,15,6.92814636,56.38192,-4.907851,1.56912541,-7.859233,1.98081589,150.386017,-1.17523193,-4.280769,-0.01000005,-8.672016,143.425766,-0.9969481,-0.07757807,1.0,0.0,0.0,0.0
82.80306,DATA,2,1,1,15,15,6.98419952,56.437973,-4.87138462,1.56908917,-8.050989,2.00242972,145.279434,-1.13842773,-4.175007,-0.01000005,-8.805074,138.340591,-0.9969481,-0.07757807,1.0,0.0,0.0,0.0
82.8595,DATA,2,1,1,15,15,7.040634,56.4944077,-4.819051,1.56903386,-8.235785,2.01321816,140.196411,-1.1048584,-4.059823,-0.00999999,-8.92631149,133.3375,-0.9969481,-0.07757807,1.0,0.0,0.0,0.0
82.91416,DATA,2,1,1,15,15,7.095299,56.5490723,-4.75121832,1.56901181,-8.414377,2.02038383,135.223328,-1.05493164,-3.93515182,-0.00999999,-9.036503,128.359619,-0.9969481,-0.07757807,1.0,0.0,0.0,0.0
82.96996,DATA,2,1,1,15,15,7.1511,56.6048737,-4.66740656,1.56895709,-8.58792,2.04885149,130.172562,-1.05056763,-3.800322,-0.01000005,-9.136193,123.34304,-0.9969481,-0.07757807,1.0,0.0,0.0,0.0
83.0253448,DATA,2,1,1,15,15,7.206482,56.6602554,-4.57075262,1.56880093,-8.75038,2.111066,125.166359,-1.039032,-3.65992951,-0.00999999,-9.222214,118.4167,-0.997436464,-0.07187104,1.0,0.0,0.0,0.0
83.08073,DATA,2,1,1,15,15,7.26186371,56.7156372,-4.46014547,1.56872606,-8.904492,2.141569,120.132126,-1.0305481,-3.51213121,-0.01000005,-9.296109,113.467728,-0.9985656,-0.0525833368,1.0,0.0,0.0,0.0
83.13643,DATA,2,1,1,15,15,7.317566,56.77134,-4.332986,1.56866837,-9.05262852,2.156309,115.041748,-1.00057983,-3.35398126,-0.00999999,-9.358593,108.370918,-0.999572754,-0.0282295942,1.0,0.0,0.0,0.0
83.19099,DATA,2,1,1,15,15,7.37212372,56.8258972,-4.192965,1.56869578,-9.161573,2.14066243,112.214417,-1.03155518,-3.19649386,-0.01000005,-9.40532,104.741356,0.0,0.0,1.0,0.0,0.0,0.0
83.24641,DATA,2,1,1,15,15,7.42754364,56.8813171,-4.07241726,1.56869149,-9.193368,2.15117288,112.251053,-1.0585022,-3.076135,-0.00999999,-9.436989,104.741356,0.0,0.0,0.0,0.0,0.0,0.0
83.30193,DATA,2,1,1,15,15,7.48307037,56.9368439,-4.07228661,1.56855845,-9.193496,2.22909021,112.272133,-1.05987549,-3.076135,-0.00999999,-9.436989,104.741356,0.0,0.0,0.0,0.0,0.0,0.0
83.3576,DATA,2,1,1,15,15,7.53873444,56.9925079,-4.07229471,1.56854725,-9.193581,2.241375,112.238564,-1.0526123,-3.076135,-0.00999999,-9.436989,104.741356,0.0,0.0,0.0,0.0,0.0,0.0
83.41321,DATA,2,1,1,15,15,7.594345,57.04812,-4.07215261,1.568502,-9.193564,2.290249,112.182648,-1.056427,-3.076135,-0.00999999,-9.436989,104.741356,0.0,0.0,0.0,0.0,0.0,0.0
83.4682159,DATA,2,1,1,15,15,7.649353,57.1031265,-4.07214069,1.56844723,-9.193428,2.2891407,112.1062,-1.04962158,-3.076135,-0.00999999,-9.436989,104.741356,0.0,0.0,0.0,0.0,0.0,0.0
83.5247955,DATA,2,1,1,15,15,7.70593262,57.1597061,-4.07186031,1.56845975,-9.193449,2.277975,111.463676,-0.984100342,-3.076135,-0.00999999,-9.436989,104.741356,-0.601580858,-0.11023283,0.0,0.0,0.0,0.0
83.58004,DATA,2,1,1,15,15,7.761177,57.21495,-4.087456,1.56840134,-9.270551,2.28468657,106.614105,-0.9775696,-3.076135,-0.00999999,-9.436989,100.327545,-0.990020454,-0.140659809,0.0,0.0,0.0,0.0
83.6355,DATA,2,1,1,15,15,7.816635,57.27041,-4.09800959,1.56826985,-9.358256,2.33894825,101.60141,-0.9039917,-3.076135,-0.00999999,-9.436989,95.36692,-0.990020454,-0.140659809,0.0,0.0,0.0,0.0
83.69125,DATA,2,1,1,15,15,7.87239075,57.3261642,-4.10087872,1.56820726,-9.448733,2.39702964,96.50141,-0.845245361,-3.076135,-0.00999999,-9.436989,90.28632,-0.9902341,-0.139347553,0.0,0.0,0.0,0.0
83.74583,DATA,2,1,1,15,15,7.926964,57.3807373,-4.096216,1.56801748,-9.534876,2.51524,91.71034,-0.7642212,-3.076135,-0.00999999,-9.436989,85.4428558,-0.798211634,-0.0512405634,0.0,0.0,0.0,0.0
83.80258,DATA,2,1,1,15,15,7.983719,57.4374924,-4.0945,1.567909,-9.551406,2.53968978,91.24391,-0.7922363,-3.076135,-0.00999999,-9.436989,84.48426,0.0,0.0,1.0,0.0,0.0,0.0
83.8575058,DATA,2,1,1,15,15,8.038643,57.4924164,-3.92894983,1.56780553,-9.535222,2.553569,91.15001,-0.812255859,-2.91080141,-0.01000011,-9.421023,84.48426,0.0,0.0,1.0,0.0,0.0,0.0
83.91347,DATA,2,1,1,15,15,8.09460449,57.548378,-3.76251984,1.56778717,-9.519001,2.553735,91.08099,-0.7966614,-2.74473357,-0.01000005,-9.404986,84.48426,0.0,0.0,1.0,0.0,0.0,0.0
83.96781,DATA,2,1,1,15,15,8.148949,57.6027222,-3.5972662,1.56771708,-9.502796,2.63579488,91.02855,-0.7736511,-2.57992959,-0.0100001693,-9.389072,84.48426,0.0,0.0,1.0,0.0,0.0,0.0
84.02438,DATA,2,1,1,15,15,8.205521,57.6592941,-3.43213558,1.567522,-9.48669,2.73207951,90.94505,-0.7622986,-2.41516,-0.01000005,-9.373161,84.48426,0.0,0.0,1.0,0.0,0.0,0.0
84.08027,DATA,2,1,1,15,15,8.261406,57.71518,-3.26500416,1.56735063,-9.470397,2.79234529,90.84762,-0.773468,-2.24821377,-0.01000005,-9.357039,84.48426,0.0,0.0,1.0,0.0,0.0,0.0
84.13514,DATA,2,1,1,15,15,8.316277,57.77005,-3.09942675,1.56729472,-9.454205,2.79888844,90.75668,-0.7610779,-2.08286047,-0.01000011,-9.341072,84.48426,0.0,0.0,1.0,0.0,0.0,0.0
84.1907654,DATA,2,1,1,15,15,8.371902,57.825676,-2.931406,1.56736982,-9.437794,2.80502057,90.6891,-0.76864624,-1.91495121,-0.01000011,-9.324858,84.48426,0.0,0.0,1.0,0.0,0.0,0.0
84.24621,DATA,2,1,1,15,15,8.427345,57.88112,-2.76901,1.56732166,-9.421891,2.80620861,90.61655,-0.7404175,-1.75259507,-0.01000011,-9.309179,84.48426,0.0,0.0,1.0,0.0,0.0,0.0
84.3018,DATA,2,1,1,15,15,8.482941,57.9367142,-2.60346437,1.56730032,-9.40569,2.82154775,90.52705,-0.6979675,-1.586975,-0.01000005,-9.293186,84.48426,0.0,0.0,1.0,0.0,0.0,0.0
84.35748,DATA,2,1,1,15,15,8.53862,57.9923935,-2.436071,1.567309,-9.389316,2.80358672,90.45069,-0.6382141,-1.4194113,-0.01000011,-9.277005,84.48426,0.0,0.0,1.0,0.0,0.0,0.0
84.41318,DATA,2,1,1,15,15,8.594315,58.0480881,-2.26476431,1.56741643,-9.40488148,2.72255564,87.76117,-0.6359253,-1.25221694,-0.01000005,-9.26029,82.66667,-0.9807123,-0.195348978,1.0,0.0,0.0,0.0
84.46858,DATA,2,1,1,15,15,8.649719,58.1034927,-2.0865047,1.56752348,-9.463604,2.63415074,82.86931,-0.626312256,-1.08955622,-0.01000011,-9.234086,77.8187943,-0.9762261,-0.216559291,1.0,0.0,0.0,0.0
84.52377,DATA,2,1,1,15,15,8.70491,58.1586838,-1.903193,1.56780243,-9.506609,2.586747,78.0043,-0.5950928,-0.928950667,-0.0100001693,-9.194055,72.9863739,-0.9705191,-0.24094367,1.0,0.0,0.0,0.0
84.58003,DATA,2,1,1,15,15,8.761169,58.2149429,-1.71338665,1.56786942,-9.534146,2.57168865,73.07929,-0.5673523,-0.769425869,-0.01000005,-9.139582,68.07866,-0.9676809,-0.252143979,1.0,0.0,0.0,0.0
84.63509,DATA,2,1,1,15,15,8.816231,58.2700043,-1.5247016,1.567893,-9.54504,2.56462455,68.28027,-0.5458069,-0.617222548,-0.01000005,-9.072677,63.2593269,-0.964568,-0.263832569,1.0,0.0,0.0,0.0
84.68998,DATA,2,1,1,15,15,8.871117,58.32489,-1.33704329,1.56781423,-9.540261,2.52372932,63.53136,-0.5327759,-0.471979171,-0.01000011,-8.993701,58.47396,-0.964568,-0.263832569,1.0,0.0,0.0,0.0
84.74577,DATA,2,1,1,15,15,8.92691,58.3806839,-1.14990807,1.56801033,-9.519791,2.4571135,58.751976,-0.601135254,-0.333661884,-0.01000005,-8.902769,53.67771,-0.968779564,-0.2479018,1.0,0.0,0.0,0.0
84.80166,DATA,2,1,1,15,15,8.982796,58.43657,-0.9621924,1.56806493,-9.483466,2.44893575,53.9050674,-0.63848877,-0.201551944,-0.01000005,-8.79898,48.78982,-0.9716483,-0.236243725,1.0,0.0,0.0,0.0
84.85658,DATA,2,1,1,15,15,9.03772,58.4914932,-0.812917233,1.56810713,-9.39894,2.4372077,52.6095161,-0.7018738,-0.07849438,-0.01000005,-8.68586,46.61502,0.0,0.0,1.0,0.0,0.0,0.0
84.91199,DATA,2,1,1,15,15,9.093124,58.5468979,-0.692494869,1.56805229,-9.307231,2.43776417,52.71551,-0.746276855,0.0418594442,-0.01000011,-8.593738,46.61502,0.0,0.0,1.0,0.0,0.0,0.0
84.9680252,DATA,2,1,1,15,15,9.149162,58.6029358,-0.600595,1.56814766,-9.307745,2.40303636,52.8925972,-0.779418945,0.1336416,-0.01000005,-8.593738,46.61502,0.0,0.0,0.0,0.0,0.0,0.0
85.02372,DATA,2,1,1,15,15,9.204857,58.65863,-0.600580335,1.56823587,-9.308346,2.34806228,53.07406,-0.8233948,0.1336416,-0.01000005,-8.593738,46.61502,0.0,0.0,0.0,0.0,0.0,0.0
85.0793839,DATA,2,1,1,15,15,9.260521,58.7142944,-0.600512147,1.56846714,-9.308882,2.28086352,53.1999054,-0.886016846,0.1336416,-0.01000005,-8.593738,46.61502,0.0,0.0,0.0,0.0,0.0,0.0
85.13456,DATA,2,1,1,15,15,9.315697,58.76947,-0.60066396,1.56859756,-9.309302,2.21791363,53.2865067,-0.925354,0.1336416,-0.01000005,-8.593738,46.61502,0.0,0.0,0.0,0.0,0.0,0.0
85.19114,DATA,2,1,1,15,15,9.372276,58.82605,-0.6006329,1.56877661,-9.30968,2.07343936,52.880867,-0.9541321,0.1336416,-0.01000005,-8.593738,46.61502,-0.542527556,-0.142338276,0.0,0.0,0.0,0.0
85.24692,DATA,2,1,1,15,15,9.428055,58.88183,-0.545335233,1.56869817,-9.362544,2.0518384,48.2511673,-0.9500427,0.1336416,-0.01000005,-8.593738,42.3525772,-0.977568865,-0.210516691,0.0,0.0,0.0,0.0
85.3019257,DATA,2,1,1,15,15,9.483063,58.9368362,-0.4769133,1.5688343,-9.418037,2.055033,43.4799347,-0.9802551,0.1336416,-0.01000005,-8.593738,37.4324379,-0.9778436,-0.209173918,0.0,0.0,0.0,0.0
85.3584061,DATA,2,1,1,15,15,9.539543,58.9933167,-0.403892577,1.56876874,-9.467367,2.16407061,38.65288,-0.9510803,0.1336416,-0.01000005,-8.593738,32.5161552,-0.9780877,-0.208044648,0.0,0.0,0.0,0.0
85.4142,DATA,2,1,1,15,15,9.595337,59.04911,-0.326603383,1.56853843,-9.510271,2.24007559,33.83053,-0.9399719,0.1336416,-0.01000005,-8.593738,27.5807858,-0.979338944,-0.202032566,0.0,0.0,0.0,0.0
85.46999,DATA,2,1,1,15,15,9.651131,59.1049042,-0.247060671,1.56839943,-9.545738,2.27792954,28.9919739,-0.9499817,0.1336416,-0.01000005,-8.593738,22.7202473,-0.9823298,-0.187139511,0.0,0.0,0.0,0.0
85.52408,DATA,2,1,1,15,15,9.705215,59.15899,-0.16556938,1.56837249,-9.574154,2.31908,24.2291,-0.952697754,0.1336416,-0.01000005,-8.593738,17.89729,-0.991637945,-0.128879666,0.0,0.0,0.0,0.0
85.5805359,DATA,2,1,1,15,15,9.761673,59.2154465,-0.143514991,1.5683527,-9.580583,2.33234024,23.8266163,-0.9598694,0.1336416,-0.01000005,-8.593738,16.59574,0.0,0.0,0.0,0.0,0.0,0.0
85.63531,DATA,2,1,1,15,15,9.816444,59.2702179,-0.14334555,1.56829715,-9.580538,2.37749171,23.8839359,-1.01193237,0.1336416,-0.01000005,-8.593738,16.59574,0.0,0.0,0.0,0.0,0.0,0.0
85.69081,DATA,2,1,1,15,15,9.871948,59.32572,-0.143094152,1.56816864,-9.580484,2.42635036,23.9235744,-1.03329468,0.1336416,-0.01000005,-8.593738,16.59574,0.0,0.0,0.0,0.0,0.0,0.0
85.7468948,DATA,2,1,1,15,15,9.928032,59.3818054,-0.143197611,1.5680759,-9.580581,2.498791,24.59039,-1.05432129,0.1336416,-0.01000005,-8.593738,16.59574,0.593585,-0.279335976,0.0,0.0,0.0,0.0
85.80231,DATA,2,1,1,15,15,9.983444,59.4372177,-0.214520708,1.5680387,-9.55773449,2.4790287,29.11478,-1.04135132,0.1336416,-0.01000005,-8.593738,20.7834,0.919553161,-0.392895341,0.0,0.0,0.0,0.0
85.85795,DATA,2,1,1,15,15,10.0390854,59.49286,-0.291390568,1.56808567,-9.526335,2.48245454,33.74517,-1.04415894,0.1336416,-0.01000005,-8.593738,25.4291744,0.9161352,-0.400799632,0.0,0.0,0.0,0.0
85.91387,DATA,2,1,1,15,15,10.0950089,59.5487823,-0.364734024,1.56808472,-9.489343,2.51032448,38.3777161,-1.033081,0.1336416,-0.01000005,-8.593738,30.02614,0.9083835,-0.418042541,0.0,0.0,0.0,0.0
85.968956,DATA,2,1,1,15,15,10.1500931,59.6038666,-0.434085459,1.56805491,-9.447185,2.50151038,42.8933525,-1.02416992,0.1336416,-0.01000005,-8.593738,34.56531,0.9062166,-0.422681332,0.0,0.0,0.0,0.0
86.02479,DATA,2,1,1,15,15,10.205925,59.6597,-0.49823308,1.56813622,-9.40105,2.459192,47.3481941,-1.03775024,0.1336416,-0.01000005,-8.593738,38.9730034,0.9062166,-0.422681332,0.0,0.0,0.0,0.0
86.08008,DATA,2,1,1,15,15,10.2612152,59.71499,-0.5612771,1.56824207,-9.347684,2.42155123,51.8644333,-1.00927734,0.1336416,-0.01000005,-8.593738,43.5884438,0.905209541,-0.424878716,0.0,0.0,0.0,0.0
86.13595,DATA,2,1,1,15,15,10.3170853,59.77086,-0.6189269,1.56842136,-9.290336,2.31020474,56.4486427,-1.00881958,0.1336416,-0.01000005,-8.593738,48.1302528,0.9032868,-0.4289682,0.0,0.0,0.0,0.0
86.1910248,DATA,2,1,1,15,15,10.3721619,59.8259354,-0.6714088,1.56854367,-9.229163,2.270407,60.9764328,-0.9934082,0.1336416,-0.01000005,-8.593738,52.6281166,0.9032868,-0.4289682,0.0,0.0,0.0,0.0
86.2469254,DATA,2,1,1,15,15,10.4280624,59.8818359,-0.718869448,1.56853366,-9.163894,2.24570036,65.46651,-0.9847107,0.1336416,-0.01000005,-8.593738,57.12399,0.9020966,-0.43137908,0.0,0.0,0.0,0.0
86.30221,DATA,2,1,1,15,15,10.483345,59.93712,-0.760873139,1.56853271,-9.095281,2.26112,69.86891,-0.9411621,0.1336416,-0.01000005,-8.593738,61.6043663,0.9020966,-0.43137908,0.0,0.0,0.0,0.0
86.35763,DATA,2,1,1,15,15,10.538765,59.99254,-0.797717154,1.56847167,-9.022788,2.260551,74.33972,-0.9086304,0.1336416,-0.01000005,-8.593738,66.14108,0.9020966,-0.43137908,0.0,0.0,0.0,0.0
86.41421,DATA,2,1,1,15,15,10.5953445,60.049118,-0.828852534,1.56843257,-8.94716,2.262701,78.935936,-0.877594,0.1336416,-0.01000005,-8.593738,70.70831,0.9020966,-0.43137908,0.0,0.0,0.0,0.0
86.469635,DATA,2,1,1,15,15,10.6507721,60.1045456,-0.8535078,1.56844974,-8.870315,2.28103614,83.4347839,-0.960479736,0.1336416,-0.01000005,-8.593738,75.21607,0.9008454,-0.434125781,0.0,0.0,0.0,0.0
86.52462,DATA,2,1,1,15,15,10.7057571,60.15953,-0.8719718,1.56839061,-8.792372,2.306186,87.8949661,-0.9034424,0.1336416,-0.01000005,-8.593738,79.691124,0.900296,-0.4352244,0.0,0.0,0.0,0.0
86.58045,DATA,2,1,1,15,15,10.7615891,60.2153625,-0.884580731,1.56828713,-8.712221,2.347787,92.3810959,-0.8843994,0.1336416,-0.01000005,-8.593738,84.2244949,0.8996246,-0.436597824,0.0,0.0,0.0,0.0
86.63589,DATA,2,1,1,15,15,10.8170242,60.2707977,-0.8908252,1.56820655,-8.632112,2.40545154,96.8471,-0.8548584,0.1336416,-0.01000005,-8.593738,88.71381,0.8996246,-0.436597824,0.0,0.0,0.0,0.0
86.69101,DATA,2,1,1,15,15,10.8721466,60.32592,-0.890904,1.56825,-8.55279,2.3614502,101.269478,-0.8861389,0.1336416,-0.01000005,-8.593738,93.1444244,0.8996856,-0.436475754,0.0,0.0,0.0,0.0
86.74699,DATA,2,1,1,15,15,10.9281235,60.381897,-0.8846926,1.56831551,-8.472647,2.33529353,105.761589,-0.8616333,0.1336416,-0.01000005,-8.593738,97.63366,0.8989837,-0.4379406,0.0,0.0,0.0,0.0
86.80236,DATA,2,1,1,15,15,10.9834976,60.43727,-0.872111,1.56835365,-8.392899,2.31245947,110.24247,-0.8604431,0.1336416,-0.01000005,-8.593738,102.148125,0.898373365,-0.439191818,0.0,0.0,0.0,0.0
86.85865,DATA,2,1,1,15,15,11.0397873,60.49356,-0.853011131,1.56833386,-8.313505,2.30837941,114.756035,-0.85546875,0.1336416,-0.01000005,-8.593738,106.704826,0.895596147,-0.4448378,0.0,0.0,0.0,0.0
86.91314,DATA,2,1,1,15,15,11.0942764,60.54805,-0.8282771,1.56843829,-8.237643,2.30386186,119.120277,-0.8421631,0.1336416,-0.01000005,-8.593738,111.155304,0.895596147,-0.4448378,0.0,0.0,0.0,0.0
86.96895,DATA,2,1,1,15,15,11.1500854,60.60386,-0.7973332,1.56848621,-8.163142,2.27586484,123.588028,-0.8281555,0.1336416,-0.01000005,-8.593738,115.651329,0.895596147,-0.4448378,0.0,0.0,0.0,0.0
87.02504,DATA,2,1,1,15,15,11.2061768,60.65995,-0.761071,1.56851172,-8.092192,2.23777533,128.070389,-0.78793335,0.1336416,-0.01000005,-8.593738,120.08873,0.895596147,-0.4448378,0.0,0.0,0.0,0.0
87.08042,DATA,2,1,1,15,15,11.2615585,60.715332,-0.7186065,1.56855345,-8.023161,2.25422573,132.520355,-0.828887939,0.1336416,-0.01000005,-8.593738,124.606735,0.894070268,-0.4478897,0.0,0.0,0.0,0.0
87.13637,DATA,2,1,1,15,15,11.3175049,60.77128,-0.6715404,1.56852341,-7.958478,2.30927753,136.969986,-0.758392334,0.1336416,-0.01000005,-8.593738,129.06282,0.892056,-0.4518876,0.0,0.0,0.0,0.0
87.19091,DATA,2,1,1,15,15,11.3720474,60.82582,-0.6188087,1.56845164,-7.896859,2.34953,141.320572,-0.71987915,0.1336416,-0.01000005,-8.593738,133.584244,0.89077425,-0.454359531,0.0,0.0,0.0,0.0
87.24632,DATA,2,1,1,15,15,11.42746,60.8812332,-0.563948154,1.5683589,-7.841978,2.34974527,145.69397,-0.6705322,0.1336416,-0.01000005,-8.593738,137.9187,0.8890958,-0.457655549,0.0,0.0,0.0,0.0
87.30226,DATA,2,1,1,15,15,11.4833984,60.9371719,-0.503600538,1.56840587,-7.79021645,2.31299281,150.145142,-0.6970825,0.1336416,-0.01000005,-8.593738,142.361,0.8890958,-0.457655549,0.0,0.0,0.0,0.0
87.35807,DATA,2,1,1,15,15,11.5392075,60.99298,-0.438823342,1.5684762,-7.74285555,2.25953078,154.64064,-0.719848633,0.1336416,-0.01000005,-8.593738,146.84787,0.8890958,-0.457655549,0.0,0.0,0.0,0.0
87.41489,DATA,2,1,1,15,15,11.5960236,61.0497971,-0.3702736,1.56850886,-7.70049953,2.241914,159.185455,-0.7380066,0.1336416,-0.01000005,-8.593738,151.354355,0.8890958,-0.457655549,0.0,0.0,0.0,0.0
87.46951,DATA,2,1,1,15,15,11.65065,61.1044235,-0.300157666,1.56846547,-7.66442776,2.275525,163.548721,-0.765197754,0.1336416,-0.01000005,-8.593738,155.763641,0.8890958,-0.457655549,0.0,0.0,0.0,0.0
87.52472,DATA,2,1,1,15,15,11.7058563,61.15963,-0.228100121,1.56848049,-7.63402462,2.25729,167.936218,-0.809082031,0.1336416,-0.01000005,-8.593738,160.13501,0.888363242,-0.459059477,0.0,0.0,0.0,0.0
87.5813751,DATA,2,1,1,15,15,11.7625122,61.2162857,-0.151327208,1.56845975,-7.6085,2.25090837,172.484375,-0.813079834,0.1336416,-0.01000005,-8.593738,164.6638,0.888363242,-0.459059477,0.0,0.0,0.0,0.0
87.6366653,DATA,2,1,1,15,15,11.8178024,61.2715759,-0.073821,1.568459,-7.58932829,2.27233958,176.960724,-0.8675842,0.1336416,-0.01000005,-8.593738,169.132111,0.888363242,-0.459059477,0.0,0.0,0.0,0.0
87.6918,DATA,2,1,1,15,15,11.87294,61.3267136,0.004390847,1.56838775,-7.576307,2.307575,-178.602524,-0.8428345,0.1336416,-0.01000005,-8.593738,173.568863,0.888363242,-0.459059477,0.0,0.0,0.0,0.0
87.74793,DATA,2,1,1,15,15,11.9290695,61.382843,0.08396075,1.56846809,-7.56925964,2.3153367,-174.1694,-0.8528137,0.1336416,-0.01000005,-8.593738,178.037643,0.888363242,-0.459059477,0.0,0.0,0.0,0.0
87.80375,DATA,2,1,1,15,15,11.9848862,61.43866,0.162803948,1.56850243,-7.56836843,2.31333685,-169.7372,-0.8386841,0.1336416,-0.01000005,-8.593738,-177.559586,0.888363242,-0.459059477,0.0,0.0,0.0,0.0
87.857605,DATA,2,1,1,15,15,12.0387421,61.4925156,0.2418299,1.568583,-7.57366228,2.24570179,-165.3845,-0.871521,0.1336416,-0.01000005,-8.593738,-173.134827,0.888363242,-0.459059477,0.0,0.0,0.0,0.0
87.91464,DATA,2,1,1,15,15,12.0957794,61.5495529,0.32069087,1.568681,-7.58499241,2.18642282,-160.81543,-0.8838501,0.1336416,-0.01000005,-8.593738,-168.686646,0.8889127,-0.457991242,0.0,0.0,0.0,0.0
87.9687653,DATA,2,1,1,15,15,12.1499023,61.6036758,0.3970258,1.56878829,-7.60207462,2.119993,-156.462158,-0.887420654,0.1336416,-0.01000005,-8.593738,-164.312012,0.8889127,-0.457991242,0.0,0.0,0.0,0.0
88.0239258,DATA,2,1,1,15,15,12.2050629,61.6588364,0.4718608,1.568821,-7.624916,2.10513544,-152.104736,-0.885009766,0.1336416,-0.01000005,-8.593738,-159.94722,0.8889127,-0.457991242,0.0,0.0,0.0,0.0
88.07933,DATA,2,1,1,15,15,12.2604675,61.71424,0.546716452,1.56894326,-7.65433,2.05102277,-147.698532,-0.8774414,0.1336416,-0.01000005,-8.593738,-155.462189,0.8889127,-0.457991242,0.0,0.0,0.0,0.0
88.13457,DATA,2,1,1,15,15,12.3157043,61.7694778,0.618080556,1.56904221,-7.6889925,2.02651834,-143.28273,-0.8808594,0.1336416,-0.01000005,-8.593738,-151.0377,0.8889127,-0.457991242,0.0,0.0,0.0,0.0
88.19002,DATA,2,1,1,15,15,12.3711548,61.82493,0.6868476,1.56906843,-7.729315,2.00116348,-138.83345,-0.863830566,0.1336416,-0.01000005,-8.593738,-146.584274,0.8889127,-0.457991242,0.0,0.0,0.0,0.0
88.2459641,DATA,2,1,1,15,15,12.4271011,61.8808746,0.751761258,1.569016,-7.77434826,2.01043725,-134.33551,-0.908599854,0.1336416,-0.01000005,-8.593738,-142.164536,0.8889127,-0.457991242,0.0,0.0,0.0,0.0
88.30205,DATA,2,1,1,15,15,12.4831848,61.93696,0.812882,1.56894708,-7.824248,2.0314436,-129.85437,-0.9081421,0.1336416,-0.01000005,-8.593738,-137.7566,0.8951689,-0.445661783,0.0,0.0,0.0,0.0
88.35684,DATA,2,1,1,15,15,12.5379791,61.9917526,0.870905936,1.56903529,-7.87973356,2.04516459,-125.546326,-0.932403564,0.1336416,-0.01000005,-8.593738,-133.27063,0.849971056,-0.3548082,0.0,0.0,0.0,0.0
88.41249,DATA,2,1,1,15,15,12.5936279,62.0474,0.895126164,1.56907821,-7.905828,2.042594,-124.269379,-0.9202881,0.1336416,-0.01000005,-8.593738,-131.255417,0.0,0.0,0.0,0.0,0.0,0.0
88.46818,DATA,2,1,1,15,15,12.6493149,62.10309,0.8950071,1.569042,-7.905575,1.99880922,-124.210388,-0.9637146,0.1336416,-0.01000005,-8.593738,-131.255417,0.0,0.0,0.0,0.0,0.0,0.0
88.524086,DATA,2,1,1,15,15,12.7052231,62.1589966,0.894962549,1.56906343,-7.905452,1.99498177,-124.165024,-0.99887085,0.1336416,-0.01000005,-8.593738,-131.255417,0.0,0.0,0.0,0.0,0.0,0.0
88.57969,DATA,2,1,1,15,15,12.7608261,62.2146,0.8632424,1.56903136,-7.933211,1.99734926,-124.172943,-1.0177002,0.102010444,-0.01000011,-8.621483,-131.255417,0.0,0.0,1.0,0.0,0.0,0.0
88.63558,DATA,2,1,1,15,15,12.8167191,62.2704926,0.7371269,1.569082,-8.043959,1.97870481,-124.240326,-1.00756836,-0.02416179,-0.01000005,-8.732154,-131.255417,0.0,0.0,1.0,0.0,0.0,0.0
88.69136,DATA,2,1,1,15,15,12.8724976,62.32627,0.6108714,1.56899989,-8.154755,1.99203753,-124.295731,-0.9824524,-0.150417075,-0.01000011,-8.842898,-131.255417,0.0,0.0,0.0,0.0,0.0,0.0
88.7462158,DATA,2,1,1,15,15,12.9273529,62.3811264,0.61084193,1.56892514,-8.154825,2.01591969,-124.305176,-0.937774658,-0.150417075,-0.01000011,-8.842898,-131.255417,0.0,0.0,0.0,0.0,0.0,0.0
88.80219,DATA,2,1,1,15,15,12.98333,62.4371033,0.6107759,1.56889617,-8.154961,2.058591,-124.303894,-1.01342773,-0.150417075,-0.01000011,-8.842898,-131.255417,0.0,0.0,0.0,0.0,0.0,0.0
88.85739,DATA,2,1,1,15,15,13.0385284,62.4923019,0.6443782,1.56891811,-8.193992,2.07067966,-120.666306,-0.9930725,-0.150417075,-0.01000011,-8.842898,-128.4086,0.7938169,-0.608081341,0.0,0.0,0.0,0.0
88.91321,DATA,2,1,1,15,15,13.0943451,62.54812,0.6868528,1.5689348,-8.249984,2.056767,-116.871872,-0.958770752,-0.150417075,-0.01000011,-8.842898,-124.495026,0.7529527,-0.658040047,0.0,0.0,0.0,0.0
88.96875,DATA,2,1,1,15,15,13.1498871,62.60366,0.723724365,1.56891572,-8.305876,2.10006785,-113.150436,-0.8869324,-0.150417075,-0.01000011,-8.842898,-120.762405,0.751976132,-0.6591388,0.0,0.0,0.0,0.0
89.02453,DATA,2,1,1,15,15,13.2056656,62.65944,0.7570416,1.56871927,-8.36437,2.2487874,-109.426773,-0.869384766,-0.150417075,-0.01000011,-8.842898,-117.009583,0.751976132,-0.6591388,0.0,0.0,0.0,0.0
89.07933,DATA,2,1,1,15,15,13.2604675,62.71424,0.7863662,1.56853485,-8.42495251,2.33275,-105.818665,-0.831512451,-0.150417075,-0.01000011,-8.842898,-113.260956,0.751976132,-0.6591388,0.0,0.0,0.0,0.0
89.13516,DATA,2,1,1,15,15,13.3162994,62.7700729,0.811834335,1.568541,-8.487872,2.33844018,-102.17926,-0.8635864,-0.150417075,-0.01000011,-8.842898,-109.477158,0.751976132,-0.6591388,0.0,0.0,0.0,0.0
89.19014,DATA,2,1,1,15,15,13.3712769,62.82505,0.832866132,1.5685544,-8.551473,2.339617,-98.5091553,-0.8725586,-0.150417075,-0.01000011,-8.842898,-105.729507,0.7471541,-0.664571047,0.0,0.0,0.0,0.0
89.24577,DATA,2,1,1,15,15,13.42691,62.8806839,0.8491456,1.56852794,-8.613959,2.35955286,-94.83746,-0.890380859,-0.150417075,-0.01000011,-8.842898,-102.12027,0.7151097,-0.698995948,0.0,0.0,0.0,0.0
89.30123,DATA,2,1,1,15,15,13.4823685,62.936142,0.8619031,1.56836081,-8.680499,2.41021585,-91.0722656,-0.911438,-0.150417075,-0.01000011,-8.842898,-98.32797,0.8581195,-0.366039038,0.0,0.0,0.0,0.0
89.35668,DATA,2,1,1,15,15,13.5378189,62.9915924,0.864476264,1.56830156,-8.69903,2.42379832,-90.68988,-0.8585205,-0.150417075,-0.01000011,-8.842898,-97.25952,0.0,0.0,0.0,0.0,0.0,0.0
89.4125061,DATA,2,1,1,15,15,13.5936432,63.0474167,0.86442256,1.56832314,-8.698939,2.39606118,-90.68884,-0.8892517,-0.150417075,-0.01000011,-8.842898,-97.25952,0.0,0.0,0.0,0.0,0.0,0.0
89.46785,DATA,2,1,1,15,15,13.6489868,63.10276,0.864511251,1.568173,-8.698984,2.478996,-90.7821655,-0.88949585,-0.150417075,-0.01000011,-8.842898,-97.25952,0.0,0.0,0.0,0.0,0.0,0.0
89.52322,DATA,2,1,1,15,15,13.7043533,63.1581268,0.8610423,1.568223,-8.677503,2.44941568,-92.85684,-0.887908936,-0.150417075,-0.01000011,-8.842898,-98.4588,-0.99560535,0.09353924,0.0,0.0,0.0,0.0
89.579895,DATA,2,1,1,15,15,13.7610321,63.2148056,0.84271574,1.5683347,-8.589661,2.43100882,-97.8994141,-0.8856201,-0.150417075,-0.01000011,-8.842898,-103.472412,-0.9864803,0.163792849,0.0,0.0,0.0,0.0
89.63399,DATA,2,1,1,15,15,13.8151245,63.268898,0.8175584,1.56837273,-8.505804,2.4274857,-102.663055,-0.931365967,-0.150417075,-0.01000011,-8.842898,-108.362152,-0.9858394,0.167577147,0.0,0.0,0.0,0.0
89.69054,DATA,2,1,1,15,15,13.8716736,63.3254471,0.784534037,1.56841242,-8.422588,2.44468236,-107.613495,-0.9769287,-0.150417075,-0.01000011,-8.842898,-113.361725,-0.9858394,0.167577147,0.0,0.0,0.0,0.0
89.74605,DATA,2,1,1,15,15,13.9271851,63.38096,0.7452482,1.5683614,-8.344385,2.47287035,-112.514069,-0.9742737,-0.150417075,-0.01000011,-8.842898,-118.254288,-0.9858394,0.167577147,0.0,0.0,0.0,0.0
89.8016,DATA,2,1,1,15,15,13.9827347,63.43651,0.699091256,1.56830239,-8.269377,2.508466,-117.534988,-0.952331543,-0.150417075,-0.01000011,-8.842898,-123.180344,-0.9858394,0.167577147,0.0,0.0,0.0,0.0
89.85686,DATA,2,1,1,15,15,14.0379944,63.4917679,0.6468468,1.56828177,-8.198997,2.53457212,-122.5177,-0.9631958,-0.150417075,-0.01000011,-8.842898,-128.088318,-0.9858394,0.167577147,0.0,0.0,0.0,0.0
89.91305,DATA,2,1,1,15,15,14.0941849,63.54796,0.5875062,1.5681088,-8.132036,2.55906153,-127.544769,-0.9206238,-0.150417075,-0.01000011,-8.842898,-133.086868,-0.9858394,0.167577147,0.0,0.0,0.0,0.0
89.968,DATA,2,1,1,15,15,14.1491394,63.6029129,0.5240758,1.56800783,-8.072002,2.63746667,-132.4306,-0.9939575,-0.150417075,-0.01000011,-8.842898,-137.970612,-0.9856258,0.168736815,0.0,0.0,0.0,0.0
90.0240555,DATA,2,1,1,15,15,14.2051926,63.6589661,0.4554836,1.56782544,-8.017387,2.77497482,-137.396423,-0.983917236,-0.150417075,-0.01000011,-8.842898,-142.884689,-0.985259533,0.1708731,0.0,0.0,0.0,0.0
90.08023,DATA,2,1,1,15,15,14.2613678,63.71514,0.3818538,1.56765592,-7.968522,2.86258459,-142.474533,-0.9468689,-0.150417075,-0.01000011,-8.842898,-147.836136,-0.982940137,0.183874011,0.0,0.0,0.0,0.0
90.1349258,DATA,2,1,1,15,15,14.3160629,63.7698364,0.285574615,1.56742978,-7.963082,2.95907664,-147.426636,-0.8800354,-0.170197442,-0.01000005,-8.879338,-152.728531,-0.9824824,0.186223924,1.0,0.0,0.0,0.0
90.19216,DATA,2,1,1,15,15,14.3732986,63.8270721,0.1296185,1.56737721,-8.082042,2.96505737,-152.5673,-0.833099365,-0.243770674,-0.01000011,-9.034456,-157.77562,-0.974181354,0.225775957,1.0,0.0,0.0,0.0
90.2466049,DATA,2,1,1,15,15,14.427742,63.8815155,-0.006551566,1.56729984,-8.20654,3.02647328,-157.41449,-0.829223633,-0.3003172,-0.01000005,-9.186084,-162.499557,-0.972045064,0.2346263,1.0,0.0,0.0,0.0
90.30264,DATA,2,1,1,15,15,14.48378,63.9375534,-0.137198329,1.56711018,-8.347946,3.133757,-162.404877,-0.790008545,-0.3458894,-0.01000011,-9.348721,-167.4244,-0.9711295,0.238471627,1.0,0.0,0.0,0.0
90.3574753,DATA,2,1,1,15,15,14.5386124,63.9923859,-0.252848178,1.566906,-8.496921,3.20408678,-167.292755,-0.771270752,-0.376815677,-0.0100001693,-9.511333,-172.2482,-0.9713736,0.237464547,1.0,0.0,0.0,0.0
90.41388,DATA,2,1,1,15,15,14.5950165,64.04879,-0.3574824,1.5667417,-8.658294,3.26777887,-172.302322,-0.7210388,-0.394190252,-0.01000011,-9.679282,-177.170349,-0.971678853,0.236243784,1.0,0.0,0.0,0.0
90.4684,DATA,2,1,1,15,15,14.6495361,64.10331,-0.445686519,1.56668067,-8.823663,3.28577566,-177.214722,-0.6424866,-0.397147924,-0.01000005,-9.843849,178.027313,-0.9742424,0.2254402,1.0,0.0,0.0,0.0
90.52448,DATA,2,1,1,15,15,14.70562,64.15939,-0.521360338,1.56676018,-8.998538,3.35092187,177.738708,-0.625274658,-0.3860354,-0.01000011,-10.01077,173.112335,-0.98818934,0.153080821,1.0,0.0,0.0,0.0
90.58044,DATA,2,1,1,15,15,14.7615738,64.21535,-0.582611561,1.56670952,-9.178317,3.341566,172.62532,-0.5895386,-0.36077252,-0.01000005,-10.1751,168.158813,-0.997009158,0.07693714,1.0,0.0,0.0,0.0
90.63572,DATA,2,1,1,15,15,14.8168564,64.27063,-0.628427267,1.56678092,-9.361843,3.31269932,167.53476,-0.5527954,-0.321561724,-0.00999999,-10.33596,163.199158,-0.9994507,0.03292948,1.0,0.0,0.0,0.0
90.69078,DATA,2,1,1,15,15,14.8719177,64.32569,-0.6739583,1.56695414,-9.51516151,3.245795,162.427322,-0.495239258,-0.281590551,-0.01000005,-10.4583473,158.077484,-0.9998474,0.0183110833,0.0,0.0,0.0,0.0
90.7461,DATA,2,1,1,15,15,14.9272385,64.38101,-0.7518403,1.56712341,-9.551225,3.14135051,157.470947,-0.450927734,-0.281590551,-0.01000005,-10.4583473,153.254929,-0.9999695,-0.00512707233,0.0,0.0,0.0,0.0
90.8071,DATA,2,1,1,15,15,14.9882355,64.44201,-0.8299192,1.56720781,-9.595916,3.094773,152.157333,-0.410461426,-0.281590551,-0.01000005,-10.4583473,148.212952,-0.9994812,-0.03128147,0.0,0.0,0.0,0.0
90.8574,DATA,2,1,1,15,15,15.0385361,64.49231,-0.903499365,1.56712389,-9.646819,3.08487463,147.430069,-0.387878418,-0.281590551,-0.01000005,-10.4583473,143.18544,-0.999359131,-0.0349742174,0.0,0.0,0.0,0.0
90.91259,DATA,2,1,1,15,15,15.0937271,64.5475,-0.9718538,1.56715131,-9.703852,3.07801,142.37709,-0.369873047,-0.281590551,-0.01000005,-10.4583473,138.191528,-0.9992981,-0.0360118151,0.0,0.0,0.0,0.0
90.968,DATA,2,1,1,15,15,15.1491394,64.60291,-1.03472781,1.56727076,-9.766484,3.03102088,137.3277,-0.360168457,-0.281590551,-0.01000005,-10.4583473,133.2185,-0.9992981,-0.0370494127,0.0,0.0,0.0,0.0
91.02461,DATA,2,1,1,15,15,15.2057495,64.65952,-1.09195173,1.5673511,-9.83455849,3.02919126,132.220718,-0.41116333,-0.281590551,-0.01000005,-10.4583473,128.2418,-0.9996338,-0.026581645,0.0,0.0,0.0,0.0
91.0797,DATA,2,1,1,15,15,15.2608337,64.71461,-1.10680127,1.567194,-9.932301,3.12806273,127.228821,-0.4243164,-0.2453779,-0.01000005,-10.4833155,123.266953,-0.998779237,0.0487380624,1.0,0.0,0.0,0.0
91.135025,DATA,2,1,1,15,15,15.3161621,64.7699356,-1.00794721,1.56695271,-10.0982237,3.21296263,122.252632,-0.4373169,-0.1013463,-0.01000005,-10.5711355,118.216011,-0.995452762,0.09491259,1.0,0.0,0.0,0.0
91.1907043,DATA,2,1,1,15,15,15.3718414,64.8256149,-0.8929308,1.56684828,-10.2569742,3.26831484,117.245308,-0.473358154,0.05217507,-0.00999999,-10.6470108,113.105949,-0.9939268,0.109744549,1.0,0.0,0.0,0.0
91.24592,DATA,2,1,1,15,15,15.4270554,64.88083,-0.7732662,1.56678247,-10.39523,3.29203582,112.402077,-0.5223999,0.201030418,-0.01000005,-10.7051134,108.340248,-0.9939268,0.109652996,1.0,0.0,0.0,0.0
91.3018646,DATA,2,1,1,15,15,15.4830017,64.9367752,-0.6368297,1.56678259,-10.5280447,3.29947543,107.406334,-0.557312,0.360480458,-0.00999999,-10.7522888,103.379745,-0.9943846,0.105746627,1.0,0.0,0.0,0.0
91.35751,DATA,2,1,1,15,15,15.5386505,64.992424,-0.4872745,1.56682038,-10.6502438,3.293155,102.387589,-0.597290039,0.5258583,-0.01000005,-10.7859106,98.3435059,-0.9943846,0.105624557,1.0,0.0,0.0,0.0
91.41237,DATA,2,1,1,15,15,15.5935059,65.04728,-0.329379976,1.56669164,-10.7575407,3.38591337,97.43634,-0.602020264,0.6915667,-0.01000011,-10.8047247,93.36694,-0.9943846,0.105624557,1.0,0.0,0.0,0.0
91.4680557,DATA,2,1,1,15,15,15.6491928,65.10297,-0.163664639,1.56644654,-10.8502884,3.44671845,92.45594,-0.6022644,0.8576779,-0.01000011,-10.8091,88.40841,-0.9943846,0.105624557,1.0,0.0,0.0,0.0
91.5241,DATA,2,1,1,15,15,15.7052383,65.15901,0.008994691,1.56644416,-10.9280729,3.44829488,87.42491,-0.5863342,1.02298474,-0.01000005,-10.7991533,83.4666748,-0.9943846,0.105624557,1.0,0.0,0.0,0.0
91.58007,DATA,2,1,1,15,15,15.7612076,65.21498,0.190051585,1.56662917,-10.9913826,3.39381266,82.3048553,-0.6081848,1.18900228,-0.01000005,-10.7746124,78.45821,-0.994659245,0.103091538,1.0,0.0,0.0,0.0
91.6355,DATA,2,1,1,15,15,15.8166351,65.27041,0.374227971,1.5667212,-11.0382652,3.37320614,77.2780457,-0.5654907,1.35079288,-0.01000005,-10.7360687,73.49312,-0.994994938,0.09982604,1.0,0.0,0.0,0.0
91.69031,DATA,2,1,1,15,15,15.8714447,65.32522,0.565291464,1.56672573,-11.0696068,3.34089327,72.3004761,-0.5289612,1.51171029,-0.01000011,-10.6825228,68.42918,-0.9950865,0.09875792,1.0,0.0,0.0,0.0
91.74644,DATA,2,1,1,15,15,15.9275742,65.38135,0.7500153,1.56676459,-11.08385,3.33025146,67.39681,-0.530609131,1.6606065,-0.01000005,-10.6181326,63.58507,-0.9950865,0.09875792,1.0,0.0,0.0,0.0
91.80177,DATA,2,1,1,15,15,15.98291,65.43668,0.939216435,1.56693172,-11.0823965,3.24887371,62.5395622,-0.5213928,1.806502,-0.01000011,-10.53968,58.63846,-0.9950865,0.09875792,1.0,0.0,0.0,0.0
91.85758,DATA,2,1,1,15,15,16.03872,65.49249,1.13250518,1.56713426,-11.0640173,3.1626842,57.5579376,-0.5520325,1.94859171,-0.01000011,-10.446475,53.564003,-0.9950865,0.09875792,1.0,0.0,0.0,0.0
91.91304,DATA,2,1,1,15,15,16.0941772,65.54795,1.28674841,1.56728911,-11.0574646,3.09606767,52.6458969,-0.5953064,2.04620528,-0.01000011,-10.3711309,48.5850143,-0.9946287,0.103152573,0.0,0.0,0.0,0.0
91.967514,DATA,2,1,2,15,15,16.1486511,65.6024246,1.34837031,1.56732929,-11.1202593,3.12200975,47.853035,-0.649017334,2.04620528,-0.01000011,-10.3711309,43.673336,-0.993804753,0.110812724,0.0,0.0,0.0,0.0
92.02424,DATA,2,1,2,15,15,16.2053757,65.65915,1.37640381,1.567289,-11.145792,3.15734839,46.61259,-0.7175598,2.04620528,-0.01000011,-10.3711309,41.55423,0.0,0.0,0.0,0.0,0.0,0.0
92.0796,DATA,2,1,2,15,15,16.2607346,65.71451,1.37664258,1.56709421,-11.1461964,3.24502254,46.7533722,-0.801116943,2.04620528,-0.01000011,-10.3711309,41.55423,0.0,0.0,0.0,0.0,0.0,0.0
92.13542,DATA,2,1,2,15,15,16.3165588,65.77033,1.37702155,1.56712151,-11.1464491,3.23072672,46.87748,-0.8727112,2.04620528,-0.01000011,-10.3711309,41.55423,0.0,0.0,0.0,0.0,0.0,0.0
92.19035,DATA,2,1,2,15,15,16.37149,65.825264,1.37739289,1.56693065,-11.1467276,3.330131,47.0049324,-0.933563232,2.04620528,-0.01000011,-10.3711309,41.55423,0.0,0.0,0.0,0.0,0.0,0.0
92.24581,DATA,2,1,2,15,15,16.4269485,65.88072,1.35318565,1.56671238,-11.1254559,3.41139245,49.80222,-0.945892334,2.04620528,-0.01000011,-10.3711309,43.35269,0.766350269,-0.642353535,0.0,0.0,0.0,0.0
92.30195,DATA,2,1,2,15,15,16.4830856,65.93686,1.30417466,1.56670558,-11.0772066,3.43013954,53.7325668,-0.9716797,2.04620528,-0.01000011,-10.3711309,47.21168,0.7731559,-0.6341746,0.0,0.0,0.0,0.0
92.35728,DATA,2,1,2,15,15,16.538414,65.99219,1.25799954,1.5666548,-11.0252714,3.466207,57.6076126,-1.00488281,2.04620528,-0.01000011,-10.3711309,51.10731,0.782006264,-0.623249054,0.0,0.0,0.0,0.0
92.41223,DATA,2,1,2,15,15,16.5933685,66.04714,1.2145952,1.56669617,-10.9691734,3.42181468,61.47841,-1.04467773,2.04620528,-0.01000011,-10.3711309,55.07535,0.7975097,-0.6032593,0.0,0.0,0.0,0.0
92.46839,DATA,2,1,2,15,15,16.6495285,66.1033,1.210473,1.56668234,-10.8867588,3.41096067,65.46592,-1.08929443,2.08205938,-0.01000011,-10.3488092,59.1102333,0.8075503,-0.5897397,1.0,0.0,0.0,0.0
92.52387,DATA,2,1,2,15,15,16.70501,66.15878,1.31819415,1.56667757,-10.74185,3.427198,69.514,-1.07980347,2.22596741,-0.01000005,-10.2678061,63.21442,0.8569292,-0.5153966,1.0,0.0,0.0,0.0
92.57963,DATA,2,1,2,15,15,16.7607651,66.21454,1.43638813,1.56668878,-10.6001339,3.438793,73.75889,-1.04595947,2.37744546,-0.01000005,-10.1966543,67.57115,0.872035861,-0.489394784,1.0,0.0,0.0,0.0
92.6352,DATA,2,1,2,15,15,16.8163376,66.27011,1.56626272,1.56664729,-10.4660931,3.45516467,78.03342,-1.017456,2.53553653,-0.01000005,-10.1366949,71.99546,0.872035861,-0.489394784,1.0,0.0,0.0,0.0
92.69054,DATA,2,1,2,15,15,16.8716736,66.32545,1.70262647,1.56662118,-10.3452892,3.43005,82.2400055,-0.98916626,2.69385,-0.01000011,-10.0901413,76.31558,0.8735008,-0.486770272,1.0,0.0,0.0,0.0
92.74616,DATA,2,1,2,15,15,16.9273,66.38107,1.84698856,1.56667769,-10.2363605,3.454202,86.37934,-1.01885986,2.85424423,-0.01000011,-10.0558348,80.57611,0.779229045,-0.424543023,1.0,0.0,0.0,0.0
92.80195,DATA,2,1,2,15,15,16.9830856,66.43686,2.00580049,1.56666529,-10.1576328,3.49155641,88.67473,-1.02041626,3.021047,-0.01000011,-10.0322037,83.69301,0.0,0.0,1.0,0.0,0.0,0.0
92.8578,DATA,2,1,2,15,15,17.03894,66.4927139,2.17082548,1.56664634,-10.1392174,3.511917,88.62967,-1.0088501,3.18607187,-0.01000005,-10.0139637,83.69301,0.0,0.0,1.0,0.0,0.0,0.0
92.91265,DATA,2,1,2,15,15,17.0937881,66.54756,2.3376236,1.56668186,-10.1205912,3.467186,88.56505,-0.970367432,3.35291719,-0.0100001693,-9.995523,83.69301,0.0,0.0,1.0,0.0,0.0,0.0
92.96833,DATA,2,1,2,15,15,17.1494675,66.60324,2.50075769,1.56686664,-10.1024408,3.37774181,88.48981,-0.992218,3.51612329,-0.01000005,-9.977486,83.69301,0.0,0.0,1.0,0.0,0.0,0.0
93.02398,DATA,2,1,2,15,15,17.2051163,66.65889,2.6661973,1.5669632,-10.0839205,3.322346,88.41283,-1.00915527,3.68165255,-0.01000011,-9.95919,83.69301,0.0,0.0,1.0,0.0,0.0,0.0
93.07962,DATA,2,1,2,15,15,17.2607574,66.71453,2.83349323,1.56694818,-10.0653267,3.35653567,88.36318,-1.04052734,3.84904957,-0.01000011,-9.940689,83.69301,0.0,0.0,1.0,0.0,0.0,0.0
93.13535,DATA,2,1,2,15,15,17.31649,66.77026,3.00132155,1.566947,-10.0469074,3.35035586,88.32238,-1.0279541,4.016755,-0.01000005,-9.922153,83.69301,0.0,0.0,1.0,0.0,0.0,0.0
93.191185,DATA,2,1,2,15,15,17.3723221,66.8260956,3.167278,1.56700444,-10.0286684,3.34491348,88.29938,-1.03683472,4.18270063,-0.01000005,-9.903812,83.69301,0.0,0.0,1.0,0.0,0.0,0.0
93.2458,DATA,2,1,2,15,15,17.4269333,66.88071,3.33789,1.56705451,-10.0679531,3.32158446,84.10443,-1.07406616,4.343983,-0.01000011,-9.883684,80.35178,-0.9770806,-0.212774992,1.0,0.0,0.0,0.0
93.30165,DATA,2,1,2,15,15,17.4827881,66.93656,3.52080631,1.5670346,-10.1210842,3.3593204,79.17693,-1.12811279,4.5071,-0.01000011,-9.850527,75.4021149,-0.9998474,0.0153508186,1.0,0.0,0.0,0.0
93.35797,DATA,2,1,2,15,15,17.5391083,66.99288,3.711691,1.56681752,-10.1594992,3.4706552,74.14169,-1.17007446,4.669967,-0.01000005,-9.802257,70.305336,-0.9998169,0.01672417,1.0,0.0,0.0,0.0
93.41239,DATA,2,1,2,15,15,17.5935287,67.0473,3.89978862,1.566581,-10.18036,3.577997,69.24965,-1.17651367,4.82357836,-0.01000005,-9.741586,65.35003,-0.9998169,0.01672417,1.0,0.0,0.0,0.0
93.46805,DATA,2,1,2,15,15,17.6491852,67.10296,4.089732,1.56653869,-10.1848831,3.62324,64.29371,-1.12054443,4.97191143,-0.01000011,-9.667585,60.3764534,-0.9998169,0.01672417,1.0,0.0,0.0,0.0
93.52368,DATA,2,1,2,15,15,17.7048187,67.15859,4.28107834,1.566599,-10.17271,3.59332085,59.27383,-1.13763428,5.114544,-0.01000011,-9.580163,55.35708,-0.9998169,0.01672417,1.0,0.0,0.0,0.0
93.58017,DATA,2,1,2,15,15,17.7613068,67.21508,4.46836853,1.56664944,-10.1442108,3.55363226,54.24115,-1.12704468,5.247362,-0.01000005,-9.481882,50.3997078,-0.9998169,0.01672417,1.0,0.0,0.0,0.0
93.63519,DATA,2,1,2,15,15,17.81633,67.2701,4.65399075,1.56657577,-10.0991011,3.563193,49.2830772,-1.11859131,5.37230539,-0.01000005,-9.371443,45.3964,-0.9998169,0.01672417,1.0,0.0,0.0,0.0
93.69045,DATA,2,1,2,15,15,17.87159,67.32536,4.83632851,1.56647849,-10.0374174,3.61802554,44.2732849,-1.11624146,5.48792934,-0.01000005,-9.24963,40.35727,-0.9998169,0.01672417,1.0,0.0,0.0,0.0
93.74625,DATA,2,1,2,15,15,17.9273834,67.38116,5.009941,1.56639814,-9.961142,3.620647,39.2919846,-1.10379028,5.590881,-0.01000005,-9.120188,35.39498,-0.9998169,0.01672417,1.0,0.0,0.0,0.0
93.80153,DATA,2,1,2,15,15,17.982666,67.43644,5.17645931,1.56636751,-9.870069,3.60918427,34.34424,-1.05578613,5.682359,-0.01000011,-8.982151,30.42646,-0.9998169,0.01672417,1.0,0.0,0.0,0.0
93.85746,DATA,2,1,2,15,15,18.0385971,67.49237,5.3387804,1.56643653,-9.761757,3.650373,29.2918129,-1.11270142,5.763683,-0.01000005,-8.832447,25.3147812,-0.9998169,0.01672417,1.0,0.0,0.0,0.0
93.91215,DATA,2,1,2,15,15,18.0932846,67.54706,5.48582125,1.5663662,-9.643845,3.69263,24.39713,-1.065094,5.8291955,-0.01000005,-8.681518,20.3782349,-0.9998169,0.01672417,1.0,0.0,0.0,0.0
93.9674,DATA,2,1,2,15,15,18.1485367,67.60231,5.62309265,1.56627059,-9.512836,3.69821787,19.4198627,-1.04562378,5.881813,-0.01000005,-8.524392,15.4065723,-0.9998474,0.0155644417,1.0,0.0,0.0,0.0
94.02384,DATA,2,1,2,15,15,18.2049789,67.65875,5.75029,1.56627691,-9.368373,3.67518044,14.3462934,-1.0512085,5.92110348,-0.00999999,-8.360954,10.3627081,-0.999938965,0.008209467,1.0,0.0,0.0,0.0
94.0794754,DATA,2,1,2,15,15,18.2606125,67.714386,5.85629129,1.56639838,-9.21602,3.60863066,10.5636177,-1.06442261,5.945508,-0.01000005,-8.197784,5.733523,0.0,0.0,1.0,0.0,0.0,0.0
94.13515,DATA,2,1,2,15,15,18.3162842,67.77006,5.87325525,1.56652081,-9.048536,3.53583241,10.6003819,-1.06030273,5.9623456,-0.01000011,-8.030086,5.733523,0.0,0.0,1.0,0.0,0.0,0.0
94.1896,DATA,2,1,2,15,15,18.3707352,67.82451,5.88977337,1.566591,-8.885399,3.49458313,10.642128,-1.06900024,5.978738,-0.01000005,-7.866821,5.733523,0.0,0.0,1.0,0.0,0.0,0.0
94.24598,DATA,2,1,2,15,15,18.4271164,67.88089,5.906413,1.56668329,-8.72071,3.49337149,10.655715,-1.07727051,5.99528742,-0.01000005,-7.701995,5.733523,0.0,0.0,1.0,0.0,0.0,0.0
94.30155,DATA,2,1,2,15,15,18.4826889,67.93646,5.92318964,1.56675422,-8.554542,3.47072983,10.645381,-1.10906982,6.01197958,-0.01000011,-7.535742,5.733523,0.0,0.0,1.0,0.0,0.0,0.0
94.35668,DATA,2,1,2,15,15,18.5378189,67.99159,5.940081,1.566804,-8.386668,3.42786384,10.67342,-1.139679,6.02885246,-0.01000011,-7.36769247,5.733523,0.0,0.0,1.0,0.0,0.0,0.0
94.41164,DATA,2,1,2,15,15,18.5927734,68.04655,5.95694637,1.56692529,-8.220025,3.362567,10.7045679,-1.1557312,6.045588,-0.01000005,-7.20101261,5.733523,0.0,0.0,1.0,0.0,0.0,0.0
94.4678345,DATA,2,1,2,15,15,18.6489716,68.1027451,5.97332,1.567006,-8.056985,3.35751629,10.7245722,-1.20114136,6.061969,-0.01000011,-7.03786325,5.733523,0.0,0.0,1.0,0.0,0.0,0.0
94.52346,DATA,2,1,2,15,15,18.7045975,68.15837,5.989835,1.567007,-7.89242363,3.35479569,10.7186317,-1.19644165,6.07849836,-0.01000011,-6.87323332,5.733523,0.0,0.0,1.0,0.0,0.0,0.0
94.57949,DATA,2,1,2,15,15,18.7606277,68.2144,6.00679636,1.56698847,-7.723464,3.36628246,10.6719828,-1.197815,6.09547853,-0.01000005,-6.70411444,5.733523,0.0,0.0,1.0,0.0,0.0,0.0
94.63478,DATA,2,1,2,15,15,18.815918,68.26969,6.023408,1.56706333,-7.558037,3.344692,10.6659546,-1.15438843,6.11210251,-0.01000005,-6.538544,5.733523,0.0,0.0,1.0,0.0,0.0,0.0
94.68989,DATA,2,1,2,15,15,18.8710251,68.3248,6.039979,1.56713271,-7.39212275,3.27207,10.6699982,-1.18270874,6.12876654,-0.0100001693,-6.372577,5.733523,0.0,0.0,1.0,0.0,0.0,0.0
94.74547,DATA,2,1,2,15,15,18.9266052,68.38038,6.056201,1.56716347,-7.23026037,3.264532,10.69493,-1.20751953,6.145024,-0.01000005,-6.21066,5.733523,0.0,0.0,1.0,0.0,0.0,0.0
94.80114,DATA,2,1,2,15,15,18.9822769,68.43605,6.073175,1.56711388,-7.061442,3.28099,10.6829014,-1.21878052,6.161974,-0.01000005,-6.041838,5.733523,0.0,0.0,1.0,0.0,0.0,0.0
94.85704,DATA,2,1,2,15,15,19.0381775,68.49195,6.089871,1.56702948,-6.89480162,3.35518217,10.6400785,-1.193573,6.178701,-0.01000005,-5.87524128,5.733523,0.0,0.0,1.0,0.0,0.0,0.0
94.91211,DATA,2,1,2,15,15,19.0932465,68.54702,6.10636,1.56706178,-6.729235,3.34537721,10.5658731,-1.19284058,6.19531536,-0.01000011,-5.70976543,5.733523,0.0,0.0,1.0,0.0,0.0,0.0
94.96702,DATA,2,1,2,15,15,19.1481552,68.60193,6.122759,1.56704021,-6.56418371,3.355517,10.543643,-1.18167114,6.211878,-0.01000005,-5.54480934,5.733523,0.0,0.0,1.0,0.0,0.0,0.0
95.02322,DATA,2,1,2,15,15,19.2043533,68.65813,6.13921738,1.56709909,-6.399777,3.32386565,10.5284147,-1.16867065,6.22837448,-0.0100001693,-5.380507,5.733523,0.0,0.0,1.0,0.0,0.0,0.0
95.07902,DATA,2,1,2,15,15,19.2601547,68.71393,6.156101,1.56697118,-6.23151731,3.37376976,10.5243244,-1.17724609,6.24526024,-0.00999999,-5.212329,5.733523,0.0,0.0,1.0,0.0,0.0,0.0
95.13408,DATA,2,1,2,15,15,19.3152161,68.76899,6.172587,1.56688666,-6.066748,3.404788,10.5300541,-1.15582275,6.261808,-0.01000011,-5.04751825,5.733523,0.0,0.0,1.0,0.0,0.0,0.0
95.18998,DATA,2,1,2,15,15,19.3711166,68.82489,6.189128,1.56681252,-5.90153551,3.4137907,10.489109,-1.12533569,6.278412,-0.01000011,-4.8821497,5.733523,0.0,0.0,1.0,0.0,0.0,0.0
95.2463455,DATA,2,1,2,15,15,19.4274826,68.8812561,6.216854,1.56681752,-5.734846,3.41610646,9.332382,-1.104126,6.295234,-0.01000005,-4.71460247,5.12741041,-0.555772543,-0.112796426,1.0,0.0,0.0,0.0
95.30115,DATA,2,1,2,15,15,19.4822845,68.93606,6.28315926,1.56698346,-5.57529,3.343419,6.000524,-1.10641479,6.30672264,-0.01000005,-4.552341,2.051692,-0.786553562,-0.162968874,1.0,0.0,0.0,0.0
95.35722,DATA,2,1,2,15,15,19.53836,68.9921341,6.3619957,1.56699383,-5.4043355,3.33680344,1.60247517,-1.12124634,6.30818033,-0.01000011,-4.382594,-2.27856445,-0.9049348,-0.186346054,1.0,0.0,0.0,0.0
95.4114761,DATA,2,1,2,15,15,19.5926132,69.04639,6.4307785,1.56687427,-5.231015,3.36882424,-2.82492065,-1.13305664,6.29666567,-0.0100001693,-4.216734,-6.793762,-0.8977325,-0.183294177,1.0,0.0,0.0,0.0
95.46699,DATA,2,1,3,15,15,19.6481247,69.1019,6.47560644,1.56676638,-5.05506659,3.422862,-6.036499,-1.14434814,6.2723546,-0.01000011,-4.052331,-10.7338562,0.0,0.0,1.0,0.0,0.0,0.0
95.52335,DATA,2,1,3,15,15,19.70449,69.1582642,6.444413,1.56671667,-4.8905344,3.43646288,-6.045685,-1.14984131,6.241182,-0.01000005,-3.88788772,-10.7338562,0.0,0.0,1.0,0.0,0.0,0.0
95.57958,DATA,2,1,3,15,15,19.76072,69.21449,6.413074,1.56669044,-4.725153,3.441263,-6.03027344,-1.1421814,6.20985031,-0.01000005,-3.72260571,-10.7338562,0.0,0.0,1.0,0.0,0.0,0.0
95.63398,DATA,2,1,3,15,15,19.8151169,69.26889,6.38193941,1.56668258,-4.560307,3.463681,-6.00479126,-1.17907715,6.1786437,-0.01000005,-3.557981,-10.7338562,0.0,0.0,1.0,0.0,0.0,0.0
95.68988,DATA,2,1,3,15,15,19.8710175,69.32479,6.35140562,1.5665493,-4.39863157,3.552618,-6.011902,-1.15942383,6.14801359,-0.01000005,-3.396399,-10.7338562,0.0,0.0,1.0,0.0,0.0,0.0
95.74561,DATA,2,1,3,15,15,19.92675,69.38052,6.32051373,1.5664413,-4.235482,3.60485172,-6.060608,-1.174469,6.117097,-0.01000005,-3.23330474,-10.7338562,0.0,0.0,1.0,0.0,0.0,0.0
95.80103,DATA,2,1,3,15,15,19.98217,69.43594,6.289738,1.56651592,-4.07327747,3.61251354,-6.070526,-1.14224243,6.08634663,-0.00999999,-3.071089,-10.7338562,0.0,0.0,1.0,0.0,0.0,0.0
95.855835,DATA,2,1,3,15,15,20.036972,69.4907455,6.25863361,1.56661367,-3.90944028,3.559719,-6.10461426,-1.150116,6.05527544,-0.01000005,-2.907181,-10.7338562,0.0,0.0,1.0,0.0,0.0,0.0
95.9124,DATA,2,1,3,15,15,20.0935364,69.54731,6.22697973,1.56669176,-3.743031,3.50820136,-6.122284,-1.1239624,6.02369165,-0.00999999,-2.74056721,-10.7338562,0.0,0.0,1.0,0.0,0.0,0.0
95.9672,DATA,2,1,3,15,15,20.1483383,69.60211,6.196076,1.56672478,-3.58035469,3.464616,-6.11837769,-1.10092163,5.992842,-0.00999999,-2.5778296,-10.7338562,0.0,0.0,1.0,0.0,0.0,0.0
96.02315,DATA,2,1,3,15,15,20.2042847,69.65806,6.165436,1.5666635,-3.419395,3.50289822,-6.14596558,-1.09295654,5.962321,-0.00999999,-2.41681981,-10.7338562,0.0,0.0,1.0,0.0,0.0,0.0
96.07946,DATA,2,1,3,15,15,20.2605972,69.71437,6.164072,1.566654,-3.24688888,3.49271941,-8.817383,-1.08972168,5.93039846,-0.01000005,-2.25121832,-12.4756165,-0.969512,-0.24497211,1.0,0.0,0.0,0.0
96.13416,DATA,2,1,3,15,15,20.3153,69.76907,6.206514,1.56661224,-3.05989742,3.46976376,-13.6445618,-1.09332275,5.88870573,-0.00999999,-2.08782816,-17.3815918,-0.969512,-0.24497211,1.0,0.0,0.0,0.0
96.18939,DATA,2,1,3,15,15,20.37053,69.8243,6.23258924,1.56659377,-2.873039,3.47042584,-18.45343,-1.1206665,5.83422136,-0.00999999,-1.93127656,-22.2041321,-0.969512,-0.24497211,1.0,0.0,0.0,0.0
96.24545,DATA,2,1,3,15,15,20.42659,69.88036,6.23719358,1.56657732,-2.68934035,3.53321576,-22.0331726,-1.14044189,5.7673707,-0.00999999,-1.7810998,-26.63974,0.0,0.0,1.0,0.0,0.0,0.0
96.30083,DATA,2,1,3,15,15,20.4819641,69.93574,6.16257143,1.5664866,-2.5403533,3.59131217,-22.0068665,-1.160553,5.692697,-0.01000005,-1.63223767,-26.63974,0.0,0.0,1.0,0.0,0.0,0.0
96.3565445,DATA,2,1,3,15,15,20.5376816,69.9914551,6.086961,1.56646633,-2.38929582,3.61330128,-21.9788513,-1.17510986,5.61694336,-0.01000005,-1.48122311,-26.63974,0.0,0.0,1.0,0.0,0.0,0.0
96.41235,DATA,2,1,3,15,15,20.59349,70.0472641,6.01204348,1.566595,-2.23947334,3.56171751,-21.9460449,-1.1980896,5.54178,-0.01000011,-1.3313849,-26.63974,0.0,0.0,1.0,0.0,0.0,0.0
96.4680557,DATA,2,1,3,15,15,20.6491928,70.10297,5.938217,1.56676316,-2.091793,3.47910213,-21.8946533,-1.23745728,5.467686,-0.00999999,-1.18367839,-26.63974,0.0,0.0,1.0,0.0,0.0,0.0
96.52316,DATA,2,1,3,15,15,20.7043,70.15807,5.86354446,1.56693959,-1.94258428,3.40506029,-21.8077087,-1.28753662,5.39277172,-0.01000005,-1.034337,-26.63974,0.0,0.0,1.0,0.0,0.0,0.0
96.57928,DATA,2,1,3,15,15,20.7604141,70.21419,5.78876925,1.56705427,-1.79307568,3.3511548,-21.7611389,-1.32833862,5.31769753,-0.01000005,-0.8846758,-26.63974,0.0,0.0,1.0,0.0,0.0,0.0
96.6345139,DATA,2,1,3,15,15,20.81565,70.2694244,5.714304,1.56720614,-1.64417958,3.242519,-21.7455444,-1.37539673,5.242872,-0.00999999,-0.7355122,-26.63974,0.0,0.0,1.0,0.0,0.0,0.0
96.68987,DATA,2,1,3,15,15,20.87101,70.32478,5.640496,1.567366,-1.49682665,3.170926,-21.7066345,-1.37643433,5.16884756,-0.00999999,-0.5879436,-26.63974,0.0,0.0,1.0,0.0,0.0,0.0
96.74543,DATA,2,1,3,15,15,20.9265671,70.38034,5.56551075,1.56747746,-1.34718752,3.10819983,-21.6976013,-1.33712769,5.09368944,-0.01000011,-0.438115776,-26.63974,0.0,0.0,1.0,0.0,0.0,0.0
96.80124,DATA,2,1,3,15,15,20.9823761,70.43615,5.491212,1.5675776,-1.19903827,3.08909178,-21.6994324,-1.39697266,5.01931953,-0.00999999,-0.289859653,-26.63974,0.0,0.0,1.0,0.0,0.0,0.0
96.85557,DATA,2,1,3,15,15,21.036705,70.49048,5.41697073,1.56743026,-1.051033,3.11910272,-21.6884766,-1.38208008,4.94505358,-0.01000005,-0.14181079,-26.63974,0.0,0.0,1.0,0.0,0.0,0.0
96.9120255,DATA,2,1,3,15,15,21.0931625,70.546936,5.341687,1.56741226,-0.900999069,3.11791134,-21.6960144,-1.35812378,4.869783,-0.01000011,0.008241802,-26.63974,0.0,0.0,1.0,0.0,0.0,0.0
96.96697,DATA,2,1,3,15,15,21.14811,70.60188,5.267358,1.5674293,-0.7530209,3.15323186,-21.7062378,-1.32266235,4.795496,-0.01000005,0.156332687,-26.63974,0.0,0.0,1.0,0.0,0.0,0.0
97.02338,DATA,2,1,3,15,15,21.2045135,70.65829,5.192981,1.5675112,-0.6048893,3.111303,-21.7073669,-1.32724,4.72118473,-0.01000011,0.304472029,-26.63974,0.0,0.0,1.0,0.0,0.0,0.0
97.07921,DATA,2,1,3,15,15,21.2603455,70.71412,5.116823,1.56749773,-0.453143865,3.114462,-21.6989441,-1.30163574,4.64508963,-0.0100001693,0.4561675,-26.63974,0.0,0.0,1.0,0.0,0.0,0.0
97.13484,DATA,2,1,3,15,15,21.315979,70.76975,5.04186,1.56739867,-0.303827554,3.14098883,-21.7073975,-1.28860474,4.570222,-0.01000011,0.6054166,-26.63974,0.0,0.0,1.0,0.0,0.0,0.0
97.19025,DATA,2,1,3,15,15,21.3713837,70.82516,4.967358,1.56728721,-0.155475885,3.20689416,-21.71466,-1.27044678,4.49583626,-0.01000005,0.753704131,-26.63974,0.0,0.0,1.0,0.0,0.0,0.0
97.2451859,DATA,2,1,3,15,15,21.4263229,70.8801,4.89359665,1.56715763,-0.008730212,3.23690438,-21.7060547,-1.24612427,4.42221928,-0.00999999,0.9004596,-26.63974,0.0,0.0,1.0,0.0,0.0,0.0
97.30192,DATA,2,1,3,15,15,21.4830551,70.93683,4.816355,1.5671525,0.145232514,3.21290183,-21.68927,-1.20404053,4.345019,-0.01000005,1.05435836,-26.63974,0.0,0.0,1.0,0.0,0.0,0.0
97.35751,DATA,2,1,3,15,15,21.53865,70.992424,4.74275255,1.56721711,0.2917735,3.21595931,-21.6835022,-1.27722168,4.27153,-0.00999999,1.20085871,-26.63974,0.0,0.0,1.0,0.0,0.0,0.0
97.4125061,DATA,2,1,3,15,15,21.5936432,71.04742,4.66792154,1.56719327,0.440987,3.2294538,-21.6744385,-1.22793579,4.1966753,-0.01000005,1.35008121,-26.63974,0.0,0.0,1.0,0.0,0.0,0.0
97.46747,DATA,2,1,3,15,15,21.6486053,71.10238,4.593998,1.56715679,0.5880927,3.24250269,-21.719635,-1.22180176,4.122789,-0.00999999,1.49737465,-26.63974,0.0,0.0,1.0,0.0,0.0,0.0
97.52388,DATA,2,1,3,15,15,21.7050171,71.15879,4.519328,1.5671531,0.7368801,3.281737,-21.7382813,-1.20584106,4.048061,-0.01000011,1.6463449,-26.63974,0.0,0.0,1.0,0.0,0.0,0.0
97.5791855,DATA,2,1,3,15,15,21.7603226,71.2140961,4.44494724,1.56724787,0.885035,3.20783877,-21.7218628,-1.18643188,3.97364664,-0.01000005,1.79468942,-26.63974,0.0,0.0,1.0,0.0,0.0,0.0
97.6346,DATA,2,1,3,15,15,21.8157349,71.26951,4.369585,1.5673722,1.03531253,3.15291786,-21.6923523,-1.1763,3.89819431,-0.01000011,1.94510341,-26.63974,0.0,0.0,1.0,0.0,0.0,0.0
97.68961,DATA,2,1,3,15,15,21.87075,71.3245239,4.29432631,1.56753135,1.18510723,3.12838984,-21.6741943,-1.180481,3.822993,-0.01000005,2.09501743,-26.63974,0.0,0.0,1.0,0.0,0.0,0.0
97.74595,DATA,2,1,3,15,15,21.9270859,71.38086,4.21978235,1.56756,1.33340454,3.152302,-21.70285,-1.15042114,3.7485528,-0.0100001693,2.243414,-26.63974,0.0,0.0,1.0,0.0,0.0,0.0
97.80103,DATA,2,1,3,15,15,21.98217,71.43594,4.14442873,1.5675298,1.483101,3.13593054,-21.7786255,-1.103302,3.6734283,-0.00999999,2.39317465,-26.63974,0.0,0.0,1.0,0.0,0.0,0.0
97.85678,DATA,2,1,3,15,15,22.0379181,71.49169,4.06992,1.56754518,1.63096786,3.07811832,-21.86734,-1.06008911,3.59923768,-0.01000005,2.5410738,-26.63974,0.0,0.0,1.0,0.0,0.0,0.0
97.91174,DATA,2,1,3,15,15,22.09288,71.54665,3.994462,1.56763136,1.78077,3.04444528,-21.9245911,-1.05673218,3.52408338,-0.00999999,2.69089365,-26.63974,0.0,0.0,1.0,0.0,0.0,0.0
97.96744,DATA,2,1,3,15,15,22.1485748,71.60235,3.91989875,1.56758165,1.928628,3.07392263,-21.9282837,-0.982055664,3.44985437,-0.01000005,2.838869,-26.63974,0.0,0.0,1.0,0.0,0.0,0.0
98.02324,DATA,2,1,3,15,15,22.2043762,71.65815,3.845373,1.56745553,2.07661772,3.12115574,-21.98059,-0.948669434,3.37556815,-0.00999999,2.986959,-26.63974,0.0,0.0,1.0,0.0,0.0,0.0
98.07884,DATA,2,1,3,15,15,22.25998,71.71375,3.77046347,1.56741357,2.22522235,3.139148,-22.05423,-0.886352539,3.30091381,-0.01000005,3.135782,-26.63974,0.0,0.0,1.0,0.0,0.0,0.0
98.13409,DATA,2,1,3,15,15,22.3152237,71.769,3.69543862,1.56751466,2.374255,3.07821274,-22.1270447,-0.866577148,3.226068,-0.01000005,3.28498745,-26.63974,0.0,0.0,1.0,0.0,0.0,0.0
98.1898041,DATA,2,1,3,15,15,22.3709412,71.8247147,3.64963675,1.56767476,2.53951,2.99924946,-24.6072083,-0.846282959,3.1498208,-0.00999999,3.433916,-28.57193,-0.558671832,-0.233375072,1.0,0.0,0.0,0.0
98.2452545,DATA,2,1,3,15,15,22.4263916,71.8801651,3.61215162,1.567768,2.7102313,2.93716741,-27.5652466,-0.8413086,3.06771469,-0.01000011,3.57823038,-31.4758,-0.60271,-0.252479672,1.0,0.0,0.0,0.0
98.30142,DATA,2,1,3,15,15,22.48256,71.93633,3.5562098,1.56778216,2.872102,2.95042157,-29.2520142,-0.8378601,2.97815633,-0.01000005,3.718283,-33.7267151,0.0,0.0,1.0,0.0,0.0,0.0
98.35634,DATA,2,1,3,15,15,22.5374756,71.99125,3.462995,1.56774473,3.0117898,2.964843,-29.2566833,-0.8351135,2.88493013,-0.01000005,3.85792875,-33.7267151,0.0,0.0,1.0,0.0,0.0,0.0
98.41163,DATA,2,1,3,15,15,22.5927658,72.04654,3.370874,1.56771445,3.14990687,3.00785065,-29.2551575,-0.848876953,2.79276657,-0.00999999,3.99598265,-33.7267151,0.0,0.0,1.0,0.0,0.0,0.0
98.46744,DATA,2,1,3,15,15,22.6485748,72.10235,3.27951074,1.5677402,3.28691936,2.97925925,-29.2643433,-0.8051758,2.70138764,-0.01000005,4.132861,-33.7267151,0.0,0.0,1.0,0.0,0.0,0.0
98.52329,DATA,2,1,3,15,15,22.70443,72.1582,3.186791,1.56777036,3.42586684,2.9988122,-29.2798157,-0.860321045,2.60868931,-0.00999999,4.271716,-33.7267151,0.0,0.0,1.0,0.0,0.0,0.0
98.57859,DATA,2,1,3,15,15,22.7597275,72.2135,3.09343982,1.56765771,3.5657084,3.03931236,-29.2820435,-0.8512573,2.51533222,-0.01000005,4.411558,-33.7267151,0.0,0.0,1.0,0.0,0.0,0.0
98.63405,DATA,2,1,3,15,15,22.8151855,72.26896,3.01849246,1.56764662,3.716635,3.0585,-31.33789,-0.863098145,2.42288232,-0.00999999,4.55004072,-34.9102478,-0.998260438,0.058748126,1.0,0.0,0.0,0.0
98.68995,DATA,2,1,3,15,15,22.8710861,72.32486,2.98857069,1.5677073,3.90684628,3.07428741,-36.37863,-0.8149109,2.32208848,-0.01000005,4.68477249,-39.95114,-0.998474061,0.0550248623,1.0,0.0,0.0,0.0
98.74559,DATA,2,1,3,15,15,22.9267273,72.3805,2.94311523,1.56778646,4.08999872,3.04008937,-41.39569,-0.819854736,2.21216559,-0.01000005,4.807701,-44.8925171,-0.998657167,0.05178994,1.0,0.0,0.0,0.0
98.8012848,DATA,2,1,3,15,15,22.9824219,72.4361954,2.88116574,1.56770813,4.27074337,3.03632617,-46.44345,-0.811553955,2.09057426,-0.00999999,4.922016,-49.89444,-0.9988403,0.04763937,1.0,0.0,0.0,0.0
98.85739,DATA,2,1,3,15,15,23.0385284,72.4923,2.80290222,1.56759274,4.446953,3.112566,-51.5610352,-0.776489258,1.95821309,-0.01000011,5.026229,-54.9443665,-0.9989318,0.0460829735,1.0,0.0,0.0,0.0
98.91191,DATA,2,1,3,15,15,23.0930481,72.54682,2.71009,1.56752539,4.6139946,3.15280628,-56.57675,-0.749237061,1.81842685,-0.01000005,5.11762857,-59.95096,-0.9989318,0.0460829735,1.0,0.0,0.0,0.0
98.96777,DATA,2,1,3,15,15,23.14891,72.602684,2.602786,1.56750774,4.772959,3.17057037,-61.7131348,-0.7575073,1.67071593,-0.0100001693,5.19672,-64.9736938,-0.9989318,0.0460829735,1.0,0.0,0.0,0.0
99.02309,DATA,2,1,3,15,15,23.2042236,72.658,2.48609829,1.56741416,4.91716051,3.20277786,-66.7390747,-0.742218,1.5217849,-0.00999999,5.26057339,-69.83118,-0.9988403,0.0477919579,1.0,0.0,0.0,0.0
99.07932,DATA,2,1,3,15,15,23.26046,72.71423,2.346245,1.56732845,5.04730368,3.25651836,-70.39642,-0.7597656,1.35822129,-0.01000005,5.31457949,-74.3204346,0.0,0.0,1.0,0.0,0.0,0.0
99.1352158,DATA,2,1,3,15,15,23.3163528,72.77013,2.18955231,1.56723917,5.091335,3.342794,-70.36017,-0.730438232,1.20172489,-0.00999999,5.35850859,-74.3204346,0.0,0.0,1.0,0.0,0.0,0.0
99.18957,DATA,2,1,3,15,15,23.3707047,72.82448,2.02881145,1.56711531,5.13654375,3.39550757,-70.30899,-0.719360352,1.04105222,-0.01000005,5.40360975,-74.3204346,0.0,0.0,1.0,0.0,0.0,0.0
99.24476,DATA,2,1,3,15,15,23.4258957,72.87967,1.8706286,1.56710172,5.181103,3.40592766,-70.265564,-0.7416687,0.882838964,-0.00999999,5.44802046,-74.3204346,0.0,0.0,1.0,0.0,0.0,0.0
99.3014755,DATA,2,1,3,15,15,23.4826126,72.9363861,1.70910442,1.56715953,5.226642,3.371982,-70.1948242,-0.780609131,0.7211385,-0.01000011,5.49341,-74.3204346,0.0,0.0,1.0,0.0,0.0,0.0
99.35674,DATA,2,1,3,15,15,23.53788,72.99165,1.54861271,1.56728721,5.271905,3.29428887,-70.13959,-0.7967224,0.560395,-0.01000005,5.5385313,-74.3204346,0.0,0.0,1.0,0.0,0.0,0.0
99.41195,DATA,2,1,3,15,15,23.5930862,73.04686,1.387039,1.56740153,5.31739235,3.20019937,-70.15378,-0.8470764,0.398590177,-0.01000011,5.58395052,-74.3204346,0.0,0.0,1.0,0.0,0.0,0.0
99.46738,DATA,2,1,3,15,15,23.6485138,73.10229,1.22687578,1.5674789,5.362427,3.149854,-70.1600952,-0.881713867,0.238211319,-0.01000005,5.628969,-74.3204346,0.0,0.0,1.0,0.0,0.0,0.0
99.52311,DATA,2,1,3,15,15,23.7042465,73.15802,1.069044,1.56752038,5.406843,3.11061072,-70.11035,-0.8819885,0.08010253,-0.00999999,5.673351,-74.3204346,0.0,0.0,1.0,0.0,0.0,0.0
99.5794449,DATA,2,1,3,15,15,23.760582,73.2143555,0.9071229,1.56750727,5.45240545,3.1126492,-70.02603,-0.896087646,-0.08200497,-0.01000005,5.718855,-74.3204346,0.0,0.0,1.0,0.0,0.0,0.0
99.6345139,DATA,2,1,3,15,15,23.81565,73.2694244,0.7458545,1.56761551,5.497792,3.06302881,-70.0180054,-0.886871338,-0.243339241,-0.00999999,5.764142,-74.3204346,0.0,0.0,1.0,0.0,0.0,0.0
99.6899261,DATA,2,1,3,15,15,23.8710632,73.32484,0.5851917,1.56774,5.542911,3.02154279,-70.05762,-0.9461975,-0.4039627,-0.01000005,5.80922937,-74.3204346,0.0,0.0,1.0,0.0,0.0,0.0
99.74568,DATA,2,1,3,15,15,23.9268188,73.38059,0.422932,1.56762874,5.58853054,3.09421778,-69.99817,-0.9470825,-0.5662733,-0.00999999,5.85479,-74.3204346,0.0,0.0,1.0,0.0,0.0,0.0
99.8012,DATA,2,1,3,15,15,23.982338,73.43611,0.267363638,1.56759429,5.632304,3.10020423,-69.93918,-0.9402466,-0.7219378,-0.01000005,5.89848566,-74.3204346,0.0,0.0,1.0,0.0,0.0,0.0
99.8568039,DATA,2,1,3,15,15,24.037941,73.4917145,0.106411569,1.56768274,5.677483,3.06156564,-69.9603,-0.932037354,-0.8829452,-0.01000005,5.94368124,-74.3204346,0.0,0.0,1.0,0.0,0.0,0.0
99.91198,DATA,2,1,3,15,15,24.0931168,73.54689,-0.0578165129,1.56779492,5.723611,3.01336384,-69.99051,-0.971588135,-1.04730189,-0.00999999,5.989816,-74.3204346,0.0,0.0,1.0,0.0,0.0,0.0
99.96662,DATA,2,1,3,15,15,24.1477585,73.60153,-0.2032968,1.56783056,5.82603455,2.98685813,-74.1117554,-1.00439453,-1.20689273,-0.01000005,6.0322876,-77.73639,-0.9995117,0.0303964615,1.0,0.0,0.0,0.0
100.02272,DATA,2,1,3,15,15,24.2038574,73.65763,-0.349504679,1.56774175,5.94196033,3.00622654,-78.87781,-1.05914307,-1.36710465,-0.00999999,6.061796,-82.62189,-0.8485366,0.0215460658,1.0,0.0,0.0,0.0
100.079727,DATA,2,1,3,15,15,24.2608643,73.71464,-0.514177,1.56771159,5.98047638,3.04289341,-79.17749,-1.09710693,-1.53406763,-0.01000005,6.080999,-83.7219238,0.0,0.0,1.0,0.0,0.0,0.0
100.134186,DATA,2,1,3,15,15,24.3153229,73.7691,-0.6810229,1.56774306,5.99892569,3.021897,-79.1058044,-1.1270752,-1.70091343,-0.01000005,6.09935427,-83.7219238,0.0,0.0,1.0,0.0,0.0,0.0
100.189255,DATA,2,1,3,15,15,24.3703918,73.8241653,-0.8461336,1.56772375,6.01727438,3.02776837,-79.0049744,-1.06411743,-1.8659451,-0.01000005,6.11751,-83.7219238,0.0,0.0,1.0,0.0,0.0,0.0
100.244957,DATA,2,1,3,15,15,24.4260941,73.87987,-1.0104382,1.56757784,6.03556061,3.04175448,-78.90939,-1.13589478,-2.03020835,-0.01000005,6.13558149,-83.7219238,0.0,0.0,1.0,0.0,0.0,0.0
100.301048,DATA,2,1,3,15,15,24.4821854,73.93596,-1.18239331,1.5675056,6.018448,3.07372141,-75.99863,-1.12384033,-2.19808626,-0.01000011,6.154719,-81.69382,0.8925748,-0.423230648,1.0,0.0,0.0,0.0
100.357666,DATA,2,1,3,15,15,24.5388031,73.99258,-1.36064076,1.56757879,5.96856642,3.08074,-71.46924,-1.14614868,-2.36256361,-0.01000005,6.18367434,-77.2149658,0.896786451,-0.4224677,1.0,0.0,0.0,0.0
100.41172,DATA,2,1,3,15,15,24.5928574,74.04663,-1.542672,1.56762743,5.932529,3.07824445,-67.04813,-1.12277222,-2.52466178,-0.00999999,6.2255125,-72.70993,0.896786451,-0.4224677,1.0,0.0,0.0,0.0
100.467346,DATA,2,1,3,15,15,24.6484833,74.10226,-1.72255135,1.56762791,5.91123438,3.06414151,-62.5291138,-1.1534729,-2.67927,-0.01000005,6.27856541,-68.3110352,0.9004487,-0.429548025,1.0,0.0,0.0,0.0
100.522514,DATA,2,1,3,15,15,24.7036514,74.1574249,-1.9078455,1.567626,5.90350246,3.05301,-57.99637,-1.16098022,-2.83272171,-0.00999999,6.344917,-63.7927856,0.8991668,-0.437513351,1.0,0.0,0.0,0.0
100.578987,DATA,2,1,3,15,15,24.7601242,74.2139,-2.09481072,1.56759453,5.91036129,3.0332365,-53.44879,-1.17755127,-2.981755,-0.01000005,6.423869,-59.2435,0.898648,-0.438611984,1.0,0.0,0.0,0.0
100.633446,DATA,2,1,3,15,15,24.8145828,74.26836,-2.2761755,1.56758606,5.93147755,3.04142284,-49.0880737,-1.17068481,-3.12064338,-0.00999999,6.51207829,-54.8067932,0.898648,-0.438611984,1.0,0.0,0.0,0.0
100.688683,DATA,2,1,3,15,15,24.86982,74.32359,-2.45877719,1.5675478,5.967332,3.04031086,-44.651825,-1.1395874,-3.25469041,-0.01000005,6.61267662,-50.287384,0.898648,-0.438611984,1.0,0.0,0.0,0.0
100.7454,DATA,2,1,3,15,15,24.9265366,74.38031,-2.63347077,1.56748164,6.01588869,3.06511712,-40.15564,-1.06323242,-3.377223,-0.00999999,6.720554,-45.8851,0.900234938,-0.435285449,1.0,0.0,0.0,0.0
100.800545,DATA,2,1,3,15,15,24.9816818,74.4354553,-2.808672,1.56745934,6.07986736,3.12465024,-35.84134,-1.035553,-3.49427247,-0.01000005,6.840967,-41.37323,0.832270265,-0.3876766,1.0,0.0,0.0,0.0
100.856262,DATA,2,1,3,15,15,25.0374,74.49117,-2.93243861,1.56736028,6.194497,3.182199,-35.6412354,-0.9362488,-3.6032896,-0.00999999,6.968279,-40.2963562,0.0,0.0,1.0,0.0,0.0,0.0
100.911461,DATA,2,1,3,15,15,25.092598,74.54637,-3.04067349,1.56730008,6.321299,3.2165606,-35.7215576,-0.8404846,-3.71105027,-0.01000005,7.095362,-40.2963562,0.0,0.0,1.0,0.0,0.0,0.0
100.966652,DATA,2,1,3,15,15,25.147789,74.60156,-3.14853954,1.56732965,6.44757652,3.21492982,-35.77887,-0.724212646,-3.81844735,-0.01000005,7.22201729,-40.2963562,0.0,0.0,1.0,0.0,0.0,0.0
101.0225,DATA,2,1,3,15,15,25.2036362,74.65741,-3.258636,1.56747162,6.576596,3.13620615,-35.8217163,-0.663208,-3.928119,-0.00999999,7.351354,-40.2963562,0.0,0.0,1.0,0.0,0.0,0.0
101.077316,DATA,2,1,3,15,15,25.2584534,74.71223,-3.34873557,1.56759381,6.64784431,3.09067,-37.944,-0.601287842,-4.03517771,-0.01000005,7.407377,-41.5722046,-0.9981689,-0.0603045225,1.0,0.0,0.0,0.0
101.13327,DATA,2,1,3,15,15,25.3144073,74.76818,-3.418807,1.56762373,6.77501631,3.08299732,-43.0050049,-0.563110352,-4.16893,-0.01000011,7.471756,-46.59616,-0.9989318,-0.04614401,1.0,0.0,0.0,0.0
101.189484,DATA,2,1,3,15,15,25.37062,74.8243942,-3.4864862,1.56755424,6.95508051,3.08698845,-48.05124,-0.5545349,-4.29497766,-0.01000005,7.58331966,-51.64212,-0.9989318,-0.04614401,1.0,0.0,0.0,0.0
101.244606,DATA,2,1,3,15,15,25.4257431,74.87952,-3.56705832,1.5675472,7.123629,3.08704352,-52.9005737,-0.5840454,-4.42626667,-0.01000011,7.680548,-56.539093,-0.998596132,-0.0529801846,1.0,0.0,0.0,0.0
101.300568,DATA,2,1,3,15,15,25.4817047,74.93548,-3.68019557,1.56765246,7.264372,3.06792378,-55.3076172,-0.5848694,-4.570755,-0.01000005,7.769668,-59.9270325,0.0,0.0,1.0,0.0,0.0,0.0
101.355972,DATA,2,1,3,15,15,25.53711,74.99088,-3.82416773,1.567738,7.348059,3.06323075,-55.1886,-0.6680603,-4.71478844,-0.01000005,7.85307074,-59.9270325,0.0,0.0,1.0,0.0,0.0,0.0
101.411423,DATA,2,1,3,15,15,25.59256,75.04633,-3.968197,1.56751585,7.431845,3.13219142,-55.05304,-0.664001465,-4.859016,-0.00999999,7.93658543,-59.9270325,0.0,0.0,1.0,0.0,0.0,0.0
101.467628,DATA,2,1,3,15,15,25.6487656,75.10254,-4.11425066,1.56736493,7.516783,3.18002844,-54.9696655,-0.6961365,-5.0052824,-0.01000005,8.021281,-59.9270325,0.0,0.0,1.0,0.0,0.0,0.0
101.5234,DATA,2,1,3,15,15,25.7045364,75.15831,-4.25623655,1.56729531,7.59943533,3.22545576,-54.874054,-0.7607422,-5.14757967,-0.00999999,8.103678,-59.9270325,0.0,0.0,1.0,0.0,0.0,0.0
101.579018,DATA,2,1,3,15,15,25.7601547,75.21393,-4.402,1.56736147,7.68441248,3.1845665,-54.72751,-0.8937073,-5.29367876,-0.01000011,8.188277,-59.9270325,0.0,0.0,1.0,0.0,0.0,0.0
101.635071,DATA,2,1,3,15,15,25.8162079,75.26998,-4.56673574,1.56741571,7.735538,3.154441,-51.49707,-0.9785156,-5.438741,-0.01000005,8.273185,-57.72876,0.8896451,-0.418378234,1.0,0.0,0.0,0.0
101.689644,DATA,2,1,3,15,15,25.87078,75.3245544,-4.747688,1.56741667,7.76266766,3.128988,-46.7737122,-1.007782,-5.576019,-0.01000005,8.365529,-53.30136,0.898159742,-0.419843078,1.0,0.0,0.0,0.0
101.745384,DATA,2,1,3,15,15,25.9265213,75.3802948,-4.92563534,1.56729329,7.80250072,3.18753958,-41.8510742,-1.06445313,-5.70494556,-0.01000011,8.467601,-48.8335571,0.9070406,-0.42094183,1.0,0.0,0.0,0.0
101.800964,DATA,2,1,3,15,15,25.9821014,75.4358749,-5.103913,1.56716955,7.8574,3.28841782,-36.7501526,-1.17666626,-5.82827425,-0.00999999,8.582142,-44.25238,0.9070406,-0.42094183,1.0,0.0,0.0,0.0
101.857071,DATA,2,1,3,15,15,26.038208,75.49198,-5.27543259,1.56694508,7.92641735,3.39688587,-31.2506714,-1.29190063,-5.941311,-0.01000005,8.705286,-39.7135925,0.9014863,-0.4327525,1.0,0.0,0.0,0.0
101.911819,DATA,2,1,3,15,15,26.0929565,75.54673,-5.43814468,1.56655812,8.008457,3.56997776,-25.2468262,-1.52349854,-6.04317951,-0.01000005,8.835496,-35.24655,0.899410963,-0.436994553,1.0,0.0,0.0,0.0
101.967979,DATA,2,1,3,15,15,26.1491165,75.60289,-5.59464073,1.56611729,8.104593,3.81229115,-18.3863525,-1.620575,-6.135734,-0.00999999,8.975045,-30.740387,0.89178133,-0.4523759,1.0,0.0,0.0,0.0
102.023476,DATA,2,1,3,15,15,26.2046127,75.65839,-5.73927,1.56565785,8.21114349,4.06663275,-10.9517212,-1.64990234,-6.215778,-0.01000005,9.118911,-26.3406372,0.889919758,-0.456099153,1.0,0.0,0.0,0.0
102.079361,DATA,2,1,3,15,15,26.260498,75.71427,-5.876827,1.56514668,8.330119,4.358327,-2.89358521,-1.57800293,-6.285689,-0.01000005,9.27116,-21.86679,0.8892789,-0.457350373,1.0,0.0,0.0,0.0
102.134285,DATA,2,1,3,15,15,26.3154221,75.7691956,-6.00595236,1.56454277,8.460811,4.55935669,5.37346935,-1.55960083,-6.34422159,-0.00999999,9.430513,-17.33957,0.8825953,-0.470076561,0.0,0.0,0.0,0.0
102.189156,DATA,2,1,3,15,15,26.3702927,75.8240662,-6.07572031,1.56408167,8.43808,4.761424,12.9422722,-1.51123047,-6.34422159,-0.00999999,9.430513,-13.000824,0.773186445,-0.459028959,0.0,0.0,0.0,0.0
102.245148,DATA,2,1,3,15,15,26.4262848,75.88006,-6.096164,1.563746,8.432223,4.79905844,16.3446083,-1.71777344,-6.34422159,-0.00999999,9.430513,-11.5897522,0.0,0.0,0.0,0.0,0.0,0.0
102.300644,DATA,2,1,3,15,15,26.481781,75.9355545,-6.09298944,1.56365359,8.431528,4.7216,19.0537663,-2.03872681,-6.34422159,-0.00999999,9.430513,-11.5897522,0.504623532,-0.3425398,0.0,0.0,0.0,0.0
102.356461,DATA,2,1,3,15,15,26.5375977,75.99137,-6.157948,1.56358731,8.41607952,4.62831974,25.12321,-2.304718,-6.34422159,-0.00999999,9.430513,-7.7388916,0.8502152,-0.5264443,0.0,0.0,0.0,0.0
102.4112,DATA,2,1,3,15,15,26.5923386,76.04611,-6.23081446,1.56344724,8.404273,4.51061249,31.0861855,-2.525116,-6.34422159,-0.00999999,9.430513,-3.497528,0.847590566,-0.5305948,0.0,0.0,0.0,0.0
102.4673,DATA,2,1,3,15,15,26.6484375,76.10221,-6.3042655,1.563396,8.397664,4.43430758,36.98913,-2.58422852,-6.34422159,-0.00999999,9.430513,0.712437451,0.8507035,-0.5255898,0.0,0.0,0.0,0.0
102.522522,DATA,2,1,3,15,15,26.70366,76.15743,-6.37891,1.56332719,8.396585,4.365838,42.5116272,-2.47698975,-6.34422159,-0.00999999,9.430513,4.93756437,0.8507035,-0.5255898,0.0,0.0,0.0,0.0
102.578339,DATA,2,1,3,15,15,26.7594757,76.21325,-6.45588,1.56341374,8.401557,4.23909426,47.53013,-2.388031,-6.34422159,-0.00999999,9.430513,9.266922,0.8507035,-0.5255898,0.0,0.0,0.0,0.0
102.633652,DATA,2,1,3,15,15,26.8147888,76.26856,-6.5321064,1.56360185,8.412646,4.157796,51.9912148,-2.324646,-6.34422159,-0.00999999,9.430513,13.5467577,0.84991,-0.526871562,0.0,0.0,0.0,0.0
102.68856,DATA,2,1,3,15,15,26.8696976,76.32347,-6.60634136,1.563835,8.42948,3.99935246,56.0467644,-2.3210144,-6.34422159,-0.00999999,9.430513,17.7439117,0.8456068,-0.5337688,0.0,0.0,0.0,0.0
102.74424,DATA,2,1,3,15,15,26.9253769,76.37915,-6.678467,1.56387448,8.451594,3.93477178,59.765358,-2.195282,-6.34422159,-0.00999999,9.430513,21.8831615,0.8132572,-0.5818354,0.0,0.0,0.0,0.0
102.800323,DATA,2,1,3,15,15,26.98146,76.4352341,-6.747889,1.56392884,8.479045,3.85005045,63.3398743,-2.07873535,-6.34422159,-0.00999999,9.430513,25.95373,0.8140812,-0.580736756,0.0,0.0,0.0,0.0
102.855324,DATA,2,1,3,15,15,27.03646,76.4902344,-6.81536055,1.56400013,8.51177,3.79890823,66.65122,-1.9246521,-6.34422159,-0.00999999,9.430513,30.038475,0.8167058,-0.576983,0.0,0.0,0.0,0.0
102.91069,DATA,2,1,3,15,15,27.0918274,76.5456,-6.880419,1.56406331,8.549791,3.7762208,69.56527,-1.680603,-6.34422159,-0.00999999,9.430513,34.11164,0.8167058,-0.576983,0.0,0.0,0.0,0.0
102.966522,DATA,2,1,3,15,15,27.14766,76.60143,-6.944105,1.564101,8.593989,3.81285548,71.966835,-1.42907715,-6.34422159,-0.00999999,9.430513,38.2719231,0.8932463,-0.425794244,0.0,0.0,0.0,0.0
103.022568,DATA,2,1,3,15,15,27.2037048,76.65748,-6.97394037,1.56385887,8.61965,4.038152,70.68384,-1.29824829,-6.34422159,-0.00999999,9.430513,40.29304,0.0,0.0,0.0,0.0,0.0,0.0
103.078186,DATA,2,1,3,15,15,27.2593231,76.7131,-6.97542763,1.56366944,8.623475,4.212795,68.0523453,-1.22424316,-6.34422159,-0.00999999,9.430513,40.29304,0.0,0.0,0.0,0.0,0.0,0.0
103.133766,DATA,2,1,3,15,15,27.3149033,76.76868,-6.97714567,1.56338835,8.627319,4.52323246,65.3045349,-1.26873779,-6.34422159,-0.00999999,9.430513,40.29304,0.0,0.0,0.0,0.0,0.0,0.0
103.188835,DATA,2,1,3,15,15,27.3699722,76.8237457,-6.979338,1.56318879,8.630981,4.76305437,62.3512955,-1.3531189,-6.34422159,-0.00999999,9.430513,40.29304,0.0,0.0,0.0,0.0,0.0,0.0
103.244278,DATA,2,1,3,15,15,27.425415,76.87919,-6.95171833,1.56321943,8.61189,4.90329361,55.9389877,-1.41470337,-6.34422159,-0.00999999,9.430513,38.1860428,-0.9880978,-0.1535691,0.0,0.0,0.0,0.0
103.300613,DATA,2,1,3,15,15,27.48175,76.935524,-6.88173056,1.56323373,8.565979,4.954849,46.7883759,-1.09677124,-6.34422159,-0.00999999,9.430513,33.16716,-0.98931855,-0.145695329,0.0,0.0,0.0,0.0
103.355934,DATA,2,1,3,15,15,27.5370712,76.9908447,-6.81003857,1.56298518,8.526698,5.09724569,37.2623177,-0.59765625,-6.34422159,-0.00999999,9.430513,28.2121983,-0.9896237,-0.143498063,0.0,0.0,0.0,0.0
103.410957,DATA,2,1,3,15,15,27.5920944,77.04587,-6.73682928,1.5630182,8.493098,5.165184,27.367918,-0.170013428,-6.34422159,-0.00999999,9.430513,23.2682915,-0.9896237,-0.143498063,0.0,0.0,0.0,0.0
103.466782,DATA,2,1,3,15,15,27.6479187,77.10169,-6.662166,1.56317186,8.46511,4.958518,17.8519764,0.2347663,-6.34422159,-0.00999999,9.430513,18.3938427,-0.9896237,-0.143498063,0.0,0.0,0.0,0.0
103.522392,DATA,2,1,3,15,15,27.70353,77.1573,-6.58316565,1.5635469,8.442106,4.76470566,9.325478,0.31247,-6.34422159,-0.00999999,9.430513,13.4234285,-0.9896237,-0.143498063,0.0,0.0,0.0,0.0
103.578217,DATA,2,1,3,15,15,27.7593536,77.21313,-6.500309,1.56380057,8.425008,4.585692,2.06136417,0.433359474,-6.34422159,-0.00999999,9.430513,8.407414,-0.9896237,-0.143498063,0.0,0.0,0.0,0.0
103.633568,DATA,2,1,3,15,15,27.8147049,77.26848,-6.415859,1.56401515,8.414914,4.471312,-4.31011963,0.6568249,-6.34422159,-0.00999999,9.430513,3.4226315,-0.9896237,-0.143498063,0.0,0.0,0.0,0.0
103.688972,DATA,2,1,3,15,15,27.87011,77.32388,-6.33065,1.56383276,8.4119,4.461606,-10.1324768,0.990995347,-6.34422159,-0.00999999,9.430513,-1.51901245,-0.9896237,-0.143498063,0.0,0.0,0.0,0.0
103.744934,DATA,2,1,3,15,15,27.9260712,77.3798447,-6.245939,1.56371188,8.416133,4.47675,-15.436615,1.26958477,-6.34422159,-0.00999999,9.430513,-6.38388062,-0.9896237,-0.143498063,0.0,0.0,0.0,0.0
103.800644,DATA,2,1,3,15,15,27.981781,77.4355545,-6.15811443,1.56385124,8.428313,4.434409,-20.517334,1.71040046,-6.34422159,-0.00999999,9.430513,-11.4302979,-0.9896237,-0.143498063,0.0,0.0,0.0,0.0
103.855782,DATA,2,1,3,15,15,28.0369186,77.49069,-6.073992,1.563982,8.447579,4.43827963,-25.724884,2.05555272,-6.34422159,-0.00999999,9.430513,-16.3283081,-0.989806831,-0.142399311,0.0,0.0,0.0,0.0
103.911346,DATA,2,1,3,15,15,28.0924835,77.54626,-5.99048042,1.56394482,8.474405,4.45270443,-30.9800415,2.251786,-6.34422159,-0.00999999,9.430513,-21.293457,-0.9904172,-0.1380657,0.0,0.0,0.0,0.0
103.966583,DATA,2,1,3,15,15,28.14772,77.6014938,-5.910034,1.56362486,8.507978,4.49760342,-36.20691,2.320944,-6.34422159,-0.00999999,9.430513,-26.2129211,-0.9919431,-0.126499176,0.0,0.0,0.0,0.0
104.022247,DATA,2,1,3,15,15,28.2033844,77.65716,-5.831061,1.563548,8.54976,4.52499247,-41.2514038,2.29947639,-6.34422159,-0.00999999,9.430513,-31.22821,-0.994293034,-0.106601119,0.0,0.0,0.0,0.0
104.078453,DATA,2,1,3,15,15,28.25959,77.71336,-5.75672626,1.56372559,8.597862,4.504034,-46.1006775,2.195076,-6.34422159,-0.00999999,9.430513,-36.1829834,-0.9963988,-0.0841701,0.0,0.0,0.0,0.0
104.133919,DATA,2,1,3,15,15,28.3150558,77.76883,-5.68561554,1.56377923,8.653518,4.50812531,-50.819397,2.05353546,-6.34422159,-0.00999999,9.430513,-41.2172241,-0.997467,-0.070589304,0.0,0.0,0.0,0.0
104.188545,DATA,2,1,3,15,15,28.3696823,77.8234558,-5.621039,1.56368637,8.713454,4.463584,-55.4234924,1.9136585,-6.34422159,-0.00999999,9.430513,-46.1315,-0.9976501,-0.06808674,0.0,0.0,0.0,0.0
104.244247,DATA,2,1,3,15,15,28.4253845,77.87916,-5.59019,1.56356812,8.803635,4.50877428,-59.9707947,1.84064078,-6.372918,-0.01000005,9.454625,-51.0832825,-0.9976501,-0.06808674,1.0,0.0,0.0,0.0
104.300423,DATA,2,1,3,15,15,28.48156,77.93533,-5.67139864,1.56355715,8.979452,4.545343,-64.57312,1.77363,-6.50921345,-0.01000005,9.557335,-56.1938477,-0.9989013,-0.0467848778,1.0,0.0,0.0,0.0
104.35659,DATA,2,1,3,15,15,28.5377274,77.9915,-5.764747,1.56351268,9.142586,4.585892,-69.09552,1.74886715,-6.64957666,-0.00999999,9.644863,-61.1523438,-0.9989013,-0.0457167625,1.0,0.0,0.0,0.0
104.41037,DATA,2,1,3,15,15,28.591507,78.04528,-5.87211132,1.563272,9.297111,4.6392107,-73.53653,1.67633128,-6.797358,-0.01000005,9.72011,-66.12366,-0.998962343,-0.0446790457,1.0,0.0,0.0,0.0
104.467262,DATA,2,1,3,15,15,28.6484,78.10217,-5.99178648,1.56310451,9.440648,4.68454266,-78.33865,1.58735979,-6.94999933,-0.00999999,9.781873,-71.0598755,-0.998962343,-0.0446790457,1.0,0.0,0.0,0.0
104.522926,DATA,2,1,3,15,15,28.7040634,78.15784,-6.12528658,1.56307817,9.574641,4.73139572,-83.23038,1.535428,-7.109326,-0.01000005,9.83079,-76.05609,-0.998779237,-0.04925692,1.0,0.0,0.0,0.0
104.578644,DATA,2,1,3,15,15,28.75978,78.2135544,-6.27060175,1.56310356,9.696604,4.78071737,-88.1937561,1.48461616,-7.27296448,-0.01000011,9.86577,-81.05856,-0.9927671,-0.119998813,1.0,0.0,0.0,0.0
104.634,DATA,2,1,3,15,15,28.81514,78.26891,-6.42879438,1.56307507,9.806754,4.77056742,-93.1936,1.464613,-7.441994,-0.01000011,9.886646,-86.125824,-0.989806831,-0.142399311,1.0,0.0,0.0,0.0
104.688728,DATA,2,1,3,15,15,28.8698654,78.32364,-6.58899975,1.56299162,9.898531,4.724089,-98.16168,1.45552182,-7.605378,-0.01000011,9.892505,-90.98108,-0.98931855,-0.145695329,1.0,0.0,0.0,0.0
104.74485,DATA,2,1,3,15,15,28.9259872,78.37976,-6.7630806,1.563102,9.979456,4.69753265,-103.235016,1.42113864,-7.775035,-0.01000011,9.883997,-96.02405,-0.988586068,-0.150730968,1.0,0.0,0.0,0.0
104.801,DATA,2,1,3,15,15,28.98214,78.43591,-6.936748,1.56329274,10.0423193,4.62048054,-108.227844,1.38041437,-7.937244,-0.0100001693,9.861653,-100.871796,-0.985290051,-0.170537472,1.0,0.0,0.0,0.0
104.855606,DATA,2,1,3,15,15,29.0367432,78.49052,-7.11736631,1.56340051,10.0910559,4.56165075,-113.088379,1.33719254,-8.098991,-0.01000005,9.825178,-105.774353,-0.985290051,-0.170537472,1.0,0.0,0.0,0.0
104.911316,DATA,2,1,3,15,15,29.092453,78.54623,-7.30641556,1.56353068,10.12499,4.470361,-118.000916,1.28098869,-8.261298,-0.01000011,9.773496,-110.81076,-0.985290051,-0.170537472,1.0,0.0,0.0,0.0
104.966911,DATA,2,1,3,15,15,29.1480484,78.60182,-7.489422,1.563806,10.1418905,4.31793261,-122.835159,1.23729277,-8.41155,-0.01000011,9.710909,-115.62323,-0.985290051,-0.170537472,1.0,0.0,0.0,0.0
105.022881,DATA,2,1,3,15,15,29.2040176,78.65779,-7.67940664,1.56423879,10.1429615,4.14638042,-127.766907,1.16803467,-8.560755,-0.00999999,9.633283,-120.596191,-0.985290051,-0.170537472,1.0,0.0,0.0,0.0
105.078789,DATA,2,1,3,15,15,29.2599258,78.7137,-7.868445,1.564367,10.1276522,4.10623026,-132.698318,1.11860752,-8.702336,-0.01000011,9.543282,-125.556641,-0.985290051,-0.170537472,1.0,0.0,0.0,0.0
105.13298,DATA,2,1,3,15,15,29.3141174,78.76789,-8.050799,1.56419253,10.096879,4.14093,-137.474548,1.05782449,-8.832453,-0.01000005,9.443901,-130.397583,-0.985290051,-0.170537472,1.0,0.0,0.0,0.0
105.188911,DATA,2,1,3,15,15,29.3700485,78.82382,-8.236638,1.56406808,10.0487585,4.209984,-142.358612,1.0008167,-8.957951,-0.01000005,9.329796,-135.4127,-0.985290051,-0.170537472,1.0,0.0,0.0,0.0
105.243843,DATA,2,1,3,15,15,29.42498,78.87875,-8.410822,1.56405544,9.987161,4.25068426,-147.088242,0.9571537,-9.068676,-0.01000005,9.210148,-140.232742,-0.985290051,-0.170537472,1.0,0.0,0.0,0.0
105.300735,DATA,2,1,3,15,15,29.4818726,78.9356461,-8.582545,1.5640074,9.909441,4.36840773,-151.939835,0.8542467,-9.170853,-0.01000011,9.079022,-145.147842,-0.985168,-0.1716361,1.0,0.0,0.0,0.0
105.356239,DATA,2,1,3,15,15,29.5373764,78.99115,-8.748161,1.56377959,9.816543,4.49704838,-156.694,0.7394065,-9.262097,-0.0100001693,8.938503,-150.10112,-0.985168,-0.1716361,1.0,0.0,0.0,0.0
105.41098,DATA,2,1,3,15,15,29.5921173,79.04589,-8.906158,1.56365633,9.708988,4.564815,-161.297836,0.6249486,-9.341365,-0.01000005,8.789611,-155.087875,-0.984954357,-0.172765255,1.0,0.0,0.0,0.0
105.467148,DATA,2,1,3,15,15,29.6482849,79.10206,-9.050818,1.56363761,9.591463,4.6157546,-165.872849,0.574125648,-9.405799,-0.01000011,8.638488,-159.943665,-0.984954357,-0.172765255,1.0,0.0,0.0,0.0
105.521553,DATA,2,1,3,15,15,29.70269,79.15646,-9.186208,1.56372035,9.460628,4.60993,-170.340866,0.473192364,-9.457708,-0.01000011,8.480767,-164.851471,-0.984954357,-0.172765255,1.0,0.0,0.0,0.0
105.578049,DATA,2,1,3,15,15,29.7591858,79.21296,-9.310353,1.5637455,9.318599,4.61624241,-174.9445,0.339048415,-9.49597549,-0.01000011,8.318977,-169.765442,-0.984954357,-0.172765255,1.0,0.0,0.0,0.0
105.633224,DATA,2,1,3,15,15,29.8143616,79.2681351,-9.423404,1.56378651,9.164113,4.62876225,-179.4986,0.139891177,-9.520539,-0.01000005,8.151894,-174.756866,-0.984740734,-0.173833489,1.0,0.0,0.0,0.0
105.688431,DATA,2,1,3,15,15,29.8695679,79.32334,-9.521931,1.56385863,9.001743,4.60925627,175.9546,-0.10168457,-9.530436,-0.01000011,7.984789,-179.7026,-0.9838252,-0.178930044,1.0,0.0,0.0,0.0
105.744354,DATA,2,1,3,15,15,29.9254913,79.3792648,-9.58324051,1.56400883,8.836772,4.560365,173.488586,-0.296600342,-9.52613449,-0.01000011,7.821266,176.6452,0.0,0.0,1.0,0.0,0.0,0.0
105.800331,DATA,2,1,3,15,15,29.9814682,79.43524,-9.574599,1.56417584,8.669662,4.488316,173.911331,-0.423492432,-9.51633549,-0.01000011,7.654106,176.6452,0.0,0.0,1.0,0.0,0.0,0.0
105.855476,DATA,2,1,3,15,15,30.0366135,79.49039,-9.56604,1.56417775,8.503458,4.451361,174.403488,-0.588623047,-9.506584,-0.01000005,7.487757,176.6452,0.0,0.0,1.0,0.0,0.0,0.0
105.91082,DATA,2,1,3,15,15,30.0919571,79.54573,-9.55733,1.5642817,8.336396,4.41311169,174.872864,-0.704742432,-9.496776,-0.01000005,7.320423,176.6452,0.0,0.0,1.0,0.0,0.0,0.0
105.96698,DATA,2,1,3,15,15,30.1481171,79.60189,-9.548609,1.56435537,8.170797,4.38228846,175.2333,-0.7911072,-9.487058,-0.01000011,7.15464067,176.6452,0.0,0.0,1.0,0.0,0.0,0.0
106.022339,DATA,2,1,3,15,15,30.203476,79.65725,-9.539592,1.56445169,8.005179,4.33363,175.462555,-0.90625,-9.477332,-0.01000005,6.988728,176.6452,0.0,0.0,1.0,0.0,0.0,0.0
106.077728,DATA,2,1,3,15,15,30.2588654,79.71264,-9.510588,1.56459057,7.84110641,4.23554945,177.223282,-1.00668335,-9.468022,-0.01000011,6.82326555,177.7788,0.492233038,0.3003937,1.0,0.0,0.0,0.0
106.133049,DATA,2,1,3,15,15,30.3141861,79.76796,-9.461428,1.56478369,7.673305,4.11074162,179.831909,-1.09643555,-9.464262,-0.01000011,6.65430832,-179.649475,0.5396893,0.3332011,1.0,0.0,0.0,0.0
106.188576,DATA,2,1,3,15,15,30.3697128,79.82349,-9.415393,1.56491935,7.50713634,4.013668,-177.296143,-1.13995361,-9.46824551,-0.01000011,6.489297,-176.829544,0.597247243,0.359935284,1.0,0.0,0.0,0.0
106.244133,DATA,2,1,3,15,15,30.42527,79.87904,-9.374833,1.56492436,7.33847046,4.0004344,-174.307571,-1.13327026,-9.48058,-0.01000011,6.3244915,-173.854355,0.5992614,0.364574134,1.0,0.0,0.0,0.0
106.299866,DATA,2,1,3,15,15,30.4810028,79.93478,-9.358155,1.56490827,7.167204,4.022165,-172.81456,-1.12191772,-9.501733,-0.01000011,6.157911,-171.7073,0.0,0.0,1.0,0.0,0.0,0.0
106.355774,DATA,2,1,3,15,15,30.536911,79.9906845,-9.382155,1.56495929,7.000874,4.02139473,-172.9358,-1.04718018,-9.525959,-0.01000005,5.9917,-171.7073,0.0,0.0,1.0,0.0,0.0,0.0
106.411194,DATA,2,1,3,15,15,30.59233,80.0461044,-9.421719,1.56501937,6.83676338,4.00882435,-174.698776,-1.056488,-9.550163,-0.01000005,5.82563543,-172.578842,-0.9986877,-0.0509353876,1.0,0.0,0.0,0.0
106.468117,DATA,2,1,3,15,15,30.6492538,80.10303,-9.52462,1.56501865,6.68039227,3.981057,-179.800873,-1.02276611,-9.566135,-0.01000011,5.66196442,-177.5043,-0.9938353,-0.110476971,1.0,0.0,0.0,0.0
106.522079,DATA,2,1,3,15,15,30.7032166,80.15699,-9.613691,1.56502676,6.515126,3.9730258,175.295517,-1.01742554,-9.568019,-0.01000005,5.496896,177.5747,-0.992889166,-0.118900061,1.0,0.0,0.0,0.0
106.5781,DATA,2,1,3,15,15,30.75924,80.21301,-9.689399,1.56497407,6.3399477,3.99250555,170.2614,-0.9626465,-9.555432,-0.01000005,5.32948971,172.572632,-0.992889166,-0.118900061,1.0,0.0,0.0,0.0
106.632919,DATA,2,1,3,15,15,30.8140564,80.26783,-9.749744,1.56501114,6.15820932,3.96115756,165.339844,-0.96875,-9.528196,-0.00999999,5.16330862,167.555557,-0.9927671,-0.119998813,1.0,0.0,0.0,0.0
106.689262,DATA,2,1,3,15,15,30.8704,80.32417,-9.794289,1.56505227,5.971826,3.92676926,160.354477,-0.9649658,-9.486524,-0.01000005,5.000106,162.53746,-0.9927671,-0.119998813,1.0,0.0,0.0,0.0
106.743774,DATA,2,1,3,15,15,30.9249115,80.378685,-9.821513,1.56511652,5.79019356,3.86908746,155.525375,-0.9786377,-9.4332695,-0.00999999,4.847742,157.729691,-0.9924619,-0.122562289,1.0,0.0,0.0,0.0
106.801544,DATA,2,1,3,15,15,30.9826813,80.4364548,-9.833733,1.56518126,5.599798,3.84544659,150.432053,-1.00735474,-9.364629,-0.01000005,4.69460726,152.7317,-0.9924619,-0.122562289,1.0,0.0,0.0,0.0
106.854279,DATA,2,1,3,15,15,31.0354156,80.48919,-9.829393,1.56520152,5.410101,3.81750631,145.65596,-1.05557251,-9.28347,-0.01000005,4.54891539,147.7647,-0.9924619,-0.122562289,1.0,0.0,0.0,0.0
106.910225,DATA,2,1,3,15,15,31.091362,80.5451355,-9.808949,1.56522322,5.222774,3.80328083,140.737808,-1.10565186,-9.190704,-0.00999999,4.41181326,142.83461,-0.9924619,-0.122562289,1.0,0.0,0.0,0.0
106.966156,DATA,2,1,3,15,15,31.1472931,80.60107,-9.772345,1.56527138,5.03702164,3.7983408,135.852829,-1.25244141,-9.086029,-0.01000005,4.282645,137.883026,-0.9924619,-0.122562289,1.0,0.0,0.0,0.0
107.021118,DATA,2,1,3,15,15,31.2022552,80.65603,-9.720739,1.56532753,4.85744047,3.81463456,131.1129,-1.35025024,-8.972212,-0.00999999,4.16456556,132.998566,-0.986083567,-0.109256268,1.0,0.0,0.0,0.0
107.0776,DATA,2,1,3,15,15,31.2587357,80.71251,-9.60956,1.56529427,4.725927,3.795849,130.856033,-1.4750061,-8.845304,-0.01000005,4.050145,131.708984,0.0,0.0,1.0,0.0,0.0,0.0
107.132462,DATA,2,1,3,15,15,31.3135986,80.76737,-9.48576,1.56527579,4.61477327,3.80098152,131.0569,-1.5993042,-8.720998,-0.00999999,3.93935776,131.708984,0.0,0.0,1.0,0.0,0.0,0.0
107.187904,DATA,2,1,3,15,15,31.3690414,80.8228149,-9.362613,1.565295,4.504124,3.78256917,131.245621,-1.71383667,-8.597263,-0.01000005,3.82907939,131.708984,0.0,0.0,1.0,0.0,0.0,0.0
107.243607,DATA,2,1,3,15,15,31.4247437,80.87852,-9.239453,1.56533194,4.39332056,3.76249385,131.419418,-1.822937,-8.473515,-0.00999999,3.71878815,131.708984,0.0,0.0,1.0,0.0,0.0,0.0
107.299942,DATA,2,1,3,15,15,31.48108,80.93485,-9.115044,1.56531549,4.28143263,3.737886,131.5696,-1.96551514,-8.348557,-0.01000005,3.60742116,131.708984,0.0,0.0,1.0,0.0,0.0,0.0
107.354675,DATA,2,1,3,15,15,31.5358124,80.9895859,-8.967846,1.56520319,4.1941123,3.793964,134.112518,-2.105072,-8.224307,-0.01000005,3.49484062,133.655228,0.5679189,0.223212361,1.0,0.0,0.0,0.0
107.409546,DATA,2,1,3,15,15,31.590683,81.04446,-8.813228,1.56511927,4.114022,3.84025121,137.1031,-2.164856,-8.106283,-0.00999999,3.37788582,136.599335,0.60533464,0.23969239,1.0,0.0,0.0,0.0
107.466095,DATA,2,1,3,15,15,31.6472321,81.1010056,-8.662367,1.56503558,4.02686548,3.88388467,139.986389,-2.20858765,-7.99471951,-0.01000005,3.25516033,139.594162,0.445387125,0.253608823,1.0,0.0,0.0,0.0
107.521805,DATA,2,1,3,15,15,31.7029419,81.1567154,-8.548688,1.56491137,3.90674543,3.90286541,140.0353,-2.18917847,-7.88879061,-0.00999999,3.12884927,140.161972,0.0,0.0,1.0,0.0,0.0,0.0
107.577339,DATA,2,1,3,15,15,31.7584763,81.21225,-8.439919,1.564894,3.77648735,3.96171975,139.9918,-2.26062,-7.78027725,-0.01000005,2.99878287,140.161972,0.0,0.0,1.0,0.0,0.0,0.0
107.63327,DATA,2,1,3,15,15,31.8144073,81.26818,-8.331437,1.564664,3.64606977,4.08247948,139.3268,-2.23291016,-7.67181,-0.01000011,2.86877275,140.161972,-0.8154546,-0.0538651943,1.0,0.0,0.0,0.0
107.688156,DATA,2,1,3,15,15,31.8692932,81.32307,-8.28338051,1.5644114,3.464914,4.16886234,134.433319,-2.239624,-7.56199074,-0.01000005,2.7447772,135.423447,-0.997924745,-0.06408882,1.0,0.0,0.0,0.0
107.744087,DATA,2,1,3,15,15,31.9252243,81.379,-8.222954,1.564369,3.28667831,4.20207453,129.34079,-2.16619873,-7.4426136,-0.00999999,2.63119745,130.488983,-0.997924745,-0.06408882,1.0,0.0,0.0,0.0
107.799759,DATA,2,1,3,15,15,31.980896,81.43467,-8.146041,1.56437945,3.11164927,4.206376,124.200256,-2.15380859,-7.31170845,-0.01000005,2.5266664,125.472282,-0.997924745,-0.06408882,1.0,0.0,0.0,0.0
107.85527,DATA,2,1,3,15,15,32.0364075,81.49018,-8.055097,1.56435776,2.945547,4.208015,119.1538,-2.11508179,-7.173508,-0.00999999,2.43481,120.502831,-0.997924745,-0.06408882,1.0,0.0,0.0,0.0
107.91069,DATA,2,1,3,15,15,32.0918274,81.5456,-7.94884443,1.564362,2.786309,4.208005,114.109253,-2.06896973,-7.02616167,-0.00999999,2.35441375,115.476151,-0.997924745,-0.06408882,1.0,0.0,0.0,0.0
107.9675,DATA,2,1,3,15,15,32.1486359,81.60241,-7.82953453,1.56424332,2.63741851,4.28483772,108.933662,-2.01312256,-6.8729353,-0.01000011,2.28747272,110.468727,-0.997924745,-0.06408882,1.0,0.0,0.0,0.0
108.022278,DATA,2,1,3,15,15,32.2034149,81.65719,-7.699033,1.56417513,2.500829,4.30339527,103.876289,-1.95986938,-6.71599,-0.01000005,2.234625,105.509415,-0.997924745,-0.06408882,1.0,0.0,0.0,0.0
108.077614,DATA,2,1,3,15,15,32.25875,81.7125244,-7.5570426,1.564196,2.37587833,4.29500246,98.79306,-1.91088867,-6.55484438,-0.01000011,2.19549632,100.543388,-0.997924745,-0.06408882,1.0,0.0,0.0,0.0
108.132668,DATA,2,1,3,15,15,32.3138046,81.76758,-7.403703,1.56431389,2.26291227,4.28700924,93.798584,-1.94934082,-6.38980436,-0.01000011,2.17033386,95.5438461,-0.997924745,-0.06408882,1.0,0.0,0.0,0.0
108.188545,DATA,2,1,3,15,15,32.3696823,81.8234558,-7.241646,1.564276,2.16362858,4.337466,88.8788147,-1.90844727,-6.22358131,-0.01000005,2.15966,90.55578,-0.997924745,-0.06408882,1.0,0.0,0.0,0.0
108.244148,DATA,2,1,3,15,15,32.4252853,81.87906,-7.072114,1.56419015,2.07951856,4.349876,84.8572159,-1.92321777,-6.05737162,-0.01000005,2.16345978,85.59032,0.0,0.0,1.0,0.0,0.0,0.0
108.299782,DATA,2,1,3,15,15,32.48092,81.93469,-6.90536833,1.5642736,2.092231,4.319632,84.92812,-1.887207,-5.89047,-0.01000005,2.17633033,85.59032,0.0,0.0,1.0,0.0,0.0,0.0
108.3551,DATA,2,1,3,15,15,32.53624,81.99001,-6.74078131,1.56450272,2.10499167,4.20992851,84.91168,-1.88702393,-5.725521,-0.01000011,2.18905067,85.59032,0.0,0.0,1.0,0.0,0.0,0.0
108.410187,DATA,2,1,3,15,15,32.5913239,82.0451,-6.573599,1.56476486,2.11789918,4.09572935,84.88204,-1.86395264,-5.55805254,-0.01000011,2.201965,85.59032,0.0,0.0,0.0,0.0,0.0,0.0
108.466026,DATA,2,1,3,15,15,32.6471634,82.10094,-6.57391644,1.56485176,2.11802173,4.019469,84.8978348,-1.80975342,-5.55805254,-0.01000011,2.201965,85.59032,0.0,0.0,0.0,0.0,0.0,0.0
108.521591,DATA,2,1,3,15,15,32.70273,82.1565,-6.57414246,1.56492651,2.11804938,3.97752476,84.900795,-1.79727173,-5.55805254,-0.01000011,2.201965,85.59032,0.0,0.0,0.0,0.0,0.0,0.0
108.576584,DATA,2,1,3,15,15,32.75772,82.2114944,-6.570841,1.56512678,2.082887,3.87726665,82.2100143,-1.79550171,-5.55805254,-0.01000011,2.201965,83.613945,-0.9757683,-0.2187872,0.0,0.0,0.0,0.0
108.632637,DATA,2,1,3,15,15,32.8137741,82.26755,-6.55738926,1.56531453,1.998419,3.77565765,77.3091354,-1.79104614,-5.55805254,-0.01000011,2.201965,78.8013458,-0.9729606,-0.230842,0.0,0.0,0.0,0.0
108.687775,DATA,2,1,3,15,15,32.86891,82.3226852,-6.53713131,1.56534255,1.916195,3.73375416,72.4941254,-1.781189,-5.55805254,-0.01000011,2.201965,74.03236,-0.965330958,-0.260902762,0.0,0.0,0.0,0.0
108.743912,DATA,2,1,3,15,15,32.92505,82.37882,-6.50981,1.565286,1.83543932,3.755411,67.63495,-1.783081,-5.55805254,-0.01000011,2.201965,69.23392,-0.962675869,-0.270546556,0.0,0.0,0.0,0.0
108.799553,DATA,2,1,3,15,15,32.98069,82.43446,-6.47510147,1.565199,1.7556448,3.81538224,62.7884,-1.75900269,-5.55805254,-0.01000011,2.201965,64.3368149,-0.9623402,-0.271858931,0.0,0.0,0.0,0.0
108.854721,DATA,2,1,3,15,15,33.03586,82.48963,-6.434396,1.56534421,1.68026674,3.76403785,57.9746475,-1.7434082,-5.55805254,-0.01000011,2.201965,59.52016,-0.9623402,-0.271858931,0.0,0.0,0.0,0.0
108.910583,DATA,2,1,3,15,15,33.09172,82.5454941,-6.38726234,1.56537807,1.60810423,3.77187777,53.142807,-1.70922852,-5.55805254,-0.01000011,2.201965,54.68278,-0.9623402,-0.271858931,0.0,0.0,0.0,0.0
108.966,DATA,2,1,3,15,15,33.14714,82.600914,-6.33558226,1.56547141,1.54176283,3.67532277,48.3909836,-1.74337769,-5.55805254,-0.01000011,2.201965,49.96553,-0.9623402,-0.271858931,0.0,0.0,0.0,0.0
109.021729,DATA,2,1,3,15,15,33.2028656,82.65664,-6.27665,1.56555426,1.47794056,3.6179893,43.5697327,-1.78872681,-5.55805254,-0.01000011,2.201965,45.0989952,-0.9623402,-0.271858931,0.0,0.0,0.0,0.0
109.0768,DATA,2,1,3,15,15,33.2579346,82.71171,-6.213647,1.56577373,1.4201771,3.57672143,38.81492,-1.8210144,-5.55805254,-0.01000011,2.201965,40.2988625,-0.9623402,-0.271858931,0.0,0.0,0.0,0.0
109.132927,DATA,2,1,3,15,15,33.314064,82.76784,-6.144939,1.56587541,1.36721551,3.522718,33.9792633,-1.83227539,-5.55805254,-0.01000011,2.201965,35.43809,-0.9623402,-0.271858931,0.0,0.0,0.0,0.0
109.18821,DATA,2,1,3,15,15,33.3693466,82.82312,-6.07370853,1.56582272,1.32116854,3.47504544,29.2294331,-1.85821533,-5.55805254,-0.01000011,2.201965,30.6840439,-0.96292,-0.269661546,0.0,0.0,0.0,0.0
109.243576,DATA,2,1,3,15,15,33.4247131,82.87849,-5.9969883,1.56588614,1.28038919,3.4201293,24.41756,-1.8425293,-5.55805254,-0.01000011,2.201965,25.8156033,-0.970183432,-0.242286444,0.0,0.0,0.0,0.0
109.299606,DATA,2,1,3,15,15,33.4807434,82.93452,-5.91777658,1.56609893,1.24659467,3.37414742,19.5555534,-1.91879272,-5.55805254,-0.01000011,2.201965,20.9841137,-0.9792169,-0.20273447,0.0,0.0,0.0,0.0
109.355,DATA,2,1,3,15,15,33.53614,82.9899139,-5.83423233,1.56613636,1.219018,3.37531376,14.6935415,-1.92797852,-5.55805254,-0.01000011,2.201965,16.0523338,-0.9794305,-0.20160532,0.0,0.0,0.0,0.0
109.410179,DATA,2,1,3,15,15,33.5913162,83.04509,-5.74979067,1.56613612,1.19890416,3.34186745,9.812955,-1.93041992,-5.55805254,-0.01000011,2.201965,11.1796341,-0.9778436,-0.209173918,0.0,0.0,0.0,0.0
109.466141,DATA,2,1,3,15,15,33.6472778,83.10105,-5.664097,1.56620634,1.18608713,3.330134,4.877777,-1.90316772,-5.55805254,-0.01000011,2.201965,6.31636238,-0.9774468,-0.210943937,0.0,0.0,0.0,0.0
109.5216,DATA,2,1,3,15,15,33.7027359,83.15651,-5.57702637,1.56632316,1.18062389,3.26342869,0.0267139021,-1.87127686,-5.55805254,-0.01000011,2.201965,1.41824448,-0.9774468,-0.210943937,0.0,0.0,0.0,0.0
109.57711,DATA,2,1,3,15,15,33.7582474,83.21202,-5.48924971,1.566349,1.1826694,3.258304,-4.8147583,-1.854065,-5.55805254,-0.01000011,2.201965,-3.51165771,-0.9774468,-0.210943937,0.0,0.0,0.0,0.0
109.632515,DATA,2,1,3,15,15,33.813652,83.2674255,-5.402459,1.5663377,1.192196,3.26726151,-9.69012451,-1.88439941,-5.55805254,-0.01000011,2.201965,-8.410767,-0.9774468,-0.210943937,0.0,0.0,0.0,0.0
109.687836,DATA,2,1,3,15,15,33.8689728,83.32275,-5.31816,1.56632972,1.20875037,3.30787468,-14.5577393,-1.85388184,-5.55805254,-0.01000011,2.201965,-13.2320251,-0.9774468,-0.210943937,0.0,0.0,0.0,0.0
109.744057,DATA,2,1,3,15,15,33.9251938,83.37897,-5.233991,1.56636059,1.23291051,3.30531716,-19.522644,-1.83428955,-5.55805254,-0.01000011,2.201965,-18.14624,-0.9774468,-0.210943937,0.0,0.0,0.0,0.0
109.799446,DATA,2,1,3,15,15,33.9805832,83.43436,-5.15140343,1.56631529,1.2646023,3.26579261,-24.45819,-1.810669,-5.55805254,-0.01000011,2.201965,-23.118042,-0.9774468,-0.210943937,0.0,0.0,0.0,0.0
109.855148,DATA,2,1,3,15,15,34.0362854,83.49006,-5.073275,1.56632721,1.30255139,3.31228828,-29.2988281,-1.87011719,-5.55805254,-0.01000011,2.201965,-27.98465,-0.9777215,-0.209875822,0.0,0.0,0.0,0.0
109.910469,DATA,2,1,3,15,15,34.0916061,83.54538,-4.999142,1.56612408,1.3466754,3.3931663,-34.0680237,-1.81921387,-5.55805254,-0.01000011,2.201965,-32.8205872,-0.9777215,-0.209875822,0.0,0.0,0.0,0.0
109.966255,DATA,2,1,3,15,15,34.1473923,83.6011658,-4.9288063,1.56601846,1.39697886,3.428693,-38.94464,-1.79730225,-5.55805254,-0.01000011,2.201965,-37.66577,-0.978148758,-0.2076174,0.0,0.0,0.0,0.0
110.0212,DATA,2,1,3,15,15,34.20234,83.65611,-4.862493,1.56593215,1.45364678,3.48976731,-43.8321228,-1.74603271,-5.55805254,-0.01000011,2.201965,-42.5639648,-0.9794305,-0.20160532,0.0,0.0,0.0,0.0
110.0771,DATA,2,1,3,15,15,34.25824,83.71201,-4.800769,1.56595051,1.51624346,3.48084164,-48.7373657,-1.714325,-5.55805254,-0.01000011,2.201965,-47.4937134,-0.9808954,-0.194463968,0.0,0.0,0.0,0.0
110.132561,DATA,2,1,3,15,15,34.3136978,83.76747,-4.74480343,1.565921,1.58371079,3.480005,-53.5787048,-1.68432617,-5.55805254,-0.01000011,2.201965,-52.41992,-0.983306348,-0.181829333,0.0,0.0,0.0,0.0
110.1879,DATA,2,1,3,15,15,34.3690338,83.82281,-4.69532,1.56582892,1.65512514,3.51309943,-58.4060059,-1.65579224,-5.55805254,-0.01000011,2.201965,-57.2974243,-0.987487435,-0.1575365,0.0,0.0,0.0,0.0
110.243729,DATA,2,1,3,15,15,34.4248657,83.87864,-4.651756,1.56573081,1.73132288,3.58195353,-63.316864,-1.62420654,-5.55805254,-0.01000011,2.201965,-62.2305,-0.9906613,-0.136265159,0.0,0.0,0.0,0.0
110.299507,DATA,2,1,3,15,15,34.4806442,83.93442,-4.61453772,1.565621,1.81193554,3.65555048,-68.22641,-1.56707764,-5.55805254,-0.01000011,2.201965,-67.2219849,-0.9979858,-0.0636615753,0.0,0.0,0.0,0.0
110.355019,DATA,2,1,3,15,15,34.5361557,83.98993,-4.62211657,1.56555843,1.90819573,3.69037938,-73.13138,-1.49679565,-5.59563875,-0.01000005,2.21489429,-72.19867,-0.969878256,0.243385136,1.0,0.0,0.0,0.0
110.410316,DATA,2,1,3,15,15,34.5914536,84.04523,-4.769031,1.565558,2.0119884,3.743053,-75.50568,-1.48504639,-5.758507,-0.00999999,2.261723,-75.54309,0.0,0.0,1.0,0.0,0.0,0.0
110.466461,DATA,2,1,3,15,15,34.6476,84.10137,-4.92860031,1.5654074,2.05316854,3.81244254,-75.39722,-1.45547485,-5.917936,-0.01000011,2.30282617,-75.54309,0.0,0.0,1.0,0.0,0.0,0.0
110.521423,DATA,2,1,3,15,15,34.70256,84.1563339,-5.089006,1.56528091,2.09466624,3.84192729,-75.2709045,-1.42654419,-6.0782485,-0.01000005,2.34415722,-75.54309,0.0,0.0,1.0,0.0,0.0,0.0
110.577522,DATA,2,1,3,15,15,34.75866,84.21243,-5.2520833,1.56520367,2.13698578,3.90975738,-75.1371155,-1.39297485,-6.24140024,-0.01000011,2.38622022,-75.54309,0.0,0.0,1.0,0.0,0.0,0.0
110.632607,DATA,2,1,3,15,15,34.8137436,84.26752,-5.413658,1.56523538,2.17882466,3.86965656,-74.99469,-1.43338013,-6.40304327,-0.01000005,2.42789435,-75.54309,0.0,0.0,1.0,0.0,0.0,0.0
110.688034,DATA,2,1,3,15,15,34.86917,84.3229446,-5.575725,1.56532264,2.22093916,3.82948017,-74.88898,-1.47473145,-6.56529951,-0.00999999,2.46972656,-75.54309,0.0,0.0,1.0,0.0,0.0,0.0
110.7436,DATA,2,1,3,15,15,34.924736,84.37851,-5.732085,1.5653851,2.26148844,3.77790236,-74.80713,-1.48959351,-6.721811,-0.01000005,2.51007748,-75.54309,0.0,0.0,1.0,0.0,0.0,0.0
110.799637,DATA,2,1,3,15,15,34.9807739,84.43455,-5.89453268,1.56550145,2.30354524,3.69848728,-74.80023,-1.50878906,-6.88444376,-0.01000005,2.55200672,-75.54309,0.0,0.0,1.0,0.0,0.0,0.0
110.855179,DATA,2,1,3,15,15,35.0363159,84.49009,-6.057625,1.56563663,2.34562874,3.62184572,-74.8051758,-1.53448486,-7.047601,-0.00999999,2.59407115,-75.54309,0.0,0.0,1.0,0.0,0.0,0.0
110.909485,DATA,2,1,3,15,15,35.0906219,84.5443954,-6.218277,1.56576753,2.387151,3.56763959,-74.73068,-1.57940674,-7.208364,-0.01000005,2.63551831,-75.54309,0.0,0.0,1.0,0.0,0.0,0.0
110.966133,DATA,2,1,3,15,15,35.14727,84.60104,-6.38243532,1.56576538,2.41460586,3.586391,-72.96323,-1.54544067,-7.36911774,-0.00999999,2.676963,-74.74274,0.8867153,-0.418225646,1.0,0.0,0.0,0.0
111.021873,DATA,2,1,3,15,15,35.20301,84.6567841,-6.564559,1.5657568,2.38748479,3.577346,-68.28812,-1.52862549,-7.528191,-0.01000005,2.72534537,-70.30328,0.8964201,-0.443159223,1.0,0.0,0.0,0.0
111.077469,DATA,2,1,3,15,15,35.258606,84.71238,-6.750234,1.56582952,2.374424,3.54573679,-63.5839233,-1.4694519,-7.68466043,-0.00999999,2.786617,-65.81094,0.8855556,-0.464491725,1.0,0.0,0.0,0.0
111.132324,DATA,2,1,3,15,15,35.31346,84.7672348,-6.93376255,1.56597924,2.37627816,3.48654,-59.00769,-1.42138672,-7.833944,-0.0100001693,2.85891414,-61.4081726,0.882656336,-0.469985,1.0,0.0,0.0,0.0
111.188126,DATA,2,1,3,15,15,35.3692627,84.82304,-7.116915,1.56615376,2.39253926,3.37939334,-54.4408569,-1.322937,-7.977691,-0.00999999,2.94271564,-57.0187073,0.8750572,-0.483962536,1.0,0.0,0.0,0.0
111.243919,DATA,2,1,3,15,15,35.4250565,84.87883,-7.29867,1.56615281,2.42305255,3.342698,-49.90869,-1.25427246,-8.114949,-0.01000005,3.03748274,-52.6416321,0.8740196,-0.4858241,1.0,0.0,0.0,0.0
111.299,DATA,2,1,3,15,15,35.48014,84.9339142,-7.475439,1.56619358,2.46684384,3.316699,-45.4933777,-1.19894409,-8.243116,-0.00999999,3.141186,-48.3197632,0.873165131,-0.487411141,1.0,0.0,0.0,0.0
111.354683,DATA,2,1,3,15,15,35.53582,84.98959,-7.652742,1.5662365,2.52548838,3.31780171,-41.0467529,-1.17648315,-8.366038,-0.01000005,3.2571795,-43.8978577,0.8710593,-0.49107337,1.0,0.0,0.0,0.0
111.409958,DATA,2,1,3,15,15,35.591095,85.04487,-7.82084656,1.56621456,2.595959,3.32590365,-36.6820679,-1.09674072,-8.476999,-0.00999999,3.3791976,-39.58853,0.8691977,-0.494430423,1.0,0.0,0.0,0.0
111.465935,DATA,2,1,3,15,15,35.64707,85.1008453,-7.98504925,1.56618667,2.68012214,3.337847,-32.2828369,-1.09848022,-8.579612,-0.01000005,3.51072979,-35.24106,0.86739707,-0.497573733,1.0,0.0,0.0,0.0
111.521774,DATA,2,1,3,15,15,35.70291,85.1566849,-8.140345,1.5661242,2.77528358,3.36473417,-27.9332275,-1.03335571,-8.67093849,-0.01000005,3.64801168,-30.95111,0.866695166,-0.498764038,1.0,0.0,0.0,0.0
111.57695,DATA,2,1,3,15,15,35.7580872,85.21186,-8.291175,1.56616831,2.88430381,3.36453056,-23.6314087,-0.989349365,-8.753418,-0.0100001693,3.79493237,-26.5692139,0.866695166,-0.498764038,1.0,0.0,0.0,0.0
111.632751,DATA,2,1,3,15,15,35.81389,85.26766,-8.436507,1.56617284,3.00758076,3.38913774,-19.2597351,-0.9411316,-8.826109,-0.01000005,3.95161676,-22.0839539,0.864955544,-0.5018158,1.0,0.0,0.0,0.0
111.68782,DATA,2,1,3,15,15,35.8689575,85.32273,-8.563044,1.56627011,3.132776,3.299655,-15.0958862,-0.915161133,-8.882695,-0.01000005,4.102843,-17.9031677,0.7788018,-0.462874174,1.0,0.0,0.0,0.0
111.745262,DATA,2,1,3,15,15,35.9264,85.38017,-8.653417,1.56642747,3.279304,3.20920825,-13.3229065,-0.8899231,-8.930231,-0.01000005,4.26258945,-15.3789063,0.0,0.0,1.0,0.0,0.0,0.0
111.799011,DATA,2,1,3,15,15,35.98015,85.43392,-8.697284,1.56665754,3.43869114,3.07136726,-13.3362732,-0.8338623,-8.974138,-0.00999999,4.42222452,-15.3789063,0.0,0.0,1.0,0.0,0.0,0.0
111.854927,DATA,2,1,3,15,15,36.0360641,85.48984,-8.708448,1.56689787,3.47903252,2.931563,-13.3750305,-0.723846436,-8.985321,-0.00999999,4.46288157,-15.3789063,0.0,0.0,0.0,0.0,0.0,0.0
111.910309,DATA,2,1,3,15,15,36.0914459,85.54522,-8.708599,1.56717288,3.47848725,2.76113129,-13.4673767,-0.5984802,-8.985321,-0.00999999,4.46288157,-15.3789063,0.0,0.0,0.0,0.0,0.0,0.0
111.96669,DATA,2,1,3,15,15,36.1478271,85.6016,-8.708699,1.56741238,3.47784281,2.626464,-13.5404358,-0.5860901,-8.985321,-0.00999999,4.46288157,-15.3789063,0.0,0.0,0.0,0.0,0.0,0.0
112.021477,DATA,2,1,3,15,15,36.2026138,85.65639,-8.708726,1.56769669,3.477301,2.480778,-13.5481262,-0.5170288,-8.985321,-0.00999999,4.46288157,-15.3789063,0.0,0.0,0.0,0.0,0.0,0.0
112.076843,DATA,2,1,3,15,15,36.25798,85.7117538,-8.708707,1.56795442,3.47676635,2.3073,-13.533844,-0.463500977,-8.985321,-0.00999999,4.46288157,-15.3789063,0.0,0.0,0.0,0.0,0.0,0.0
112.132538,DATA,2,1,3,15,15,36.3136749,85.76745,-8.719674,1.56827974,3.516266,2.13067126,-13.5354309,-0.38067627,-8.996324,-0.00999999,4.502885,-15.3789063,0.0,0.0,1.0,0.0,0.0,0.0
112.187691,DATA,2,1,3,15,15,36.3688278,85.8226,-8.763169,1.56840134,3.67354846,1.99516237,-13.5828857,-0.3427124,-9.039668,-0.01000005,4.66047239,-15.3789063,0.0,0.0,1.0,0.0,0.0,0.0
112.2439,DATA,2,1,3,15,15,36.4250336,85.87881,-8.807681,1.56842446,3.83538914,1.98092651,-13.5992432,-0.3375244,-9.084273,-0.01000005,4.82264471,-15.3789063,0.0,0.0,1.0,0.0,0.0,0.0
112.298767,DATA,2,1,3,15,15,36.4799042,85.93368,-8.851685,1.56848264,3.99584317,1.98403108,-13.58374,-0.365509033,-9.12844849,-0.00999999,4.98325253,-15.3789063,0.0,0.0,1.0,0.0,0.0,0.0
112.354271,DATA,2,1,3,15,15,36.535408,85.98918,-8.896173,1.56850171,4.158098,1.95614481,-13.5807495,-0.402160645,-9.17307949,-0.01000005,5.14551735,-15.3789063,0.0,0.0,1.0,0.0,0.0,0.0
112.410072,DATA,2,1,3,15,15,36.59121,86.04498,-8.939648,1.56850135,4.31645441,1.95137525,-13.5863647,-0.417449951,-9.216615,-0.00999999,5.30379534,-15.3789063,0.0,0.0,1.0,0.0,0.0,0.0
112.466232,DATA,2,1,3,15,15,36.64737,86.10114,-8.983946,1.56846714,4.47792149,1.9324652,-13.5937805,-0.398834229,-9.260962,-0.01000005,5.46502924,-15.3789063,0.0,0.0,1.0,0.0,0.0,0.0
112.522247,DATA,2,1,3,15,15,36.7033844,86.15716,-9.027819,1.5684278,4.637956,1.99657834,-13.58551,-0.424926758,-9.304887,-0.00999999,5.62472773,-15.3789063,0.0,0.0,1.0,0.0,0.0,0.0
112.5774,DATA,2,1,3,15,15,36.7585373,86.21231,-9.07279,1.56828523,4.801967,2.08318448,-13.561676,-0.4571228,-9.349927,-0.01000005,5.78848076,-15.3789063,0.0,0.0,1.0,0.0,0.0,0.0
112.632957,DATA,2,1,3,15,15,36.8140945,86.26787,-9.12966251,1.56820416,4.959082,2.09713459,-12.2182007,-0.467132568,-9.394094,-0.01000005,5.949062,-14.6519165,0.667683959,-0.3028047,1.0,0.0,0.0,0.0
112.688118,DATA,2,1,3,15,15,36.8692551,86.32303,-9.238959,1.56822932,5.106305,2.03744578,-8.047821,-0.513977051,-9.432594,-0.00999999,6.11254025,-10.593689,0.8876003,-0.398480177,1.0,0.0,0.0,0.0
112.744171,DATA,2,1,3,15,15,36.92531,86.37908,-9.341869,1.56838858,5.25661373,1.94117308,-3.624237,-0.5378113,-9.458168,-0.01000011,6.2748723,-6.214325,0.889400959,-0.39982295,1.0,0.0,0.0,0.0
112.799416,DATA,2,1,3,15,15,36.9805527,86.4343262,-9.434289,1.56857967,5.416589,1.84172428,0.832383037,-0.566070557,-9.471369,-0.01000005,6.44079828,-1.76766968,0.896603346,-0.414288759,1.0,0.0,0.0,0.0
112.854759,DATA,2,1,3,15,15,37.0358963,86.48967,-9.516017,1.56853819,5.58508444,1.86703539,5.377574,-0.582489,-9.471554,-0.01000005,6.60922146,2.79681373,0.906949043,-0.421155453,1.0,0.0,0.0,0.0
112.910423,DATA,2,1,3,15,15,37.09156,86.5453339,-9.583301,1.56855655,5.756487,1.86890972,9.91534,-0.5848999,-9.458633,-0.01000005,6.7740016,7.295053,0.906949043,-0.421155453,1.0,0.0,0.0,0.0
112.965523,DATA,2,1,3,15,15,37.14666,86.60043,-9.636605,1.56861532,5.931153,1.811951,14.3720684,-0.5509949,-9.433068,-0.01000011,6.935989,11.758112,0.906949043,-0.421155453,1.0,0.0,0.0,0.0
113.021828,DATA,2,1,3,15,15,37.2029648,86.65674,-9.67489052,1.568825,6.1157074,1.754676,18.4322758,-0.592987061,-9.393394,-0.01000005,7.1014514,16.2519016,0.489211679,-0.234138012,1.0,0.0,0.0,0.0
113.077454,DATA,2,1,3,15,15,37.25859,86.7123642,-9.638135,1.56887412,6.2755084,1.70512283,18.5767117,-0.5782471,-9.346297,-0.00999999,7.258369,16.8604679,0.0,0.0,1.0,0.0,0.0,0.0
113.132309,DATA,2,1,3,15,15,37.313446,86.76722,-9.588813,1.56888986,6.43835,1.67585814,18.5635338,-0.5805359,-9.296896,-0.01000005,7.42137241,16.8604679,0.0,0.0,1.0,0.0,0.0,0.0
113.18824,DATA,2,1,3,15,15,37.3693771,86.82315,-9.541134,1.56895375,6.59579754,1.63920927,18.5610886,-0.562927246,-9.249109,-0.01000011,7.579049,16.8604679,0.0,0.0,1.0,0.0,0.0,0.0
113.243233,DATA,2,1,3,15,15,37.42437,86.87814,-9.493113,1.56913507,6.75425243,1.5811373,18.5999069,-0.5909729,-9.201054,-0.01000011,7.73761225,16.8604679,0.0,0.0,1.0,0.0,0.0,0.0
113.299255,DATA,2,1,3,15,15,37.4803925,86.934166,-9.444351,1.56917453,6.91476059,1.601262,18.7290783,-0.6280823,-9.152376,-0.0100001693,7.898227,16.8604679,0.0,0.0,1.0,0.0,0.0,0.0
113.355148,DATA,2,1,3,15,15,37.5362854,86.99006,-9.408125,1.56911337,7.07900429,1.64399922,20.399477,-0.641387939,-9.10371,-0.01000011,8.058802,17.5706,0.887142539,-0.413434267,1.0,0.0,0.0,0.0
113.409851,DATA,2,1,3,15,15,37.59099,87.04476,-9.427941,1.56902814,7.26047468,1.6314013,24.915226,-0.6310425,-9.049648,-0.01000011,8.213935,21.9595,0.900265455,-0.416699767,1.0,0.0,0.0,0.0
113.466362,DATA,2,1,3,15,15,37.6475,87.10127,-9.43529,1.56899309,7.44757366,1.66653419,29.74458,-0.6121521,-8.982222,-0.01000005,8.367741,26.54678,0.9146397,-0.4042176,1.0,0.0,0.0,0.0
113.521645,DATA,2,1,3,15,15,37.70278,87.1565552,-9.427973,1.56893587,7.630418,1.72326636,34.5268173,-0.6902466,-8.904666,-0.01000005,8.512184,31.0457687,0.913998842,-0.405652046,1.0,0.0,0.0,0.0
113.577621,DATA,2,1,3,15,15,37.75876,87.21253,-9.405478,1.56871772,7.81824541,1.86234272,39.398407,-0.7079468,-8.812733,-0.0100001693,8.654885,35.7015457,0.9134495,-0.406872749,1.0,0.0,0.0,0.0
113.633034,DATA,2,1,3,15,15,37.81417,87.2679443,-9.368287,1.56845176,8.000627,1.985914,44.22998,-0.7588806,-8.711275,-0.01000011,8.787502,40.2783928,0.9134495,-0.406872749,1.0,0.0,0.0,0.0
113.688118,DATA,2,1,3,15,15,37.8692551,87.32303,-9.317352,1.56836522,8.17787,2.067253,49.07429,-0.7973633,-8.600436,-0.01000011,8.910682,44.820446,0.9134495,-0.406872749,1.0,0.0,0.0,0.0
113.743858,DATA,2,1,3,15,15,37.9249954,87.37877,-9.25180149,1.56838691,8.35213,2.05997944,54.00772,-0.862762451,-8.479083,-0.01000011,9.025689,49.40327,0.9134495,-0.406872749,1.0,0.0,0.0,0.0
113.7996,DATA,2,1,3,15,15,37.9807358,87.43451,-9.172735,1.568333,8.520315,2.10104728,58.988945,-0.895904541,-8.349025,-0.01000011,9.130556,53.982708,0.9134495,-0.406872749,1.0,0.0,0.0,0.0
113.854836,DATA,2,1,3,15,15,38.0359726,87.4897461,-9.080653,1.56834435,8.681285,2.14585853,63.9627838,-0.8708496,-8.211395,-0.01000011,9.224459,58.5496063,0.9134495,-0.406872749,1.0,0.0,0.0,0.0
113.909988,DATA,2,1,3,15,15,38.0911255,87.5449,-8.977099,1.56824386,8.833225,2.22665119,68.85028,-0.811859131,-8.06790352,-0.01000011,9.30648,63.0799522,0.912991762,-0.407879829,1.0,0.0,0.0,0.0
113.966156,DATA,2,1,3,15,15,38.1472931,87.60107,-8.860202,1.56800723,8.978552,2.315948,73.70035,-0.8217163,-7.91636038,-0.01000005,9.377793,67.66848,0.912991762,-0.407879829,1.0,0.0,0.0,0.0
114.021935,DATA,2,1,3,15,15,38.20307,87.6568451,-8.73271,1.56786931,9.113479,2.36783671,78.44849,-0.814209,-7.76036549,-0.01000011,9.436493,72.2347946,0.9124119,-0.409222722,1.0,0.0,0.0,0.0
114.077576,DATA,2,1,3,15,15,38.2587128,87.71249,-8.595032,1.56789327,9.237701,2.3869102,83.2009354,-0.8905945,-7.60034227,-0.01000005,9.482548,76.79396,0.9124119,-0.409222722,1.0,0.0,0.0,0.0
114.133286,DATA,2,1,3,15,15,38.3144226,87.7681961,-8.446402,1.56787539,9.351732,2.43338752,87.98612,-0.9232178,-7.43539858,-0.01000005,9.516039,81.4041061,0.9129307,-0.408032417,1.0,0.0,0.0,0.0
114.188309,DATA,2,1,3,15,15,38.3694458,87.82322,-8.29118252,1.56781912,9.45225,2.457897,92.695816,-0.9616089,-7.27035,-0.01000011,9.535978,85.9584351,0.9129307,-0.408032417,1.0,0.0,0.0,0.0
114.244087,DATA,2,1,3,15,15,38.4252243,87.879,-8.12966251,1.56773686,9.53963,2.455045,97.38177,-0.955444336,-7.10535526,-0.01000005,9.542739,90.4822,0.9129307,-0.408032417,1.0,0.0,0.0,0.0
114.300041,DATA,2,1,3,15,15,38.48118,87.93495,-7.95939,1.56789875,9.61512852,2.35685277,102.0675,-0.982605,-6.937908,-0.00999999,9.536298,95.07496,0.9140599,-0.405438423,1.0,0.0,0.0,0.0
114.355568,DATA,2,1,3,15,15,38.536705,87.99048,-7.78525972,1.56808043,9.67614651,2.244706,106.711151,-1.00344849,-6.773083,-0.01000005,9.516708,99.62772,0.9140599,-0.405438423,1.0,0.0,0.0,0.0
114.410538,DATA,2,1,3,15,15,38.5916748,88.04545,-7.606317,1.56825185,9.723496,2.129977,111.261116,-1.047699,-6.6097126,-0.01000005,9.483958,104.197945,0.9148228,-0.403790355,1.0,0.0,0.0,0.0
114.465919,DATA,2,1,3,15,15,38.6470566,88.10083,-7.42549372,1.56833458,9.756392,2.01703882,115.838982,-1.10244751,-6.450621,-0.00999999,9.438639,108.743057,0.9161047,-0.400891185,1.0,0.0,0.0,0.0
114.521606,DATA,2,1,3,15,15,38.7027435,88.15652,-7.242187,1.56845713,9.775005,1.92657781,120.427414,-1.15533447,-6.29530573,-0.01000011,9.380718,113.301949,0.916654,-0.399639845,1.0,0.0,0.0,0.0
114.576851,DATA,2,1,3,15,15,38.757988,88.21176,-7.0549,1.56858611,9.778795,1.87447989,124.99472,-1.19845581,-6.142634,-0.01000005,9.309399,117.937096,0.916654,-0.399639845,1.0,0.0,0.0,0.0
114.632408,DATA,2,1,3,15,15,38.8135452,88.26732,-6.870593,1.568763,9.767804,1.786208,129.5803,-1.25463867,-5.998354,-0.01000005,9.227273,122.503624,0.916654,-0.399639845,1.0,0.0,0.0,0.0
114.687706,DATA,2,1,3,15,15,38.8688431,88.32262,-6.6847744,1.56884241,9.741835,1.74067616,134.138214,-1.3057251,-5.858949,-0.00999999,9.132378,127.148277,0.920774,-0.390026569,1.0,0.0,0.0,0.0
114.743652,DATA,2,1,3,15,15,38.92479,88.37856,-6.50752926,1.56889009,9.702554,1.7074126,138.586487,-1.34970093,-5.73194075,-0.01000005,9.030128,131.643921,0.8786279,-0.3138523,1.0,0.0,0.0,0.0
114.799561,DATA,2,1,3,15,15,38.9806976,88.43447,-6.3493557,1.56888092,9.625719,1.74717975,140.63858,-1.35610962,-5.60904264,-0.00999999,8.914827,134.580048,0.0,0.0,1.0,0.0,0.0,0.0
114.854591,DATA,2,1,3,15,15,39.03573,88.4895,-6.230156,1.56892228,9.508237,1.76983654,140.559036,-1.40725708,-5.48985052,-0.01000005,8.79737,134.580048,0.0,0.0,1.0,0.0,0.0,0.0
114.910095,DATA,2,1,3,15,15,39.0912323,88.5450058,-6.11092949,1.56892133,9.39092,1.75701725,140.469421,-1.427002,-5.370766,-0.00999999,8.680018,134.580048,0.0,0.0,1.0,0.0,0.0,0.0
114.965561,DATA,2,1,3,15,15,39.146698,88.60047,-5.99487925,1.56888652,9.276858,1.745312,140.354385,-1.43737793,-5.25493574,-0.01000005,8.565873,134.580048,0.0,0.0,1.0,0.0,0.0,0.0
115.021561,DATA,2,1,3,15,15,39.2026978,88.65647,-5.8748703,1.56887317,9.158928,1.75641215,140.213135,-1.45623779,-5.135152,-0.01000005,8.447833,134.580048,0.0,0.0,1.0,0.0,0.0,0.0
115.077187,DATA,2,1,3,15,15,39.2583237,88.7121,-5.754731,1.56882036,9.040678,1.74306309,140.0876,-1.5012207,-5.01522541,-0.01000011,8.329652,134.580048,0.0,0.0,1.0,0.0,0.0,0.0
115.132263,DATA,2,1,3,15,15,39.3134,88.76717,-5.635146,1.56876063,8.922988,1.77660143,139.991348,-1.56033325,-4.89576054,-0.01000011,8.21192551,134.580048,0.0,0.0,1.0,0.0,0.0,0.0
115.187569,DATA,2,1,3,15,15,39.3687057,88.82248,-5.5185957,1.568711,8.808133,1.79557073,139.935776,-1.62365723,-4.7792635,-0.00999999,8.097124,134.580048,0.0,0.0,1.0,0.0,0.0,0.0
115.242661,DATA,2,1,3,15,15,39.4237976,88.87757,-5.39983,1.56862593,8.690959,1.8537302,139.905029,-1.631958,-4.6604805,-0.01000005,7.98006964,134.580048,0.0,0.0,1.0,0.0,0.0,0.0
115.299355,DATA,2,1,3,15,15,39.48049,88.9342651,-5.281041,1.56848347,8.573802,1.94399142,139.8902,-1.68911743,-4.541733,-0.00999999,7.86304951,134.580048,0.0,0.0,1.0,0.0,0.0,0.0
115.354126,DATA,2,1,3,15,15,39.5352631,88.98904,-5.13805342,1.568366,8.481481,1.97567,142.626175,-1.712738,-4.42344475,-0.01000005,7.74559832,136.537888,0.961851835,0.200537145,1.0,0.0,0.0,0.0
115.409195,DATA,2,1,3,15,15,39.590332,89.0441055,-4.96391535,1.56839633,8.414714,1.94585621,147.350845,-1.78469849,-4.313269,-0.01000005,7.62179232,141.3364,0.967741966,0.192388713,1.0,0.0,0.0,0.0
115.465172,DATA,2,1,3,15,15,39.64631,89.10008,-4.796873,1.56837785,8.331836,1.94881845,151.244171,-1.84265137,-4.21338272,-0.00999999,7.488544,146.05867,0.0,0.0,1.0,0.0,0.0,0.0
115.5212,DATA,2,1,3,15,15,39.70234,89.15611,-4.70438,1.56837749,8.194079,1.97029257,151.256119,-1.88128662,-4.120819,-0.01000005,7.351009,146.05867,0.0,0.0,1.0,0.0,0.0,0.0
115.576378,DATA,2,1,3,15,15,39.757515,89.21129,-4.61042643,1.56824219,8.054334,2.09750342,151.262024,-1.8868103,-4.026919,-0.00999999,7.21148872,146.05867,0.0,0.0,1.0,0.0,0.0,0.0
115.63224,DATA,2,1,3,15,15,39.8133774,89.26715,-4.544836,1.56801891,7.892895,2.221385,148.41037,-1.86978149,-3.93205166,-0.01000005,7.07160139,144.043564,-0.9990845,-0.0426343679,1.0,0.0,0.0,0.0
115.687279,DATA,2,1,3,15,15,39.8684158,89.32219,-4.511975,1.56791973,7.707172,2.215252,143.398956,-1.85626221,-3.83129525,-0.00999999,6.9417243,139.115921,-0.998809755,-0.04864645,1.0,0.0,0.0,0.0
115.744019,DATA,2,1,3,15,15,39.9251556,89.37893,-4.46261024,1.56790948,7.522952,2.21405458,138.2383,-1.81893921,-3.718314,-0.01000005,6.819517,134.127579,-0.9987487,-0.04989779,1.0,0.0,0.0,0.0
115.799263,DATA,2,1,3,15,15,39.9804,89.43417,-4.39723873,1.56791234,7.343792,2.25256371,133.165115,-1.7795105,-3.59511423,-0.01000005,6.70757771,129.138535,-0.9987487,-0.04989779,1.0,0.0,0.0,0.0
115.8544,DATA,2,1,3,15,15,40.0355377,89.48931,-4.315548,1.56772852,7.168826,2.36899233,128.119247,-1.69656372,-3.46080232,-0.00999999,6.60547161,124.08181,-0.9987487,-0.04989779,1.0,0.0,0.0,0.0
115.909996,DATA,2,1,3,15,15,40.0911331,89.54491,-4.21977329,1.56757641,7.00341558,2.41097879,123.036171,-1.635315,-3.31959653,-0.01000005,6.516526,119.079323,-0.9997864,-0.0190435648,1.0,0.0,0.0,0.0
115.96566,DATA,2,1,3,15,15,40.1467972,89.60057,-4.1000185,1.56760311,6.87818432,2.39880276,120.61898,-1.559967,-3.17437887,-0.00999999,6.441193,115.903831,0.0,0.0,1.0,0.0,0.0,0.0
116.02124,DATA,2,1,3,15,15,40.2023773,89.65615,-3.95014048,1.56780052,6.80579948,2.34720516,120.610954,-1.49459839,-3.02467823,-0.01000005,6.36849,115.903831,0.0,0.0,1.0,0.0,0.0,0.0
116.077332,DATA,2,1,3,15,15,40.25847,89.71224,-3.7972548,1.56782794,6.73170948,2.32665062,120.639122,-1.44296265,-2.87174368,-0.00999999,6.29421663,115.903831,0.0,0.0,1.0,0.0,0.0,0.0
116.131836,DATA,2,1,3,15,15,40.312973,89.76675,-3.64955139,1.567801,6.659987,2.33815932,120.6948,-1.40838623,-2.7239368,-0.01000005,6.222433,115.903831,0.0,0.0,1.0,0.0,0.0,0.0
116.1875,DATA,2,1,3,15,15,40.3686371,89.82241,-3.49775386,1.56784129,6.58627272,2.297887,120.718758,-1.40234375,-2.57200313,-0.01000005,6.1486454,115.903831,0.0,0.0,1.0,0.0,0.0,0.0
116.243431,DATA,2,1,3,15,15,40.42457,89.87834,-3.350509,1.56795609,6.51475954,2.24958277,120.709145,-1.40875244,-2.42471528,-0.00999999,6.077114,115.903831,0.0,0.0,1.0,0.0,0.0,0.0
116.2997,DATA,2,1,3,15,15,40.480835,89.93461,-3.19823623,1.5680356,6.44075966,2.20821071,120.705177,-1.41262817,-2.27241373,-0.01000005,6.003148,115.903831,0.0,0.0,1.0,0.0,0.0,0.0
116.354767,DATA,2,1,3,15,15,40.5359039,89.98968,-3.05026174,1.56798339,6.36876,2.2399838,120.738106,-1.4168396,-2.12438035,-0.00999999,5.93125439,115.903831,0.0,0.0,1.0,0.0,0.0,0.0
116.40995,DATA,2,1,3,15,15,40.5910873,90.04486,-2.89838147,1.56792712,6.29474974,2.27978683,120.760834,-1.457367,-1.97250831,-0.01000005,5.857497,115.903831,0.0,0.0,1.0,0.0,0.0,0.0
116.465691,DATA,2,1,3,15,15,40.6468277,90.1006,-2.74965882,1.56787658,6.22234631,2.34094763,120.817207,-1.45513916,-1.82380378,-0.00999999,5.785278,115.903831,0.0,0.0,1.0,0.0,0.0,0.0
116.52124,DATA,2,1,3,15,15,40.7023773,90.15615,-2.60073185,1.56773043,6.14997959,2.357018,120.832275,-1.44833374,-1.67497146,-0.01000005,5.71299648,115.903831,0.0,0.0,1.0,0.0,0.0,0.0
116.576981,DATA,2,1,3,15,15,40.7581177,90.21189,-2.44920874,1.56769013,6.07637167,2.369352,120.815826,-1.44747925,-1.5234673,-0.01000005,5.639417,115.903831,0.0,0.0,1.0,0.0,0.0,0.0
116.631615,DATA,2,1,3,15,15,40.81275,90.2665253,-2.30054379,1.5676223,6.00425243,2.404118,120.8167,-1.41427612,-1.37485015,-0.00999999,5.56724072,115.903831,0.0,0.0,1.0,0.0,0.0,0.0
116.687469,DATA,2,1,3,15,15,40.8686066,90.32238,-2.15074158,1.56761336,5.9315,2.386209,120.84053,-1.426239,-1.22501779,-0.01000005,5.49447346,115.903831,0.0,0.0,1.0,0.0,0.0,0.0
116.743057,DATA,2,1,3,15,15,40.9241943,90.37797,-2.00309539,1.56766224,5.85983324,2.38926435,120.879379,-1.43051147,-1.07740164,-0.00999999,5.422783,115.903831,0.0,0.0,1.0,0.0,0.0,0.0
116.79892,DATA,2,1,3,15,15,40.9800568,90.43383,-1.85109329,1.56763816,5.786061,2.38224769,120.916862,-1.44238281,-0.9253955,-0.01000005,5.34896,115.903831,0.0,0.0,1.0,0.0,0.0,0.0
116.854637,DATA,2,1,3,15,15,41.0357742,90.48955,-1.70057547,1.56762934,5.71304274,2.40296,120.953529,-1.40402222,-0.774938464,-0.01000011,5.2758894,115.903831,0.0,0.0,1.0,0.0,0.0,0.0
116.908691,DATA,2,1,3,15,15,41.08983,90.5436,-1.55168641,1.56753993,5.640824,2.43831658,120.994507,-1.38076782,-0.626122952,-0.01000005,5.20361662,115.903831,0.0,0.0,1.0,0.0,0.0,0.0
116.965469,DATA,2,1,3,15,15,41.1466064,90.60038,-1.40022767,1.56750453,5.56733036,2.445618,121.042862,-1.34759521,-0.474832743,-0.00999999,5.13014126,115.903831,0.0,0.0,1.0,0.0,0.0,0.0
117.020714,DATA,2,1,3,15,15,41.20185,90.6556244,-1.25103343,1.56746387,5.494858,2.48610735,121.101166,-1.38555908,-0.3257914,-0.01000005,5.05775833,115.903831,0.0,0.0,1.0,0.0,0.0,0.0
117.07666,DATA,2,1,3,15,15,41.2577972,90.71157,-1.079427,1.56739211,5.46590853,2.54015517,124.93174,-1.32168579,-0.176950067,-0.01000005,4.98346424,118.734276,0.885799766,-0.4207282,1.0,0.0,0.0,0.0
117.13176,DATA,2,1,3,15,15,41.3128967,90.76667,-0.8946302,1.5672605,5.449663,2.60868669,129.585449,-1.30987549,-0.032385435,-0.01000005,4.898628,123.201981,0.894070268,-0.4324168,1.0,0.0,0.0,0.0
117.187569,DATA,2,1,3,15,15,41.3687057,90.82248,-0.714228332,1.5671159,5.420167,2.69032645,134.308411,-1.290863,0.102993876,-0.01000011,4.804322,127.632423,0.8956877,-0.432996631,1.0,0.0,0.0,0.0
117.243027,DATA,2,1,3,15,15,41.4241638,90.87794,-0.534278154,1.567188,5.376177,2.68962979,139.055939,-1.27456665,0.232298329,-0.01000005,4.69842434,132.1284,0.8967254,-0.432111621,1.0,0.0,0.0,0.0
117.298706,DATA,2,1,3,15,15,41.4798431,90.93362,-0.360445023,1.56718087,5.31921673,2.68382049,143.730927,-1.20010376,0.351438016,-0.00999999,4.58420372,136.569183,0.8965728,-0.4332713,1.0,0.0,0.0,0.0
117.354012,DATA,2,1,3,15,15,41.53515,90.98892,-0.186911091,1.56712675,5.247061,2.65542316,148.251953,-1.16946411,0.4641788,-0.01000005,4.457774,141.127029,0.896939039,-0.4320506,1.0,0.0,0.0,0.0
117.409157,DATA,2,1,3,15,15,41.5902939,91.04407,-0.024379272,1.56709552,5.16425,2.65523481,152.5449,-1.123169,0.563568354,-0.01000005,4.32690334,145.547775,0.8954741,-0.428937674,1.0,0.0,0.0,0.0
117.465286,DATA,2,1,3,15,15,41.6464233,91.1002,0.130617857,1.56728673,5.06846857,2.63402247,156.514832,-1.05133057,0.6526168,-0.00999999,4.188726,149.919754,0.567339063,-0.301705956,1.0,0.0,0.0,0.0
117.520828,DATA,2,1,3,15,15,41.7019653,91.15574,0.234390289,1.56733632,4.93272161,2.59808683,157.17421,-0.9782715,0.7353564,-0.01000005,4.040957,151.26181,0.0,0.0,1.0,0.0,0.0,0.0
117.576233,DATA,2,1,3,15,15,41.75737,91.21114,0.3156611,1.56734014,4.78551054,2.56212425,157.122223,-0.8854675,0.8162181,-0.00999999,3.89349365,151.26181,0.0,0.0,1.0,0.0,0.0,0.0
117.631607,DATA,2,1,3,15,15,41.8127441,91.26652,0.396755368,1.56739211,4.638713,2.53779435,157.092346,-0.8586731,0.8968427,-0.01000005,3.74646235,151.26181,0.0,0.0,1.0,0.0,0.0,0.0
117.687035,DATA,2,1,3,15,15,41.86817,91.3219452,0.477611631,1.56736982,4.49239349,2.58529615,157.0117,-0.763916,0.9771984,-0.00999999,3.599922,151.26181,0.0,0.0,1.0,0.0,0.0,0.0
117.743172,DATA,2,1,3,15,15,41.92431,91.37808,0.5372902,1.56732225,4.38452864,2.61875916,156.970886,-0.7079468,1.03644991,-0.01000005,3.49186778,151.26181,0.0,0.0,0.0,0.0,0.0,0.0
117.798843,DATA,2,1,3,15,15,41.97998,91.433754,0.5374575,1.56725407,4.3846035,2.65908074,157.045456,-0.602172852,1.03644991,-0.01000005,3.49186778,151.26181,0.0,0.0,0.0,0.0,0.0,0.0
117.854332,DATA,2,1,3,15,15,42.03547,91.48924,0.537519157,1.56721854,4.384562,2.67233181,157.085861,-0.5563965,1.03644991,-0.01000005,3.49186778,151.26181,0.0,0.0,0.0,0.0,0.0,0.0
117.909485,DATA,2,1,3,15,15,42.0906219,91.5443954,0.537598431,1.56723022,4.384488,2.66540813,157.0915,-0.573181152,1.03644991,-0.01000005,3.49186778,151.26181,0.0,0.0,0.0,0.0,0.0,0.0
117.965004,DATA,2,1,3,15,15,42.14614,91.5999146,0.5375587,1.56725049,4.384327,2.614966,157.119324,-0.5788574,1.03644991,-0.01000005,3.49186778,151.26181,0.0,0.0,0.0,0.0,0.0,0.0
118.021584,DATA,2,1,3,15,15,42.20272,91.6564941,0.5375024,1.56728411,4.3842144,2.59921432,157.107,-0.616027832,1.03644991,-0.01000005,3.49186778,151.26181,0.0,0.0,0.0,0.0,0.0,0.0
118.077957,DATA,2,1,3,15,15,42.2590942,91.71287,0.558118463,1.56725717,4.34620571,2.61856842,157.098328,-0.64553833,1.05715632,-0.01000005,3.45410657,151.26181,0.0,0.0,1.0,0.0,0.0,0.0
118.131729,DATA,2,1,3,15,15,42.3128662,91.76664,0.6188534,1.56719661,4.23525858,2.65551376,157.073242,-0.6548767,1.11796176,-0.00999999,3.3432188,151.26181,0.0,0.0,0.0,0.0,0.0,0.0
118.187042,DATA,2,1,3,15,15,42.36818,91.82195,0.6188784,1.56712246,4.235242,2.70088935,156.957291,-0.66015625,1.11796176,-0.00999999,3.3432188,151.26181,0.0,0.0,0.0,0.0,0.0,0.0
118.243347,DATA,2,1,3,15,15,42.4244843,91.87826,0.618957043,1.56706655,4.23526525,2.75304437,156.829239,-0.6300049,1.11796176,-0.00999999,3.3432188,151.26181,0.0,0.0,0.0,0.0,0.0,0.0
118.300171,DATA,2,1,3,15,15,42.481308,91.93508,0.619241953,1.56694937,4.23533535,2.77304769,156.5737,-0.63067627,1.11796176,-0.00999999,3.3432188,151.26181,0.0,0.0,0.0,0.0,0.0,0.0
118.35466,DATA,2,1,3,15,15,42.5357971,91.98957,0.567829132,1.56692874,4.20446,2.79416132,152.009674,-0.6532898,1.11796176,-0.00999999,3.3432188,147.895447,-0.936307847,-0.351145983,0.0,0.0,0.0,0.0
118.409447,DATA,2,1,3,15,15,42.5905838,92.04436,0.498502553,1.56698036,4.15598249,2.74248648,146.877243,-0.6690674,1.11796176,-0.00999999,3.3432188,143.1221,-0.9734489,-0.228858352,0.0,0.0,0.0,0.0
118.465515,DATA,2,1,3,15,15,42.6466522,92.1004257,0.433127373,1.56694281,4.101642,2.77228951,141.63385,-0.6487427,1.11796176,-0.00999999,3.3432188,138.325073,-0.977935135,-0.208746552,0.0,0.0,0.0,0.0
118.521362,DATA,2,1,3,15,15,42.7025,92.15627,0.3708275,1.56687415,4.04018259,2.8039844,136.451111,-0.5941162,1.11796176,-0.00999999,3.3432188,133.387619,-0.9803766,-0.196905375,0.0,0.0,0.0,0.0
118.576645,DATA,2,1,3,15,15,42.757782,92.2115555,0.3143813,1.56680584,3.974002,2.8691237,131.404236,-0.5453491,1.11796176,-0.00999999,3.3432188,128.483643,-0.9894406,-0.144810319,0.0,0.0,0.0,0.0
118.632179,DATA,2,1,3,15,15,42.8133163,92.26709,0.262251318,1.56676579,3.90091252,2.88441086,126.359428,-0.4923401,1.11796176,-0.00999999,3.3432188,123.426781,-0.997009158,-0.07690668,0.0,0.0,0.0,0.0
118.68708,DATA,2,1,3,15,15,42.8682175,92.32199,0.29343608,1.56678963,3.7885766,2.94498944,122.493568,-0.465179443,1.1905663,-0.00999999,3.3006897,118.84021,0.0,0.0,1.0,0.0,0.0,0.0
118.744209,DATA,2,1,3,15,15,42.9253464,92.37912,0.438891768,1.56665492,3.70872974,2.99894214,122.369232,-0.438964844,1.33570242,-0.01000005,3.22076774,118.84021,0.0,0.0,1.0,0.0,0.0,0.0
118.798981,DATA,2,1,3,15,15,42.9801178,92.43389,0.58495003,1.56652331,3.62833,3.12088037,122.253174,-0.516052246,1.48144579,-0.01000005,3.14051127,118.84021,0.0,0.0,1.0,0.0,0.0,0.0
118.8547,DATA,2,1,3,15,15,43.0358353,92.48961,0.732978165,1.56633246,3.546891,3.23464417,122.151772,-0.472106934,1.62926543,-0.00999999,3.0591116,118.84021,0.0,0.0,1.0,0.0,0.0,0.0
118.909233,DATA,2,1,3,15,15,43.09037,92.54414,0.876684368,1.56623554,3.467836,3.29779434,121.994583,-0.4794922,1.77274859,-0.01000005,2.9801,118.84021,0.0,0.0,1.0,0.0,0.0,0.0
118.965675,DATA,2,1,3,15,15,43.1468124,92.6005859,1.02328885,1.56621122,3.38715148,3.30998874,121.895767,-0.458953857,1.91924882,-0.00999999,2.899427,118.84021,0.0,0.0,1.0,0.0,0.0,0.0
119.021049,DATA,2,1,3,15,15,43.2021866,92.65596,1.16818643,1.56613684,3.30726027,3.31007457,121.857216,-0.49887085,2.0640614,-0.01000005,2.819683,118.84021,0.0,0.0,1.0,0.0,0.0,0.0
119.076637,DATA,2,1,3,15,15,43.2577744,92.71155,1.31437266,1.56618381,3.2267108,3.27938151,121.836151,-0.5093384,2.210302,-0.00999999,2.73915267,118.84021,0.0,0.0,1.0,0.0,0.0,0.0
119.131889,DATA,2,1,3,15,15,43.3130264,92.7668,1.46229231,1.566206,3.145283,3.24968863,121.810234,-0.5271301,2.35825372,-0.01000005,2.65768051,118.84021,0.0,0.0,1.0,0.0,0.0,0.0
119.187248,DATA,2,1,3,15,15,43.3683853,92.82216,1.60723877,1.56619382,3.065542,3.2447896,121.769218,-0.534790039,2.50324535,-0.01000005,2.577838,118.84021,0.0,0.0,1.0,0.0,0.0,0.0
119.24295,DATA,2,1,3,15,15,43.4240875,92.87786,1.75211322,1.56626368,2.98588729,3.23161817,121.726707,-0.521789551,2.6481483,-0.00999999,2.49804449,118.84021,0.0,0.0,1.0,0.0,0.0,0.0
119.299461,DATA,2,1,3,15,15,43.4806,92.93437,1.90133917,1.56633043,2.90382671,3.2292037,121.7211,-0.5055542,2.79739523,-0.01000005,2.41585875,118.84021,0.0,0.0,1.0,0.0,0.0,0.0
119.354973,DATA,2,1,3,15,15,43.53611,92.98988,2.04673553,1.566339,2.823902,3.241733,121.662483,-0.557037354,2.942732,-0.00999999,2.33582616,118.84021,0.0,0.0,1.0,0.0,0.0,0.0
119.409309,DATA,2,1,3,15,15,43.5904465,93.04422,2.1910584,1.56622386,2.74460244,3.28650832,121.609734,-0.5214844,3.08696771,-0.01000005,2.2564,118.84021,0.0,0.0,1.0,0.0,0.0,0.0
119.465736,DATA,2,1,3,15,15,43.6468735,93.10065,2.33723927,1.56615639,2.664287,3.31531668,121.507622,-0.506011963,3.233034,-0.00999999,2.175966,118.84021,0.0,0.0,1.0,0.0,0.0,0.0
119.52124,DATA,2,1,3,15,15,43.7023773,93.15615,2.48115873,1.56606185,2.58509278,3.35954,121.359734,-0.5067444,3.376849,-0.01000011,2.09677148,118.84021,0.0,0.0,1.0,0.0,0.0,0.0
119.576889,DATA,2,1,3,15,15,43.7580261,93.2118,2.62911868,1.56601477,2.5038383,3.38605165,121.126877,-0.5506592,3.524647,-0.01000005,2.01538372,118.84021,0.0,0.0,1.0,0.0,0.0,0.0
119.631531,DATA,2,1,3,15,15,43.8126678,93.26644,2.77530813,1.56600225,2.42344975,3.41202784,120.9248,-0.566925049,3.67063737,-0.01000011,1.93499136,118.84021,0.0,0.0,1.0,0.0,0.0,0.0
119.687164,DATA,2,1,3,15,15,43.8683,93.3220749,2.90337372,1.565973,2.30680537,3.42183232,117.677,-0.6081848,3.81751156,-0.01000005,1.85500777,116.537689,-0.981322646,-0.192266583,1.0,0.0,0.0,0.0
119.743408,DATA,2,1,3,15,15,43.9245453,93.37832,3.0189445,1.56595707,2.15790153,3.43591714,112.644646,-0.620636,3.96815062,-0.00999999,1.78569436,111.654564,-0.981322646,-0.192266583,1.0,0.0,0.0,0.0
119.799049,DATA,2,1,3,15,15,43.9801865,93.43396,3.14809251,1.56590843,2.01824856,3.46207571,107.621117,-0.6581421,4.12560034,-0.01000005,1.72898221,106.726326,-0.981322646,-0.192266583,1.0,0.0,0.0,0.0
119.8546,DATA,2,1,3,15,15,44.0357361,93.48951,3.2889545,1.56581,1.8902154,3.469954,102.602737,-0.679229736,4.28760242,-0.00999999,1.685951,101.790237,-0.981322646,-0.192266583,1.0,0.0,0.0,0.0
119.909744,DATA,2,1,3,15,15,44.09088,93.5446548,3.439788,1.56585062,1.78092,3.48460174,98.78622,-0.736877441,4.451507,-0.01000011,1.65715873,97.1874542,0.0,0.0,1.0,0.0,0.0,0.0
119.965034,DATA,2,1,3,15,15,44.14617,93.5999451,3.60433578,1.56579447,1.76012337,3.52781558,98.770256,-0.7474365,4.61609364,-0.01000005,1.6364032,97.1874542,0.0,0.0,1.0,0.0,0.0,0.0
120.020912,DATA,2,1,3,15,15,44.20205,93.65582,3.767275,1.5657835,1.73949647,3.516986,98.81537,-0.758575439,4.77918053,-0.01000005,1.61583674,97.1874542,0.0,0.0,1.0,0.0,0.0,0.0
120.076607,DATA,2,1,3,15,15,44.2577438,93.71152,3.93519688,1.56594753,1.71822286,3.45651054,98.91937,-0.7220154,4.947302,-0.01000005,1.59463549,97.1874542,0.0,0.0,1.0,0.0,0.0,0.0
120.131439,DATA,2,1,3,15,15,44.3125763,93.76635,4.10032,1.56612027,1.69725859,3.38194227,99.13974,-0.7084656,5.1127944,-0.01000011,1.57376575,97.1874542,0.0,0.0,1.0,0.0,0.0,0.0
120.187157,DATA,2,1,3,15,15,44.3682938,93.82207,4.26959133,1.56642771,1.71753335,3.171115,102.75415,-0.6541748,5.27650261,-0.01000005,1.5522505,99.56127,0.941221356,-0.337809324,1.0,0.0,0.0,0.0
120.242676,DATA,2,1,3,15,15,44.4238129,93.87759,4.448524,1.56658673,1.76487136,3.03117228,107.932251,-0.6582031,5.43948174,-0.01000005,1.51968443,104.16893,0.909024358,-0.416699767,1.0,0.0,0.0,0.0
120.298714,DATA,2,1,3,15,15,44.47985,93.9336243,4.63051367,1.56671154,1.79553545,2.96504736,113.022,-0.690032959,5.599863,-0.00999999,1.47411156,108.6573,0.8882717,-0.459242582,1.0,0.0,0.0,0.0
120.354538,DATA,2,1,3,15,15,44.535675,93.98945,4.81461859,1.56681073,1.81127,2.905453,118.043922,-0.7366028,5.756706,-0.01000011,1.41600347,113.11557,0.8882717,-0.459242582,1.0,0.0,0.0,0.0
120.409676,DATA,2,1,3,15,15,44.5908127,94.0445862,5.000341,1.56687331,1.81250334,2.846745,122.959389,-0.761322,5.90927172,-0.01000005,1.34552407,117.595085,0.8882717,-0.459242582,1.0,0.0,0.0,0.0
120.465729,DATA,2,1,3,15,15,44.6468658,94.10064,5.182938,1.56700528,1.79921412,2.79722428,127.932747,-0.8951416,6.05383348,-0.01000011,1.26456773,122.002876,0.882686853,-0.469893456,1.0,0.0,0.0,0.0
120.521126,DATA,2,1,3,15,15,44.7022629,94.15604,5.36349869,1.56696773,1.77105486,2.80664635,132.956635,-0.9564209,6.19194651,-0.01000005,1.17264676,126.366631,0.86324656,-0.5047151,1.0,0.0,0.0,0.0
120.576317,DATA,2,1,3,15,15,44.7574539,94.21123,5.54286432,1.56687474,1.72767329,2.85026383,137.856064,-1.098938,6.32439566,-0.00999999,1.06918025,130.7061,0.8573564,-0.514603138,1.0,0.0,0.0,0.0
120.631508,DATA,2,1,3,15,15,44.812645,94.26642,5.71684551,1.5667572,1.67101479,2.93752766,142.68219,-1.18682861,6.447835,-0.01000005,0.9568,134.992523,0.8514359,-0.5243995,1.0,0.0,0.0,0.0
120.686951,DATA,2,1,3,15,15,44.8680878,94.32186,5.88469076,1.56671572,1.60163009,2.94685745,147.409149,-1.28994751,6.56192064,-0.00999999,0.836242557,139.220734,0.845515251,-0.533921361,1.0,0.0,0.0,0.0
120.743042,DATA,2,1,3,15,15,44.92418,94.37795,6.04492044,1.56663823,1.52093017,2.95835376,152.089035,-1.34347534,6.66570663,-0.01000005,0.709073961,143.379089,0.842494,-0.5386517,1.0,0.0,0.0,0.0
120.798729,DATA,2,1,3,15,15,44.979866,94.43364,6.20327234,1.56650984,1.42602134,3.01887155,156.702515,-1.44140625,6.76263237,-0.00999999,0.57075423,147.648941,0.842494,-0.5386517,1.0,0.0,0.0,0.0
120.853516,DATA,2,1,3,15,15,45.0346527,94.48843,6.351334,1.5663377,1.32183707,3.10328317,161.197159,-1.54690552,6.847404,-0.01000011,0.428441018,151.835373,0.841578364,-0.540116549,1.0,0.0,0.0,0.0
120.908806,DATA,2,1,3,15,15,45.0899429,94.54372,6.490682,1.56621122,1.207754,3.149143,165.6659,-1.65783691,6.92124653,-0.01000005,0.281016469,155.991562,0.838587642,-0.54475534,1.0,0.0,0.0,0.0
120.965096,DATA,2,1,3,15,15,45.1462326,94.6000061,6.62292576,1.56613183,1.08254886,3.212324,170.0821,-1.68850708,6.98488235,-0.01000005,0.126897559,160.187225,0.838587642,-0.54475534,1.0,0.0,0.0,0.0
121.020172,DATA,2,1,3,15,15,45.20131,94.65508,6.74780846,1.566098,0.9465834,3.23096323,174.35025,-1.72091675,7.037592,-0.00999999,-0.03323039,164.4638,0.863765359,-0.5038301,1.0,0.0,0.0,0.0
121.07518,DATA,2,1,3,15,15,45.2563171,94.71009,6.861288,1.5660665,0.806604862,3.26830244,178.59021,-1.70080566,7.07699776,-0.01000005,-0.191973746,168.741745,0.879909635,-0.4751122,1.0,0.0,0.0,0.0
121.131409,DATA,2,1,3,15,15,45.3125458,94.76632,6.96691561,1.56602716,0.655673146,3.27880359,-177.092377,-1.63687134,7.10485125,-0.01000011,-0.35650143,173.153076,0.8839381,-0.467513084,1.0,0.0,0.0,0.0
121.187149,DATA,2,1,3,15,15,45.3682861,94.82206,7.06326437,1.56607962,0.492720664,3.26688027,-172.769089,-1.58972168,7.120213,-0.01000011,-0.527208269,177.700958,0.884578943,-0.4663838,1.0,0.0,0.0,0.0
121.242661,DATA,2,1,3,15,15,45.4237976,94.87757,7.14217234,1.56619358,0.332367748,3.20629454,-168.50235,-1.59918213,7.122159,-0.01000005,-0.688949645,-178.002563,0.885403037,-0.464735866,1.0,0.0,0.0,0.0
121.298386,DATA,2,1,3,15,15,45.4795227,94.9333,7.211813,1.5662328,0.158518344,3.1751368,-164.172241,-1.57498169,7.111279,-0.00999999,-0.8579144,-173.502731,0.886471152,-0.4627216,1.0,0.0,0.0,0.0
121.353477,DATA,2,1,3,15,15,45.5346146,94.98839,7.267021,1.56623578,-0.0166279543,3.1657505,-159.94043,-1.51882935,7.08776,-0.01000011,-1.02207482,-169.068253,0.882137537,-0.4210639,1.0,0.0,0.0,0.0
121.408478,DATA,2,1,3,15,15,45.5896149,95.04339,7.29157066,1.56622708,-0.191202566,3.16994524,-157.535263,-1.48339844,7.05207968,-0.01000011,-1.18378079,-165.627853,0.0,0.0,1.0,0.0,0.0,0.0
121.464676,DATA,2,1,3,15,15,45.645813,95.09959,7.250804,1.566279,-0.352862239,3.132624,-157.817,-1.43896484,7.010696,-0.01000011,-1.34528625,-165.627853,0.0,0.0,1.0,0.0,0.0,0.0
121.520561,DATA,2,1,3,15,15,45.7017,95.15547,7.20971632,1.566416,-0.5160332,3.06182361,-158.169418,-1.37640381,6.968926,-0.01000005,-1.50829792,-165.627853,0.0,0.0,1.0,0.0,0.0,0.0
121.576241,DATA,2,1,3,15,15,45.7573776,95.21115,7.169245,1.56657577,-0.6768695,2.99861264,-158.504791,-1.44943237,6.92775249,-0.01000011,-1.6689831,-165.627853,0.0,0.0,1.0,0.0,0.0,0.0
121.631325,DATA,2,1,3,15,15,45.81246,95.2662354,7.105258,1.5665983,-0.8347987,2.969737,-160.8405,-1.47589111,6.88598967,-0.01000011,-1.831966,-166.9209,-0.984801769,0.173497736,1.0,0.0,0.0,0.0
121.687218,DATA,2,1,3,15,15,45.8683548,95.32213,6.98749971,1.5666213,-0.9818878,2.933776,-165.894485,-1.497345,6.85372925,-0.01000005,-1.99420488,-171.810211,-0.985168,0.171361446,1.0,0.0,0.0,0.0
121.7436,DATA,2,1,3,15,15,45.924736,95.37851,6.882086,1.56668878,-1.13911676,2.8850677,-170.895248,-1.47683716,6.835363,-0.01000005,-2.159285,-176.720673,-0.985168,0.171361446,1.0,0.0,0.0,0.0
121.798065,DATA,2,1,3,15,15,45.9792023,95.4329758,6.79064846,1.56681657,-1.30440116,2.80062461,-175.742279,-1.48776245,6.83118773,-0.01000005,-2.324932,178.38063,-0.985168,0.171361446,1.0,0.0,0.0,0.0
121.853363,DATA,2,1,3,15,15,46.0345,95.48827,6.71201372,1.56690788,-1.48066747,2.734335,179.368744,-1.55264282,6.841509,-0.01000005,-2.4938798,173.376572,-0.985168,0.171361446,1.0,0.0,0.0,0.0
121.908432,DATA,2,1,3,15,15,46.08957,95.54334,6.650668,1.5669198,-1.65826654,2.70641112,174.878723,-1.61636353,6.86575556,-0.0100001693,-2.65706873,168.506561,-0.5659658,0.195928812,1.0,0.0,0.0,0.0
121.964752,DATA,2,1,3,15,15,46.14589,95.59966,6.673385,1.56694686,-1.8226006,2.65414357,174.752686,-1.6762085,6.90018129,-0.00999999,-2.81901073,167.841431,0.0,0.0,1.0,0.0,0.0,0.0
122.020378,DATA,2,1,3,15,15,46.2015152,95.65529,6.70825863,1.567076,-1.98610258,2.60487318,174.823563,-1.74380493,6.935408,-0.00999999,-2.98251534,167.841431,0.0,0.0,1.0,0.0,0.0,0.0
122.0761,DATA,2,1,3,15,15,46.25724,95.71101,6.799905,1.56713152,-2.13972163,2.540345,179.0263,-1.76889038,6.96884537,-0.01000005,-3.14783788,171.171036,0.993530035,-0.11337626,1.0,0.0,0.0,0.0
122.130646,DATA,2,1,3,15,15,46.3117828,95.76556,6.906949,1.567218,-2.293132,2.53373671,-176.02713,-1.83169556,6.98895454,-0.01000011,-3.31209683,176.101456,0.9922178,-0.124423981,1.0,0.0,0.0,0.0
122.186745,DATA,2,1,3,15,15,46.36788,95.8216553,6.99996376,1.56715882,-2.45416164,2.54103327,-171.006058,-1.8977356,6.994883,-0.01000011,-3.47656322,-178.998871,0.99145484,-0.13022244,1.0,0.0,0.0,0.0
122.241821,DATA,2,1,3,15,15,46.42296,95.87673,7.08017874,1.56716061,-2.6258285,2.537102,-166.037537,-1.91879272,6.986488,-0.01000005,-3.64404035,-174.0126,0.9900814,-0.1402936,1.0,0.0,0.0,0.0
122.298225,DATA,2,1,3,15,15,46.4793625,95.933136,7.14602375,1.56711471,-2.80669856,2.5799222,-161.202286,-1.88827515,6.96312571,-0.01000011,-3.81275678,-168.956345,0.741142035,-0.142979264,1.0,0.0,0.0,0.0
122.353783,DATA,2,1,3,15,15,46.53492,95.98869,7.137993,1.5671587,-2.97315454,2.55455756,-160.336746,-1.879303,6.92877245,-0.01000005,-3.97390413,-167.443024,0.0,0.0,1.0,0.0,0.0,0.0
122.4088,DATA,2,1,3,15,15,46.5899353,96.04371,7.101872,1.56723261,-3.13641858,2.51661587,-160.410812,-1.85168457,6.89245129,-0.01000005,-4.13697052,-167.443024,0.0,0.0,1.0,0.0,0.0,0.0
122.464279,DATA,2,1,3,15,15,46.6454163,96.09919,7.06660938,1.567282,-3.29627562,2.46984434,-160.476227,-1.82043457,6.856887,-0.01000011,-4.296638,-167.443024,0.0,0.0,1.0,0.0,0.0,0.0
122.52037,DATA,2,1,3,15,15,46.7015076,96.15528,7.03087044,1.567277,-3.45835948,2.44607663,-160.5355,-1.80163574,6.820818,-0.01000005,-4.45857239,-167.443024,0.0,0.0,1.0,0.0,0.0,0.0
122.575661,DATA,2,1,3,15,15,46.7567978,96.21057,6.994485,1.567271,-3.62329149,2.45361376,-160.563385,-1.79699707,6.784119,-0.01000005,-4.623336,-167.443024,0.0,0.0,1.0,0.0,0.0,0.0
122.631432,DATA,2,1,3,15,15,46.81257,96.26634,6.95781326,1.56729007,-3.78911376,2.45064974,-160.555038,-1.75982666,6.747255,-0.01000005,-4.788839,-167.443024,0.0,0.0,1.0,0.0,0.0,0.0
122.687462,DATA,2,1,3,15,15,46.8686,96.32237,6.922487,1.56723762,-3.94878149,2.50315976,-160.5387,-1.69989014,6.71172047,-0.0100001693,-4.948374,-167.443024,0.0,0.0,1.0,0.0,0.0,0.0
122.7428,DATA,2,1,3,15,15,46.9239349,96.37771,6.88691759,1.56719339,-4.110016,2.51933932,-160.590744,-1.64971924,6.675846,-0.01000011,-5.109435,-167.443024,0.0,0.0,1.0,0.0,0.0,0.0
122.798271,DATA,2,1,3,15,15,46.97941,96.43318,6.85003042,1.56719434,-4.276738,2.51990557,-160.6572,-1.58834839,6.63870764,-0.01000011,-5.276171,-167.443024,0.0,0.0,1.0,0.0,0.0,0.0
122.853714,DATA,2,1,3,15,15,47.03485,96.4886246,6.813887,1.56725788,-4.43990564,2.51131821,-160.708237,-1.5390625,6.60232973,-0.00999999,-5.43949032,-167.443024,0.0,0.0,1.0,0.0,0.0,0.0
122.908585,DATA,2,1,3,15,15,47.08972,96.5434952,6.77805758,1.56733084,-4.600692,2.45388269,-160.675171,-1.529419,6.56647444,-0.01000005,-5.60046673,-167.443024,0.0,0.0,1.0,0.0,0.0,0.0
122.964531,DATA,2,1,3,15,15,47.145668,96.59944,6.742159,1.56740081,-4.761501,2.409907,-160.604111,-1.5425415,6.530632,-0.01000011,-5.76138258,-167.443024,0.0,0.0,1.0,0.0,0.0,0.0
123.020355,DATA,2,1,3,15,15,47.2014923,96.6552658,6.705659,1.56740391,-4.92510939,2.41402626,-160.553329,-1.55334473,6.49417448,-0.01000011,-5.925061,-167.443024,0.0,0.0,1.0,0.0,0.0,0.0
123.076569,DATA,2,1,3,15,15,47.2577057,96.71148,6.72038364,1.56741357,-5.100535,2.39775038,-156.669357,-1.53457642,6.455857,-0.01000011,-6.08793974,-164.40329,0.9166845,-0.257820368,1.0,0.0,0.0,0.0
123.13176,DATA,2,1,3,15,15,47.3128967,96.76667,6.749012,1.56739247,-5.284811,2.40483165,-152.0715,-1.49334717,6.40603256,-0.01000011,-6.24768448,-159.796082,0.9198278,-0.263435721,1.0,0.0,0.0,0.0
123.187927,DATA,2,1,3,15,15,47.3690643,96.82284,6.762761,1.567385,-5.46745157,2.43451762,-147.433411,-1.51831055,6.34473372,-0.01000005,-6.40013456,-155.260117,0.920041561,-0.2657857,1.0,0.0,0.0,0.0
123.242058,DATA,2,1,3,15,15,47.4231949,96.87697,6.76205969,1.56733465,-5.65222263,2.48092151,-142.892838,-1.48052979,6.27087545,-0.00999999,-6.54856062,-150.6778,0.9220252,-0.2683493,1.0,0.0,0.0,0.0
123.298775,DATA,2,1,3,15,15,47.47991,96.9336853,6.746351,1.56727672,-5.8402,2.50171185,-138.203125,-1.47894287,6.18355131,-0.01000005,-6.69344425,-145.993958,0.9235511,-0.271034837,1.0,0.0,0.0,0.0
123.353638,DATA,2,1,3,15,15,47.5347748,96.98855,6.716365,1.56724191,-6.02191734,2.51628113,-133.6629,-1.45999146,6.08712673,-0.01000005,-6.82752466,-141.417023,0.9235511,-0.271034837,1.0,0.0,0.0,0.0
123.408524,DATA,2,1,3,15,15,47.58966,97.0434341,6.67128134,1.56729984,-6.20160866,2.499184,-129.23735,-1.43466187,5.97952366,-0.01000005,-6.954358,-136.833359,0.8077029,-0.267311573,1.0,0.0,0.0,0.0
123.464165,DATA,2,1,3,15,15,47.6453,97.0990753,6.57837868,1.5674293,-6.34386873,2.49188781,-128.090256,-1.37457275,5.862728,-0.01000005,-7.073913,-134.983856,0.0,0.0,1.0,0.0,0.0,0.0
123.520523,DATA,2,1,3,15,15,47.70166,97.15543,6.46134853,1.56743622,-6.46122742,2.470533,-128.137955,-1.31887817,5.74539757,-0.01000011,-7.191178,-134.983856,0.0,0.0,1.0,0.0,0.0,0.0
123.576218,DATA,2,1,3,15,15,47.7573547,97.21113,6.34322262,1.56744242,-6.57981968,2.49106359,-128.254074,-1.252533,5.626918,-0.0100001693,-7.30959034,-134.983856,0.0,0.0,1.0,0.0,0.0,0.0
123.630341,DATA,2,1,3,15,15,47.8114777,97.26525,6.226058,1.56750762,-6.69767666,2.447186,-128.4225,-1.18133545,5.50934935,-0.01000011,-7.427093,-134.983856,0.0,0.0,1.0,0.0,0.0,0.0
123.687065,DATA,2,1,3,15,15,47.8682022,97.3219757,6.10845232,1.56753659,-6.815998,2.446014,-128.56192,-1.10757446,5.39139748,-0.01000005,-7.544978,-134.983856,0.0,0.0,1.0,0.0,0.0,0.0
123.742096,DATA,2,1,3,15,15,47.923233,97.37701,5.992659,1.56756544,-6.932363,2.452419,-128.696335,-1.07403564,5.27537632,-0.01000005,-7.66093445,-134.983856,0.0,0.0,1.0,0.0,0.0,0.0
123.798088,DATA,2,1,3,15,15,47.9792252,97.433,5.87325859,1.56752753,-7.0522747,2.5000217,-128.7813,-0.987854,5.155761,-0.01000005,-7.78048229,-134.983856,0.0,0.0,1.0,0.0,0.0,0.0
123.852753,DATA,2,1,3,15,15,48.03389,97.48766,5.755722,1.56749868,-7.17017031,2.50564337,-128.803619,-0.903595,5.03805161,-0.01000005,-7.898125,-134.983856,0.0,0.0,1.0,0.0,0.0,0.0
123.908981,DATA,2,1,3,15,15,48.09012,97.54389,5.637685,1.56752467,-7.28841639,2.49714184,-128.825073,-0.86932373,4.91986,-0.01000005,-8.016251,-134.983856,0.0,0.0,1.0,0.0,0.0,0.0
123.964577,DATA,2,1,3,15,15,48.1457138,97.59949,5.522136,1.56754708,-7.404109,2.50055027,-128.811218,-0.85635376,4.804147,-0.01000005,-8.131898,-134.983856,0.0,0.0,1.0,0.0,0.0,0.0
124.020554,DATA,2,1,3,15,15,48.20169,97.6554642,5.40383959,1.56755817,-7.52229,2.50233936,-128.770432,-0.8612366,4.68580961,-0.01000011,-8.250169,-134.983856,0.0,0.0,1.0,0.0,0.0,0.0
124.075676,DATA,2,1,3,15,15,48.256813,97.71059,5.28455257,1.56755137,-7.64132,2.53056836,-128.723709,-0.8649597,4.566693,-0.01000005,-8.369218,-134.983856,0.0,0.0,1.0,0.0,0.0,0.0
124.130585,DATA,2,1,3,15,15,48.31172,97.7654953,5.167162,1.56748354,-7.758427,2.566245,-128.665329,-0.872650146,4.449422,-0.01000011,-8.48642349,-134.983856,0.0,0.0,1.0,0.0,0.0,0.0
124.187004,DATA,2,1,3,15,15,48.36814,97.8219147,5.04884863,1.56737423,-7.876235,2.59567022,-128.577408,-0.879303,4.33142328,-0.01000011,-8.604356,-134.983856,0.0,0.0,1.0,0.0,0.0,0.0
124.242226,DATA,2,1,3,15,15,48.4233627,97.87714,4.9548,1.567332,-8.022674,2.6236732,-125.619141,-0.9047241,4.21092033,-0.01000005,-8.723812,-132.866791,0.930204153,-0.2157048,1.0,0.0,0.0,0.0
124.298119,DATA,2,1,3,15,15,48.4792557,97.93303,4.88497829,1.567244,-8.191823,2.65945458,-120.894165,-0.9170532,4.087722,-0.01000005,-8.831482,-128.286789,0.935178638,-0.2251656,1.0,0.0,0.0,0.0
124.353226,DATA,2,1,3,15,15,48.5343628,97.98814,4.79952574,1.56718576,-8.359418,2.73510361,-116.1434,-1.04101563,3.95264983,-0.01000011,-8.931496,-123.568115,0.936033249,-0.2262032,1.0,0.0,0.0,0.0
124.408455,DATA,2,1,3,15,15,48.589592,98.0433655,4.701393,1.56702042,-8.518081,2.8442626,-111.334656,-1.05557251,3.81096482,-0.01000005,-9.019389,-118.884857,0.936033249,-0.2262032,1.0,0.0,0.0,0.0
124.464828,DATA,2,1,3,15,15,48.6459656,98.09974,4.59156752,1.5668726,-8.667273,2.932416,-106.5058,-1.06500244,3.6636157,-0.01000011,-9.094928,-114.233917,0.936033249,-0.2262032,1.0,0.0,0.0,0.0
124.520164,DATA,2,1,3,15,15,48.7013,98.1550751,4.4698925,1.56678081,-8.807493,3.008879,-101.822723,-1.0692749,3.51026058,-0.01000005,-9.158406,-109.569489,0.936704636,-0.227332354,1.0,0.0,0.0,0.0
124.575546,DATA,2,1,3,15,15,48.7566833,98.21046,4.335904,1.56688344,-8.938721,2.93244767,-97.22986,-1.08883667,3.35067773,-0.01000011,-9.209653,-104.859665,0.9343852,-0.230475783,1.0,0.0,0.0,0.0
124.630981,DATA,2,1,3,15,15,48.81212,98.26589,4.18903828,1.56704736,-9.050591,2.85185242,-93.85455,-1.097992,3.18654943,-0.01000005,-9.247914,-100.6084,0.0,0.0,1.0,0.0,0.0,0.0
124.686,DATA,2,1,3,15,15,48.8671341,98.32091,4.02716255,1.56703925,-9.081032,2.82099056,-93.91724,-1.10458374,3.02457237,-0.01000005,-9.278252,-100.6084,0.0,0.0,1.0,0.0,0.0,0.0
124.742455,DATA,2,1,3,15,15,48.92359,98.3773651,3.86674,1.56699419,-9.11129951,2.84200215,-93.97766,-1.10168457,2.86399674,-0.01000011,-9.308327,-100.6084,0.0,0.0,1.0,0.0,0.0,0.0
124.798828,DATA,2,1,3,15,15,48.9799652,98.43374,3.69916534,1.5669241,-9.142941,2.82241845,-94.0486755,-1.08615112,2.69622326,-0.01000011,-9.33975,-100.6084,0.0,0.0,1.0,0.0,0.0,0.0
124.852417,DATA,2,1,3,15,15,49.0335541,98.48733,3.53726888,1.56698024,-9.173525,2.7882936,-94.09894,-1.07678223,2.534228,-0.01000011,-9.370091,-100.6084,0.0,0.0,1.0,0.0,0.0,0.0
124.908272,DATA,2,1,3,15,15,49.08941,98.54318,3.37274981,1.5670104,-9.204526,2.74986482,-94.08887,-1.026001,2.369746,-0.0100001693,-9.400899,-100.6084,0.0,0.0,1.0,0.0,0.0,0.0
124.96434,DATA,2,1,3,15,15,49.1454773,98.59925,3.20863914,1.56701708,-9.235334,2.776442,-94.02405,-1.05197144,2.20574737,-0.01000011,-9.431615,-100.6084,0.0,0.0,1.0,0.0,0.0,0.0
125.019936,DATA,2,1,3,15,15,49.2010727,98.65485,3.044238,1.56684315,-9.26603,2.823472,-93.94635,-1.05166626,2.04139376,-0.01000011,-9.462398,-100.6084,0.0,0.0,1.0,0.0,0.0,0.0
125.075958,DATA,2,1,3,15,15,49.2570953,98.71087,2.87963581,1.56679749,-9.29679,2.830792,-93.90506,-1.09237671,1.87680209,-0.01000005,-9.493225,-100.6084,0.0,0.0,1.0,0.0,0.0,0.0
125.130417,DATA,2,1,3,15,15,49.311554,98.76533,2.71441221,1.5668695,-9.327566,2.789733,-93.84891,-1.08062744,1.71156955,-0.01000005,-9.524173,-100.6084,0.0,0.0,1.0,0.0,0.0,0.0
125.1862,DATA,2,1,3,15,15,49.36734,98.82111,2.56341076,1.566975,-9.41596,2.73116541,-89.51471,-1.11877441,1.55034673,-0.01000011,-9.551787,-97.1594849,0.91076386,-0.39139986,1.0,0.0,0.0,0.0
125.241577,DATA,2,1,3,15,15,49.4227142,98.87649,2.40435219,1.56707084,-9.512962,2.69662356,-84.91217,-1.15466309,1.38359666,-0.01000011,-9.5676775,-92.57788,0.91225934,-0.391216755,1.0,0.0,0.0,0.0
125.297691,DATA,2,1,3,15,15,49.47883,98.9326,2.24021244,1.56713223,-9.596073,2.70093274,-80.3233948,-1.15377808,1.21827173,-0.00999999,-9.570225,-88.0516357,0.91225934,-0.391216755,1.0,0.0,0.0,0.0
125.35334,DATA,2,1,3,15,15,49.5344772,98.98825,2.06659317,1.56699955,-9.667321,2.78537321,-75.7568054,-1.12176514,1.04997754,-0.01000011,-9.559403,-83.43512,0.911282659,-0.3923154,1.0,0.0,0.0,0.0
125.40815,DATA,2,1,3,15,15,49.5892868,99.04306,1.889701,1.56688249,-9.723338,2.80502582,-71.29706,-1.12228394,0.884780169,-0.01000011,-9.535385,-78.89508,0.894467,-0.397381544,1.0,0.0,0.0,0.0
125.46476,DATA,2,1,3,15,15,49.6458969,99.09967,1.71303082,1.56685376,-9.756881,2.81762552,-67.45792,-1.117157,0.723859847,-0.00999999,-9.499071,-74.87784,0.5944395,-0.286111,1.0,0.0,0.0,0.0
125.520432,DATA,2,1,3,15,15,49.70157,99.15534,1.54654157,1.56699622,-9.734705,2.82752919,-66.65903,-1.13079834,0.5640954,-0.00999999,-9.453285,-73.4943848,0.0,0.0,1.0,0.0,0.0,0.0
125.575722,DATA,2,1,3,15,15,49.75686,99.21063,1.385278,1.56684887,-9.687136,2.94571185,-66.69391,-1.04571533,0.403081656,-0.01000011,-9.405574,-73.4943848,0.0,0.0,0.0,0.0,0.0,0.0
125.630646,DATA,2,1,3,15,15,49.8117828,99.26556,1.38489985,1.56663215,-9.687388,3.0331192,-66.77466,-0.9567261,0.403081656,-0.01000011,-9.405574,-73.4943848,0.0,0.0,0.0,0.0,0.0,0.0
125.686584,DATA,2,1,3,15,15,49.86772,99.3214951,1.38464832,1.56651986,-9.687757,3.13263,-66.84485,-0.8519592,0.403081656,-0.01000011,-9.405574,-73.4943848,0.0,0.0,0.0,0.0,0.0,0.0
125.742142,DATA,2,1,3,15,15,49.92328,99.37705,1.384412,1.56644285,-9.687959,3.14987826,-66.8847046,-0.801849365,0.403081656,-0.01000011,-9.405574,-73.4943848,0.0,0.0,0.0,0.0,0.0,0.0
125.797791,DATA,2,1,3,15,15,49.9789276,99.4327,1.3842572,1.56650054,-9.688174,3.143077,-66.83078,-0.735199,0.403081656,-0.01000011,-9.405574,-73.4943848,0.0,0.0,0.0,0.0,0.0,0.0
125.852776,DATA,2,1,3,15,15,50.0339127,99.4876862,1.36880136,1.566555,-9.737047,3.10688615,-63.1248169,-0.6066284,0.403081656,-0.01000011,-9.405574,-70.65149,0.803857565,-0.5947752,0.0,0.0,0.0,0.0
125.908424,DATA,2,1,3,15,15,50.08956,99.543335,1.343086,1.5664736,-9.803876,3.16333032,-59.1201477,-0.5187073,0.403081656,-0.01000011,-9.405574,-66.65082,0.7893002,-0.613940835,0.0,0.0,0.0,0.0
125.964348,DATA,2,1,3,15,15,50.1454849,99.59926,1.31361854,1.56637871,-9.867027,3.17959881,-55.171936,-0.405090332,0.403081656,-0.01000011,-9.405574,-62.75882,0.7893002,-0.613940835,0.0,0.0,0.0,0.0
126.019943,DATA,2,1,3,15,15,50.20108,99.6548538,1.27899063,1.56628752,-9.929458,3.22233272,-51.31018,-0.235809326,0.403081656,-0.01000011,-9.405574,-58.7655334,0.723441243,-0.438856125,0.0,0.0,0.0,0.0
126.0758,DATA,2,1,3,15,15,50.2569351,99.71071,1.26320136,1.56622171,-9.954325,3.24038339,-50.4064331,-0.127624512,0.403081656,-0.01000011,-9.405574,-57.113678,0.0,0.0,0.0,0.0,0.0,0.0
126.130615,DATA,2,1,3,15,15,50.3117523,99.7655258,1.26276815,1.5660876,-9.954457,3.33138585,-50.48117,-0.05331421,0.403081656,-0.01000011,-9.405574,-57.113678,0.0,0.0,1.0,0.0,0.0,0.0
126.1869,DATA,2,1,3,15,15,50.3680344,99.82181,1.12267613,1.56593072,-9.864419,3.40110564,-50.6336975,0.006249852,0.263473779,-0.00999999,-9.315305,-57.113678,0.0,0.0,1.0,0.0,0.0,0.0
126.241325,DATA,2,1,3,15,15,50.4224625,99.876236,0.983065844,1.56588006,-9.774787,3.43573022,-50.7737122,0.101307042,0.1243354,-0.00999999,-9.225339,-57.113678,0.0,0.0,1.0,0.0,0.0,0.0
126.297981,DATA,2,1,3,15,15,50.47912,99.93289,0.841444969,1.56584,-9.68365,3.47435379,-50.8586426,0.177032247,-0.01695693,-0.01000005,-9.133981,-57.113678,0.0,0.0,1.0,0.0,0.0,0.0
126.35302,DATA,2,1,3,15,15,50.5341568,99.98793,0.700659037,1.56571925,-9.59287,3.480014,-50.81714,0.2206972,-0.157548621,-0.00999999,-9.043076,-57.113678,0.0,0.0,1.0,0.0,0.0,0.0
126.408333,DATA,2,1,3,15,15,50.58947,100.043243,0.561946869,1.565733,-9.503269,3.461156,-50.7029724,0.258374333,-0.296160579,-0.01000005,-8.95345,-57.113678,0.0,0.0,1.0,0.0,0.0,0.0
126.463966,DATA,2,1,3,15,15,50.6451035,100.098877,0.4234592,1.56583548,-9.413774,3.450755,-50.6005859,0.256240517,-0.434725851,-0.01000005,-8.863855,-57.113678,0.0,0.0,1.0,0.0,0.0,0.0
126.519974,DATA,2,1,3,15,15,50.70111,100.154884,0.282375872,1.56595051,-9.322523,3.368635,-50.5568542,0.233874157,-0.575889468,-0.00999999,-8.77258,-57.113678,0.0,0.0,1.0,0.0,0.0,0.0
126.575806,DATA,2,1,3,15,15,50.7569427,100.210716,0.14173016,1.56599736,-9.231529,3.29933977,-50.4831238,0.172321483,-0.7167845,-0.01000005,-8.681479,-57.113678,0.0,0.0,1.0,0.0,0.0,0.0
126.631187,DATA,2,1,3,15,15,50.8123245,100.2661,0.00025280565,1.56607223,-9.139477,3.24760628,-50.19516,0.1369473,-0.858702958,-0.00999999,-8.589716,-57.113678,0.0,0.0,1.0,0.0,0.0,0.0
126.686684,DATA,2,1,3,15,15,50.86782,100.321594,-0.06663755,1.56612468,-9.095217,3.23,-49.6417542,0.127611011,-0.926300049,-0.01000005,-8.546008,-57.113678,0.0,0.0,0.0,0.0,0.0,0.0
126.7423,DATA,2,1,3,15,15,50.92344,100.377213,-0.06582688,1.56614017,-9.094535,3.20598555,-48.9995728,0.0425372235,-0.926300049,-0.01000005,-8.546008,-57.113678,0.0,0.0,0.0,0.0,0.0,0.0
126.798477,DATA,2,1,3,15,15,50.9796143,100.433388,-0.06499648,1.566253,-9.093795,3.125909,-48.4117737,-0.0310974121,-0.926300049,-0.01000005,-8.546008,-57.113678,0.0,0.0,0.0,0.0,0.0,0.0
126.852951,DATA,2,1,3,15,15,51.03409,100.487862,-0.06424923,1.56651711,-9.0933485,3.03037858,-47.3544,-0.118682861,-0.926300049,-0.01000005,-8.546008,-57.113678,0.7308878,-0.147831678,0.0,0.0,0.0,0.0
126.90892,DATA,2,1,3,15,15,51.0900574,100.543831,-0.110269308,1.56673551,-9.160329,2.89822245,-42.2255859,-0.1706543,-0.926300049,-0.01000005,-8.546008,-52.512207,0.982512951,-0.185979843,0.0,0.0,0.0,0.0
126.964218,DATA,2,1,3,15,15,51.1453552,100.599129,-0.165056959,1.566812,-9.227563,2.82050586,-37.22455,-0.272369385,-0.926300049,-0.01000005,-8.546008,-47.61682,0.9817194,-0.190191388,0.0,0.0,0.0,0.0
127.020027,DATA,2,1,3,15,15,51.2011642,100.654938,-0.226263151,1.56682777,-9.290462,2.820567,-32.3640137,-0.394744873,-0.926300049,-0.01000005,-8.546008,-42.6755676,0.981505752,-0.191320539,0.0,0.0,0.0,0.0
127.075241,DATA,2,1,3,15,15,51.25638,100.710152,-0.2917049,1.56664634,-9.346936,2.88029242,-27.6170349,-0.4317932,-0.926300049,-0.01000005,-8.546008,-37.8174133,0.9829707,-0.183751941,0.0,0.0,0.0,0.0
127.130447,DATA,2,1,3,15,15,51.3115845,100.765358,-0.363207161,1.5665803,-9.398597,2.93490577,-22.8329773,-0.491912842,-0.926300049,-0.01000005,-8.546008,-32.86969,0.9867245,-0.16226697,0.0,0.0,0.0,0.0
127.18586,DATA,2,1,3,15,15,51.3669968,100.82077,-0.47607252,1.5666647,-9.372579,2.91772127,-18.2970886,-0.491699219,-0.9661714,-0.01000005,-8.476371,-28.1106873,0.8835108,-0.06363106,1.0,0.0,0.0,0.0
127.241768,DATA,2,1,3,15,15,51.422905,100.876678,-0.6183146,1.56668675,-9.254825,2.89581513,-14.4795227,-0.5220032,-1.04142928,-0.00999999,-8.325362,-23.9373169,0.7450484,0.0877102,1.0,0.0,0.0,0.0
127.29718,DATA,2,1,3,15,15,51.4783173,100.932091,-0.736218,1.56654167,-9.123581,2.93731236,-11.756897,-0.5171509,-1.10547423,-0.01000005,-8.171622,-20.6926575,0.5035554,0.08069092,1.0,0.0,0.0,0.0
127.352486,DATA,2,1,3,15,15,51.5336227,100.9874,-0.8047844,1.56639242,-8.971013,2.98189354,-11.9155579,-0.507568359,-1.1631521,-0.01000005,-8.015076,-20.073761,0.0,0.0,1.0,0.0,0.0,0.0
127.408035,DATA,2,1,3,15,15,51.5891724,101.042946,-0.862256765,1.5664258,-8.815797,2.98565555,-12.2917786,-0.494171143,-1.219899,-0.00999999,-7.85978651,-20.073761,0.0,0.0,1.0,0.0,0.0,0.0
127.464012,DATA,2,1,3,15,15,51.64515,101.098923,-0.9199492,1.56660533,-8.660155,2.93877339,-12.6471558,-0.498046875,-1.27683234,-0.01000005,-7.7039876,-20.073761,0.0,0.0,1.0,0.0,0.0,0.0
127.5197,DATA,2,1,3,15,15,51.7008362,101.15461,-0.9784508,1.56675386,-8.502072,2.87488937,-12.9814453,-0.499359131,-1.33466077,-0.00999999,-7.54573965,-20.073761,0.0,0.0,1.0,0.0,0.0,0.0
127.574959,DATA,2,1,3,15,15,51.7560959,101.209869,-1.03663218,1.56677246,-8.34418,2.825404,-13.2807922,-0.5042114,-1.39245212,-0.01000005,-7.387593,-20.073761,0.0,0.0,1.0,0.0,0.0,0.0
127.630867,DATA,2,1,3,15,15,51.8120041,101.265778,-1.09389973,1.56669843,-8.188598,2.84207,-13.5316162,-0.5293274,-1.449369,-0.01000011,-7.231839,-20.073761,0.0,0.0,1.0,0.0,0.0,0.0
127.686691,DATA,2,1,3,15,15,51.86783,101.3216,-1.15082681,1.56671858,-8.033447,2.8328383,-13.7380066,-0.55859375,-1.50609159,-0.01000005,-7.076617,-20.073761,0.0,0.0,1.0,0.0,0.0,0.0
127.74205,DATA,2,1,3,15,15,51.9231873,101.376961,-1.20812762,1.56688547,-7.87653971,2.767072,-13.894104,-0.5795288,-1.56341338,-0.01000005,-6.919755,-20.073761,0.0,0.0,1.0,0.0,0.0,0.0
127.797638,DATA,2,1,3,15,15,51.978775,101.432549,-1.265686,1.566992,-7.718796,2.7134366,-14.0079346,-0.6705322,-1.62105823,-0.01000005,-6.762009,-20.073761,0.0,0.0,1.0,0.0,0.0,0.0
127.85247,DATA,2,1,3,15,15,52.0336075,101.487381,-1.3229183,1.56697488,-7.56164646,2.71174884,-14.119812,-0.7492676,-1.6785078,-0.01000005,-6.60479736,-20.073761,0.0,0.0,1.0,0.0,0.0,0.0
127.908279,DATA,2,1,3,15,15,52.0894165,101.54319,-1.37942553,1.56695938,-7.40645266,2.7107532,-14.2059631,-0.7970276,-1.73526669,-0.00999999,-6.44947624,-20.073761,0.0,0.0,1.0,0.0,0.0,0.0
127.963585,DATA,2,1,3,15,15,52.144722,101.598495,-1.45440245,1.56698394,-7.25885439,2.69613051,-12.3526917,-0.830657959,-1.79178429,-0.01000005,-6.294815,-18.9688721,0.988006234,0.0614337325,1.0,0.0,0.0,0.0
128.020187,DATA,2,1,3,15,15,52.2013245,101.6551,-1.59049249,1.56724966,-7.12309027,2.58857322,-7.3637085,-0.8898926,-1.84153223,-0.00999999,-6.132867,-13.9029541,0.999237061,0.03894162,1.0,0.0,0.0,0.0
128.075272,DATA,2,1,3,15,15,52.25641,101.710182,-1.71192157,1.5674262,-6.97888947,2.51923585,-2.51168823,-0.9339905,-1.8761512,-0.01000005,-5.97050571,-8.924957,0.9960631,0.0373546481,1.0,0.0,0.0,0.0
128.131653,DATA,2,1,3,15,15,52.31279,101.766563,-1.82276416,1.56744337,-6.81854248,2.50918412,2.24158168,-0.949554443,-1.89715624,-0.01000005,-5.7995,-3.8508606,0.8826258,0.09942931,1.0,0.0,0.0,0.0
128.1858,DATA,2,1,4,15,15,52.3669434,101.820717,-1.86330163,1.56734276,-6.661996,2.58317733,3.19475746,-0.99520874,-1.90449369,-0.01000011,-5.641089,-1.98440552,0.0,0.0,1.0,0.0,0.0,0.0
128.241684,DATA,2,1,4,15,15,52.42282,101.876595,-1.86934257,1.56734753,-6.4947567,2.57025051,2.96856618,-1.03121948,-1.910287,-0.01000005,-5.473886,-1.98440552,0.0,0.0,1.0,0.0,0.0,0.0
128.2975,DATA,2,1,4,15,15,52.4786377,101.932411,-1.87534714,1.56751966,-6.3264904,2.464797,2.805344,-1.045929,-1.91611266,-0.01000005,-5.30574656,-1.98440552,0.0,0.0,1.0,0.0,0.0,0.0
128.3525,DATA,2,1,4,15,15,52.53363,101.987404,-1.881265,1.5676024,-6.159939,2.45519924,2.73843479,-1.11569214,-1.92187989,-0.01000005,-5.13929653,-1.98440552,0.0,0.0,1.0,0.0,0.0,0.0
128.407791,DATA,2,1,4,15,15,52.58893,102.0427,-1.88717675,1.5674845,-5.99337244,2.48743367,2.69770718,-1.08615112,-1.92765141,-0.01000011,-4.97272,-1.98440552,0.0,0.0,1.0,0.0,0.0,0.0
128.464279,DATA,2,1,4,15,15,52.6454163,102.09919,-1.85405564,1.56731725,-5.824862,2.56542587,-0.4776001,-1.04403687,-1.93418407,-0.00999999,-4.80657959,-4.208954,-0.929654837,-0.3684194,1.0,0.0,0.0,0.0
128.519867,DATA,2,1,4,15,15,52.701004,102.154778,-1.78946137,1.567273,-5.64988947,2.60780478,-5.390259,-0.9852295,-1.95140731,-0.01000011,-4.64129448,-8.853394,-0.9320963,-0.362224221,1.0,0.0,0.0,0.0
128.575043,DATA,2,1,4,15,15,52.75618,102.209953,-1.7387253,1.56735253,-5.4676404,2.5683043,-10.370697,-0.992614746,-1.982458,-0.01000005,-4.47570324,-13.5652466,-0.9310587,-0.364848733,1.0,0.0,0.0,0.0
128.630859,DATA,2,1,4,15,15,52.8119965,102.26577,-1.70380008,1.567361,-5.2849,2.54817915,-15.3182678,-0.9594116,-2.02621841,-0.00999999,-4.31574249,-18.1888733,-0.927549064,-0.3736992,1.0,0.0,0.0,0.0
128.686111,DATA,2,1,4,15,15,52.86725,102.321022,-1.68398368,1.56729293,-5.10085058,2.587719,-20.1950684,-0.9439087,-2.082419,-0.01000005,-4.160578,-22.7799377,-0.9269387,-0.375255585,1.0,0.0,0.0,0.0
128.741943,DATA,2,1,4,15,15,52.92308,102.376854,-1.67888808,1.56716692,-4.91490555,2.66622949,-25.1013489,-0.9231262,-2.15119672,-0.00999999,-4.00970554,-27.3920288,-0.9269387,-0.375255585,1.0,0.0,0.0,0.0
128.797867,DATA,2,1,4,15,15,52.9790039,102.432777,-1.68927634,1.56703854,-4.72521973,2.74131751,-30.1334534,-0.928710938,-2.23370218,-0.01000005,-3.861821,-32.099884,-0.9246803,-0.38071835,1.0,0.0,0.0,0.0
128.8533,DATA,2,1,4,15,15,53.03444,102.488213,-1.71522975,1.56684923,-4.53922939,2.83871961,-35.2937622,-0.9355469,-2.32703567,-0.01000005,-3.722625,-36.7466431,-0.923764765,-0.382915735,1.0,0.0,0.0,0.0
128.908264,DATA,2,1,4,15,15,53.0894,102.543175,-1.75558221,1.566808,-4.358415,2.82936573,-40.43579,-1.01321411,-2.42991066,-0.00999999,-3.59313726,-41.33368,-0.924955,-0.380077481,1.0,0.0,0.0,0.0
128.964462,DATA,2,1,4,15,15,53.1456,102.599373,-1.8103658,1.56685853,-4.18056726,2.81194854,-45.6908875,-1.07919312,-2.54340744,-0.0100001693,-3.47169685,-45.9495239,-0.925870538,-0.377880216,1.0,0.0,0.0,0.0
129.020676,DATA,2,1,4,15,15,53.2018127,102.655586,-1.88027561,1.56682181,-4.0047636,2.80224681,-50.8002,-1.14007568,-2.66847229,-0.00999999,-3.35793567,-50.646698,-0.925870538,-0.377880216,1.0,0.0,0.0,0.0
129.074646,DATA,2,1,4,15,15,53.2557831,102.709557,-1.89629233,1.56686044,-3.889052,2.849617,-55.4571533,-1.16619873,-2.732914,-0.01000005,-3.30616117,-55.1694946,-0.925870538,-0.377880216,0.0,0.0,0.0,0.0
129.130386,DATA,2,1,4,15,15,53.3115234,102.7653,-1.85168028,1.56683826,-3.81934333,2.850338,-60.0411072,-1.16244507,-2.732914,-0.01000005,-3.30616117,-59.8193665,-0.9262978,-0.376781464,0.0,0.0,0.0,0.0
129.185974,DATA,2,1,4,15,15,53.36711,102.820885,-1.81306851,1.56694579,-3.74678826,2.792004,-64.52426,-1.17483521,-2.732914,-0.01000005,-3.30616117,-64.42816,-0.933286548,-0.359141827,0.0,0.0,0.0,0.0
129.24147,DATA,2,1,4,15,15,53.4226074,102.876381,-1.78017926,1.56705308,-3.670621,2.72987914,-69.140686,-1.24899292,-2.732914,-0.01000005,-3.30616117,-69.07605,-0.937376,-0.3482772,0.0,0.0,0.0,0.0
129.297363,DATA,2,1,4,15,15,53.4785,102.932274,-1.75290787,1.56700516,-3.58964348,2.72942615,-73.8788147,-1.33746338,-2.732914,-0.01000005,-3.30616117,-73.86075,-0.9723197,-0.23352766,0.0,0.0,0.0,0.0
129.352341,DATA,2,1,4,15,15,53.5334778,102.987251,-1.7329396,1.56695056,-3.50814319,2.72180247,-78.0150146,-1.492279,-2.732914,-0.01000005,-3.30616117,-78.55008,-0.558671832,-0.06561482,0.0,0.0,0.0,0.0
129.407791,DATA,2,1,4,15,15,53.58893,103.0427,-1.85483849,1.56689072,-3.4722712,2.759465,-77.9914856,-1.715332,-2.85707,-0.01000005,-3.28246927,-79.19647,0.0,0.0,1.0,0.0,0.0,0.0
129.46402,DATA,2,1,4,15,15,53.6451569,103.09893,-2.01730752,1.566874,-3.43987417,2.804489,-77.64609,-1.99072266,-3.01951671,-0.01000005,-3.25147057,-79.19647,0.0,0.0,1.0,0.0,0.0,0.0
129.519958,DATA,2,1,4,15,15,53.7010956,103.154869,-2.18303537,1.566667,-3.406827,2.91446471,-77.2514648,-2.1022644,-3.18529344,-0.00999999,-3.21983624,-79.19647,0.0,0.0,1.0,0.0,0.0,0.0
129.575119,DATA,2,1,4,15,15,53.7562561,103.21003,-2.26481366,1.566395,-3.39003754,3.025038,-76.9413452,-2.156311,-3.26711965,-0.01000005,-3.204222,-79.19647,0.0,0.0,0.0,0.0,0.0,0.0
129.630234,DATA,2,1,4,15,15,53.81137,103.265144,-2.26476836,1.566268,-3.38917875,3.10206246,-76.80145,-2.22540283,-3.26711965,-0.01000005,-3.204222,-79.19647,0.0,0.0,0.0,0.0,0.0,0.0
129.68544,DATA,2,1,4,15,15,53.8665771,103.320351,-2.26485276,1.56629014,-3.38846755,3.05731034,-77.70358,-2.307953,-3.26711965,-0.01000005,-3.204222,-79.19647,-0.932340443,-0.361552835,0.0,0.0,0.0,0.0
129.741669,DATA,2,1,4,15,15,53.9228058,103.376579,-2.25301218,1.5664866,-3.30578375,2.97059965,-82.47214,-2.343872,-3.26711965,-0.01000005,-3.204222,-83.88095,-0.9342021,-0.3567003,0.0,0.0,0.0,0.0
129.796768,DATA,2,1,4,15,15,53.9779053,103.431679,-2.24776316,1.56667137,-3.22296119,2.85806751,-87.1123352,-2.3258667,-3.26711965,-0.01000005,-3.204222,-88.55231,-0.9336833,-0.358012676,0.0,0.0,0.0,0.0
129.852264,DATA,2,1,4,15,15,54.0334,103.487175,-2.24935961,1.56680727,-3.13869786,2.772343,-91.82254,-2.29089355,-3.26711965,-0.01000005,-3.204222,-93.3009644,-0.9336833,-0.358012676,0.0,0.0,0.0,0.0
129.9079,DATA,2,1,4,15,15,54.089035,103.542809,-2.257408,1.566926,-3.05770946,2.695382,-96.55072,-2.24978638,-3.26711965,-0.01000005,-3.204222,-97.90158,-0.9336833,-0.358012676,0.0,0.0,0.0,0.0
129.963669,DATA,2,1,4,15,15,54.1448059,103.598579,-2.27222419,1.567131,-2.97669339,2.57364154,-101.320557,-2.17947388,-3.26711965,-0.01000005,-3.204222,-102.557861,-0.9336833,-0.358012676,0.0,0.0,0.0,0.0
130.0194,DATA,2,1,4,15,15,54.20053,103.654305,-2.29384851,1.56737041,-2.89646149,2.45788169,-106.069412,-2.06896973,-3.26711965,-0.01000005,-3.204222,-107.262848,-0.9336833,-0.358012676,0.0,0.0,0.0,0.0
130.074738,DATA,2,1,4,15,15,54.2558746,103.709648,-2.32182312,1.5675211,-2.81854725,2.40981126,-110.806183,-1.9161377,-3.26711965,-0.01000005,-3.204222,-111.94252,-0.9342936,-0.356486678,0.0,0.0,0.0,0.0
130.130188,DATA,2,1,4,15,15,54.3113251,103.7651,-2.356132,1.56751418,-2.74294972,2.36657238,-115.597534,-1.82037354,-3.26711965,-0.01000005,-3.204222,-116.641357,-0.934720933,-0.355357528,0.0,0.0,0.0,0.0
130.186172,DATA,2,1,4,15,15,54.36731,103.821083,-2.395966,1.5675385,-2.6711576,2.34646249,-120.380417,-1.71542358,-3.26711965,-0.01000005,-3.204222,-121.27536,-0.9366436,-0.350260973,0.0,0.0,0.0,0.0
130.241272,DATA,2,1,4,15,15,54.42241,103.876183,-2.44199443,1.567606,-2.601962,2.31319523,-125.081848,-1.62088013,-3.26711965,-0.01000005,-3.204222,-125.960266,-0.9370403,-0.349192739,0.0,0.0,0.0,0.0
130.297028,DATA,2,1,4,15,15,54.4781647,103.931938,-2.49376154,1.56765556,-2.53652763,2.26980019,-129.783783,-1.5289917,-3.26711965,-0.01000005,-3.204222,-130.656036,-0.942869365,-0.333201051,0.0,0.0,0.0,0.0
130.352676,DATA,2,1,4,15,15,54.5338135,103.987587,-2.552006,1.567698,-2.47440529,2.24286723,-134.550842,-1.446167,-3.26711965,-0.01000005,-3.204222,-135.444244,-0.96066165,-0.2776879,0.0,0.0,0.0,0.0
130.408035,DATA,2,1,4,15,15,54.5891724,104.042946,-2.61532617,1.56780958,-2.417344,2.271129,-139.395477,-1.38427734,-3.26711965,-0.01000005,-3.204222,-140.238754,-0.9705191,-0.24094367,0.0,0.0,0.0,0.0
130.46431,DATA,2,1,4,15,15,54.6454468,104.09922,-2.68440247,1.567755,-2.36498475,2.30362964,-144.3404,-1.33410645,-3.26711965,-0.01000005,-3.204222,-145.109177,-0.9881283,-0.153355479,0.0,0.0,0.0,0.0
130.519714,DATA,2,1,4,15,15,54.70085,104.154625,-2.75911474,1.56769538,-2.317985,2.31332231,-149.307068,-1.29803467,-3.26711965,-0.01000005,-3.204222,-150.073975,-0.991637945,-0.128879666,1.0,0.0,0.0,0.0
130.575241,DATA,2,1,4,15,15,54.75638,104.210152,-2.91735959,1.56757,-2.42520523,2.37949753,-154.302368,-1.24295044,-3.34596848,-0.01000005,-3.3522017,-155.088211,-0.997253358,0.0737022161,1.0,0.0,0.0,0.0
130.630508,DATA,2,1,4,15,15,54.8116455,104.265419,-3.063055,1.5675211,-2.54539466,2.44614267,-159.048813,-1.21774292,-3.41109276,-0.01000011,-3.50524139,-159.985565,-0.7838984,0.295083463,1.0,0.0,0.0,0.0
130.686737,DATA,2,1,4,15,15,54.8678741,104.321648,-3.15783882,1.567308,-2.69016671,2.56421685,-160.841553,-1.15722656,-3.46478248,-0.01000005,-3.663717,-162.441742,0.0,0.0,1.0,0.0,0.0,0.0
130.741211,DATA,2,1,4,15,15,54.922348,104.376122,-3.18105769,1.56712866,-2.817048,2.61485124,-160.903549,-1.08972168,-3.48815918,-0.01000005,-3.79025865,-162.441742,0.0,0.0,1.0,0.0,0.0,0.0
130.796967,DATA,2,1,4,15,15,54.9781036,104.431877,-3.12608767,1.56705415,-2.90174842,2.672439,-160.9603,-1.002594,-3.43339252,-0.01000011,-3.87475586,-162.441742,0.0,0.0,1.0,0.0,0.0,0.0
130.852325,DATA,2,1,4,15,15,55.0334625,104.487236,-3.106912,1.56713736,-3.04589033,2.64678144,-160.962936,-0.9470825,-3.41444,-0.01000011,-4.01881027,-162.441742,0.0,0.0,1.0,0.0,0.0,0.0
130.9072,DATA,2,1,4,15,15,55.0883331,104.542107,-3.1066823,1.56719041,-3.202301,2.63331723,-160.969345,-0.905792236,-3.41444016,-0.01000005,-4.17512655,-162.441742,0.0,0.0,1.0,0.0,0.0,0.0
130.9632,DATA,2,1,4,15,15,55.1443329,104.598106,-3.10639644,1.56718373,-3.3605988,2.62930417,-160.9941,-0.8585205,-3.41444039,-0.01000005,-4.3333354,-162.441742,0.0,0.0,1.0,0.0,0.0,0.0
131.01915,DATA,2,1,4,15,15,55.2002869,104.65406,-3.10604024,1.56718457,-3.51930833,2.628879,-161.07901,-0.796234131,-3.41444063,-0.01000011,-4.49193048,-162.441742,0.0,0.0,1.0,0.0,0.0,0.0
131.074234,DATA,2,1,4,15,15,55.25537,104.709145,-3.10572767,1.56718659,-3.68086147,2.62952542,-161.148865,-0.7350769,-3.41444087,-0.01000005,-4.653425,-162.441742,0.0,0.0,1.0,0.0,0.0,0.0
131.129837,DATA,2,1,4,15,15,55.3109741,104.764748,-3.10547781,1.5672226,-3.83818364,2.621982,-161.182877,-0.625,-3.414441,-0.01000005,-4.810683,-162.441742,0.0,0.0,1.0,0.0,0.0,0.0
131.186157,DATA,2,1,4,15,15,55.3672943,104.821068,-3.10529351,1.56729329,-3.99768257,2.60215688,-161.251785,-0.650085449,-3.41444135,-0.01000011,-4.97000933,-162.441742,0.0,0.0,1.0,0.0,0.0,0.0
131.241272,DATA,2,1,4,15,15,55.42241,104.876183,-3.10511017,1.5671916,-4.155349,2.64233446,-161.2537,-0.5933533,-3.41444135,-0.01000005,-5.12759256,-162.441742,0.0,0.0,1.0,0.0,0.0,0.0
131.297226,DATA,2,1,4,15,15,55.478363,104.932137,-3.10506439,1.56722307,-4.31702757,2.626632,-161.21933,-0.551147461,-3.41444159,-0.01000005,-5.289299,-162.441742,0.0,0.0,1.0,0.0,0.0,0.0
131.3527,DATA,2,1,4,15,15,55.533844,104.987617,-3.10495949,1.56713009,-4.475693,2.607989,-161.203415,-0.5006714,-3.41444182,-0.01000011,-5.44809866,-162.441742,0.0,0.0,1.0,0.0,0.0,0.0
131.407242,DATA,2,1,4,15,15,55.58838,105.042152,-3.13728261,1.56721842,-4.62307024,2.57409644,-163.95665,-0.5585327,-3.414442,-0.00999999,-5.6052947,-164.32164,-0.999755859,0.0207220912,1.0,0.0,0.0,0.0
131.463989,DATA,2,1,4,15,15,55.6451263,105.0989,-3.226148,1.56737852,-4.76558447,2.52503562,-169.031784,-0.5777283,-3.415885,-0.01000005,-5.76846838,-169.362045,-0.9996338,0.027375102,1.0,0.0,0.0,0.0
131.518814,DATA,2,1,4,15,15,55.69995,105.153725,-3.314976,1.56740987,-4.915555,2.51515412,-173.893265,-0.600769043,-3.41758418,-0.01000011,-5.93110037,-174.298615,-0.999572754,0.0284737945,1.0,0.0,0.0,0.0
131.574539,DATA,2,1,4,15,15,55.7556763,105.20945,-3.406061,1.56734443,-5.077304,2.53832269,-178.841644,-0.5925293,-3.41934443,-0.00999999,-6.09805346,-179.317749,-0.9995117,0.0301217437,1.0,0.0,0.0,0.0
131.63028,DATA,2,1,4,15,15,55.8114166,105.26519,-3.46899366,1.56735229,-5.24851465,2.52064466,178.2714,-0.6010742,-3.415638,-0.00999999,-6.26795053,176.9243,0.0,0.0,1.0,0.0,0.0,0.0
131.686386,DATA,2,1,4,15,15,55.8675232,105.3213,-3.46018314,1.56736684,-5.413065,2.52095652,178.314255,-0.586212158,-3.40679717,-0.01000011,-6.43248463,176.9243,0.0,0.0,1.0,0.0,0.0,0.0
131.741226,DATA,2,1,4,15,15,55.9223633,105.376137,-3.45154977,1.56744754,-5.5766387,2.48362732,178.403336,-0.6369934,-3.39801049,-0.01000011,-6.5960083,176.9243,0.0,0.0,1.0,0.0,0.0,0.0
131.796967,DATA,2,1,4,15,15,55.9781036,105.431877,-3.4427352,1.56743884,-5.74547148,2.5377543,178.576935,-0.6378784,-3.38893676,-0.01000005,-6.764876,176.9243,0.0,0.0,1.0,0.0,0.0,0.0
131.85141,DATA,2,1,4,15,15,56.032547,105.48632,-3.434065,1.56741452,-5.910733,2.53111959,178.748657,-0.6444702,-3.38005185,-0.01000005,-6.930231,176.9243,0.0,0.0,1.0,0.0,0.0,0.0
131.907974,DATA,2,1,4,15,15,56.08911,105.542885,-3.37937474,1.56753588,-6.07819557,2.48833251,-177.727844,-0.6456909,-3.37269545,-0.00999999,-7.099201,179.5765,0.852198839,-0.409588933,1.0,0.0,0.0,0.0
131.963608,DATA,2,1,4,15,15,56.1447449,105.598518,-3.30598545,1.56747484,-6.2452836,2.4146297,-173.3096,-0.616760254,-3.37609649,-0.01000005,-7.26396132,-176.102722,0.8810084,-0.416730285,1.0,0.0,0.0,0.0
132.019257,DATA,2,1,4,15,15,56.2003937,105.654167,-3.24374938,1.56760252,-6.42039633,2.34869885,-168.891708,-0.582550049,-3.39233184,-0.01000011,-7.43077755,-171.67186,0.8810084,-0.416730285,1.0,0.0,0.0,0.0
132.074783,DATA,2,1,4,15,15,56.25592,105.709694,-3.18957853,1.56771469,-6.59956837,2.3077476,-164.4445,-0.559082031,-3.41599512,-0.0100001693,-7.595485,-167.229645,0.8942839,-0.4425794,1.0,0.0,0.0,0.0
132.129578,DATA,2,1,4,15,15,56.3107147,105.764488,-3.113091,1.56770134,-6.780169,2.33750319,-160.038879,-0.558746338,-3.415995,-0.01000005,-7.75564241,-162.790192,0.894711137,-0.443830729,1.0,0.0,0.0,0.0
132.185822,DATA,2,1,4,15,15,56.36696,105.820732,-3.03878117,1.56773233,-6.96239662,2.2769773,-155.598846,-0.539123535,-3.415995,-0.01000005,-7.91158676,-158.376923,0.8660238,-0.410473943,1.0,0.0,0.0,0.0
132.241577,DATA,2,1,4,15,15,56.4227142,105.876488,-3.01069164,1.56775832,-7.13088751,2.2693634,-154.344025,-0.509490967,-3.42246652,-0.01000005,-8.065552,-156.266632,0.0,0.0,1.0,0.0,0.0,0.0
132.296661,DATA,2,1,4,15,15,56.4778,105.931572,-3.078128,1.56772768,-7.28484869,2.28159475,-154.353073,-0.457733154,-3.49006033,-0.01000011,-8.219292,-156.266632,0.0,0.0,1.0,0.0,0.0,0.0
132.351364,DATA,2,1,4,15,15,56.5325,105.986275,-3.09942031,1.567696,-7.461427,2.32468987,-150.583588,-0.472625732,-3.55962062,-0.01000011,-8.372869,-153.2921,0.8969085,-0.44218266,1.0,0.0,0.0,0.0
132.407974,DATA,2,1,4,15,15,56.58911,106.042885,-3.10903883,1.56758535,-7.64607525,2.368468,-146.060074,-0.4328003,-3.63854361,-0.00999999,-8.518959,-148.846176,0.8848537,-0.465773463,1.0,0.0,0.0,0.0
132.463669,DATA,2,1,4,15,15,56.6448059,106.098579,-3.13334322,1.5675118,-7.827475,2.4143796,-141.568192,-0.3812256,-3.72777081,-0.01000005,-8.657456,-144.476883,0.8829615,-0.469374657,1.0,0.0,0.0,0.0
132.518,DATA,2,1,4,15,15,56.6991425,106.152916,-3.172569,1.567466,-8.010317,2.43275428,-137.0865,-0.3494873,-3.8296082,-0.00999999,-8.791668,-140.017242,0.880825162,-0.473342061,1.0,0.0,0.0,0.0
132.575073,DATA,2,1,4,15,15,56.75621,106.209984,-3.22652483,1.56746948,-8.190787,2.422213,-132.298462,-0.3647461,-3.94251633,-0.01000011,-8.91855,-135.528091,0.880825162,-0.473342061,1.0,0.0,0.0,0.0
132.630539,DATA,2,1,4,15,15,56.811676,106.26545,-3.29391956,1.56753421,-8.36442,2.39598036,-127.562469,-0.420440674,-4.06377029,-0.01000005,-9.035082,-131.088623,0.878688931,-0.477309465,1.0,0.0,0.0,0.0
132.685608,DATA,2,1,4,15,15,56.866745,106.320518,-3.37158,1.56762052,-8.526087,2.39033914,-122.882233,-0.4944458,-4.188851,-0.01000005,-9.138148,-126.821014,0.87493515,-0.484176159,1.0,0.0,0.0,0.0
132.742264,DATA,2,1,4,15,15,56.9234,106.377174,-3.46474,1.567647,-8.686765,2.371269,-118.099655,-0.567810059,-4.326242,-0.01000005,-9.234958,-122.420319,0.8703879,-0.492294073,1.0,0.0,0.0,0.0
132.797653,DATA,2,1,4,15,15,56.97879,106.432564,-3.57004642,1.56767321,-8.839221,2.3360796,-113.436584,-0.6340027,-4.47057152,-0.01000005,-9.320922,-118.053513,0.8590045,-0.511886954,1.0,0.0,0.0,0.0
132.8532,DATA,2,1,4,15,15,57.0343323,106.488106,-3.68634033,1.567709,-8.981774,2.31442785,-108.761169,-0.682891846,-4.620242,-0.01000005,-9.395346,-113.749023,0.8579364,-0.5137181,1.0,0.0,0.0,0.0
132.908234,DATA,2,1,4,15,15,57.08937,106.543144,-3.81037378,1.56779027,-9.112514,2.31312275,-104.099976,-0.828186035,-4.77191067,-0.01000005,-9.45714951,-109.532806,0.8579364,-0.5137181,1.0,0.0,0.0,0.0
132.9639,DATA,2,1,4,15,15,57.1450348,106.598808,-3.94583774,1.56776118,-9.23566,2.34864521,-99.37808,-0.8387146,-4.93037367,-0.01000005,-9.508413,-105.248688,0.8569902,-0.515305042,1.0,0.0,0.0,0.0
133.019882,DATA,2,1,4,15,15,57.20102,106.654793,-4.09421158,1.56767178,-9.3513,2.322027,-94.72989,-0.881958,-5.096721,-0.01000005,-9.54865551,-100.853333,0.8527787,-0.522202253,1.0,0.0,0.0,0.0
133.075348,DATA,2,1,4,15,15,57.256485,106.710258,-4.2459116,1.5677861,-9.451685,2.26864338,-90.15668,-0.9118042,-5.260405,-0.01000011,-9.575364,-96.63101,0.84325695,-0.5374005,1.0,0.0,0.0,0.0
133.13002,DATA,2,1,4,15,15,57.3111572,106.764931,-4.40316772,1.56799221,-9.539167,2.14093113,-85.72992,-0.9656677,-5.42415571,-0.01000005,-9.589911,-92.49664,0.829340458,-0.55870235,1.0,0.0,0.0,0.0
133.18605,DATA,2,1,4,15,15,57.3671875,106.820961,-4.566627,1.56813073,-9.614034,2.06861663,-81.31317,-0.952880859,-5.588922,-0.01000005,-9.592697,-88.4335,0.815881848,-0.5782037,1.0,0.0,0.0,0.0
133.241516,DATA,2,1,4,15,15,57.4226532,106.876427,-4.73951864,1.56818986,-9.67831,2.01616716,-77.00476,-0.9550781,-5.75782633,-0.01000005,-9.583527,-84.2962341,0.8134098,-0.5816523,1.0,0.0,0.0,0.0
133.297165,DATA,2,1,4,15,15,57.478302,106.932076,-4.911458,1.56823,-9.728477,1.98735332,-72.81015,-0.9417114,-5.92086124,-0.01000011,-9.562916,-80.29385,0.810724258,-0.585406065,1.0,0.0,0.0,0.0
133.352722,DATA,2,1,4,15,15,57.53386,106.987633,-5.09251928,1.568269,-9.767624,1.95227635,-68.66992,-0.9389038,-6.087508,-0.01000005,-9.529752,-76.1630554,0.810022235,-0.586413145,1.0,0.0,0.0,0.0
133.407608,DATA,2,1,4,15,15,57.5887451,107.042519,-5.270126,1.56833911,-9.793091,1.88724172,-64.68671,-0.933227539,-6.246187,-0.00999999,-9.486235,-72.16394,0.810022235,-0.586413145,1.0,0.0,0.0,0.0
133.464035,DATA,2,1,4,15,15,57.6451721,107.098946,-5.448438,1.56843352,-9.806071,1.85090148,-60.6501465,-0.952514648,-6.40076065,-0.00999999,-9.432021,-68.18262,0.810022235,-0.586413145,1.0,0.0,0.0,0.0
133.519684,DATA,2,1,4,15,15,57.70082,107.154594,-5.632258,1.56846762,-9.806468,1.848979,-56.63199,-0.9313965,-6.55538,-0.00999999,-9.365269,-64.08923,0.810022235,-0.586413145,1.0,0.0,0.0,0.0
133.575027,DATA,2,1,4,15,15,57.7561646,107.209938,-5.81513166,1.56838536,-9.793791,1.88841367,-52.64975,-0.9281616,-6.70446825,-0.01000005,-9.28785,-60.0061035,0.810022235,-0.586413145,1.0,0.0,0.0,0.0
133.630127,DATA,2,1,4,15,15,57.811264,107.265038,-5.996471,1.56845593,-9.768031,1.8917985,-48.66992,-0.937072754,-6.847565,-0.0100001693,-9.200079,-55.9259338,0.810022235,-0.586413145,1.0,0.0,0.0,0.0
133.685455,DATA,2,1,4,15,15,57.8665924,107.320366,-6.170693,1.56857955,-9.730755,1.83014858,-44.70044,-0.9357605,-6.980485,-0.00999999,-9.105049,-51.95453,0.810022235,-0.586413145,1.0,0.0,0.0,0.0
133.741165,DATA,2,1,4,15,15,57.9223022,107.376076,-6.345185,1.56869841,-9.680459,1.721811,-40.7171631,-0.939666748,-7.108877,-0.00999999,-8.998977,-47.9066772,0.810022235,-0.586413145,1.0,0.0,0.0,0.0
133.796783,DATA,2,1,4,15,15,57.97792,107.431694,-6.51579428,1.56879687,-9.617998,1.65383124,-36.77069,-0.953216553,-7.22949553,-0.01000005,-8.88407,-43.8576355,0.810022235,-0.586413145,1.0,0.0,0.0,0.0
133.851791,DATA,2,1,4,15,15,58.03293,107.4867,-6.68207836,1.56890082,-9.543354,1.63083112,-32.85675,-0.987579346,-7.34207,-0.01000005,-8.760501,-39.79474,0.810022235,-0.586413145,1.0,0.0,0.0,0.0
133.9071,DATA,2,1,4,15,15,58.08824,107.542015,-6.80467844,1.56894422,-9.458044,1.623923,-28.9355469,-0.993499756,-7.40804243,-0.01000005,-8.630547,-35.7678833,0.8125248,-0.582873,1.0,0.0,0.0,0.0
133.963623,DATA,2,1,4,15,15,58.14476,107.598534,-6.868501,1.56890643,-9.363217,1.595805,-24.7610474,-1.00030518,-7.409214,-0.01000011,-8.493464,-31.5523682,0.911893,-0.410351872,1.0,0.0,0.0,0.0
134.01915,DATA,2,1,4,15,15,58.2002869,107.65406,-6.918253,1.5688765,-9.24544048,1.56540489,-22.64856,-0.9747009,-7.410485,-0.01000011,-8.34758,-28.4087219,0.0,0.0,1.0,0.0,0.0,0.0
134.074371,DATA,2,1,4,15,15,58.25551,107.709282,-6.918551,1.56893849,-9.097614,1.57745552,-22.767334,-1.02182007,-7.410485,-0.01000005,-8.199757,-28.4087219,0.0,0.0,1.0,0.0,0.0,0.0
134.129761,DATA,2,1,4,15,15,58.3108978,107.764671,-6.91886854,1.56878591,-8.951048,1.70686007,-22.9202271,-0.972320557,-7.410485,-0.01000005,-8.053178,-28.4087219,0.0,0.0,1.0,0.0,0.0,0.0
134.185287,DATA,2,1,4,15,15,58.3664246,107.8202,-6.940973,1.56863248,-8.8031,1.79273725,-23.1116638,-0.940917969,-7.432176,-0.01000011,-7.905232,-28.4087219,0.0,0.0,1.0,0.0,0.0,0.0
134.240631,DATA,2,1,4,15,15,58.42177,107.875542,-7.02061462,1.56845474,-8.656201,1.86186373,-23.8730774,-0.877685547,-7.511484,-0.00999999,-7.758609,-28.4087219,-0.634693444,-0.2435987,1.0,0.0,0.0,0.0
134.296753,DATA,2,1,4,15,15,58.47789,107.931664,-7.037401,1.5684756,-8.47034,1.84879756,-28.7757874,-0.836395264,-7.595214,-0.00999999,-7.61305,-32.8051147,-0.9507126,-0.309976459,1.0,0.0,0.0,0.0
134.352173,DATA,2,1,4,15,15,58.53331,107.987083,-7.063425,1.56854939,-8.284294,1.88549209,-33.801178,-0.820037842,-7.68960667,-0.00999999,-7.476144,-37.559082,-0.955504,-0.294961452,1.0,0.0,0.0,0.0
134.4074,DATA,2,1,4,15,15,58.58853,108.042305,-7.10411739,1.56842113,-8.102165,1.952455,-38.74652,-0.755279541,-7.794352,-0.00999999,-7.348328,-42.29648,-0.9533677,-0.301675439,1.0,0.0,0.0,0.0
134.463928,DATA,2,1,4,15,15,58.6450653,108.098839,-7.161324,1.5682056,-7.920863,2.066457,-43.8468323,-0.707061768,-7.911591,-0.00999999,-7.22735167,-47.1040039,-0.947264,-0.320474863,1.0,0.0,0.0,0.0
134.51944,DATA,2,1,4,15,15,58.7005768,108.15435,-7.23367071,1.56803632,-7.746232,2.149303,-48.8192749,-0.6192627,-8.038209,-0.01000005,-7.116861,-51.8563538,-0.9310587,-0.364848733,1.0,0.0,0.0,0.0
134.574951,DATA,2,1,4,15,15,58.75609,108.209862,-7.320558,1.56797874,-7.579444,2.16966534,-53.68918,-0.4607849,-8.17316,-0.00999999,-7.017406,-56.532074,-0.928250968,-0.371929049,1.0,0.0,0.0,0.0
134.630188,DATA,2,1,4,15,15,58.8113251,108.2651,-7.420647,1.56802726,-7.420822,2.1666503,-58.58075,-0.4371338,-8.3155365,-0.01000005,-6.9294014,-61.19168,-0.927549064,-0.3736992,1.0,0.0,0.0,0.0
134.6864,DATA,2,1,4,15,15,58.86754,108.321312,-7.530884,1.56798887,-7.27362967,2.19663978,-63.4566956,-0.32131958,-8.461756,-0.01000005,-6.854593,-65.76318,-0.927549064,-0.3736992,1.0,0.0,0.0,0.0
134.741547,DATA,2,1,4,15,15,58.9226837,108.376457,-7.65385628,1.56796825,-7.134065,2.18113422,-68.23981,-0.2770691,-8.615318,-0.00999999,-6.79097176,-70.38971,-0.927549064,-0.3736992,1.0,0.0,0.0,0.0
134.796982,DATA,2,1,4,15,15,58.97812,108.431892,-7.78769541,1.56797528,-7.00458527,2.174174,-73.01245,-0.236694336,-8.773785,-0.01000005,-6.73986959,-75.02405,-0.927549064,-0.3736992,1.0,0.0,0.0,0.0
134.85231,DATA,2,1,4,15,15,59.0334473,108.487221,-7.934825,1.5681361,-6.88367367,2.06901026,-77.78113,-0.225463867,-8.939573,-0.00999999,-6.70098829,-79.7638245,-0.927549064,-0.3736992,1.0,0.0,0.0,0.0
134.907837,DATA,2,1,4,15,15,59.088974,108.542747,-8.084459,1.56822324,-6.77969074,2.005572,-82.49115,-0.206542969,-9.100656,-0.01000005,-6.676808,-84.2974548,-0.927549064,-0.3736992,1.0,0.0,0.0,0.0
134.963715,DATA,2,1,4,15,15,59.14485,108.598625,-8.244797,1.56831479,-6.68618155,1.97599447,-87.2377,-0.184997559,-9.266047,-0.01000005,-6.665318,-88.91202,-0.927549064,-0.3736992,1.0,0.0,0.0,0.0
135.019989,DATA,2,1,4,15,15,59.2011261,108.6549,-8.414707,1.5682404,-6.604678,2.02758169,-92.03131,-0.190704346,-9.434304,-0.01000011,-6.667276,-93.59558,-0.927549064,-0.3736992,1.0,0.0,0.0,0.0
135.074524,DATA,2,1,4,15,15,59.25566,108.709435,-8.588375,1.56820321,-6.53813028,2.02670026,-96.69559,-0.231140137,-9.599536,-0.00999999,-6.68268251,-98.21622,-0.9280068,-0.372600436,1.0,0.0,0.0,0.0
135.130219,DATA,2,1,4,15,15,59.3113556,108.765129,-8.770212,1.56815541,-6.484837,2.069324,-101.434723,-0.262878418,-9.765962,-0.01000011,-6.71197,-102.922,-0.9280068,-0.372600436,1.0,0.0,0.0,0.0
135.185669,DATA,2,1,4,15,15,59.366806,108.82058,-8.949466,1.56813443,-6.44776773,2.0606308,-106.116913,-0.308136,-9.92388248,-0.01000011,-6.753179,-107.466888,-0.9280068,-0.372600436,1.0,0.0,0.0,0.0
135.241776,DATA,2,1,4,15,15,59.4229126,108.876686,-9.138424,1.5680325,-6.42443,2.156134,-110.891357,-0.345397949,-10.08411,-0.01000005,-6.80909872,-112.19278,-0.9280068,-0.372600436,1.0,0.0,0.0,0.0
135.296967,DATA,2,1,4,15,15,59.4781036,108.931877,-9.325833,1.56779957,-6.41671276,2.242261,-115.594315,-0.3704834,-10.2370243,-0.01000005,-6.8769865,-116.851776,-0.9280068,-0.372600436,1.0,0.0,0.0,0.0
135.3525,DATA,2,1,4,15,15,59.53363,108.987404,-9.510037,1.56765223,-6.4241147,2.32162285,-120.32428,-0.385009766,-10.3814726,-0.01000011,-6.95564,-121.431885,-0.9280068,-0.372600436,1.0,0.0,0.0,0.0
135.407135,DATA,2,1,4,15,15,59.5882721,109.042046,-9.69387,1.56760812,-6.44646835,2.36394215,-125.081635,-0.388427734,-10.5198812,-0.01000011,-7.04606152,-126.0358,-0.9280068,-0.372600436,1.0,0.0,0.0,0.0
135.4637,DATA,2,1,4,15,15,59.6448364,109.09861,-9.876443,1.56763411,-6.4839077,2.36736941,-130.0511,-0.427337646,-10.6514778,-0.01000005,-7.14804173,-130.672562,-0.9284646,-0.3714713,1.0,0.0,0.0,0.0
135.519012,DATA,2,1,4,15,15,59.70015,109.153923,-10.0548811,1.56767845,-6.53580236,2.34180975,-134.890167,-0.4225464,-10.7740822,-0.01000005,-7.2600193,-135.298752,-0.929136038,-0.369731784,1.0,0.0,0.0,0.0
135.574234,DATA,2,1,4,15,15,59.75537,109.209145,-10.2300034,1.567654,-6.602458,2.37692666,-139.7051,-0.4024048,-10.8881931,-0.00999999,-7.38260174,-139.968842,-0.929654837,-0.3684194,1.0,0.0,0.0,0.0
135.6296,DATA,2,1,4,15,15,59.81073,109.2645,-10.4006128,1.56767476,-6.683798,2.38348317,-144.5397,-0.368652344,-10.9927864,-0.00999999,-7.51521063,-144.6834,-0.9317301,-0.363109231,1.0,0.0,0.0,0.0
135.685,DATA,2,1,4,15,15,59.8661346,109.319908,-10.5587158,1.56774449,-6.77530527,2.371226,-149.345612,-0.336669922,-11.0831432,-0.01000005,-7.6511817,-149.252686,-0.9340495,-0.357158065,1.0,0.0,0.0,0.0
135.741577,DATA,2,1,4,15,15,59.9227142,109.376488,-10.710701,1.56776059,-6.880212,2.35272837,-154.287277,-0.284729,-11.1631308,-0.01000011,-7.79539442,-153.87912,-0.935636461,-0.35294652,1.0,0.0,0.0,0.0
135.796768,DATA,2,1,4,15,15,59.9779053,109.431679,-10.8559179,1.56769657,-6.9988966,2.35440373,-159.1293,-0.321136475,-11.2321873,-0.01000005,-7.947908,-158.580734,-0.9366436,-0.350260973,1.0,0.0,0.0,0.0
135.824265,MAZE_FAILED_TIME_OVER,2,1,4,15,15,60.0054,109.459175,0.0,0.0,0.0,0.0,0.0,0.0,0.0,0.0,0.0,0.0,0.0,0.0,0.0,0.0,0.0,0.0
135.852539,DATA,1,1,0,10,0,60.0336761,109.48745,-8.003532,1.57765508,-9.02096748,2.3785758,-1.444519,-0.314819336,-8.0,0.0,-8.0,0.0,-0.9370403,-0.349192739,1.0,0.0,0.0,0.0
135.905624,DATA,1,1,0,10,0,60.08676,109.540535,-8.003967,1.57758307,-9.020954,2.3908546,-0.6687317,-0.277496338,-8.0,0.0,-8.0,0.0,-0.9375591,-0.347849965,1.0,0.0,0.0,0.0
135.961151,DATA,1,1,0,10,0,60.14229,109.596062,-8.003964,1.57757235,-9.021031,2.393466,-0.8417053,-0.2956543,-8.0,0.0,-8.0,0.0,-0.9375591,-0.347849965,1.0,0.0,0.0,0.0
136.016815,DATA,1,1,0,10,0,60.1979523,109.651726,-8.003948,1.57769156,-9.02113152,2.37632012,-0.959136963,-0.3484192,-8.0,0.0,-8.0,0.0,-0.9375591,-0.347849965,1.0,0.0,0.0,0.0
136.07164,DATA,1,1,0,10,0,60.2527771,109.706551,-8.003855,1.577783,-9.021192,2.327819,-0.949188232,-0.3644104,-8.0,0.0,-8.0,0.0,-0.9375591,-0.347849965,1.0,0.0,0.0,0.0
136.1265,DATA,1,1,0,10,0,60.3076324,109.761406,-8.003777,1.57781935,-9.021205,2.29854321,-0.9927368,-0.3692932,-8.0,0.0,-8.0,0.0,-0.9375591,-0.347849965,1.0,0.0,0.0,0.0
136.182861,DATA,1,1,0,10,0,60.364,109.817772,-8.003676,1.57783461,-9.021259,2.28819036,-1.04159546,-0.395080566,-8.0,0.0,-8.0,0.0,-0.9375591,-0.347849965,1.0,0.0,0.0,0.0
136.238632,DATA,1,1,0,10,0,60.41977,109.873543,-8.003542,1.57782412,-9.021321,2.29019547,-1.01776123,-0.391082764,-8.0,0.0,-8.0,0.0,-0.9385968,-0.344950676,1.0,0.0,0.0,0.0
136.2945,DATA,1,1,0,10,0,60.47563,109.929405,-8.003404,1.57783544,-9.021355,2.28119063,-1.04394531,-0.39276123,-8.0,0.0,-8.0,0.0,-0.9439375,-0.3300271,1.0,0.0,0.0,0.0
136.350845,DATA,1,1,0,10,0,60.5319824,109.985756,-8.003319,1.57789576,-9.021337,2.28342175,-0.974823,-0.4491272,-8.0,0.0,-8.0,0.0,-0.961363554,-0.275246382,0.0,0.0,0.0,0.0
136.406647,DATA,1,1,0,10,0,60.5877838,110.041557,-8.00318,1.57781839,-9.021322,2.3289547,-0.940887451,-0.4316101,-8.0,0.0,-8.0,0.0,-0.963164151,-0.268746018,0.0,0.0,0.0,0.0
136.461868,DATA,1,1,0,10,0,60.6430054,110.096779,-8.003009,1.57780337,-9.021329,2.32448554,-0.890533447,-0.459869385,-8.0,0.0,-8.0,0.0,-0.963164151,-0.268746018,0.0,0.0,0.0,0.0
136.517975,DATA,1,1,0,10,0,60.6991119,110.152885,-8.003157,1.57769227,-9.021248,2.34759164,0.0885770246,-0.463775635,-8.0,0.0,-8.0,0.0,0.0,0.0,0.0,0.0,0.0,0.0
136.57283,DATA,1,1,0,10,0,60.7539673,110.207741,-8.002864,1.57774377,-9.021257,2.332691,0.230230451,-0.519348145,-8.0,0.0,-8.0,0.0,0.0,0.0,0.0,0.0,0.0,0.0
136.628723,DATA,1,1,0,10,0,60.80986,110.263634,-8.00256,1.577772,-9.021252,2.326675,0.42106837,-0.5569763,-8.0,0.0,-8.0,0.0,0.0,0.0,0.0,0.0,0.0,0.0
136.684952,DATA,1,1,0,10,0,60.86609,110.319862,-8.002194,1.5777365,-9.021264,2.336418,0.6629549,-0.561187744,-8.0,0.0,-8.0,0.0,0.0,0.0,0.0,0.0,0.0,0.0
136.740417,DATA,1,1,0,10,0,60.9215546,110.375328,-8.001819,1.57762241,-9.021228,2.39895177,0.9109408,-0.525787354,-8.0,0.0,-8.0,0.0,0.0,0.0,0.0,0.0,0.0,0.0
136.795685,DATA,1,1,0,10,0,60.97682,110.430595,-8.001516,1.57747793,-9.021298,2.476498,1.12482059,-0.45425415,-8.0,0.0,-8.0,0.0,0.0,0.0,0.0,0.0,0.0,0.0
136.851059,DATA,1,1,0,10,0,61.032196,110.48597,-8.001371,1.5774461,-9.021387,2.5062983,1.26091611,-0.377166748,-8.0,0.0,-8.0,0.0,0.0,0.0,0.0,0.0,0.0,0.0
136.907532,DATA,1,1,0,10,0,61.08867,110.542442,-8.001293,1.57742548,-9.021431,2.58497071,1.33888042,-0.390716553,-8.0,0.0,-8.0,0.0,0.0,0.0,0.0,0.0,0.0,0.0
136.962265,DATA,1,1,0,10,0,61.1434021,110.597176,-8.001278,1.57722688,-9.021553,2.69212222,1.38985968,-0.328552246,-8.0,0.0,-8.0,0.0,0.0,0.0,0.0,0.0,0.0,0.0
137.018524,DATA,1,1,0,10,0,61.19966,110.653435,-8.00123,1.57690942,-9.021786,2.876368,1.49459577,-0.2401123,-8.0,0.0,-8.0,0.0,0.0,0.0,0.0,0.0,0.0,0.0
137.073212,DATA,1,1,0,10,0,61.25435,110.708122,-8.001005,1.57660329,-9.022056,3.1201117,1.67647028,-0.0755310059,-8.0,0.0,-8.0,0.0,0.0,0.0,0.0,0.0,0.0,0.0
137.128967,DATA,1,1,0,10,0,61.3101044,110.763878,-8.000641,1.57641292,-9.022367,3.31517482,1.91096163,0.111580931,-8.0,0.0,-8.0,0.0,0.0,0.0,0.0,0.0,0.0,0.0
137.1848,DATA,1,1,0,10,0,61.3659363,110.81971,-8.00023651,1.57605159,-9.022844,3.61694336,2.17305565,0.30890727,-8.0,0.0,-8.0,0.0,0.0,0.0,0.0,0.0,0.0,0.0
137.240173,DATA,1,1,0,10,0,61.42131,110.875084,-7.999786,1.57590568,-9.023268,3.76130533,2.41663718,0.4094862,-8.0,0.0,-8.0,0.0,0.0,0.0,0.0,0.0,0.0,0.0
137.295731,DATA,1,1,0,10,0,61.4768677,110.930641,-7.9993453,1.57572055,-9.024011,3.96545,2.62055564,0.5296822,-8.0,0.0,-8.0,0.0,0.0,0.0,0.0,0.0,0.0,0.0
137.351334,DATA,1,1,0,10,0,61.53247,110.986244,-7.99904346,1.57557476,-9.025202,4.281685,2.812129,0.685795,-8.0,0.0,-8.0,0.0,0.0,0.0,0.0,0.0,0.0,0.0
137.406631,DATA,1,1,0,10,0,61.58777,111.041542,-7.99872875,1.57536435,-9.0267725,4.58135366,3.00888252,0.866888165,-8.0,0.0,-8.0,0.0,0.0,0.0,0.0,0.0,0.0,0.0
137.46228,DATA,1,1,0,10,0,61.6434174,111.097191,-7.99855,1.57549632,-9.02891,4.877904,3.17336178,0.932072163,-8.0,0.0,-8.0,0.0,0.0,0.0,0.0,0.0,0.0,0.0
137.518265,DATA,1,1,0,10,0,61.6994,111.153175,-7.99836969,1.57540858,-9.031732,5.236593,3.26145887,0.9803606,-8.0,0.0,-8.0,0.0,0.0,0.0,0.0,0.0,0.0,0.0
137.57431,DATA,1,1,0,10,0,61.7554474,111.209221,-7.998351,1.5755837,-9.035103,5.47468472,3.28908229,1.02997971,-8.0,0.0,-8.0,0.0,0.0,0.0,0.0,0.0,0.0,0.0
137.6299,DATA,1,1,0,10,0,61.8110352,111.264809,-7.998374,1.575597,-9.038756,5.876139,3.26910233,1.052625,-8.0,0.0,-8.0,0.0,0.0,0.0,0.0,0.0,0.0,0.0
137.685379,DATA,1,1,0,10,0,61.8665161,111.32029,-7.998538,1.5757122,-9.042426,6.17504,3.19486141,1.05932379,-8.0,0.0,-8.0,0.0,0.0,0.0,0.0,0.0,0.0,0.0
137.7414,DATA,1,1,0,10,0,61.92253,111.376305,-7.998813,1.57503986,-9.046288,6.98704147,3.06402016,1.13679683,-8.0,0.0,-8.0,0.0,0.0,0.0,0.0,0.0,0.0,0.0
137.796753,DATA,1,1,0,10,0,61.97789,111.431664,-7.99930525,1.57433367,-9.049841,7.693754,2.781464,1.11999416,-8.0,0.0,-8.0,0.0,0.0,0.0,0.0,0.0,0.0,0.0
137.851944,DATA,1,1,0,10,0,62.03308,111.486855,-7.99986839,1.57331085,-9.053557,8.595911,2.499175,1.0414381,-8.0,0.0,-8.0,0.0,0.0,0.0,0.0,0.0,0.0,0.0
137.912552,DATA,1,1,0,10,0,62.09369,111.547462,-8.000198,1.57266593,-9.056941,9.101631,2.376183,0.9648408,-8.0,0.0,-8.0,0.0,0.0,0.0,0.0,0.0,0.0,0.0
137.962769,DATA,1,1,0,10,0,62.1439056,111.597679,-8.000271,1.57207823,-9.060576,9.811075,2.42613626,1.09791636,-8.0,0.0,-8.0,0.0,0.0,0.0,0.0,0.0,0.0,0.0
138.019073,DATA,1,1,0,10,0,62.20021,111.653984,-8.000532,1.57129252,-9.064193,10.3971977,2.54221749,1.2759937,-8.0,0.0,-8.0,0.0,0.0,0.0,0.0,0.0,0.0,0.0
138.0744,DATA,1,1,0,10,0,62.25554,111.709312,-8.00103951,1.57000542,-9.068728,11.1327171,2.60465932,1.43521488,-8.0,0.0,-8.0,0.0,0.0,0.0,0.0,0.0,0.0,0.0
138.129776,DATA,1,1,0,10,0,62.3109131,111.764687,-8.001144,1.56857359,-9.07288551,11.9959288,2.65052915,1.37542534,-8.0,0.0,-8.0,0.0,0.0,0.0,0.0,0.0,0.0,0.0
138.185089,DATA,1,1,0,10,0,62.3662262,111.82,-8.001064,1.5672183,-9.077158,12.6395788,2.69432783,1.21460521,-8.0,0.0,-8.0,0.0,0.0,0.0,0.0,0.0,0.0,0.0
138.240784,DATA,1,1,0,10,0,62.42192,111.875694,-8.001057,1.56659317,-9.080596,12.9106941,2.67569351,1.16615391,-8.0,0.0,-8.0,0.0,0.0,0.0,0.0,0.0,0.0,0.0
138.296692,DATA,1,1,0,10,0,62.47783,111.9316,-8.001355,1.56641877,-9.084128,12.8357115,2.63962841,1.24455714,-8.0,0.0,-8.0,0.0,0.0,0.0,0.0,0.0,0.0,0.0
138.351044,DATA,1,1,0,10,0,62.53218,111.985954,-8.001504,1.56696832,-9.086311,12.3712692,2.58696032,1.33475947,-8.0,0.0,-8.0,0.0,0.0,0.0,0.0,0.0,0.0,0.0
138.407074,DATA,1,1,0,10,0,62.58821,112.041985,-8.001371,1.56790078,-9.087818,11.7108631,2.59996367,1.32645416,-8.0,0.0,-8.0,0.0,0.0,0.0,0.0,0.0,0.0,0.0
138.463577,DATA,1,1,0,10,0,62.6447144,112.098488,-8.000983,1.56886911,-9.088396,11.0325975,2.71427345,1.20328665,-8.0,0.0,-8.0,0.0,0.0,0.0,0.0,0.0,0.0,0.0
138.518768,DATA,1,1,0,10,0,62.6999054,112.153679,-8.000556,1.56975913,-9.087953,10.4987173,2.915788,1.243493,-8.0,0.0,-8.0,0.0,0.0,0.0,0.0,0.0,0.0,0.0
138.574432,DATA,1,1,0,10,0,62.75557,112.209343,-8.000332,1.570524,-9.087132,10.1136827,2.96994448,1.35506618,-8.0,0.0,-8.0,0.0,0.0,0.0,0.0,0.0,0.0,0.0
138.629837,DATA,1,1,0,10,0,62.8109741,112.264748,-8.000027,1.57067955,-9.085563,10.0838442,2.86255145,1.23686862,-8.0,0.0,-8.0,0.0,0.0,0.0,0.0,0.0,0.0,0.0
138.685486,DATA,1,1,0,10,0,62.8666229,112.3204,-7.999636,1.5707866,-9.083845,10.1405382,2.76252437,1.13417113,-8.0,0.0,-8.0,0.0,0.0,0.0,0.0,0.0,0.0,0.0
138.741257,DATA,1,1,0,10,0,62.9223938,112.376167,-7.999297,1.57080126,-9.081692,10.4658289,2.75191331,1.15252364,-8.0,0.0,-8.0,0.0,0.0,0.0,0.0,0.0,0.0,0.0
138.797012,DATA,1,1,0,10,0,62.97815,112.431923,-7.999073,1.57150245,-9.079623,10.4615574,2.78919268,1.16102564,-8.0,0.0,-8.0,0.0,0.0,0.0,0.0,0.0,0.0,0.0
138.851669,DATA,1,1,0,10,0,63.0328064,112.48658,-7.99863529,1.57238436,-9.076321,10.0,2.95206714,1.16927612,-8.0,0.0,-8.0,0.0,0.0,0.0,0.0,0.0,0.0,0.0
138.907089,DATA,1,1,0,10,0,63.0882263,112.542,-7.99825764,1.57331479,-9.073544,9.8728,3.105888,1.20718944,-8.0,0.0,-8.0,0.0,0.0,0.0,0.0,0.0,0.0,0.0
138.963562,DATA,1,1,0,10,0,63.1447,112.598473,-7.99803638,1.57390726,-9.070027,9.39637852,3.10644913,1.230894,-8.0,0.0,-8.0,0.0,0.0,0.0,0.0,0.0,0.0,0.0
139.018311,DATA,1,1,0,10,0,63.1994476,112.653221,-7.99797344,1.57441771,-9.068205,9.16710949,3.03352022,1.42479086,-8.0,0.0,-8.0,0.0,0.0,0.0,0.0,0.0,0.0,0.0
139.0743,DATA,1,1,0,10,0,63.2554321,112.709206,-7.997516,1.57557988,-9.065884,8.61626,3.00114632,1.4780724,-8.0,0.0,-8.0,0.0,0.0,0.0,0.0,0.0,0.0,0.0
139.129654,DATA,1,1,0,10,0,63.31079,112.764565,-7.99692965,1.57674646,-9.06401348,7.82669067,3.02578521,1.58448422,-8.0,0.0,-8.0,0.0,0.0,0.0,0.0,0.0,0.0,0.0
139.1853,DATA,1,1,0,10,0,63.36644,112.820213,-7.996318,1.57745147,-9.062277,7.25129366,3.06694579,1.79852974,-8.0,0.0,-8.0,0.0,0.0,0.0,0.0,0.0,0.0,0.0
139.240875,DATA,1,1,0,10,0,63.4220123,112.875786,-7.995639,1.5781703,-9.060942,6.805151,3.13589239,1.97187865,-8.0,0.0,-8.0,0.0,0.0,0.0,0.0,0.0,0.0,0.0
139.295975,DATA,1,1,0,10,0,63.47711,112.930885,-7.994854,1.57872689,-9.059883,6.25392628,3.22514319,1.99043107,-8.0,0.0,-8.0,0.0,0.0,0.0,0.0,0.0,0.0,0.0
139.351883,DATA,1,1,0,10,0,63.53302,112.986794,-7.99373341,1.57926929,-9.059009,5.77766228,3.34943223,1.92447579,-8.0,0.0,-8.0,0.0,0.0,0.0,0.0,0.0,0.0,0.0
139.407135,DATA,1,1,0,10,0,63.5882721,113.042046,-7.992575,1.57958555,-9.059122,5.349272,3.504787,1.7382133,-8.0,0.0,-8.0,0.0,0.0,0.0,0.0,0.0,0.0,0.0
139.46376,DATA,1,1,0,10,0,63.6448975,113.098671,-7.99141359,1.57953,-9.059444,5.23323059,3.64296246,1.60951149,-8.0,0.0,-8.0,0.0,0.0,0.0,0.0,0.0,0.0,0.0
139.519043,DATA,1,1,0,10,0,63.70018,113.153954,-7.990592,1.579689,-9.060579,5.25757456,3.72760344,1.3891294,-8.0,0.0,-8.0,0.0,0.0,0.0,0.0,0.0,0.0,0.0
139.5745,DATA,1,1,0,10,0,63.75563,113.209404,-7.989561,1.57983077,-9.061362,5.02437449,3.86536551,1.05339491,-8.0,0.0,-8.0,0.0,0.0,0.0,0.0,0.0,0.0,0.0
139.629868,DATA,1,1,0,10,0,63.8110046,113.264778,-7.988653,1.58048213,-9.062473,4.80206728,4.05109262,0.638007,-8.0,0.0,-8.0,0.0,0.0,0.0,0.0,0.0,0.0,0.0
139.6849,DATA,1,1,0,10,0,63.8660431,113.319817,-7.988,1.5812186,-9.063118,4.35855865,4.20249844,0.3859591,-8.0,0.0,-8.0,0.0,0.0,0.0,0.0,0.0,0.0,0.0
139.741241,DATA,1,1,0,10,0,63.92238,113.376152,-7.987706,1.58183992,-9.063695,3.84703374,4.305028,0.3107295,-8.0,0.0,-8.0,0.0,0.0,0.0,0.0,0.0,0.0,0.0
139.796646,DATA,1,1,0,10,0,63.9777832,113.431557,-7.98762369,1.58263433,-9.063678,3.320334,4.3166585,0.3862788,-8.0,0.0,-8.0,0.0,0.0,0.0,0.0,0.0,0.0,0.0
139.851257,DATA,1,1,0,10,0,64.0323944,113.486168,-7.98785973,1.58351517,-9.063176,2.71504259,4.2616725,0.4293264,-8.0,0.0,-8.0,0.0,0.0,0.0,0.0,0.0,0.0,0.0
139.908,DATA,1,1,0,10,0,64.08914,113.542915,-7.98837328,1.5839982,-9.061982,2.203431,4.139851,0.4187794,-8.0,0.0,-8.0,0.0,0.0,0.0,0.0,0.0,0.0,0.0
139.9635,DATA,1,1,0,10,0,64.14464,113.598412,-7.98901463,1.58388186,-9.060523,2.15409923,4.00251245,0.522828043,-8.0,0.0,-8.0,0.0,0.0,0.0,0.0,0.0,0.0,0.0
140.018616,DATA,1,1,0,10,0,64.19975,113.653526,-7.98972464,1.58342385,-9.058787,2.47153664,3.84249663,0.7677333,-8.0,0.0,-8.0,0.0,0.0,0.0,0.0,0.0,0.0,0.0
140.07518,DATA,1,1,0,10,0,64.25632,113.710091,-7.990467,1.58263314,-9.056712,3.02173162,3.63620234,0.9243179,-8.0,0.0,-8.0,0.0,0.0,0.0,0.0,0.0,0.0,0.0
140.1298,DATA,1,1,0,10,0,64.31094,113.764717,-7.991061,1.58115673,-9.054184,4.01362944,3.59743428,1.08131707,-8.0,0.0,-8.0,0.0,0.0,0.0,0.0,0.0,0.0,0.0
140.18544,DATA,1,1,0,10,0,64.36658,113.820351,-7.99119234,1.578763,-9.051323,5.52113152,3.81067181,1.16099942,-8.0,0.0,-8.0,0.0,0.0,0.0,0.0,0.0,0.0,0.0
140.240845,DATA,1,1,0,10,0,64.42198,113.875755,-7.990952,1.57637978,-9.048047,7.09289265,4.13829947,1.34960473,-8.0,0.0,-8.0,0.0,0.0,0.0,0.0,0.0,0.0,0.0
140.296631,DATA,1,1,0,10,0,64.47777,113.931541,-7.990319,1.5747503,-9.0447,8.050566,4.47409773,1.58779466,-8.0,0.0,-8.0,0.0,0.0,0.0,0.0,0.0,0.0,0.0
140.351837,DATA,1,1,0,10,0,64.5329742,113.986748,-7.988998,1.57305861,-9.041263,8.886304,5.00766563,1.86015725,-8.0,0.0,-8.0,0.0,0.0,0.0,0.0,0.0,0.0,0.0
140.411316,DATA,1,1,0,10,0,64.59245,114.046227,-7.98764229,1.57166743,-9.038374,9.558941,5.43012476,2.2180562,-8.0,0.0,-8.0,0.0,0.0,0.0,0.0,0.0,0.0,0.0
140.462418,DATA,1,1,0,10,0,64.6435547,114.097328,-7.98644066,1.57061338,-9.035566,10.0445614,5.695036,2.204092,-8.0,0.0,-8.0,0.0,0.0,0.0,0.0,0.0,0.0,0.0
140.518326,DATA,1,1,0,10,0,64.69946,114.153236,-7.984767,1.57023025,-9.032946,10.0539665,5.81535149,2.15583277,-8.0,0.0,-8.0,0.0,0.0,0.0,0.0,0.0,0.0,0.0
140.573349,DATA,1,1,0,10,0,64.7544861,114.20826,-7.983215,1.56975937,-9.03101349,10.2595882,6.084578,1.9626056,-8.0,0.0,-8.0,0.0,0.0,0.0,0.0,0.0,0.0,0.0
140.629608,DATA,1,1,0,10,0,64.8107452,114.264519,-7.98157835,1.56975889,-9.029268,10.168375,6.32468843,2.03004384,-8.0,0.0,-8.0,0.0,0.0,0.0,0.0,0.0,0.0,0.0
140.684341,DATA,1,1,0,10,0,64.86548,114.319252,-7.98047733,1.57008767,-9.027535,9.5997,6.30647039,1.96625316,-8.0,0.0,-8.0,0.0,0.0,0.0,0.0,0.0,0.0,0.0
140.74115,DATA,1,1,0,10,0,64.92229,114.37606,-7.979781,1.57061887,-9.026273,9.006173,6.059632,2.26976323,-8.0,0.0,-8.0,0.0,0.0,0.0,0.0,0.0,0.0,0.0
140.796631,DATA,1,1,0,10,0,64.97777,114.431541,-7.979483,1.57118344,-9.025308,8.24255848,5.579433,2.51664782,-8.0,0.0,-8.0,0.0,0.0,0.0,0.0,0.0,0.0,0.0
140.85144,DATA,1,1,0,10,0,65.03258,114.486351,-7.97940159,1.57169509,-9.024865,7.68554163,5.170905,2.803349,-8.0,0.0,-8.0,0.0,0.0,0.0,0.0,0.0,0.0,0.0
140.90744,DATA,1,1,0,10,0,65.08858,114.542351,-7.97949839,1.57265723,-9.02467,7.012496,4.87679338,2.97156119,-8.0,0.0,-8.0,0.0,0.0,0.0,0.0,0.0,0.0,0.0
140.9632,DATA,1,1,0,10,0,65.14433,114.598106,-7.97954559,1.57302439,-9.02487,6.311934,4.47817945,3.13858557,-8.0,0.0,-8.0,0.0,0.0,0.0,0.0,0.0,0.0,0.0
141.019073,DATA,1,1,0,10,0,65.20021,114.653984,-7.979717,1.57378769,-9.024697,5.70483971,4.29331875,2.9026885,-8.0,0.0,-8.0,0.0,0.0,0.0,0.0,0.0,0.0,0.0
141.07428,DATA,1,1,0,10,0,65.25542,114.70919,-7.979519,1.57422042,-9.024873,5.270046,4.48757,2.62284613,-8.0,0.0,-8.0,0.0,0.0,0.0,0.0,0.0,0.0,0.0
141.1295,DATA,1,1,0,10,0,65.31064,114.764412,-7.979489,1.5741291,-9.025042,5.0250926,4.744448,2.4146986,-8.0,0.0,-8.0,0.0,0.0,0.0,0.0,0.0,0.0,0.0
141.185516,DATA,1,1,0,10,0,65.36665,114.820427,-7.97965,1.57347941,-9.025964,5.00009441,4.91961,2.11302423,-8.0,0.0,-8.0,0.0,0.0,0.0,0.0,0.0,0.0,0.0
141.240814,DATA,1,1,0,10,0,65.42195,114.875725,-7.979977,1.5730567,-9.026853,5.13830662,5.041585,1.71841764,-8.0,0.0,-8.0,0.0,0.0,0.0,0.0,0.0,0.0,0.0
141.296616,DATA,1,1,0,10,0,65.47775,114.931526,-7.98039532,1.57321763,-9.028236,5.142892,5.15793753,1.27287006,-8.0,0.0,-8.0,0.0,0.0,0.0,0.0,0.0,0.0,0.0
141.351868,DATA,1,1,0,10,0,65.5330048,114.986778,-7.98102856,1.573512,-9.02946949,5.03455067,5.14910555,0.7381806,-8.0,0.0,-8.0,0.0,0.0,0.0,0.0,0.0,0.0,0.0
141.406479,DATA,1,1,0,10,0,65.587616,115.041389,-7.98188639,1.57390189,-9.030896,4.87819,5.190127,0.19518806,-8.0,0.0,-8.0,0.0,0.0,0.0,0.0,0.0,0.0,0.0
141.4631,DATA,1,1,0,10,0,65.64424,115.098015,-7.982699,1.57415414,-9.032133,4.68636274,5.33672953,-0.04812622,-8.0,0.0,-8.0,0.0,0.0,0.0,0.0,0.0,0.0,0.0
141.518829,DATA,1,1,0,10,0,65.69997,115.15374,-7.98360825,1.5742979,-9.03312,4.6514883,5.54101,-0.154052734,-8.0,0.0,-8.0,0.0,0.0,0.0,0.0,0.0,0.0,0.0
141.573822,DATA,1,1,0,10,0,65.75496,115.208733,-7.9845,1.57454681,-9.0338,4.475616,5.678532,-0.219604492,-8.0,0.0,-8.0,0.0,0.0,0.0,0.0,0.0,0.0,0.0
141.629364,DATA,1,1,0,10,0,65.8105,115.264275,-7.985446,1.5746665,-9.034177,4.450448,5.731868,-0.229217529,-8.0,0.0,-8.0,0.0,0.0,0.0,0.0,0.0,0.0,0.0
141.685211,DATA,1,1,0,10,0,65.86635,115.320122,-7.986302,1.57490432,-9.034365,4.339944,5.70465851,-0.1274414,-8.0,0.0,-8.0,0.0,0.0,0.0,0.0,0.0,0.0,0.0
141.7412,DATA,1,1,0,10,0,65.92233,115.376106,-7.987424,1.57467639,-9.034548,4.422714,5.53791142,0.0573299341,-8.0,0.0,-8.0,0.0,0.0,0.0,0.0,0.0,0.0,0.0
141.796661,DATA,1,1,0,10,0,65.9778,115.431572,-7.988519,1.574281,-9.03481,4.683162,5.06137,0.26294136,-8.0,0.0,-8.0,0.0,0.0,0.0,0.0,0.0,0.0,0.0
141.8519,DATA,1,1,0,10,0,66.0330353,115.486809,-7.989741,1.57344317,-9.035225,5.051197,4.48283148,0.373067379,-8.0,0.0,-8.0,0.0,0.0,0.0,0.0,0.0,0.0,0.0
141.907288,DATA,1,1,0,10,0,66.0884247,115.5422,-7.99097157,1.57250643,-9.035757,5.456205,3.9914012,0.5174903,-8.0,0.0,-8.0,0.0,0.0,0.0,0.0,0.0,0.0,0.0
141.963882,DATA,1,1,0,10,0,66.14502,115.598793,-7.99233,1.57166779,-9.036683,5.793422,3.59561825,0.8323428,-8.0,0.0,-8.0,0.0,0.0,0.0,0.0,0.0,0.0,0.0
142.019089,DATA,1,1,0,10,0,66.2002258,115.654,-7.9936285,1.57090521,-9.037954,6.17899,3.18645549,1.32168126,-8.0,0.0,-8.0,0.0,0.0,0.0,0.0,0.0,0.0,0.0
142.0739,DATA,1,1,0,10,0,66.2550354,115.708809,-7.99503326,1.57034373,-9.039125,6.47357368,2.75122523,1.67113936,-8.0,0.0,-8.0,0.0,0.0,0.0,0.0,0.0,0.0,0.0
142.129318,DATA,1,1,0,10,0,66.3104553,115.764229,-7.9962616,1.56995428,-9.039754,6.73862267,2.25969148,1.98786592,-8.0,0.0,-8.0,0.0,0.0,0.0,0.0,0.0,0.0,0.0
142.185013,DATA,1,1,0,10,0,66.36615,115.819923,-7.997287,1.569545,-9.039821,7.12541151,1.73236465,2.14366174,-8.0,0.0,-8.0,0.0,0.0,0.0,0.0,0.0,0.0,0.0
142.240509,DATA,1,1,0,10,0,66.4216461,115.87542,-7.997978,1.56916237,-9.039547,7.33789349,1.2098496,2.30347252,-8.0,0.0,-8.0,0.0,0.0,0.0,0.0,0.0,0.0,0.0
142.2962,DATA,1,1,0,10,0,66.47734,115.931114,-7.998338,1.56841421,-9.038906,7.779945,0.8099809,2.62098718,-8.0,0.0,-8.0,0.0,0.0,0.0,0.0,0.0,0.0,0.0
142.3515,DATA,1,1,0,10,0,66.53264,115.986412,-7.998497,1.56756365,-9.037642,8.24617,0.480823755,2.77407718,-8.0,0.0,-8.0,0.0,0.0,0.0,0.0,0.0,0.0,0.0
142.407471,DATA,1,1,0,10,0,66.58861,116.042381,-7.99868155,1.56747079,-9.036622,8.653644,0.356864452,2.54737854,-8.0,0.0,-8.0,0.0,0.0,0.0,0.0,0.0,0.0,0.0
142.46312,DATA,1,1,0,10,0,66.64426,116.09803,-7.99835348,1.56777668,-9.035511,8.437734,0.32289198,2.53264761,-8.0,0.0,-8.0,0.0,0.0,0.0,0.0,0.0,0.0,0.0
142.518051,DATA,1,1,0,10,0,66.69919,116.152962,-7.997514,1.56833339,-9.034649,7.95493126,0.5698656,2.56511331,-8.0,0.0,-8.0,0.0,0.0,0.0,0.0,0.0,0.0,0.0
142.574066,DATA,1,1,0,10,0,66.7552,116.208977,-7.996966,1.56826484,-9.033313,7.738112,0.78303355,2.429625,-8.0,0.0,-8.0,0.0,0.0,0.0,0.0,0.0,0.0,0.0
142.62883,DATA,1,1,0,10,0,66.80997,116.263741,-7.99671745,1.56718946,-9.032507,8.349978,0.777546048,2.371589,-8.0,0.0,-8.0,0.0,0.0,0.0,0.0,0.0,0.0,0.0
142.685318,DATA,1,1,0,10,0,66.8664551,116.320229,-7.996788,1.5662148,-9.031363,8.625884,0.6429766,2.0800693,-8.0,0.0,-8.0,0.0,0.0,0.0,0.0,0.0,0.0,0.0
142.7407,DATA,1,1,0,10,0,66.9218445,116.375618,-7.99660969,1.56569469,-9.03094,8.835849,0.4338435,1.88344991,-8.0,0.0,-8.0,0.0,0.0,0.0,0.0,0.0,0.0,0.0
142.796356,DATA,1,1,0,10,0,66.97749,116.431267,-7.996714,1.56511235,-9.030375,8.966918,0.192913949,1.78348541,-8.0,0.0,-8.0,0.0,0.0,0.0,0.0,0.0,0.0,0.0
142.851059,DATA,1,1,0,10,0,67.032196,116.48597,-7.997254,1.56465566,-9.02995,8.759052,-0.05871582,1.49852991,-8.0,0.0,-8.0,0.0,0.0,0.0,0.0,0.0,0.0,0.0
142.907272,DATA,1,1,0,10,0,67.08841,116.542183,-7.997173,1.56248355,-9.029753,9.653159,0.08701161,2.13324785,-8.0,0.0,-8.0,0.0,0.0,0.0,0.0,0.0,0.0,0.0
142.96254,DATA,1,1,0,10,0,67.14368,116.59745,-7.99677,1.55928111,-9.029696,11.5728016,0.5118592,2.498207,-8.0,0.0,-8.0,0.0,0.0,0.0,0.0,0.0,0.0,0.0
143.018082,DATA,1,1,0,10,0,67.19922,116.652992,-7.995652,1.55813527,-9.029183,12.3067808,1.10724926,3.42884374,-8.0,0.0,-8.0,0.0,0.0,0.0,0.0,0.0,0.0,0.0
143.073151,DATA,1,1,0,10,0,67.25429,116.708061,-7.995222,1.55824935,-9.028289,12.04715,1.37937045,3.57808256,-8.0,0.0,-8.0,0.0,0.0,0.0,0.0,0.0,0.0,0.0
143.128815,DATA,1,1,0,10,0,67.30995,116.763725,-7.99500227,1.55820239,-9.028228,12.6975784,1.32483411,4.452907,-8.0,0.0,-8.0,0.0,0.0,0.0,0.0,0.0,0.0,0.0
143.184784,DATA,1,1,0,10,0,67.36592,116.819695,-7.995518,1.55711019,-9.028425,13.4306946,0.83360666,4.44956732,-8.0,0.0,-8.0,0.0,0.0,0.0,0.0,0.0,0.0,0.0
143.240189,DATA,1,1,0,10,0,67.4213257,116.8751,-7.996098,1.55741262,-9.027702,13.3039064,0.3188219,4.55102539,-8.0,0.0,-8.0,0.0,0.0,0.0,0.0,0.0,0.0,0.0
143.295746,DATA,1,1,0,10,0,67.47688,116.930656,-7.99696255,1.55610716,-9.026933,13.9072475,-0.195678711,4.65069056,-8.0,0.0,-8.0,0.0,0.0,0.0,0.0,0.0,0.0,0.0
143.350983,DATA,1,1,0,10,0,67.53212,116.985893,-7.998049,1.55424237,-9.026722,14.8597355,-0.5305786,4.609059,-8.0,0.0,-8.0,0.0,0.0,0.0,0.0,0.0,0.0,0.0
143.406784,DATA,1,1,0,10,0,67.58792,117.041695,-7.998696,1.55339837,-9.026211,15.35465,-0.7390442,4.674563,-8.0,0.0,-8.0,0.0,0.0,0.0,0.0,0.0,0.0,0.0
143.462448,DATA,1,1,0,10,0,67.6435852,117.097359,-7.999171,1.55409241,-9.025868,14.8315029,-0.996795654,4.6689086,-8.0,0.0,-8.0,0.0,0.0,0.0,0.0,0.0,0.0,0.0
143.5181,DATA,1,1,0,10,0,67.699234,117.153008,-7.99949455,1.55514,-9.025337,14.1468811,-1.18450928,4.22113848,-8.0,0.0,-8.0,0.0,0.0,0.0,0.0,0.0,0.0,0.0
143.5732,DATA,1,1,0,10,0,67.75433,117.208107,-7.999706,1.55571473,-9.025117,13.3891058,-1.43649292,4.04150534,-8.0,0.0,-8.0,0.0,0.0,0.0,0.0,0.0,0.0,0.0
143.6287,DATA,1,1,0,10,0,67.80983,117.2636,-7.999816,1.55568063,-9.024947,13.1846962,-1.59567261,3.94219184,-8.0,0.0,-8.0,0.0,0.0,0.0,0.0,0.0,0.0,0.0
143.685028,DATA,1,1,0,10,0,67.8661652,117.319939,-7.999837,1.55565333,-9.025155,13.0325375,-1.67489624,4.1657753,-8.0,0.0,-8.0,0.0,0.0,0.0,0.0,0.0,0.0,0.0
143.740173,DATA,1,1,0,10,0,67.92131,117.375084,-7.99971342,1.55597866,-9.02544,12.48451,-1.5944519,4.53032637,-8.0,0.0,-8.0,0.0,0.0,0.0,0.0,0.0,0.0,0.0
143.795532,DATA,1,1,0,10,0,67.97667,117.430443,-7.999174,1.55710673,-9.026158,12.1133022,-1.41802979,4.8764596,-8.0,0.0,-8.0,0.0,0.0,0.0,0.0,0.0,0.0,0.0
143.849777,DATA,1,1,0,10,0,68.0309143,117.484688,-7.998242,1.5586369,-9.027426,11.5014229,-1.03356934,5.30615473,-8.0,0.0,-8.0,0.0,0.0,0.0,0.0,0.0,0.0,0.0
143.906372,DATA,1,1,0,10,0,68.08751,117.541283,-7.99679852,1.56016612,-9.028579,10.9176388,-0.465545654,5.699824,-8.0,0.0,-8.0,0.0,0.0,0.0,0.0,0.0,0.0,0.0
143.960709,DATA,1,1,0,10,0,68.1418457,117.595619,-7.99478626,1.56192982,-9.030494,10.5964537,0.406543046,6.2528553,-8.0,0.0,-8.0,0.0,0.0,0.0,0.0,0.0,0.0,0.0
144.017975,DATA,1,1,0,10,0,68.19911,117.652885,-7.99288559,1.56337261,-9.031594,9.637556,1.11910927,5.879343,-8.0,0.0,-8.0,0.0,0.0,0.0,0.0,0.0,0.0,0.0
144.072617,DATA,1,1,0,10,0,68.25375,117.707527,-7.991037,1.56408751,-9.03342152,9.125686,1.616377,5.425745,-8.0,0.0,-8.0,0.0,0.0,0.0,0.0,0.0,0.0,0.0
144.128159,DATA,1,1,0,10,0,68.3092957,117.763069,-7.98911667,1.56421649,-9.034306,9.068922,1.95569086,4.84835529,-8.0,0.0,-8.0,0.0,0.0,0.0,0.0,0.0,0.0,0.0
144.184021,DATA,1,1,0,10,0,68.36516,117.818932,-7.98719835,1.56458378,-9.034755,8.940823,2.26885676,4.189087,-8.0,0.0,-8.0,0.0,0.0,0.0,0.0,0.0,0.0,0.0
144.239609,DATA,1,1,0,10,0,68.4207458,117.874519,-7.98541546,1.56515038,-9.034461,8.656533,2.580667,3.22656655,-8.0,0.0,-8.0,0.0,0.0,0.0,0.0,0.0,0.0,0.0
144.295242,DATA,1,1,0,10,0,68.47638,117.930153,-7.9837966,1.56609929,-9.033988,8.1411705,2.99704456,2.14560747,-8.0,0.0,-8.0,0.0,0.0,0.0,0.0,0.0,0.0,0.0
144.349777,DATA,1,1,0,10,0,68.5309143,117.984688,-7.982639,1.56750977,-9.032806,7.061577,3.76044226,1.07076573,-8.0,0.0,-8.0,0.0,0.0,0.0,0.0,0.0,0.0,0.0
144.40686,DATA,1,1,0,10,0,68.588,118.041771,-7.98210335,1.56844056,-9.032467,6.352962,4.566759,-0.0308837891,-8.0,0.0,-8.0,0.0,0.0,0.0,0.0,0.0,0.0,0.0
144.462662,DATA,1,1,0,10,0,68.6438,118.097572,-7.98225975,1.56943417,-9.032219,5.5776124,5.33604,-0.9414978,-8.0,0.0,-8.0,0.0,0.0,0.0,0.0,0.0,0.0,0.0
144.517624,DATA,1,1,0,10,0,68.69876,118.152534,-7.983208,1.57071531,-9.031982,4.58893251,5.96006775,-1.8190918,-8.0,0.0,-8.0,0.0,0.0,0.0,0.0,0.0,0.0,0.0
144.573257,DATA,1,1,0,10,0,68.7543945,118.208168,-7.98443174,1.57165241,-9.032133,3.79035,6.60434151,-2.38317871,-8.0,0.0,-8.0,0.0,0.0,0.0,0.0,0.0,0.0,0.0
144.62915,DATA,1,1,0,10,0,68.81029,118.264061,-7.985371,1.57252693,-9.032923,3.44683766,7.1615963,-2.1652832,-8.0,0.0,-8.0,0.0,0.0,0.0,0.0,0.0,0.0,0.0
144.68483,DATA,1,1,0,10,0,68.86597,118.31974,-7.986144,1.57329452,-9.033936,3.05583978,7.47544575,-1.78140259,-8.0,0.0,-8.0,0.0,0.0,0.0,0.0,0.0,0.0,0.0
144.740448,DATA,1,1,0,10,0,68.9215851,118.375359,-7.98658848,1.57378054,-9.035059,2.790877,7.505913,-1.632721,-8.0,0.0,-8.0,0.0,0.0,0.0,0.0,0.0,0.0,0.0
144.796143,DATA,1,1,0,10,0,68.97728,118.431053,-7.98714256,1.574073,-9.036066,2.46867275,7.362711,-1.69580078,-8.0,0.0,-8.0,0.0,0.0,0.0,0.0,0.0,0.0,0.0
144.851074,DATA,1,1,0,10,0,69.03221,118.485985,-7.98745632,1.57372653,-9.036961,2.507359,7.28834963,-1.68670654,-8.0,0.0,-8.0,0.0,0.0,0.0,0.0,0.0,0.0,0.0
144.907181,DATA,1,1,0,10,0,69.08832,118.542091,-7.987663,1.57357681,-9.037759,2.57217264,7.287281,-1.5927124,-8.0,0.0,-8.0,0.0,0.0,0.0,0.0,0.0,0.0,0.0
144.963,DATA,1,1,0,10,0,69.1441345,118.597908,-7.9877286,1.57366776,-9.038283,2.63715649,7.40538836,-1.58422852,-8.0,0.0,-8.0,0.0,0.0,0.0,0.0,0.0,0.0,0.0
145.019,DATA,1,1,0,10,0,69.2001343,118.653908,-7.987831,1.5735811,-9.038696,2.70508051,7.378102,-1.45175171,-8.0,0.0,-8.0,0.0,0.0,0.0,0.0,0.0,0.0,0.0
145.07341,DATA,1,1,0,10,0,69.25455,118.708321,-7.98776531,1.57378256,-9.03885,2.54883265,7.37757063,-1.49987793,-8.0,0.0,-8.0,0.0,0.0,0.0,0.0,0.0,0.0,0.0
145.129089,DATA,1,1,0,10,0,69.31023,118.764,-7.987557,1.57381654,-9.038684,2.53290963,7.48176956,-1.41622925,-8.0,0.0,-8.0,0.0,0.0,0.0,0.0,0.0,0.0,0.0
145.1849,DATA,1,1,0,10,0,69.36604,118.819817,-7.987367,1.57345819,-9.038757,2.75258923,7.54121,-1.22842407,-8.0,0.0,-8.0,0.0,0.0,0.0,0.0,0.0,0.0,0.0
145.2408,DATA,1,1,0,10,0,69.421936,118.87571,-7.987264,1.57321429,-9.03845,2.862274,7.63978863,-1.15866089,-8.0,0.0,-8.0,0.0,0.0,0.0,0.0,0.0,0.0,0.0
145.295975,DATA,1,1,0,10,0,69.47711,118.930885,-7.98732233,1.57256579,-9.038165,3.44496322,7.63008738,-0.949920654,-8.0,0.0,-8.0,0.0,0.0,0.0,0.0,0.0,0.0,0.0
145.351837,DATA,1,1,0,10,0,69.5329742,118.986748,-7.987377,1.57145524,-9.038163,4.142376,7.43176842,-0.728057861,-8.0,0.0,-8.0,0.0,0.0,0.0,0.0,0.0,0.0,0.0
145.407043,DATA,1,1,0,10,0,69.58818,119.041954,-7.987448,1.57098126,-9.037523,4.37202358,7.20754957,-0.78125,-8.0,0.0,-8.0,0.0,0.0,0.0,0.0,0.0,0.0,0.0
145.462677,DATA,1,1,0,10,0,69.6438141,119.097588,-7.987485,1.57083845,-9.036991,4.490687,7.117203,-0.762054443,-8.0,0.0,-8.0,0.0,0.0,0.0,0.0,0.0,0.0,0.0
145.518036,DATA,1,1,0,10,0,69.69917,119.152946,-7.98752737,1.5706327,-9.036288,4.63701725,7.00033045,-0.754608154,-8.0,0.0,-8.0,0.0,0.0,0.0,0.0,0.0,0.0,0.0
145.573547,DATA,1,1,0,10,0,69.7546844,119.208458,-7.987638,1.57062066,-9.036043,4.741394,6.89461231,-0.8938904,-8.0,0.0,-8.0,0.0,0.0,0.0,0.0,0.0,0.0,0.0
145.629013,DATA,1,1,0,10,0,69.81015,119.263924,-7.987672,1.57079864,-9.035807,4.726994,6.80140638,-0.919525146,-8.0,0.0,-8.0,0.0,0.0,0.0,0.0,0.0,0.0,0.0
145.684875,DATA,1,1,0,10,0,69.86601,119.319786,-7.987815,1.57114816,-9.035894,4.56680441,6.581672,-0.982910156,-8.0,0.0,-8.0,0.0,0.0,0.0,0.0,0.0,0.0,0.0
145.740646,DATA,1,1,0,10,0,69.92178,119.375557,-7.987769,1.57144761,-9.035821,4.361868,6.301467,-1.10195923,-8.0,0.0,-8.0,0.0,0.0,0.0,0.0,0.0,0.0,0.0
145.796188,DATA,1,1,0,10,0,69.9773254,119.4311,-7.987687,1.57207668,-9.035999,3.90086031,6.166372,-1.25180054,-8.0,0.0,-8.0,0.0,0.0,0.0,0.0,0.0,0.0,0.0
145.837891,MAZE_STARTED,1,2,0,10,0,0.0,119.4728,0.0,0.0,0.0,0.0,0.0,0.0,0.0,0.0,0.0,0.0,0.0,0.0,0.0,0.0,0.0,0.0
145.857239,DATA,1,2,0,10,0,0.0193481445,119.492149,-7.987489,1.57275259,-9.03628349,3.48563671,6.25108671,-1.34570313,-8.0,0.0,-8.0,0.0,0.0,0.0,0.0,0.0,0.0,0.0
145.907242,DATA,1,2,0,10,0,0.0693512,119.542152,-7.987244,1.57310271,-9.036764,3.18863177,6.40699434,-1.3638916,-8.0,0.0,-8.0,0.0,0.0,0.0,0.0,0.0,0.0,0.0
145.962311,DATA,1,2,0,10,0,0.124420166,119.597221,-7.987069,1.57331717,-9.03719,2.96710038,6.51318359,-1.43927,-8.0,0.0,-8.0,0.0,0.0,0.0,0.0,0.0,0.0,0.0
146.019012,DATA,1,2,0,10,0,0.181121826,119.653923,-7.98695135,1.57351589,-9.037338,2.8071804,6.55922842,-1.55896,-8.0,0.0,-8.0,0.0,0.0,0.0,0.0,0.0,0.0,0.0
146.0744,DATA,1,2,0,10,0,0.23651123,119.709312,-7.98703146,1.57343006,-9.037419,2.8764677,6.610364,-1.61251831,-8.0,0.0,-8.0,0.0,0.0,0.0,0.0,0.0,0.0,0.0
146.1296,DATA,1,2,0,10,0,0.291702271,119.7645,-7.98725462,1.57338822,-9.037324,2.95156455,6.605045,-1.47930908,-8.0,0.0,-8.0,0.0,0.0,0.0,0.0,0.0,0.0,0.0
146.186081,DATA,1,2,0,10,0,0.3481903,119.820992,-7.98763561,1.57317734,-9.037494,3.12916636,6.47206974,-1.34234619,-8.0,0.0,-8.0,0.0,0.0,0.0,0.0,0.0,0.0,0.0
146.240555,DATA,1,2,0,10,0,0.402664185,119.875465,-7.98796272,1.572986,-9.037739,3.26461148,6.283082,-1.286499,-8.0,0.0,-8.0,0.0,0.0,0.0,0.0,0.0,0.0,0.0
146.296677,DATA,1,2,0,10,0,0.458786,119.931587,-7.9882555,1.57292032,-9.038043,3.31804276,6.11452055,-1.19689941,-8.0,0.0,-8.0,0.0,0.0,0.0,0.0,0.0,0.0,0.0
146.351349,DATA,1,2,0,10,0,0.513458252,119.986259,-7.988533,1.57290626,-9.038236,3.36496973,5.96345854,-1.11309814,-8.0,0.0,-8.0,0.0,0.0,0.0,0.0,0.0,0.0,0.0
146.4074,DATA,1,2,0,10,0,0.5695038,120.042305,-7.98866558,1.572972,-9.0387125,3.31534767,5.8741703,-1.05654907,-8.0,0.0,-8.0,0.0,0.0,0.0,0.0,0.0,0.0,0.0
146.463821,DATA,1,2,0,10,0,0.6259308,120.098732,-7.988811,1.57310939,-9.039062,3.13410163,5.852422,-0.9873352,-8.0,0.0,-8.0,0.0,0.0,0.0,0.0,0.0,0.0,0.0
146.518509,DATA,1,2,0,10,0,0.6806183,120.153419,-7.98885,1.57327783,-9.039472,3.07104588,5.879961,-0.9863281,-8.0,0.0,-8.0,0.0,0.0,0.0,1.0,0.0,0.0,0.0
146.574478,DATA,1,2,0,10,0,0.7365875,120.209389,-7.98897362,1.56322742,-8.871883,3.14513659,5.91636753,-0.9685364,-8.0,-0.01000005,-7.83207035,0.0,0.0,0.0,1.0,0.0,0.0,0.0
146.629715,DATA,1,2,0,10,0,0.791824341,120.264626,-7.98916864,1.56311893,-8.703407,3.20750833,5.89627075,-0.9595032,-8.0,-0.01000005,-7.663211,0.0,0.0,0.0,1.0,0.0,0.0,0.0
146.68544,DATA,1,2,0,10,0,0.847549438,120.320351,-7.98932743,1.562985,-8.541384,3.2931242,5.877351,-0.931335449,-8.0,-0.01000005,-7.500872,0.0,0.0,0.0,1.0,0.0,0.0,0.0
146.7413,DATA,1,2,0,10,0,0.903411865,120.376213,-7.98938131,1.56288242,-8.442223,3.32783651,5.93618774,-0.895202637,-8.0,-0.01000005,-7.401529,0.0,0.0,0.0,0.0,0.0,0.0,0.0
146.796066,DATA,1,2,0,10,0,0.958175659,120.430977,-7.98939371,1.5627737,-8.442391,3.41343665,6.021222,-0.8326111,-8.0,-0.01000005,-7.401529,0.0,0.0,0.0,0.0,0.0,0.0,0.0
146.850723,DATA,1,2,0,10,0,1.01283264,120.485634,-7.989405,1.5629003,-8.442419,3.37263,6.055344,-0.839355469,-8.0,-0.01000005,-7.401529,0.0,0.0,0.0,0.0,0.0,0.0,0.0
146.906815,DATA,1,2,0,10,0,1.068924,120.541725,-7.989492,1.56311107,-8.44251,3.253573,6.023086,-0.8562012,-8.0,-0.01000005,-7.401529,0.0,0.0,0.0,0.0,0.0,0.0,0.0
146.962158,DATA,1,2,0,10,0,1.12426758,120.597069,-8.03795052,1.56310415,-8.442182,3.194719,9.524226,-0.8500366,-8.0,-0.01000005,-7.401529,2.622096,0.8418226,-0.5396893,0.0,0.0,0.0,0.0
147.018585,DATA,1,2,0,10,0,1.18069458,120.653496,-8.115285,1.5631063,-8.43648,3.15744114,13.7839069,-0.8213196,-8.0,-0.01000005,-7.401529,6.889601,0.8395337,-0.5432905,0.0,0.0,0.0,0.0
147.073517,DATA,1,2,0,10,0,1.23562622,120.708427,-8.191223,1.56307054,-8.425027,3.271614,18.0083923,-0.83303833,-8.0,-0.01000005,-7.401529,11.1255836,0.8379468,-0.5457015,0.0,0.0,0.0,0.0
147.128754,DATA,1,2,0,10,0,1.290863,120.763664,-8.264973,1.56281734,-8.408504,3.40224576,22.23731,-0.848175049,-8.0,-0.01000005,-7.401529,15.29167,0.836787,-0.547502041,0.0,0.0,0.0,0.0
147.184891,DATA,1,2,0,10,0,1.34700012,120.8198,-8.336369,1.5626111,-8.38701248,3.47970319,26.4655113,-0.8838196,-8.0,-0.01000005,-7.401529,19.3978424,0.836787,-0.547502041,0.0,0.0,0.0,0.0
147.2403,DATA,1,2,0,10,0,1.40240479,120.875206,-8.408042,1.56260157,-8.359572,3.473326,30.6495037,-0.8880615,-8.0,-0.01000005,-7.401529,23.6302986,0.8361156,-0.5485091,0.0,0.0,0.0,0.0
147.295288,DATA,1,2,0,10,0,1.45739746,120.9302,-8.476726,1.562808,-8.327026,3.411792,34.7629662,-0.8916626,-8.0,-0.01000005,-7.401529,27.8215618,0.8354137,-0.5496079,0.0,0.0,0.0,0.0
147.3553,DATA,1,2,0,10,0,1.51741028,120.990211,-8.54503,1.562942,-8.288583,3.35779285,39.1902924,-0.892272949,-8.0,-0.01000005,-7.401529,32.129158,0.8354137,-0.5496079,0.0,0.0,0.0,0.0
147.405792,DATA,1,2,0,10,0,1.56790161,121.0407,-8.605199,1.56293821,-8.248706,3.32135272,42.96179,-0.877838135,-8.0,-0.01000005,-7.401529,36.10675,0.8347423,-0.550614953,0.0,0.0,0.0,0.0
147.4624,DATA,1,2,0,10,0,1.62451172,121.097313,-8.665496,1.56288767,-8.202223,3.3124764,47.1476,-0.8858032,-8.0,-0.01000005,-7.401529,40.29162,0.8347423,-0.550614953,0.0,0.0,0.0,0.0
147.517456,DATA,1,2,0,10,0,1.67956543,121.152367,-8.722524,1.56278443,-8.151097,3.37458158,51.2874069,-0.8734131,-8.0,-0.01000005,-7.401529,44.5059929,0.8347423,-0.550614953,0.0,0.0,0.0,0.0
147.572861,DATA,1,2,0,10,0,1.73497009,121.207771,-8.775183,1.56276035,-8.09633,3.42045665,55.4352,-0.82699585,-8.0,-0.01000005,-7.401529,48.6870575,0.8347423,-0.550614953,0.0,0.0,0.0,0.0
147.628662,DATA,1,2,0,10,0,1.79077148,121.263573,-8.823548,1.5628314,-8.03817,3.414248,59.61003,-0.863739,-8.0,-0.01000005,-7.401529,52.8435669,0.835535765,-0.549424767,0.0,0.0,0.0,0.0
147.684387,DATA,1,2,0,10,0,1.84649658,121.3193,-8.867822,1.56284189,-7.976345,3.42699552,63.7647362,-0.818573,-8.0,-0.01000005,-7.401529,57.0214157,0.83773303,-0.545976162,0.0,0.0,0.0,0.0
147.740814,DATA,1,2,0,10,0,1.90292358,121.375725,-8.908109,1.56289983,-7.9104104,3.39937878,68.00034,-0.7993164,-8.0,-0.01000005,-7.401529,61.2654037,0.8706931,-0.490981817,0.0,0.0,0.0,0.0
147.795288,DATA,1,2,0,10,0,1.95739746,121.4302,-8.942849,1.56293488,-7.842292,3.35364342,71.91126,-0.787963867,-8.0,-0.01000005,-7.401529,65.48492,0.704336643,-0.343913078,0.0,0.0,0.0,0.0
147.850845,DATA,1,2,0,10,0,2.01295471,121.485756,-8.95348,1.56297517,-7.818715,3.33028269,72.69061,-0.808410645,-8.0,-0.01000005,-7.401529,66.9333038,0.0,0.0,0.0,0.0,0.0,0.0
147.906631,DATA,1,2,0,10,0,2.06874084,121.541542,-8.953629,1.56289744,-7.81885052,3.3353312,72.70361,-0.8383484,-8.0,-0.01000005,-7.401529,66.9333038,0.0,0.0,0.0,0.0,0.0,0.0
147.961884,DATA,1,2,0,10,0,2.123993,121.596794,-8.953722,1.5629313,-7.81899166,3.30688715,72.74203,-0.8715515,-8.0,-0.01000005,-7.401529,66.9333038,0.0,0.0,1.0,0.0,0.0,0.0
148.018448,DATA,1,2,0,10,0,2.18055725,121.653358,-8.799287,1.56296611,-7.75348234,3.26808929,72.75299,-0.873168945,-7.84554768,-0.01000005,-7.33575535,66.9333038,0.0,0.0,1.0,0.0,0.0,0.0
148.072784,DATA,1,2,0,10,0,2.2348938,121.707695,-8.646731,1.56308162,-7.688571,3.17658639,72.71458,-0.9371948,-7.69286871,-0.01000011,-7.270737,66.9333038,0.0,0.0,1.0,0.0,0.0,0.0
148.12825,DATA,1,2,0,10,0,2.2903595,121.763161,-8.492636,1.56317,-7.62303,3.10495114,72.73255,-0.9512329,-7.538607,-0.01000005,-7.20504475,66.9333038,0.0,0.0,1.0,0.0,0.0,0.0
148.184662,DATA,1,2,0,10,0,2.34677124,121.819572,-8.342391,1.56329346,-7.559187,3.01136184,72.7767639,-0.95224,-7.388252,-0.01000005,-7.141016,66.9333038,0.0,0.0,1.0,0.0,0.0,0.0
148.240768,DATA,1,2,0,10,0,2.40287781,121.875679,-8.185708,1.56336117,-7.492552,2.98160768,72.8123,-0.944000244,-7.23145151,-0.01000005,-7.07424259,66.9333038,0.0,0.0,1.0,0.0,0.0,0.0
148.295349,DATA,1,2,0,10,0,2.4574585,121.93026,-8.033389,1.56345153,-7.427828,2.981683,72.82678,-0.9298096,-7.07914639,-0.01000005,-7.00938368,66.9333038,0.0,0.0,1.0,0.0,0.0,0.0
148.350815,DATA,1,2,0,10,0,2.51292419,121.985725,-7.86690569,1.5635097,-7.35692024,2.93046141,72.79355,-0.9112549,-6.91252041,-0.01000005,-6.93842649,66.9333038,0.0,0.0,1.0,0.0,0.0,0.0
148.405792,DATA,1,2,0,10,0,2.56790161,122.0407,-7.728297,1.56364179,-7.297932,2.87918425,72.76973,-0.915527344,-6.77397442,-0.01000011,-6.87942648,66.9333038,0.0,0.0,1.0,0.0,0.0,0.0
148.461945,DATA,1,2,0,10,0,2.624054,122.096855,-7.57591724,1.56367731,-7.233016,2.802258,72.7611,-0.9002075,-6.621495,-0.01000005,-6.814493,66.9333038,0.0,0.0,1.0,0.0,0.0,0.0
148.516739,DATA,1,2,0,10,0,2.67884827,122.151649,-7.48941,1.5637784,-7.196155,2.68074226,72.76871,-0.9046936,-6.534867,-0.01000011,-6.77760267,66.9333038,0.0,0.0,0.0,0.0,0.0,0.0
148.572067,DATA,1,2,0,10,0,2.73417664,122.206978,-7.489467,1.56397128,-7.19630527,2.56814122,72.78524,-0.8811035,-6.534867,-0.01000011,-6.77760267,66.9333038,0.0,0.0,0.0,0.0,0.0,0.0
148.626556,DATA,1,2,0,10,0,2.78866577,122.261467,-7.489525,1.5642122,-7.19647455,2.470991,72.85255,-0.8300781,-6.534867,-0.01000011,-6.77760267,66.9333038,0.0,0.0,0.0,0.0,0.0,0.0
148.684235,DATA,1,2,0,10,0,2.846344,122.319145,-7.48955965,1.56432641,-7.19661665,2.421549,72.9595642,-0.769104,-6.534867,-0.01000011,-6.77760267,66.9333038,0.0,0.0,0.0,0.0,0.0,0.0
148.739319,DATA,1,2,0,10,0,2.90142822,122.374229,-7.48941469,1.56430542,-7.196522,2.33401871,73.05701,-0.6930542,-6.534867,-0.01000011,-6.77760267,66.9333038,0.0,0.0,0.0,0.0,0.0,0.0
148.794647,DATA,1,2,0,10,0,2.95675659,122.429558,-7.489491,1.56444561,-7.19663858,2.2142663,73.1301041,-0.674560547,-6.534867,-0.01000011,-6.77760267,66.9333038,0.0,0.0,0.0,0.0,0.0,0.0
148.849808,DATA,1,2,0,10,0,3.011917,122.484718,-7.489675,1.56452453,-7.19664764,2.16141915,73.12262,-0.6397095,-6.534867,-0.01000011,-6.77760267,66.9333038,0.0,0.0,0.0,0.0,0.0,0.0
148.906052,DATA,1,2,0,10,0,3.068161,122.540962,-7.48985958,1.56475449,-7.196576,1.99285066,73.03187,-0.6180115,-6.534867,-0.01000011,-6.77760267,66.9333038,0.0,0.0,0.0,0.0,0.0,0.0
148.961609,DATA,1,2,0,10,0,3.12371826,122.596519,-7.49004459,1.56508934,-7.196437,1.80499768,72.93541,-0.554107666,-6.534867,-0.01000011,-6.77760267,66.9333038,0.0,0.0,0.0,0.0,0.0,0.0
149.017029,DATA,1,2,0,10,0,3.17913818,122.651939,-7.490468,1.56533921,-7.196474,1.64466941,72.84323,-0.5428772,-6.534867,-0.01000011,-6.77760267,66.9333038,0.0,0.0,0.0,0.0,0.0,0.0
149.07251,DATA,1,2,0,10,0,3.23461914,122.70742,-7.490901,1.56556928,-7.19660139,1.49617863,72.8117447,-0.5410156,-6.534867,-0.01000011,-6.77760267,66.9333038,0.0,0.0,0.0,0.0,0.0,0.0
149.127884,DATA,1,2,0,10,0,3.28999329,122.762794,-7.49111748,1.565755,-7.196802,1.40296268,72.78273,-0.5604553,-6.534867,-0.01000011,-6.77760267,66.9333038,0.0,0.0,0.0,0.0,0.0,0.0
149.183365,DATA,1,2,0,10,0,3.34547424,122.818275,-7.49134445,1.56589007,-7.19692469,1.37088084,72.75841,-0.5582886,-6.534867,-0.01000011,-6.77760267,66.9333038,0.0,0.0,0.0,0.0,0.0,0.0
149.239365,DATA,1,2,0,10,0,3.401474,122.874275,-7.491384,1.5661236,-7.19727755,1.35316181,72.85817,-0.5011902,-6.534867,-0.01000011,-6.77760267,66.9333038,0.0,0.0,0.0,0.0,0.0,0.0
149.294617,DATA,1,2,0,10,0,3.456726,122.929527,-7.491317,1.56633568,-7.198062,1.34403133,72.98125,-0.404205322,-6.534867,-0.01000011,-6.77760267,66.9333038,0.0,0.0,0.0,0.0,0.0,0.0
149.351288,DATA,1,2,0,10,0,3.51339722,122.9862,-7.4910183,1.56649363,-7.198557,1.39718938,73.11153,-0.436523438,-6.534867,-0.01000011,-6.77760267,66.9333038,0.0,0.0,0.0,0.0,0.0,0.0
149.405655,DATA,1,2,0,10,0,3.56776428,123.040565,-7.490812,1.56648815,-7.199097,1.48756588,73.12336,-0.495422363,-6.534867,-0.01000011,-6.77760267,66.9333038,0.0,0.0,0.0,0.0,0.0,0.0
149.461884,DATA,1,2,0,10,0,3.623993,123.096794,-7.490581,1.56646919,-7.19943857,1.52901,72.921875,-0.5996094,-6.534867,-0.01000011,-6.77760267,66.9333038,0.0,0.0,0.0,0.0,0.0,0.0
149.51767,DATA,1,2,0,10,0,3.679779,123.15258,-7.49079132,1.56641769,-7.19991,1.51668155,72.56587,-0.718994141,-6.534867,-0.01000011,-6.77760267,66.9333038,0.0,0.0,0.0,0.0,0.0,0.0
149.571671,DATA,1,2,0,10,0,3.73378,123.206581,-7.49103451,1.56660235,-7.200311,1.42536855,72.22846,-0.8575134,-6.534867,-0.01000011,-6.77760267,66.9333038,0.0,0.0,0.0,0.0,0.0,0.0
149.627884,DATA,1,2,0,10,0,3.78999329,123.262794,-7.491348,1.56674826,-7.20069742,1.29670787,71.96081,-0.9709778,-6.534867,-0.01000011,-6.77760267,66.9333038,0.0,0.0,0.0,0.0,0.0,0.0
149.683685,DATA,1,2,0,10,0,3.84579468,123.318596,-7.491579,1.56707537,-7.200889,1.12597048,71.81175,-1.02716064,-6.534867,-0.01000011,-6.77760267,66.9333038,0.0,0.0,0.0,0.0,0.0,0.0
149.738892,DATA,1,2,0,10,0,3.901001,123.3738,-7.49188,1.56763482,-7.20091152,0.9755614,71.70435,-0.917266846,-6.534867,-0.01000011,-6.77760267,66.9333038,0.0,0.0,0.0,0.0,0.0,0.0
149.794861,DATA,1,2,0,10,0,3.95697021,123.429771,-7.492418,1.56787062,-7.200822,0.8976115,71.46756,-0.7819824,-6.534867,-0.01000011,-6.77760267,66.9333038,0.0,0.0,0.0,0.0,0.0,0.0
149.84993,DATA,1,2,0,10,0,4.012039,123.48484,-7.49317551,1.567994,-7.200581,0.834805131,71.02404,-0.537445068,-6.534867,-0.01000011,-6.77760267,66.9333038,0.0,0.0,0.0,0.0,0.0,0.0
149.9063,DATA,1,2,0,10,0,4.068405,123.541206,-7.493984,1.56873441,-7.200226,0.404789716,70.58338,-0.301422119,-6.534867,-0.01000011,-6.77760267,66.9333038,0.0,0.0,0.0,0.0,0.0,0.0
149.961426,DATA,1,2,0,10,0,4.123535,123.596336,-7.49497,1.56941307,-7.20002556,-0.0179748535,70.2254639,0.082175985,-6.534867,-0.01000011,-6.77760267,66.9333038,0.0,0.0,0.0,0.0,0.0,0.0
150.017578,DATA,1,2,0,10,0,4.1796875,123.652489,-7.49600172,1.57004821,-7.20001459,-0.2954712,69.94239,0.410709262,-6.534867,-0.01000011,-6.77760267,66.9333038,0.0,0.0,0.0,0.0,0.0,0.0
150.072327,DATA,1,2,0,10,0,4.234436,123.707237,-7.49652147,1.57098794,-7.199845,-0.867095947,69.81213,0.565767,-6.534867,-0.01000011,-6.77760267,66.9333038,0.0,0.0,0.0,0.0,0.0,0.0
150.127869,DATA,1,2,0,10,0,4.289978,123.762779,-7.496761,1.5718286,-7.199756,-1.33877563,69.76002,0.673396051,-6.534867,-0.01000011,-6.77760267,66.9333038,0.0,0.0,0.0,0.0,0.0,0.0
150.1839,DATA,1,2,0,10,0,4.3460083,123.81881,-7.496803,1.571819,-7.19963074,-1.27401733,69.7830353,0.770753264,-6.534867,-0.01000011,-6.77760267,66.9333038,0.0,0.0,0.0,0.0,0.0,0.0
150.239609,DATA,1,2,0,10,0,4.401718,123.874519,-7.49632025,1.57164884,-7.199255,-1.11303711,69.81051,0.9570887,-6.534867,-0.01000011,-6.77760267,66.9333038,0.0,0.0,0.0,0.0,0.0,0.0
150.2948,DATA,1,2,0,10,0,4.456909,123.92971,-7.49552345,1.57107627,-7.19902945,-0.679657,69.80201,1.13408446,-6.534867,-0.01000011,-6.77760267,66.9333038,0.0,0.0,0.0,0.0,0.0,0.0
150.350159,DATA,1,2,0,10,0,4.512268,123.985069,-7.494308,1.57084143,-7.198478,-0.517791748,69.81623,1.26098168,-6.534867,-0.01000011,-6.77760267,66.9333038,0.0,0.0,0.0,0.0,0.0,0.0
150.406357,DATA,1,2,0,10,0,4.568466,124.041267,-7.492613,1.57139015,-7.197538,-0.9472046,69.82526,1.427939,-6.534867,-0.01000011,-6.77760267,66.9333038,0.0,0.0,0.0,0.0,0.0,0.0
150.461517,DATA,1,2,0,10,0,4.62362671,124.096428,-7.491141,1.571465,-7.19678,-1.23858643,69.82656,1.74330425,-6.534867,-0.01000011,-6.77760267,66.9333038,0.0,0.0,0.0,0.0,0.0,0.0
150.517349,DATA,1,2,0,10,0,4.67945862,124.15226,-7.490357,1.57155263,-7.19604731,-1.265564,69.68614,1.80638933,-6.534867,-0.01000011,-6.77760267,66.9333038,0.0,0.0,0.0,0.0,0.0,0.0
150.572571,DATA,1,2,0,10,0,4.73468,124.207481,-7.490369,1.57060659,-7.19586849,-0.210723877,69.4432449,1.98237646,-6.534867,-0.01000011,-6.77760267,66.9333038,0.0,0.0,0.0,0.0,0.0,0.0
150.628,DATA,1,2,0,10,0,4.79011536,124.262917,-7.489829,1.570146,-7.195242,-0.107879639,69.24068,1.74222946,-6.534867,-0.01000011,-6.77760267,66.9333038,0.0,0.0,0.0,0.0,0.0,0.0
150.683777,DATA,1,2,0,10,0,4.845886,124.318687,-7.48920441,1.56977975,-7.19447947,0.06851033,69.18011,1.87754238,-6.534867,-0.01000011,-6.77760267,66.9333038,0.0,0.0,0.0,0.0,0.0,0.0
150.739548,DATA,1,2,0,10,0,4.901657,124.374458,-7.48848057,1.571027,-7.19343328,-0.686340332,69.11733,1.97008526,-6.534867,-0.01000011,-6.77760267,66.9333038,0.0,0.0,0.0,0.0,0.0,0.0
150.794846,DATA,1,2,0,10,0,4.956955,124.429756,-7.48901558,1.57350826,-7.193009,-1.91690063,68.9231339,1.98562288,-6.534867,-0.01000011,-6.77760267,66.9333038,0.0,0.0,0.0,0.0,0.0,0.0
150.84993,DATA,1,2,0,10,0,5.012039,124.48484,-7.48982668,1.57625806,-7.19283152,-2.96038818,68.74624,2.324185,-6.534867,-0.01000011,-6.77760267,66.9333038,0.0,0.0,0.0,0.0,0.0,0.0
150.905746,DATA,1,2,0,10,0,5.067856,124.540657,-7.49086857,1.57863176,-7.19265842,-4.38345337,68.42416,2.18375349,-6.534867,-0.01000011,-6.77760267,66.9333038,0.0,0.0,0.0,0.0,0.0,0.0
150.9623,DATA,1,2,0,10,0,5.124405,124.597206,-7.4920187,1.5794071,-7.19285,-4.691345,68.05276,2.1873796,-6.534867,-0.01000011,-6.77760267,66.9333038,0.0,0.0,0.0,0.0,0.0,0.0
151.017166,DATA,1,2,0,10,0,5.17927551,124.652077,-7.49266672,1.578945,-7.193519,-4.39859,67.94488,2.09873581,-6.534867,-0.01000011,-6.77760267,66.9333038,0.0,0.0,0.0,0.0,0.0,0.0
151.072678,DATA,1,2,0,10,0,5.234787,124.707588,-7.492892,1.57829881,-7.19458532,-4.081024,68.106575,1.88632965,-6.534867,-0.01000011,-6.77760267,66.9333038,0.0,0.0,0.0,0.0,0.0,0.0
151.127426,DATA,1,2,0,10,0,5.28953552,124.762337,-7.492653,1.57804453,-7.19569731,-4.18936157,68.43577,1.51460779,-6.534867,-0.01000011,-6.77760267,66.9333038,0.0,0.0,0.0,0.0,0.0,0.0
151.18457,DATA,1,2,0,10,0,5.34667969,124.819481,-7.493018,1.57791841,-7.196947,-4.26617432,68.7057953,1.32464993,-6.534867,-0.01000011,-6.77760267,66.9333038,0.0,0.0,0.0,0.0,0.0,0.0
151.23967,DATA,1,2,0,10,0,5.401779,124.87458,-7.49322176,1.578097,-7.19782352,-4.349518,68.81397,1.10937834,-6.534867,-0.01000011,-6.77760267,66.9333038,0.0,0.0,0.0,0.0,0.0,0.0
151.295471,DATA,1,2,0,10,0,5.45758057,124.930382,-7.493781,1.578557,-7.198632,-4.63800049,68.73665,0.832745552,-6.534867,-0.01000011,-6.77760267,66.9333038,0.0,0.0,0.0,0.0,0.0,0.0
151.350708,DATA,1,2,0,10,0,5.51281738,124.985619,-7.49385452,1.57940769,-7.19897,-5.152008,68.6312,0.712720335,-6.534867,-0.01000011,-6.77760267,66.9333038,0.0,0.0,0.0,0.0,0.0,0.0
151.405869,DATA,1,2,0,10,0,5.567978,125.040779,-7.493869,1.57977927,-7.19936037,-5.455658,68.70445,0.667221963,-6.534867,-0.01000011,-6.77760267,66.9333038,0.0,0.0,0.0,0.0,0.0,0.0
151.462189,DATA,1,2,0,10,0,5.624298,125.0971,-7.49309158,1.57997131,-7.19952059,-5.41601563,69.02433,0.566176,-6.534867,-0.01000011,-6.77760267,66.9333038,0.0,0.0,0.0,0.0,0.0,0.0
151.517471,DATA,1,2,0,10,0,5.67958069,125.152382,-7.49243069,1.57958877,-7.199958,-5.125946,69.4547958,0.557245135,-6.534867,-0.01000011,-6.77760267,66.9333038,0.0,0.0,0.0,0.0,0.0,0.0
151.572845,DATA,1,2,0,10,0,5.734955,125.207756,-7.49152231,1.57937992,-7.20010138,-4.90325928,69.7215652,0.418398559,-6.534867,-0.01000011,-6.77760267,66.9333038,0.0,0.0,0.0,0.0,0.0,0.0
151.627655,DATA,1,2,0,10,0,5.7897644,125.262566,-7.490929,1.57908165,-7.20008469,-4.6395874,69.7246857,0.448057115,-6.534867,-0.01000011,-6.77760267,66.9333038,0.0,0.0,0.0,0.0,0.0,0.0
151.683762,DATA,1,2,0,10,0,5.845871,125.318672,-7.490445,1.57899284,-7.19984674,-4.573578,69.58336,0.371703655,-6.534867,-0.01000011,-6.77760267,66.9333038,0.0,0.0,0.0,0.0,0.0,0.0
151.73996,DATA,1,2,0,10,0,5.902069,125.37487,-7.490363,1.57876241,-7.19967175,-4.43707275,69.41791,0.381290853,-6.534867,-0.01000011,-6.77760267,66.9333038,0.0,0.0,0.0,0.0,0.0,0.0
151.795242,DATA,1,2,0,10,0,5.95735168,125.430153,-7.4905777,1.57854927,-7.199648,-4.254669,69.35195,0.419076979,-6.534867,-0.01000011,-6.77760267,66.9333038,0.0,0.0,0.0,0.0,0.0,0.0
151.8498,DATA,1,2,0,10,0,6.011902,125.4847,-7.49085569,1.57842207,-7.199662,-4.092804,69.37288,0.352675974,-6.534867,-0.01000011,-6.77760267,66.9333038,0.0,0.0,0.0,0.0,0.0,0.0
151.906372,DATA,1,2,0,10,0,6.06848145,125.541283,-7.491526,1.57813323,-7.199897,-3.96551514,69.42577,0.384758383,-6.534867,-0.01000011,-6.77760267,66.9333038,0.0,0.0,0.0,0.0,0.0,0.0
151.9617,DATA,1,2,0,10,0,6.12381,125.596611,-7.49220133,1.57860315,-7.199811,-4.113678,69.38155,0.313554525,-6.534867,-0.01000011,-6.77760267,66.9333038,0.0,0.0,0.0,0.0,0.0,0.0
152.017731,DATA,1,2,0,10,0,6.17984,125.652641,-7.493253,1.57899368,-7.199731,-4.30044556,69.1667,0.425993472,-6.534867,-0.01000011,-6.77760267,66.9333038,0.0,0.0,0.0,0.0,0.0,0.0
152.072784,DATA,1,2,0,10,0,6.234894,125.707695,-7.49373,1.57904768,-7.199556,-4.29147339,68.92049,0.487758636,-6.534867,-0.01000011,-6.77760267,66.9333038,0.0,0.0,0.0,0.0,0.0,0.0
152.132278,DATA,1,2,0,10,0,6.294388,125.767189,-7.494479,1.5787307,-7.199972,-4.047394,68.92473,0.43961522,-6.534867,-0.01000011,-6.77760267,66.9333038,0.0,0.0,0.0,0.0,0.0,0.0
152.183853,DATA,1,2,0,10,0,6.34596252,125.818764,-7.49482155,1.57824326,-7.200688,-3.69625854,69.09013,0.34497878,-6.534867,-0.01000011,-6.77760267,66.9333038,0.0,0.0,0.0,0.0,0.0,0.0
152.239319,DATA,1,2,0,10,0,6.401428,125.874229,-7.49513674,1.577475,-7.201254,-3.1138916,69.2437057,0.259823173,-6.534867,-0.01000011,-6.77760267,66.9333038,0.0,0.0,0.0,0.0,0.0,0.0
152.294464,DATA,1,2,0,10,0,6.45657349,125.929375,-7.49505949,1.57661223,-7.2014637,-2.455597,69.2834244,0.133211255,-6.534867,-0.01000011,-6.77760267,66.9333038,0.0,0.0,0.0,0.0,0.0,0.0
152.349762,DATA,1,2,0,10,0,6.51187134,125.984673,-7.49524,1.5756892,-7.201574,-1.82168579,69.2168655,0.0114562809,-6.534867,-0.01000011,-6.77760267,66.9333038,0.0,0.0,0.0,0.0,0.0,0.0
152.405762,DATA,1,2,0,10,0,6.567871,126.040672,-7.495689,1.57426858,-7.201891,-0.7177124,69.131485,-0.00389351253,-6.534867,-0.01000011,-6.77760267,66.9333038,0.0,0.0,0.0,0.0,0.0,0.0
152.461411,DATA,1,2,0,10,0,6.62352,126.096321,-7.49612761,1.57245457,-7.202553,0.6390939,69.29768,-0.16217041,-6.534867,-0.01000011,-6.77760267,66.9333038,0.0,0.0,0.0,0.0,0.0,0.0
152.517319,DATA,1,2,0,10,0,6.679428,126.152229,-7.496083,1.57124674,-7.20288038,1.38704848,69.55609,-0.189727783,-6.534867,-0.01000011,-6.77760267,66.9333038,0.0,0.0,0.0,0.0,0.0,0.0
152.572281,DATA,1,2,0,10,0,6.73439026,126.207191,-7.49573374,1.57083654,-7.202747,1.53922355,69.60868,-0.0307312012,-6.534867,-0.01000011,-6.77760267,66.9333038,0.0,0.0,0.0,0.0,0.0,0.0
152.627792,DATA,1,2,0,10,0,6.78990173,126.2627,-7.49558735,1.57111776,-7.20217037,1.28365326,69.35988,-0.058807373,-6.534867,-0.01000011,-6.77760267,66.9333038,0.0,0.0,0.0,0.0,0.0,0.0
152.682739,DATA,1,2,0,10,0,6.84484863,126.31765,-7.49560642,1.57140958,-7.2016387,1.09769952,69.09706,-0.05508423,-6.534867,-0.01000011,-6.77760267,66.9333038,0.0,0.0,0.0,0.0,0.0,0.0
152.739258,DATA,1,2,0,10,0,6.901367,126.374168,-7.49550056,1.5718056,-7.20120144,0.8490049,68.90411,-0.0323181152,-6.534867,-0.01000011,-6.77760267,66.9333038,0.0,0.0,0.0,0.0,0.0,0.0
152.794846,DATA,1,2,0,10,0,6.956955,126.429756,-7.49478626,1.57213569,-7.200905,0.604382336,68.88096,-0.0409851074,-6.534867,-0.01000011,-6.77760267,66.9333038,0.0,0.0,0.0,0.0,0.0,0.0
152.8498,DATA,1,2,0,10,0,7.011902,126.4847,-7.49392653,1.57212651,-7.200814,0.5506434,69.01927,-0.152374268,-6.534867,-0.01000011,-6.77760267,66.9333038,0.0,0.0,0.0,0.0,0.0,0.0
152.9054,DATA,1,2,0,10,0,7.067505,126.540306,-7.492977,1.57183385,-7.200854,0.53755796,69.16295,-0.205627441,-6.534867,-0.01000011,-6.77760267,66.9333038,0.0,0.0,1.0,0.0,0.0,0.0
152.961273,DATA,1,2,0,10,0,7.12338257,126.596184,-7.3429637,1.571609,-7.137269,0.5398825,69.19139,-0.2234497,-6.385733,-0.01000005,-6.714094,66.9333038,0.0,0.0,1.0,0.0,0.0,0.0
153.017288,DATA,1,2,0,10,0,7.17939758,126.6522,-7.185616,1.57162118,-7.07047272,0.471863359,69.21643,-0.34664917,-6.22922564,-0.01000005,-6.64744568,66.9333038,0.0,0.0,1.0,0.0,0.0,0.0
153.071808,DATA,1,2,0,10,0,7.233917,126.706718,-7.03305864,1.57181787,-7.00586462,0.242750555,69.2423,-0.436401367,-6.07744646,-0.01000005,-6.5828104,66.9333038,0.0,0.0,1.0,0.0,0.0,0.0
153.127991,DATA,1,2,0,10,0,7.2901,126.7629,-6.8786726,1.57183325,-6.940466,0.211883754,69.23688,-0.555114746,-5.923413,-0.01000011,-6.51721525,66.9333038,0.0,0.0,1.0,0.0,0.0,0.0
153.183746,DATA,1,2,0,10,0,7.34585571,126.818657,-6.72626972,1.57182348,-6.87598372,0.119465172,69.3031845,-0.648162842,-5.771327,-0.01000011,-6.45245,66.9333038,0.0,0.0,1.0,0.0,0.0,0.0
153.2389,DATA,1,2,0,10,0,7.401016,126.873817,-6.5709753,1.57190967,-6.810173,-0.0494384766,69.38744,-0.6748047,-5.616369,-0.01000005,-6.386461,66.9333038,0.0,0.0,1.0,0.0,0.0,0.0
153.2946,DATA,1,2,0,10,0,7.456711,126.929512,-6.41538572,1.57204068,-6.744063,-0.1956482,69.4466858,-0.644195557,-5.46086359,-0.01000011,-6.320239,66.9333038,0.0,0.0,1.0,0.0,0.0,0.0
153.3501,DATA,1,2,0,10,0,7.512207,126.985008,-6.26397276,1.5720998,-6.67961073,-0.2644348,69.441,-0.639831543,-5.3092165,-0.01000011,-6.25566053,66.9333038,0.0,0.0,1.0,0.0,0.0,0.0
153.405441,DATA,1,2,0,10,0,7.56755066,127.040352,-6.112791,1.57206726,-6.615173,-0.300079346,69.4506454,-0.5989075,-5.15760326,-0.01000005,-6.191096,66.9333038,0.0,0.0,1.0,0.0,0.0,0.0
153.461853,DATA,1,2,0,10,0,7.6239624,127.096764,-5.956234,1.57198286,-6.54842854,-0.3175354,69.50881,-0.5687561,-5.00072241,-0.01000005,-6.12428856,66.9333038,0.0,0.0,1.0,0.0,0.0,0.0
153.516876,DATA,1,2,0,10,0,7.6789856,127.151787,-5.804495,1.57215214,-6.483626,-0.3944397,69.52632,-0.6091919,-4.848727,-0.01000005,-6.05956125,66.9333038,0.0,0.0,1.0,0.0,0.0,0.0
153.572647,DATA,1,2,0,10,0,7.73475647,127.207558,-5.650765,1.57215476,-6.417851,-0.4467163,69.43029,-0.5703125,-4.69474268,-0.01000005,-5.993987,66.9333038,0.0,0.0,1.0,0.0,0.0,0.0
153.627655,DATA,1,2,0,10,0,7.7897644,127.262566,-5.49658155,1.572169,-6.35195875,-0.4602356,69.3617859,-0.5136719,-4.540123,-0.01000011,-5.92814255,66.9333038,0.0,0.0,1.0,0.0,0.0,0.0
153.684113,DATA,1,2,0,10,0,7.846222,127.319023,-5.345773,1.57229292,-6.28751373,-0.588439941,69.3685455,-0.4489746,-4.389025,-0.01000011,-5.86379766,66.9333038,0.0,0.0,1.0,0.0,0.0,0.0
153.73996,DATA,1,2,0,10,0,7.902069,127.37487,-5.19294,1.57259679,-6.222271,-0.756530762,69.39933,-0.4263916,-4.2359457,-0.01000005,-5.798609,66.9333038,0.0,0.0,1.0,0.0,0.0,0.0
153.794968,DATA,1,2,0,10,0,7.957077,127.429878,-5.037448,1.57274842,-6.155929,-0.889312744,69.46592,-0.399200439,-4.08029461,-0.01000005,-5.732325,66.9333038,0.0,0.0,1.0,0.0,0.0,0.0
153.850449,DATA,1,2,0,10,0,8.012558,127.485359,-4.88383341,1.57286716,-6.090397,-0.9328003,69.53841,-0.3833313,-3.92658758,-0.01000005,-5.66686869,66.9333038,0.0,0.0,1.0,0.0,0.0,0.0
153.9062,DATA,1,2,0,10,0,8.068314,127.541115,-4.73370075,1.57286572,-6.02638435,-0.9472351,69.58118,-0.340271,-3.77647567,-0.01000011,-5.602944,66.9333038,0.0,0.0,1.0,0.0,0.0,0.0
153.96167,DATA,1,2,0,10,0,8.123779,127.596581,-4.65267134,1.5728426,-5.991927,-0.9638977,69.59263,-0.3060608,-3.69563675,-0.01000011,-5.56851864,66.9333038,0.0,0.0,0.0,0.0,0.0,0.0
154.017517,DATA,1,2,0,10,0,8.179626,127.652428,-4.65242434,1.57283,-5.99194241,-0.9790039,69.6201,-0.3017578,-3.69563675,-0.01000011,-5.56851864,66.9333038,0.0,0.0,0.0,0.0,0.0,0.0
154.07251,DATA,1,2,0,10,0,8.234619,127.70742,-4.652257,1.57275951,-5.991936,-0.947113037,69.70827,-0.2763672,-3.69563675,-0.01000011,-5.56851864,66.9333038,0.0,0.0,0.0,0.0,0.0,0.0
154.127731,DATA,1,2,0,10,0,8.289841,127.762642,-4.652318,1.57271278,-5.991626,-0.9498291,70.25154,-0.276855469,-3.69563675,-0.01000011,-5.56851864,66.9333038,0.5367595,-0.276314616,0.0,0.0,0.0,0.0
154.183655,DATA,1,2,0,10,0,8.345764,127.818565,-4.67923,1.572664,-5.92459774,-0.9740906,74.64128,-0.223022461,-3.69563675,-0.01000011,-5.56851864,70.87483,0.884701,-0.439527631,0.0,0.0,0.0,0.0
154.2396,DATA,1,2,0,10,0,8.401703,127.874504,-4.70375872,1.57276833,-5.846789,-1.01025391,79.1763153,-0.176696777,-3.69563675,-0.01000011,-5.56851864,75.3454742,0.8855251,-0.4406873,0.0,0.0,0.0,0.0
154.294754,DATA,1,2,0,10,0,8.456863,127.929665,-4.722276,1.572757,-5.767664,-1.04055786,83.65082,-0.119293213,-3.69563675,-0.01000011,-5.56851864,79.79718,0.8855251,-0.4406873,0.0,0.0,0.0,0.0
154.350052,DATA,1,2,0,10,0,8.512161,127.984962,-4.734319,1.57273006,-5.688122,-1.01141357,88.0083847,-0.08758545,-3.69563675,-0.01000011,-5.56851864,84.20349,0.876674652,-0.4241463,0.0,0.0,0.0,0.0
154.405624,DATA,1,2,0,10,0,8.567734,128.040543,-4.73865747,1.57269645,-5.63549042,-1.01394653,89.9796,-0.0476074219,-3.69563675,-0.01000011,-5.56851864,87.11534,0.0,0.0,0.0,0.0,0.0,0.0
154.461273,DATA,1,2,0,10,0,8.623383,128.096191,-4.73846865,1.57262826,-5.63524342,-0.9819641,89.8107,-0.017791748,-3.69563675,-0.01000011,-5.56851864,87.11534,0.0,0.0,0.0,0.0,0.0,0.0
154.5168,DATA,1,2,0,10,0,8.678909,128.151718,-4.738215,1.57251966,-5.63496161,-0.9347229,89.74579,-0.01626587,-3.69563675,-0.01000011,-5.56851864,87.11534,0.0,0.0,0.0,0.0,0.0,0.0
154.57225,DATA,1,2,0,10,0,8.73436,128.207169,-4.73767662,1.57244086,-5.63474655,-0.8418274,89.7125244,-0.0313110352,-3.69563675,-0.01000011,-5.56851864,87.11534,0.0,0.0,0.0,0.0,0.0,0.0
154.627472,DATA,1,2,0,10,0,8.789581,128.26239,-4.73730373,1.572431,-5.634547,-0.801971436,89.71273,-0.0065612793,-3.69563675,-0.01000011,-5.56851864,87.11534,0.0,0.0,0.0,0.0,0.0,0.0
154.684326,DATA,1,2,0,10,0,8.846436,128.319244,-4.737105,1.57234979,-5.63428926,-0.8079529,89.6751251,0.0202831943,-3.69563675,-0.01000011,-5.56851864,87.11534,0.0,0.0,1.0,0.0,0.0,0.0
154.739792,DATA,1,2,0,10,0,8.901901,128.37471,-4.57244349,1.57231021,-5.62577248,-0.811889648,89.62338,0.07077776,-3.53109431,-0.01000005,-5.56022739,87.11534,0.0,0.0,1.0,0.0,0.0,0.0
154.794922,DATA,1,2,0,10,0,8.957031,128.42984,-4.404071,1.57228732,-5.617192,-0.8084717,89.62769,0.114017271,-3.36282921,-0.01000011,-5.55174875,87.11534,0.0,0.0,1.0,0.0,0.0,0.0
154.849808,DATA,1,2,0,10,0,9.011917,128.484726,-4.237562,1.57231355,-5.608811,-0.81640625,89.6861649,0.125406757,-3.19641638,-0.01000005,-5.543363,87.11534,0.0,0.0,1.0,0.0,0.0,0.0
154.905777,DATA,1,2,0,10,0,9.067886,128.5407,-4.07346725,1.57230687,-5.600521,-0.81539917,89.6698761,0.11900156,-3.03223562,-0.01000005,-5.53509045,87.11534,0.0,0.0,1.0,0.0,0.0,0.0
154.961426,DATA,1,2,0,10,0,9.123535,128.596344,-3.90778923,1.57217574,-5.59225368,-0.8407898,89.659874,0.137630582,-2.866588,-0.01000005,-5.52674341,87.11534,0.0,0.0,1.0,0.0,0.0,0.0
155.017532,DATA,1,2,0,10,0,9.179642,128.652451,-3.739262,1.57216549,-5.583719,-0.8624878,89.6934357,0.163513049,-2.69792771,-0.01000005,-5.51824474,87.11534,0.0,0.0,1.0,0.0,0.0,0.0
155.071625,DATA,1,2,0,10,0,9.233734,128.706543,-3.57376385,1.57223725,-5.575278,-0.8668823,89.67926,0.240274459,-2.53244972,-0.01000005,-5.50990629,87.11534,0.0,0.0,1.0,0.0,0.0,0.0
155.126785,DATA,1,2,0,10,0,9.288895,128.7617,-3.40841985,1.5722332,-5.56637049,-0.8489685,90.10571,0.225592449,-2.366905,-0.01000011,-5.5015645,87.11534,0.6149174,0.05331582,1.0,0.0,0.0,0.0
155.183243,DATA,1,2,0,10,0,9.345352,128.818161,-3.2437458,1.57222712,-5.48427868,-0.8387451,94.6338654,0.299452871,-2.20036554,-0.01000011,-5.49739361,91.3712,0.9291971,0.06747645,1.0,0.0,0.0,0.0
155.239075,DATA,1,2,0,10,0,9.401184,128.874,-3.07078481,1.57212734,-5.407638,-0.7989807,99.32553,0.373604864,-2.03191662,-0.01000005,-5.50662231,96.08324,0.931882739,0.067171216,1.0,0.0,0.0,0.0
155.294373,DATA,1,2,0,10,0,9.456482,128.929291,-2.89464355,1.57218909,-5.3462677,-0.8010864,103.948166,0.4245924,-1.86715233,-0.01000011,-5.52926874,100.732475,0.930722952,0.06723225,1.0,0.0,0.0,0.0
155.350143,DATA,1,2,0,10,0,9.512253,128.985062,-2.7137773,1.57211065,-5.299283,-0.7329407,108.573746,0.448884159,-1.70447719,-0.01000005,-5.565265,105.385681,0.930722952,0.06723225,1.0,0.0,0.0,0.0
155.405762,DATA,1,2,0,10,0,9.567871,129.04068,-2.53285384,1.57202554,-5.267636,-0.721282959,113.134827,0.4757508,-1.54814851,-0.01000005,-5.6133523,109.953621,0.930722952,0.06723225,1.0,0.0,0.0,0.0
155.461182,DATA,1,2,0,10,0,9.623291,129.0961,-2.34623456,1.57196426,-5.25036335,-0.712615967,117.636948,0.465028256,-1.39308929,-0.01000005,-5.675053,114.608086,0.928952932,0.06686604,1.0,0.0,0.0,0.0
155.516449,DATA,1,2,0,10,0,9.678558,129.151367,-2.15753961,1.571975,-5.24833155,-0.6906433,122.19558,0.508720934,-1.24249065,-0.01000005,-5.74969339,119.293488,0.9276711,0.06613362,1.0,0.0,0.0,0.0
155.571762,DATA,1,2,0,10,0,9.733871,129.20668,-1.96974111,1.57200408,-5.26204,-0.668487549,126.638809,0.569689035,-1.09872377,-0.00999999,-5.83622456,123.953644,0.7920774,0.03530991,1.0,0.0,0.0,0.0
155.627609,DATA,1,2,0,10,0,9.789719,129.262527,-1.81321144,1.57194471,-5.332436,-0.654541,127.712395,0.6394319,-0.960635841,-0.01000005,-5.933271,125.739647,0.0,0.0,1.0,0.0,0.0,0.0
155.6834,DATA,1,2,0,10,0,9.845505,129.318314,-1.74731719,1.57186389,-5.37935638,-0.5952759,127.637032,0.6470012,-0.8951495,-0.01000005,-5.98039675,125.739647,0.0,0.0,0.0,0.0,0.0,0.0
155.739273,DATA,1,2,0,10,0,9.901382,129.374191,-1.74710512,1.571784,-5.379139,-0.543396,127.5594,0.6846601,-0.8951495,-0.01000005,-5.98039675,125.739647,0.0,0.0,0.0,0.0,0.0,0.0
155.794861,DATA,1,2,0,10,0,9.95697,129.429779,-1.74687445,1.57174516,-5.378899,-0.4803772,127.473267,0.6985484,-0.8951495,-0.01000005,-5.98039675,125.739647,0.0,0.0,0.0,0.0,0.0,0.0
155.84996,DATA,1,2,0,10,0,10.01207,129.484879,-1.74686515,1.57170224,-5.378684,-0.462432861,127.374611,0.689179063,-0.8951495,-0.01000005,-5.98039675,125.739647,0.0,0.0,0.0,0.0,0.0,0.0
155.905685,DATA,1,2,0,10,0,10.0677948,129.5406,-1.74676466,1.5717299,-5.378636,-0.478240967,127.28006,0.659301758,-0.8951495,-0.01000005,-5.98039675,125.739647,0.0,0.0,0.0,0.0,0.0,0.0
155.960892,DATA,1,2,0,10,0,10.1230011,129.59581,-1.746874,1.57178,-5.37853241,-0.5076599,127.2095,0.619664,-0.8951495,-0.01000005,-5.98039675,125.739647,0.0,0.0,0.0,0.0,0.0,0.0
156.017426,DATA,1,2,0,10,0,10.1795349,129.652344,-1.74696231,1.57180476,-5.37858,-0.527771,127.156448,0.5879592,-0.8951495,-0.01000005,-5.98039675,125.739647,0.0,0.0,0.0,0.0,0.0,0.0
156.07254,DATA,1,2,0,10,0,10.23465,129.707458,-1.64268613,1.571805,-5.45376253,-0.5365906,127.1395,0.569819,-0.790736556,-0.01000005,-6.05553436,125.739647,0.0,0.0,1.0,0.0,0.0,0.0
156.1339,DATA,1,2,0,10,0,10.2960052,129.768814,-1.50990331,1.571773,-5.54947662,-0.528717041,127.166756,0.5627501,-0.6579862,-0.01000005,-6.1510644,125.739647,0.0,0.0,1.0,0.0,0.0,0.0
156.18396,DATA,1,2,0,10,0,10.3460693,129.818878,-1.37663984,1.57171679,-5.645544,-0.5030823,127.225563,0.5678474,-0.5247202,-0.01000005,-6.246966,125.739647,0.0,0.0,1.0,0.0,0.0,0.0
156.239578,DATA,1,2,0,10,0,10.4016876,129.8745,-1.24124777,1.57163429,-5.743109,-0.4393921,127.236809,0.5184155,-0.389356524,-0.00999999,-6.34437656,125.739647,0.0,0.0,1.0,0.0,0.0,0.0
156.294846,DATA,1,2,0,10,0,10.456955,129.929764,-1.10506344,1.57157564,-5.84115934,-0.40057373,127.214272,0.5373908,-0.253271818,-0.01000005,-6.442306,125.739647,0.0,0.0,1.0,0.0,0.0,0.0
156.349716,DATA,1,2,0,10,0,10.5118256,129.984634,-0.969949,1.571495,-5.93831825,-0.3798828,127.16584,0.550499,-0.118359379,-0.01000005,-6.53939247,125.739647,0.0,0.0,1.0,0.0,0.0,0.0
156.406525,DATA,1,2,0,10,0,10.568634,130.041443,-0.8361831,1.571389,-6.03445244,-0.3480835,127.12896,0.547622561,0.015092425,-0.00999999,-6.635427,125.739647,0.0,0.0,1.0,0.0,0.0,0.0
156.461868,DATA,1,2,0,10,0,10.6239777,130.096786,-0.701185763,1.57133985,-6.131531,-0.3321228,127.129478,0.5415154,0.149968728,-0.01000005,-6.732487,125.739647,0.0,0.0,1.0,0.0,0.0,0.0
156.516434,DATA,1,2,0,10,0,10.6785431,130.151352,-0.563977242,1.57137263,-6.230232,-0.3076172,127.15847,0.5598692,0.2870221,-0.00999999,-6.831114,125.739647,0.0,0.0,1.0,0.0,0.0,0.0
156.571457,DATA,1,2,0,10,0,10.7335663,130.206375,-0.42754364,1.57136774,-6.328269,-0.3192749,127.139626,0.5670828,0.423395455,-0.01000005,-6.929251,125.739647,0.0,0.0,1.0,0.0,0.0,0.0
156.627014,DATA,1,2,0,10,0,10.7891235,130.261932,-0.2928264,1.5713954,-6.424971,-0.369384766,127.085243,0.596077442,0.5580285,-0.01000005,-7.0261364,125.739647,0.0,0.0,1.0,0.0,0.0,0.0
156.683792,DATA,1,2,0,10,0,10.8459015,130.31871,-0.157117933,1.57144046,-6.52285767,-0.41885376,126.568832,0.6702425,0.6939339,-0.01000005,-7.12393665,125.739647,-0.6102786,-0.155339241,1.0,0.0,0.0,0.0
156.7389,DATA,1,2,0,10,0,10.9010162,130.373825,-0.06243306,1.57156348,-6.676419,-0.5114136,122.24572,0.7284894,0.8286773,-0.01000005,-7.21636152,121.722168,-0.972167134,-0.234229565,1.0,0.0,0.0,0.0
156.7951,DATA,1,2,0,10,0,10.9572144,130.430023,0.0406427272,1.57167411,-6.83856344,-0.5975647,117.30806,0.828581,0.97492516,-0.00999999,-7.30038452,116.801567,-0.972167134,-0.234229565,1.0,0.0,0.0,0.0
156.849228,DATA,1,2,0,10,0,11.0113373,130.484146,0.156412572,1.57180572,-6.99025631,-0.675964355,112.541405,0.8652873,1.12683117,-0.01000005,-7.37111855,111.913094,-0.972167134,-0.234229565,1.0,0.0,0.0,0.0
156.905884,DATA,1,2,0,10,0,11.0679932,130.5408,0.28194654,1.57185078,-7.12893724,-0.729797363,107.649254,0.940766037,1.28103328,-0.00999999,-7.42761,107.122177,-0.972167134,-0.234229565,1.0,0.0,0.0,0.0
156.961578,DATA,1,2,0,10,0,11.1236877,130.5965,0.421354562,1.57190585,-7.25888872,-0.7922058,102.750191,1.00483274,1.44234478,-0.01000005,-7.471726,102.243393,-0.972533345,-0.232642651,1.0,0.0,0.0,0.0
157.0173,DATA,1,2,0,10,0,11.1794128,130.652222,0.5707308,1.57198238,-7.37620163,-0.8631592,97.9165,1.02198672,1.60608816,-0.01000005,-7.501844,97.38411,-0.9728385,-0.231330276,1.0,0.0,0.0,0.0
157.072174,DATA,1,2,0,10,0,11.2342834,130.707092,0.7290742,1.57196283,-7.48034954,-0.8805847,93.1891861,1.01680171,1.77142715,-0.01000005,-7.517958,92.5344238,-0.9728385,-0.231330276,1.0,0.0,0.0,0.0
157.132736,DATA,1,2,0,10,0,11.2948456,130.767654,0.8982221,1.57189441,-7.571786,-0.8821106,88.3076,0.961542,1.93994784,-0.01000011,-7.519987,87.62931,-0.779686868,-0.175267816,1.0,0.0,0.0,0.0
157.182968,DATA,1,2,0,10,0,11.3450775,130.817886,1.063912,1.5718236,-7.59376431,-0.8569641,87.43229,0.894625843,2.10354018,-0.01000005,-7.510069,85.84678,0.0,0.0,1.0,0.0,0.0,0.0
157.2389,DATA,1,2,0,10,0,11.4010162,130.873825,1.23123121,1.57203591,-7.58176756,-0.8573303,87.45701,0.829622,2.27041078,-0.01000011,-7.497952,85.84678,0.0,0.0,0.0,0.0,0.0,0.0
157.293915,DATA,1,2,0,10,0,11.4560242,130.928833,1.231537,1.57196558,-7.58208752,-0.802337646,87.49579,0.769934,2.27041078,-0.01000011,-7.497952,85.84678,0.0,0.0,0.0,0.0,0.0,0.0
157.349976,DATA,1,2,0,10,0,11.512085,130.9849,1.2318927,1.57181454,-7.582541,-0.7788696,87.55145,0.746375144,2.27041078,-0.01000011,-7.497952,85.84678,0.0,0.0,1.0,0.0,0.0,0.0
157.4055,DATA,1,2,0,10,0,11.5676117,131.040421,1.39615035,1.571868,-7.571051,-0.756835938,87.60047,0.6512376,2.43437123,-0.01000005,-7.486046,85.84678,0.0,0.0,1.0,0.0,0.0,0.0
157.460617,DATA,1,2,0,10,0,11.6227264,131.095535,1.56321192,1.5717864,-7.559288,-0.681884766,87.6819839,0.5969256,2.600972,-0.01000005,-7.47394848,85.84678,0.0,0.0,1.0,0.0,0.0,0.0
157.516022,DATA,1,2,0,10,0,11.6781311,131.15094,1.65006566,1.57161236,-7.55339956,-0.5977783,87.71076,0.5088407,2.68769383,-0.01000005,-7.467651,85.84678,0.0,0.0,0.0,0.0,0.0,0.0
157.57164,DATA,1,2,0,10,0,11.7337494,131.206558,1.65023255,1.57147241,-7.553741,-0.5760498,87.7331,0.450187951,2.68769383,-0.01000005,-7.467651,85.84678,0.0,0.0,0.0,0.0,0.0,0.0
157.627457,DATA,1,2,0,10,0,11.789566,131.262375,1.65030384,1.5713563,-7.55400562,-0.5508728,87.74702,0.370791972,2.68769383,-0.01000005,-7.467651,85.84678,0.0,0.0,0.0,0.0,0.0,0.0
157.682938,DATA,1,2,0,10,0,11.845047,131.317856,1.65039253,1.57135987,-7.55414343,-0.515899658,87.79587,0.3075483,2.68769383,-0.01000005,-7.467651,85.84678,0.0,0.0,0.0,0.0,0.0,0.0
157.738708,DATA,1,2,0,10,0,11.9008179,131.373627,1.6504705,1.57145214,-7.5541296,-0.5249939,87.81551,0.2793822,2.68769383,-0.01000005,-7.467651,85.84678,0.0,0.0,1.0,0.0,0.0,0.0
157.79425,DATA,1,2,0,10,0,11.95636,131.429169,1.81939483,1.57155466,-7.541779,-0.604126,87.77307,0.315459043,2.856641,-0.01000005,-7.455383,85.84678,0.0,0.0,1.0,0.0,0.0,0.0
157.8497,DATA,1,2,0,10,0,12.01181,131.484619,1.98516321,1.571652,-7.52964163,-0.6999817,87.71309,0.327043653,3.022453,-0.01000011,-7.44334269,85.84678,0.0,0.0,1.0,0.0,0.0,0.0
157.90506,DATA,1,2,0,10,0,12.0671692,131.539978,2.14782071,1.57162285,-7.517707,-0.725585938,87.69288,0.402419448,3.18526173,-0.01000005,-7.43152046,85.84678,0.0,0.0,1.0,0.0,0.0,0.0
157.961166,DATA,1,2,0,10,0,12.1232758,131.596085,2.31616974,1.57164848,-7.505224,-0.683441162,87.6626053,0.341349125,3.35360241,-0.01000011,-7.41929626,85.84678,0.0,0.0,1.0,0.0,0.0,0.0
158.016235,DATA,1,2,0,10,0,12.1783447,131.651154,2.48131728,1.57162976,-7.49310064,-0.7027588,87.63847,0.335211933,3.51885748,-0.01000011,-7.407296,85.84678,0.0,0.0,1.0,0.0,0.0,0.0
158.071854,DATA,1,2,0,10,0,12.233963,131.706772,2.64906931,1.57156777,-7.48090458,-0.680145264,87.669075,0.33266902,3.68681955,-0.01000005,-7.3951,85.84678,0.0,0.0,1.0,0.0,0.0,0.0
158.127487,DATA,1,2,1,10,0,12.2895966,131.7624,2.81553531,1.57160187,-7.430533,-0.7415161,90.48702,0.379051268,3.85611987,-0.01000005,-7.383523,87.94729,0.8931242,-0.449751258,1.0,0.0,0.0,0.0
158.1828,DATA,1,2,1,10,0,12.34491,131.817719,2.97974682,1.5717032,-7.348753,-0.7932129,94.81742,0.398273975,4.02097,-0.01000005,-7.38238239,92.36764,0.8932768,-0.449446082,1.0,0.0,0.0,0.0
158.238937,DATA,1,2,1,10,0,12.4010468,131.873856,3.1497705,1.57176232,-7.28,-0.8257446,99.24158,0.410152733,4.18541956,-0.01000005,-7.393951,96.78498,0.892666459,-0.450636268,1.0,0.0,0.0,0.0
158.293762,DATA,1,2,1,10,0,12.4558716,131.92868,3.32757831,1.57182968,-7.223998,-0.8322754,103.6332,0.406921566,4.351166,-0.00999999,-7.41862535,101.272972,0.8910184,-0.45387125,1.0,0.0,0.0,0.0
158.348969,DATA,1,2,1,10,0,12.5110779,131.983887,3.50604057,1.57186031,-7.183234,-0.86328125,107.990913,0.393139571,4.511803,-0.01000005,-7.455467,105.6456,0.87255466,-0.488448739,1.0,0.0,0.0,0.0
158.405334,DATA,1,2,1,10,0,12.5674438,132.040253,3.6857233,1.57190561,-7.16543055,-0.9561157,111.522751,0.387170762,4.67086649,-0.00999999,-7.504793,109.506973,0.5221107,-0.350718737,1.0,0.0,0.0,0.0
158.461319,DATA,1,2,1,10,0,12.6234283,132.096237,3.80886316,1.57187867,-7.197303,-0.948699951,111.589355,0.397856325,4.79001951,-0.01000005,-7.54804754,110.179634,0.0,0.0,0.0,0.0,0.0,0.0
158.516891,DATA,1,2,1,10,0,12.6790009,132.15181,3.80891848,1.57187843,-7.197121,-0.9057312,111.577675,0.451108873,4.79001951,-0.01000005,-7.54804754,110.179634,0.0,0.0,0.0,0.0,0.0,0.0
158.57196,DATA,1,2,1,10,0,12.73407,132.206879,3.80905867,1.57192516,-7.196929,-0.910705566,111.557419,0.4880719,4.79001951,-0.01000005,-7.54804754,110.179634,0.0,0.0,0.0,0.0,0.0,0.0
158.627258,DATA,1,2,1,10,0,12.7893677,132.262177,3.80898023,1.57188272,-7.197375,-0.935302734,110.688652,0.5628639,4.79001951,-0.01000005,-7.54804754,110.179634,-0.911862552,-0.41050446,0.0,0.0,0.0,0.0
158.683273,DATA,1,2,1,10,0,12.8453827,132.318192,3.78451419,1.57196236,-7.27581024,-0.9346924,106.118629,0.615058959,4.79001951,-0.01000005,-7.54804754,105.650726,-0.911862552,-0.41050446,0.0,0.0,0.0,0.0
158.738754,DATA,1,2,1,10,0,12.9008636,132.373672,3.76561761,1.57194328,-7.358432,-0.9319763,101.595116,0.627691746,4.79001951,-0.01000005,-7.54804754,100.981743,-0.911862552,-0.41050446,0.0,0.0,0.0,0.0
158.794479,DATA,1,2,1,10,0,12.9565887,132.4294,3.75395584,1.57202506,-7.439835,-0.961883545,97.05873,0.6406518,4.79001951,-0.01000005,-7.54804754,96.45548,-0.911862552,-0.41050446,0.0,0.0,0.0,0.0
158.849152,DATA,1,2,1,10,0,13.011261,132.48407,3.74865913,1.57206726,-7.52190733,-1.00921631,92.54493,0.706694841,4.79001951,-0.01000005,-7.54804754,91.91705,-0.911862552,-0.41050446,0.0,0.0,0.0,0.0
158.905075,DATA,1,2,1,10,0,13.0671844,132.54,3.7499187,1.57198,-7.60486555,-1.04064941,87.92593,0.7614831,4.79001951,-0.01000005,-7.54804754,87.34267,-0.911862552,-0.41050446,0.0,0.0,0.0,0.0
158.961121,DATA,1,2,1,10,0,13.12323,132.596039,3.75781679,1.57188654,-7.687299,-1.00204468,83.3512955,0.825024247,4.79001951,-0.01000005,-7.54804754,82.78191,-0.9253212,-0.379192472,0.0,0.0,0.0,0.0
159.016739,DATA,1,2,1,10,0,13.1788483,132.651657,3.77134442,1.57195377,-7.763379,-0.928192139,79.514,0.8262076,4.79001951,-0.01000005,-7.54804754,78.50848,-0.5399945,-0.126865387,1.0,0.0,0.0,0.0
159.0713,DATA,1,2,1,10,0,13.2334137,132.706223,3.93408918,1.57184052,-7.741015,-0.858215332,79.33109,0.8418413,4.9500823,-0.01000005,-7.51404428,77.83572,0.0,0.0,1.0,0.0,0.0,0.0
159.126984,DATA,1,2,1,10,0,13.289093,132.7619,4.09924269,1.57170177,-7.70556641,-0.8070984,79.33805,0.8243838,5.115076,-0.01000005,-7.478479,77.83572,0.0,0.0,1.0,0.0,0.0,0.0
159.183487,DATA,1,2,1,10,0,13.3455963,132.8184,4.25930357,1.57156563,-7.6712513,-0.7342224,79.3612442,0.831871033,5.27501249,-0.01000005,-7.44400358,77.83572,0.0,0.0,1.0,0.0,0.0,0.0
159.2389,DATA,1,2,1,10,0,13.4010162,132.873825,4.42485,1.57147169,-7.635742,-0.667511,79.36237,0.7747786,5.440351,-0.01000005,-7.408364,77.83572,0.0,0.0,1.0,0.0,0.0,0.0
159.294342,DATA,1,2,1,10,0,13.4564514,132.92926,4.58902073,1.57148254,-7.600508,-0.622650146,79.37094,0.718739331,5.604273,-0.01000011,-7.37302971,77.83572,0.0,0.0,1.0,0.0,0.0,0.0
159.34967,DATA,1,2,1,10,0,13.51178,132.984589,4.751598,1.57150674,-7.565497,-0.62701416,79.37847,0.6853422,5.76673555,-0.01000005,-7.33801031,77.83572,0.0,0.0,1.0,0.0,0.0,0.0
159.405167,DATA,1,2,1,10,0,13.567276,133.040085,4.912579,1.57147,-7.53120136,-0.617645264,78.65771,0.696209,5.9273777,-0.01000005,-7.303383,77.83572,-0.648182631,-0.457564,1.0,0.0,0.0,0.0
159.461243,DATA,1,2,1,10,0,13.6233521,133.096161,5.09573936,1.57146025,-7.56103945,-0.6223755,74.50922,0.7228369,6.09228945,-0.01000011,-7.26358557,73.86821,-0.8236946,-0.5670339,1.0,0.0,0.0,0.0
159.5164,DATA,1,2,1,10,0,13.6785126,133.151321,5.277411,1.5714283,-7.5811944,-0.57611084,70.3634,0.710054755,6.250167,-0.01000005,-7.21338844,69.77366,-0.8236946,-0.5670339,1.0,0.0,0.0,0.0
159.571564,DATA,1,2,1,10,0,13.7336731,133.206482,5.462204,1.57138467,-7.58820963,-0.518981934,66.25257,0.72053653,6.40591335,-0.01000005,-7.15115452,65.62832,-0.8236946,-0.5670339,1.0,0.0,0.0,0.0
159.627274,DATA,1,2,1,10,0,13.7893829,133.262192,5.64691,1.57131708,-7.581805,-0.509643555,62.08724,0.716972947,6.556805,-0.01000011,-7.07780075,61.4815865,-0.822779,-0.5683156,1.0,0.0,0.0,0.0
159.6832,DATA,1,2,1,10,0,13.8453064,133.318115,5.82467,1.57131839,-7.56277227,-0.5130615,57.9260445,0.7472596,6.69737244,-0.01000005,-6.9965806,57.4815941,-0.8189947,-0.573748,1.0,0.0,0.0,0.0
159.739227,DATA,1,2,1,10,0,13.9013367,133.374146,6.00877476,1.57140923,-7.52929,-0.521118164,53.74467,0.7749499,6.838197,-0.0100001693,-6.90130043,53.3156166,-0.8148137,-0.5796685,1.0,0.0,0.0,0.0
159.794556,DATA,1,2,1,10,0,13.956665,133.429474,6.18781042,1.57146764,-7.48291731,-0.5307312,49.672348,0.7911492,6.970386,-0.01000005,-6.79719067,49.2149963,-0.809656,-0.5868404,1.0,0.0,0.0,0.0
159.8501,DATA,1,2,1,10,0,14.012207,133.485016,6.359501,1.57142234,-7.42499828,-0.549560547,45.61532,0.7861253,7.092303,-0.01000011,-6.68631124,45.2171021,-0.8055055,-0.5925169,1.0,0.0,0.0,0.0
159.9054,DATA,1,2,1,10,0,14.0675049,133.540314,6.52517653,1.57138991,-7.355659,-0.5317383,41.59068,0.744098365,7.20533,-0.0100001693,-6.56818867,41.26944,-0.8044679,-0.5939512,1.0,0.0,0.0,0.0
159.961243,DATA,1,2,1,10,0,14.1233521,133.596161,6.69205666,1.571334,-7.27154827,-0.494873047,37.51294,0.7155124,7.31402349,-0.01000011,-6.437408,37.16457,-0.8044679,-0.5939512,1.0,0.0,0.0,0.0
160.0171,DATA,1,2,1,10,0,14.1792145,133.652023,6.84836435,1.57116,-7.17841673,-0.375976563,33.4814568,0.6748571,7.4104867,-0.01000011,-6.3030057,33.17117,-0.8044679,-0.5939512,1.0,0.0,0.0,0.0
160.072,DATA,1,2,1,10,0,14.2341156,133.706924,6.99961424,1.57096672,-7.07323,-0.239562988,29.54025,0.5462619,7.49837065,-0.00999999,-6.16046762,29.12906,-0.8044679,-0.5939512,1.0,0.0,0.0,0.0
160.127213,DATA,1,2,1,10,0,14.2893219,133.762131,7.142738,1.57061434,-6.95786572,-0.137268066,25.6204472,0.5175186,7.575809,-0.01000005,-6.01244831,25.0966415,-0.8044679,-0.5939512,1.0,0.0,0.0,0.0
160.182892,DATA,1,2,1,10,0,14.3450012,133.81781,7.278313,1.57043767,-6.83198071,-0.0356140137,21.6154156,0.422275931,7.643073,-0.01000005,-5.85831,21.0370979,-0.8044679,-0.5939512,1.0,0.0,0.0,0.0
160.239075,DATA,1,2,1,10,0,14.4011841,133.874,7.401617,1.57052481,-6.699965,0.0277239326,17.5141773,0.403505832,7.6980443,-0.01000011,-5.703514,17.07195,-0.8044679,-0.5939512,1.0,0.0,0.0,0.0
160.2943,DATA,1,2,1,10,0,14.4564056,133.929214,7.517132,1.57044578,-6.55767345,0.101743631,13.46512,0.371492326,7.742788,-0.01000005,-5.542855,13.0462618,-0.8044679,-0.5939512,1.0,0.0,0.0,0.0
160.349274,DATA,1,2,1,10,0,14.5113831,133.984192,7.621673,1.57029521,-6.40881824,0.137184769,9.50679,0.363352239,7.77591467,-0.01000011,-5.38073635,9.052093,-0.8044679,-0.5939512,1.0,0.0,0.0,0.0
160.405182,DATA,1,2,1,10,0,14.5672913,134.0401,7.71660757,1.57014942,-6.251524,0.225411773,5.57619429,0.31351766,7.797844,-0.01000005,-5.21506453,5.01809835,-0.8044679,-0.5939512,1.0,0.0,0.0,0.0
160.461258,DATA,1,2,1,10,0,14.6233673,134.096176,7.79985,1.57010055,-6.08867073,0.262111872,1.61610436,0.2569943,7.80803156,-0.01000005,-5.049212,1.00709128,-0.8044679,-0.5939512,1.0,0.0,0.0,0.0
160.516617,DATA,1,2,1,10,0,14.6787262,134.151535,7.87104225,1.57011235,-5.921198,0.243830308,-2.35797119,0.186941847,7.806615,-0.01000011,-4.88370657,-2.98812866,-0.8044679,-0.5939512,1.0,0.0,0.0,0.0
160.5718,DATA,1,2,1,10,0,14.733902,134.206711,7.932147,1.5700922,-5.74304962,0.217668965,-6.397339,0.205070585,7.79305458,-0.01000005,-4.71287155,-7.124878,-0.8044679,-0.5939512,1.0,0.0,0.0,0.0
160.627151,DATA,1,2,1,10,0,14.7892609,134.26207,7.97844553,1.57013535,-5.56885958,0.224053666,-10.3851929,0.167338237,7.76850653,-0.01000011,-4.550712,-11.0837708,-0.8044679,-0.5939512,1.0,0.0,0.0,0.0
160.682465,DATA,1,2,1,10,0,14.844574,134.317383,8.012849,1.57017255,-5.390061,0.192768916,-14.3533325,0.2576291,7.73241663,-0.01000005,-4.3890295,-15.0825806,-0.8044679,-0.5939512,1.0,0.0,0.0,0.0
160.738632,DATA,1,2,1,10,0,14.9007416,134.37355,8.034769,1.5701313,-5.209973,0.2381015,-18.3562622,0.2726948,7.68532753,-0.01000005,-4.230835,-19.0667725,-0.8044679,-0.5939512,1.0,0.0,0.0,0.0
160.793976,DATA,1,2,1,10,0,14.9560852,134.4289,8.044152,1.57001328,-5.024388,0.287535667,-22.3105469,0.287425876,7.625851,-0.01000005,-4.07257128,-23.1479187,-0.8044679,-0.5939512,1.0,0.0,0.0,0.0
160.848755,DATA,1,2,1,10,0,15.0108643,134.483673,8.040435,1.5700233,-4.84313726,0.260728985,-26.22055,0.2615728,7.55712271,-0.01000005,-3.92273235,-27.1283264,-0.809533954,-0.587054,1.0,0.0,0.0,0.0
160.90712,DATA,1,2,1,10,0,15.0692291,134.542038,7.987861,1.57004833,-4.66594648,0.234595358,-27.572113,0.206000939,7.47085047,-0.00999999,-3.76375914,-29.2678833,0.0,0.0,1.0,0.0,0.0,0.0
160.960861,DATA,1,2,1,10,0,15.1229706,134.595779,7.914665,1.57017112,-4.535352,0.2116711,-27.6567078,0.1707778,7.39759874,-0.01000005,-3.63305426,-29.2678833,0.0,0.0,1.0,0.0,0.0,0.0
161.016068,DATA,1,2,1,10,0,15.1781769,134.650986,7.83282471,1.57020116,-4.388946,0.211589411,-27.5993958,0.13476193,7.31554127,-0.01000005,-3.48663664,-29.2678833,0.0,0.0,1.0,0.0,0.0,0.0
161.070633,DATA,1,2,1,10,0,15.2327423,134.705551,7.751564,1.5701791,-4.24314165,0.239589751,-27.4885254,0.1448296,7.233996,-0.00999999,-3.341134,-29.2678833,0.0,0.0,1.0,0.0,0.0,0.0
161.127029,DATA,1,2,1,10,0,15.2891388,134.761948,7.67060041,1.57003474,-4.097869,0.301889777,-27.394165,0.0969539359,7.15270233,-0.01000005,-3.19607949,-29.2678833,0.0,0.0,1.0,0.0,0.0,0.0
161.181778,DATA,1,2,1,10,0,15.3438873,134.8167,7.590206,1.56993163,-3.954929,0.377872527,-26.4313965,-0.0118713379,7.0724597,-0.00999999,-3.05290079,-29.2678833,0.931272268,-0.364238381,1.0,0.0,0.0,0.0
161.237381,DATA,1,2,1,10,0,15.39949,134.8723,7.4359374,1.56978679,-3.84414935,0.436034739,-21.8106384,-0.09082031,6.994217,-0.01000005,-2.9025588,-24.5292358,0.9331645,-0.359385967,1.0,0.0,0.0,0.0
161.292877,DATA,1,2,1,10,0,15.4549866,134.9278,7.29474926,1.5698154,-3.724261,0.451613754,-17.2371216,-0.157623291,6.93022442,-0.01000005,-2.75029731,-19.9089355,0.9292276,-0.3694266,1.0,0.0,0.0,0.0
161.348923,DATA,1,2,1,10,0,15.5110321,134.983841,7.18690348,1.569845,-3.58331084,0.46087727,-14.8218994,-0.174194336,6.87759972,-0.01000005,-2.5906105,-16.6520081,0.0,0.0,1.0,0.0,0.0,0.0
161.403824,DATA,1,2,1,10,0,15.5659332,135.038742,7.140076,1.56972027,-3.42653775,0.518565953,-14.7973022,-0.141296387,6.83071375,-0.01000005,-2.43385363,-16.6520081,0.0,0.0,1.0,0.0,0.0,0.0
161.459976,DATA,1,2,1,10,0,15.6220856,135.0949,7.09152,1.56956232,-3.26447487,0.564772367,-14.7805786,-0.121246338,6.78224754,-0.00999999,-2.27181482,-16.6520081,0.0,0.0,1.0,0.0,0.0,0.0
161.5154,DATA,1,2,1,10,0,15.6775055,135.150314,7.043132,1.569444,-3.10379982,0.611938536,-14.8905334,-0.13861084,6.73418474,-0.01000005,-2.1111238,-16.6520081,0.0,0.0,1.0,0.0,0.0,0.0
161.570709,DATA,1,2,1,10,0,15.7328186,135.205627,7.007297,1.56937075,-2.941522,0.606677949,-16.5057373,-0.13381958,6.68683958,-0.00999999,-1.95283294,-17.3122864,-0.9993286,-0.0354014635,1.0,0.0,0.0,0.0
161.6272,DATA,1,2,1,10,0,15.7893066,135.262115,7.03714561,1.56926107,-2.751676,0.660459638,-21.6299133,-0.0735168457,6.631831,-0.01000005,-1.79478776,-22.3309937,-0.9994812,-0.0317087173,1.0,0.0,0.0,0.0
161.682571,DATA,1,2,1,10,0,15.8446808,135.31749,7.050157,1.56930423,-2.5611496,0.7130936,-26.67221,-0.0333251953,6.56359768,-0.01000005,-1.64297712,-27.3232727,-0.999572754,-0.0280159712,1.0,0.0,0.0,0.0
161.738525,DATA,1,2,1,10,0,15.9006348,135.373444,7.04658461,1.5692265,-2.36876631,0.7749048,-31.7584839,0.0412796922,6.4818306,-0.01000005,-1.49671626,-32.35016,-0.999938965,-0.008148432,1.0,0.0,0.0,0.0
161.793869,DATA,1,2,1,10,0,15.9559784,135.428787,7.02599525,1.56905437,-2.17651629,0.94606626,-36.3987732,0.10962294,6.38700438,-0.01000005,-1.3574177,-37.4046631,-0.561449051,0.181157887,1.0,0.0,0.0,0.0
161.849091,DATA,1,2,1,10,0,16.0112,135.484009,6.93411064,1.56880367,-2.0389266,1.108652,-36.5545044,0.16157949,6.285672,-0.00999999,-1.22736228,-38.0959473,0.0,0.0,1.0,0.0,0.0,0.0
161.904938,DATA,1,2,1,10,0,16.0670471,135.539856,6.8315587,1.568502,-1.90818584,1.21886909,-36.513092,0.165747166,6.183234,-0.01000005,-1.09669912,-38.0959473,0.0,0.0,1.0,0.0,0.0,0.0
161.960083,DATA,1,2,1,10,0,16.1221924,135.595,6.728303,1.56838036,-1.77653718,1.29299462,-36.502594,0.192555383,6.080105,-0.00999999,-0.9651546,-38.0959473,0.0,0.0,1.0,0.0,0.0,0.0
162.017075,DATA,1,2,1,10,0,16.179184,135.652,6.6248765,1.56825614,-1.64455414,1.38562739,-36.5121765,0.21173808,5.97671747,-0.01000005,-0.83328,-38.0959473,0.0,0.0,1.0,0.0,0.0,0.0
162.071854,DATA,1,2,1,10,0,16.233963,135.706772,6.521434,1.56820583,-1.51258576,1.45211291,-36.5409851,0.206492469,5.8733387,-0.01000005,-0.701417,-38.0959473,0.0,0.0,1.0,0.0,0.0,0.0
162.127548,DATA,1,2,1,10,0,16.2896576,135.762466,6.418565,1.56816745,-1.38156891,1.45036793,-36.5708,0.19953917,5.77065563,-0.01000005,-0.5704415,-38.0959473,0.0,0.0,1.0,0.0,0.0,0.0
162.182846,DATA,1,2,1,10,0,16.3449554,135.817764,6.316276,1.56810427,-1.2512939,1.46603048,-36.5917358,0.244236469,5.668548,-0.01000005,-0.440199554,-38.0959473,0.0,0.0,1.0,0.0,0.0,0.0
162.238251,DATA,1,2,1,10,0,16.40036,135.873169,6.212127,1.56808972,-1.11861777,1.48652661,-36.6264648,0.209898144,5.56452751,-0.00999999,-0.3075181,-38.0959473,0.0,0.0,1.0,0.0,0.0,0.0
162.293732,DATA,1,2,1,10,0,16.4558411,135.92865,6.1092124,1.56797838,-0.987515,1.5593468,-36.64969,0.251346231,5.4616375,-0.01000005,-0.176278159,-38.0959473,0.0,0.0,1.0,0.0,0.0,0.0
162.349152,DATA,1,2,1,10,0,16.511261,135.98407,6.005807,1.56790686,-0.855849266,1.57227087,-36.6843567,0.268818259,5.35830927,-0.01000005,-0.04447948,-38.0959473,0.0,0.0,1.0,0.0,0.0,0.0
162.404968,DATA,1,2,1,10,0,16.5670776,136.039886,5.90441561,1.56799555,-0.7267361,1.51533079,-36.6838074,0.310242444,5.25697136,-0.00999999,0.0847803354,-38.0959473,0.0,0.0,1.0,0.0,0.0,0.0
162.46106,DATA,1,2,1,10,0,16.6231689,136.095978,5.800953,1.56807876,-0.5949438,1.45287371,-36.6717529,0.318348616,5.15350628,-0.01000005,0.216753513,-38.0959473,0.0,0.0,1.0,0.0,0.0,0.0
162.516388,DATA,1,2,1,10,0,16.6784973,136.1513,5.699383,1.56825542,-0.465584368,1.42137241,-36.68213,0.3399059,5.05183935,-0.01000005,0.346433371,-38.0959473,0.0,0.0,1.0,0.0,0.0,0.0
162.571381,DATA,1,2,1,10,0,16.73349,136.2063,5.595894,1.56834686,-0.333871633,1.371414,-36.7532959,0.359694034,4.94842148,-0.00999999,0.47834605,-38.0959473,0.0,0.0,1.0,0.0,0.0,0.0
162.627426,DATA,1,2,1,10,0,16.7895355,136.262344,5.49207926,1.56830859,-0.2017958,1.35464692,-36.8105164,0.385480255,4.844763,-0.01000005,0.610566139,-38.0959473,0.0,0.0,1.0,0.0,0.0,0.0
162.682846,DATA,1,2,1,10,0,16.8449554,136.317764,5.39104652,1.56823659,-0.0730806142,1.380756,-36.7981262,0.420925647,4.743825,-0.01000005,0.739316165,-38.0959473,0.0,0.0,1.0,0.0,0.0,0.0
162.738312,DATA,1,2,1,10,0,16.9004211,136.37323,5.287103,1.56814218,0.05934594,1.41612291,-36.7532349,0.4454617,4.639931,-0.01000005,0.8718362,-38.0959473,0.0,0.0,1.0,0.0,0.0,0.0
162.79393,DATA,1,2,1,10,0,16.95604,136.428848,5.18390942,1.56814361,0.190916166,1.42118883,-36.7085266,0.465890318,4.53684139,-0.01000005,1.00333071,-38.0959473,0.0,0.0,1.0,0.0,0.0,0.0
162.849045,DATA,1,2,1,10,0,17.0111542,136.483963,5.0804615,1.56815159,0.32266,1.39073384,-36.71704,0.484961361,4.43349,-0.00999999,1.1351589,-38.0959473,0.0,0.0,1.0,0.0,0.0,0.0
162.904922,DATA,1,2,1,10,0,17.0670319,136.539841,4.9790616,1.56818008,0.451848119,1.36910188,-36.73706,0.4887877,4.33214331,-0.01000005,1.26443017,-38.0959473,0.0,0.0,1.0,0.0,0.0,0.0
162.960373,DATA,1,2,1,10,0,17.1224823,136.595291,4.875276,1.56827283,0.5842307,1.32593393,-36.71814,0.5155593,4.22835,-0.00999999,1.39682186,-38.0959473,0.0,0.0,1.0,0.0,0.0,0.0
163.016785,DATA,1,2,1,10,0,17.178894,136.6517,4.7727766,1.56838632,0.7149941,1.29192281,-36.7050476,0.506536543,4.12581,-0.01000005,1.52761507,-38.0959473,0.0,0.0,1.0,0.0,0.0,0.0
163.071564,DATA,1,2,1,10,0,17.2336731,136.706482,4.66929865,1.56836653,0.847041667,1.29978848,-36.68985,0.5061885,4.022268,-0.01000005,1.65968657,-38.0959473,0.0,0.0,1.0,0.0,0.0,0.0
163.127029,DATA,1,2,1,10,0,17.2891388,136.761948,4.567387,1.5683434,0.9771769,1.27108192,-36.6705,0.510165453,3.920251,-0.01000005,1.78981256,-38.0959473,0.0,0.0,1.0,0.0,0.0,0.0
163.183044,DATA,1,2,1,10,0,17.3451538,136.817963,4.46390057,1.56841111,1.10912681,1.20698392,-36.6907654,0.5428565,3.81677246,-0.01000005,1.921803,-38.0959473,0.0,0.0,1.0,0.0,0.0,0.0
163.2386,DATA,1,2,1,10,0,17.4007111,136.87352,4.361976,1.56851506,1.23905861,1.13879263,-36.6817627,0.5630009,3.71483541,-0.00999999,2.05182719,-38.0959473,0.0,0.0,1.0,0.0,0.0,0.0
163.294128,DATA,1,2,1,10,0,17.4562378,136.929047,4.25810432,1.5686152,1.3715291,1.11385441,-36.6705627,0.5634469,3.61095667,-0.01000005,2.18432784,-38.0959473,0.0,0.0,1.0,0.0,0.0,0.0
163.349091,DATA,1,2,1,10,0,17.5112,136.984009,4.152538,1.56873524,1.50603247,1.06464767,-36.65146,0.6032973,3.50548053,-0.00999999,2.31886625,-38.0959473,0.0,0.0,1.0,0.0,0.0,0.0
163.404663,DATA,1,2,1,10,0,17.5667725,137.039581,4.053947,1.568753,1.63170314,1.03060043,-36.6683044,0.641498268,3.40687847,-0.01000005,2.44463682,-38.0959473,0.0,0.0,1.0,0.0,0.0,0.0
163.460861,DATA,1,2,1,10,0,17.62297,137.095779,3.950668,1.568691,1.76331055,1.009908,-36.6595764,0.6391677,3.30350113,-0.00999999,2.57649779,-38.0959473,0.0,0.0,1.0,0.0,0.0,0.0
163.516388,DATA,1,2,1,10,0,17.6784973,137.1513,3.84830832,1.56873417,1.89397871,0.990582347,-36.63794,0.6188013,3.20101357,-0.01000005,2.70722437,-38.0959473,0.0,0.0,1.0,0.0,0.0,0.0
163.571213,DATA,1,2,1,10,0,17.7333221,137.206131,3.744637,1.56877208,2.02642179,0.973131,-36.611084,0.59085,3.09715748,-0.01000005,2.83969617,-38.0959473,0.0,0.0,1.0,0.0,0.0,0.0
163.626846,DATA,1,2,1,10,0,17.7889557,137.261765,3.64228439,1.56883192,2.157183,0.945545256,-36.58435,0.5650263,2.99466181,-0.01000005,2.970433,-38.0959473,0.0,0.0,1.0,0.0,0.0,0.0
163.682571,DATA,1,2,1,10,0,17.84468,137.31749,3.540114,1.56889176,2.28758621,0.9113831,-36.5788574,0.5651469,2.89244914,-0.01000005,3.10080862,-38.0959473,0.0,0.0,1.0,0.0,0.0,0.0
163.738556,DATA,1,2,1,10,0,17.9006653,137.373474,3.43591619,1.56896591,2.4205,0.868760049,-36.58423,0.554472864,2.788264,-0.01000005,3.23370028,-38.0959473,0.0,0.0,1.0,0.0,0.0,0.0
163.79454,DATA,1,2,1,10,0,17.95665,137.429459,3.33327079,1.56893086,2.55154014,0.865139544,-36.5893555,0.585598469,2.68557835,-0.0100001693,3.36467957,-38.0959473,0.0,0.0,1.0,0.0,0.0,0.0
163.849075,DATA,1,2,1,10,0,18.0111847,137.484,3.23020816,1.56889033,2.68324256,0.908416748,-36.5557861,0.5197788,2.58241057,-0.01000005,3.49627328,-38.0959473,0.0,0.0,1.0,0.0,0.0,0.0
163.905045,DATA,1,2,1,10,0,18.0671539,137.539963,3.12795258,1.5688504,2.81383014,0.9336932,-36.5244141,0.530386448,2.48007965,-0.0100002289,3.6268,-38.0959473,0.0,0.0,1.0,0.0,0.0,0.0
163.960785,DATA,1,2,1,10,0,18.1228943,137.5957,3.02585626,1.56878853,2.944054,0.9676915,-36.5292053,0.52099,2.37792,-0.01000005,3.75710821,-38.0959473,0.0,0.0,1.0,0.0,0.0,0.0
164.01712,DATA,1,2,1,10,0,18.17923,137.652039,2.92212725,1.56879294,3.0763576,0.9593053,-36.5440063,0.54495275,2.27412963,-0.00999999,3.889496,-38.0959473,0.0,0.0,1.0,0.0,0.0,0.0
164.0714,DATA,1,2,1,10,0,18.2335052,137.706314,2.820209,1.56887436,3.2063632,0.941323757,-36.5320129,0.5431272,2.17210579,-0.01000005,4.019631,-38.0959473,0.0,0.0,1.0,0.0,0.0,0.0
164.126816,DATA,1,2,1,10,0,18.2889252,137.761734,2.71867,1.56894183,3.33578634,0.8867849,-36.5108337,0.5582342,2.070512,-0.01000005,4.14921761,-38.0959473,0.0,0.0,1.0,0.0,0.0,0.0
164.182373,DATA,1,2,1,10,0,18.3444824,137.817291,2.614936,1.56902075,3.467848,0.837283432,-36.5415039,0.577753067,1.96686542,-0.01000005,4.281422,-38.0959473,0.0,0.0,1.0,0.0,0.0,0.0
164.2383,DATA,1,2,1,10,0,18.4004059,137.873215,2.489267,1.569052,3.58042264,0.8021923,-34.06552,0.6274548,1.8647238,-0.01000005,4.41243362,-36.4901733,0.851374865,-0.5245216,1.0,0.0,0.0,0.0
164.293427,DATA,1,2,1,10,0,18.4555359,137.928345,2.32951164,1.56900465,3.67417288,0.84775275,-29.815918,0.6723774,1.7685374,-0.00999999,4.55040455,-32.2279053,0.828608036,-0.559770465,1.0,0.0,0.0,0.0
164.348846,DATA,1,2,1,10,0,18.5109558,137.983765,2.181988,1.5689075,3.77770472,0.8868093,-25.66745,0.747212768,1.68471956,-0.01000005,4.691569,-28.15567,0.8248848,-0.56523335,1.0,0.0,0.0,0.0
164.4046,DATA,1,2,1,10,0,18.5667114,138.03952,2.040384,1.56884468,3.89342785,0.9631883,-21.46344,0.734238267,1.61010349,-0.00999999,4.840505,-24.0358582,0.821253061,-0.570513,1.0,0.0,0.0,0.0
164.459717,DATA,1,2,1,10,0,18.6218262,138.094635,1.90740263,1.56868434,4.01967049,1.04304373,-17.33908,0.775024354,1.54613042,-0.01000005,4.99499655,-19.9258728,0.817957044,-0.5751823,1.0,0.0,0.0,0.0
164.515778,DATA,1,2,1,10,0,18.677887,138.1507,1.78291166,1.56863713,4.15611553,1.08064759,-13.2630615,0.812014163,1.49301922,-0.01000005,5.154884,-15.79187,0.817102551,-0.576433659,1.0,0.0,0.0,0.0
164.570648,DATA,1,2,1,10,0,18.7327576,138.205566,1.669749,1.56869614,4.29959965,1.04600263,-9.29718,0.854939342,1.45194042,-0.00999999,5.316531,-11.7026672,0.817102551,-0.576433659,1.0,0.0,0.0,0.0
164.6271,DATA,1,2,1,10,0,18.7892151,138.262024,1.568544,1.568744,4.44862652,1.0351274,-5.142151,0.856564045,1.42284024,-0.01000005,5.478399,-7.671875,0.815912366,-0.578142643,1.0,0.0,0.0,0.0
164.68222,DATA,1,2,1,10,0,18.84433,138.317139,1.47719061,1.56883144,4.60648155,1.03386033,-1.03271484,0.8907321,1.40500057,-0.01000005,5.644133,-3.600525,0.811426163,-0.5844295,1.0,0.0,0.0,0.0
164.738113,DATA,1,2,1,10,0,18.9002228,138.373032,1.39717829,1.56885052,4.77129126,1.01607692,3.03282762,0.8982086,1.39894092,-0.01000005,5.811531,0.4681569,0.8040407,-0.594531059,1.0,0.0,0.0,0.0
164.79335,DATA,1,2,1,10,0,18.95546,138.428268,1.32795155,1.56880236,4.9461503,0.9983243,7.012239,0.9726324,1.40501714,-0.00999999,5.983565,4.61199236,0.8005005,-0.5992919,1.0,0.0,0.0,0.0
164.84845,DATA,1,2,1,10,0,19.01056,138.483368,1.27513719,1.56880164,5.113314,0.9661872,10.9552526,1.01594353,1.42195857,-0.01000005,6.14327955,8.464027,0.798974633,-0.6013062,1.0,0.0,0.0,0.0
164.904526,DATA,1,2,1,10,0,19.0666351,138.539444,1.232581,1.56878114,5.289703,0.964490354,15.028368,1.06595576,1.45072,-0.01000005,6.307092,12.4493856,0.798181057,-0.602404833,1.0,0.0,0.0,0.0
164.960129,DATA,1,2,1,10,0,19.1222382,138.595047,1.20219541,1.56882763,5.471547,0.9691641,19.0789757,0.9980982,1.49152219,-0.01000011,6.47117233,16.4958134,0.7969909,-0.603930831,1.0,0.0,0.0,0.0
165.016159,DATA,1,2,1,10,0,19.1782684,138.651077,1.18510246,1.56885386,5.6510725,0.9552085,23.1741562,1.01014876,1.54258716,-0.01000005,6.628537,20.4486256,0.794762969,-0.606891036,1.0,0.0,0.0,0.0
165.07132,DATA,1,2,1,10,0,19.233429,138.706238,1.18064129,1.56882143,5.834253,0.9632777,27.1545963,1.01649034,1.60547328,-0.01000005,6.784564,24.4579716,0.793847442,-0.608081341,1.0,0.0,0.0,0.0
165.127319,DATA,1,2,1,10,0,19.2894287,138.762238,1.18886268,1.5688808,6.01438761,0.962917864,31.1574211,1.00666928,1.67787147,-0.01000005,6.93343163,28.3946877,0.7915586,-0.611041546,1.0,0.0,0.0,0.0
165.182739,DATA,1,2,1,10,0,19.3448486,138.817657,1.20935249,1.5688448,6.191357,1.0077678,35.2111626,0.980219,1.75934327,-0.01000005,7.075395,32.28094,0.790429354,-0.612476,1.0,0.0,0.0,0.0
165.237823,DATA,1,2,1,10,0,19.3999329,138.872742,1.243338,1.56875014,6.372786,1.05820394,39.2759666,0.967125,1.85365355,-0.01000005,7.21633673,36.303093,0.790429354,-0.612476,1.0,0.0,0.0,0.0
165.293716,DATA,1,2,1,10,0,19.4558258,138.928635,1.28969681,1.56859446,6.55065966,1.11768293,43.396965,0.922904253,1.95712686,-0.01000005,7.34971333,40.30677,0.790429354,-0.612476,1.0,0.0,0.0,0.0
165.348984,DATA,1,2,1,10,0,19.5110931,138.9839,1.34690166,1.56850052,6.72085047,1.16934156,47.4316673,0.904277265,2.06697845,-0.01000005,7.4726963,44.21298,0.7885678,-0.6149174,1.0,0.0,0.0,0.0
165.4043,DATA,1,2,1,10,0,19.5664063,139.039215,1.41607261,1.56859708,6.88803148,1.16611779,51.3732224,0.896669149,2.185854,-0.01000011,7.58876133,48.1441,0.7885678,-0.6149174,1.0,0.0,0.0,0.0
165.460785,DATA,1,2,1,10,0,19.6228943,139.0957,1.496742,1.56860375,7.0507617,1.15078187,55.35322,0.897084534,2.31288552,-0.01000005,7.696785,52.0885468,0.7876828,-0.6160772,1.0,0.0,0.0,0.0
165.5163,DATA,1,2,1,10,0,19.6784058,139.151215,1.58763957,1.56850243,7.206281,1.1546278,59.26041,0.933958352,2.44600272,-0.01000005,7.79509544,55.99663,0.7863704,-0.617725134,1.0,0.0,0.0,0.0
165.571411,DATA,1,2,1,10,0,19.73352,139.206329,1.6914,1.56854534,7.358408,1.14036715,63.1357,0.8760799,2.588626,-0.01000005,7.88598347,59.98713,0.7863704,-0.617725134,1.0,0.0,0.0,0.0
165.62706,DATA,1,2,1,10,0,19.78917,139.261978,1.80176663,1.56864691,7.498775,1.140302,67.0108261,0.9082427,2.73279285,-0.01000005,7.964459,63.8589973,0.785424352,-0.6189153,1.0,0.0,0.0,0.0
165.682587,DATA,1,2,1,10,0,19.844696,139.3175,1.92244589,1.56865406,7.63246,1.11804426,70.871315,0.9135343,2.883248,-0.01000005,8.033592,67.7612152,0.785424352,-0.6189153,1.0,0.0,0.0,0.0
165.738342,DATA,1,2,1,10,0,19.9004517,139.37326,2.0539465,1.56869268,7.75940943,1.06188047,74.75386,0.9412854,3.04037881,-0.01000005,8.093137,71.721344,0.785424352,-0.6189153,1.0,0.0,0.0,0.0
165.793076,DATA,1,2,1,10,0,19.9551849,139.428,2.19289875,1.56877255,7.8762536,0.9797077,78.58222,0.9345283,3.20027637,-0.01000011,8.14142,75.65772,0.785424352,-0.6189153,1.0,0.0,0.0,0.0
165.848633,DATA,1,2,1,10,0,20.0107422,139.483551,2.33982372,1.56897581,7.9835124,0.909248352,82.44141,0.9356826,3.36336613,-0.01000011,8.178667,79.60022,0.785424352,-0.6189153,1.0,0.0,0.0,0.0
165.904877,DATA,1,2,1,10,0,20.0669861,139.5398,2.49559259,1.56911719,8.081559,0.816278338,86.30278,0.9396206,3.530512,-0.01000011,8.204861,83.58746,0.7870418,-0.6168401,1.0,0.0,0.0,0.0
165.960541,DATA,1,2,1,10,0,20.12265,139.595459,2.6513505,1.5692544,8.164836,0.74337703,89.934166,0.9711395,3.69241476,-0.01000005,8.218944,87.39686,0.700827,-0.3967712,1.0,0.0,0.0,0.0
166.0168,DATA,1,2,1,10,0,20.17891,139.651718,2.817231,1.5693419,8.197022,0.685604632,90.74892,0.9804696,3.859477,-0.01000005,8.22368,88.92725,0.0,0.0,1.0,0.0,0.0,0.0
166.07045,DATA,1,2,2,10,0,20.23256,139.705368,2.98487449,1.56939149,8.20025,0.6448375,90.75186,1.00124311,4.02724171,-0.0100001693,8.226821,88.92725,0.0,0.0,1.0,0.0,0.0,0.0
166.127121,DATA,1,2,2,10,0,20.28923,139.762039,3.150321,1.56949,8.203499,0.625611842,90.71819,0.9791504,4.19256973,-0.01000005,8.229918,88.92725,0.0,0.0,1.0,0.0,0.0,0.0
166.182816,DATA,1,2,2,10,0,20.3449249,139.817734,3.31823063,1.56964445,8.206613,0.5340207,90.77958,1.00930643,4.360406,-0.01000005,8.23306,88.92725,0.0,0.0,1.0,0.0,0.0,0.0
166.2379,DATA,1,2,2,10,0,20.40001,139.872818,3.48436069,1.56978583,8.209594,0.3871287,90.90043,1.01316845,4.52648926,-0.00999999,8.23617,88.92725,0.0,0.0,1.0,0.0,0.0,0.0
166.293427,DATA,1,2,2,10,0,20.4555359,139.928345,3.65055156,1.57012677,8.212389,0.151088819,91.09939,1.02705753,4.692791,-0.01000005,8.239284,88.92725,0.0,0.0,1.0,0.0,0.0,0.0
166.348633,DATA,1,2,2,10,0,20.5107422,139.983551,3.81634974,1.57055354,8.215186,-0.09442139,91.29661,1.03541684,4.858748,-0.01000005,8.242392,88.92725,0.0,0.0,1.0,0.0,0.0,0.0
166.404617,DATA,1,2,2,10,0,20.5667267,140.039536,3.98120475,1.57075274,8.217951,-0.194519043,91.43006,1.08862221,5.02396345,-0.01000011,8.245485,88.92725,0.0,0.0,1.0,0.0,0.0,0.0
166.459671,DATA,1,2,2,10,0,20.62178,140.094589,4.14770746,1.57073545,8.220913,-0.16796875,91.4442444,1.09289575,5.19085,-0.01000005,8.24861,88.92725,0.0,0.0,1.0,0.0,0.0,0.0
166.51619,DATA,1,2,2,10,0,20.678299,140.151108,4.31977129,1.570606,8.224092,-0.097076416,91.40299,1.0556277,5.36308765,-0.01000005,8.251835,88.92725,0.0,0.0,1.0,0.0,0.0,0.0
166.571259,DATA,1,2,2,10,0,20.7333679,140.206177,4.48368168,1.57040513,8.240881,-0.0005765107,92.89544,0.9980753,5.527432,-0.01000011,8.254912,89.64076,0.8238777,-0.5666982,1.0,0.0,0.0,0.0
166.62709,DATA,1,2,2,10,0,20.7892,140.262009,4.650581,1.57021761,8.313447,0.0996713,97.05016,0.9925927,5.69257069,-0.01000011,8.251481,93.80255,0.8513138,-0.524613142,1.0,0.0,0.0,0.0
166.68338,DATA,1,2,2,10,0,20.84549,140.3183,4.82421,1.57013655,8.375506,0.155959815,101.307655,1.0266118,5.85851,-0.01000005,8.235791,98.07627,0.85808897,-0.513443351,1.0,0.0,0.0,0.0
166.73793,DATA,1,2,2,10,0,20.90004,140.372849,5.002228,1.57014608,8.424822,0.233363718,105.484329,1.025939,6.02288675,-0.01000011,8.207736,102.375961,0.860133648,-0.509964347,1.0,0.0,0.0,0.0
166.79361,DATA,1,2,2,10,0,20.955719,140.428528,5.186021,1.57012725,8.461106,0.265455931,109.723259,1.098624,6.18692255,-0.01000005,8.1668,106.739525,0.8609271,-0.508652,1.0,0.0,0.0,0.0
166.848221,DATA,1,2,2,10,0,21.01033,140.483139,5.367269,1.570056,8.483108,0.303545624,113.869476,1.1372509,6.34323168,-0.01000005,8.115001,111.007416,0.879787564,-0.4752648,1.0,0.0,0.0,0.0
166.904831,DATA,1,2,2,10,0,21.06694,140.539749,5.538547,1.56990433,8.468638,0.3928099,115.873039,1.16270483,6.49467373,-0.01000005,8.052159,113.901482,0.0,0.0,1.0,0.0,0.0,0.0
166.960724,DATA,1,2,2,10,0,21.1228333,140.595642,5.692255,1.5697093,8.400602,0.514147,115.775681,1.11507452,6.64823771,-0.01000005,7.98410463,113.901482,0.0,0.0,1.0,0.0,0.0,0.0
167.0157,DATA,1,2,2,10,0,21.17781,140.65062,5.84451056,1.56954432,8.333291,0.597590446,115.63,1.09314454,6.80044127,-0.009999931,7.91665268,113.901482,0.0,0.0,1.0,0.0,0.0,0.0
167.07074,DATA,1,2,2,10,0,21.23285,140.705658,5.99825239,1.56967735,8.265321,0.6102933,115.517136,1.06613421,6.95397663,-0.00999999,7.8486104,113.901482,0.0,0.0,1.0,0.0,0.0,0.0
167.1268,DATA,1,2,2,10,0,21.28891,140.761719,6.149828,1.569746,8.197706,0.589423954,114.868248,1.092769,7.10573339,-0.01000005,7.78135633,113.901482,-0.6221808,-0.345927358,1.0,0.0,0.0,0.0
167.182022,DATA,1,2,2,10,0,21.3441315,140.81694,6.27549028,1.56967926,8.065519,0.5600018,110.5432,1.08974779,7.258498,-0.0100001693,7.718066,109.846062,-0.893643,-0.4487747,1.0,0.0,0.0,0.0
167.199936,MAZE_SUCCESS,1,2,2,10,12,21.3620453,140.834854,0.0,0.0,0.0,0.0,0.0,0.0,0.0,0.0,0.0,0.0,0.0,0.0,0.0,0.0,0.0,0.0
167.23793,DATA,1,2,2,10,12,21.40004,140.872849,6.344123,1.56964183,7.99625,0.5859792,108.425438,1.07883048,7.34061146,-0.01000005,7.689369,107.497093,-0.9172033,-0.3983581,1.0,0.0,0.0,0.0
167.291931,DATA,1,2,2,10,12,21.45404,140.926849,6.344204,1.56955075,7.995855,0.6610933,108.312958,1.0117774,7.34061146,-0.01000005,7.689369,107.497093,-0.9172033,-0.3983581,1.0,0.0,0.0,0.0
167.3478,DATA,1,2,2,10,12,21.509903,140.982712,6.3442626,1.56945157,7.99560738,0.705467165,108.364731,1.00119793,7.34061146,-0.01000005,7.689369,107.497093,-0.918698668,-0.3949095,1.0,0.0,0.0,0.0
167.402786,DATA,1,2,2,10,12,21.5648956,141.0377,6.344278,1.56933689,7.99549532,0.757197261,108.321594,0.9541464,7.34061146,-0.01000005,7.689369,107.497093,-0.936307847,-0.351145983,1.0,0.0,0.0,0.0
167.458847,DATA,1,2,2,10,12,21.6209564,141.093765,6.344276,1.5692482,7.99548435,0.795055032,108.232338,0.925610363,7.34061146,-0.01000005,7.689369,107.497093,-0.968565941,-0.248542786,1.0,0.0,0.0,0.0
167.514725,DATA,1,2,2,10,12,21.6768341,141.149643,6.34428167,1.569236,7.99548626,0.8048116,108.235588,0.96286577,7.34061146,-0.01000005,7.689369,107.497093,-0.971831441,-0.235541821,1.0,0.0,0.0,0.0
167.569946,DATA,1,2,2,10,12,21.7320557,141.204865,6.34441566,1.56920218,7.996142,0.8361806,109.178123,1.01005816,7.34061146,-0.01000005,7.689369,107.497093,0.0,0.0,1.0,0.0,0.0,0.0
167.625519,DATA,1,2,2,10,12,21.7876282,141.260437,6.34440231,1.56914163,7.996191,0.8707898,109.229446,1.04536128,7.34061146,-0.01000005,7.689369,107.497093,0.0,0.0,1.0,0.0,0.0,0.0
167.6812,DATA,1,2,2,10,12,21.8433075,141.316116,6.344597,1.569226,7.99639225,0.874987245,109.18486,1.07428861,7.34061146,-0.01000005,7.689369,107.497093,0.0,0.0,0.0,0.0,0.0,0.0
167.736374,DATA,1,2,2,10,12,21.8984833,141.371292,6.34474039,1.56927943,7.99669456,0.8115262,109.074265,1.09975433,7.34061146,-0.01000005,7.689369,107.497093,0.0,0.0,0.0,0.0,0.0,0.0
167.792,DATA,1,2,2,10,12,21.9541168,141.426926,6.344733,1.56927419,7.99694538,0.789495766,108.968765,1.141857,7.34061146,-0.01000005,7.689369,107.497093,0.0,0.0,0.0,0.0,0.0,0.0
167.847458,DATA,1,2,2,10,12,22.0095673,141.482376,6.344852,1.56926036,7.997148,0.800059438,108.861534,1.17594326,7.34061146,-0.01000005,7.689369,107.497093,0.0,0.0,0.0,0.0,0.0,0.0
167.903442,DATA,1,2,2,10,12,22.0655518,141.538361,6.3450284,1.56910849,7.997106,0.8726903,108.860542,1.2204473,7.34061146,-0.01000005,7.689369,107.497093,0.0,0.0,0.0,0.0,0.0,0.0
167.958786,DATA,1,2,2,10,12,22.1208954,141.5937,6.34512663,1.56887794,7.997031,0.9704815,108.938019,1.22755778,7.34061146,-0.01000005,7.689369,107.497093,0.0,0.0,0.0,0.0,0.0,0.0
168.0154,DATA,1,2,2,10,12,22.1775055,141.650314,6.345305,1.568708,7.9968605,1.01204538,108.969162,1.24537718,7.34061146,-0.01000005,7.689369,107.497093,0.0,0.0,0.0,0.0,0.0,0.0
168.06987,DATA,1,2,2,10,12,22.23198,141.704788,6.345507,1.568646,7.996708,1.02341938,108.961693,1.21740377,7.34061146,-0.01000005,7.689369,107.497093,0.0,0.0,0.0,0.0,0.0,0.0
168.12561,DATA,1,2,2,10,12,22.28772,141.760529,6.345645,1.5686636,7.996537,1.04927146,108.944778,1.15945935,7.34061146,-0.01000005,7.689369,107.497093,0.0,0.0,0.0,0.0,0.0,0.0
168.181168,DATA,1,2,2,10,12,22.343277,141.816086,6.345803,1.56871009,7.996318,1.0450536,108.941971,1.11856472,7.34061146,-0.01000005,7.689369,107.497093,0.0,0.0,0.0,0.0,0.0,0.0
168.236954,DATA,1,2,2,10,12,22.3990631,141.871872,6.34596348,1.5687325,7.9960413,1.05094182,108.958412,1.082069,7.34061146,-0.01000005,7.689369,107.497093,0.0,0.0,0.0,0.0,0.0,0.0
168.2918,DATA,1,2,2,10,12,22.4539032,141.926712,6.346092,1.56870556,7.995742,1.07305264,109.030952,1.05004561,7.34061146,-0.01000005,7.689369,107.497093,0.0,0.0,0.0,0.0,0.0,0.0
168.347153,DATA,1,2,2,10,12,22.5092621,141.982071,6.346165,1.56862783,7.99552631,1.10105574,109.06266,1.04610455,7.34061146,-0.01000005,7.689369,107.497093,0.0,0.0,0.0,0.0,0.0,0.0
168.403412,DATA,1,2,2,10,12,22.5655212,142.03833,6.34622574,1.56849766,7.99527,1.1609174,109.07605,0.9946941,7.34061146,-0.01000005,7.689369,107.497093,0.0,0.0,0.0,0.0,0.0,0.0
168.459625,DATA,1,2,2,10,12,22.6217346,142.094543,6.34617853,1.56844687,7.99511671,1.180351,109.075432,0.9674622,7.34061146,-0.01000005,7.689369,107.497093,0.0,0.0,0.0,0.0,0.0,0.0
168.51474,DATA,1,2,2,10,12,22.67685,142.149658,6.346121,1.56855965,7.99504328,1.152588,109.054794,0.916147768,7.34061146,-0.01000005,7.689369,107.497093,0.0,0.0,0.0,0.0,0.0,0.0
168.569824,DATA,1,2,2,10,12,22.7319336,142.204742,6.34592342,1.5686183,7.99500751,1.157579,109.071541,0.899315,7.34061146,-0.01000005,7.689369,107.497093,0.0,0.0,0.0,0.0,0.0,0.0
168.626038,DATA,1,2,2,10,12,22.788147,142.260956,6.34574938,1.5686276,7.995083,1.12144589,109.118874,0.8868717,7.34061146,-0.01000005,7.689369,107.497093,0.0,0.0,0.0,0.0,0.0,0.0
168.681,DATA,1,2,2,10,12,22.84311,142.315918,6.345589,1.56870556,7.995166,1.079539,109.127831,0.8965301,7.34061146,-0.01000005,7.689369,107.497093,0.0,0.0,0.0,0.0,0.0,0.0
168.737289,DATA,1,2,2,10,12,22.8993988,142.372208,6.34540844,1.56874108,7.995241,1.04333258,109.097389,0.8926537,7.34061146,-0.01000005,7.689369,107.497093,0.0,0.0,0.0,0.0,0.0,0.0
168.792038,DATA,1,2,2,10,12,22.9541473,142.426956,6.34533644,1.56876588,7.995407,1.04796278,109.068672,0.9017708,7.34061146,-0.01000005,7.689369,107.497093,0.0,0.0,0.0,0.0,0.0,0.0
168.8472,DATA,1,2,2,10,12,23.0093079,142.482117,6.345397,1.56881785,7.99561262,1.01949418,109.068565,0.9309798,7.34061146,-0.01000005,7.689369,107.497093,0.0,0.0,0.0,0.0,0.0,0.0
168.903458,DATA,1,2,2,10,12,23.065567,142.538376,6.34549761,1.56885,7.995819,0.981865942,109.06591,1.01082981,7.34061146,-0.01000005,7.689369,107.497093,0.0,0.0,0.0,0.0,0.0,0.0
168.959274,DATA,1,2,2,10,12,23.1213837,142.5942,6.345581,1.56896949,7.996029,0.9264283,109.076645,1.006319,7.34061146,-0.01000005,7.689369,107.497093,0.0,0.0,0.0,0.0,0.0,0.0
169.01564,DATA,1,2,2,10,12,23.17775,142.650558,6.345556,1.56904006,7.99620342,0.8741155,109.066521,1.05397546,7.34061146,-0.01000005,7.689369,107.497093,0.0,0.0,0.0,0.0,0.0,0.0
169.069809,DATA,1,2,2,10,12,23.2319183,142.704727,6.345519,1.569052,7.9963727,0.8616229,109.0212,1.07035065,7.34061146,-0.01000005,7.689369,107.497093,0.0,0.0,0.0,0.0,0.0,0.0
169.126,DATA,1,2,2,10,12,23.2881165,142.760925,6.345509,1.56911993,7.99641943,0.85037297,108.994087,1.08083642,7.34061146,-0.01000005,7.689369,107.497093,0.0,0.0,0.0,0.0,0.0,0.0
169.18222,DATA,1,2,2,10,12,23.34433,142.817139,6.345371,1.56911254,7.99634647,0.8364005,108.993248,1.05105186,7.34061146,-0.01000005,7.689369,107.497093,0.0,0.0,0.0,0.0,0.0,0.0
169.2371,DATA,1,2,2,10,12,23.3992157,142.872025,6.34508848,1.56908774,7.996334,0.8341648,109.011734,1.02487469,7.34061146,-0.01000005,7.689369,107.497093,0.0,0.0,0.0,0.0,0.0,0.0
169.291656,DATA,1,2,2,10,12,23.4537659,142.926575,6.34486532,1.56909323,7.99619246,0.8086042,109.011826,1.01069057,7.34061146,-0.01000005,7.689369,107.497093,0.0,0.0,0.0,0.0,0.0,0.0
169.347351,DATA,1,2,2,10,12,23.50946,142.982269,6.344759,1.56917119,7.996174,0.7695896,108.962021,0.986665964,7.34061146,-0.01000005,7.689369,107.497093,0.0,0.0,0.0,0.0,0.0,0.0
169.403137,DATA,1,2,2,10,12,23.5652466,143.038055,6.34466934,1.569186,7.996102,0.719387352,108.918922,0.9705736,7.34061146,-0.01000005,7.689369,107.497093,0.0,0.0,0.0,0.0,0.0,0.0
169.459045,DATA,1,2,2,10,12,23.6211548,143.093964,6.34448528,1.56914759,7.99607325,0.752803,108.907005,0.995135069,7.34061146,-0.01000005,7.689369,107.497093,0.0,0.0,0.0,0.0,0.0,0.0
169.514908,DATA,1,2,2,10,12,23.6770172,143.149826,6.344414,1.56913447,7.99598074,0.7788173,108.936516,0.9664923,7.34061146,-0.01000005,7.689369,107.497093,0.0,0.0,0.0,0.0,0.0,0.0
169.569855,DATA,1,2,2,10,12,23.7319641,143.204773,6.344346,1.56903815,7.99592829,0.833964467,108.94091,0.9706014,7.34061146,-0.01000005,7.689369,107.497093,0.0,0.0,0.0,0.0,0.0,0.0
169.625839,DATA,1,2,2,10,12,23.7879486,143.260757,6.344432,1.56902575,7.99598026,0.8788572,108.949585,0.9413047,7.34061146,-0.01000005,7.689369,107.497093,0.0,0.0,0.0,0.0,0.0,0.0
169.681381,DATA,1,2,2,10,12,23.84349,143.3163,6.344342,1.5689497,7.995955,0.928553045,108.962349,0.9665116,7.34061146,-0.01000005,7.689369,107.497093,0.0,0.0,0.0,0.0,0.0,0.0
169.736832,DATA,1,2,2,10,12,23.898941,143.37175,6.34431458,1.568932,7.99601555,0.9508412,109.001068,1.01232719,7.34061146,-0.01000005,7.689369,107.497093,0.0,0.0,0.0,0.0,0.0,0.0
169.791916,DATA,1,2,2,10,12,23.9540253,143.426834,6.34415054,1.56887817,7.995827,0.9839292,109.078522,1.06116343,7.34061146,-0.01000005,7.689369,107.497093,0.0,0.0,0.0,0.0,0.0,0.0
169.847382,DATA,1,2,2,10,12,24.009491,143.4823,6.34399271,1.568861,7.99566,0.989053667,109.204315,1.02394593,7.34061146,-0.01000005,7.689369,107.497093,0.0,0.0,0.0,0.0,0.0,0.0
169.903534,DATA,1,2,2,10,12,24.0656433,143.538452,6.34409237,1.56890154,7.99560547,0.980468333,109.271782,1.04656339,7.34061146,-0.01000005,7.689369,107.497093,0.0,0.0,0.0,0.0,0.0,0.0
169.959015,DATA,1,2,2,10,12,24.1211243,143.593933,6.34397459,1.56885719,7.995668,0.9891652,109.330971,1.05124176,7.34061146,-0.01000005,7.689369,107.497093,0.0,0.0,0.0,0.0,0.0,0.0
170.015442,DATA,1,2,2,10,12,24.1775513,143.65036,6.34392,1.5688746,7.995642,0.970232844,109.330757,1.00820088,7.34061146,-0.01000005,7.689369,107.497093,0.0,0.0,0.0,0.0,0.0,0.0
170.069717,DATA,1,2,2,10,12,24.2318268,143.704636,6.343807,1.56890082,7.99568224,0.9628204,109.296257,1.05848539,7.34061146,-0.01000005,7.689369,107.497093,0.0,0.0,0.0,0.0,0.0,0.0
170.125488,DATA,1,2,2,10,12,24.2875977,143.7604,6.34368324,1.56904936,7.99560642,0.924412131,109.262589,1.0709908,7.34061146,-0.01000005,7.689369,107.497093,0.0,0.0,0.0,0.0,0.0,0.0
170.18132,DATA,1,2,2,10,12,24.34343,143.816238,6.343472,1.56915474,7.995658,0.8450144,109.281433,1.07937133,7.34061146,-0.01000005,7.689369,107.497093,0.0,0.0,0.0,0.0,0.0,0.0
170.237015,DATA,1,2,2,10,12,24.3991241,143.871933,6.34333944,1.56922841,7.99562,0.7808118,109.335518,1.06256664,7.34061146,-0.01000005,7.689369,107.497093,0.0,0.0,0.0,0.0,0.0,0.0
170.292023,DATA,1,2,2,10,12,24.4541321,143.926941,6.34320736,1.56906414,7.995533,0.7980772,109.393761,1.09868658,7.34061146,-0.01000005,7.689369,107.497093,0.0,0.0,0.0,0.0,0.0,0.0
170.347351,DATA,1,2,2,10,12,24.50946,143.982269,6.34333372,1.56907845,7.99548054,0.8063015,109.40744,1.1337899,7.34061146,-0.01000005,7.689369,107.497093,0.0,0.0,0.0,0.0,0.0,0.0
170.4035,DATA,1,2,2,10,12,24.5656128,144.038422,6.34352827,1.56900024,7.99548,0.848515332,109.372078,1.182073,7.34061146,-0.01000005,7.689369,107.497093,0.0,0.0,0.0,0.0,0.0,0.0
170.458832,DATA,1,2,2,10,12,24.6209412,144.09375,6.34368229,1.5689292,7.99553061,0.9215303,109.325119,1.238415,7.34061146,-0.01000005,7.689369,107.497093,0.0,0.0,0.0,0.0,0.0,0.0
170.514709,DATA,1,2,2,10,12,24.6768188,144.149628,6.34376955,1.56891394,7.99558353,0.9884606,109.271622,1.35694766,7.34061146,-0.01000005,7.689369,107.497093,0.0,0.0,0.0,0.0,0.0,0.0
170.569824,DATA,1,2,2,10,12,24.7319336,144.204742,6.34373569,1.56894279,7.995677,0.9772324,109.23497,1.39232326,7.34061146,-0.01000005,7.689369,107.497093,0.0,0.0,0.0,0.0,0.0,0.0
170.62532,DATA,1,2,2,10,12,24.78743,144.260239,6.34329462,1.56846023,7.99584532,1.16901386,109.247,1.52988732,7.34061146,-0.01000005,7.689369,107.497093,0.0,0.0,0.0,0.0,0.0,0.0
170.68103,DATA,1,2,2,10,12,24.84314,144.315948,6.34255648,1.56795,7.996143,1.55446255,109.321732,1.80928,7.34061146,-0.01000005,7.689369,107.497093,0.0,0.0,0.0,0.0,0.0,0.0
170.73671,DATA,1,2,2,10,12,24.898819,144.371628,6.34161043,1.56763554,7.996423,1.83524191,109.4387,1.99778569,7.34061146,-0.01000005,7.689369,107.497093,0.0,0.0,0.0,0.0,0.0,0.0
170.79187,DATA,1,2,2,10,12,24.95398,144.426788,6.340348,1.56758428,7.99687,1.9798646,109.548836,2.18875241,7.34061146,-0.01000005,7.689369,107.497093,0.0,0.0,0.0,0.0,0.0,0.0
170.846985,DATA,1,2,2,10,12,25.0090942,144.4819,6.33893538,1.56758142,7.99762344,1.9249593,109.575539,2.421413,7.34061146,-0.01000005,7.689369,107.497093,0.0,0.0,0.0,0.0,0.0,0.0
170.903244,DATA,1,2,2,10,12,25.0653534,144.538162,6.33756542,1.56806278,7.99856043,1.6052413,109.41748,2.79828787,7.34061146,-0.01000005,7.689369,107.497093,0.0,0.0,0.0,0.0,0.0,0.0
170.959213,DATA,1,2,2,10,12,25.1213226,144.594131,6.336256,1.56892562,7.999686,1.01240849,109.102486,3.219671,7.34061146,-0.01000005,7.689369,107.497093,0.0,0.0,0.0,0.0,0.0,0.0
171.014709,DATA,1,2,2,10,12,25.1768188,144.649628,6.33504772,1.56992626,8.00083,0.103309333,108.747932,3.52452254,7.34061146,-0.01000005,7.689369,107.497093,0.0,0.0,0.0,0.0,0.0,0.0
171.069656,DATA,1,2,2,10,12,25.2317657,144.704575,6.3337965,1.57091689,8.001613,-0.66015625,108.551849,3.65032721,7.34061146,-0.01000005,7.689369,107.497093,0.0,0.0,0.0,0.0,0.0,0.0
171.125824,DATA,1,2,2,10,12,25.2879333,144.760742,6.33264351,1.5712502,8.001995,-1.04376221,108.550415,3.69558954,7.34061146,-0.01000005,7.689369,107.497093,0.0,0.0,0.0,0.0,0.0,0.0
171.181488,DATA,1,2,2,10,12,25.3435974,144.8164,6.331811,1.57115912,8.001985,-1.08798218,108.726234,3.597368,7.34061146,-0.01000005,7.689369,107.497093,0.0,0.0,0.0,0.0,0.0,0.0
171.236679,DATA,1,2,2,10,12,25.3987885,144.8716,6.331397,1.57091713,8.00165749,-0.954772949,108.973763,3.45699239,7.34061146,-0.01000005,7.689369,107.497093,0.0,0.0,0.0,0.0,0.0,0.0
171.292068,DATA,1,2,2,10,12,25.4541779,144.926987,6.33134127,1.57078624,8.001057,-0.984100342,109.263542,3.27630186,7.34061146,-0.01000005,7.689369,107.497093,0.0,0.0,0.0,0.0,0.0,0.0
171.34761,DATA,1,2,2,10,12,25.50972,144.982529,6.331435,1.57096481,8.000542,-1.06838989,109.539124,3.19013715,7.34061146,-0.01000005,7.689369,107.497093,0.0,0.0,0.0,0.0,0.0,0.0
171.403381,DATA,1,2,2,10,12,25.56549,145.0383,6.331684,1.57139349,8.000158,-1.24813843,109.710991,3.11947536,7.34061146,-0.01000005,7.689369,107.497093,0.0,0.0,0.0,0.0,0.0,0.0
171.458984,DATA,1,2,2,10,12,25.6210938,145.0939,6.331998,1.57179666,7.999901,-1.46252441,109.753387,3.14378333,7.34061146,-0.01000005,7.689369,107.497093,0.0,0.0,0.0,0.0,0.0,0.0
171.514542,DATA,1,2,2,10,12,25.676651,145.14946,6.332537,1.57195234,7.9997344,-1.5425415,109.616936,3.18645716,7.34061146,-0.01000005,7.689369,107.497093,0.0,0.0,0.0,0.0,0.0,0.0
171.569855,DATA,1,2,2,10,12,25.7319641,145.204773,6.333219,1.57181263,7.99948072,-1.40139771,109.420364,3.15752935,7.34061146,-0.01000005,7.689369,107.497093,0.0,0.0,0.0,0.0,0.0,0.0
171.625626,DATA,1,2,2,10,12,25.787735,145.260544,6.333656,1.57118678,7.999024,-0.943847656,109.332344,3.052781,7.34061146,-0.01000005,7.689369,107.497093,0.0,0.0,0.0,0.0,0.0,0.0
171.680557,DATA,1,2,2,10,12,25.8426666,145.315475,6.334174,1.57054257,7.998499,-0.5027771,109.309692,2.89686,7.34061146,-0.01000005,7.689369,107.497093,0.0,0.0,0.0,0.0,0.0,0.0
171.736923,DATA,1,2,2,10,12,25.8990326,145.371841,6.33469343,1.57007766,7.99792957,-0.157958984,109.320122,2.71939516,7.34061146,-0.01000005,7.689369,107.497093,0.0,0.0,0.0,0.0,0.0,0.0
171.791946,DATA,1,2,2,10,12,25.9540558,145.426865,6.33518028,1.56968,7.99732828,0.173663586,109.400536,2.47720337,7.34061146,-0.01000005,7.689369,107.497093,0.0,0.0,0.0,0.0,0.0,0.0
171.8472,DATA,1,2,2,10,12,26.0093079,145.482117,6.335486,1.569335,7.996667,0.4157679,109.547432,2.2905488,7.34061146,-0.01000005,7.689369,107.497093,0.0,0.0,0.0,0.0,0.0,0.0
171.903671,DATA,1,2,2,10,12,26.06578,145.538589,6.335842,1.569032,7.99598646,0.6168984,109.664955,2.12371683,7.34061146,-0.01000005,7.689369,107.497093,0.0,0.0,0.0,0.0,0.0,0.0
171.959015,DATA,1,2,2,10,12,26.1211243,145.593933,6.3365407,1.56853509,7.99535275,0.8395955,109.736259,1.91860652,7.34061146,-0.01000005,7.689369,107.497093,0.0,0.0,0.0,0.0,0.0,0.0
172.014923,DATA,1,2,2,10,12,26.1770325,145.649841,6.3372674,1.56799388,7.99477339,1.14256287,109.732872,1.79402435,7.34061146,-0.01000005,7.689369,107.497093,0.0,0.0,0.0,0.0,0.0,0.0
172.069626,DATA,1,2,2,10,12,26.2317352,145.704544,6.33813524,1.56757951,7.99414635,1.35255432,109.751366,1.66111827,7.34061146,-0.01000005,7.689369,107.497093,0.0,0.0,0.0,0.0,0.0,0.0
172.125351,DATA,1,2,2,10,12,26.28746,145.760269,6.33862,1.5672667,7.99367476,1.522454,109.807411,1.48182487,7.34061146,-0.01000005,7.689369,107.497093,0.0,0.0,0.0,0.0,0.0,0.0
172.181122,DATA,1,2,2,10,12,26.3432312,145.81604,6.33913946,1.567164,7.993331,1.63175535,109.845558,1.41196191,7.34061146,-0.01000005,7.689369,107.497093,0.0,0.0,0.0,0.0,0.0,0.0
172.236908,DATA,1,2,2,10,12,26.3990173,145.871826,6.339466,1.56708765,7.99310541,1.68298531,109.883713,1.36076725,7.34061146,-0.01000005,7.689369,107.497093,0.0,0.0,0.0,0.0,0.0,0.0
172.2915,DATA,1,2,2,10,12,26.4536133,145.926422,6.33977842,1.56701946,7.99297142,1.76796818,109.910744,1.22523963,7.34061146,-0.01000005,7.689369,107.497093,0.0,0.0,0.0,0.0,0.0,0.0
172.347183,DATA,1,2,2,10,12,26.5092926,145.9821,6.339974,1.56687975,7.99298048,1.86849749,110.018188,1.21070766,7.34061146,-0.01000005,7.689369,107.497093,0.0,0.0,0.0,0.0,0.0,0.0
172.403122,DATA,1,2,2,10,12,26.5652313,146.03804,6.340151,1.56673527,7.993159,1.95610857,110.116745,1.24167407,7.34061146,-0.01000005,7.689369,107.497093,0.0,0.0,0.0,0.0,0.0,0.0
172.458923,DATA,1,2,2,10,12,26.6210327,146.093842,6.3404007,1.56654263,7.99354553,1.99981666,110.1632,1.37123656,7.34061146,-0.01000005,7.689369,107.497093,0.0,0.0,0.0,0.0,0.0,0.0
172.514282,DATA,1,2,2,10,12,26.6763916,146.1492,6.340715,1.56654119,7.994104,2.00084448,110.112709,1.56052434,7.34061146,-0.01000005,7.689369,107.497093,0.0,0.0,0.0,0.0,0.0,0.0
172.569519,DATA,1,2,2,10,12,26.7316284,146.204437,6.341046,1.56661868,7.99470663,1.93784356,110.022682,1.61004734,7.34061146,-0.01000005,7.689369,107.497093,0.0,0.0,0.0,0.0,0.0,0.0
172.6256,DATA,1,2,2,10,12,26.7877045,146.260513,6.341309,1.56674218,7.9952693,1.860396,109.917946,1.64018452,7.34061146,-0.01000005,7.689369,107.497093,0.0,0.0,0.0,0.0,0.0,0.0
172.680984,DATA,1,2,2,10,12,26.8430939,146.3159,6.341395,1.56687474,7.99582148,1.74943125,109.818115,1.66541171,7.34061146,-0.01000005,7.689369,107.497093,0.0,0.0,0.0,0.0,0.0,0.0
172.736389,DATA,1,2,2,10,12,26.8984985,146.3713,6.34146261,1.56702781,7.99627829,1.67919815,109.75161,1.726813,7.34061146,-0.01000005,7.689369,107.497093,0.0,0.0,0.0,0.0,0.0,0.0
172.791885,DATA,1,2,2,10,12,26.9539948,146.4268,6.341402,1.567169,7.99674463,1.55808735,109.686928,1.748207,7.34061146,-0.01000005,7.689369,107.497093,0.0,0.0,0.0,0.0,0.0,0.0
172.84697,DATA,1,2,2,10,12,27.009079,146.481888,6.341481,1.56733012,7.99718142,1.44639027,109.6132,1.77123547,7.34061146,-0.01000005,7.689369,107.497093,0.0,0.0,0.0,0.0,0.0,0.0
172.903244,DATA,1,2,2,10,12,27.0653534,146.538162,6.34139442,1.56745648,7.99775,1.33560717,109.5295,1.8850379,7.34061146,-0.01000005,7.689369,107.497093,0.0,0.0,0.0,0.0,0.0,0.0
172.958954,DATA,1,2,2,10,12,27.1210632,146.593872,6.341422,1.5676074,7.99820948,1.24536049,109.450294,1.95165193,7.34061146,-0.01000005,7.689369,107.497093,0.0,0.0,0.0,0.0,0.0,0.0
173.014481,DATA,1,2,2,10,12,27.17659,146.6494,6.34130526,1.56770253,7.99871159,1.17207932,109.381477,2.055607,7.34061146,-0.01000005,7.689369,107.497093,0.0,0.0,0.0,0.0,0.0,0.0
173.069336,DATA,1,2,2,10,12,27.2314453,146.704254,6.34129858,1.567894,7.99907732,1.07516444,109.361092,2.0003736,7.34061146,-0.01000005,7.689369,107.497093,0.0,0.0,0.0,0.0,0.0,0.0
173.125458,DATA,1,2,2,10,12,27.2875671,146.760376,6.34121466,1.56801152,7.99941254,0.993905962,109.393188,2.07502627,7.34061146,-0.01000005,7.689369,107.497093,0.0,0.0,0.0,0.0,0.0,0.0
173.181213,DATA,1,2,2,10,12,27.3433228,146.816132,6.34108448,1.5680666,7.999746,0.9574146,109.440025,2.1500392,7.34061146,-0.01000005,7.689369,107.497093,0.0,0.0,0.0,0.0,0.0,0.0
173.236649,DATA,1,2,2,10,12,27.3987579,146.871567,6.34096766,1.568021,8.000089,0.99443084,109.465858,2.21703577,7.34061146,-0.01000005,7.689369,107.497093,0.0,0.0,0.0,0.0,0.0,0.0
173.291809,DATA,1,2,2,10,12,27.4539185,146.926727,6.340853,1.5679934,8.00041,1.06555068,109.458191,2.28947139,7.34061146,-0.01000005,7.689369,107.497093,0.0,0.0,0.0,0.0,0.0,0.0
173.34758,DATA,1,2,2,10,12,27.50969,146.9825,6.340729,1.56788707,8.00056,1.143568,109.459526,2.33339667,7.34061146,-0.01000005,7.689369,107.497093,0.0,0.0,0.0,0.0,0.0,0.0
173.40303,DATA,1,2,2,10,12,27.56514,147.037949,6.34051561,1.567852,8.00073051,1.15594125,109.384521,2.23366833,7.34061146,-0.01000005,7.689369,107.497093,0.0,0.0,0.0,0.0,0.0,0.0
173.457947,DATA,1,2,2,10,12,27.6200562,147.092865,6.3403945,1.56798553,8.000822,1.09515214,109.28138,2.16450644,7.34061146,-0.01000005,7.689369,107.497093,0.0,0.0,0.0,0.0,0.0,0.0
173.5142,DATA,1,2,2,10,12,27.6763153,147.149124,6.34018469,1.56811833,8.000797,1.07836175,109.26461,2.17938638,7.34061146,-0.01000005,7.689369,107.497093,0.0,0.0,0.0,0.0,0.0,0.0
173.5693,DATA,1,2,2,10,12,27.7314148,147.204224,6.33993149,1.56817532,8.000716,1.04468584,109.320267,2.16959643,7.34061146,-0.01000005,7.689369,107.497093,0.0,0.0,0.0,0.0,0.0,0.0
173.6253,DATA,1,2,2,10,12,27.7874146,147.260223,6.33965,1.56816721,8.000578,1.05974221,109.384583,2.18795252,7.34061146,-0.01000005,7.689369,107.497093,0.0,0.0,0.0,0.0,0.0,0.0
173.680878,DATA,1,2,2,10,12,27.8429871,147.3158,6.33954668,1.56814289,8.000483,1.11400878,109.394562,2.11639166,7.34061146,-0.01000005,7.689369,107.497093,0.0,0.0,0.0,0.0,0.0,0.0
173.736435,DATA,1,2,2,10,12,27.8985443,147.371353,6.339529,1.5681107,8.000428,1.128399,109.409882,2.134026,7.34061146,-0.01000005,7.689369,107.497093,0.0,0.0,0.0,0.0,0.0,0.0
173.791718,DATA,1,2,2,10,12,27.9538269,147.426636,6.33947563,1.56809354,8.000379,1.132951,109.41539,2.131739,7.34061146,-0.01000005,7.689369,107.497093,0.0,0.0,0.0,0.0,0.0,0.0
173.847519,DATA,1,2,2,10,12,28.0096283,147.482437,6.339487,1.5681808,8.000317,1.13628042,109.408691,2.106063,7.34061146,-0.01000005,7.689369,107.497093,0.0,0.0,0.0,0.0,0.0,0.0
173.902939,DATA,1,2,2,10,12,28.0650482,147.537857,6.339514,1.56823492,8.000263,1.12387884,109.410828,2.101016,7.34061146,-0.01000005,7.689369,107.497093,0.0,0.0,0.0,0.0,0.0,0.0
173.9588,DATA,1,2,2,10,12,28.12091,147.593719,6.339522,1.56818056,8.000252,1.14328969,109.436729,2.11205459,7.34061146,-0.01000005,7.689369,107.497093,0.0,0.0,0.0,0.0,0.0,0.0
174.013885,DATA,1,2,2,10,12,28.1759949,147.6488,6.339557,1.56809688,8.000307,1.15408218,109.42263,2.10475421,7.34061146,-0.01000005,7.689369,107.497093,0.0,0.0,0.0,0.0,0.0,0.0
174.069336,DATA,1,2,2,10,12,28.2314453,147.704254,6.339639,1.56809735,8.000404,1.13670206,109.3606,2.11634064,7.34061146,-0.01000005,7.689369,107.497093,0.0,0.0,0.0,0.0,0.0,0.0
174.125137,DATA,1,2,2,10,12,28.2872467,147.760056,6.33970976,1.56813717,8.000395,1.18171346,109.353615,2.15487313,7.34061146,-0.01000005,7.689369,107.497093,0.0,0.0,0.0,0.0,0.0,0.0
174.18129,DATA,1,2,2,10,12,28.3434,147.816208,6.339709,1.56813407,8.000394,1.17214811,109.368866,2.14529061,7.34061146,-0.01000005,7.689369,107.497093,0.0,0.0,0.0,0.0,0.0,0.0
174.236176,DATA,1,2,2,10,12,28.3982849,147.8711,6.339659,1.568135,8.00048351,1.12347519,109.357849,2.138661,7.34061146,-0.01000005,7.689369,107.497093,0.0,0.0,0.0,0.0,0.0,0.0
174.291382,DATA,1,2,2,10,12,28.4534912,147.9263,6.33956528,1.5681622,8.000528,1.10402238,109.326035,2.1724987,7.34061146,-0.01000005,7.689369,107.497093,0.0,0.0,0.0,0.0,0.0,0.0
174.347549,DATA,1,2,2,10,12,28.5096588,147.982468,6.339567,1.568388,8.000646,1.10057926,109.33223,2.1765635,7.34061146,-0.01000005,7.689369,107.497093,0.0,0.0,0.0,0.0,0.0,0.0
174.403076,DATA,1,2,2,10,12,28.5651855,148.038,6.339461,1.56835389,8.000708,1.12154114,109.340271,2.20409656,7.34061146,-0.01000005,7.689369,107.497093,0.0,0.0,0.0,0.0,0.0,0.0
174.458344,DATA,1,2,2,10,12,28.6204529,148.093262,6.33936453,1.5682137,8.000793,1.11681163,109.319672,2.21018648,7.34061146,-0.01000005,7.689369,107.497093,0.0,0.0,0.0,0.0,0.0,0.0
174.51416,DATA,1,2,2,10,12,28.67627,148.149078,6.3391943,1.56821656,8.000787,1.11051142,109.352318,2.23270154,7.34061146,-0.01000005,7.689369,107.497093,0.0,0.0,0.0,0.0,0.0,0.0
174.569138,DATA,1,2,2,10,12,28.7312469,148.204056,6.339099,1.56833053,8.000819,1.08382893,109.3543,2.21371078,7.34061146,-0.01000005,7.689369,107.497093,0.0,0.0,0.0,0.0,0.0,0.0
174.6253,DATA,1,2,2,10,12,28.7874146,148.260223,6.33900928,1.56846976,8.000883,1.03891969,109.322632,2.193121,7.34061146,-0.01000005,7.689369,107.497093,0.0,0.0,0.0,0.0,0.0,0.0
174.680817,DATA,1,2,2,10,12,28.842926,148.315735,6.33894968,1.56855488,8.000951,0.987886667,109.289993,2.18593216,7.34061146,-0.01000005,7.689369,107.497093,0.0,0.0,0.0,0.0,0.0,0.0
174.73645,DATA,1,2,2,10,12,28.89856,148.371368,6.33890772,1.56850123,8.00099,0.9881498,109.289558,2.20000029,7.34061146,-0.01000005,7.689369,107.497093,0.0,0.0,0.0,0.0,0.0,0.0
174.791885,DATA,1,2,2,10,12,28.9539948,148.4268,6.33890867,1.56844687,8.00099,1.00446045,109.324005,2.22426152,7.34061146,-0.01000005,7.689369,107.497093,0.0,0.0,0.0,0.0,0.0,0.0
174.846939,DATA,1,2,2,10,12,29.0090485,148.481857,6.338918,1.56836009,8.00103,1.02312386,109.351143,2.206804,7.34061146,-0.01000005,7.689369,107.497093,0.0,0.0,0.0,0.0,0.0,0.0
174.9032,DATA,1,2,2,10,12,29.0653076,148.538116,6.3389473,1.56831646,8.000982,1.0499171,109.35688,2.19757962,7.34061146,-0.01000005,7.689369,107.497093,0.0,0.0,0.0,0.0,0.0,0.0
174.958755,DATA,1,2,2,10,12,29.1208649,148.593674,6.339111,1.56844544,8.000901,1.06630147,109.336517,2.126748,7.34061146,-0.01000005,7.689369,107.497093,0.0,0.0,0.0,0.0,0.0,0.0
175.015076,DATA,1,2,2,10,12,29.1771851,148.65,6.339129,1.56845927,8.000854,1.08739126,109.360023,2.17576671,7.34061146,-0.01000005,7.689369,107.497093,0.0,0.0,0.0,0.0,0.0,0.0
175.068985,DATA,1,2,2,10,12,29.2310944,148.7039,6.33916569,1.56825066,8.000845,1.10351133,109.346657,2.18894339,7.34061146,-0.01000005,7.689369,107.497093,0.0,0.0,0.0,0.0,0.0,0.0
175.125244,DATA,1,2,2,10,12,29.2873535,148.760162,6.33918428,1.56818247,8.000837,1.13649285,109.329247,2.17625976,7.34061146,-0.01000005,7.689369,107.497093,0.0,0.0,0.0,0.0,0.0,0.0
175.181351,DATA,1,2,2,10,12,29.34346,148.816269,6.33922863,1.56825447,8.000793,1.13377523,109.338715,2.159865,7.34061146,-0.01000005,7.689369,107.497093,0.0,0.0,0.0,0.0,0.0,0.0
175.23642,DATA,1,2,2,10,12,29.39853,148.871338,6.33914757,1.56825614,8.000732,1.15181863,109.377075,2.155526,7.34061146,-0.01000005,7.689369,107.497093,0.0,0.0,0.0,0.0,0.0,0.0
175.291016,DATA,1,2,2,10,12,29.453125,148.925934,6.339097,1.56830645,8.000675,1.13519466,109.400589,2.15270114,7.34061146,-0.01000005,7.689369,107.497093,0.0,0.0,0.0,0.0,0.0,0.0
175.3473,DATA,1,2,2,10,12,29.5094147,148.982224,6.33910227,1.56839919,8.000689,1.07849824,109.365952,2.14182973,7.34061146,-0.01000005,7.689369,107.497093,0.0,0.0,0.0,0.0,0.0,0.0
175.402649,DATA,1,2,2,10,12,29.5647583,149.037567,6.33908653,1.56841326,8.000742,1.065513,109.320534,2.14844918,7.34061146,-0.01000005,7.689369,107.497093,0.0,0.0,0.0,0.0,0.0,0.0
175.45816,DATA,1,2,2,10,12,29.62027,149.093079,6.33907652,1.568399,8.000725,1.048565,109.338356,2.14962268,7.34061146,-0.01000005,7.689369,107.497093,0.0,0.0,0.0,0.0,0.0,0.0
175.51413,DATA,1,2,2,10,12,29.676239,149.149048,6.339044,1.5683403,8.000724,1.07482982,109.367157,2.15886021,7.34061146,-0.01000005,7.689369,107.497093,0.0,0.0,0.0,0.0,0.0,0.0
175.569351,DATA,1,2,2,10,12,29.73146,149.204269,6.339008,1.56830788,8.000789,1.073899,109.357979,2.08919239,7.34061146,-0.01000005,7.689369,107.497093,0.0,0.0,0.0,0.0,0.0,0.0
175.625229,DATA,1,2,2,10,12,29.7873383,149.260147,6.33903,1.56829476,8.000787,1.09890175,109.377373,2.13768125,7.34061146,-0.01000005,7.689369,107.497093,0.0,0.0,0.0,0.0,0.0,0.0
175.6805,DATA,1,2,2,10,12,29.8426056,149.315414,6.33905458,1.56843734,8.00083351,1.089892,109.345268,2.15371132,7.34061146,-0.01000005,7.689369,107.497093,0.0,0.0,0.0,0.0,0.0,0.0
175.736557,DATA,1,2,2,10,12,29.8986664,149.371475,6.33904934,1.56845522,8.000844,1.09304178,109.312317,2.14632082,7.34061146,-0.01000005,7.689369,107.497093,0.0,0.0,0.0,0.0,0.0,0.0
175.79129,DATA,1,2,2,10,12,29.9534,149.426208,6.338956,1.568392,8.000762,1.09872675,109.325829,2.11538815,7.34061146,-0.01000005,7.689369,107.497093,0.0,0.0,0.0,0.0,0.0,0.0
175.84668,DATA,1,2,2,10,12,30.00879,149.4816,6.338896,1.5684557,8.000679,1.069162,109.374359,2.09844351,7.34061146,-0.01000005,7.689369,107.497093,0.0,0.0,0.0,0.0,0.0,0.0
175.903473,DATA,1,2,2,10,12,30.0655823,149.538391,6.338755,1.56841922,8.000759,1.0474472,109.34613,2.10436153,7.34061146,-0.01000005,7.689369,107.497093,0.0,0.0,0.0,0.0,0.0,0.0
175.95842,DATA,1,2,2,10,12,30.12053,149.593338,6.338743,1.56842613,8.000813,1.037076,109.306541,2.11266685,7.34061146,-0.01000005,7.689369,107.497093,0.0,0.0,0.0,0.0,0.0,0.0
176.013519,DATA,1,2,2,10,12,30.1756287,149.648438,6.338744,1.56834722,8.000902,1.07652521,109.296288,2.1327455,7.34061146,-0.01000005,7.689369,107.497093,0.0,0.0,0.0,0.0,0.0,0.0
176.068848,DATA,1,2,2,10,12,30.230957,149.703766,6.3388257,1.568233,8.000877,1.10517025,109.296577,2.10278082,7.34061146,-0.01000005,7.689369,107.497093,0.0,0.0,0.0,0.0,0.0,0.0
176.124969,DATA,1,2,2,10,12,30.2870789,149.759888,6.338988,1.5681932,8.000877,1.13468444,109.247231,2.05610585,7.34061146,-0.01000005,7.689369,107.497093,0.0,0.0,0.0,0.0,0.0,0.0
176.180984,DATA,1,2,2,10,12,30.3430939,149.8159,6.339198,1.56825089,8.00087,1.12832236,109.1657,2.00609851,7.34061146,-0.01000005,7.689369,107.497093,0.0,0.0,0.0,0.0,0.0,0.0
176.236526,DATA,1,2,2,10,12,30.3986359,149.871445,6.33932829,1.56824875,8.000921,1.13606513,109.112953,2.01474619,7.34061146,-0.01000005,7.689369,107.497093,0.0,0.0,0.0,0.0,0.0,0.0
176.291443,DATA,1,2,2,10,12,30.4535522,149.926361,6.33936071,1.56815553,8.000998,1.132439,109.096283,2.04431081,7.34061146,-0.01000005,7.689369,107.497093,0.0,0.0,0.0,0.0,0.0,0.0
176.347092,DATA,1,2,2,10,12,30.509201,149.98201,6.339484,1.568111,8.00095749,1.1150645,109.106926,2.04714084,7.34061146,-0.01000005,7.689369,107.497093,0.0,0.0,0.0,0.0,0.0,0.0
176.402679,DATA,1,2,2,10,12,30.5647888,150.0376,6.339572,1.56827521,8.000943,1.10478222,109.121735,2.039469,7.34061146,-0.01000005,7.689369,107.497093,0.0,0.0,0.0,0.0,0.0,0.0
176.45813,DATA,1,2,2,10,12,30.62024,150.093048,6.33954144,1.56831622,8.00087,1.10753453,109.168114,2.040625,7.34061146,-0.01000005,7.689369,107.497093,0.0,0.0,0.0,0.0,0.0,0.0
176.513443,DATA,1,2,2,10,12,30.6755524,150.148361,6.339458,1.56829929,8.000968,1.05199718,109.154915,2.02972937,7.34061146,-0.01000005,7.689369,107.497093,0.0,0.0,0.0,0.0,0.0,0.0
176.568954,DATA,1,2,2,10,12,30.7310638,150.203873,6.33939266,1.568373,8.000992,1.012697,109.11969,2.02458453,7.34061146,-0.01000005,7.689369,107.497093,0.0,0.0,0.0,0.0,0.0,0.0
176.6251,DATA,1,2,2,10,12,30.7872162,150.260025,6.339353,1.568429,8.000933,0.982963264,109.131844,2.03213167,7.34061146,-0.01000005,7.689369,107.497093,0.0,0.0,0.0,0.0,0.0,0.0
176.680527,DATA,1,2,2,10,12,30.8426361,150.315445,6.339286,1.56834936,8.000882,1.0098716,109.15168,2.03324413,7.34061146,-0.01000005,7.689369,107.497093,0.0,0.0,0.0,0.0,0.0,0.0
176.73616,DATA,1,2,2,10,12,30.89827,150.371078,6.339227,1.56822324,8.000905,1.057123,109.163025,2.05110121,7.34061146,-0.01000005,7.689369,107.497093,0.0,0.0,0.0,0.0,0.0,0.0
176.791168,DATA,1,2,2,10,12,30.9532776,150.426086,6.33923531,1.568193,8.000868,1.08160353,109.149872,1.96943235,7.34061146,-0.01000005,7.689369,107.497093,0.0,0.0,0.0,0.0,0.0,0.0
176.847168,DATA,1,2,2,10,12,31.0092773,150.482086,6.33927441,1.56821513,8.000892,1.109189,109.149086,2.0291853,7.34061146,-0.01000005,7.689369,107.497093,0.0,0.0,0.0,0.0,0.0,0.0
176.902924,DATA,1,2,2,10,12,31.065033,150.537842,6.33928967,1.56823611,8.000933,1.10449243,109.097565,2.03746915,7.34061146,-0.01000005,7.689369,107.497093,0.0,0.0,0.0,0.0,0.0,0.0
176.958313,DATA,1,2,2,10,12,31.1204224,150.593231,6.339275,1.56823182,8.000938,1.0933392,109.083794,2.03652477,7.34061146,-0.01000005,7.689369,107.497093,0.0,0.0,0.0,0.0,0.0,0.0
177.014038,DATA,1,2,2,10,12,31.1761475,150.648956,6.339239,1.5681901,8.000895,1.08543074,109.134132,2.004771,7.34061146,-0.01000005,7.689369,107.497093,0.0,0.0,0.0,0.0,0.0,0.0
177.0689,DATA,1,2,2,10,12,31.2310028,150.703812,6.33916855,1.56821561,8.000851,1.07724392,109.184738,1.99047422,7.34061146,-0.01000005,7.689369,107.497093,0.0,0.0,0.0,0.0,0.0,0.0
177.124954,DATA,1,2,2,10,12,31.2870636,150.759872,6.339069,1.56848335,8.00087,1.021219,109.186134,1.98716676,7.34061146,-0.01000005,7.689369,107.497093,0.0,0.0,0.0,0.0,0.0,0.0
177.180267,DATA,1,2,2,10,12,31.3423767,150.815186,6.33904743,1.568542,8.000912,0.98013407,109.15519,1.992506,7.34061146,-0.01000005,7.689369,107.497093,0.0,0.0,0.0,0.0,0.0,0.0
177.221786,MAZE_STARTED,2,2,0,15,12,0.0,150.8567,0.0,0.0,0.0,0.0,0.0,0.0,0.0,0.0,0.0,0.0,0.0,0.0,0.0,0.0,0.0,0.0
177.238129,DATA,2,2,0,15,12,0.0163421631,150.873047,-9.996012,1.5786432,-11.048872,0.8132344,1.65777659,1.97474492,-10.0,0.0,-10.0,0.0,0.0,0.0,0.0,0.0,0.0,0.0
177.290955,DATA,2,2,0,15,12,0.06916809,150.925873,-9.99601,1.578676,-11.0489416,0.791157961,1.66950023,1.99266243,-10.0,0.0,-10.0,0.0,0.0,0.0,0.0,0.0,0.0,0.0
177.3474,DATA,2,2,0,15,12,0.125610352,150.982315,-9.995933,1.57867074,-11.0489426,0.7837388,1.66424668,1.96979845,-10.0,0.0,-10.0,0.0,0.0,0.0,0.0,0.0,0.0,0.0
177.402649,DATA,2,2,0,15,12,0.180862427,151.037567,-9.995902,1.57864892,-11.0488844,0.805779636,1.68092489,1.94316709,-10.0,0.0,-10.0,0.0,0.0,0.0,0.0,0.0,0.0,0.0
177.458054,DATA,2,2,0,15,12,0.23626709,151.092972,-9.996002,1.57860291,-11.0488214,0.823030531,1.67420852,1.96498632,-10.0,0.0,-10.0,0.0,0.0,0.0,0.0,0.0,0.0,0.0
177.514069,DATA,2,2,0,15,12,0.2922821,151.148987,-9.996016,1.578572,-11.04886,0.8250369,1.66185176,1.9566704,-10.0,0.0,-10.0,0.0,0.0,0.0,0.0,0.0,0.0,0.0
177.569183,DATA,2,2,0,15,12,0.347396851,151.2041,-9.995947,1.5786345,-11.0489635,0.8161721,1.67011833,1.94206464,-10.0,0.0,-10.0,0.0,0.0,0.0,0.0,0.0,0.0,0.0
177.625381,DATA,2,2,0,15,12,0.403594971,151.2603,-9.995857,1.57864964,-11.04909,0.8334143,1.69401824,1.93052733,-10.0,0.0,-10.0,0.0,0.0,0.0,0.0,0.0,0.0,0.0
177.6811,DATA,2,2,0,15,12,0.459320068,151.316025,-9.99582,1.57868135,-11.0491047,0.810088933,1.68828166,1.90543687,-10.0,0.0,-10.0,0.0,0.0,0.0,0.0,0.0,0.0,0.0
177.736618,DATA,2,2,0,15,12,0.514831543,151.371536,-9.995859,1.57868457,-11.0490713,0.805343568,1.64965415,1.91277659,-10.0,0.0,-10.0,0.0,0.0,0.0,0.0,0.0,0.0,0.0
177.791458,DATA,2,2,0,15,12,0.569671631,151.426376,-9.99588,1.578651,-11.0490789,0.809897244,1.63641357,1.92718422,-10.0,0.0,-10.0,0.0,0.0,0.0,0.0,0.0,0.0,0.0
177.847122,DATA,2,2,0,15,12,0.6253357,151.48204,-9.995889,1.57864511,-11.0490847,0.8388112,1.682957,1.93003345,-10.0,0.0,-10.0,0.0,0.0,0.0,0.0,0.0,0.0,0.0
177.903183,DATA,2,2,0,15,12,0.6813965,151.5381,-9.995895,1.57859159,-11.0490246,0.8650432,1.668341,1.94820416,-10.0,0.0,-10.0,0.0,0.0,0.0,1.0,0.0,0.0,0.0
177.958389,DATA,2,2,0,15,12,0.7366028,151.5933,-9.995931,1.568614,-10.88154,0.8886141,1.68368793,1.92342079,-10.0,-0.01000011,-9.832639,0.0,0.0,0.0,1.0,0.0,0.0,0.0
178.014969,DATA,2,2,0,15,12,0.7931824,151.649887,-9.995984,1.56856251,-10.7141581,0.906398237,1.67549276,1.95015454,-10.0,-0.01000005,-9.665311,0.0,0.0,0.0,1.0,0.0,0.0,0.0
178.069839,DATA,2,2,0,15,12,0.848053,151.704758,-9.996109,1.56850243,-10.5477667,0.941207,1.63359392,1.93834138,-10.0,-0.01000005,-9.498943,0.0,0.0,0.0,1.0,0.0,0.0,0.0
