timestamp,eventType,mazeNumber,attemptNumber,collectedCoins,totalCoins,totalScore,mazeElapsedTime,totalGameElapsedTime,headPositionX,headPositionY,headPositionZ,headRotationX,headRotationY,headRotationZ,playerPositionX,playerPositionY,playerPositionZ,playerRotationY,rightThumbstickX,rightThumbstickY,rightTrigger,leftThumbstickX,leftThumbstickY,leftTrigger
4.33153439,DATA,1,0,0,0,0,0.0,0.0,0.548923,1.725385,-1.0525887,8.167842,0.5514553,-3.92468262,0.55,0.0,-0.05,0.0,0.0,0.0,0.0,0.0,0.0,0.0
4.3934536,DATA,1,0,0,0,0,0.0,0.0,0.5494254,1.72539473,-1.05274093,8.251567,0.262405485,-3.99642944,0.55,0.0,-0.05,0.0,0.0,0.0,0.0,0.0,0.0,0.0
4.44901,DATA,1,0,0,0,0,0.0,0.0,0.549695,1.72552216,-1.05276215,8.329747,-0.130645752,-4.06188965,0.55,0.0,-0.05,0.0,0.0,0.0,0.0,0.0,0.0,0.0
4.508419,DATA,1,0,0,0,0,0.0,0.0,0.5491704,1.72563326,-1.05270934,8.379365,-0.6702881,-4.003296,0.55,0.0,-0.05,0.0,0.0,0.0,0.0,0.0,0.0,0.0
4.55998564,DATA,1,0,0,0,0,0.0,0.0,0.545281351,1.72671533,-1.05299294,8.118037,-2.53277588,-3.009552,0.55,0.0,-0.05,0.0,0.0,0.0,0.0,0.0,0.0,0.0
4.61480045,DATA,1,0,0,0,0,0.0,0.0,0.5410771,1.72716093,-1.05343914,8.00234,-4.91448975,-2.01083374,0.55,0.0,-0.05,0.0,0.0,0.0,0.0,0.0,0.0,0.0
4.67005157,DATA,1,0,0,0,0,0.0,0.0,0.538272738,1.72705233,-1.053755,8.240759,-6.60137939,-1.62332153,0.55,0.0,-0.05,0.0,0.0,0.0,0.0,0.0,0.0,0.0
4.72599173,DATA,1,0,0,0,0,0.0,0.0,0.5368008,1.72752321,-1.05375338,8.038365,-7.44247437,-1.56848145,0.55,0.0,-0.05,0.0,0.0,0.0,0.0,0.0,0.0,0.0
4.78472,DATA,1,0,0,0,0,0.0,0.0,0.535958648,1.72796273,-1.05375588,7.649429,-7.60351563,-1.5319519,0.55,0.0,-0.05,0.0,0.0,0.0,0.0,0.0,0.0,0.0
4.845487,DATA,1,0,0,0,0,0.0,0.0,0.53579545,1.72787786,-1.05428481,7.71459627,-7.661377,-1.81506348,0.55,0.0,-0.05,0.0,0.0,0.0,0.0,0.0,0.0,0.0
4.90639067,DATA,1,0,0,0,0,0.0,0.0,0.5352143,1.727597,-1.0548116,7.82628632,-7.867981,-1.9805603,0.55,0.0,-0.05,0.0,0.0,0.0,0.0,0.0,0.0,0.0
4.963914,DATA,1,0,0,0,0,0.0,0.0,0.5346073,1.72745407,-1.05536771,7.865131,-7.985779,-2.02780151,0.55,0.0,-0.05,0.0,0.0,0.0,0.0,0.0,0.0,0.0
5.020135,DATA,1,0,0,0,0,0.0,0.0,0.533800662,1.72748017,-1.05579019,7.8121767,-8.195007,-1.99456787,0.55,0.0,-0.05,0.0,0.0,0.0,1.0,0.0,0.0,0.0
5.07594252,DATA,1,0,0,0,0,0.0,0.0,0.5328859,1.71751285,-0.8866289,7.84571266,-8.531677,-1.901825,0.55,-0.01000005,0.119452208,0.0,0.0,0.0,1.0,0.0,0.0,0.0
5.13212442,DATA,1,0,0,0,0,0.0,0.0,0.5318765,1.7173053,-0.720728636,7.920989,-8.988007,-1.818634,0.55,-0.01000011,0.285453767,0.0,0.0,0.0,1.0,0.0,0.0,0.0
5.188581,DATA,1,0,0,0,0,0.0,0.0,0.531070232,1.717222,-0.554194033,8.047227,-9.446991,-1.766449,0.55,-0.01000005,0.452030063,0.0,0.0,0.0,1.0,0.0,0.0,0.0
5.24366665,DATA,1,0,0,0,0,0.0,0.0,0.5305636,1.71687746,-0.425993145,8.207029,-9.817261,-1.714447,0.55,-0.01000005,0.5801785,0.0,0.0,0.0,0.0,0.0,0.0,0.0
5.29972744,DATA,1,0,0,0,0,0.0,0.0,0.530684352,1.71680474,-0.425944924,8.308233,-9.998779,-1.72192383,0.55,-0.01000005,0.5801785,0.0,0.0,0.0,0.0,0.0,0.0,0.0
5.35483027,DATA,1,0,0,0,0,0.0,0.0,0.5310425,1.71683311,-0.425908327,8.312577,-9.990662,-1.74893188,0.55,-0.01000005,0.5801785,0.0,0.0,0.0,0.0,0.0,0.0,0.0
5.409919,DATA,1,0,0,0,0,0.0,0.0,0.531866431,1.716908,-0.425725132,8.3216,-9.860474,-1.80267334,0.55,-0.01000005,0.5801785,0.0,0.0,0.0,0.0,0.0,0.0,0.0
5.466529,DATA,1,0,0,0,0,0.0,0.0,0.532589853,1.71667457,-0.425392628,8.396069,-9.703705,-1.92514038,0.55,-0.01000005,0.5801785,0.0,0.0,0.0,0.0,0.0,0.0,0.0
5.522305,DATA,1,0,0,0,0,0.0,0.0,0.533331633,1.71662331,-0.302411467,8.453478,-9.5578,-2.00112915,0.55,-0.01000005,0.7028379,0.0,0.0,0.0,1.0,0.0,0.0,0.0
5.577242,DATA,1,0,0,0,0,0.0,0.0,0.5336665,1.71652389,-0.1343334,8.478626,-9.403168,-2.04721069,0.55,-0.01000005,0.8708584,0.0,0.0,0.0,1.0,0.0,0.0,0.0
5.63267374,DATA,1,0,0,0,0,0.0,0.0,0.5341241,1.71651244,0.03381457,8.476035,-9.303467,-2.118805,0.55,-0.01000011,1.03895867,0.0,0.0,0.0,1.0,0.0,0.0,0.0
5.68814468,DATA,1,0,0,0,0,0.0,0.0,0.534441948,1.7165072,0.199956313,8.437415,-9.200104,-2.18804932,0.55,-0.01000005,1.20505917,0.0,0.0,0.0,1.0,0.0,0.0,0.0
5.74392653,DATA,1,0,0,0,0,0.0,0.0,0.5346779,1.7163837,0.3638066,8.429879,-9.099701,-2.245514,0.55,-0.01000011,1.36888325,0.0,0.0,0.0,1.0,0.0,0.0,0.0
5.799661,DATA,1,0,0,0,0,0.0,0.0,0.5347803,1.71629,0.5331672,8.445878,-8.996521,-2.300354,0.55,-0.0100001693,1.53823841,0.0,0.0,0.0,1.0,0.0,0.0,0.0
5.854982,DATA,1,0,0,0,0,0.0,0.0,0.534660459,1.716233,0.701292336,8.447318,-8.896515,-2.310669,0.55,-0.01000011,1.7064116,0.0,0.0,0.0,1.0,0.0,0.0,0.0
5.910474,DATA,1,0,0,0,0,0.0,0.0,0.5347092,1.71626234,0.8674256,8.437236,-8.833923,-2.30081177,0.55,-0.01000011,1.87258661,0.0,0.0,0.0,1.0,0.0,0.0,0.0
5.966643,DATA,1,0,0,0,0,0.0,0.0,0.534575462,1.71619225,1.03200948,8.401896,-8.808105,-2.287201,0.55,-0.01000005,2.03726125,0.0,0.0,0.0,1.0,0.0,0.0,0.0
6.02152,DATA,1,0,0,0,0,0.0,0.0,0.5345704,1.71625674,1.19602084,8.3823185,-8.829529,-2.26519775,0.55,-0.01000011,2.2013762,0.0,0.0,0.0,1.0,0.0,0.0,0.0
6.07651424,DATA,1,0,0,0,0,0.0,0.0,0.5343591,1.7163291,1.36504209,8.357821,-8.848877,-2.234253,0.55,-0.01000005,2.37040663,0.0,0.0,0.0,1.0,0.0,0.0,0.0
6.13162374,DATA,1,0,0,0,0,0.0,0.0,0.5345125,1.71636963,1.52965307,8.365953,-8.839172,-2.254364,0.55,-0.01000005,2.53500342,0.0,0.0,0.0,1.0,0.0,0.0,0.0
6.18723,DATA,1,0,0,0,0,0.0,0.0,0.534600556,1.71628237,1.69580674,8.401631,-8.795593,-2.2902832,0.55,-0.01000005,2.70109463,0.0,0.0,0.0,1.0,0.0,0.0,0.0
6.24297762,DATA,1,0,0,0,0,0.0,0.0,0.534874737,1.71628642,1.8230406,8.410146,-8.745819,-2.321869,0.55,-0.01000005,2.82835126,0.0,0.0,0.0,0.0,0.0,0.0,0.0
6.299198,DATA,1,0,0,0,0,0.0,0.0,0.534846544,1.71627045,1.82300115,8.417293,-8.72876,-2.35107422,0.55,-0.01000005,2.82835126,0.0,0.0,0.0,0.0,0.0,0.0,0.0
6.35425043,DATA,1,0,0,0,0,0.0,0.0,0.5350037,1.716356,1.82295132,8.411229,-8.73941,-2.36575317,0.55,-0.01000005,2.82835126,0.0,0.0,0.0,0.0,0.0,0.0,0.0
6.40906429,DATA,1,0,0,0,0,0.0,0.0,0.535144,1.71630955,1.82297909,8.428514,-8.74307251,-2.38043213,0.55,-0.01000005,2.82835126,0.0,0.0,0.0,0.0,0.0,0.0,0.0
6.465513,DATA,1,0,0,0,0,0.0,0.0,0.5353821,1.71624947,1.82284951,8.431614,-9.491272,-2.37692261,0.55,-0.01000005,2.82835126,0.0,-0.85280925,0.2418592,0.0,0.0,0.0,0.0
6.52074,DATA,1,0,0,0,0,0.0,0.0,0.616512,1.71628642,1.825023,8.435605,-14.1755981,-2.41223145,0.55,-0.01000005,2.82835126,-4.62255859,-0.955229342,0.295785367,0.0,0.0,0.0,0.0
6.576575,DATA,1,0,0,0,0,0.0,0.0,0.700109839,1.71637464,1.83424377,8.435537,-18.940155,-2.41442871,0.55,-0.01000005,2.82835126,-9.426086,-0.950499,0.31070894,0.0,0.0,0.0,0.0
6.63155937,DATA,1,0,0,0,0,0.0,0.0,0.7823373,1.71643567,1.85031378,8.429102,-23.6282043,-2.40267944,0.55,-0.01000005,2.82835126,-14.2011414,-0.9477828,0.3188879,0.0,0.0,0.0,0.0
6.68678045,DATA,1,0,0,0,0,0.0,0.0,0.861573756,1.71618748,1.87272382,8.425293,-28.34439,-2.40310669,0.55,-0.01000005,2.82835126,-18.89566,-0.9477828,0.3188879,0.0,0.0,0.0,0.0
6.743587,DATA,1,0,0,0,0,0.0,0.0,0.939524651,1.71621919,1.90174508,8.431999,-33.1737976,-2.41568,0.55,-0.01000005,2.82835126,-23.6395874,-0.947294533,0.320291758,0.0,0.0,0.0,0.0
6.79881525,DATA,1,0,0,0,0,0.0,0.0,1.01536,1.7162838,1.93727863,8.410065,-37.925293,-2.38684082,0.55,-0.01000005,2.82835126,-28.4261475,-0.947294533,0.320291758,0.0,0.0,0.0,0.0
6.853931,DATA,1,0,0,0,0,0.0,0.0,1.08721256,1.71635127,1.97850466,8.382876,-42.6705322,-2.36050415,0.55,-0.01000005,2.82835126,-33.149353,-0.9469283,0.32139045,0.0,0.0,0.0,0.0
6.909577,DATA,1,0,0,0,0,0.0,0.0,1.155565,1.71634769,2.02566266,8.365012,-47.416687,-2.38476563,0.55,-0.01000005,2.82835126,-37.8913574,-0.9469283,0.32139045,0.0,0.0,0.0,0.0
6.965347,DATA,1,0,0,0,0,0.0,0.0,1.21946657,1.71648049,2.07789087,8.333846,-52.0521545,-2.4052124,0.55,-0.01000005,2.82835126,-42.5804443,-0.9469283,0.32139045,0.0,0.0,0.0,0.0
7.02120972,DATA,1,0,0,0,0,0.0,0.0,1.2793721,1.71637392,2.13580585,8.284643,-56.78131,-2.43032837,0.55,-0.01000005,2.82835126,-47.3265381,-0.9459822,0.3241371,0.0,0.0,0.0,0.0
7.076578,DATA,1,0,0,0,0,0.0,0.0,1.33484614,1.7164185,2.19917345,8.255669,-61.5085449,-2.44866943,0.55,-0.01000005,2.82835126,-52.1212769,-0.9459822,0.3241371,0.0,0.0,0.0,0.0
7.131313,DATA,1,0,0,0,0,0.0,0.0,1.38424909,1.71649623,2.26619124,8.219396,-66.19855,-2.445984,0.55,-0.01000005,2.82835126,-56.8703,-0.9459822,0.3241371,0.0,0.0,0.0,0.0
7.18811941,DATA,1,0,0,0,0,0.0,0.0,1.42720532,1.71655512,2.33587527,8.218508,-70.99628,-2.462799,0.55,-0.01000005,2.82835126,-61.5340576,-0.9459822,0.3241371,0.0,0.0,0.0,0.0
7.24270535,DATA,1,0,0,0,0,0.0,0.0,1.46463764,1.71652818,2.409821,8.221288,-75.72125,-2.49459839,0.55,-0.01000005,2.82835126,-66.25708,-0.9459822,0.3241371,0.0,0.0,0.0,0.0
7.298621,DATA,1,0,0,0,0,0.0,0.0,1.49572825,1.71652579,2.486423,8.211279,-80.5244751,-2.54064941,0.55,-0.01000005,2.82835126,-70.97,-0.9459822,0.3241371,0.0,0.0,0.0,0.0
7.35438967,DATA,1,0,0,0,0,0.0,0.0,1.521069,1.71658468,2.56773257,8.21400452,-85.34552,-2.549408,0.55,-0.01000005,2.82835126,-75.82233,-0.9459822,0.3241371,0.0,0.0,0.0,0.0
7.409021,DATA,1,0,0,0,0,0.0,0.0,1.53887653,1.71651411,2.647424,8.227659,-90.07736,-2.56417847,0.55,-0.01000005,2.82835126,-80.48932,-0.9459822,0.3241371,0.0,0.0,0.0,0.0
7.46600962,DATA,1,0,0,0,0,0.0,0.0,1.55015492,1.716634,2.728631,8.18027,-95.07562,-2.60263062,0.55,-0.01000005,2.82835126,-85.16928,-0.9459822,0.3241371,0.0,0.0,0.0,0.0
7.52056,DATA,1,0,0,0,0,0.0,0.0,1.554918,1.71689987,2.80975342,8.068379,-100.091492,-2.60321045,0.55,-0.01000005,2.82835126,-89.82474,-0.9459822,0.3241371,0.0,0.0,0.0,0.0
7.577864,DATA,1,0,0,0,0,0.0,0.0,1.55291235,1.7170217,2.89444351,8.051578,-105.37326,-2.651703,0.55,-0.01000005,2.82835126,-94.6747742,-0.9459822,0.3241371,0.0,0.0,0.0,0.0
7.6312933,DATA,1,0,0,0,0,0.0,0.0,1.54412079,1.716757,2.97582483,8.057649,-110.368835,-2.71167,0.55,-0.01000005,2.82835126,-99.37628,-0.9459822,0.3241371,0.0,0.0,0.0,0.0
7.68720341,DATA,1,0,0,0,0,0.0,0.0,1.52846515,1.71690392,3.05739784,8.046066,-115.5614,-2.81677246,0.55,-0.01000005,2.82835126,-104.132233,-0.9459822,0.3241371,0.0,0.0,0.0,0.0
7.743078,DATA,1,0,0,0,0,0.0,0.0,1.50680387,1.7169764,3.13534021,7.97476864,-120.917664,-2.82775879,0.55,-0.01000005,2.82835126,-108.788651,-0.9459822,0.3241371,0.0,0.0,0.0,0.0
7.79907846,DATA,1,0,0,0,0,0.0,0.0,1.47852111,1.71722412,3.212802,7.87569571,-126.6357,-2.80273438,0.55,-0.01000005,2.82835126,-113.570404,-0.9459822,0.3241371,0.0,0.0,0.0,0.0
7.854682,DATA,1,0,0,0,0,0.0,0.0,1.44425321,1.71743321,3.287293,7.7818675,-132.50827,-2.78161621,0.55,-0.01000005,2.82835126,-118.351471,-0.9459822,0.3241371,0.0,0.0,0.0,0.0
7.909491,DATA,1,0,0,0,0,0.0,0.0,1.40459025,1.7177248,3.357672,7.64187336,-138.241867,-2.9163208,0.55,-0.01000005,2.82835126,-123.048264,-0.946379,0.322977364,0.0,0.0,0.0,0.0
7.96555948,DATA,1,0,0,0,0,0.0,0.0,1.35896838,1.71805429,3.42501378,7.42457,-143.912872,-3.066101,0.55,-0.01000005,2.82835126,-127.772217,-0.9463484,0.323099434,0.0,0.0,0.0,0.0
8.021311,DATA,1,0,0,0,0,0.0,0.0,1.30823708,1.718281,3.48821855,7.27347946,-149.436218,-3.145691,0.55,-0.01000005,2.82835126,-132.477112,-0.9463484,0.323099434,0.0,0.0,0.0,0.0
8.07697,DATA,1,0,0,0,0,0.0,0.0,1.25226879,1.71843,3.54756761,7.13002443,-154.971664,-3.09518433,0.55,-0.01000005,2.82835126,-137.218689,-0.9465316,0.322611153,0.0,0.0,0.0,0.0
8.1324625,DATA,1,0,0,0,0,0.0,0.0,1.19169283,1.71820474,3.60227156,7.132743,-160.562744,-2.98931885,0.55,-0.01000005,2.82835126,-141.984055,-0.87166965,0.2588275,0.0,0.0,0.0,0.0
8.18722,DATA,1,0,0,0,0,0.0,0.0,1.17779136,1.71798635,3.61304545,7.19654274,-161.89653,-2.87573242,0.55,-0.01000005,2.82835126,-143.10611,0.0,0.0,0.0,0.0,0.0,0.0
8.242917,DATA,1,0,0,0,0,0.0,0.0,1.17931068,1.71770239,3.611699,7.340746,-162.794968,-2.83642578,0.55,-0.01000005,2.82835126,-143.10611,0.0,0.0,0.0,0.0,0.0,0.0
8.298354,DATA,1,0,0,0,0,0.0,0.0,1.18032074,1.71761441,3.6105752,7.37718344,-163.529434,-2.81039429,0.55,-0.01000005,2.82835126,-143.10611,0.0,0.0,0.0,0.0,0.0,0.0
8.354184,DATA,1,0,0,0,0,0.0,0.0,1.18105745,1.71740055,3.6095438,7.36760664,-164.108109,-2.77041626,0.55,-0.01000005,2.82835126,-143.10611,0.0,0.0,0.0,0.0,0.0,0.0
8.409324,DATA,1,0,0,0,0,0.0,0.0,1.18145764,1.7173841,3.60869265,7.41448355,-164.5176,-2.81069946,0.55,-0.01000005,2.82835126,-143.10611,0.0,0.0,0.0,0.0,0.0,0.0
8.464907,DATA,1,0,0,0,0,0.0,0.0,1.16853392,1.7173171,3.61972833,7.44779968,-166.653564,-2.896698,0.55,-0.01000005,2.82835126,-144.116058,-0.9380474,0.346354544,0.0,0.0,0.0,0.0
8.521164,DATA,1,0,0,0,0,0.0,0.0,1.10160577,1.71733618,3.6677506,7.40689135,-171.485931,-3.088623,0.55,-0.01000005,2.82835126,-148.827148,-0.9344157,0.356120467,0.0,0.0,0.0,0.0
8.576687,DATA,1,0,0,0,0,0.0,0.0,1.03178275,1.71736312,3.70960474,7.31737041,-176.227386,-3.01983643,0.55,-0.01000005,2.82835126,-153.480682,-0.92696923,0.374980927,0.0,0.0,0.0,0.0
8.631767,DATA,1,0,0,0,0,0.0,0.0,0.9582568,1.717638,3.745872,7.197195,179.141541,-2.82659912,0.55,-0.01000005,2.82835126,-158.159439,-0.924405634,0.381328762,0.0,0.0,0.0,0.0
8.686735,DATA,1,0,0,0,0,0.0,0.0,0.883458,1.717783,3.77587676,7.194645,174.50235,-2.71582031,0.55,-0.01000005,2.82835126,-162.766449,-0.923764765,0.382885218,0.0,0.0,0.0,0.0
8.742539,DATA,1,0,0,0,0,0.0,0.0,0.8071779,1.71781349,3.79972339,7.24725676,169.808731,-2.66207886,0.55,-0.01000005,2.82835126,-167.333817,-0.9233375,0.384014428,0.0,0.0,0.0,0.0
8.798882,DATA,1,0,0,0,0,0.0,0.0,0.7270084,1.71769524,3.81751442,7.300411,165.166382,-2.61767578,0.55,-0.01000005,2.82835126,-172.010773,-0.9222083,0.386577964,0.0,0.0,0.0,0.0
8.855149,DATA,1,0,0,0,0,0.0,0.0,0.646652758,1.71759319,3.82841921,7.301901,160.6054,-2.594452,0.55,-0.01000005,2.82835126,-176.6276,-0.9208045,0.389996052,0.0,0.0,0.0,0.0
8.909226,DATA,1,0,0,0,0,0.0,0.0,0.566164434,1.71760488,3.83269548,7.300621,156.142242,-2.62817383,0.55,-0.01000005,2.82835126,178.787415,-0.9185766,0.395123124,0.0,0.0,0.0,0.0
8.964763,DATA,1,0,0,0,0,0.0,0.0,0.4915977,1.71761107,3.83054829,7.31126261,152.7101,-2.64901733,0.55,-0.01000005,2.82835126,174.525757,0.0,0.0,0.0,0.0,0.0,0.0
9.020875,DATA,1,0,0,0,0,0.0,0.0,0.491420418,1.717514,3.83033657,7.37591457,152.722992,-2.63668823,0.55,-0.01000005,2.82835126,174.525757,0.0,0.0,0.0,0.0,0.0,0.0
9.07662,DATA,1,0,0,0,0,0.0,0.0,0.491462171,1.71719575,3.83019066,7.45728445,152.731674,-2.69586182,0.55,-0.01000005,2.82835126,174.525757,0.0,0.0,0.0,0.0,0.0,0.0
9.132185,DATA,1,0,0,0,0,0.0,0.0,0.491284639,1.71715784,3.82992268,7.48065472,152.799164,-2.75213623,0.55,-0.01000005,2.82835126,174.525757,0.0,0.0,0.0,0.0,0.0,0.0
9.187364,DATA,1,0,0,0,0,0.0,0.0,0.4912891,1.71701622,3.82984638,7.4288373,152.845535,-2.83963013,0.55,-0.01000005,2.82835126,174.525757,0.0,0.0,0.0,0.0,0.0,0.0
9.242594,DATA,1,0,0,0,0,0.0,0.0,0.491324484,1.71697974,3.82962441,7.4087863,152.81778,-2.96575928,0.55,-0.01000005,2.82835126,174.525757,0.0,0.0,0.0,0.0,0.0,0.0
9.298394,DATA,1,0,0,0,0,0.0,0.0,0.491663,1.71688581,3.8295927,7.44631,152.6916,-3.05682373,0.55,-0.01000005,2.82835126,174.525757,0.0,0.0,0.0,0.0,0.0,0.0
9.354092,DATA,1,0,0,0,0,0.0,0.0,0.491993666,1.71678758,3.82943583,7.465356,152.5417,-3.07052612,0.55,-0.01000005,2.82835126,174.525757,0.0,0.0,0.0,0.0,0.0,0.0
9.40914249,DATA,1,0,0,0,0,0.0,0.0,0.492479861,1.71668172,3.82939529,7.54905033,152.376358,-3.059082,0.55,-0.01000005,2.82835126,174.525757,0.0,0.0,0.0,0.0,0.0,0.0
9.465099,DATA,1,0,0,0,0,0.0,0.0,0.4930766,1.71655536,3.82943463,7.6660285,152.104416,-3.022461,0.55,-0.01000005,2.82835126,174.525757,0.0,0.0,0.0,0.0,0.0,0.0
9.52121,DATA,1,0,0,0,0,0.0,0.0,0.493771374,1.71636176,3.82988644,7.77801466,151.267731,-2.93432617,0.55,-0.01000005,2.82835126,174.525757,-0.504135251,0.297372341,0.0,0.0,0.0,0.0
9.57675,DATA,1,0,0,0,0,0.0,0.0,0.425875276,1.71578431,3.8244307,8.10038948,146.391357,-2.894043,0.55,-0.01000005,2.82835126,170.57782,-0.8992584,0.4374218,0.0,0.0,0.0,0.0
9.631707,DATA,1,0,0,0,0,0.0,0.0,0.348337948,1.71505356,3.812172,8.504487,141.08075,-2.89855957,0.55,-0.01000005,2.82835126,166.020416,-0.9002655,0.435224473,0.0,0.0,0.0,0.0
9.687539,DATA,1,0,0,0,0,0.0,0.0,0.2742151,1.71439481,3.79487157,8.82024,135.6127,-2.8800354,0.55,-0.01000005,2.82835126,161.582214,-0.900875866,0.4339732,0.0,0.0,0.0,0.0
9.743094,DATA,1,0,0,0,0,0.0,0.0,0.200363427,1.7138958,3.771393,9.160882,130.077164,-2.94024658,0.55,-0.01000005,2.82835126,157.083725,-0.900875866,0.4339732,0.0,0.0,0.0,0.0
9.798299,DATA,1,0,0,0,0,0.0,0.0,0.128820151,1.71322393,3.74273,9.609607,124.41687,-2.98718262,0.55,-0.01000005,2.82835126,152.580246,-0.900875866,0.4339732,0.0,0.0,0.0,0.0
9.853955,DATA,1,0,0,0,0,0.0,0.0,0.05900868,1.71240687,3.708208,10.0638466,118.448456,-3.17449951,0.55,-0.01000005,2.82835126,148.023438,-0.90347,0.428510368,0.0,0.0,0.0,0.0
9.909215,DATA,1,0,0,0,0,0.0,0.0,-0.006533496,1.71132421,3.669603,10.5209427,112.187737,-3.50927734,0.55,-0.01000005,2.82835126,143.540436,-0.90347,0.428510368,0.0,0.0,0.0,0.0
9.964614,DATA,1,0,0,0,0,0.0,0.0,-0.06906127,1.71091771,3.62577915,10.7466755,105.895889,-3.631256,0.55,-0.01000005,2.82835126,139.045532,-0.9040498,0.427411735,0.0,0.0,0.0,0.0
10.0201864,DATA,1,0,0,0,0,0.0,0.0,-0.128707945,1.71037149,3.577016,11.0330343,99.82034,-3.60809326,0.55,-0.01000005,2.82835126,134.4981,-0.910916448,0.41251868,0.0,0.0,0.0,0.0
10.0760479,DATA,1,0,0,0,0,0.0,0.0,-0.1605514,1.71004009,3.54679084,11.2805719,96.76543,-3.284546,0.55,-0.01000005,2.82835126,131.837753,0.0,0.0,0.0,0.0,0.0,0.0
10.1313086,DATA,1,0,0,0,0,0.0,0.0,-0.159406349,1.70978236,3.54884171,11.4452677,96.02611,-2.83627319,0.55,-0.01000005,2.82835126,131.837753,0.0,0.0,0.0,0.0,0.0,0.0
10.1866264,DATA,1,0,0,0,0,0.0,0.0,-0.158378452,1.70959067,3.55033326,11.4968739,95.71804,-2.439148,0.55,-0.01000005,2.82835126,131.837753,0.0,0.0,0.0,0.0,0.0,0.0
10.2424841,DATA,1,0,0,0,0,0.0,0.0,-0.157576188,1.70963907,3.5513773,11.2075,95.70347,-2.04837036,0.55,-0.01000005,2.82835126,131.837753,0.0,0.0,0.0,0.0,0.0,0.0
10.2975321,DATA,1,0,0,0,0,0.0,0.0,-0.157075644,1.7097137,3.55233288,11.02144,95.67511,-1.79547119,0.55,-0.01000005,2.82835126,131.837753,0.0,0.0,0.0,0.0,0.0,0.0
10.3527861,DATA,1,0,0,0,0,0.0,0.0,-0.1568129,1.70977378,3.55322075,11.0195827,95.58698,-1.64767456,0.55,-0.01000005,2.82835126,131.837753,0.0,0.0,0.0,0.0,0.0,0.0
10.407855,DATA,1,0,0,0,0,0.0,0.0,-0.156771168,1.70950866,3.55410147,11.1295776,95.49739,-1.64093018,0.55,-0.01000005,2.82835126,131.837753,0.0,0.0,0.0,0.0,0.0,0.0
10.4646683,DATA,1,0,0,0,0,0.0,0.0,-0.156342,1.70938683,3.554498,11.2043056,95.5352859,-1.61141968,0.55,-0.01000005,2.82835126,131.837753,0.0,0.0,0.0,0.0,0.0,0.0
10.5203314,DATA,1,0,0,0,0,0.0,0.0,-0.155942678,1.70914268,3.55504847,11.1623211,95.47463,-1.4793396,0.55,-0.01000005,2.82835126,131.837753,0.0,0.0,0.0,0.0,0.0,0.0
10.5758762,DATA,1,0,0,0,0,0.0,0.0,-0.155731365,1.70901179,3.555577,11.247263,95.26588,-1.422821,0.55,-0.01000005,2.82835126,131.837753,0.0,0.0,0.0,0.0,0.0,0.0
10.6311464,DATA,1,0,0,0,0,0.0,0.0,-0.155957758,1.7087965,3.55634952,11.3758249,94.95801,-1.36914063,0.55,-0.01000005,2.82835126,131.837753,0.0,0.0,0.0,0.0,0.0,0.0
10.6868353,DATA,1,0,0,0,0,0.0,0.0,-0.155914351,1.70877242,3.556821,11.4372187,94.7430344,-1.27758789,0.55,-0.01000005,2.82835126,131.837753,0.0,0.0,0.0,0.0,0.0,0.0
10.7424307,DATA,1,0,0,0,0,0.0,0.0,-0.155914277,1.70860147,3.557539,11.4316826,94.63005,-1.24472046,0.55,-0.01000005,2.82835126,131.837753,0.0,0.0,0.0,0.0,0.0,0.0
10.7982159,DATA,1,0,0,0,0,0.0,0.0,-0.1557415,1.7087872,3.55757046,11.2612047,94.67157,-1.29016113,0.55,-0.01000005,2.82835126,131.837753,0.0,0.0,0.0,0.0,0.0,0.0
10.8528233,DATA,1,0,0,0,0,0.0,0.0,-0.155873388,1.708725,3.55763865,11.2331161,94.7265244,-1.30426025,0.55,-0.01000005,2.82835126,131.837753,0.0,0.0,0.0,0.0,0.0,0.0
10.9086447,DATA,1,0,0,0,0,0.0,0.0,-0.155873224,1.7087965,3.55777836,11.1702347,94.79997,-1.13311768,0.55,-0.01000005,2.82835126,131.837753,0.0,0.0,0.0,0.0,0.0,0.0
10.9643478,DATA,1,0,0,0,0,0.0,0.0,-0.155696243,1.70879245,3.55822515,11.17131,94.75822,-0.949035645,0.55,-0.01000005,2.82835126,131.837753,0.0,0.0,0.0,0.0,0.0,0.0
11.0202894,DATA,1,0,0,0,0,0.0,0.0,-0.155421361,1.70835233,3.55887985,11.3546381,94.57427,-0.8367615,0.55,-0.01000005,2.82835126,131.837753,0.0,0.0,0.0,0.0,0.0,0.0
11.0759325,DATA,1,0,0,0,0,0.0,0.0,-0.155013084,1.708113,3.55917883,11.415513,94.36361,-0.7754822,0.55,-0.01000005,2.82835126,131.837753,0.0,0.0,0.0,0.0,0.0,0.0
11.1318359,DATA,1,0,0,0,0,0.0,0.0,-0.154862121,1.707892,3.55948877,11.5047464,94.11226,-0.7991638,0.55,-0.01000005,2.82835126,131.837753,0.0,0.0,0.0,0.0,0.0,0.0
11.1868353,DATA,1,0,0,0,0,0.0,0.0,-0.1547857,1.70791435,3.55962968,11.4995508,93.90861,-0.9042053,0.55,-0.01000005,2.82835126,131.837753,0.0,0.0,0.0,0.0,0.0,0.0
11.2422609,DATA,1,0,0,0,0,0.0,0.0,-0.154887587,1.70786262,3.560179,11.4647875,93.79426,-0.945922852,0.55,-0.01000005,2.82835126,131.837753,0.0,0.0,0.0,0.0,0.0,0.0
11.2977295,DATA,1,0,0,0,0,0.0,0.0,-0.154717475,1.70791841,3.56025839,11.4208784,93.71304,-0.9553528,0.55,-0.01000005,2.82835126,131.837753,0.0,0.0,0.0,0.0,0.0,0.0
11.35345,DATA,1,0,0,0,0,0.0,0.0,-0.154567719,1.70793438,3.56060243,11.3803558,93.6580048,-0.944671631,0.55,-0.01000005,2.82835126,131.837753,0.0,0.0,0.0,0.0,0.0,0.0
11.4084949,DATA,1,0,0,0,0,0.0,0.0,-0.154327452,1.70792031,3.56065059,11.3818808,93.6084442,-0.940917969,0.55,-0.01000005,2.82835126,131.837753,0.0,0.0,0.0,0.0,0.0,0.0
11.4647188,DATA,1,0,0,0,0,0.0,0.0,-0.154388353,1.70783472,3.56113839,11.3696556,93.52654,-0.9444885,0.55,-0.01000005,2.82835126,131.837753,0.0,0.0,0.0,0.0,0.0,0.0
11.5202713,DATA,1,0,0,0,0,0.0,0.0,-0.154265866,1.70799923,3.56120777,11.2851057,93.4137955,-0.9671936,0.55,-0.01000005,2.82835126,131.837753,0.0,0.0,0.0,0.0,0.0,0.0
11.5775089,DATA,1,0,0,0,0,0.0,0.0,-0.154311568,1.708308,3.56147146,11.0896635,93.1892548,-1.00769043,0.55,-0.01000005,2.82835126,131.837753,0.0,0.0,0.0,0.0,0.0,0.0
11.631176,DATA,1,0,0,0,0,0.0,0.0,-0.15469937,1.71010923,3.56166172,10.1898375,92.80225,-1.1557312,0.55,-0.01000005,2.82835126,131.837753,0.0,0.0,0.0,0.0,0.0,0.0
11.6869144,DATA,1,0,0,0,0,0.0,0.0,-0.1556364,1.71242356,3.5618906,8.83977,92.2127762,-1.16552734,0.55,-0.01000005,2.82835126,131.837753,0.0,0.0,0.0,0.0,0.0,0.0
11.7429724,DATA,1,0,0,0,0,0.0,0.0,-0.1567631,1.71460867,3.56192732,7.61038065,91.6162338,-1.17785645,0.55,-0.01000005,2.82835126,131.837753,0.0,0.0,0.0,0.0,0.0,0.0
11.798336,DATA,1,0,0,0,0,0.0,0.0,-0.157670975,1.71625519,3.56204629,6.65652132,90.8882751,-1.0559082,0.55,-0.01000005,2.82835126,131.837753,0.0,0.0,0.0,0.0,0.0,0.0
11.8542,DATA,1,0,0,0,0,0.0,0.0,-0.158344477,1.71699524,3.56246614,6.213235,89.991066,-1.03170776,0.55,-0.01000005,2.82835126,131.837753,0.0,0.0,0.0,0.0,0.0,0.0
11.9100981,DATA,1,0,0,0,0,0.0,0.0,-0.1586077,1.71703863,3.563091,6.234674,89.03718,-1.08227539,0.55,-0.01000005,2.82835126,131.837753,0.0,0.0,0.0,0.0,0.0,0.0
11.9649849,DATA,1,0,0,0,0,0.0,0.0,-0.158500686,1.716316,3.5643096,6.49400663,88.07692,-1.0506897,0.55,-0.01000005,2.82835126,131.837753,0.0,0.0,0.0,0.0,0.0,0.0
12.0215082,DATA,1,0,0,0,0,0.0,0.0,-0.1580485,1.715666,3.56505513,6.78830767,87.3862839,-1.03930664,0.55,-0.01000005,2.82835126,131.837753,0.0,0.0,0.0,0.0,0.0,0.0
12.0760231,DATA,1,0,0,0,0,0.0,0.0,-0.157579392,1.71517253,3.56572652,7.01225567,86.93869,-0.9432068,0.55,-0.01000005,2.82835126,131.837753,0.0,0.0,0.0,0.0,0.0,0.0
12.1316748,DATA,1,0,0,0,0,0.0,0.0,-0.1571319,1.71499729,3.565972,7.083243,86.66813,-0.8483887,0.55,-0.01000005,2.82835126,131.837753,0.0,0.0,0.0,0.0,0.0,0.0
12.1877041,DATA,1,0,0,0,0,0.0,0.0,-0.156633571,1.7149086,3.5664,7.10368156,86.43513,-0.781311035,0.55,-0.01000005,2.82835126,131.837753,0.0,0.0,0.0,0.0,0.0,0.0
12.24354,DATA,1,0,0,0,0,0.0,0.0,-0.156293884,1.7147963,3.56674981,7.12003756,86.0638962,-0.6878357,0.55,-0.01000005,2.82835126,131.837753,0.0,0.0,0.0,0.0,0.0,0.0
12.298913,DATA,1,0,0,0,0,0.0,0.0,-0.155945927,1.71443772,3.56759357,7.18094873,85.46768,-0.5404358,0.55,-0.01000005,2.82835126,131.837753,0.0,0.0,0.0,0.0,0.0,0.0
12.3546095,DATA,1,0,0,0,0,0.0,0.0,-0.155689269,1.714076,3.56875682,7.34153748,84.57802,-0.427948,0.55,-0.01000005,2.82835126,131.837753,0.0,0.0,0.0,0.0,0.0,0.0
12.4095135,DATA,1,0,0,0,0,0.0,0.0,-0.155139044,1.713989,3.56976867,7.29073763,84.246,-0.07455444,0.55,-0.01000005,2.82835126,131.837753,0.0,0.0,0.0,0.0,0.0,0.0
12.4653664,DATA,1,0,0,0,0,0.0,0.0,-0.154974282,1.71409583,3.57032943,7.21951771,84.00386,0.225457266,0.55,-0.01000005,2.82835126,131.837753,0.0,0.0,0.0,0.0,0.0,0.0
12.5207529,DATA,1,0,0,0,0,0.0,0.0,-0.1552129,1.71428347,3.57067084,7.22541571,83.7945557,0.451342583,0.55,-0.01000005,2.82835126,131.837753,0.0,0.0,0.0,0.0,0.0,0.0
12.5761356,DATA,1,0,0,0,0,0.0,0.0,-0.155652747,1.71427727,3.57112479,7.339033,83.54867,0.583597243,0.55,-0.01000005,2.82835126,131.837753,0.0,0.0,0.0,0.0,0.0,0.0
12.6310978,DATA,1,0,0,0,0,0.0,0.0,-0.1562176,1.7142303,3.57133174,7.39323568,83.2937546,0.701159954,0.55,-0.01000005,2.82835126,131.837753,0.0,0.0,0.0,0.0,0.0,0.0
12.68668,DATA,1,0,0,0,0,0.0,0.0,-0.156732738,1.71415281,3.5718,7.45342541,82.998085,0.756494343,0.55,-0.01000005,2.82835126,131.837753,0.0,0.0,0.0,0.0,0.0,0.0
12.7429924,DATA,1,0,0,0,0,0.0,0.0,-0.157170892,1.714186,3.57170773,7.473965,82.82991,0.7613705,0.55,-0.01000005,2.82835126,131.837753,0.0,0.0,0.0,0.0,0.0,0.0
12.79921,DATA,1,0,0,0,0,0.0,0.0,-0.157287031,1.71420217,3.57151031,7.48758745,83.06409,0.7078007,0.55,-0.01000005,2.82835126,131.837753,0.0,0.0,0.0,0.0,0.0,0.0
12.8527565,DATA,1,0,0,0,0,0.0,0.0,-0.157374755,1.71447563,3.56988335,7.436798,83.78255,0.6768533,0.55,-0.01000005,2.82835126,131.837753,0.0,0.0,0.0,0.0,0.0,0.0
12.9089441,DATA,1,0,0,0,0,0.0,0.0,-0.157369852,1.71483374,3.567477,7.36409473,85.24145,0.6390532,0.55,-0.01000005,2.82835126,131.837753,0.0,0.0,0.0,0.0,0.0,0.0
12.9641638,DATA,1,0,0,0,0,0.0,0.0,-0.157626361,1.71555114,3.5631175,7.149222,87.69187,0.4087915,0.55,-0.01000005,2.82835126,131.837753,0.0,0.0,0.0,0.0,0.0,0.0
13.01997,DATA,1,0,0,0,0,0.0,0.0,-0.158309743,1.716435,3.55729437,6.81839,91.02946,0.145520523,0.55,-0.01000005,2.82835126,131.837753,0.0,0.0,0.0,0.0,0.0,0.0
13.0745659,DATA,1,0,0,0,0,0.0,0.0,-0.159795746,1.71748519,3.55006075,6.40344334,95.24224,-0.148406982,0.55,-0.01000005,2.82835126,131.837753,0.0,0.0,0.0,0.0,0.0,0.0
13.1296072,DATA,1,0,0,0,0,0.0,0.0,-0.162243858,1.71863437,3.542081,5.82924652,100.226074,-0.234680176,0.55,-0.01000005,2.82835126,131.837753,0.0,0.0,0.0,0.0,0.0,0.0
13.1854992,DATA,1,0,0,0,0,0.0,0.0,-0.166017666,1.720259,3.53321934,5.15672731,105.834732,-0.282196045,0.55,-0.01000005,2.82835126,131.837753,0.0,0.0,0.0,0.0,0.0,0.0
13.2412062,DATA,1,0,0,0,0,0.0,0.0,-0.17161797,1.721951,3.52400279,4.17531824,111.956718,-0.08483887,0.55,-0.01000005,2.82835126,131.837753,0.0,0.0,0.0,0.0,0.0,0.0
13.2978725,DATA,1,0,0,0,0,0.0,0.0,-0.178326562,1.7226212,3.515585,3.86670971,117.671242,-0.181365967,0.55,-0.01000005,2.82835126,131.837753,0.0,0.0,0.0,0.0,0.0,0.0
13.3530407,DATA,1,0,0,0,0,0.0,0.0,-0.184736252,1.722511,3.508316,4.023695,122.773293,-0.5856018,0.55,-0.01000005,2.82835126,131.837753,0.0,0.0,0.0,0.0,0.0,0.0
13.4081364,DATA,1,0,0,0,0,0.0,0.0,-0.190422133,1.72168016,3.502627,4.44163132,127.267273,-0.771789551,0.55,-0.01000005,2.82835126,131.837753,0.0,0.0,0.0,0.0,0.0,0.0
13.4644117,DATA,1,0,0,0,0,0.0,0.0,-0.194734186,1.7206347,3.49779654,5.11491632,130.758957,-0.720916748,0.55,-0.01000005,2.82835126,131.837753,0.0,0.0,0.0,0.0,0.0,0.0
13.5192,DATA,1,0,0,0,0,0.0,0.0,-0.197621435,1.71976137,3.4941833,5.616168,133.518524,-0.146484375,0.55,-0.01000005,2.82835126,131.837753,0.0,0.0,0.0,0.0,0.0,0.0
13.5756369,DATA,1,0,0,0,0,0.0,0.0,-0.199736208,1.71933889,3.49106574,6.10157537,135.977341,0.396673173,0.55,-0.01000005,2.82835126,131.837753,0.0,0.0,0.0,0.0,0.0,0.0
13.6303921,DATA,1,0,0,0,0,0.0,0.0,-0.201597556,1.71892715,3.488295,6.582786,137.85498,0.8451924,0.55,-0.01000005,2.82835126,131.837753,0.0,0.0,0.0,0.0,0.0,0.0
13.6863251,DATA,1,0,0,0,0,0.0,0.0,-0.202949941,1.71826243,3.48599076,7.11885643,139.519379,1.11986232,0.55,-0.01000005,2.82835126,131.837753,0.0,0.0,0.0,0.0,0.0,0.0
13.7419434,DATA,1,0,0,0,0,0.0,0.0,-0.203428,1.71734881,3.484358,7.44526148,140.615921,1.13091815,0.55,-0.01000005,2.82835126,131.837753,0.0,0.0,0.0,0.0,0.0,0.0
13.79751,DATA,1,0,0,0,0,0.0,0.0,-0.203989342,1.71676207,3.48286,7.773781,141.521042,1.14840448,0.55,-0.01000005,2.82835126,131.837753,0.0,0.0,0.0,0.0,0.0,0.0
13.8524961,DATA,1,0,0,0,0,0.0,0.0,-0.2045607,1.71653056,3.48151445,7.79255342,142.444275,1.22821581,0.55,-0.01000005,2.82835126,131.837753,0.0,0.0,0.0,0.0,0.0,0.0
13.907855,DATA,1,0,0,0,0,0.0,0.0,-0.205502063,1.71635318,3.48064113,7.883657,143.358292,1.15193021,0.55,-0.01000005,2.82835126,131.837753,0.0,0.0,0.0,0.0,0.0,0.0
13.9638653,DATA,1,0,0,0,0,0.0,0.0,-0.177340135,1.7162354,3.45387983,8.039036,144.161636,1.05607247,0.5794297,-0.01000005,2.80200315,131.837753,0.0,0.0,1.0,0.0,0.0,0.0
14.0199814,DATA,1,0,0,0,0,0.0,0.0,-0.05422843,1.716301,3.34235024,8.324266,144.951813,0.974895954,0.704010844,-0.01000005,2.690467,131.837753,0.0,0.0,1.0,0.0,0.0,0.0
14.0752039,DATA,1,0,0,0,0,0.0,0.0,0.06926836,1.71598244,3.23084521,8.607548,145.672089,0.876970768,0.8291445,-0.01000005,2.578436,131.837753,0.0,0.0,1.0,0.0,0.0,0.0
14.130825,DATA,1,0,0,0,0,0.0,0.0,0.191985846,1.71550751,3.11959958,8.84444,146.55397,0.74831,0.953828,-0.01000005,2.466808,131.837753,0.0,0.0,1.0,0.0,0.0,0.0
14.1863041,DATA,1,0,0,0,0,0.0,0.0,0.3110492,1.7151742,3.01123571,9.101747,147.559738,0.552433,1.0752393,-0.00999999,2.35810971,131.837753,0.0,0.0,1.0,0.0,0.0,0.0
14.24204,DATA,1,0,0,0,0,0.0,0.0,0.433524847,1.71462965,2.8997972,9.3396,148.479492,0.3001498,1.200026,-0.01000005,2.24638939,131.837753,0.0,0.0,1.0,0.0,0.0,0.0
14.2973661,DATA,1,0,0,0,0,0.0,0.0,0.5636568,1.71437168,2.79745626,9.478781,150.433136,-0.00284649874,1.324732,-0.00999999,2.13474131,132.482376,0.831385255,-0.0288704634,1.0,0.0,0.0,0.0
14.3525944,DATA,1,0,0,0,0,0.0,0.0,0.7381882,1.71405959,2.74094725,9.626852,155.624527,-0.232208252,1.444476,-0.01000005,2.018497,137.115738,0.9832759,-0.131351709,1.0,0.0,0.0,0.0
14.40852,DATA,1,0,0,0,0,0.0,0.0,0.910088,1.71412659,2.67436457,9.847438,160.878159,-0.3067932,1.55325723,-0.01000005,1.89358521,141.995117,0.9752495,-0.2210151,1.0,0.0,0.0,0.0
14.4641857,DATA,1,0,0,0,0,0.0,0.0,1.07573926,1.71426785,2.59264445,10.0602741,165.957947,-0.358581543,1.65126383,-0.00999999,1.75961125,146.835266,0.9657887,-0.2592852,1.0,0.0,0.0,0.0
14.5196028,DATA,1,0,0,0,0,0.0,0.0,1.23474383,1.71454811,2.49665642,10.0312757,170.7235,-0.402008057,1.73818386,-0.01000005,1.61694658,151.665,0.961729765,-0.2739036,1.0,0.0,0.0,0.0
14.5749922,DATA,1,0,0,0,0,0.0,0.0,1.38563168,1.71455526,2.387119,9.91587448,175.222748,-0.5378113,1.81301177,-0.00999999,1.46700716,156.5002,0.9606006,-0.277993083,1.0,0.0,0.0,0.0
14.63072,DATA,1,0,0,0,0,0.0,0.0,1.5116868,1.71496177,2.30546737,9.539375,179.5286,-0.567077637,1.86023545,-0.01000005,1.35189056,161.296631,0.9497665,-0.31284523,0.0,0.0,0.0,0.0
14.685957,DATA,1,0,0,0,0,0.0,0.0,1.57832682,1.715507,2.32783651,9.06154251,-178.0599,-0.751159668,1.86023545,-0.01000005,1.35189056,165.220062,0.0,0.0,0.0,0.0,0.0,0.0
14.741827,DATA,1,0,0,0,0,0.0,0.0,1.57902372,1.71567965,2.32862282,8.992383,-178.536469,-0.7786255,1.86023545,-0.01000005,1.35189056,165.220062,0.0,0.0,0.0,0.0,0.0,0.0
14.7976542,DATA,1,0,0,0,0,0.0,0.0,1.57946718,1.7156961,2.32905936,9.125638,-178.620651,-0.702514648,1.86023545,-0.01000005,1.35189056,165.220062,0.0,0.0,0.0,0.0,0.0,0.0
14.8525181,DATA,1,0,0,0,0,0.0,0.0,1.57947135,1.71550035,2.3290534,9.231299,-178.381821,-0.6752014,1.86023545,-0.01000005,1.35189056,165.220062,0.0,0.0,0.0,0.0,0.0,0.0
14.90785,DATA,1,0,0,0,0,0.0,0.0,1.57919836,1.71541023,2.32888246,9.280905,-177.912109,-0.5857239,1.86023545,-0.01000005,1.35189056,165.220062,0.0,0.0,0.0,0.0,0.0,0.0
14.9638081,DATA,1,0,0,0,0,0.0,0.0,1.57828927,1.71492338,2.3284924,9.37731,-177.224884,-0.423217773,1.86023545,-0.01000005,1.35189056,165.220062,0.0,0.0,0.0,0.0,0.0,0.0
15.0197392,DATA,1,0,0,0,0,0.0,0.0,1.63220131,1.71476889,2.34309053,9.498192,-172.354492,-0.3241577,1.86023545,-0.01000005,1.35189056,168.427521,0.9292886,-0.3692435,0.0,0.0,0.0,0.0
15.0747356,DATA,1,0,0,0,0,0.0,0.0,1.71160829,1.71449447,2.358303,9.664633,-166.863327,-0.29385376,1.86023545,-0.01000005,1.35189056,173.076874,0.9242531,-0.38172555,0.0,0.0,0.0,0.0
15.13048,DATA,1,0,0,0,0,0.0,0.0,1.7917726,1.71423888,2.3670876,9.801031,-161.427261,-0.244354248,1.86023545,-0.01000005,1.35189056,177.703568,0.9242531,-0.38172555,0.0,0.0,0.0,0.0
15.1859732,DATA,1,0,0,0,0,0.0,0.0,1.87143135,1.713932,2.36928964,9.918165,-156.287964,-0.14855957,1.86023545,-0.01000005,1.35189056,-177.749939,0.9228797,-0.385021567,0.0,0.0,0.0,0.0
15.2416573,DATA,1,0,0,0,0,0.0,0.0,1.95268822,1.71369839,2.36538553,10.0490761,-151.2262,0.003616573,1.86023545,-0.01000005,1.35189056,-173.116516,0.9228797,-0.385021567,0.0,0.0,0.0,0.0
15.2972984,DATA,1,0,0,0,0,0.0,0.0,2.03343344,1.71365356,2.35473943,10.0357313,-146.628952,0.0533062667,1.86023545,-0.01000005,1.35189056,-168.505539,0.9228797,-0.385021567,0.0,0.0,0.0,0.0
15.3523083,DATA,1,0,0,0,0,0.0,0.0,2.11406159,1.71363974,2.33743072,10.0897112,-142.1619,-0.118591309,1.86023545,-0.01000005,1.35189056,-163.847137,0.9223304,-0.386394858,0.0,0.0,0.0,0.0
15.4075174,DATA,1,0,0,0,0,0.0,0.0,2.19202828,1.71361947,2.3137753,10.12348,-137.8588,-0.236053467,1.86023545,-0.01000005,1.35189056,-159.261215,0.9194311,-0.393231034,0.0,0.0,0.0,0.0
15.4637566,DATA,1,0,0,0,0,0.0,0.0,2.26547766,1.71362972,2.28423738,10.077445,-134.657883,-0.3277588,1.86023545,-0.01000005,1.35189056,-154.808762,0.0,0.0,0.0,0.0,0.0,0.0
15.5192118,DATA,1,0,0,0,0,0.0,0.0,2.26595259,1.71359968,2.2833,10.0508852,-135.290054,-0.491088867,1.86023545,-0.01000005,1.35189056,-154.808762,0.0,0.0,0.0,0.0,0.0,0.0
15.5747976,DATA,1,0,0,0,0,0.0,0.0,2.26646781,1.71361685,2.282374,9.970051,-135.841675,-0.5809021,1.86023545,-0.01000005,1.35189056,-154.808762,0.0,0.0,0.0,0.0,0.0,0.0
15.6299572,DATA,1,0,0,0,0,0.0,0.0,2.2670455,1.71367955,2.28155017,9.927304,-136.220154,-0.6491394,1.86023545,-0.01000005,1.35189056,-154.808762,0.0,0.0,0.0,0.0,0.0,0.0
15.6858835,DATA,1,0,0,0,0,0.0,0.0,2.2673595,1.71375656,2.28088331,9.874556,-136.436523,-0.618804932,1.86023545,-0.01000005,1.35189056,-154.808762,0.0,0.0,0.0,0.0,0.0,0.0
15.7416334,DATA,1,0,0,0,0,0.0,0.0,2.26779938,1.71379471,2.28059554,9.878084,-135.926682,-0.5432129,1.86023545,-0.01000005,1.35189056,-154.808762,0.5608692,-0.260231376,0.0,0.0,0.0,0.0
15.7973766,DATA,1,0,0,0,0,0.0,0.0,2.33321977,1.71364522,2.24897814,9.897475,-131.363083,-0.481109619,1.86023545,-0.01000005,1.35189056,-150.702927,0.9099399,-0.4146855,0.0,0.0,0.0,0.0
15.8522511,DATA,1,0,0,0,0,0.0,0.0,2.40321827,1.71355653,2.20827484,9.967911,-126.672577,-0.5057373,1.86023545,-0.01000005,1.35189056,-146.11824,0.9092685,-0.416089416,0.0,0.0,0.0,0.0
15.9082127,DATA,1,0,0,0,0,0.0,0.0,2.46895075,1.71338677,2.16303921,10.0154448,-121.890228,-0.5187988,1.86023545,-0.01000005,1.35189056,-141.591263,0.9092685,-0.416089416,0.0,0.0,0.0,0.0
15.9638729,DATA,1,0,0,0,0,0.0,0.0,2.53085279,1.71334171,2.11283159,10.03687,-117.288284,-0.51828,1.86023545,-0.01000005,1.35189056,-137.071609,0.9092685,-0.416089416,0.0,0.0,0.0,0.0
16.0195484,DATA,1,0,0,0,0,0.0,0.0,2.58915877,1.71339464,2.05763364,10.02101,-112.853638,-0.547515869,1.86023545,-0.01000005,1.35189056,-132.525558,0.894711137,-0.418713927,0.0,0.0,0.0,0.0
16.07488,DATA,1,0,0,0,0,0.0,0.0,2.61290574,1.71357155,2.03197527,9.983954,-111.901794,-0.643219,1.86023545,-0.01000005,1.35189056,-130.537491,0.0,0.0,0.0,0.0,0.0,0.0
16.1298618,DATA,1,0,0,0,0,0.0,0.0,2.61295533,1.71351361,2.03205562,10.0157566,-112.0697,-0.723999,1.86023545,-0.01000005,1.35189056,-130.537491,0.0,0.0,0.0,0.0,0.0,0.0
16.1855755,DATA,1,0,0,0,0,0.0,0.0,2.612902,1.71344519,2.03202,10.0238762,-112.237885,-0.819458,1.86023545,-0.01000005,1.35189056,-130.537491,0.0,0.0,0.0,0.0,0.0,0.0
16.2416477,DATA,1,0,0,0,0,0.0,0.0,2.61275339,1.71347332,2.032048,10.00139,-112.3024,-0.8473511,1.86023545,-0.01000005,1.35189056,-130.537491,0.0,0.0,0.0,0.0,0.0,0.0
16.29662,DATA,1,0,0,0,0,0.0,0.0,2.61258316,1.71347642,2.032013,9.967893,-112.427,-0.8668213,1.86023545,-0.01000005,1.35189056,-130.537491,0.0,0.0,0.0,0.0,0.0,0.0
16.3523674,DATA,1,0,0,0,0,0.0,0.0,2.61241174,1.71359038,2.03157544,9.879879,-112.622818,-0.85446167,1.86023545,-0.01000005,1.35189056,-130.537491,0.0,0.0,0.0,0.0,0.0,0.0
16.4073448,DATA,1,0,0,0,0,0.0,0.0,2.612412,1.71364546,2.03084946,9.81156,-112.923737,-0.824646,1.86023545,-0.01000005,1.35189056,-130.537491,0.0,0.0,0.0,0.0,0.0,0.0
16.4639034,DATA,1,0,0,0,0,0.0,0.0,2.6124742,1.71383643,2.03001118,9.684842,-113.2641,-0.8232727,1.86023545,-0.01000005,1.35189056,-130.537491,0.0,0.0,0.0,0.0,0.0,0.0
16.5192547,DATA,1,0,0,0,0,0.0,0.0,2.612457,1.71391439,2.02921724,9.572119,-113.682358,-0.869903564,1.86023545,-0.01000005,1.35189056,-130.537491,0.0,0.0,0.0,0.0,0.0,0.0
16.5745583,DATA,1,0,0,0,0,0.0,0.0,2.612694,1.71408463,2.027846,9.510957,-114.326569,-1.13217163,1.86023545,-0.01000005,1.35189056,-130.537491,0.0,0.0,0.0,0.0,0.0,0.0
16.6298027,DATA,1,0,0,0,0,0.0,0.0,2.613027,1.71421957,2.02651787,9.380223,-115.140839,-1.307373,1.86023545,-0.01000005,1.35189056,-130.537491,0.0,0.0,0.0,0.0,0.0,0.0
16.6874943,DATA,1,0,0,0,0,0.0,0.0,2.61338687,1.71431136,2.025065,9.246654,-115.87149,-1.33129883,1.86023545,-0.01000005,1.35189056,-130.537491,0.0,0.0,0.0,0.0,0.0,0.0
16.7413349,DATA,1,0,0,0,0,0.0,0.0,2.61388373,1.71464181,2.02347851,9.079973,-116.768753,-1.29397583,1.86023545,-0.01000005,1.35189056,-130.537491,0.0,0.0,0.0,0.0,0.0,0.0
16.7971039,DATA,1,0,0,0,0,0.0,0.0,2.61464143,1.71507239,2.02164626,8.854249,-117.961655,-1.4234314,1.86023545,-0.01000005,1.35189056,-130.537491,0.0,0.0,0.0,0.0,0.0,0.0
16.8519745,DATA,1,0,0,0,0,0.0,0.0,2.615575,1.71539307,2.01956916,8.662203,-119.505966,-1.56326294,1.86023545,-0.01000005,1.35189056,-130.537491,0.0,0.0,0.0,0.0,0.0,0.0
16.9077168,DATA,1,0,0,0,0,0.0,0.0,2.61667776,1.71579933,2.01715422,8.41415,-121.372925,-1.68917847,1.86023545,-0.01000005,1.35189056,-130.537491,0.0,0.0,0.0,0.0,0.0,0.0
16.963768,DATA,1,0,0,0,0,0.0,0.0,2.61810684,1.71625566,2.01414371,8.216096,-123.718552,-1.84393311,1.86023545,-0.01000005,1.35189056,-130.537491,0.0,0.0,0.0,0.0,0.0,0.0
17.01923,DATA,1,0,0,0,0,0.0,0.0,2.557357,1.71657276,1.9571197,8.060403,-126.592422,-2.087555,1.79760873,-0.0100001693,1.29833138,-130.537491,0.0,0.0,1.0,0.0,0.0,0.0
17.0751114,DATA,1,0,0,0,0,0.0,0.0,2.43151331,1.71677828,1.84471393,7.97583151,-129.41,-2.382965,1.66982377,-0.01000005,1.189048,-130.537491,0.0,0.0,1.0,0.0,0.0,0.0
17.13026,DATA,1,0,0,0,0,0.0,0.0,2.3073585,1.71704388,1.73466516,7.90874767,-131.847672,-2.71850586,1.54406285,-0.01000005,1.08149564,-130.537491,0.0,0.0,1.0,0.0,0.0,0.0
17.1861076,DATA,1,0,0,0,0,0.0,0.0,2.1829493,1.71724057,1.62522459,7.817064,-133.792786,-3.04736328,1.41825175,-0.01000005,0.9739003,-130.537491,0.0,0.0,1.0,0.0,0.0,0.0
17.2417259,DATA,1,0,0,0,0,0.0,0.0,2.057485,1.71724319,1.51526356,7.76316929,-135.851334,-3.26428223,1.29156923,-0.01000005,0.8655598,-130.537491,-0.467421472,0.205053866,1.0,0.0,0.0,0.0
17.2979069,DATA,1,0,0,0,0,0.0,0.0,1.89293671,1.71735764,1.44648182,7.767539,-141.113068,-3.50030518,1.16563857,-0.01000005,0.7539338,-133.921417,-0.9474166,0.319986582,1.0,0.0,0.0,0.0
17.3528519,DATA,1,0,0,0,0,0.0,0.0,1.71671963,1.71742773,1.38369513,7.771408,-146.994431,-3.66500854,1.04881823,-0.01000005,0.634205461,-138.677734,-0.947874367,0.3185827,1.0,0.0,0.0,0.0
17.40817,DATA,1,0,0,0,0,0.0,0.0,1.5475961,1.71739721,1.30751157,7.8127017,-152.591858,-3.77996826,0.9430966,-0.01000011,0.5061858,-143.4041,-0.9492477,0.314462721,1.0,0.0,0.0,0.0
17.4638538,DATA,1,0,0,0,0,0.0,0.0,1.38550758,1.71708989,1.21820176,7.889044,-157.9401,-3.8493042,0.8484815,-0.01000005,0.3701841,-148.127075,-0.9512314,0.308389544,1.0,0.0,0.0,0.0
17.5204735,DATA,1,0,0,0,0,0.0,0.0,1.22889578,1.71707988,1.11487579,7.929259,-163.052734,-3.85318,0.764529645,-0.01000005,0.225254819,-152.907944,-0.9512314,0.308389544,1.0,0.0,0.0,0.0
17.5751457,DATA,1,0,0,0,0,0.0,0.0,1.0822233,1.71703076,0.999880433,7.95388365,-167.781631,-3.8270874,0.6934264,-0.01000011,0.07492218,-157.654938,-0.9512314,0.308389544,1.0,0.0,0.0,0.0
17.6300831,DATA,1,0,0,0,0,0.0,0.0,0.9448108,1.71699607,0.872750163,8.004411,-172.332581,-3.833191,0.6348568,-0.01000011,-0.08122967,-162.415451,-0.9512314,0.308389544,1.0,0.0,0.0,0.0
17.68589,DATA,1,0,0,0,0,0.0,0.0,0.8189896,1.71699309,0.7353798,8.049537,-176.900513,-3.87756348,0.58969444,-0.01000005,-0.240712285,-167.147659,-0.9515671,0.30732137,1.0,0.0,0.0,0.0
17.7420864,DATA,1,0,0,0,0,0.0,0.0,0.7046423,1.71692872,0.5873102,8.128866,178.428131,-3.922943,0.557733536,-0.01000005,-0.404058665,-171.900421,-0.951261938,0.3083285,1.0,0.0,0.0,0.0
17.7968655,DATA,1,0,0,0,0,0.0,0.0,0.603106737,1.71682084,0.4301465,8.20298,173.750229,-3.98699951,0.539407432,-0.01000011,-0.5695746,-176.654053,-0.951261938,0.3083285,1.0,0.0,0.0,0.0
17.8528328,DATA,1,0,0,0,0,0.0,0.0,0.514420152,1.71662617,0.2636882,8.266448,168.9603,-4.051758,0.5348698,-0.01000005,-0.7374548,178.551971,-0.951261938,0.3083285,1.0,0.0,0.0,0.0
17.90831,DATA,1,0,0,0,0,0.0,0.0,0.44088766,1.71656656,0.09301761,8.26901,164.262848,-4.111908,0.5441579,-0.01000011,-0.90262,173.829788,-0.951261938,0.3083285,1.0,0.0,0.0,0.0
17.9635487,DATA,1,0,0,0,0,0.0,0.0,0.381357163,1.71650529,-0.08436233,8.272242,159.61528,-4.18280029,0.5671901,-0.01000005,-1.06750393,169.074142,-0.9648732,0.2625507,1.0,0.0,0.0,0.0
18.0203629,DATA,1,0,0,0,0,0.0,0.0,0.3264913,1.7164495,-0.184366569,8.31716251,156.36264,-4.23233032,0.5841849,-0.00999999,-1.15073669,164.87677,0.0,0.0,0.0,0.0,0.0,0.0
18.0744743,DATA,1,0,0,0,0,0.0,0.0,0.326335162,1.71623623,-0.184421,8.328509,156.492691,-4.26565552,0.5841849,-0.00999999,-1.15073669,164.87677,0.0,0.0,0.0,0.0,0.0,0.0
18.1295853,DATA,1,0,0,0,0,0.0,0.0,0.326037467,1.71620417,-0.184680179,8.319444,156.6048,-4.29834,0.5841849,-0.00999999,-1.15073669,164.87677,0.0,0.0,0.0,0.0,0.0,0.0
18.18531,DATA,1,0,0,0,0,0.0,0.0,0.325837016,1.71614623,-0.184754357,8.26188,156.741867,-4.289917,0.5841849,-0.00999999,-1.15073669,164.87677,0.0,0.0,0.0,0.0,0.0,0.0
18.2415886,DATA,1,0,0,0,0,0.0,0.0,0.325614661,1.71619189,-0.184847489,8.214502,156.877747,-4.302826,0.5841849,-0.00999999,-1.15073669,164.87677,0.0,0.0,0.0,0.0,0.0,0.0
18.296917,DATA,1,0,0,0,0,0.0,0.0,0.325647533,1.71620762,-0.184935331,8.194485,156.98941,-4.323578,0.5841849,-0.00999999,-1.15073669,164.87677,0.0,0.0,0.0,0.0,0.0,0.0
18.3517475,DATA,1,0,0,0,0,0.0,0.0,0.3257485,1.716229,-0.184981078,8.1908865,157.031891,-4.34460449,0.5841849,-0.00999999,-1.15073669,164.87677,0.0,0.0,1.0,0.0,0.0,0.0
18.4079933,DATA,1,0,0,0,0,0.0,0.0,0.369344383,1.7161057,-0.345457464,8.19782,157.0324,-4.34494,0.627543151,-0.01000005,-1.31117094,164.87677,0.0,0.0,1.0,0.0,0.0,0.0
18.46367,DATA,1,0,0,0,0,0.0,0.0,0.412704647,1.71600807,-0.5048134,8.172054,157.004044,-4.31985474,0.670599639,-0.00999999,-1.47048843,164.87677,0.0,0.0,1.0,0.0,0.0,0.0
18.51873,DATA,1,0,0,0,0,0.0,0.0,0.456912339,1.71607184,-0.6674228,8.148161,156.972641,-4.29126,0.7145583,-0.01000005,-1.63314414,164.87677,0.0,0.0,1.0,0.0,0.0,0.0
18.5747089,DATA,1,0,0,0,0,0.0,0.0,0.500633955,1.71618366,-0.8286578,8.119137,156.939789,-4.23568726,0.7581634,-0.01000005,-1.79449165,164.87677,0.0,0.0,1.0,0.0,0.0,0.0
18.6299973,DATA,1,0,0,0,0,0.0,0.0,0.5439462,1.71629453,-0.989150465,8.07145,156.979141,-4.24130249,0.801542044,-0.01000005,-1.95500124,164.87677,0.0,0.0,1.0,0.0,0.0,0.0
18.6853657,DATA,1,0,0,0,0,0.0,0.0,0.587121665,1.71618867,-1.149079,8.080253,157.012985,-4.235443,0.844821155,-0.01000005,-2.11514258,164.87677,0.0,0.0,1.0,0.0,0.0,0.0
18.7414379,DATA,1,0,0,0,0,0.0,0.0,0.630722642,1.71618521,-1.31057346,8.049705,157.0376,-4.219116,0.8884627,-0.00999999,-2.27662516,164.87677,0.0,0.0,1.0,0.0,0.0,0.0
18.796833,DATA,1,0,0,0,0,0.0,0.0,0.6740367,1.71618438,-1.47076964,8.03062248,157.0291,-4.16525269,0.9317343,-0.01000005,-2.43673849,164.87677,0.0,0.0,1.0,0.0,0.0,0.0
18.8518429,DATA,1,0,0,0,0,0.0,0.0,0.7175392,1.71628821,-1.63227212,7.976562,157.067337,-4.14901733,0.975379348,-0.00999999,-2.5982337,164.87677,0.0,0.0,1.0,0.0,0.0,0.0
18.9072742,DATA,1,0,0,0,0,0.0,0.0,0.7606771,1.71627688,-1.79367113,7.9639163,157.1558,-4.126068,1.0190084,-0.01000005,-2.75967,164.87677,0.0,0.0,1.0,0.0,0.0,0.0
18.9631329,DATA,1,0,0,0,0,0.0,0.0,0.803808749,1.71629667,-1.9542973,7.954909,157.225189,-4.14083862,1.06240654,-0.0100001693,-2.92025137,164.87677,0.0,0.0,1.0,0.0,0.0,0.0
19.0185833,DATA,1,0,0,0,0,0.0,0.0,0.846669,1.71628952,-2.11331463,7.961225,157.261017,-4.14749146,1.10536551,-0.01000005,-3.07920837,164.87677,0.0,0.0,1.0,0.0,0.0,0.0
19.0741539,DATA,1,0,0,0,0,0.0,0.0,0.8906872,1.71625876,-2.27659917,7.978575,157.3021,-4.152008,1.14945185,-0.01000005,-3.24233675,164.87677,0.0,0.0,1.0,0.0,0.0,0.0
19.1296329,DATA,1,0,0,0,0,0.0,0.0,0.9341222,1.7162565,-2.43709755,7.96899033,157.325424,-4.13293457,1.19281137,-0.00999999,-3.402775,164.87677,0.0,0.0,0.0,0.0,0.0,0.0
19.184988,DATA,1,0,0,0,0,0.0,0.0,0.934176,1.71629894,-2.437066,7.956857,157.330887,-4.10256958,1.19281137,-0.00999999,-3.402775,164.87677,0.0,0.0,0.0,0.0,0.0,0.0
19.2408962,DATA,1,0,0,0,0,0.0,0.0,0.9342218,1.71640921,-2.43697572,7.89640236,157.338135,-4.05511475,1.19281137,-0.00999999,-3.402775,164.87677,0.0,0.0,0.0,0.0,0.0,0.0
19.2950039,DATA,1,0,0,0,0,0.0,0.0,0.934325337,1.71650159,-2.436841,7.86294031,157.326965,-4.058197,1.19281137,-0.00999999,-3.402775,164.87677,0.0,0.0,0.0,0.0,0.0,0.0
19.35103,DATA,1,0,0,0,0,0.0,0.0,0.9342891,1.71658552,-2.43678141,7.86163855,157.381744,-4.06131,1.19281137,-0.00999999,-3.402775,164.87677,0.0,0.0,0.0,0.0,0.0,0.0
19.4068489,DATA,1,0,0,0,0,0.0,0.0,0.9343651,1.71650183,-2.4367857,7.845794,157.398712,-4.02389526,1.19281137,-0.00999999,-3.402775,164.87677,0.0,0.0,0.0,0.0,0.0,0.0
19.462925,DATA,1,0,0,0,0,0.0,0.0,0.9345115,1.71651483,-2.43654084,7.83030844,157.348373,-4.00634766,1.19281137,-0.00999999,-3.402775,164.87677,0.0,0.0,0.0,0.0,0.0,0.0
19.518734,DATA,1,0,0,0,0,0.0,0.0,0.934791446,1.71660125,-2.43607688,7.79436159,157.308075,-3.97879028,1.19281137,-0.00999999,-3.402775,164.87677,0.0,0.0,0.0,0.0,0.0,0.0
19.5751457,DATA,1,0,0,0,0,0.0,0.0,0.9349294,1.71672964,-2.43586254,7.74665642,157.304565,-3.93093872,1.19281137,-0.00999999,-3.402775,164.87677,0.0,0.0,0.0,0.0,0.0,0.0
19.6308765,DATA,1,0,0,0,0,0.0,0.0,0.9351249,1.71681273,-2.43562579,7.68570471,157.291962,-3.87295532,1.19281137,-0.00999999,-3.402775,164.87677,0.0,0.0,0.0,0.0,0.0,0.0
19.68683,DATA,1,0,0,0,0,0.0,0.0,0.935695231,1.717026,-2.43542361,7.5731473,157.0956,-3.77331543,1.19281137,-0.00999999,-3.402775,164.87677,0.0,0.0,0.0,0.0,0.0,0.0
19.7423458,DATA,1,0,0,0,0,0.0,0.0,0.9382147,1.71757877,-2.4344852,7.3559227,155.957687,-3.38317871,1.19281137,-0.00999999,-3.402775,164.87677,0.0,0.0,0.0,0.0,0.0,0.0
19.79721,DATA,1,0,0,0,0,0.0,0.0,0.943116367,1.71827686,-2.432514,7.051121,152.8857,-3.1237793,1.19281137,-0.00999999,-3.402775,164.87677,0.0,0.0,0.0,0.0,0.0,0.0
19.8529758,DATA,1,0,0,0,0,0.0,0.0,0.9490842,1.71904373,-2.429593,6.77754,148.432983,-3.13476563,1.19281137,-0.00999999,-3.402775,164.87677,0.0,0.0,0.0,0.0,0.0,0.0
19.9083977,DATA,1,0,0,0,0,0.0,0.0,0.927179456,1.71939969,-2.433297,6.49148941,141.405548,-3.32336426,1.19281137,-0.00999999,-3.402775,163.247772,-0.936887741,0.3495285,0.0,0.0,0.0,0.0
19.9647675,DATA,1,0,0,0,0,0.0,0.0,0.8543668,1.719264,-2.45426536,6.46502066,132.407532,-3.67407227,1.19281137,-0.00999999,-3.402775,158.588608,-0.9386273,0.344950736,0.0,0.0,0.0,0.0
20.0203915,DATA,1,0,0,0,0,0.0,0.0,0.7819426,1.71841443,-2.48128939,6.77470541,124.005066,-4.20999146,1.19281137,-0.00999999,-3.402775,153.889069,-0.9380474,0.3464766,0.0,0.0,0.0,0.0
20.0757942,DATA,1,0,0,0,0,0.0,0.0,0.7111605,1.71718907,-2.514813,7.18787336,116.599472,-4.6260376,1.19281137,-0.00999999,-3.402775,149.2031,-0.9380474,0.3464766,0.0,0.0,0.0,0.0
20.1303329,DATA,1,0,0,0,0,0.0,0.0,0.642957,1.71607852,-2.55474448,7.54013872,110.466133,-4.87280273,1.19281137,-0.00999999,-3.402775,144.529587,-0.9380474,0.3464766,0.0,0.0,0.0,0.0
20.2163715,DATA,1,0,0,0,0,0.0,0.0,0.5758709,1.71535361,-2.6007688,7.89627838,103.316788,-4.834503,1.19281137,-0.00999999,-3.402775,139.805511,-0.9380474,0.3464766,0.0,0.0,0.0,0.0
20.277113,DATA,1,0,0,0,0,0.0,0.0,0.478468239,1.71465755,-2.69024634,8.158622,97.40483,-4.39996338,1.19281137,-0.00999999,-3.402775,132.116409,-0.9380474,0.3464766,0.0,0.0,0.0,0.0
20.332901,DATA,1,0,0,0,0,0.0,0.0,0.424290925,1.714556,-2.750697,8.127829,92.9456558,-4.142639,1.19281137,-0.00999999,-3.402775,127.432,-0.939725935,0.3418073,0.0,0.0,0.0,0.0
20.3881855,DATA,1,0,0,0,0,0.0,0.0,0.400215864,1.71462762,-2.783063,7.96835232,91.6875153,-3.932434,1.19281137,-0.00999999,-3.402775,125.09594,0.0,0.0,0.0,0.0,0.0,0.0
20.44374,DATA,1,0,0,0,0,0.0,0.0,0.4011748,1.71471238,-2.78333879,7.82229567,91.84997,-3.90274048,1.19281137,-0.00999999,-3.402775,125.09594,0.0,0.0,0.0,0.0,0.0,0.0
20.5023785,DATA,1,0,0,0,0,0.0,0.0,0.401509821,1.71470654,-2.78365541,7.772046,91.83872,-4.029602,1.19281137,-0.00999999,-3.402775,125.09594,0.0,0.0,0.0,0.0,0.0,0.0
20.554985,DATA,1,0,0,0,0,0.0,0.0,0.401375771,1.71453071,-2.78408623,7.760852,91.74671,-4.17550659,1.19281137,-0.00999999,-3.402775,125.09594,0.0,0.0,0.0,0.0,0.0,0.0
20.6090431,DATA,1,0,0,0,0,0.0,0.0,0.4009135,1.71448517,-2.784419,7.733051,91.77221,-4.27780151,1.19281137,-0.00999999,-3.402775,125.09594,0.0,0.0,0.0,0.0,0.0,0.0
20.6659355,DATA,1,0,0,0,0,0.0,0.0,0.400308341,1.71459925,-2.785073,7.715328,91.8780441,-4.24307251,1.19281137,-0.00999999,-3.402775,125.09594,0.0,0.0,0.0,0.0,0.0,0.0
20.7275848,DATA,1,0,0,0,0,0.0,0.0,0.399556518,1.71470773,-2.785524,7.67311239,91.964,-4.238495,1.19281137,-0.00999999,-3.402775,125.09594,0.0,0.0,0.0,0.0,0.0,0.0
20.7840233,DATA,1,0,0,0,0,0.0,0.0,0.398866057,1.71472669,-2.78577042,7.673012,91.53867,-4.199188,1.19281137,-0.00999999,-3.402775,125.09594,-0.498184144,0.120365024,0.0,0.0,0.0,0.0
20.8391171,DATA,1,0,0,0,0,0.0,0.0,0.360742033,1.71461308,-2.837549,7.66601133,87.52894,-4.152069,1.19281137,-0.00999999,-3.402775,121.453552,-0.9588,0.2839747,0.0,0.0,0.0,1.0
20.8951378,DATA,1,0,0,0,0,0.0,0.0,0.349067,1.71462142,-2.85572577,7.649656,86.27738,-4.13806152,1.19281137,-0.00999999,-3.402775,120.235863,-0.9577013,0.287606418,0.0,0.0,0.0,1.0
20.95732,DATA,1,0,0,0,0,0.0,0.0,0.349273533,1.71464539,-2.855859,7.677722,86.2569656,-4.190399,1.19281137,-0.00999999,-3.402775,120.235863,-0.958494842,0.284951329,0.0,0.0,0.0,1.0
21.012291,DATA,1,0,0,0,0,0.0,0.0,0.349752367,1.71464109,-2.85603213,7.634444,86.23237,-4.264496,1.19281137,-0.00999999,-3.402775,120.235863,-0.958037,0.2865383,0.0,0.0,0.0,0.0
21.0680332,DATA,1,0,0,0,0,0.0,0.0,0.349980772,1.71454692,-2.85549164,7.6207633,85.99444,-4.309204,1.19281137,-0.00999999,-3.402775,120.235863,-0.958342254,0.285531163,0.0,0.0,0.0,0.0
21.1243725,DATA,1,0,0,0,0,0.0,0.0,0.350261956,1.71447539,-2.855124,7.626707,85.71186,-4.346283,1.19281137,-0.00999999,-3.402775,120.235863,-0.958342254,0.285531163,0.0,0.0,0.0,0.0
21.1797867,DATA,1,0,0,0,0,0.0,0.0,0.350541979,1.71447337,-2.85463357,7.625153,85.54041,-4.33782959,1.19281137,-0.00999999,-3.402775,120.235863,-0.958342254,0.285531163,0.0,0.0,0.0,0.0
21.23543,DATA,1,0,0,0,0,0.0,0.0,0.350802958,1.7144891,-2.85418153,7.649576,85.39342,-4.32333374,1.19281137,-0.00999999,-3.402775,120.235863,-0.958342254,0.285531163,0.0,0.0,0.0,0.0
21.2908516,DATA,1,0,0,0,0,0.0,0.0,0.350798249,1.71448231,-2.85354,7.69276428,85.19774,-4.267761,1.19281137,-0.00999999,-3.402775,120.235863,-0.965514064,0.260292351,0.0,0.0,0.0,0.0
21.35299,DATA,1,0,0,0,0,0.0,0.0,0.351273656,1.71448314,-2.8532176,7.6614666,85.8846054,-4.19271851,1.19281137,-0.00999999,-3.402775,120.235863,0.0,0.0,0.0,0.0,0.0,0.0
21.4075184,DATA,1,0,0,0,0,0.0,0.0,0.351050019,1.71453416,-2.85267758,7.669288,85.8029251,-4.1362915,1.19281137,-0.00999999,-3.402775,120.235863,0.0,0.0,0.0,0.0,0.0,0.0
21.4637089,DATA,1,0,0,0,0,0.0,0.0,0.3717476,1.714544,-2.81444263,7.68542862,85.74294,-4.09313965,1.19281137,-0.00999999,-3.402775,120.235863,0.0,0.0,0.0,-0.9997809,-0.02093554,0.0
21.51944,DATA,1,0,0,0,0,0.0,0.0,0.375319779,1.71454954,-2.81891131,7.70537663,85.78559,-4.040283,1.19281137,-0.00999999,-3.402775,120.235863,0.0,0.0,0.0,-0.9933023,0.115544967,0.0
21.5746841,DATA,1,0,0,0,0,0.0,0.0,0.379302561,1.71450877,-2.823,7.718177,85.86434,-3.93292236,1.19281137,-0.00999999,-3.402775,120.235863,0.0,0.0,0.0,-0.9653978,0.260782242,0.0
21.6305122,DATA,1,0,0,0,0,0.0,0.0,0.350356817,1.71459818,-2.85112357,7.70273733,85.9590149,-3.797577,1.19281137,-0.00999999,-3.402775,120.235863,0.0,0.0,0.0,0.0,0.0,0.0
21.68572,DATA,1,0,0,0,0,0.0,0.0,0.350251436,1.71464193,-2.85103869,7.6680603,86.18117,-3.643097,1.19281137,-0.00999999,-3.402775,120.235863,0.0,0.0,0.0,0.0,0.0,0.0
21.7415352,DATA,1,0,0,0,0,0.0,0.0,0.350329667,1.71470034,-2.850919,7.64810944,86.3885,-3.48422241,1.19281137,-0.00999999,-3.402775,120.235863,0.0,0.0,0.0,0.0,0.0,0.0
21.7966442,DATA,1,0,0,0,0,0.0,0.0,0.3502434,1.714569,-2.85055947,7.663337,86.53707,-3.35195923,1.19281137,-0.00999999,-3.402775,120.235863,0.0,0.0,0.0,0.0,0.0,0.0
21.8518219,DATA,1,0,0,0,0,0.0,0.0,0.350291818,1.71449053,-2.85034561,7.66961765,86.5778656,-3.20840454,1.19281137,-0.00999999,-3.402775,120.235863,0.0,0.0,0.0,0.0,0.0,0.0
21.907835,DATA,1,0,0,0,0,0.0,0.0,0.350241035,1.71457493,-2.850126,7.68576431,86.63608,-3.16687,1.19281137,-0.00999999,-3.402775,120.235863,0.0,0.0,0.0,0.0,0.0,0.0
21.9635582,DATA,1,0,0,0,0,0.0,0.0,0.3502327,1.71458852,-2.85016632,7.68051,86.7367859,-3.12863159,1.19281137,-0.00999999,-3.402775,120.235863,0.0,0.0,0.0,0.0,0.0,0.0
22.0229282,DATA,1,0,0,0,0,0.0,0.0,0.3500059,1.714535,-2.84987378,7.64842558,86.83639,-3.09173584,1.19281137,-0.00999999,-3.402775,120.235863,0.0,0.0,0.0,0.0,0.0,0.0
22.0744438,DATA,1,0,0,0,0,0.0,0.0,0.349899471,1.714508,-2.850047,7.634947,87.02681,-3.009491,1.19281137,-0.00999999,-3.402775,120.235863,0.0,0.0,0.0,0.0,0.0,1.0
22.1295338,DATA,1,0,0,0,0,0.0,0.0,0.349761277,1.71452177,-2.85022283,7.62341166,87.26673,-2.912262,1.19281137,-0.00999999,-3.402775,120.235863,0.0,0.0,0.0,0.0,0.0,1.0
22.1858253,DATA,1,0,0,0,0,0.0,0.0,0.3496292,1.7144984,-2.850481,7.64718676,87.47274,-2.80511475,1.19281137,-0.00999999,-3.402775,120.235863,0.0,0.0,0.0,0.0,0.0,0.0
22.2416229,DATA,1,0,0,0,0,0.0,0.0,0.349543452,1.71454906,-2.85075259,7.640267,87.6830139,-2.73843384,1.19281137,-0.00999999,-3.402775,120.235863,0.0,0.0,0.0,0.0,0.0,0.0
22.29633,DATA,1,0,0,0,0,0.0,0.0,0.34940213,1.714662,-2.85096765,7.63320446,87.87518,-2.68881226,1.19281137,-0.00999999,-3.402775,120.235863,0.0,0.0,0.0,0.0,0.0,0.0
22.3518639,DATA,1,0,0,0,0,0.0,0.0,0.3493628,1.71473527,-2.851627,7.60248137,88.13534,-2.68338013,1.19281137,-0.00999999,-3.402775,120.235863,0.0,0.0,0.0,0.0,0.0,0.0
22.4077015,DATA,1,0,0,0,0,0.0,0.0,0.3492124,1.714699,-2.852181,7.59817553,88.38676,-2.71502686,1.19281137,-0.00999999,-3.402775,120.235863,0.0,0.0,0.0,0.0,0.0,0.0
22.46289,DATA,1,0,0,0,0,0.0,0.0,0.349145651,1.71468711,-2.85292172,7.595744,88.61432,-2.739563,1.19281137,-0.00999999,-3.402775,120.235863,0.0,0.0,0.0,0.0,0.0,0.0
22.5196114,DATA,1,0,0,0,0,0.0,0.0,0.348891556,1.71469247,-2.85317779,7.580082,88.84316,-2.75036621,1.19281137,-0.00999999,-3.402775,120.235863,0.0,0.0,0.0,0.0,0.0,0.0
22.5745525,DATA,1,0,0,0,0,0.0,0.0,0.348764658,1.71473014,-2.85390663,7.55535126,89.07499,-2.71411133,1.19281137,-0.00999999,-3.402775,120.235863,0.0,0.0,0.0,0.0,0.0,0.0
22.6299229,DATA,1,0,0,0,0,0.0,0.0,0.3486837,1.71491086,-2.85440278,7.540359,89.3946457,-2.72598267,1.19281137,-0.00999999,-3.402775,120.235863,0.0,0.0,0.0,0.0,0.0,0.0
22.6855869,DATA,1,0,0,0,0,0.0,0.0,0.348529249,1.71498227,-2.855118,7.50973225,89.6988144,-2.70214844,1.19281137,-0.00999999,-3.402775,120.235863,0.0,0.0,0.0,0.0,0.0,0.0
22.74142,DATA,1,0,0,0,0,0.0,0.0,0.348194122,1.715052,-2.85550427,7.44322443,90.0380554,-2.67865,1.19281137,-0.00999999,-3.402775,120.235863,0.0,0.0,0.0,0.0,0.0,0.0
22.7960186,DATA,1,0,0,0,0,0.0,0.0,0.347895831,1.71521938,-2.856247,7.366359,90.43994,-2.69161987,1.19281137,-0.00999999,-3.402775,120.235863,0.0,0.0,0.0,0.0,0.0,0.0
22.85123,DATA,1,0,0,0,0,0.0,0.0,0.347554743,1.71547353,-2.856946,7.286335,90.9499054,-2.68539429,1.19281137,-0.00999999,-3.402775,120.235863,0.0,0.0,0.0,0.0,0.0,0.0
22.9071884,DATA,1,0,0,0,0,0.0,0.0,0.347216547,1.71577668,-2.85790563,7.167739,91.57713,-2.634491,1.19281137,-0.00999999,-3.402775,120.235863,0.0,0.0,0.0,0.0,0.0,0.0
22.9631634,DATA,1,0,0,0,0,0.0,0.0,0.346759826,1.71609783,-2.85902238,7.025903,92.32494,-2.592865,1.19281137,-0.00999999,-3.402775,120.235863,0.0,0.0,0.0,0.0,0.0,0.0
23.0186672,DATA,1,0,0,0,0,0.0,0.0,0.346208841,1.71651292,-2.86023045,6.852619,93.17574,-2.53939819,1.19281137,-0.00999999,-3.402775,120.235863,0.0,0.0,0.0,0.0,0.0,0.0
23.0743484,DATA,1,0,0,0,0,0.0,0.0,0.3457094,1.716959,-2.86159515,6.648423,94.02995,-2.473175,1.19281137,-0.00999999,-3.402775,120.235863,0.0,0.0,0.0,0.0,0.0,0.0
23.130064,DATA,1,0,0,0,0,0.0,0.0,0.3450957,1.71726418,-2.86266184,6.49725246,94.8887558,-2.39105225,1.19281137,-0.00999999,-3.402775,120.235863,0.0,0.0,0.0,0.0,0.0,0.0
23.186018,DATA,1,0,0,0,0,0.0,0.0,0.344350427,1.71760237,-2.86398268,6.38424826,95.71331,-2.28570557,1.19281137,-0.00999999,-3.402775,120.235863,0.0,0.0,0.0,0.0,0.0,0.0
23.2417259,DATA,1,0,0,0,0,0.0,0.0,0.343368858,1.717855,-2.86506677,6.34862471,96.50546,-2.1774292,1.19281137,-0.00999999,-3.402775,120.235863,0.0,0.0,0.0,0.0,0.0,0.0
23.2967453,DATA,1,0,0,0,0,0.0,0.0,0.3424089,1.71815085,-2.86622763,6.25565,97.29813,-2.00839233,1.19281137,-0.00999999,-3.402775,120.235863,0.0,0.0,0.0,0.0,0.0,0.0
23.3520012,DATA,1,0,0,0,0,0.0,0.0,0.341365218,1.71861041,-2.86718941,6.114164,98.11146,-1.801178,1.19281137,-0.00999999,-3.402775,120.235863,0.0,0.0,0.0,0.0,0.0,0.0
23.4074783,DATA,1,0,0,0,0,0.0,0.0,0.340373933,1.71918654,-2.86860776,5.780969,99.10677,-1.51809692,1.19281137,-0.00999999,-3.402775,120.235863,0.0,0.0,0.0,0.0,0.0,0.0
23.4627571,DATA,1,0,0,0,0,0.0,0.0,0.339488149,1.719962,-2.87031651,5.535233,100.180618,-1.296051,1.19281137,-0.00999999,-3.402775,120.235863,0.0,0.0,0.0,0.0,0.0,0.0
23.5192337,DATA,1,0,0,0,0,0.0,0.0,0.338684022,1.72051644,-2.87211132,5.34033442,101.268616,-1.19482422,1.19281137,-0.00999999,-3.402775,120.235863,0.0,0.0,0.0,0.0,0.0,0.0
23.5744686,DATA,1,0,0,0,0,0.0,0.0,0.337887883,1.72035289,-2.87367535,5.341755,102.191742,-1.29476929,1.19281137,-0.00999999,-3.402775,120.235863,0.0,0.0,0.0,0.0,0.0,0.0
23.6301556,DATA,1,0,0,0,0,0.0,0.0,0.337280959,1.72039747,-2.87513661,5.33347,103.018219,-1.496521,1.19281137,-0.00999999,-3.402775,120.235863,0.0,0.0,0.0,0.0,0.0,0.0
23.68582,DATA,1,0,0,0,0,0.0,0.0,0.3370787,1.72042143,-2.87659454,5.214002,103.705986,-1.802063,1.19281137,-0.00999999,-3.402775,120.235863,0.0,0.0,0.0,0.0,0.0,0.0
23.7411861,DATA,1,0,0,0,0,0.0,0.0,0.3372824,1.72045481,-2.877792,5.30468655,104.27346,-1.94818115,1.19281137,-0.00999999,-3.402775,120.235863,0.0,0.0,0.0,0.0,0.0,0.0
23.7960758,DATA,1,0,0,0,0,0.0,0.0,0.33747378,1.71996379,-2.87867522,5.551512,104.567215,-2.17721558,1.19281137,-0.00999999,-3.402775,120.235863,0.0,0.0,0.0,0.0,0.0,0.0
23.8515453,DATA,1,0,0,0,0,0.0,0.0,0.337614328,1.7195847,-2.87918735,5.80642748,104.74971,-2.42633057,1.19281137,-0.00999999,-3.402775,120.235863,0.0,0.0,0.0,0.0,0.0,0.0
23.9076862,DATA,1,0,0,0,0,0.0,0.0,0.3377238,1.71822858,-2.88002849,6.611045,105.119659,-2.96920776,1.19281137,-0.00999999,-3.402775,120.235863,0.0,0.0,0.0,0.0,0.0,0.0
23.9630413,DATA,1,0,0,0,0,0.0,0.0,0.337890357,1.71758342,-2.88114929,7.25803757,105.474472,-3.33093262,1.19281137,-0.00999999,-3.402775,120.235863,0.0,0.0,0.0,0.0,0.0,0.0
24.01835,DATA,1,0,0,0,0,0.0,0.0,0.33772397,1.71796989,-2.882126,6.929031,105.659538,-3.038971,1.19281137,-0.00999999,-3.402775,120.235863,0.0,0.0,0.0,0.0,0.0,0.0
24.0746231,DATA,1,0,0,0,0,0.0,0.0,0.3368822,1.71856856,-2.8826077,6.678121,105.924118,-2.51776123,1.19281137,-0.00999999,-3.402775,120.235863,0.0,0.0,0.0,0.0,0.0,0.0
24.1294537,DATA,1,0,0,0,0,0.0,0.0,0.3361014,1.71876645,-2.88262534,6.59938049,106.079727,-2.31671143,1.19281137,-0.00999999,-3.402775,120.235863,0.0,0.0,0.0,0.0,0.0,0.0
24.1853065,DATA,1,0,0,0,0,0.0,0.0,0.335438579,1.71870828,-2.88261342,6.64179659,105.993385,-2.30001831,1.19281137,-0.00999999,-3.402775,120.235863,0.0,0.0,0.0,0.0,0.0,0.0
24.2414722,DATA,1,0,0,0,0,0.0,0.0,0.335174263,1.71860051,-2.88260841,6.69310331,105.809532,-2.46170044,1.19281137,-0.00999999,-3.402775,120.235863,0.0,0.0,0.0,0.0,0.0,0.0
24.2960777,DATA,1,0,0,0,0,0.0,0.0,0.3352454,1.7182585,-2.88277125,6.696488,105.667839,-2.63797,1.19281137,-0.00999999,-3.402775,120.235863,0.0,0.0,0.0,0.0,0.0,0.0
24.3516979,DATA,1,0,0,0,0,0.0,0.0,0.335631162,1.71793187,-2.88295245,6.68045759,105.609955,-2.95321655,1.19281137,-0.00999999,-3.402775,120.235863,0.0,0.0,0.0,0.0,0.0,0.0
24.4075241,DATA,1,0,0,0,0,0.0,0.0,0.336072356,1.71769488,-2.883205,6.710102,105.583344,-3.309082,1.19281137,-0.00999999,-3.402775,120.235863,0.0,0.0,0.0,0.0,0.0,0.0
24.4634933,DATA,1,0,0,0,0,0.0,0.0,0.336581469,1.71758115,-2.8836,6.71237,105.777115,-3.71069336,1.19281137,-0.00999999,-3.402775,120.235863,0.0,0.0,0.0,0.0,0.0,0.0
24.5205612,DATA,1,0,0,0,0,0.0,0.0,0.336840838,1.71728659,-2.88452649,6.76835537,106.184258,-4.0960083,1.19281137,-0.00999999,-3.402775,120.235863,0.0,0.0,0.0,0.0,0.0,0.0
24.5740681,DATA,1,0,0,0,0,0.0,0.0,0.336862147,1.717067,-2.885595,6.793318,106.79026,-4.520569,1.19281137,-0.00999999,-3.402775,120.235863,0.0,0.0,0.0,0.0,0.0,0.0
24.6293983,DATA,1,0,0,0,0,0.0,0.0,0.336647332,1.71700752,-2.886905,6.705083,107.525215,-4.97271729,1.19281137,-0.00999999,-3.402775,120.235863,0.0,0.0,0.0,0.0,0.0,0.0
24.685358,DATA,1,0,0,0,0,0.0,0.0,0.3361006,1.71686387,-2.88837171,6.72646236,108.292946,-5.30316162,1.19281137,-0.00999999,-3.402775,120.235863,0.0,0.0,0.0,0.0,0.0,0.0
24.740921,DATA,1,0,0,0,0,0.0,0.0,0.3352679,1.71643841,-2.88952,6.89053535,108.976631,-5.43347168,1.19281137,-0.00999999,-3.402775,120.235863,0.0,0.0,0.0,0.0,0.0,0.0
24.79627,DATA,1,0,0,0,0,0.0,0.0,0.334475815,1.71625686,-2.89042616,7.04138947,109.527489,-5.436096,1.19281137,-0.00999999,-3.402775,120.235863,0.0,0.0,0.0,0.0,0.0,0.0
24.8517189,DATA,1,0,0,0,0,0.0,0.0,0.333841056,1.71623206,-2.891116,7.030848,109.847054,-5.411438,1.19281137,-0.00999999,-3.402775,120.235863,0.0,0.0,0.0,0.0,0.0,0.0
24.9073124,DATA,1,0,0,0,0,0.0,0.0,0.333430916,1.7163769,-2.89135861,6.96744633,109.861649,-5.37142944,1.19281137,-0.00999999,-3.402775,120.235863,0.0,0.0,0.0,0.0,0.0,0.0
24.9633083,DATA,1,0,0,0,0,0.0,0.0,0.333336264,1.7163316,-2.89143562,6.995318,109.699936,-5.38693237,1.19281137,-0.00999999,-3.402775,120.235863,0.0,0.0,0.0,0.0,0.0,0.0
25.0186882,DATA,1,0,0,0,0,0.0,0.0,0.33344692,1.71643984,-2.89155436,6.978949,109.536186,-5.487915,1.19281137,-0.00999999,-3.402775,120.235863,0.0,0.0,0.0,0.0,0.0,0.0
25.07431,DATA,1,0,0,0,0,0.0,0.0,0.333630621,1.71641743,-2.8916676,7.00629854,109.419144,-5.497986,1.19281137,-0.00999999,-3.402775,120.235863,0.0,0.0,0.0,0.0,0.0,0.0
25.1293716,DATA,1,0,0,0,0,0.0,0.0,0.334025919,1.71634066,-2.89189887,7.026185,109.3394,-5.55603027,1.19281137,-0.00999999,-3.402775,120.235863,0.0,0.0,0.0,0.0,0.0,0.0
25.1851521,DATA,1,0,0,0,0,0.0,0.0,0.334557742,1.71605241,-2.89211464,7.15376949,109.254364,-5.58169556,1.19281137,-0.00999999,-3.402775,120.235863,0.0,0.0,0.0,0.0,0.0,0.0
25.2406635,DATA,1,0,0,0,0,0.0,0.0,0.335240543,1.71576774,-2.89198017,7.269647,109.145035,-5.672119,1.19281137,-0.00999999,-3.402775,120.235863,0.0,0.0,0.0,0.0,0.0,0.0
25.2551785,GAME_STARTED,1,0,0,0,0,0.0,0.0,0.0,0.0,0.0,0.0,0.0,0.0,0.0,0.0,0.0,0.0,0.0,0.0,0.0,0.0,0.0,0.0
25.2551785,MAZE_STARTED,1,1,0,10,0,0.0,0.0,0.0,0.0,0.0,0.0,0.0,0.0,0.0,0.0,0.0,0.0,0.0,0.0,0.0,0.0,0.0,0.0
25.2947521,DATA,1,1,0,10,0,0.03957367,0.03957367,-8.009817,1.72566986,-8.997687,7.307149,-11.3102112,-5.690399,-8.0,0.0,-8.0,0.0,0.0,0.0,0.0,0.0,0.0,0.0
25.3501,DATA,1,1,0,10,0,0.09492111,0.09492111,-8.010127,1.72563052,-8.997507,7.300057,-11.5115967,-5.740814,-8.0,0.0,-8.0,0.0,0.0,0.0,0.0,0.0,0.0,0.0
25.4072151,DATA,1,1,0,10,0,0.152036667,0.152036667,-8.010394,1.72559226,-8.997581,7.30629444,-11.6930847,-5.79177856,-8.0,0.0,-8.0,0.0,0.0,0.0,0.0,0.0,0.0,0.0
25.463728,DATA,1,1,0,10,0,0.2085495,0.2085495,-8.010682,1.72570992,-8.997761,7.2831316,-11.8380737,-5.814209,-8.0,0.0,-8.0,0.0,0.0,0.0,0.0,0.0,0.0,0.0
25.5191,DATA,1,1,0,10,0,0.263921738,0.263921738,-8.010988,1.72584307,-8.997983,7.20213842,-12.0000305,-5.82940674,-8.0,0.0,-8.0,0.0,0.0,0.0,0.0,0.0,0.0,0.0
25.5747452,DATA,1,1,0,10,0,0.319566727,0.319566727,-8.011262,1.72609448,-8.998414,7.067212,-12.16095,-5.75912476,-8.0,0.0,-8.0,0.0,0.0,0.0,0.0,0.0,0.0,0.0
25.6297035,DATA,1,1,0,10,0,0.37452507,0.37452507,-8.011418,1.72620964,-8.998973,7.00481939,-12.2820129,-5.712219,-8.0,0.0,-8.0,0.0,0.0,0.0,0.0,0.0,0.0,0.0
25.6854248,DATA,1,1,0,10,0,0.430246353,0.430246353,-8.011367,1.72628534,-8.999306,6.961949,-12.2848511,-5.67950439,-8.0,0.0,-8.0,0.0,0.0,0.0,0.0,0.0,0.0,0.0
25.7413559,DATA,1,1,0,10,0,0.486177444,0.486177444,-8.01129,1.72637355,-8.999467,6.91432333,-12.1837158,-5.63604736,-8.0,0.0,-8.0,0.0,0.0,0.0,0.0,0.0,0.0,0.0
25.7969036,DATA,1,1,0,10,0,0.541725159,0.541725159,-8.011255,1.72643876,-8.999558,6.848545,-12.0264893,-5.55163574,-8.0,0.0,-8.0,0.0,0.0,0.0,0.0,0.0,0.0,0.0
25.8517075,DATA,1,1,0,10,0,0.596529,0.596529,-8.011096,1.726462,-8.999624,6.809376,-11.80484,-5.45755,-8.0,0.0,-8.0,0.0,0.0,0.0,0.0,0.0,0.0,0.0
25.90746,DATA,1,1,0,10,0,0.6522808,0.6522808,-8.010467,1.72651291,-8.999451,6.778081,-11.2258,-5.316162,-8.0,0.0,-8.0,0.0,0.0,0.0,0.0,0.0,0.0,0.0
25.9632568,DATA,1,1,0,10,0,0.7080784,0.7080784,-8.009472,1.72656333,-8.958424,6.68153954,-10.54892,-5.120819,-8.0,0.0,-7.95891762,0.0,0.0,0.0,1.0,0.0,0.0,0.0
26.0191364,DATA,1,1,0,10,0,0.763958,0.763958,-8.008669,1.71665549,-8.792204,6.598881,-10.0146179,-4.93273926,-8.0,-0.01000011,-7.79287243,0.0,0.0,0.0,1.0,0.0,0.0,0.0
26.07455,DATA,1,1,0,10,0,0.8193722,0.8193722,-8.00814,1.71663094,-8.624637,6.587581,-9.87439,-4.822296,-8.0,-0.01000005,-7.625382,0.0,0.0,0.0,1.0,0.0,0.0,0.0
26.129364,DATA,1,1,0,10,0,0.874185562,0.874185562,-8.008346,1.716661,-8.458206,6.562008,-10.191803,-4.78717041,-8.0,-0.01000005,-7.45910549,0.0,0.0,0.0,1.0,0.0,0.0,0.0
26.1860027,DATA,1,1,0,10,0,0.9308243,0.9308243,-8.008828,1.71676028,-8.291613,6.514449,-10.6620178,-4.78121948,-8.0,-0.01000011,-7.29264069,0.0,0.0,0.0,1.0,0.0,0.0,0.0
26.2411118,DATA,1,1,0,10,0,0.9859333,0.9859333,-8.009204,1.71684527,-8.125225,6.46513033,-11.0935364,-4.76376343,-8.0,-0.01000005,-7.126445,0.0,0.0,0.0,1.0,0.0,0.0,0.0
26.29712,DATA,1,1,0,10,0,1.04194069,1.04194069,-8.009476,1.71686459,-7.958308,6.412995,-11.4815063,-4.781555,-8.0,-0.01000011,-6.95969629,0.0,0.0,0.0,1.0,0.0,0.0,0.0
26.3517113,DATA,1,1,0,10,0,1.09653282,1.09653282,-8.009902,1.71693838,-7.79159546,6.33778334,-11.9830627,-4.717102,-8.0,-0.01000011,-6.793264,0.0,0.0,0.0,1.0,0.0,0.0,0.0
26.4079914,DATA,1,1,0,10,0,1.152813,1.152813,-8.010473,1.71708632,-7.625903,6.320943,-12.47583,-4.7331543,-8.0,-0.01000005,-6.62805033,0.0,0.0,0.0,1.0,0.0,0.0,0.0
26.4638176,DATA,1,1,0,10,0,1.20863914,1.20863914,-8.010745,1.71705759,-7.457975,6.40889263,-12.6605225,-4.670227,-8.0,-0.00999999,-6.460821,0.0,0.0,0.0,1.0,0.0,0.0,0.0
26.51877,DATA,1,1,0,10,0,1.26359177,1.26359177,-8.011037,1.71699023,-7.284574,6.44865942,-12.9176025,-4.63925171,-8.0,-0.01000005,-6.28805542,0.0,0.0,0.0,1.0,0.0,0.0,0.0
26.5803242,DATA,1,1,1,10,0,1.32514572,1.32514572,-8.011679,1.71702719,-7.1233716,6.397318,-13.6130371,-4.734009,-8.0,-0.01000005,-6.12710238,0.0,0.0,0.0,1.0,0.0,0.0,0.0
26.63042,DATA,1,1,1,10,0,1.37524223,1.37524223,-8.012757,1.71716285,-6.95481968,6.292841,-14.7165833,-4.92938232,-8.0,-0.01000005,-5.95837355,0.0,0.0,0.0,1.0,0.0,0.0,0.0
26.6857319,DATA,1,1,1,10,0,1.43055344,1.43055344,-8.013852,1.71740556,-6.790547,6.16381264,-15.8766785,-5.087494,-8.0,-0.01000005,-5.79354429,0.0,0.0,0.0,1.0,0.0,0.0,0.0
26.74114,DATA,1,1,1,10,0,1.48596191,1.48596191,-8.01495552,1.71743441,-6.624077,6.10928249,-17.0829468,-5.376648,-8.0,-0.01000011,-5.62653875,0.0,0.0,0.0,1.0,0.0,0.0,0.0
26.7971077,DATA,1,1,1,10,0,1.54192924,1.54192924,-8.015785,1.71712422,-6.456433,6.24254942,-18.138092,-5.66027832,-8.0,-0.01000005,-5.45869255,0.0,0.0,0.0,1.0,0.0,0.0,0.0
26.8520813,DATA,1,1,1,10,0,1.59690285,1.59690285,-8.016889,1.7169919,-6.2889204,6.29078,-18.9143677,-5.76159668,-8.0,-0.01000005,-5.291187,0.0,0.0,0.0,1.0,0.0,0.0,0.0
26.90799,DATA,1,1,1,10,0,1.652811,1.652811,-8.017505,1.71711016,-6.12631655,6.23327446,-19.0232239,-5.501709,-8.0,-0.01000005,-5.12873125,0.0,0.0,0.0,1.0,0.0,0.0,0.0
26.96373,DATA,1,1,1,10,0,1.70855141,1.70855141,-8.016748,1.71741867,-5.9578414,6.160917,-17.9554443,-4.97631836,-8.0,-0.01000005,-4.960566,0.0,0.0,0.0,1.0,0.0,0.0,0.0
27.018671,DATA,1,1,1,10,0,1.76349258,1.76349258,-8.014522,1.7180686,-5.79093647,5.95492125,-16.1297913,-4.233032,-8.0,-0.01000005,-4.79414225,0.0,0.0,0.0,1.0,0.0,0.0,0.0
27.0745888,DATA,1,1,1,10,0,1.81941032,1.81941032,-8.011936,1.71814322,-5.62273,5.98195553,-13.8091431,-3.68032837,-8.0,-0.01000005,-4.626175,0.0,0.0,0.0,1.0,0.0,0.0,0.0
27.1295834,DATA,1,1,1,10,0,1.87440491,1.87440491,-8.009341,1.71840191,-5.455162,5.953438,-11.4656372,-3.16955566,-8.0,-0.01000005,-4.458694,0.0,0.0,0.0,1.0,0.0,0.0,0.0
27.18549,DATA,1,1,1,10,0,1.9303112,1.9303112,-8.006431,1.71865535,-5.29063559,5.809496,-8.961761,-2.630371,-8.0,-0.01000005,-4.293924,0.0,0.0,0.0,1.0,0.0,0.0,0.0
27.2413139,DATA,1,1,1,10,0,1.98613548,1.98613548,-8.003112,1.71911907,-5.12281,5.48852539,-6.27566528,-1.960907,-8.0,-0.01000005,-4.125506,0.0,0.0,0.0,1.0,0.0,0.0,0.0
27.29701,DATA,1,1,1,10,0,2.041832,2.041832,-7.99979973,1.71928716,-4.957403,5.402669,-3.63418579,-1.35491943,-8.0,-0.01000005,-3.959254,0.0,0.0,0.0,1.0,0.0,0.0,0.0
27.3524323,DATA,1,1,1,10,0,2.0972538,2.0972538,-7.99750662,1.71899724,-4.78979,5.60540342,-1.76330566,-1.06399536,-8.0,-0.01000005,-3.79088855,0.0,0.0,0.0,1.0,0.0,0.0,0.0
27.4073524,DATA,1,1,1,10,0,2.152174,2.152174,-7.996172,1.71866286,-4.626145,5.851524,-0.6131897,-0.8029785,-8.0,-0.01000011,-3.62665462,0.0,0.0,0.0,1.0,0.0,0.0,0.0
27.4634228,DATA,1,1,1,10,0,2.20824432,2.20824432,-7.99506044,1.718644,-4.46096373,5.879112,0.16365853,-0.382537842,-8.0,-0.01000011,-3.46115875,0.0,0.0,0.0,1.0,0.0,0.0,0.0
27.5190678,DATA,1,1,1,10,0,2.26388931,2.26388931,-7.9945116,1.719015,-4.29333258,5.68239069,0.5833192,0.00237375614,-8.0,-0.01000011,-3.2932713,0.0,0.0,0.0,1.0,0.0,0.0,0.0
27.57466,DATA,1,1,1,10,0,2.319481,2.319481,-7.994188,1.7188859,-4.1262846,5.7603035,0.765712738,0.03108145,-8.0,-0.01000005,-3.126161,0.0,0.0,0.0,1.0,0.0,0.0,0.0
27.6299114,DATA,1,1,1,10,0,2.374733,2.374733,-7.99422455,1.7187804,-3.95826578,5.839696,0.8122267,-0.0519104,-8.0,-0.01000011,-2.95817,0.0,0.0,0.0,1.0,0.0,0.0,0.0
27.6852684,DATA,1,1,1,10,0,2.43009,2.43009,-7.994143,1.71866822,-3.79543447,5.85933971,0.880168557,-0.045135498,-8.0,-0.01000005,-2.79580355,0.0,0.0,0.0,1.0,0.0,0.0,0.0
27.7415562,DATA,1,1,1,10,0,2.48637772,2.48637772,-7.99426,1.71860409,-3.62540483,5.911924,1.01173413,-0.0155944824,-8.0,-0.01000005,-2.62631345,0.0,0.0,0.0,1.0,0.0,0.0,0.0
27.7963524,DATA,1,1,1,10,0,2.541174,2.541174,-7.994198,1.71845317,-3.45936942,5.949729,1.18144464,0.008193426,-8.0,-0.01000005,-2.46067619,0.0,0.0,0.0,1.0,0.0,0.0,0.0
27.8506756,DATA,1,1,1,10,0,2.59549713,2.59549713,-7.994192,1.71831942,-3.29261971,5.95243168,1.2637291,0.0118132522,-8.0,-0.01000005,-2.29418421,0.0,0.0,0.0,1.0,0.0,0.0,0.0
27.9072914,DATA,1,1,1,10,0,2.652113,2.652113,-7.99421,1.718214,-3.127609,5.95502853,1.33125091,-0.0351867676,-8.0,-0.01000005,-2.129131,0.0,0.0,0.0,1.0,0.0,0.0,0.0
27.9624538,DATA,1,1,1,10,0,2.70727539,2.70727539,-7.994512,1.71824241,-2.96223116,5.91642475,1.28212106,-0.015045166,-8.0,-0.01000005,-1.96369636,0.0,0.0,0.0,1.0,0.0,0.0,0.0
28.0185623,DATA,1,1,1,10,0,2.76338387,2.76338387,-7.994951,1.71828246,-2.79364419,5.898919,1.23085988,0.112174638,-8.0,-0.01000005,-1.79505682,0.0,0.0,0.0,1.0,0.0,0.0,0.0
28.07372,DATA,1,1,1,10,0,2.81854248,2.81854248,-7.995357,1.71840787,-2.626409,5.81916237,1.10491908,0.148321554,-8.0,-0.01000005,-1.62748516,0.0,0.0,0.0,1.0,0.0,0.0,0.0
28.1288071,DATA,1,1,1,10,0,2.87362862,2.87362862,-7.995715,1.71849561,-2.46058559,5.798117,1.06174672,0.1350991,-8.0,-0.01000011,-1.46128178,0.0,0.0,0.0,1.0,0.0,0.0,0.0
28.1851482,DATA,1,1,1,10,0,2.92996979,2.92996979,-7.99584675,1.71855664,-2.296036,5.795843,1.06495345,0.101519659,-8.0,-0.01000005,-1.296369,0.0,0.0,0.0,1.0,0.0,0.0,0.0
28.2409573,DATA,1,1,1,10,0,2.98577881,2.98577881,-7.99593,1.71857429,-2.12628031,5.79457664,1.08001649,0.0689846054,-8.0,-0.01000005,-1.1264596,0.0,0.0,0.0,1.0,0.0,0.0,0.0
28.2963753,DATA,1,1,1,10,0,3.04119682,3.04119682,-7.995992,1.71861744,-1.96022463,5.788404,1.13642657,0.0711438954,-8.0,-0.01000011,-0.960198343,0.0,0.0,0.0,1.0,0.0,0.0,0.0
28.35105,DATA,1,1,1,10,0,3.095871,3.095871,-7.99589872,1.71851063,-1.79543221,5.772439,1.20881939,0.07840836,-8.0,-0.01000011,-0.795422852,0.0,0.0,0.0,1.0,0.0,0.0,0.0
28.4069939,DATA,1,1,1,10,0,3.15181541,3.15181541,-7.99588966,1.71853,-1.62876391,5.79029274,1.27747786,0.055707857,-8.0,-0.01000011,-0.628682554,0.0,0.0,0.0,1.0,0.0,0.0,0.0
28.462841,DATA,1,1,1,10,0,3.20766258,3.20766258,-7.996045,1.71863484,-1.46385562,5.769497,1.40261638,0.175131366,-8.0,-0.00999999,-0.463869244,0.0,0.0,0.0,1.0,0.0,0.0,0.0
28.517725,DATA,1,1,1,10,0,3.26254654,3.26254654,-7.996488,1.71878028,-1.29533327,5.66320038,1.417349,0.552520931,-8.0,-0.01000005,-0.295475751,0.0,0.0,0.0,1.0,0.0,0.0,0.0
28.5734711,DATA,1,1,1,10,0,3.31829262,3.31829262,-7.99683332,1.71881986,-1.12864769,5.58062649,1.56684494,0.8813562,-8.0,-0.01000005,-0.12873514,0.0,0.0,0.0,1.0,0.0,0.0,0.0
28.62927,DATA,1,1,1,10,0,3.374092,3.374092,-7.99685,1.71887171,-0.962341964,5.53784657,1.79207861,1.05666339,-8.0,-0.01000011,0.0376850367,0.0,0.0,0.0,1.0,0.0,0.0,0.0
28.684742,DATA,1,1,1,10,0,3.42956352,3.42956352,-7.996636,1.71894145,-0.7951652,5.53516865,2.031883,1.07377553,-8.0,-0.01000011,0.204917878,0.0,0.0,0.0,1.0,0.0,0.0,0.0
28.7405472,DATA,1,1,1,10,0,3.48536873,3.48536873,-7.996351,1.71895123,-0.6286863,5.57723236,2.30294538,1.07583535,-8.0,-0.01000011,0.3713985,0.0,0.0,0.0,1.0,0.0,0.0,0.0
28.795927,DATA,1,1,1,10,0,3.5407486,3.5407486,-8.049553,1.71881223,-0.459716,5.674367,6.69882441,1.06399381,-7.997838,-0.0100001693,0.5391042,3.19410157,0.921079159,-0.388927937,1.0,0.0,0.0,0.0
28.8511887,DATA,1,1,1,10,0,3.59601021,3.59601021,-8.114814,1.71869075,-0.2858906,5.75066376,11.6571274,1.0634222,-7.98349476,-0.01000011,0.705626249,7.797846,0.9132359,-0.4073305,1.0,0.0,0.0,0.0
28.9068146,DATA,1,1,1,10,0,3.65163612,3.65163612,-8.164758,1.71862864,-0.109967709,5.8149457,16.6033611,1.05733073,-7.956271,-0.01000011,0.868447065,12.3135071,0.9108249,-0.412732363,1.0,0.0,0.0,0.0
28.96255,DATA,1,1,1,10,0,3.70737076,3.70737076,-8.200746,1.71852851,0.07071174,5.871938,21.5087337,1.03003526,-7.915942,-0.01000005,1.029967,16.8611488,0.9098178,-0.414929628,1.0,0.0,0.0,0.0
29.0188255,DATA,1,1,1,10,0,3.763647,3.763647,-8.222504,1.71842861,0.254989624,5.94425631,26.2649879,0.942945063,-7.86257458,-0.01000005,1.18876755,21.43309,0.9079256,-0.4190191,1.0,0.0,0.0,0.0
29.0731869,DATA,1,1,1,10,0,3.81800842,3.81800842,-8.229193,1.71833408,0.4389998,6.042886,30.5917282,0.76456666,-7.79723024,-0.01000011,1.34175777,25.9419365,0.8146001,-0.422406673,0.0,0.0,0.0,0.0
29.1286926,DATA,1,1,1,10,0,3.87351418,3.87351418,-8.254974,1.71827459,0.451746851,6.080545,31.4602375,0.639640331,-7.79723024,-0.01000011,1.34175777,27.6049576,0.0,0.0,0.0,0.0,0.0,0.0
29.1848412,DATA,1,1,1,10,0,3.9296627,3.9296627,-8.254879,1.718182,0.451468557,6.108807,31.4098034,0.546244144,-7.79723024,-0.01000011,1.34175777,27.6049576,0.0,0.0,0.0,0.0,0.0,0.0
29.2404575,DATA,1,1,1,10,0,3.985279,3.985279,-8.254915,1.71817029,0.451332271,6.098164,31.3019676,0.5265386,-7.79723024,-0.01000011,1.34175777,27.6049576,0.0,0.0,0.0,0.0,0.0,0.0
29.2957973,DATA,1,1,1,10,0,4.040619,4.040619,-8.254925,1.71827376,0.4512565,6.10112,31.1786938,0.452891439,-7.79723024,-0.01000011,1.34175777,27.6049576,0.0,0.0,0.0,0.0,0.0,0.0
29.35098,DATA,1,1,1,10,0,4.09580231,4.09580231,-8.25503349,1.71828473,0.451373756,6.08922243,31.0800762,0.439099967,-7.79723024,-0.01000011,1.34175777,27.6049576,0.0,0.0,0.0,0.0,0.0,0.0
29.4069767,DATA,1,1,1,10,0,4.15179825,4.15179825,-8.2551,1.71824622,0.451619,6.081608,31.02206,0.403017431,-7.79723024,-0.01000011,1.34175777,27.6049576,0.0,0.0,0.0,0.0,0.0,0.0
29.4626217,DATA,1,1,1,10,0,4.207443,4.207443,-8.255134,1.71817553,0.4519034,6.08992529,31.0330563,0.381109685,-7.79723024,-0.01000011,1.34175777,27.6049576,0.0,0.0,0.0,0.0,0.0,0.0
29.517746,DATA,1,1,1,10,0,4.26256752,4.26256752,-8.255161,1.71806574,0.4522108,6.13383961,31.0551147,0.348974556,-7.79723024,-0.01000011,1.34175777,27.6049576,0.0,0.0,0.0,0.0,0.0,0.0
29.5733013,DATA,1,1,1,10,0,4.318123,4.318123,-8.255156,1.71780884,0.452474475,6.35800171,31.09416,0.263295025,-7.79723024,-0.01000011,1.34175777,27.6049576,0.0,0.0,0.0,0.0,0.0,0.0
29.6287937,DATA,1,1,1,10,0,4.37361526,4.37361526,-8.25522,1.71687281,0.452474922,7.195841,31.0521679,0.205236718,-7.79723024,-0.01000011,1.34175777,27.6049576,0.0,0.0,0.0,0.0,0.0,0.0
29.6845551,DATA,1,1,1,10,0,4.4293766,4.4293766,-8.255493,1.71516037,0.451859176,8.933322,30.8634357,-0.103240967,-7.79723024,-0.01000011,1.34175777,27.6049576,0.0,0.0,0.0,0.0,0.0,0.0
29.7401543,DATA,1,1,1,10,0,4.484976,4.484976,-8.25588,1.7128731,0.4508638,11.0971842,30.3838234,-0.890533447,-7.79723024,-0.01000011,1.34175777,27.6049576,0.0,0.0,0.0,0.0,0.0,0.0
29.7954483,DATA,1,1,1,10,0,4.54027,4.54027,-8.256275,1.7090404,0.449129969,13.6689873,30.0530624,-1.8711853,-7.79723024,-0.01000011,1.34175777,27.6049576,0.0,0.0,0.0,0.0,0.0,0.0
29.8506756,DATA,1,1,1,10,0,4.595497,4.595497,-8.256202,1.70388389,0.4465966,16.5581112,30.39894,-2.581421,-7.79723024,-0.01000011,1.34175777,27.6049576,0.0,0.0,0.0,0.0,0.0,0.0
29.9061737,DATA,1,1,1,10,0,4.65099525,4.65099525,-8.254968,1.698744,0.443766773,19.22302,31.5798035,-2.766693,-7.79723024,-0.01000011,1.34175777,27.6049576,0.0,0.0,0.0,0.0,0.0,0.0
29.9617119,DATA,1,1,1,10,0,4.70653343,4.70653343,-8.253147,1.6943,0.440880626,21.276556,33.42791,-3.079712,-7.79723024,-0.01000011,1.34175777,27.6049576,0.0,0.0,0.0,0.0,0.0,0.0
30.0172729,DATA,1,1,1,10,0,4.7620945,4.7620945,-8.251527,1.69155109,0.438503116,22.4183083,34.8694267,-3.27987671,-7.79723024,-0.01000011,1.34175777,27.6049576,0.0,0.0,0.0,0.0,0.0,0.0
30.0723953,DATA,1,1,1,10,0,4.817217,4.817217,-8.250573,1.68828,0.4361239,23.95172,35.85745,-3.68234253,-7.79723024,-0.01000011,1.34175777,27.6049576,0.0,0.0,0.0,0.0,0.0,0.0
30.1276836,DATA,1,1,1,10,0,4.872505,4.872505,-8.249014,1.68647492,0.434854478,24.77958,36.7648926,-4.14324951,-7.79723024,-0.01000011,1.34175777,27.6049576,0.0,0.0,0.0,0.0,0.0,0.0
30.1834965,DATA,1,1,1,10,0,4.928318,4.928318,-8.247603,1.68495131,0.433836073,25.5882568,37.77706,-4.272888,-7.79723024,-0.01000011,1.34175777,27.6049576,0.0,0.0,0.0,0.0,0.0,0.0
30.2391777,DATA,1,1,1,10,0,4.98399925,4.98399925,-8.2462635,1.68433583,0.433781356,25.8700218,38.7770042,-3.946045,-7.79723024,-0.01000011,1.34175777,27.6049576,0.0,0.0,0.0,0.0,0.0,0.0
30.2953,DATA,1,1,1,10,0,5.040121,5.040121,-8.245219,1.684579,0.4342199,25.6551723,39.3949966,-3.511963,-7.79723024,-0.01000011,1.34175777,27.6049576,0.0,0.0,0.0,0.0,0.0,0.0
30.3506241,DATA,1,1,1,10,0,5.09544563,5.09544563,-8.244252,1.68498993,0.4349634,25.454771,39.7882,-3.20074463,-7.79723024,-0.01000011,1.34175777,27.6049576,0.0,0.0,0.0,0.0,0.0,0.0
30.4057941,DATA,1,1,1,10,0,5.15061569,5.15061569,-8.243564,1.68532753,0.435297668,25.2949562,39.96621,-3.07775879,-7.79723024,-0.01000011,1.34175777,27.6049576,0.0,0.0,0.0,0.0,0.0,0.0
30.4624882,DATA,1,1,1,10,0,5.20730972,5.20730972,-8.243022,1.68555653,0.436125129,25.1226768,39.685936,-3.291687,-7.79723024,-0.01000011,1.34175777,27.6049576,0.0,0.0,0.0,0.0,0.0,0.0
30.5175018,DATA,1,1,1,10,0,5.26232338,5.26232338,-8.24391,1.68567407,0.4379025,24.7652855,37.73127,-4.32315063,-7.79723024,-0.01000011,1.34175777,27.6049576,0.0,0.0,0.0,0.0,0.0,0.0
30.572176,DATA,1,1,1,10,0,5.31699753,5.31699753,-8.244461,1.68534672,0.4391638,24.9253387,36.61507,-4.803406,-7.79723024,-0.01000011,1.34175777,27.6049576,0.0,0.0,0.0,0.0,0.0,0.0
30.6288033,DATA,1,1,1,10,0,5.373625,5.373625,-8.244641,1.6852566,0.439963937,24.965498,36.3044319,-4.5899353,-7.79723024,-0.01000011,1.34175777,27.6049576,0.0,0.0,0.0,0.0,0.0,0.0
30.6845818,DATA,1,1,1,10,0,5.42940331,5.42940331,-8.244621,1.68524742,0.440615654,24.9673042,36.3614769,-4.41571045,-7.79723024,-0.01000011,1.34175777,27.6049576,0.0,0.0,0.0,0.0,0.0,0.0
30.7405434,DATA,1,1,1,10,0,5.485365,5.485365,-8.244856,1.68494987,0.440633953,25.09534,36.5752144,-4.192108,-7.79723024,-0.01000011,1.34175777,27.6049576,0.0,0.0,0.0,0.0,0.0,0.0
30.79552,DATA,1,1,1,10,0,5.54034233,5.54034233,-8.244738,1.68488586,0.440541267,25.14711,36.99285,-3.96487427,-7.79723024,-0.01000011,1.34175777,27.6049576,0.0,0.0,0.0,0.0,0.0,0.0
30.8505955,DATA,1,1,1,10,0,5.595417,5.595417,-8.244439,1.68506527,0.440531731,25.0601425,37.3860855,-3.72015381,-7.79723024,-0.01000011,1.34175777,27.6049576,0.0,0.0,0.0,0.0,0.0,0.0
30.9066734,DATA,1,1,1,10,0,5.651495,5.651495,-8.244508,1.6851418,0.440421462,25.0472965,37.53234,-3.635315,-7.79723024,-0.01000011,1.34175777,27.6049576,0.0,0.0,0.0,0.0,0.0,0.0
30.9622421,DATA,1,1,1,10,0,5.70706367,5.70706367,-8.244796,1.68539727,0.4403889,24.9264488,37.46489,-3.62719727,-7.79723024,-0.01000011,1.34175777,27.6049576,0.0,0.0,0.0,0.0,0.0,0.0
31.01742,DATA,1,1,1,10,0,5.76224136,5.76224136,-8.2452755,1.685529,0.440230757,24.8656425,37.3630371,-3.5947876,-7.79723024,-0.01000011,1.34175777,27.6049576,0.0,0.0,0.0,0.0,0.0,0.0
31.073185,DATA,1,1,1,10,0,5.81800652,5.81800652,-8.245638,1.68564343,0.440187216,24.7732868,37.1417961,-3.65084839,-7.79723024,-0.01000011,1.34175777,27.6049576,0.0,0.0,0.0,0.0,0.0,0.0
31.1285057,DATA,1,1,1,10,0,5.87332726,5.87332726,-8.245887,1.685747,0.440216184,24.7191353,36.9421158,-3.71127319,-7.79723024,-0.01000011,1.34175777,27.6049576,0.0,0.0,0.0,0.0,0.0,0.0
31.18457,DATA,1,1,1,10,0,5.929392,5.929392,-8.246056,1.68575752,0.440286964,24.750309,36.8587875,-3.69210815,-7.79723024,-0.01000011,1.34175777,27.6049576,0.0,0.0,0.0,0.0,0.0,0.0
31.2402821,DATA,1,1,1,10,0,5.98510361,5.98510361,-8.24633,1.68576,0.440605164,24.7490635,36.7268181,-3.64291382,-7.79723024,-0.01000011,1.34175777,27.6049576,0.0,0.0,0.0,0.0,0.0,0.0
31.2956753,DATA,1,1,1,10,0,6.040497,6.040497,-8.248151,1.68540955,0.442058861,24.90881,35.17655,-4.03039551,-7.79723024,-0.01000011,1.34175777,27.6049576,0.0,0.0,0.0,0.0,0.0,0.0
31.3510342,DATA,1,1,1,10,0,6.09585571,6.09585571,-8.252339,1.683667,0.444906116,26.0289783,31.0736313,-5.412628,-7.79723024,-0.01000011,1.34175777,27.6049576,0.0,0.0,0.0,0.0,0.0,0.0
31.4067554,DATA,1,1,1,10,0,6.151577,6.151577,-8.255884,1.68248487,0.4481924,26.7013149,27.35199,-6.51794434,-7.79723024,-0.01000011,1.34175777,27.6049576,0.0,0.0,0.0,0.0,0.0,0.0
31.46244,DATA,1,1,1,10,0,6.207262,6.207262,-8.258355,1.68128622,0.45085606,27.0796452,25.1747341,-7.13671875,-7.79723024,-0.01000011,1.34175777,27.6049576,0.0,0.0,0.0,0.0,0.0,0.0
31.5180759,DATA,1,1,1,10,0,6.26289749,6.26289749,-8.260032,1.68015838,0.453047752,27.6369572,23.8626766,-7.556946,-7.79723024,-0.01000011,1.34175777,27.6049576,0.0,0.0,0.0,0.0,0.0,0.0
31.5727921,DATA,1,1,1,10,0,6.3176136,6.3176136,-8.261865,1.678892,0.455003858,28.2507324,22.6006737,-8.049225,-7.79723024,-0.01000011,1.34175777,27.6049576,0.0,0.0,0.0,0.0,0.0,0.0
31.6285858,DATA,1,1,1,10,0,6.37340736,6.37340736,-8.26523,1.677349,0.457499623,28.9227371,20.02676,-8.844055,-7.79723024,-0.01000011,1.34175777,27.6049576,0.0,0.0,0.0,0.0,0.0,0.0
31.6845951,DATA,1,1,1,10,0,6.42941666,6.42941666,-8.269607,1.675069,0.460031152,29.975214,16.3505077,-10.0767212,-7.79723024,-0.01000011,1.34175777,27.6049576,0.0,0.0,0.0,0.0,0.0,0.0
31.7400646,DATA,1,1,1,10,0,6.484886,6.484886,-8.273918,1.6731981,0.462831736,30.6305542,12.7305775,-11.1817627,-7.79723024,-0.01000011,1.34175777,27.6049576,0.0,0.0,0.0,0.0,0.0,0.0
31.7949924,DATA,1,1,1,10,0,6.539814,6.539814,-8.277616,1.67153108,0.46548143,31.2512379,9.914558,-12.0221863,-7.79723024,-0.01000011,1.34175777,27.6049576,0.0,0.0,0.0,0.0,0.0,0.0
31.8502064,DATA,1,1,1,10,0,6.595028,6.595028,-8.280606,1.67015159,0.467860848,31.87289,7.79950571,-12.5443115,-7.79723024,-0.01000011,1.34175777,27.6049576,0.0,0.0,0.0,0.0,0.0,0.0
31.90606,DATA,1,1,1,10,0,6.650881,6.650881,-8.283,1.66924775,0.469881415,32.277813,6.389366,-12.70929,-7.79723024,-0.01000011,1.34175777,27.6049576,0.0,0.0,0.0,0.0,0.0,0.0
31.96121,DATA,1,1,1,10,0,6.706032,6.706032,-8.28500652,1.66825092,0.471327573,32.5077324,5.61790371,-12.6047058,-7.79723024,-0.01000011,1.34175777,27.6049576,0.0,0.0,0.0,0.0,0.0,0.0
32.0170975,DATA,1,1,1,10,0,6.761919,6.761919,-8.286283,1.66795576,0.472649038,32.651432,5.20446348,-12.3595276,-7.79723024,-0.01000011,1.34175777,27.6049576,0.0,0.0,0.0,0.0,0.0,0.0
32.0723534,DATA,1,1,1,10,0,6.817175,6.817175,-8.28681,1.66793275,0.473679572,32.70989,5.11886263,-12.016449,-7.79723024,-0.01000011,1.34175777,27.6049576,0.0,0.0,0.0,0.0,0.0,0.0
32.127697,DATA,1,1,1,10,0,6.87251854,6.87251854,-8.287599,1.667788,0.474331141,32.8206863,5.01280165,-11.7198181,-7.79723024,-0.01000011,1.34175777,27.6049576,0.0,0.0,0.0,0.0,0.0,0.0
32.18383,DATA,1,1,1,10,0,6.928652,6.928652,-8.288442,1.66750371,0.4743011,32.83461,4.860264,-11.5038147,-7.79723024,-0.01000011,1.34175777,27.6049576,0.0,0.0,0.0,0.0,0.0,0.0
32.2395172,DATA,1,1,1,10,0,6.98433876,6.98433876,-8.289164,1.6676842,0.474355847,32.8056068,4.857605,-11.2565,-7.79723024,-0.01000011,1.34175777,27.6049576,0.0,0.0,0.0,0.0,0.0,0.0
32.2948,DATA,1,1,1,10,0,7.03962135,7.03962135,-8.289579,1.66820657,0.4742121,32.56965,4.955423,-10.9128113,-7.79723024,-0.01000011,1.34175777,27.6049576,0.0,0.0,0.0,0.0,0.0,0.0
32.35005,DATA,1,1,1,10,0,7.09487343,7.09487343,-8.290077,1.66900527,0.47401157,32.2412148,5.126538,-10.5336609,-7.79723024,-0.01000011,1.34175777,27.6049576,0.0,0.0,0.0,0.0,0.0,0.0
32.4058723,DATA,1,1,1,10,0,7.150694,7.150694,-8.290438,1.669965,0.47358197,31.80022,5.32049847,-10.1474609,-7.79723024,-0.01000011,1.34175777,27.6049576,0.0,0.0,0.0,0.0,0.0,0.0
32.4620476,DATA,1,1,1,10,0,7.206869,7.206869,-8.290843,1.67100608,0.4731881,31.315567,5.502185,-9.773804,-7.79723024,-0.01000011,1.34175777,27.6049576,0.0,0.0,0.0,0.0,0.0,0.0
32.51693,DATA,1,1,1,10,0,7.261751,7.261751,-8.291159,1.67225683,0.472948372,30.7699146,5.71446371,-9.377136,-7.79723024,-0.01000011,1.34175777,27.6049576,0.0,0.0,0.0,0.0,0.0,0.0
32.572525,DATA,1,1,1,10,0,7.31734657,7.31734657,-8.291272,1.67365253,0.472763538,30.1296864,5.938453,-9.023193,-7.79723024,-0.01000011,1.34175777,27.6049576,0.0,0.0,0.0,0.0,0.0,0.0
32.6282043,DATA,1,1,1,10,0,7.373026,7.373026,-8.291385,1.67522871,0.47257936,29.4208279,6.1902113,-8.655579,-7.79723024,-0.01000011,1.34175777,27.6049576,0.0,0.0,0.0,0.0,0.0,0.0
32.6840553,DATA,1,1,1,10,0,7.428877,7.428877,-8.29103,1.67688441,0.472437561,28.33824,6.6632514,-8.065491,-7.79723024,-0.01000011,1.34175777,27.6049576,0.0,0.0,1.0,0.0,0.0,0.0
32.7399979,DATA,1,1,1,10,0,7.48481941,7.48481941,-8.212545,1.67881155,0.6214634,27.429512,7.14368963,-7.65386963,-7.71918774,-0.01000005,1.49100769,27.6049576,0.0,0.0,1.0,0.0,0.0,0.0
32.7953644,DATA,1,1,1,10,0,7.540186,7.540186,-8.134824,1.68036175,0.7689019,26.5926552,7.436388,-7.119049,-7.64194632,-0.01000005,1.63872576,27.6049576,0.0,0.0,1.0,0.0,0.0,0.0
32.85107,DATA,1,1,1,10,0,7.595892,7.595892,-8.056292,1.68178272,0.9182602,25.980793,7.71685457,-6.867035,-7.563682,-0.00999999,1.78840017,27.6049576,0.0,0.0,1.0,0.0,0.0,0.0
32.9059639,DATA,1,1,1,10,0,7.65078545,7.65078545,-7.98124361,1.68242049,1.06102836,25.6636925,7.918401,-6.618042,-7.48879576,-0.01000005,1.9316138,27.6049576,0.0,0.0,1.0,0.0,0.0,0.0
32.9631767,DATA,1,1,1,10,0,7.70799828,7.70799828,-7.90269,1.68261051,1.210595,25.6645947,8.136271,-6.377411,-7.410254,-0.01000005,2.08181858,27.6049576,0.0,0.0,1.0,0.0,0.0,0.0
33.0172958,DATA,1,1,1,10,0,7.76211739,7.76211739,-7.826345,1.68268943,1.35609663,25.6702671,8.354861,-6.065857,-7.33397245,-0.01000005,2.22770143,27.6049576,0.0,0.0,1.0,0.0,0.0,0.0
33.0730934,DATA,1,1,1,10,0,7.817915,7.817915,-7.74795151,1.68300223,1.50534344,25.5853748,8.622759,-5.81796265,-7.255862,-0.01000005,2.37708068,27.6049576,0.0,0.0,1.0,0.0,0.0,0.0
33.1280365,DATA,1,1,1,10,0,7.872858,7.872858,-7.70768738,1.683301,1.5819279,25.3783875,8.863811,-5.693115,-7.215909,-0.01000005,2.45348859,27.6049576,0.0,0.0,0.0,0.0,0.0,0.0
33.18389,DATA,1,1,1,10,0,7.928713,7.928713,-7.707263,1.68378448,1.5822196,25.0906582,9.029088,-5.70007324,-7.215909,-0.01000005,2.45348859,27.6049576,0.0,0.0,0.0,0.0,0.0,0.0
33.2392654,DATA,1,1,1,10,0,7.984087,7.984087,-7.70673943,1.68413758,1.58241749,24.9358521,9.142048,-5.81292725,-7.215909,-0.01000005,2.45348859,27.6049576,0.0,0.0,0.0,0.0,0.0,0.0
33.2957764,DATA,1,1,1,10,0,8.040598,8.040598,-7.706317,1.68423653,1.58273792,24.862442,9.189335,-5.88830566,-7.215909,-0.01000005,2.45348859,27.6049576,0.0,0.0,0.0,0.0,0.0,0.0
33.3503151,DATA,1,1,1,10,0,8.095137,8.095137,-7.70603371,1.68397117,1.58294213,25.0561543,9.212608,-5.88693237,-7.215909,-0.01000005,2.45348859,27.6049576,0.0,0.0,0.0,0.0,0.0,0.0
33.4062767,DATA,1,1,1,10,0,8.151098,8.151098,-7.70586,1.68357587,1.58339918,25.116106,9.31003,-5.73193359,-7.215909,-0.01000005,2.45348859,27.6049576,0.0,0.0,0.0,0.0,0.0,0.0
33.46204,DATA,1,1,1,10,0,8.2068615,8.2068615,-7.70544529,1.68365169,1.58357024,25.1260872,9.579081,-5.653412,-7.215909,-0.01000005,2.45348859,27.6049576,0.0,0.0,0.0,0.0,0.0,0.0
33.5169563,DATA,1,1,1,10,0,8.261778,8.261778,-7.702084,1.68548441,1.58319771,24.2650089,12.2186069,-4.82803345,-7.215909,-0.01000005,2.45348859,27.6049576,0.0,0.0,0.0,0.0,0.0,0.0
33.5729866,DATA,1,1,1,10,0,8.317808,8.317808,-7.69451,1.68926191,1.5810945,22.1478119,19.0930653,-2.34503174,-7.215909,-0.01000005,2.45348859,27.6049576,0.0,0.0,0.0,0.0,0.0,0.0
33.62811,DATA,1,1,1,10,0,8.372931,8.372931,-7.687108,1.69176722,1.57600057,20.7080612,26.7534218,-0.0239562988,-7.215909,-0.01000005,2.45348859,27.6049576,0.0,0.0,0.0,0.0,0.0,0.0
33.6839027,DATA,1,1,1,10,0,8.428724,8.428724,-7.68146753,1.69389367,1.569794,19.57028,33.1969872,1.40323818,-7.215909,-0.01000005,2.45348859,27.6049576,0.0,0.0,0.0,0.0,0.0,0.0
33.740284,DATA,1,1,1,10,0,8.48510551,8.48510551,-7.67731476,1.69533324,1.56341922,18.7020416,38.4160767,2.435984,-7.215909,-0.01000005,2.45348859,27.6049576,0.0,0.0,0.0,0.0,0.0,0.0
33.79492,DATA,1,1,1,10,0,8.539743,8.539743,-7.674112,1.69645452,1.55792332,17.9513931,42.4941673,2.99227858,-7.215909,-0.01000005,2.45348859,27.6049576,0.0,0.0,0.0,0.0,0.0,0.0
33.8503838,DATA,1,1,1,10,0,8.595205,8.595205,-7.67205334,1.69708347,1.553736,17.51568,45.2163467,3.23112416,-7.215909,-0.01000005,2.45348859,27.6049576,0.0,0.0,0.0,0.0,0.0,0.0
33.9061279,DATA,1,1,1,10,0,8.65094948,8.65094948,-7.67033148,1.69797134,1.55071855,17.0229321,47.12079,3.47655225,-7.215909,-0.01000005,2.45348859,27.6049576,0.0,0.0,0.0,0.0,0.0,0.0
33.9617233,DATA,1,1,1,10,0,8.706545,8.706545,-7.668964,1.69848132,1.548061,16.8360252,48.53692,3.701607,-7.215909,-0.01000005,2.45348859,27.6049576,0.0,0.0,0.0,0.0,0.0,0.0
34.01745,DATA,1,1,1,10,0,8.76227,8.76227,-7.667792,1.69918108,1.545827,16.5002174,49.558445,3.841329,-7.215909,-0.01000005,2.45348859,27.6049576,0.0,0.0,0.0,0.0,0.0,0.0
34.0725174,DATA,1,1,1,10,0,8.817339,8.817339,-7.666763,1.70007443,1.5440737,16.0079918,50.4188,3.91843677,-7.215909,-0.01000005,2.45348859,27.6049576,0.0,0.0,0.0,0.0,0.0,0.0
34.12772,DATA,1,1,1,10,0,8.872541,8.872541,-7.66616869,1.70110536,1.542229,15.4004307,51.5224037,4.080515,-7.215909,-0.01000005,2.45348859,27.6049576,0.0,0.0,0.0,0.0,0.0,0.0
34.1839,DATA,1,1,1,10,0,8.92872,8.92872,-7.6657424,1.7021873,1.54069853,14.7336025,52.62982,4.309124,-7.215909,-0.01000005,2.45348859,27.6049576,0.0,0.0,0.0,0.0,0.0,0.0
34.2397728,DATA,1,1,1,10,0,8.984594,8.984594,-7.666014,1.70320368,1.53957856,14.1734905,53.49921,4.561399,-7.215909,-0.01000005,2.45348859,27.6049576,0.0,0.0,0.0,0.0,0.0,0.0
34.2950935,DATA,1,1,1,10,0,9.039915,9.039915,-7.66631937,1.703774,1.53885257,13.7576838,54.23646,4.825108,-7.215909,-0.01000005,2.45348859,27.6049576,0.0,0.0,0.0,0.0,0.0,0.0
34.3502922,DATA,1,1,1,10,0,9.095114,9.095114,-7.66628742,1.70415163,1.53747451,13.3050575,55.4773,5.25207329,-7.215909,-0.01000005,2.45348859,27.6049576,0.0,0.0,0.0,0.0,0.0,0.0
34.40598,DATA,1,1,1,10,0,9.150801,9.150801,-7.66572571,1.70482588,1.536241,12.8860073,56.8696671,5.830388,-7.215909,-0.01000005,2.45348859,27.6049576,0.0,0.0,0.0,0.0,0.0,0.0
34.46166,DATA,1,1,1,10,0,9.20648,9.20648,-7.66506,1.70552158,1.53476024,12.596859,58.0557327,6.37430143,-7.215909,-0.01000005,2.45348859,27.6049576,0.0,0.0,0.0,0.0,0.0,0.0
34.5174,DATA,1,1,1,10,0,9.26222,9.26222,-7.66392851,1.70599174,1.53412938,12.3489065,58.9929466,6.46503544,-7.215909,-0.01000005,2.45348859,27.6049576,0.0,0.0,0.0,0.0,0.0,0.0
34.5720329,DATA,1,1,1,10,0,9.31685448,9.31685448,-7.66288567,1.70720291,1.53393042,11.6286945,59.5687523,6.288048,-7.215909,-0.01000005,2.45348859,27.6049576,0.0,0.0,0.0,0.0,0.0,0.0
34.6280632,DATA,1,1,1,10,0,9.372885,9.372885,-7.661976,1.70783448,1.53365278,11.3943176,59.8896751,6.47780275,-7.215909,-0.01000005,2.45348859,27.6049576,0.0,0.0,0.0,0.0,0.0,0.0
34.68332,DATA,1,1,1,10,0,9.428141,9.428141,-7.661044,1.70824075,1.53301537,11.2024183,60.07375,6.57225847,-7.215909,-0.01000005,2.45348859,27.6049576,0.0,0.0,0.0,0.0,0.0,0.0
34.739357,DATA,1,1,1,10,0,9.484179,9.484179,-7.660216,1.70856023,1.53214192,11.0575094,60.01994,6.419233,-7.215909,-0.01000005,2.45348859,27.6049576,0.0,0.0,0.0,0.0,0.0,0.0
34.79503,DATA,1,1,1,10,0,9.53985,9.53985,-7.659909,1.70845914,1.53125179,11.1393394,59.87916,6.04357767,-7.215909,-0.01000005,2.45348859,27.6049576,0.0,0.0,0.0,0.0,0.0,0.0
34.85034,DATA,1,1,1,10,0,9.595163,9.595163,-7.660557,1.70856428,1.53028464,11.0658712,59.6636162,5.667241,-7.215909,-0.01000005,2.45348859,27.6049576,0.0,0.0,0.0,0.0,0.0,0.0
34.9059677,DATA,1,1,1,10,0,9.650789,9.650789,-7.6621604,1.70878172,1.53025818,10.9494505,59.3147163,5.4641757,-7.215909,-0.01000005,2.45348859,27.6049576,0.0,0.0,0.0,0.0,0.0,0.0
34.96157,DATA,1,1,1,10,0,9.706392,9.706392,-7.66432953,1.70925355,1.53036189,10.6196356,58.8194923,5.4978776,-7.215909,-0.01000005,2.45348859,27.6049576,0.0,0.0,0.0,0.0,0.0,0.0
35.0170364,DATA,1,1,1,10,0,9.761858,9.761858,-7.666235,1.70961261,1.531439,10.4024239,58.174408,5.52571726,-7.215909,-0.01000005,2.45348859,27.6049576,0.0,0.0,0.0,0.0,0.0,0.0
35.07226,DATA,1,1,1,10,0,9.817083,9.817083,-7.66725445,1.71040368,1.53317118,10.27619,57.311203,5.327915,-7.215909,-0.01000005,2.45348859,27.6049576,0.0,0.0,0.0,0.0,0.0,0.0
35.12799,DATA,1,1,1,10,0,9.872812,9.872812,-7.66732,1.71077037,1.53603435,10.2366266,55.9321442,5.24784946,-7.215909,-0.01000005,2.45348859,27.6049576,0.0,0.0,0.0,0.0,0.0,0.0
35.1835747,DATA,1,1,1,10,0,9.928396,9.928396,-7.6668396,1.71108246,1.53827465,10.2912092,54.56998,4.88158655,-7.215909,-0.01000005,2.45348859,27.6049576,0.0,0.0,0.0,0.0,0.0,0.0
35.23937,DATA,1,1,1,10,0,9.98419,9.98419,-7.66654873,1.7110548,1.53972208,10.3481331,53.540947,4.54199362,-7.215909,-0.01000005,2.45348859,27.6049576,0.0,0.0,0.0,0.0,0.0,0.0
35.2946854,DATA,1,1,1,10,0,10.0395069,10.0395069,-7.666628,1.71134138,1.54003906,10.2511787,52.9370079,4.212263,-7.215909,-0.01000005,2.45348859,27.6049576,0.0,0.0,0.0,0.0,0.0,0.0
35.3499947,DATA,1,1,1,10,0,10.0948162,10.0948162,-7.667047,1.71126223,1.53962433,10.2206306,52.477787,4.11988,-7.215909,-0.01000005,2.45348859,27.6049576,0.0,0.0,0.0,0.0,0.0,0.0
35.4062233,DATA,1,1,1,10,0,10.1510448,10.1510448,-7.6673336,1.711376,1.53899038,9.996267,51.924305,3.95942569,-7.215909,-0.01000005,2.45348859,27.6049576,0.0,0.0,0.0,0.0,0.0,0.0
35.4616737,DATA,1,1,1,10,0,10.2064953,10.2064953,-7.66794729,1.71093035,1.53780925,10.0784454,51.2830238,3.20354819,-7.215909,-0.01000005,2.45348859,27.6049576,0.0,0.0,0.0,0.0,0.0,0.0
35.5178642,DATA,1,1,1,10,0,10.2626858,10.2626858,-7.668716,1.7113564,1.537203,10.0439959,50.3003349,2.94521785,-7.215909,-0.01000005,2.45348859,27.6049576,0.0,0.0,0.0,0.0,0.0,0.0
35.5721855,DATA,1,1,1,10,0,10.3170071,10.3170071,-7.66932631,1.71208906,1.53757453,9.87322,48.96502,2.93839216,-7.215909,-0.01000005,2.45348859,27.6049576,0.0,0.0,0.0,0.0,0.0,0.0
35.6283531,DATA,1,1,1,10,0,10.3731747,10.3731747,-7.669234,1.71280241,1.53814256,9.655472,47.7930832,2.76374912,-7.215909,-0.01000005,2.45348859,27.6049576,0.0,0.0,0.0,0.0,0.0,0.0
35.68456,DATA,1,1,1,10,0,10.42938,10.42938,-7.611067,1.713119,1.64992225,9.630929,46.4282036,2.156426,-7.157981,-0.01000005,2.56427121,27.6049576,0.0,0.0,1.0,0.0,0.0,0.0
35.7397842,DATA,1,1,1,10,0,10.4846058,10.4846058,-7.53370476,1.71329236,1.79939127,9.605916,45.1346474,1.43487787,-7.08052,-0.01000005,2.7124083,27.6049576,0.0,0.0,1.0,0.0,0.0,0.0
35.796032,DATA,1,1,1,10,0,10.5408535,10.5408535,-7.45621443,1.71361709,1.94925976,9.39372,44.16582,1.028973,-7.00264263,-0.01000005,2.861343,27.6049576,0.0,0.0,1.0,0.0,0.0,0.0
35.8504944,DATA,1,1,1,10,0,10.5953159,10.5953159,-7.37954044,1.71386766,2.09751129,9.304866,43.29533,0.865027964,-6.92554426,-0.01000005,3.00878787,27.6049576,0.0,0.0,1.0,0.0,0.0,0.0
35.9071121,DATA,1,1,1,10,0,10.6519337,10.6519337,-7.303565,1.7143929,2.24581814,9.025521,41.89486,0.8086203,-6.84871,-0.01000005,3.15572715,27.6049576,0.0,0.0,1.0,0.0,0.0,0.0
35.962635,DATA,1,1,1,10,0,10.7074566,10.7074566,-7.227162,1.71467733,2.39513516,8.854659,40.3477669,0.402250469,-6.7712636,-0.0100001693,3.3038373,27.6049576,0.0,0.0,1.0,0.0,0.0,0.0
36.018177,DATA,1,1,1,10,0,10.7629986,10.7629986,-7.208341,1.7148869,2.43421531,8.679603,38.8925323,-0.06655884,-6.75121832,-0.01000005,3.34217262,27.6049576,0.0,0.0,0.0,0.0,0.0,0.0
36.07278,DATA,1,1,1,10,0,10.8176022,10.8176022,-7.2096777,1.71512508,2.43480134,8.486147,37.6950951,-0.441986084,-6.75121832,-0.01000005,3.34217262,27.6049576,0.0,0.0,0.0,0.0,0.0,0.0
36.1279144,DATA,1,1,1,10,0,10.872736,10.872736,-7.211466,1.71539569,2.43497849,8.283278,36.6319656,-0.66696167,-6.75121832,-0.01000005,3.34217262,27.6049576,0.0,0.0,0.0,0.0,0.0,0.0
36.18456,DATA,1,1,1,10,0,10.92938,10.92938,-7.21368647,1.7156899,2.43517971,8.015272,35.6502838,-0.672668457,-6.75121832,-0.01000005,3.34217262,27.6049576,0.0,0.0,0.0,0.0,0.0,0.0
36.24018,DATA,1,1,1,10,0,10.9850025,10.9850025,-7.216011,1.716013,2.43552828,7.74645,34.7892265,-0.5997009,-6.75121832,-0.01000005,3.34217262,27.6049576,0.0,0.0,0.0,0.0,0.0,0.0
36.2954521,DATA,1,1,1,10,0,11.0402737,11.0402737,-7.21816158,1.716392,2.435916,7.49037838,34.1494522,-0.479248047,-6.75121832,-0.01000005,3.34217262,27.6049576,0.0,0.0,0.0,0.0,0.0,0.0
36.3505745,DATA,1,1,1,10,0,11.095396,11.095396,-7.18021774,1.71666431,2.51264477,7.25854874,33.5932159,-0.337982178,-6.71133041,-0.01000011,3.418455,27.6049576,0.0,0.0,1.0,0.0,0.0,0.0
36.40719,DATA,1,1,1,10,0,11.15201,11.15201,-7.1057663,1.716907,2.65917277,7.09164238,33.04441,-0.2397461,-6.63491869,-0.01000005,3.564586,27.6049576,0.0,0.0,1.0,0.0,0.0,0.0
36.4620667,DATA,1,1,1,10,0,11.2068882,11.2068882,-7.03089428,1.71702409,2.806674,6.952386,32.5189,-0.0143432617,-6.55818939,-0.01000005,3.71132517,27.6049576,0.0,0.0,1.0,0.0,0.0,0.0
36.5177422,DATA,1,1,1,10,0,11.2625637,11.2625637,-6.954274,1.71720266,2.956901,6.79929543,32.21542,0.321637839,-6.48007727,-0.01000005,3.86070752,27.6049576,0.0,0.0,1.0,0.0,0.0,0.0
36.57318,DATA,1,1,1,10,0,11.3180027,11.3180027,-6.87851334,1.71733427,3.10505366,6.60774,32.012413,0.680337548,-6.403044,-0.01000005,4.00802755,27.6049576,0.0,0.0,1.0,0.0,0.0,0.0
36.62878,DATA,1,1,1,10,0,11.3736019,11.3736019,-6.801684,1.7174654,3.25443816,6.484571,31.8750286,0.907075942,-6.325223,-0.01000005,4.15685463,27.6049576,0.0,0.0,1.0,0.0,0.0,0.0
36.6849747,DATA,1,1,1,10,0,11.4297962,11.4297962,-6.7251544,1.7175107,3.40216422,6.380046,31.6663017,0.966180444,-6.248249,-0.00999999,4.30406141,27.6049576,0.0,0.0,1.0,0.0,0.0,0.0
36.74013,DATA,1,1,1,10,0,11.4849529,11.4849529,-6.647771,1.71768165,3.550526,6.37131834,31.44964,0.932854354,-6.170877,-0.01000005,4.45202875,27.6049576,0.0,0.0,1.0,0.0,0.0,0.0
36.7957344,DATA,1,1,1,10,0,11.540556,11.540556,-6.57156658,1.71757078,3.69634986,6.46821356,31.23379,0.9151549,-6.09478569,-0.01000005,4.597547,27.6049576,0.0,0.0,1.0,0.0,0.0,0.0
36.8503723,DATA,1,1,1,10,0,11.5951939,11.5951939,-6.493212,1.7173562,3.845302,6.579536,31.1991711,0.860744357,-6.016837,-0.01000005,4.746618,27.6049576,0.0,0.0,1.0,0.0,0.0,0.0
36.9060822,DATA,1,1,1,10,0,11.6509037,11.6509037,-6.41605949,1.71731961,3.990978,6.62232637,31.3225555,0.8074505,-5.94046736,-0.01000011,4.892669,27.6049576,0.0,0.0,1.0,0.0,0.0,0.0
36.962162,DATA,1,1,1,10,0,11.7069836,11.7069836,-6.33767033,1.71734309,4.138787,6.675288,31.4393749,0.669133067,-5.86297369,-0.01000005,5.040869,27.6049576,0.0,0.0,1.0,0.0,0.0,0.0
37.0177,DATA,1,1,1,10,0,11.7625217,11.7625217,-6.25947332,1.71726,4.28683472,6.77206326,31.3728962,0.52849406,-5.785515,-0.01000011,5.18900347,27.6049576,0.0,0.0,1.0,0.0,0.0,0.0
37.072525,DATA,1,1,1,10,0,11.8173466,11.8173466,-6.18169451,1.717114,4.434669,6.87728,31.2789745,0.485576719,-5.708288,-0.01000005,5.33669329,27.6049576,0.0,0.0,1.0,0.0,0.0,0.0
37.1279831,DATA,1,1,1,10,0,11.8728046,11.8728046,-6.10430861,1.71705985,4.581909,6.91254663,31.2148666,0.447863728,-5.631392,-0.01000005,5.483751,27.6049576,0.0,0.0,1.0,0.0,0.0,0.0
37.1838264,DATA,1,1,1,10,0,11.928648,11.928648,-6.026929,1.71695542,4.729184,6.97073269,31.1786671,0.385510921,-5.55452156,-0.01000005,5.63075924,27.6049576,0.0,0.0,1.0,0.0,0.0,0.0
37.2396049,DATA,1,1,1,10,0,11.9844265,11.9844265,-5.949182,1.71683836,4.87717867,7.08319664,31.216383,0.3094165,-5.477376,-0.01000005,5.778294,27.6049576,0.0,0.0,1.0,0.0,0.0,0.0
37.2949867,DATA,1,1,1,10,0,12.0398083,12.0398083,-5.87061357,1.71658409,5.027111,7.221114,31.2011375,0.230455816,-5.39935064,-0.01000011,5.92751169,27.6049576,0.0,0.0,1.0,0.0,0.0,0.0
37.35006,DATA,1,1,1,10,0,12.0948811,12.0948811,-5.79348135,1.71645689,5.17422628,7.246982,31.3000736,0.206195757,-5.32274246,-0.01000005,6.074019,27.6049576,0.0,0.0,1.0,0.0,0.0,0.0
37.4053,DATA,1,1,1,10,0,12.1501217,12.1501217,-5.71636772,1.71637261,5.321157,7.25157928,31.3623981,0.140910134,-5.24608231,-0.01000011,6.220625,27.6049576,0.0,0.0,1.0,0.0,0.0,0.0
37.4622879,DATA,1,1,1,10,0,12.2071095,12.2071095,-5.6378727,1.716353,5.470533,7.289854,31.3610229,0.06494238,-5.168076,-0.01000011,6.36980629,27.6049576,0.0,0.0,1.0,0.0,0.0,0.0
37.5173035,DATA,1,1,1,10,0,12.262125,12.262125,-5.5600915,1.71635318,5.618497,7.349405,31.3885174,0.0385626666,-5.09074926,-0.01000005,6.51768732,27.6049576,0.0,0.0,1.0,0.0,0.0,0.0
37.5720673,DATA,1,1,1,10,0,12.3168888,12.3168888,-5.48338938,1.71632314,5.764274,7.377244,31.41247,0.0264614858,-5.014339,-0.0100001693,6.6638155,27.6049576,0.0,0.0,1.0,0.0,0.0,0.0
37.6275253,DATA,1,1,1,10,0,12.3723469,12.3723469,-5.405547,1.71631575,5.912024,7.380411,31.4511776,-0.0220336914,-4.93680334,-0.01000005,6.812096,27.6049576,0.0,0.0,1.0,0.0,0.0,0.0
37.6839676,DATA,1,1,1,10,0,12.4287891,12.4287891,-5.32737446,1.71630692,6.06039429,7.3784256,31.4833546,-0.101135254,-4.85893631,-0.01000005,6.96101141,27.6049576,0.0,0.0,1.0,0.0,0.0,0.0
37.73966,DATA,1,1,1,10,0,12.48448,12.48448,-5.2508,1.71629453,6.20583248,7.41171169,31.4986477,-0.17477417,-4.782656,-0.01000005,7.10689068,27.6049576,0.0,0.0,1.0,0.0,0.0,0.0
37.7945023,DATA,1,1,1,10,0,12.5393238,12.5393238,-5.1725955,1.71628141,6.354445,7.45644855,31.5734882,-0.236724854,-4.70473051,-0.01000011,7.25591755,27.6049576,0.0,0.0,1.0,0.0,0.0,0.0
37.8502464,DATA,1,1,1,10,0,12.595068,12.595068,-5.095093,1.71629286,6.50192,7.466892,31.6375389,-0.293334961,-4.62741375,-0.01000011,7.40377951,27.6049576,0.0,0.0,1.0,0.0,0.0,0.0
37.9059868,DATA,1,1,1,10,0,12.6508083,12.6508083,-5.01865244,1.71630752,6.647754,7.4849534,31.6875267,-0.349212646,-4.5510807,-0.01000011,7.54976034,27.6049576,0.0,0.0,1.0,0.0,0.0,0.0
37.9614258,DATA,1,1,1,10,0,12.7062473,12.7062473,-4.94106674,1.71629333,6.79626131,7.454135,31.7392578,-0.38394165,-4.473404,-0.01000005,7.698311,27.6049576,0.0,0.0,1.0,0.0,0.0,0.0
38.0170059,DATA,1,1,1,10,0,12.7618275,12.7618275,-4.86339045,1.71624088,6.944874,7.44053936,31.799036,-0.400482178,-4.39577675,-0.01000005,7.84676647,27.6049576,0.0,0.0,1.0,0.0,0.0,0.0
38.0722847,DATA,1,1,2,10,0,12.8171062,12.8171062,-4.78541565,1.7161634,7.094261,7.44827366,31.8558178,-0.423400879,-4.317717,-0.01000005,7.9960494,27.6049576,0.0,0.0,0.0,0.0,0.0,0.0
38.12751,DATA,1,1,2,10,0,12.8723316,12.8723316,-4.785448,1.71617413,7.09428358,7.443015,31.9232216,-0.440307617,-4.317717,-0.01000005,7.9960494,27.6049576,0.0,0.0,0.0,0.0,0.0,0.0
38.1831551,DATA,1,1,2,10,0,12.9279766,12.9279766,-4.785421,1.71608067,7.094053,7.444376,32.03322,-0.481323242,-4.317717,-0.01000005,7.9960494,27.6049576,0.284798741,-0.4381237,0.0,0.0,0.0,0.0
38.23933,DATA,1,1,2,10,0,12.9841518,12.9841518,-4.82690048,1.71605229,7.1168294,7.477673,34.8370056,-0.5114136,-4.317717,-0.01000005,7.9960494,30.27969,0.6646931,-0.7470931,0.0,0.0,0.0,0.0
38.29425,DATA,1,1,2,10,0,13.039072,13.039072,-4.87682438,1.71611738,7.147605,7.471959,38.33196,-0.4906006,-4.317717,-0.01000005,7.9960494,33.5967751,0.663686037,-0.7479476,0.0,0.0,0.0,0.0
38.3498459,DATA,1,1,2,10,0,13.0946674,13.0946674,-4.924869,1.71609616,7.181112,7.47923136,41.91712,-0.4402771,-4.317717,-0.01000005,7.9960494,36.9196548,0.663686037,-0.7479476,0.0,0.0,0.0,0.0
38.4054451,DATA,1,1,2,10,0,13.1502666,13.1502666,-4.970573,1.71602488,7.21695471,7.477282,45.5417976,-0.421478271,-4.317717,-0.01000005,7.9960494,40.2285,0.663686037,-0.7479476,0.0,0.0,0.0,0.0
38.4613647,DATA,1,1,2,10,0,13.2061863,13.2061863,-5.0144105,1.71600437,7.255619,7.46247339,49.3471375,-0.453033447,-4.317717,-0.01000005,7.9960494,43.5764732,0.663686037,-0.7479476,0.0,0.0,0.0,0.0
38.51692,DATA,1,1,2,10,0,13.26174,13.26174,-5.055618,1.71611476,7.29644871,7.40499163,53.0704,-0.538147,-4.317717,-0.01000005,7.9960494,46.9023438,0.663686037,-0.7479476,0.0,0.0,0.0,0.0
38.5721664,DATA,1,1,2,10,0,13.316988,13.316988,-5.093837,1.71647167,7.338831,7.25453424,56.75548,-0.684265137,-4.317717,-0.01000005,7.9960494,50.1819038,0.663686037,-0.7479476,0.0,0.0,0.0,0.0
38.62779,DATA,1,1,2,10,0,13.37261,13.37261,-5.129865,1.71659923,7.383879,7.212142,60.4714546,-0.8399353,-4.317717,-0.01000005,7.9960494,53.49833,0.663686037,-0.7479476,0.0,0.0,0.0,0.0
38.68388,DATA,1,1,2,10,0,13.4287014,13.4287014,-5.16319,1.71665025,7.43085957,7.190246,64.14616,-0.9742737,-4.317717,-0.01000005,7.9960494,56.8008766,0.663686037,-0.7479476,0.0,0.0,0.0,0.0
38.73934,DATA,1,1,2,10,0,13.4841633,13.4841633,-5.19391251,1.7165668,7.480258,7.20505047,67.74122,-1.039154,-4.317717,-0.01000005,7.9960494,60.126976,0.6648152,-0.746971,0.0,0.0,0.0,0.0
38.7944756,DATA,1,1,2,10,0,13.5392971,13.5392971,-5.222054,1.71650863,7.532188,7.19858932,71.2841949,-1.09466553,-4.317717,-0.01000005,7.9960494,63.4813423,0.66805017,-0.7440717,0.0,0.0,0.0,0.0
38.8497925,DATA,1,1,2,10,0,13.594614,13.594614,-5.24729252,1.71648622,7.585972,7.17116356,74.73304,-1.08239746,-4.317717,-0.01000005,7.9960494,66.85195,0.680959463,-0.7322916,0.0,0.0,0.0,0.0
38.9058342,DATA,1,1,2,10,0,13.6506557,13.6506557,-5.26939535,1.71657991,7.64133072,7.146978,78.01518,-1.19567871,-4.317717,-0.01000005,7.9960494,70.21739,0.6879482,-0.7257302,0.0,0.0,0.0,0.0
38.9613,DATA,1,1,2,10,0,13.7061214,13.7061214,-5.289043,1.71664262,7.70033169,7.153688,81.38379,-1.14096069,-4.317717,-0.01000005,7.9960494,73.70544,0.692464948,-0.7214271,0.0,0.0,0.0,0.0
39.0169144,DATA,1,1,2,10,0,13.7617359,13.7617359,-5.30533457,1.71670485,7.76038837,7.13661,84.8400345,-1.00674438,-4.317717,-0.01000005,7.9960494,77.18608,0.697592139,-0.7165135,0.0,0.0,0.0,0.0
39.0722656,DATA,1,1,2,10,0,13.8170872,13.8170872,-5.31801462,1.71685028,7.821449,6.98922729,88.39102,-0.919158936,-4.317717,-0.01000005,7.9960494,80.6764,0.7043977,-0.709769,0.0,0.0,0.0,0.0
39.12814,DATA,1,1,2,10,0,13.872961,13.872961,-5.32719231,1.71691585,7.884538,6.838188,92.06702,-0.882019043,-4.317717,-0.01000005,7.9960494,84.24147,0.705557466,-0.708639741,0.0,0.0,0.0,0.0
39.1836472,DATA,1,1,2,10,0,13.9284687,13.9284687,-5.33222055,1.7169652,7.946541,6.727583,95.7718353,-0.732025146,-4.317717,-0.01000005,7.9960494,87.714386,0.705557466,-0.708639741,0.0,0.0,0.0,0.0
39.2392845,DATA,1,1,2,10,0,13.9841061,13.9841061,-5.33333349,1.71667314,7.979282,6.849603,98.01004,-0.441009521,-4.317717,-0.01000005,7.9960494,89.51811,0.0,0.0,0.0,0.0,0.0,0.0
39.29452,DATA,1,1,2,10,0,14.0393429,14.0393429,-5.33328,1.71642947,7.98031664,6.87290144,98.60764,0.3490148,-4.317717,-0.01000005,7.9960494,89.51811,0.0,0.0,0.0,0.0,0.0,0.0
39.3502541,DATA,1,1,2,10,0,14.0950756,14.0950756,-5.33297634,1.71547842,7.98099232,7.3031745,99.75021,1.63519871,-4.317717,-0.01000005,7.9960494,89.51811,0.0,0.0,0.0,0.0,0.0,0.0
39.4063263,DATA,1,1,2,10,0,14.1511478,14.1511478,-5.332332,1.71518731,7.981239,7.243036,101.254128,2.55583239,-4.317717,-0.01000005,7.9960494,89.51811,0.0,0.0,0.0,0.0,0.0,0.0
39.4618,DATA,1,1,2,10,0,14.2066212,14.2066212,-5.33158875,1.71476078,7.98142958,7.20933151,102.635406,3.22797537,-4.317717,-0.01000005,7.9960494,89.51811,0.0,0.0,0.0,0.0,0.0,0.0
39.51648,DATA,1,1,2,10,0,14.261301,14.261301,-5.330839,1.7144599,7.982144,7.118507,103.348846,3.70376825,-4.317717,-0.01000005,7.9960494,89.51811,0.0,0.0,0.0,0.0,0.0,0.0
39.5720558,DATA,1,1,2,10,0,14.3168774,14.3168774,-5.32999039,1.71427822,7.98343229,7.08132648,103.507156,4.01099,-4.317717,-0.01000005,7.9960494,89.51811,0.0,0.0,0.0,0.0,0.0,0.0
39.62775,DATA,1,1,2,10,0,14.3725719,14.3725719,-5.329226,1.71419764,7.98470259,7.02789974,103.40168,4.200876,-4.317717,-0.01000005,7.9960494,89.51811,0.0,0.0,0.0,0.0,0.0,0.0
39.6839867,DATA,1,1,2,10,0,14.4288082,14.4288082,-5.328637,1.71406484,7.98566341,7.02358532,103.277969,4.304804,-4.317717,-0.01000005,7.9960494,89.51811,0.0,0.0,0.0,0.0,0.0,0.0
39.73873,DATA,1,1,2,10,0,14.4835529,14.4835529,-5.328236,1.71405625,7.98609924,6.92142773,103.313789,4.282757,-4.317717,-0.01000005,7.9960494,89.51811,0.0,0.0,0.0,0.0,0.0,0.0
39.79451,DATA,1,1,2,10,0,14.5393314,14.5393314,-5.32836342,1.71403575,7.98572969,6.926141,103.52243,4.179556,-4.317717,-0.01000005,7.9960494,89.51811,0.0,0.0,0.0,0.0,0.0,0.0
39.84956,DATA,1,1,2,10,0,14.5943813,14.5943813,-5.32877874,1.71403337,7.98430729,6.93742371,103.973022,3.85743785,-4.317717,-0.01000005,7.9960494,89.51811,0.0,0.0,0.0,0.0,0.0,0.0
39.905983,DATA,1,1,2,10,0,14.6508045,14.6508045,-5.32947063,1.71396184,7.98231268,6.99728155,104.57309,3.27517986,-4.317717,-0.01000005,7.9960494,89.51811,0.0,0.0,0.0,0.0,0.0,0.0
39.9611168,DATA,1,1,2,10,0,14.7059383,14.7059383,-5.330305,1.71384883,7.980164,7.115687,105.154915,2.47839475,-4.317717,-0.01000005,7.9960494,89.51811,0.0,0.0,0.0,0.0,0.0,0.0
40.016613,DATA,1,1,2,10,0,14.7614346,14.7614346,-5.33108139,1.71353436,7.978178,7.35013151,105.637383,1.75644815,-4.317717,-0.01000005,7.9960494,89.51811,0.0,0.0,0.0,0.0,0.0,0.0
40.072258,DATA,1,1,2,10,0,14.81708,14.81708,-5.33161831,1.71329236,7.97654629,7.540551,105.963,1.19417644,-4.317717,-0.01000005,7.9960494,89.51811,0.0,0.0,0.0,0.0,0.0,0.0
40.1272049,DATA,1,1,2,10,0,14.8720264,14.8720264,-5.33191252,1.71321559,7.975446,7.702168,106.105179,0.8714092,-4.317717,-0.01000005,7.9960494,89.51811,0.0,0.0,0.0,0.0,0.0,0.0
40.1831932,DATA,1,1,2,10,0,14.9280148,14.9280148,-5.33212471,1.71313119,7.974737,7.75375128,106.112862,0.6746021,-4.317717,-0.01000005,7.9960494,89.51811,0.0,0.0,0.0,0.0,0.0,0.0
40.23854,DATA,1,1,2,10,0,14.9833622,14.9833622,-5.33260536,1.71306491,7.99218559,7.80097866,107.84259,0.5648589,-4.317717,-0.01000005,7.9960494,90.51403,0.9001434,-0.435590744,0.0,0.0,0.0,0.0
40.2941475,DATA,1,1,2,10,0,15.038969,15.038969,-5.32956457,1.71308255,8.072721,7.821492,112.228226,0.5043736,-4.317717,-0.01000005,7.9960494,95.06844,0.9038056,-0.427869558,0.0,0.0,0.0,0.0
40.34964,DATA,1,1,2,10,0,15.0944614,15.0944614,-5.320234,1.71307182,8.152047,7.823083,116.669014,0.4829223,-4.317717,-0.01000005,7.9960494,99.58278,0.9060335,-0.423108578,0.0,0.0,0.0,0.0
40.40563,DATA,1,1,2,10,0,15.15045,15.15045,-5.304681,1.71300316,8.230675,7.84963751,121.179932,0.4802102,-4.317717,-0.01000005,7.9960494,104.107964,0.9067354,-0.421643734,0.0,0.0,0.0,0.0
40.4610519,DATA,1,1,2,10,0,15.2058735,15.2058735,-5.283019,1.71295643,8.30804,7.89081,125.686028,0.4339672,-4.317717,-0.01000005,7.9960494,108.647224,0.9067354,-0.421643734,0.0,0.0,0.0,0.0
40.51678,DATA,1,1,2,10,0,15.2616024,15.2616024,-5.25525665,1.71292949,8.383674,7.90870428,130.254944,0.435714364,-4.317717,-0.01000005,7.9960494,113.196053,0.907803535,-0.4193853,0.0,0.0,0.0,0.0
40.5720558,DATA,1,1,2,10,0,15.3168774,15.3168774,-5.221495,1.71292853,8.45723,7.919725,134.771484,0.4227113,-4.317717,-0.01000005,7.9960494,117.760986,0.907803535,-0.4193853,0.0,0.0,0.0,0.0
40.62762,DATA,1,1,2,10,0,15.3724422,15.3724422,-5.182583,1.71291828,8.526939,7.905069,139.2604,0.4351637,-4.317717,-0.01000005,7.9960494,122.261414,0.907803535,-0.4193853,0.0,0.0,0.0,0.0
40.6835136,DATA,1,1,2,10,0,15.4283352,15.4283352,-5.13788843,1.71286631,8.593913,7.90983725,143.7907,0.450667351,-4.317717,-0.01000005,7.9960494,126.800247,0.907803535,-0.4193853,0.0,0.0,0.0,0.0
40.7389,DATA,1,1,2,10,0,15.4837208,15.4837208,-5.08802462,1.71283841,8.657068,7.889271,148.263718,0.4857541,-4.317717,-0.01000005,7.9960494,131.337509,0.907803535,-0.4193853,0.0,0.0,0.0,0.0
40.79494,DATA,1,1,2,10,0,15.5397625,15.5397625,-5.03281,1.71283841,8.716523,7.885548,152.7631,0.487561971,-4.317717,-0.01000005,7.9960494,135.916824,0.906765938,-0.421521664,0.0,0.0,0.0,0.0
40.8498039,DATA,1,1,2,10,0,15.5946255,15.5946255,-4.97394037,1.71289849,8.770435,7.90452576,157.159683,0.4086657,-4.317717,-0.01000005,7.9960494,140.432877,0.906765938,-0.421521664,0.0,0.0,0.0,0.0
40.90553,DATA,1,1,2,10,0,15.6503506,15.6503506,-4.91045666,1.71289659,8.819929,7.951336,161.658691,0.3523974,-4.317717,-0.01000005,7.9960494,144.984955,0.906277657,-0.4226508,0.0,0.0,0.0,0.0
40.9610939,DATA,1,1,2,10,0,15.7059155,15.7059155,-4.844245,1.71280909,8.863579,7.959865,166.2169,0.339343637,-4.317717,-0.01000005,7.9960494,149.4721,0.906277657,-0.4226508,0.0,0.0,0.0,0.0
41.01704,DATA,1,1,2,10,0,15.7618618,15.7618618,-4.774219,1.71271062,8.902296,7.98271942,170.83905,0.341089845,-4.317717,-0.01000005,7.9960494,154.0003,0.906277657,-0.4226508,0.0,0.0,0.0,0.0
41.07197,DATA,1,1,2,10,0,15.8167934,15.8167934,-4.70126867,1.71278739,8.935432,8.005624,175.360275,0.3449713,-4.317717,-0.01000005,7.9960494,158.527023,0.906277657,-0.4226508,0.0,0.0,0.0,0.0
41.1274,DATA,1,1,2,10,0,15.872221,15.872221,-4.625949,1.71279073,8.962701,8.017945,179.864258,0.352471679,-4.317717,-0.01000005,7.9960494,163.052536,0.906277657,-0.4226508,0.0,0.0,0.0,0.0
41.1834335,DATA,1,1,2,10,0,15.9282551,15.9282551,-4.54859924,1.71268153,8.98399448,8.02166748,-175.645081,0.3474316,-4.317717,-0.01000005,7.9960494,167.581787,0.9050875,-0.425244927,0.0,0.0,0.0,0.0
41.2391,DATA,1,1,2,10,0,15.983923,15.983923,-4.47145557,1.71267271,8.998852,8.023807,-171.643478,0.3014505,-4.317717,-0.01000005,7.9960494,172.02269,0.487716317,-0.2792443,0.0,0.0,0.0,0.0
41.2939758,DATA,1,1,2,10,0,16.0387974,16.0387974,-4.460682,1.71272254,9.000412,8.036018,-171.5509,0.270356148,-4.317717,-0.01000005,7.9960494,172.642654,0.0,0.0,0.0,0.0,0.0,0.0
41.3499756,DATA,1,1,2,10,0,16.0947971,16.0947971,-4.46061039,1.71273637,9.000482,8.020473,-171.59433,0.2604163,-4.317717,-0.01000005,7.9960494,172.642654,0.0,0.0,0.0,0.0,0.0,0.0
41.40473,DATA,1,1,2,10,0,16.1495533,16.1495533,-4.460549,1.71270537,9.000585,8.016131,-171.67392,0.272680163,-4.317717,-0.01000005,7.9960494,172.642654,0.0,0.0,0.0,0.0,0.0,0.0
41.461132,DATA,1,1,2,10,0,16.2059536,16.2059536,-4.46046734,1.71269011,9.00066948,7.988025,-171.803619,0.238939255,-4.317717,-0.01000005,7.9960494,172.642654,0.0,0.0,0.0,0.0,0.0,0.0
41.5168571,DATA,1,1,2,10,0,16.2616787,16.2616787,-4.42830229,1.71279478,9.004857,7.99036455,-169.345642,0.207659751,-4.317717,-0.01000005,7.9960494,174.45076,0.884762049,-0.465926051,0.0,0.0,0.0,0.0
41.5714531,DATA,1,1,2,10,0,16.3162746,16.3162746,-4.350225,1.71297,9.010276,7.96313334,-165.197418,0.183872327,-4.317717,-0.01000005,7.9960494,178.858658,0.88573873,-0.4641255,0.0,0.0,0.0,0.0
41.6274223,DATA,1,1,2,10,0,16.3722439,16.3722439,-4.271676,1.71300483,9.009695,7.925634,-160.947815,0.140016139,-4.317717,-0.01000005,7.9960494,-176.7181,0.88573873,-0.4641255,0.0,0.0,0.0,0.0
41.6831,DATA,1,1,2,10,0,16.4279232,16.4279232,-4.19348335,1.71292949,9.00319,7.91438532,-156.746582,0.105681673,-4.317717,-0.01000005,7.9960494,-172.288773,0.88573873,-0.4641255,0.0,0.0,0.0,0.0
41.7387238,DATA,1,1,2,10,0,16.4835453,16.4835453,-4.11604,1.71298337,8.990454,7.88868856,-152.5501,0.06598036,-4.317717,-0.01000005,7.9960494,-167.8679,0.88573873,-0.4641255,0.0,0.0,0.0,0.0
41.7940025,DATA,1,1,2,10,0,16.5388241,16.5388241,-4.06469631,1.71310687,8.978228,7.87361765,-150.7241,0.04703707,-4.317717,-0.01000005,7.9960494,-164.891479,0.0,0.0,0.0,0.0,0.0,0.0
41.8493767,DATA,1,1,2,10,0,16.5941982,16.5941982,-4.064382,1.71321964,8.977908,7.83279943,-151.073425,0.01842861,-4.317717,-0.01000005,7.9960494,-164.891479,0.0,0.0,0.0,0.0,0.0,0.0
41.9058952,DATA,1,1,2,10,0,16.6507168,16.6507168,-4.06403065,1.71327591,8.977701,7.790853,-151.38829,-0.01171875,-4.317717,-0.01000005,7.9960494,-164.891479,0.0,0.0,0.0,0.0,0.0,0.0
41.9607162,DATA,1,1,2,10,0,16.7055378,16.7055378,-4.06370068,1.7133944,8.977399,7.725247,-151.7233,-0.0303344727,-4.317717,-0.01000005,7.9960494,-164.891479,0.0,0.0,0.0,0.0,0.0,0.0
42.0163269,DATA,1,1,2,10,0,16.7611485,16.7611485,-4.06342649,1.71354914,8.97718048,7.666131,-151.998428,-0.0585632324,-4.317717,-0.01000005,7.9960494,-164.891479,0.0,0.0,0.0,0.0,0.0,0.0
42.07174,DATA,1,1,2,10,0,16.81656,16.81656,-4.06318,1.71361709,8.977,7.620434,-152.247284,-0.07556152,-4.317717,-0.01000005,7.9960494,-164.891479,0.0,0.0,0.0,0.0,0.0,0.0
42.12707,DATA,1,1,2,10,0,16.8718929,16.8718929,-4.062994,1.7136476,8.976824,7.59007359,-152.47464,-0.127746582,-4.317717,-0.01000005,7.9960494,-164.891479,0.0,0.0,0.0,0.0,0.0,0.0
42.18315,DATA,1,1,2,10,0,16.9279728,16.9279728,-4.062732,1.71368408,8.976693,7.564789,-152.703369,-0.138305664,-4.317717,-0.01000005,7.9960494,-164.891479,0.0,0.0,0.0,0.0,0.0,0.0
42.2388039,DATA,1,1,2,10,0,16.9836254,16.9836254,-4.06240273,1.71378756,8.976609,7.497701,-152.937347,-0.167266846,-4.317717,-0.01000005,7.9960494,-164.891479,0.0,0.0,0.0,0.0,0.0,0.0
42.29415,DATA,1,1,2,10,0,17.0389729,17.0389729,-4.06200552,1.71400642,8.976499,7.418166,-153.180878,-0.162963867,-4.317717,-0.01000005,7.9960494,-164.891479,0.0,0.0,0.0,0.0,0.0,0.0
42.3497658,DATA,1,1,2,10,0,17.0945873,17.0945873,-4.061552,1.71415591,8.97644,7.35113525,-153.437271,-0.1927185,-4.317717,-0.01000005,7.9960494,-164.891479,0.0,0.0,0.0,0.0,0.0,0.0
42.4052963,DATA,1,1,2,10,0,17.1501179,17.1501179,-4.061056,1.71431446,8.976299,7.299501,-153.673553,-0.207580566,-4.317717,-0.01000005,7.9960494,-164.891479,0.0,0.0,0.0,0.0,0.0,0.0
42.46135,DATA,1,1,2,10,0,17.206171,17.206171,-4.06075668,1.71436429,8.97616,7.277729,-153.813416,-0.205749512,-4.317717,-0.01000005,7.9960494,-164.891479,0.0,0.0,0.0,0.0,0.0,0.0
42.5168648,DATA,1,1,2,10,0,17.2616863,17.2616863,-4.06068325,1.71440363,8.976061,7.252469,-153.82164,-0.2291565,-4.317717,-0.01000005,7.9960494,-164.891479,0.0,0.0,0.0,0.0,0.0,0.0
42.5718079,DATA,1,1,2,10,0,17.31663,17.31663,-4.0607214,1.71435642,8.976008,7.27256966,-153.716,-0.222625732,-4.317717,-0.01000005,7.9960494,-164.891479,0.0,0.0,0.0,0.0,0.0,0.0
42.6274,DATA,1,1,2,10,0,17.372221,17.372221,-4.06088734,1.71428108,8.975936,7.29056358,-153.593964,-0.196289063,-4.317717,-0.01000005,7.9960494,-164.891479,0.0,0.0,0.0,0.0,0.0,0.0
42.6830444,DATA,1,1,2,10,0,17.427866,17.427866,-4.06093359,1.71423793,8.97600651,7.30275059,-153.520157,-0.199371338,-4.317717,-0.01000005,7.9960494,-164.891479,0.0,0.0,0.0,0.0,0.0,0.0
42.7388763,DATA,1,1,2,10,0,17.4836979,17.4836979,-4.061068,1.714267,8.976145,7.30058,-153.489563,-0.227661133,-4.317717,-0.01000005,7.9960494,-164.891479,0.0,0.0,0.0,0.0,0.0,0.0
42.7941856,DATA,1,1,2,10,0,17.5390072,17.5390072,-4.06114244,1.71429729,8.976212,7.32743645,-153.460068,-0.262268066,-4.317717,-0.01000005,7.9960494,-164.891479,0.0,0.0,0.0,0.0,0.0,0.0
42.8490562,DATA,1,1,2,10,0,17.5938778,17.5938778,-4.061134,1.71427083,8.976278,7.31170464,-153.386887,-0.239959717,-4.317717,-0.01000005,7.9960494,-164.891479,0.0,0.0,0.0,0.0,0.0,0.0
42.9054375,DATA,1,1,2,10,0,17.650259,17.650259,-4.06113434,1.714251,8.976397,7.31927872,-153.3099,-0.233825684,-4.317717,-0.01000005,7.9960494,-164.891479,0.0,0.0,0.0,0.0,0.0,0.0
42.9613152,DATA,1,1,2,10,0,17.7061367,17.7061367,-4.0612216,1.71423864,8.976473,7.31706142,-153.259384,-0.239349365,-4.317717,-0.01000005,7.9960494,-164.891479,0.0,0.0,0.0,0.0,0.0,0.0
43.0168228,DATA,1,1,2,10,0,17.7616444,17.7616444,-4.061379,1.71417069,8.976514,7.3370924,-153.195,-0.2750244,-4.317717,-0.01000005,7.9960494,-164.891479,0.0,0.0,0.0,0.0,0.0,0.0
43.0717125,DATA,1,1,2,10,0,17.816534,17.816534,-4.06141329,1.71414185,8.976495,7.349056,-153.146759,-0.2800293,-4.317717,-0.01000005,7.9960494,-164.891479,0.0,0.0,0.0,0.0,0.0,0.0
43.1272621,DATA,1,1,2,10,0,17.8720837,17.8720837,-4.06142426,1.71412826,8.976407,7.34308529,-153.124237,-0.3036499,-4.317717,-0.01000005,7.9960494,-164.891479,0.0,0.0,0.0,0.0,0.0,0.0
43.1837845,DATA,1,1,2,10,0,17.928606,17.928606,-4.06139851,1.7141037,8.976287,7.350136,-153.1077,-0.313446045,-4.317717,-0.01000005,7.9960494,-164.891479,0.0,0.0,0.0,0.0,0.0,0.0
43.2382278,DATA,1,1,2,10,0,17.98305,17.98305,-4.06138945,1.71406555,8.976318,7.330301,-153.072571,-0.307739258,-4.317717,-0.01000005,7.9960494,-164.891479,0.0,0.0,0.0,0.0,0.0,0.0
43.2940025,DATA,1,1,2,10,0,18.0388241,18.0388241,-4.0612936,1.7140739,8.97625351,7.317157,-153.0614,-0.274017334,-4.317717,-0.01000005,7.9960494,-164.891479,0.0,0.0,0.0,0.0,0.0,0.0
43.3488922,DATA,1,1,2,10,0,18.0937138,18.0937138,-4.06130934,1.71403337,8.976195,7.285435,-153.080841,-0.2456665,-4.317717,-0.01000005,7.9960494,-164.891479,0.0,0.0,0.0,0.0,0.0,0.0
43.4033356,DATA,1,1,2,10,0,18.1481571,18.1481571,-4.0613184,1.71403146,8.976238,7.27071238,-153.063721,-0.2791443,-4.317717,-0.01000005,7.9960494,-164.891479,0.0,0.0,0.0,0.0,0.0,0.0
43.45902,DATA,1,1,2,10,0,18.20384,18.20384,-4.061418,1.7140348,8.976391,7.30922461,-152.940552,-0.29397583,-4.317717,-0.01000005,7.9960494,-164.891479,0.0,0.0,0.0,0.0,0.0,0.0
43.51441,DATA,1,1,2,10,0,18.25923,18.25923,-4.061587,1.713978,8.976602,7.29015875,-152.699631,-0.26864624,-4.317717,-0.01000005,7.9960494,-164.891479,0.0,0.0,0.0,0.0,0.0,0.0
43.5696,DATA,1,1,2,10,0,18.31442,18.31442,-4.061949,1.71388721,8.976946,7.318705,-152.325546,-0.2625122,-4.317717,-0.01000005,7.9960494,-164.891479,0.0,0.0,0.0,0.0,0.0,0.0
43.62571,DATA,1,1,2,10,0,18.3705311,18.3705311,-4.06247139,1.71376491,8.977317,7.37217569,-151.864944,-0.275787354,-4.317717,-0.01000005,7.9960494,-164.891479,0.0,0.0,0.0,0.0,0.0,0.0
43.681942,DATA,1,1,2,10,0,18.4267635,18.4267635,-4.063215,1.71375465,8.977629,7.33922863,-151.290161,-0.00631713867,-4.317717,-0.01000005,7.9960494,-164.891479,0.0,0.0,0.0,0.0,0.0,0.0
43.73748,DATA,1,1,2,10,0,18.4823017,18.4823017,-4.06421137,1.71364236,8.978007,7.38509369,-150.445679,0.05446087,-4.317717,-0.01000005,7.9960494,-164.891479,0.0,0.0,0.0,0.0,0.0,0.0
43.79284,DATA,1,1,2,10,0,18.53766,18.53766,-4.06521749,1.71327114,8.97827,7.558022,-149.709381,0.0490704961,-4.317717,-0.01000005,7.9960494,-164.891479,0.0,0.0,0.0,0.0,0.0,0.0
43.8485756,DATA,1,1,2,10,0,18.5933971,18.5933971,-4.0661726,1.7129333,8.97853851,7.72550154,-149.1287,-0.0159301758,-4.317717,-0.01000005,7.9960494,-164.891479,0.0,0.0,0.0,0.0,0.0,0.0
43.9045372,DATA,1,1,2,10,0,18.6493587,18.6493587,-4.06704664,1.71266031,8.978675,7.89267635,-148.58316,0.08674425,-4.317717,-0.01000005,7.9960494,-164.891479,0.0,0.0,0.0,0.0,0.0,0.0
43.9600258,DATA,1,1,2,10,0,18.7048473,18.7048473,-4.067915,1.71266842,8.978874,7.955707,-147.971786,0.465682417,-4.317717,-0.01000005,7.9960494,-164.891479,0.0,0.0,0.0,0.0,0.0,0.0
44.01518,DATA,1,1,2,10,0,18.76,18.76,-4.06892,1.71257448,8.979665,8.175026,-147.207825,0.629479766,-4.317717,-0.01000005,7.9960494,-164.891479,0.0,0.0,0.0,0.0,0.0,0.0
44.07081,DATA,1,1,2,10,0,18.81563,18.81563,-4.07024145,1.71236515,8.980861,8.412055,-146.163483,0.621232867,-4.317717,-0.01000005,7.9960494,-164.891479,0.0,0.0,0.0,0.0,0.0,0.0
44.12679,DATA,1,1,2,10,0,18.87161,18.87161,-4.07185745,1.71184468,8.982037,8.593692,-144.837784,0.529153943,-4.317717,-0.01000005,7.9960494,-164.891479,0.0,0.0,0.0,0.0,0.0,0.0
44.1819153,DATA,1,1,2,10,0,18.9267368,18.9267368,-4.073584,1.71087956,8.983503,8.976748,-143.393463,0.5560819,-4.317717,-0.01000005,7.9960494,-164.891479,0.0,0.0,0.0,0.0,0.0,0.0
44.23776,DATA,1,1,2,10,0,18.98258,18.98258,-4.075245,1.7098875,8.985379,9.524236,-142.026443,0.5278133,-4.317717,-0.01000005,7.9960494,-164.891479,0.0,0.0,0.0,0.0,0.0,0.0
44.29292,DATA,1,1,2,10,0,19.03774,19.03774,-4.07690525,1.70868492,8.987406,10.2897148,-140.71315,0.4482915,-4.317717,-0.01000005,7.9960494,-164.891479,0.0,0.0,0.0,0.0,0.0,0.0
44.34805,DATA,1,1,2,10,0,19.09287,19.09287,-4.07844448,1.70786262,8.989196,10.77123,-139.527252,0.355861247,-4.317717,-0.01000005,7.9960494,-164.891479,0.0,0.0,0.0,0.0,0.0,0.0
44.4044762,DATA,1,1,2,10,0,19.1492977,19.1492977,-4.07973051,1.70739532,8.990766,11.0457468,-138.42337,0.417609841,-4.317717,-0.01000005,7.9960494,-164.891479,0.0,0.0,0.0,0.0,0.0,0.0
44.45952,DATA,1,1,2,10,0,19.20434,19.20434,-4.080571,1.707243,8.991968,11.1124611,-137.592621,0.5969071,-4.317717,-0.01000005,7.9960494,-164.891479,0.0,0.0,0.0,0.0,0.0,0.0
44.51538,DATA,1,1,2,10,0,19.2602024,19.2602024,-4.08097029,1.70701337,8.992746,11.2217407,-137.152878,0.6823497,-4.317717,-0.01000005,7.9960494,-164.891479,0.0,0.0,0.0,0.0,0.0,0.0
44.5699577,DATA,1,1,2,10,0,19.31478,19.31478,-4.08092928,1.70702982,8.992758,11.1274471,-137.0857,0.6507827,-4.317717,-0.01000005,7.9960494,-164.891479,0.0,0.0,0.0,0.0,0.0,0.0
44.6260872,DATA,1,1,2,10,0,19.3709087,19.3709087,-4.08077526,1.706835,8.992067,11.1655712,-137.242783,0.7731362,-4.317717,-0.01000005,7.9960494,-164.891479,0.0,0.0,0.0,0.0,0.0,0.0
44.6813736,DATA,1,1,2,10,0,19.4261951,19.4261951,-4.0809803,1.706748,8.991551,11.2178288,-137.370346,0.7553724,-4.317717,-0.01000005,7.9960494,-164.891479,0.0,0.0,0.0,0.0,0.0,0.0
44.7372,DATA,1,1,2,10,0,19.4820232,19.4820232,-4.081245,1.70685029,8.991732,11.2446795,-137.192108,0.784146667,-4.317717,-0.01000005,7.9960494,-164.891479,0.0,0.0,0.0,0.0,0.0,0.0
44.79207,DATA,1,1,2,10,0,19.53689,19.53689,-4.08105469,1.706841,8.991676,11.2142582,-137.221161,0.67536974,-4.317717,-0.01000005,7.9960494,-164.891479,0.0,0.0,0.0,0.0,0.0,0.0
44.8473549,DATA,1,1,2,10,0,19.5921764,19.5921764,-4.08076143,1.70708036,8.990837,11.1227884,-137.471222,0.7045914,-4.317717,-0.01000005,7.9960494,-164.891479,0.0,0.0,0.0,0.0,0.0,0.0
44.90397,DATA,1,1,2,10,0,19.64879,19.64879,-4.08059072,1.70713973,8.989987,11.0083675,-137.694809,0.7850411,-4.317717,-0.01000005,7.9960494,-164.891479,0.0,0.0,0.0,0.0,0.0,0.0
44.95945,DATA,1,1,2,10,0,19.7042713,19.7042713,-4.08047152,1.70725369,8.989391,10.8884974,-137.9069,0.8475854,-4.317717,-0.01000005,7.9960494,-164.891479,0.0,0.0,0.0,0.0,0.0,0.0
45.0148354,DATA,1,1,2,10,0,19.7596569,19.7596569,-4.08010864,1.70740509,8.989173,10.821229,-138.039124,0.8602611,-4.317717,-0.01000005,7.9960494,-164.891479,0.0,0.0,0.0,0.0,0.0,0.0
45.0699654,DATA,1,1,2,10,0,19.8147869,19.8147869,-4.079951,1.70756578,8.989046,10.76018,-138.1101,0.9106056,-4.317717,-0.01000005,7.9960494,-164.891479,0.0,0.0,0.0,0.0,0.0,0.0
45.1262436,DATA,1,1,2,10,0,19.8710651,19.8710651,-4.07983637,1.70750856,8.988912,10.7351227,-138.19014,0.8950388,-4.317717,-0.01000005,7.9960494,-164.891479,0.0,0.0,0.0,0.0,0.0,0.0
45.1818962,DATA,1,1,2,10,0,19.9267178,19.9267178,-4.079807,1.70729375,8.988784,10.7638731,-138.2894,0.7620601,-4.317717,-0.01000005,7.9960494,-164.891479,0.0,0.0,0.0,0.0,0.0,0.0
45.23682,DATA,1,1,2,10,0,19.9816418,19.9816418,-4.079653,1.70732546,8.988475,10.7803946,-138.405945,0.7377109,-4.317717,-0.01000005,7.9960494,-164.891479,0.0,0.0,0.0,0.0,0.0,0.0
45.29264,DATA,1,1,2,10,0,20.0374622,20.0374622,-4.079729,1.70722985,8.988148,10.8321056,-138.4626,0.6840568,-4.317717,-0.01000005,7.9960494,-164.891479,0.0,0.0,0.0,0.0,0.0,0.0
45.34795,DATA,1,1,2,10,0,20.0927715,20.0927715,-4.07993174,1.70726752,8.988026,10.8260593,-138.453949,0.709472656,-4.317717,-0.01000005,7.9960494,-164.891479,0.0,0.0,0.0,0.0,0.0,0.0
45.40391,DATA,1,1,2,10,0,20.1487331,20.1487331,-4.079979,1.707118,8.988158,10.805563,-138.376312,0.6696137,-4.317717,-0.01000005,7.9960494,-164.891479,0.0,0.0,0.0,0.0,0.0,0.0
45.4596062,DATA,1,1,2,10,0,20.2044277,20.2044277,-4.080023,1.70707417,8.987953,10.7943659,-138.442825,0.6193566,-4.317717,-0.01000005,7.9960494,-164.891479,0.0,0.0,0.0,0.0,0.0,0.0
45.5148239,DATA,1,1,2,10,0,20.2596455,20.2596455,-4.0800457,1.70701647,8.987635,10.8259478,-138.527664,0.572515249,-4.317717,-0.01000005,7.9960494,-164.891479,0.0,0.0,0.0,0.0,0.0,0.0
45.5701675,DATA,1,1,2,10,0,20.31499,20.31499,-4.08005857,1.70702386,8.987417,10.837533,-138.588882,0.5701676,-4.317717,-0.01000005,7.9960494,-164.891479,0.0,0.0,0.0,0.0,0.0,0.0
45.6258354,DATA,1,1,2,10,0,20.370657,20.370657,-4.079965,1.70696306,8.987348,10.8112526,-138.585648,0.606020749,-4.317717,-0.01000005,7.9960494,-164.891479,0.0,0.0,0.0,0.0,0.0,0.0
45.68203,DATA,1,1,2,10,0,20.4268513,20.4268513,-4.0799036,1.70695853,8.987366,10.7757692,-138.535141,0.6967928,-4.317717,-0.01000005,7.9960494,-164.891479,0.0,0.0,0.0,0.0,0.0,0.0
45.7375259,DATA,1,1,2,10,0,20.4823475,20.4823475,-4.07968664,1.70709348,8.987585,10.7666225,-138.444351,0.678663,-4.317717,-0.01000005,7.9960494,-164.891479,0.0,0.0,0.0,0.0,0.0,0.0
45.7925949,DATA,1,1,2,10,0,20.5374165,20.5374165,-4.079417,1.70712328,8.987569,10.7309341,-138.455566,0.698423564,-4.317717,-0.01000005,7.9960494,-164.891479,0.0,0.0,0.0,0.0,0.0,0.0
45.8482552,DATA,1,1,2,10,0,20.5930767,20.5930767,-4.079279,1.70709515,8.987323,10.7080212,-138.528915,0.720568061,-4.317717,-0.01000005,7.9960494,-164.891479,0.0,0.0,0.0,0.0,0.0,0.0
45.904026,DATA,1,1,2,10,0,20.6488476,20.6488476,-4.07914829,1.70699263,8.987148,10.6878,-138.638626,0.683909655,-4.317717,-0.01000005,7.9960494,-164.891479,0.0,0.0,0.0,0.0,0.0,0.0
45.9611664,DATA,1,1,2,10,0,20.7059879,20.7059879,-4.078898,1.70712113,8.987012,10.6761236,-138.622116,0.6980444,-4.317717,-0.01000005,7.9960494,-164.891479,0.0,0.0,0.0,0.0,0.0,0.0
46.01489,DATA,1,1,2,10,0,20.75971,20.75971,-4.078685,1.70715809,8.986882,10.66058,-138.616089,0.7153493,-4.317717,-0.01000005,7.9960494,-164.891479,0.0,0.0,0.0,0.0,0.0,0.0
46.07033,DATA,1,1,2,10,0,20.8151531,20.8151531,-4.078372,1.7072649,8.986669,10.5961714,-138.731277,0.7346591,-4.317717,-0.01000005,7.9960494,-164.891479,0.0,0.0,0.0,0.0,0.0,0.0
46.1261559,DATA,1,1,2,10,0,20.8709774,20.8709774,-4.07796574,1.707325,8.986633,10.5255041,-138.891373,0.7206022,-4.317717,-0.01000005,7.9960494,-164.891479,0.0,0.0,0.0,0.0,0.0,0.0
46.18164,DATA,1,1,2,10,0,20.9264622,20.9264622,-4.07770157,1.70731,8.986483,10.4950991,-139.0441,0.7356983,-4.317717,-0.01000005,7.9960494,-164.891479,0.0,0.0,0.0,0.0,0.0,0.0
46.2377968,DATA,1,1,2,10,0,20.9826183,20.9826183,-4.077588,1.70737076,8.986345,10.4771347,-139.187363,0.6717361,-4.317717,-0.01000005,7.9960494,-164.891479,0.0,0.0,0.0,0.0,0.0,0.0
46.2924461,DATA,1,1,2,10,0,21.0372677,21.0372677,-4.077404,1.70747662,8.986306,10.4800644,-139.350067,0.6297128,-4.317717,-0.01000005,7.9960494,-164.891479,0.0,0.0,0.0,0.0,0.0,0.0
46.3481064,DATA,1,1,2,10,0,21.0929279,21.0929279,-4.07706547,1.70758891,8.986372,10.4148607,-139.533844,0.5972181,-4.317717,-0.01000005,7.9960494,-164.891479,0.0,0.0,0.0,0.0,0.0,0.0
46.404,DATA,1,1,2,10,0,21.14882,21.14882,-4.07686138,1.70762539,8.986473,10.3667679,-139.673767,0.580705643,-4.317717,-0.01000005,7.9960494,-164.891479,0.0,0.0,0.0,0.0,0.0,0.0
46.46019,DATA,1,1,2,10,0,21.2050114,21.2050114,-4.0875535,1.70761824,8.946499,10.3316536,-139.780426,0.542647958,-4.32852936,-0.01000005,7.956001,-164.891479,0.0,0.0,1.0,0.0,0.0,0.0
46.51534,DATA,1,1,2,10,0,21.26016,21.26016,-4.13119173,1.70760858,8.784462,10.325141,-139.899536,0.480509371,-4.372247,-0.01000011,7.794071,-164.891479,0.0,0.0,1.0,0.0,0.0,0.0
46.57046,DATA,1,1,2,10,0,21.3152828,21.3152828,-4.174848,1.707582,8.622213,10.3292189,-140.12291,0.353607446,-4.415839,-0.01000005,7.63260746,-164.891479,0.0,0.0,1.0,0.0,0.0,0.0
46.6263771,DATA,1,1,2,10,0,21.3711987,21.3711987,-4.21837854,1.70751619,8.461005,10.3481655,-140.411545,0.275257051,-4.458963,-0.01000011,7.47287941,-164.891479,0.0,0.0,1.0,0.0,0.0,0.0
46.6822739,DATA,1,1,2,10,0,21.4270954,21.4270954,-4.262432,1.70742619,8.29881,10.3612671,-140.735947,0.1709957,-4.502314,-0.01000011,7.3123064,-164.891479,0.0,0.0,1.0,0.0,0.0,0.0
46.7380753,DATA,1,1,2,10,0,21.4828968,21.4828968,-4.307325,1.70746732,8.134606,10.4227314,-141.222885,0.134068653,-4.54613256,-0.01000005,7.150005,-164.891479,0.0,0.0,1.0,0.0,0.0,0.0
46.7932854,DATA,1,1,2,10,0,21.5381069,21.5381069,-4.352262,1.70748985,7.97146654,10.4902639,-141.816742,0.0788406357,-4.589737,-0.01000011,6.9884944,-164.891479,0.0,0.0,1.0,0.0,0.0,0.0
46.84852,DATA,1,1,2,10,0,21.59334,21.59334,-4.396796,1.70747423,7.810387,10.6313658,-142.43042,0.02056959,-4.63296556,-0.01000005,6.82837868,-164.891479,0.0,0.0,1.0,0.0,0.0,0.0
46.90524,DATA,1,1,2,10,0,21.65006,21.65006,-4.44105053,1.70759678,7.650117,10.6876965,-143.20961,-0.182739258,-4.67601538,-0.01000011,6.668923,-164.891479,0.0,0.0,1.0,0.0,0.0,0.0
46.9601021,DATA,1,1,2,10,0,21.7049236,21.7049236,-4.4861927,1.70760047,7.486305,10.7932472,-144.006989,-0.511901855,-4.72006655,-0.01000011,6.505759,-164.891479,0.0,0.0,1.0,0.0,0.0,0.0
47.015377,DATA,1,1,2,10,0,21.7601986,21.7601986,-4.530414,1.70754766,7.325461,10.9404478,-144.766785,-0.8925476,-4.76338863,-0.01000005,6.345295,-164.891479,0.0,0.0,1.0,0.0,0.0,0.0
47.0705833,DATA,1,1,2,10,0,21.8154049,21.8154049,-4.5747385,1.70764041,7.163875,11.034133,-145.437027,-1.21017456,-4.80695772,-0.01000005,6.18391466,-164.891479,0.0,0.0,1.0,0.0,0.0,0.0
47.12634,DATA,1,1,2,10,0,21.87116,21.87116,-4.61857367,1.70769167,7.003171,11.0846844,-146.130051,-1.48565674,-4.850309,-0.01000011,6.02334452,-164.891479,0.0,0.0,1.0,0.0,0.0,0.0
47.18257,DATA,1,1,2,10,0,21.927393,21.927393,-4.66205,1.70776772,6.842948,11.1497765,-146.819717,-1.83532715,-4.89354658,-0.01000005,5.8631916,-164.891479,0.0,0.0,1.0,0.0,0.0,0.0
47.2377968,DATA,1,1,2,10,0,21.9826183,21.9826183,-4.70583248,1.70798182,6.679986,11.1469564,-147.624908,-2.100769,-4.93747139,-0.01000005,5.70049524,-164.891479,0.0,0.0,1.0,0.0,0.0,0.0
47.293663,DATA,1,1,2,10,0,22.0384846,22.0384846,-4.701139,1.70829034,6.505384,11.0244055,-144.936813,-2.22113037,-4.98296928,-0.01000005,5.539131,-161.988983,0.9189733,-0.394268632,1.0,0.0,0.0,0.0
47.34855,DATA,1,1,2,10,0,22.09337,22.09337,-4.6796484,1.70877576,6.32176352,10.80448,-141.755524,-2.251007,-5.039133,-0.01000005,5.382536,-157.403442,0.918424,-0.39555037,1.0,0.0,0.0,0.0
47.40416,DATA,1,1,2,10,0,22.1489811,22.1489811,-4.67235565,1.70945525,6.13982725,10.5164061,-139.052429,-2.171814,-5.10640335,-0.01000005,5.233455,-152.894272,0.919339538,-0.39341414,1.0,0.0,0.0,0.0
47.45967,DATA,1,1,2,10,0,22.2044926,22.2044926,-4.67951775,1.71042514,5.95363474,10.05876,-136.616821,-2.18783569,-5.18692,-0.01000005,5.08718967,-148.2892,0.9185766,-0.395214677,1.0,0.0,0.0,0.0
47.51595,DATA,1,1,2,10,0,22.26077,22.26077,-4.70163965,1.71144092,5.766435,9.515311,-134.374023,-2.18499756,-5.28008366,-0.00999999,4.946202,-143.6329,0.918118834,-0.396252275,1.0,0.0,0.0,0.0
47.57045,DATA,1,1,2,10,0,22.3152714,22.3152714,-4.73751926,1.71262217,5.58620834,8.923982,-132.425369,-2.13989258,-5.38135529,-0.01000011,4.81687832,-139.107559,0.916715,-0.399517775,1.0,0.0,0.0,0.0
47.6262627,DATA,1,1,2,10,0,22.3710842,22.3710842,-4.789963,1.71381617,5.410004,8.331312,-130.978561,-2.06988525,-5.49342346,-0.01000005,4.694969,-134.728226,0.5527513,-0.276528239,1.0,0.0,0.0,0.0
47.6823235,DATA,1,1,2,10,0,22.427145,22.427145,-4.899317,1.71489227,5.28113365,7.751132,-133.384277,-1.93447876,-5.61423826,-0.01000011,4.5774827,-134.020569,0.0,0.0,1.0,0.0,0.0,0.0
47.73752,DATA,1,1,2,10,0,22.48234,22.48234,-4.926924,1.71577835,5.249874,7.24256468,-135.583389,-1.92214966,-5.644677,-0.01000005,4.548067,-134.020569,0.0,0.0,0.0,0.0,0.0,0.0
47.7926,DATA,1,1,2,10,0,22.53742,22.53742,-4.92447662,1.716461,5.24839926,6.80477667,-137.403061,-1.92755127,-5.644677,-0.01000005,4.548067,-134.020569,0.0,0.0,0.0,0.0,0.0,0.0
47.8483276,DATA,1,1,2,10,0,22.59315,22.59315,-4.94731569,1.71678662,5.272079,6.546234,-141.62735,-1.99447632,-5.644677,-0.01000005,4.548067,-136.019775,-0.979338944,0.202093542,0.0,0.0,0.0,0.0
47.90449,DATA,1,1,2,10,0,22.649313,22.649313,-5.010016,1.71705532,5.328348,6.34907341,-147.614639,-2.07955933,-5.644677,-0.01000005,4.548067,-140.9306,-0.981322646,0.192083478,0.0,0.0,0.0,0.0
47.9596558,DATA,1,1,2,10,0,22.7044773,22.7044773,-5.077542,1.71722722,5.379381,6.178999,-153.208679,-2.17449951,-5.644677,-0.01000005,4.548067,-145.8372,-0.9816279,0.190618634,0.0,0.0,0.0,0.0
48.01553,DATA,1,1,2,10,0,22.7603512,22.7603512,-5.1498127,1.7173171,5.42495537,6.02739859,-158.506439,-2.25149536,-5.644677,-0.01000005,4.548067,-150.777908,-0.972746968,0.231818616,0.0,0.0,0.0,0.0
48.0706635,DATA,1,1,2,10,0,22.815485,22.815485,-5.204341,1.7173636,5.45378828,5.894433,-161.4078,-2.2644043,-5.644677,-0.01000005,4.548067,-154.354233,0.0,0.0,1.0,0.0,0.0,0.0
48.1267,DATA,1,1,2,10,0,22.8715229,22.8715229,-5.27506256,1.71747959,5.304525,5.80542374,-161.306274,-2.19595337,-5.716292,-0.01000011,4.39890146,-154.354233,0.0,0.0,1.0,0.0,0.0,0.0
48.18222,DATA,1,1,2,10,0,22.927042,22.927042,-5.346444,1.71743965,5.154733,5.746895,-161.065063,-2.0567627,-5.78819942,-0.01000005,4.249126,-154.354233,0.0,0.0,1.0,0.0,0.0,0.0
48.2383347,DATA,1,1,2,10,0,22.9831562,22.9831562,-5.419265,1.71746039,5.002064,5.703048,-160.786316,-2.00009155,-5.861604,-0.01000005,4.096233,-154.354233,0.0,0.0,1.0,0.0,0.0,0.0
48.2929878,DATA,1,1,2,10,0,23.03781,23.03781,-5.49111652,1.71746373,4.85221148,5.71287155,-160.5261,-1.95791626,-5.93364143,-0.01000005,3.94618654,-154.354233,0.0,0.0,1.0,0.0,0.0,0.0
48.3482971,DATA,1,1,2,10,0,23.0931187,23.0931187,-5.562884,1.71762586,4.70252275,5.71518564,-160.338608,-1.89422607,-6.00566435,-0.0100001693,3.796171,-154.354233,0.0,0.0,1.0,0.0,0.0,0.0
48.40441,DATA,1,1,2,10,0,23.1492329,23.1492329,-5.63417053,1.71767759,4.55403137,5.653633,-160.146042,-1.787384,-6.07714,-0.01000005,3.64729524,-154.354233,0.0,0.0,1.0,0.0,0.0,0.0
48.46074,DATA,1,1,2,10,0,23.20556,23.20556,-5.70688534,1.71791625,4.403457,5.45411444,-159.419,-1.56982422,-6.149806,-0.01000005,3.49594,-154.354233,0.0,0.0,1.0,0.0,0.0,0.0
48.5155869,DATA,1,1,2,10,0,23.2604084,23.2604084,-5.780493,1.718317,4.2549715,4.953168,-157.405762,-1.05340576,-6.22156239,-0.01000005,3.34647965,-154.354233,0.0,0.0,1.0,0.0,0.0,0.0
48.57183,DATA,1,1,2,10,0,23.3166523,23.3166523,-5.855391,1.71877313,4.10454226,4.356594,-154.400711,-0.246276855,-6.294213,-0.01000005,3.195157,-154.354233,0.0,0.0,1.0,0.0,0.0,0.0
48.62684,DATA,1,1,2,10,0,23.37166,23.37166,-5.8762536,1.71896577,4.06619835,3.99843884,-151.698456,0.390493572,-6.31290627,-0.01000005,3.15622,-154.354233,0.0,0.0,0.0,0.0,0.0,0.0
48.68297,DATA,1,1,2,10,0,23.42779,23.42779,-5.878038,1.719275,4.06597853,3.674624,-149.777985,0.6877496,-6.31290627,-0.01000005,3.15622,-154.354233,0.0,0.0,0.0,0.0,0.0,0.0
48.7384148,DATA,1,1,2,10,0,23.4832363,23.4832363,-5.8794136,1.7192831,4.06482935,3.64097834,-148.476013,0.615354657,-6.31290627,-0.01000005,3.15622,-154.354233,0.0,0.0,0.0,0.0,0.0,0.0
48.79413,DATA,1,1,2,10,0,23.53895,23.53895,-5.880244,1.71850324,4.06265163,3.69805431,-147.966125,0.5519913,-6.31290627,-0.01000005,3.15622,-154.354233,0.0,0.0,0.0,0.0,0.0,0.0
48.8490334,DATA,1,1,2,10,0,23.5938549,23.5938549,-5.88035631,1.717818,4.060695,3.9384613,-147.841187,0.8008376,-6.31290627,-0.01000005,3.15622,-154.354233,0.0,0.0,0.0,0.0,0.0,0.0
48.90513,DATA,1,1,2,10,0,23.64995,23.64995,-5.88038,1.71775174,4.059077,3.835179,-147.96376,1.0427953,-6.31290627,-0.01000005,3.15622,-154.354233,0.0,0.0,0.0,0.0,0.0,0.0
48.96072,DATA,1,1,2,10,0,23.7055416,23.7055416,-5.88017559,1.71778226,4.057662,3.84437156,-148.416153,1.19720113,-6.31290627,-0.01000005,3.15622,-154.354233,0.0,0.0,0.0,0.0,0.0,0.0
49.01609,DATA,1,1,2,10,0,23.7609119,23.7609119,-5.87991762,1.71787548,4.056582,3.797946,-149.065445,1.19163179,-6.31290627,-0.01000005,3.15622,-154.354233,0.0,0.0,0.0,0.0,0.0,0.0
49.070713,DATA,1,1,2,10,0,23.8155346,23.8155346,-5.879762,1.71807837,4.05564451,3.77039123,-149.876816,1.09879863,-6.31290627,-0.01000005,3.15622,-154.354233,0.0,0.0,0.0,0.0,0.0,0.0
49.1266479,DATA,1,1,2,10,0,23.87147,23.87147,-5.87925,1.71814013,4.05509949,3.738633,-150.977524,0.8324921,-6.31290627,-0.01000005,3.15622,-154.354233,0.0,0.0,0.0,0.0,0.0,0.0
49.18243,DATA,1,1,2,10,0,23.9272518,23.9272518,-5.878591,1.7183671,4.05483437,3.69628835,-152.140991,0.6103158,-6.31290627,-0.01000005,3.15622,-154.354233,0.0,0.0,0.0,0.0,0.0,0.0
49.23836,DATA,1,1,2,10,0,23.9831829,23.9831829,-5.878058,1.71857142,4.05505943,3.65963244,-153.136841,0.347506374,-6.31290627,-0.01000005,3.15622,-154.354233,0.0,0.0,0.0,0.0,0.0,0.0
49.29328,DATA,1,1,2,10,0,24.0381031,24.0381031,-5.877801,1.718662,4.055041,3.67116952,-154.001892,0.137049437,-6.31290627,-0.01000005,3.15622,-154.354233,0.0,0.0,0.0,0.0,0.0,0.0
49.3486862,DATA,1,1,2,10,0,24.0935078,24.0935078,-5.8774457,1.71867871,4.05472231,3.67382765,-154.890182,-0.135375977,-6.31290627,-0.01000005,3.15622,-154.354233,0.0,0.0,0.0,0.0,0.0,0.0
49.4051857,DATA,1,1,2,10,0,24.1500072,24.1500072,-5.87677526,1.71864939,4.05386829,3.61738658,-155.883179,-0.249633789,-6.31290627,-0.01000005,3.15622,-154.354233,0.0,0.0,0.0,0.0,0.0,0.0
49.4605446,DATA,1,1,2,10,0,24.2053661,24.2053661,-5.894024,1.71859336,4.01552963,3.568283,-156.835541,-0.342468262,-6.33084631,-0.01000005,3.11885262,-154.354233,0.0,0.0,1.0,0.0,0.0,0.0
49.5157242,DATA,1,1,2,10,0,24.2605457,24.2605457,-5.96544647,1.71868634,3.86534739,3.48948,-157.53125,-0.462921143,-6.402525,-0.01000005,2.969555,-154.354233,0.0,0.0,1.0,0.0,0.0,0.0
49.57078,DATA,1,1,2,10,0,24.3156033,24.3156033,-6.03796864,1.71880817,3.71314383,3.52361512,-158.160767,-0.705444336,-6.475053,-0.01000011,2.81848669,-154.354233,0.0,0.0,1.0,0.0,0.0,0.0
49.62688,DATA,1,1,2,10,0,24.3717022,24.3717022,-6.109379,1.71870637,3.563723,3.54094124,-158.69458,-0.9371948,-6.546306,-0.01000005,2.6700747,-154.354233,0.0,0.0,1.0,0.0,0.0,0.0
49.6824226,DATA,1,1,2,10,0,24.4272442,24.4272442,-6.18180656,1.71862876,3.41218972,3.61957049,-159.214172,-1.11257935,-6.618491,-0.01000011,2.51972032,-154.354233,0.0,0.0,1.0,0.0,0.0,0.0
49.7375145,DATA,1,1,2,10,0,24.482336,24.482336,-6.23599148,1.71861458,3.29831767,3.60873938,-159.762466,-1.19824219,-6.672678,-0.01000011,2.406855,-154.354233,0.0,0.0,0.0,0.0,0.0,0.0
49.7925453,DATA,1,1,2,10,0,24.5373669,24.5373669,-6.23595142,1.718643,3.29774022,3.545484,-160.3084,-1.223999,-6.672678,-0.01000011,2.406855,-154.354233,0.0,0.0,0.0,0.0,0.0,0.0
49.8477135,DATA,1,1,2,10,0,24.592535,24.592535,-6.235731,1.718702,3.29772973,3.52774262,-160.774155,-1.310791,-6.672678,-0.01000011,2.406855,-154.354233,0.0,0.0,0.0,0.0,0.0,0.0
49.905014,DATA,1,1,2,10,0,24.6498356,24.6498356,-6.235393,1.71885979,3.29781747,3.51482224,-161.178009,-1.37728882,-6.672678,-0.01000011,2.406855,-154.354233,0.0,0.0,0.0,0.0,0.0,0.0
49.95936,DATA,1,1,2,10,0,24.70418,24.70418,-6.252974,1.7188468,3.26088786,3.531387,-161.41835,-1.4147644,-6.69059944,-0.01000005,2.369527,-154.354233,0.0,0.0,1.0,0.0,0.0,0.0
50.0155563,DATA,1,1,2,10,0,24.7603779,24.7603779,-6.32508039,1.7186451,3.11073852,3.60795474,-161.5771,-1.40466309,-6.76279831,-0.01000011,2.2191453,-154.354233,0.0,0.0,1.0,0.0,0.0,0.0
50.071064,DATA,1,1,2,10,0,24.8158855,24.8158855,-6.397347,1.718507,2.95911026,3.69940543,-161.840958,-1.35858154,-6.83558846,-0.01000005,2.06753135,-154.354233,0.0,0.0,1.0,0.0,0.0,0.0
50.12651,DATA,1,1,2,10,0,24.8713322,24.8713322,-6.467251,1.718473,2.81156278,3.70623922,-162.216919,-1.32669067,-6.90636635,-0.01000005,1.9201082,-154.354233,0.0,0.0,1.0,0.0,0.0,0.0
50.18241,DATA,1,1,2,10,0,24.9272327,24.9272327,-6.53775644,1.71859,2.6620965,3.67321825,-162.7042,-1.2930603,-6.97799,-0.01000005,1.77092385,-154.354233,0.0,0.0,1.0,0.0,0.0,0.0
50.2376556,DATA,1,1,2,10,0,24.9824772,24.9824772,-6.609175,1.71870875,2.51027513,3.633849,-163.28627,-1.23379517,-7.05073357,-0.01000005,1.6194073,-154.354233,0.0,0.0,1.0,0.0,0.0,0.0
50.29333,DATA,1,1,2,10,0,25.0381527,25.0381527,-6.681138,1.71885252,2.3572824,3.5131197,-163.912155,-1.11880493,-7.124035,-0.0100001693,1.46672952,-154.354233,0.0,0.0,1.0,0.0,0.0,0.0
50.34901,DATA,1,1,2,10,0,25.093832,25.093832,-6.750854,1.71904433,2.20852375,3.394854,-164.567154,-0.8985596,-7.19529438,-0.01000011,1.318304,-154.354233,0.0,0.0,1.0,0.0,0.0,0.0
50.40428,DATA,1,1,2,10,0,25.1491032,25.1491032,-6.821022,1.71925521,2.05838,3.28336835,-165.264282,-0.7704773,-7.2671814,-0.01000005,1.16857064,-154.354233,0.0,0.0,1.0,0.0,0.0,0.0
50.4599571,DATA,1,1,2,10,0,25.2047787,25.2047787,-6.892036,1.71939015,1.90695345,3.19466114,-165.963043,-0.681304932,-7.33979034,-0.01000005,1.01733434,-154.354233,0.0,0.0,1.0,0.0,0.0,0.0
50.5157738,DATA,1,1,2,10,0,25.2605953,25.2605953,-6.96342468,1.71965647,1.75545287,3.07264543,-167.142792,-0.658905,-7.41267538,-0.01000005,0.8655232,-154.354233,-0.629139066,0.27375102,1.0,0.0,0.0,0.0
50.5706978,DATA,1,1,2,10,0,25.31552,25.31552,-7.094017,1.71984744,1.6363157,2.973915,-171.864166,-0.68963623,-7.48006344,-0.00999999,0.716111064,-158.419983,-0.929013968,0.3700369,1.0,0.0,0.0,0.0
50.6267853,DATA,1,1,2,10,0,25.3716068,25.3716068,-7.225316,1.71998179,1.50856674,2.93594551,-176.756866,-0.675445557,-7.53666067,-0.01000011,0.559255838,-163.0506,-0.9219947,0.387096763,1.0,0.0,0.0,0.0
50.6825867,DATA,1,1,2,10,0,25.4274082,25.4274082,-7.346738,1.71995568,1.3696748,2.94065762,178.675247,-0.6980591,-7.58062363,-0.01000005,0.397581816,-167.686066,-0.9215064,0.388317525,1.0,0.0,0.0,0.0
50.7378578,DATA,1,1,2,10,0,25.48268,25.48268,-7.45640469,1.71987343,1.22138131,2.952235,174.342941,-0.625762939,-7.611341,-0.00999999,0.23312436,-172.3112,-0.921048641,0.389416158,1.0,0.0,0.0,0.0
50.7929573,DATA,1,1,2,10,0,25.5377789,25.5377789,-7.55365562,1.71984088,1.06488776,2.91646266,170.126175,-0.580719,-7.62865925,-0.01000011,0.06727457,-176.917877,-0.920499265,0.390636921,1.0,0.0,0.0,0.0
50.848938,DATA,1,1,2,10,0,25.59376,25.59376,-7.63749552,1.71981812,0.9024,2.96390462,165.9552,-0.4953003,-7.632612,-0.01000005,-0.0981867,178.511688,-0.9194922,0.392986834,1.0,0.0,0.0,0.0
50.9044876,DATA,1,1,2,10,0,25.64931,25.64931,-7.703986,1.71977353,0.7335618,2.99024272,162.9787,-0.374969482,-7.62337446,-0.01000011,-0.263489,174.183014,0.0,0.0,1.0,0.0,0.0,0.0
50.96037,DATA,1,1,2,10,0,25.70519,25.70519,-7.68733454,1.7197299,0.5656082,2.96776366,163.567245,-0.191894531,-7.606289,-0.01000005,-0.431198478,174.183014,0.0,0.0,1.0,0.0,0.0,0.0
51.015873,DATA,1,1,2,10,0,25.7606945,25.7606945,-7.67124,1.7197423,0.401479959,2.943599,164.228561,-0.07086182,-7.58961058,-0.01000005,-0.5949102,174.183014,0.0,0.0,1.0,0.0,0.0,0.0
51.0706024,DATA,1,1,2,10,0,25.815424,25.815424,-7.654831,1.7195785,0.2343993,2.97073936,164.810516,0.0427343771,-7.572644,-0.01000005,-0.761452,174.183014,0.0,0.0,1.0,0.0,0.0,0.0
51.1258774,DATA,1,1,2,10,0,25.8706989,25.8706989,-7.6382494,1.719635,0.06921384,3.03276229,165.248428,0.124690481,-7.55587244,-0.01000005,-0.926078856,174.183014,0.0,0.0,1.0,0.0,0.0,0.0
51.1825638,DATA,1,1,2,10,0,25.9273853,25.9273853,-7.62183,1.719462,-0.0967771858,3.13661551,165.559372,0.135168135,-7.539001,-0.01000011,-1.09169042,174.183014,0.0,0.0,1.0,0.0,0.0,0.0
51.2374153,DATA,1,1,2,10,0,25.9822369,25.9822369,-7.577443,1.719533,-0.261766076,3.16284966,168.064667,0.1178159,-7.5224905,-0.01000005,-1.25825727,175.803513,0.836848,-0.319620371,1.0,0.0,0.0,0.0
51.2927551,DATA,1,1,2,10,0,26.0375767,26.0375767,-7.491422,1.71963,-0.429058731,3.15136027,172.71521,0.08394366,-7.51502657,-0.01000005,-1.42673779,-179.649,0.9259316,-0.377636075,1.0,0.0,0.0,0.0
51.34893,DATA,1,1,2,10,0,26.0937519,26.0937519,-7.4182,1.71968293,-0.599630535,3.21393847,177.482162,-0.00264197565,-7.52103472,-0.01000005,-1.59239185,-175.0433,0.9259316,-0.377636075,1.0,0.0,0.0,0.0
51.40473,DATA,1,1,2,10,0,26.1495533,26.1495533,-7.359215,1.71972108,-0.7747695,3.24615812,-177.843033,-0.1328125,-7.5402317,-0.01000011,-1.7563976,-170.459335,0.91592145,-0.388958454,1.0,0.0,0.0,0.0
51.4607048,DATA,1,1,2,10,0,26.2055264,26.2055264,-7.32260275,1.71969485,-0.9549673,3.31964946,-174.555817,-0.1822815,-7.57309437,-0.01000011,-1.92173,-166.35553,0.0,0.0,1.0,0.0,0.0,0.0
51.51528,DATA,1,1,2,10,0,26.2601032,26.2601032,-7.36232,1.71961153,-1.11679661,3.35013413,-174.5534,-0.180541992,-7.61248,-0.01000011,-2.08398032,-166.35553,0.0,0.0,1.0,0.0,0.0,0.0
51.5704727,DATA,1,1,2,10,0,26.3152943,26.3152943,-7.40174532,1.71973193,-1.27794933,3.355796,-174.600449,-0.139648438,-7.651689,-0.01000011,-2.24550128,-166.35553,0.0,0.0,1.0,0.0,0.0,0.0
51.62676,DATA,1,1,2,10,0,26.37158,26.37158,-7.440989,1.71974349,-1.43854785,3.37771726,-174.6431,-0.215759277,-7.690734,-0.01000005,-2.40634775,-166.35553,0.0,0.0,1.0,0.0,0.0,0.0
51.6826477,DATA,1,1,2,10,0,26.42747,26.42747,-7.48066854,1.71964788,-1.602046,3.38361573,-174.685211,-0.265838623,-7.730409,-0.01000005,-2.56979012,-166.35553,0.0,0.0,1.0,0.0,0.0,0.0
51.7381821,DATA,1,1,2,10,0,26.4830036,26.4830036,-7.5196414,1.719549,-1.76337969,3.38801432,-175.188461,-0.270111084,-7.76955366,-0.01000005,-2.73104644,-166.35553,-0.6094241,0.0780053139,1.0,0.0,0.0,0.0
51.79287,DATA,1,1,2,10,0,26.5376911,26.5376911,-7.62668943,1.71952558,-1.91105044,3.338656,-179.615509,-0.240722656,-7.805066,-0.01000005,-2.89425969,-170.5682,-0.989104867,0.14719075,1.0,0.0,0.0,0.0
51.8485069,DATA,1,1,2,10,0,26.5933285,26.5933285,-7.7327323,1.71955383,-2.06361246,3.29786921,175.47998,-0.217102051,-7.826911,-0.01000011,-3.05811167,-175.468689,-0.984099865,0.177526176,1.0,0.0,0.0,0.0
51.905777,DATA,1,1,2,10,0,26.6505985,26.6505985,-7.82582855,1.71952486,-2.2270112,3.26119137,171.3383,-0.167297363,-7.834748,-0.01000005,-3.22559786,179.604355,0.0,0.0,1.0,0.0,0.0,0.0
51.9596634,DATA,1,1,2,10,0,26.7044849,26.7044849,-7.824223,1.71956849,-2.39331,3.21100116,171.2922,-0.0944519043,-7.83359861,-0.01000011,-3.392049,179.604355,0.0,0.0,1.0,0.0,0.0,0.0
52.01588,DATA,1,1,2,10,0,26.7607021,26.7607021,-7.822806,1.71957421,-2.56110716,3.17833352,171.305984,-0.04916382,-7.83243847,-0.0100001693,-3.56005073,179.604355,0.0,0.0,1.0,0.0,0.0,0.0
52.0708771,DATA,1,1,2,10,0,26.8156986,26.8156986,-7.82152367,1.719696,-2.72687221,3.17877126,171.355453,-0.0508117676,-7.83129168,-0.01000005,-3.726076,179.604355,0.0,0.0,1.0,0.0,0.0,0.0
52.12693,DATA,1,1,2,10,0,26.8717518,26.8717518,-7.8202343,1.71967554,-2.89308047,3.13966918,171.407623,-0.0180969238,-7.830142,-0.00999999,-3.89258242,179.604355,0.0,0.0,1.0,0.0,0.0,0.0
52.1826172,DATA,1,1,2,10,0,26.9274387,26.9274387,-7.81878662,1.7197454,-3.058512,3.11462379,171.38736,0.05159482,-7.8289957,-0.01000005,-4.058584,179.604355,0.0,0.0,1.0,0.0,0.0,0.0
52.237545,DATA,1,1,2,10,0,26.9823666,26.9823666,-7.81747675,1.719854,-3.22520161,3.071287,171.29837,0.0819531158,-7.827841,-0.01000011,-4.2258,179.604355,0.0,0.0,1.0,0.0,0.0,0.0
52.29329,DATA,1,1,2,10,0,27.03811,27.03811,-7.816364,1.71994722,-3.39307666,3.05265117,171.294388,0.106391959,-7.82667875,-0.01000011,-4.394077,179.604355,0.0,0.0,1.0,0.0,0.0,0.0
52.34843,DATA,1,1,2,10,0,27.0932522,27.0932522,-7.81529665,1.71997809,-3.558195,3.048851,171.313538,0.1246708,-7.82553673,-0.01000005,-4.559461,179.604355,0.0,0.0,1.0,0.0,0.0,0.0
52.4049034,DATA,1,1,2,10,0,27.149725,27.149725,-7.814101,1.719945,-3.72405171,3.034689,171.3512,0.126608834,-7.824391,-0.0100001693,-4.725415,179.604355,0.0,0.0,1.0,0.0,0.0,0.0
52.4605637,DATA,1,1,2,10,0,27.2053852,27.2053852,-7.812895,1.71990275,-3.89004159,3.047114,171.405334,0.112396568,-7.823245,-0.01000005,-4.891369,179.604355,0.0,0.0,1.0,0.0,0.0,0.0
52.516243,DATA,1,1,2,10,0,27.2610645,27.2610645,-7.81176662,1.71989775,-4.05849075,3.03867555,171.414764,0.11076773,-7.82208252,-0.01000011,-5.059691,179.604355,0.0,0.0,1.0,0.0,0.0,0.0
52.5706825,DATA,1,1,2,10,0,27.3155041,27.3155041,-7.81065559,1.72000861,-4.22492743,2.99348259,171.409943,0.145369336,-7.8209343,-0.01000005,-5.226012,179.604355,0.0,0.0,1.0,0.0,0.0,0.0
52.6271172,DATA,1,1,2,10,0,27.3719387,27.3719387,-7.80958128,1.720042,-4.390281,2.972296,171.368759,0.169137865,-7.81979227,-0.0100001693,-5.391374,179.604355,0.0,0.0,1.0,0.0,0.0,0.0
52.682457,DATA,1,1,2,10,0,27.4272785,27.4272785,-7.808506,1.720095,-4.556421,2.9042232,171.355255,0.171853378,-7.818644,-0.00999999,-5.557614,179.604355,0.0,0.0,1.0,0.0,0.0,0.0
52.7378578,DATA,1,1,2,10,0,27.48268,27.48268,-7.80772829,1.72009826,-4.724107,2.936422,171.438446,0.08671454,-7.81748629,-0.01000005,-5.72527933,179.604355,0.0,0.0,1.0,0.0,0.0,0.0
52.79374,DATA,1,1,2,10,0,27.53856,27.53856,-7.80726147,1.71997321,-4.8924675,2.975251,171.731171,0.02317981,-7.81632471,-0.01000011,-5.893534,179.604355,0.0,0.0,1.0,0.0,0.0,0.0
52.8486176,DATA,1,1,2,10,0,27.59344,27.59344,-7.80730963,1.71982241,-5.057899,3.11324716,172.316711,-0.114715576,-7.815182,-0.01000005,-6.05892849,179.604355,0.0,0.0,1.0,0.0,0.0,0.0
52.9045219,DATA,1,1,2,10,0,27.6493435,27.6493435,-7.807654,1.71963239,-5.222971,3.32049537,173.131271,-0.190734863,-7.814041,-0.01000005,-6.22420645,179.604355,0.0,0.0,1.0,0.0,0.0,0.0
52.9606056,DATA,1,1,2,10,0,27.7054272,27.7054272,-7.807991,1.71940088,-5.39238644,3.57433867,174.062927,-0.2732849,-7.8128705,-0.01000005,-6.393739,179.604355,0.0,0.0,1.0,0.0,0.0,0.0
53.0157661,DATA,1,1,2,10,0,27.7605877,27.7605877,-7.80796242,1.7193048,-5.55764866,3.79023242,174.756653,-0.331176758,-7.811728,-0.01000005,-6.55920553,179.604355,0.0,0.0,1.0,0.0,0.0,0.0
53.0712967,DATA,1,1,2,10,0,27.8161182,27.8161182,-7.807483,1.71930289,-5.72476435,3.89988828,175.0801,-0.315704346,-7.810571,-0.01000005,-6.72669935,179.604355,0.0,0.0,1.0,0.0,0.0,0.0
53.1269226,DATA,1,1,2,10,0,27.8717442,27.8717442,-7.80658054,1.7194097,-5.889001,3.89075375,175.139618,-0.28012085,-7.809432,-0.01000005,-6.89167643,179.604355,0.0,0.0,1.0,0.0,0.0,0.0
53.1823845,DATA,1,1,2,10,0,27.927206,27.927206,-7.80542374,1.71945667,-6.05415869,3.89221239,175.0204,-0.26385498,-7.808284,-0.01000011,-7.057924,179.604355,0.0,0.0,1.0,0.0,0.0,0.0
53.23747,DATA,1,1,2,10,0,27.98229,27.98229,-7.804341,1.71940362,-6.22175932,3.92253423,174.970062,-0.3076172,-7.80712128,-0.01000011,-7.2262516,179.604355,0.0,0.0,1.0,0.0,0.0,0.0
53.29385,DATA,1,1,2,10,0,28.0386715,28.0386715,-7.80319,1.7193687,-6.389865,3.95423174,174.9255,-0.2737732,-7.80595732,-0.01000005,-7.39480829,179.604355,0.0,0.0,1.0,0.0,0.0,0.0
53.348774,DATA,1,1,2,10,0,28.0935955,28.0935955,-7.80205154,1.71938658,-6.555345,3.87584972,174.928986,-0.2293396,-7.80481243,-0.01000005,-7.560658,179.604355,0.0,0.0,1.0,0.0,0.0,0.0
53.40437,DATA,1,1,2,10,0,28.14919,28.14919,-7.800694,1.71955121,-6.71938848,3.82893658,174.94928,-0.238220215,-7.803677,-0.01000011,-7.72505951,179.604355,0.0,0.0,1.0,0.0,0.0,0.0
53.4603653,DATA,1,1,2,10,0,28.2051868,28.2051868,-7.799086,1.719706,-6.888433,3.77892256,174.803864,-0.210266113,-7.802509,-0.01000005,-7.89421225,179.604355,0.0,0.0,1.0,0.0,0.0,0.0
53.5157127,DATA,1,1,2,10,0,28.2605343,28.2605343,-7.79737663,1.71985948,-7.05318,3.71259713,174.631546,-0.146484375,-7.801371,-0.01000011,-8.058981,179.604355,0.0,0.0,1.0,0.0,0.0,0.0
53.57071,DATA,1,1,2,10,0,28.31553,28.31553,-7.795494,1.71985221,-7.22152853,3.665167,174.4471,-0.0287780762,-7.80020857,-0.01000005,-8.2273035,179.604355,0.0,0.0,1.0,0.0,0.0,0.0
53.6264153,DATA,1,1,2,10,0,28.3712368,28.3712368,-7.793556,1.71994567,-7.38613939,3.62941837,174.288818,0.08142386,-7.79907274,-0.01000005,-8.391846,179.604355,0.0,0.0,0.0,0.0,0.0,0.0
53.6820068,DATA,1,1,2,10,0,28.4268284,28.4268284,-7.79299164,1.71989989,-7.3862133,3.61000037,174.169312,0.160865664,-7.79907274,-0.01000005,-8.391846,179.604355,0.0,0.0,0.0,0.0,0.0,0.0
53.73754,DATA,1,1,2,10,0,28.4823627,28.4823627,-7.81216764,1.71989393,-7.38608932,3.564811,172.05571,0.200486451,-7.79907274,-0.01000005,-8.391846,178.485031,-0.994354069,0.105807662,0.0,0.0,0.0,0.0
53.7928963,DATA,1,1,2,10,0,28.5377178,28.5377178,-7.89913464,1.71995878,-7.39083147,3.5172863,166.890671,0.249585286,-7.79907274,-0.01000005,-8.391846,173.493988,-0.9934996,0.1136204,0.0,0.0,0.0,0.0
53.848053,DATA,1,1,2,10,0,28.5928745,28.5928745,-7.985071,1.72000718,-7.40288353,3.52381682,161.811356,0.279010057,-7.79907274,-0.01000005,-8.391846,168.525177,-0.989074349,0.14731282,0.0,0.0,0.0,0.0
53.90434,DATA,1,1,2,10,0,28.64916,28.64916,-8.068213,1.72008443,-7.421929,3.50415945,156.842087,0.3503008,-7.79907274,-0.01000005,-8.391846,163.657242,-0.9883114,0.152287364,0.0,0.0,0.0,0.0
53.9597473,DATA,1,1,2,10,0,28.7045689,28.7045689,-8.151647,1.72010541,-7.44874525,3.486289,152.195618,0.405031145,-7.79907274,-0.01000005,-8.391846,158.671371,-0.747550845,0.0766014457,0.0,0.0,0.0,0.0
54.0156326,DATA,1,1,2,10,0,28.7604542,28.7604542,-8.167333,1.72007084,-7.454718,3.461905,151.961609,0.381934762,-7.79907274,-0.01000005,-8.391846,157.720886,0.0,0.0,0.0,0.0,0.0,0.0
54.0701942,DATA,1,1,2,10,0,28.8150158,28.8150158,-8.167387,1.7199676,-7.4548254,3.52558446,151.958511,0.336339444,-7.79907274,-0.01000005,-8.391846,157.720886,0.0,0.0,0.0,0.0,0.0,0.0
54.1264534,DATA,1,1,2,10,0,28.8712749,28.8712749,-8.167237,1.72002,-7.455136,3.54347,151.932373,0.3872167,-7.79907274,-0.01000005,-8.391846,157.720886,0.0,0.0,0.0,0.0,0.0,0.0
54.18204,DATA,1,1,2,10,0,28.9268627,28.9268627,-8.136824,1.72014332,-7.529913,3.44688249,151.892441,0.3819417,-7.76851559,-0.00999999,-8.466429,157.720886,0.0,0.0,1.0,0.0,0.0,0.0
54.2378,DATA,1,1,2,10,0,28.9826221,28.9826221,-8.072929,1.71995068,-7.687117,3.53259468,151.961533,0.2759421,-7.70417452,-0.01000005,-8.623472,157.720886,0.0,0.0,1.0,0.0,0.0,0.0
54.29177,DATA,1,1,2,10,0,29.0365925,29.0365925,-8.011159,1.71981192,-7.839026,3.63181782,151.9345,0.215881735,-7.64213467,-0.01000005,-8.774897,157.720886,0.0,0.0,1.0,0.0,0.0,0.0
54.3481255,DATA,1,1,2,10,0,29.092947,29.092947,-7.94778,1.71978474,-7.994702,3.69694757,151.8902,0.184210464,-7.5786953,-0.01000011,-8.92974,157.720886,0.0,0.0,1.0,0.0,0.0,0.0
54.403553,DATA,1,1,2,10,0,29.1483746,29.1483746,-7.90024042,1.71969843,-8.111971,3.70683932,151.829849,0.105920337,-7.53091335,-0.01000005,-9.046365,157.720886,0.0,0.0,0.0,0.0,0.0,0.0
54.4593544,DATA,1,1,2,10,0,29.2041759,29.2041759,-7.92082739,1.71973062,-8.12035751,3.73586464,149.606247,0.057459835,-7.53091335,-0.01000005,-9.046365,156.475021,-0.998626649,0.0516067743,0.0,0.0,0.0,0.0
54.5144958,DATA,1,1,2,10,0,29.2593174,29.2593174,-7.999557,1.71980762,-8.15775,3.77664256,144.465958,0.0241671037,-7.53091335,-0.01000005,-9.046365,151.5173,-0.9954833,0.09488207,0.0,0.0,0.0,0.0
54.5698471,DATA,1,1,2,10,0,29.3146687,29.3146687,-8.075207,1.71983171,-8.202089,3.80753,139.134888,-0.05050659,-7.53091335,-0.01000005,-9.046365,146.513184,-0.990539253,0.13687551,0.0,0.0,0.0,0.0
54.6257172,DATA,1,1,2,10,0,29.3705387,29.3705387,-8.144992,1.71982527,-8.2513895,3.81029034,133.635757,-0.132415771,-7.53091335,-0.01000005,-9.046365,141.615128,-0.9887997,0.1490829,0.0,0.0,0.0,0.0
54.6815224,DATA,1,1,2,10,0,29.4263439,29.4263439,-8.21061,1.71996355,-8.306396,3.73656225,127.511681,-0.286376953,-7.53091335,-0.01000005,-9.046365,136.647827,-0.9848323,0.173375666,0.0,0.0,0.0,0.0
54.7374,DATA,1,1,2,10,0,29.4822216,29.4822216,-8.270506,1.72025943,-8.365387,3.655376,121.058846,-0.5319824,-7.53091335,-0.01000005,-9.046365,131.741318,-0.9828486,0.184240222,0.0,0.0,0.0,0.0
54.79224,DATA,1,1,2,10,0,29.5370617,29.5370617,-8.326171,1.72027779,-8.429729,3.64054346,114.564056,-0.715179443,-7.53091335,-0.01000005,-9.046365,126.773994,-0.9825434,0.185796678,0.0,0.0,0.0,0.0
54.84728,DATA,1,1,2,10,0,29.5921,29.5921,-8.375278,1.72071147,-8.496833,3.73243332,108.277985,-0.91293335,-7.53091335,-0.01000005,-9.046365,121.92466,-0.982238233,0.18753624,0.0,0.0,0.0,0.0
54.90385,DATA,1,1,2,10,0,29.6486721,29.6486721,-8.419509,1.72090793,-8.569841,3.842028,102.106224,-1.00598145,-7.53091335,-0.01000005,-9.046365,116.969734,-0.981780469,0.189855635,0.0,0.0,0.0,0.0
54.9591064,DATA,1,1,2,10,0,29.703928,29.703928,-8.455877,1.7212379,-8.6455555,3.95995259,96.28885,-1.29833984,-7.53091335,-0.01000005,-9.046365,112.084877,-0.981780469,0.189855635,0.0,0.0,0.0,0.0
55.0150452,DATA,1,1,2,10,0,29.7598667,29.7598667,-8.485431,1.72113609,-8.725334,4.096044,90.75475,-1.33483887,-7.53091335,-0.01000005,-9.046365,107.148666,-0.981780469,0.189855635,0.0,0.0,0.0,0.0
55.0705147,DATA,1,1,2,10,0,29.8153362,29.8153362,-8.50762749,1.72100687,-8.807809,4.08074427,85.65829,-1.34622192,-7.53091335,-0.01000005,-9.046365,102.201141,-0.9815058,0.191442609,0.0,0.0,0.0,0.0
55.1257935,DATA,1,1,2,10,0,29.870615,29.870615,-8.522384,1.720763,-8.889986,3.93828154,80.87783,-1.27902222,-7.53091335,-0.01000005,-9.046365,97.38747,-0.9783929,0.206457734,0.0,0.0,0.0,0.0
55.18169,DATA,1,1,2,10,0,29.9265118,29.9265118,-8.52383,1.72053909,-8.911499,3.83278966,80.51465,-1.30587769,-7.53091335,-0.01000005,-9.046365,96.12254,0.0,0.0,0.0,0.0,0.0,0.0
55.2373428,DATA,1,1,2,10,0,29.9821644,29.9821644,-8.522951,1.72027326,-8.911449,3.802473,80.46591,-1.24703979,-7.53091335,-0.01000005,-9.046365,96.12254,0.0,0.0,0.0,0.0,0.0,0.0
55.2921638,DATA,1,1,2,10,0,30.0369854,30.0369854,-8.522913,1.72007537,-8.912156,3.6774435,80.527504,-1.21612549,-7.53091335,-0.01000005,-9.046365,96.12254,0.0,0.0,0.0,0.0,0.0,0.0
55.3476028,DATA,1,1,2,10,0,30.0924244,30.0924244,-8.3989,1.71986318,-8.927011,3.61570287,80.57831,-1.30966187,-7.406036,-0.01000005,-9.05976,96.12254,0.0,0.0,1.0,0.0,0.0,0.0
55.4040833,DATA,1,1,2,10,0,30.1489048,30.1489048,-8.232909,1.7198987,-8.94667149,3.57247376,80.68607,-1.49633789,-7.238668,-0.01000005,-9.077713,96.12254,0.0,0.0,1.0,0.0,0.0,0.0
55.4596558,DATA,1,1,2,10,0,30.2044773,30.2044773,-8.068896,1.71992493,-8.966264,3.57303071,80.87601,-1.68991089,-7.07296562,-0.00999999,-9.095488,96.12254,0.0,0.0,1.0,0.0,0.0,0.0
55.5156136,DATA,1,1,2,10,0,30.2604351,30.2604351,-7.903903,1.71996045,-8.985965,3.62853718,81.06849,-1.74328613,-6.906229,-0.01000005,-9.113373,96.12254,0.0,0.0,1.0,0.0,0.0,0.0
55.5697746,DATA,1,1,2,10,0,30.3145962,30.3145962,-7.74251556,1.7200284,-9.004927,3.65223241,81.23932,-1.75924683,-6.743452,-0.01000005,-9.130834,96.12254,0.0,0.0,1.0,0.0,0.0,0.0
55.62643,DATA,1,1,2,10,0,30.3712521,30.3712521,-7.579732,1.719985,-9.047997,3.72448587,79.10947,-1.77810669,-6.577065,-0.01000005,-9.148261,94.72763,-0.8522904,0.329538882,1.0,0.0,0.0,0.0
55.6815758,DATA,1,1,2,10,0,30.4263973,30.4263973,-7.41920567,1.72002983,-9.137533,3.800488,74.53519,-1.88751221,-6.41161251,-0.01000005,-9.157117,90.183075,-0.9349651,0.354716659,1.0,0.0,0.0,0.0
55.7377052,DATA,1,1,2,10,0,30.4825268,30.4825268,-7.24917459,1.71993625,-9.216273,3.86324716,69.88467,-1.99002075,-6.243975,-0.01000011,-9.152494,85.48122,-0.9335612,0.358287275,1.0,0.0,0.0,0.0
55.79245,DATA,1,1,2,10,0,30.5372715,30.5372715,-7.073014,1.71995771,-9.280234,3.93486381,65.3532639,-2.11047363,-6.077409,-0.01000011,-9.134168,80.7868042,-0.9335612,0.358287275,1.0,0.0,0.0,0.0
55.8482323,DATA,1,1,2,10,0,30.5930538,30.5930538,-6.89371872,1.71982384,-9.328875,3.98888779,60.8751678,-2.17834473,-5.914591,-0.0100001693,-9.102653,76.14095,-0.9335612,0.358287275,1.0,0.0,0.0,0.0
55.90393,DATA,1,1,2,10,0,30.6487522,30.6487522,-6.71161556,1.7195797,-9.36252,4.02429533,56.486702,-2.18432617,-5.75520134,-0.01000005,-9.058164,71.5051041,-0.9335612,0.358287275,1.0,0.0,0.0,0.0
55.95917,DATA,1,1,2,10,0,30.7039928,30.7039928,-6.525118,1.7194562,-9.38141251,4.06737947,52.0868645,-2.162262,-5.598083,-0.01000005,-9.000191,66.81347,-0.9335612,0.358287275,1.0,0.0,0.0,0.0
56.0147858,DATA,1,1,2,10,0,30.7596073,30.7596073,-6.33833265,1.71951342,-9.384962,4.17983055,47.65015,-2.17489624,-5.446482,-0.01000005,-8.929685,62.1296272,-0.9335612,0.358287275,1.0,0.0,0.0,0.0
56.0705452,DATA,1,1,2,10,0,30.8153667,30.8153667,-6.15185261,1.71947813,-9.373331,4.25069857,43.1636543,-2.12496948,-5.30098152,-0.01000011,-8.846933,57.43972,-0.93414104,0.3567919,1.0,0.0,0.0,0.0
56.1261559,DATA,1,1,2,10,0,30.8709774,30.8709774,-5.968951,1.7193985,-9.346933,4.248707,38.65246,-2.112976,-5.164013,-0.01000005,-8.753492,52.7913857,-0.9345988,0.355601668,1.0,0.0,0.0,0.0
56.18175,DATA,1,1,2,10,0,30.9265728,30.9265728,-5.788063,1.71927476,-9.305657,4.22895575,34.1118622,-2.14007568,-5.03445339,-0.01000005,-8.648728,48.1185341,-0.9345988,0.355601668,1.0,0.0,0.0,0.0
56.237278,DATA,1,1,2,10,0,30.9821,30.9821,-5.61010647,1.71922755,-9.249567,4.232462,29.5884552,-2.16293335,-4.9131465,-0.01000005,-8.53303051,43.41719,-0.9353313,0.353709519,1.0,0.0,0.0,0.0
56.2923622,DATA,1,1,2,10,0,31.0371838,31.0371838,-5.436525,1.7191565,-9.17917,4.22580338,25.0782089,-2.162201,-4.801272,-0.01000005,-8.407218,38.6724319,-0.950193763,0.311532974,1.0,0.0,0.0,0.0
56.34791,DATA,1,1,2,10,0,31.0927334,31.0927334,-5.270319,1.7191,-9.097323,4.224716,20.5506382,-2.166626,-4.70171165,-0.01000005,-8.27459,33.8936768,-0.8676107,0.141666949,1.0,0.0,0.0,0.0
56.4037056,DATA,1,1,2,10,0,31.1485271,31.1485271,-5.21087456,1.71911168,-9.090641,4.239892,18.84829,-2.17974854,-4.68007135,-0.01000005,-8.242377,31.2990685,0.0,0.0,0.0,0.0,0.0,0.0
56.45959,DATA,1,1,2,10,0,31.2044125,31.2044125,-5.21081161,1.71904469,-9.091489,4.2592454,19.0681782,-2.12667847,-4.68007135,-0.01000005,-8.242377,31.2990685,0.0,0.0,0.0,0.0,0.0,0.0
56.5148354,DATA,1,1,2,10,0,31.2596569,31.2596569,-5.210776,1.7190845,-9.092121,4.25239,19.3032818,-2.042511,-4.68007135,-0.01000005,-8.242377,31.2990685,0.0,0.0,0.0,0.0,0.0,0.0
56.56991,DATA,1,1,2,10,0,31.31473,31.31473,-5.210501,1.71905589,-9.092556,4.25485134,19.4707489,-2.00027466,-4.68007135,-0.01000005,-8.242377,31.2990685,0.0,0.0,0.0,0.0,0.0,0.0
56.6263,DATA,1,1,2,10,0,31.3711224,31.3711224,-5.21044445,1.71912217,-9.092778,4.30164957,19.5725365,-2.045044,-4.68007135,-0.01000005,-8.242377,31.2990685,0.0,0.0,0.0,0.0,0.0,0.0
56.6811752,DATA,1,1,2,10,0,31.4259968,31.4259968,-5.210267,1.71906686,-9.092689,4.31219864,19.627676,-2.00845337,-4.68007135,-0.01000005,-8.242377,31.2990685,0.0,0.0,0.0,0.0,0.0,0.0
56.7372665,DATA,1,1,2,10,0,31.4820881,31.4820881,-5.21023,1.71909285,-9.092392,4.30433369,19.6490383,-2.00299072,-4.68007135,-0.01000005,-8.242377,31.2990685,0.0,0.0,0.0,0.0,0.0,0.0
56.7919731,DATA,1,1,2,10,0,31.5367947,31.5367947,-5.2100687,1.71907258,-9.092028,4.300158,19.6791611,-1.98257446,-4.68007135,-0.01000005,-8.242377,31.2990685,0.0,0.0,0.0,0.0,0.0,0.0
56.8476143,DATA,1,1,2,10,0,31.5924358,31.5924358,-5.21007347,1.71901321,-9.091692,4.301058,19.7311382,-1.98181152,-4.68007135,-0.01000005,-8.242377,31.2990685,0.0,0.0,0.0,0.0,0.0,0.0
56.9039154,DATA,1,1,2,10,0,31.648737,31.648737,-5.210071,1.7189734,-9.09148,4.310289,19.7943211,-1.939148,-4.68007135,-0.01000005,-8.242377,31.2990685,0.0,0.0,0.0,0.0,0.0,0.0
56.9592667,DATA,1,1,2,10,0,31.7040882,31.7040882,-5.20983839,1.7189219,-9.091424,4.32002831,19.9726467,-1.89526367,-4.68007135,-0.01000005,-8.242377,31.2990685,0.0,0.0,0.0,0.0,0.0,0.0
57.01467,DATA,1,1,2,10,0,31.7594929,31.7594929,-5.20970726,1.71883368,-9.091565,4.340543,20.13587,-1.8605957,-4.68007135,-0.01000005,-8.242377,31.2990685,0.0,0.0,0.0,0.0,0.0,0.0
57.0702667,DATA,1,1,2,10,0,31.8150883,31.8150883,-5.209598,1.71879721,-9.09171,4.34083939,20.23572,-1.85787964,-4.68007135,-0.01000005,-8.242377,31.2990685,0.0,0.0,0.0,0.0,0.0,0.0
57.1252823,DATA,1,1,2,10,0,31.8701038,31.8701038,-5.20982075,1.71879792,-9.091854,4.340896,20.23938,-1.82684326,-4.68007135,-0.01000005,-8.242377,31.2990685,0.0,0.0,0.0,0.0,0.0,0.0
57.1820145,DATA,1,1,2,10,0,31.926836,31.926836,-5.209919,1.71876621,-9.092049,4.328028,20.2071915,-1.80349731,-4.68007135,-0.01000005,-8.242377,31.2990685,0.0,0.0,0.0,0.0,0.0,0.0
57.23731,DATA,1,1,2,10,0,31.98213,31.98213,-5.20998859,1.718853,-9.092313,4.32986832,20.2166023,-1.83200073,-4.68007135,-0.01000005,-8.242377,31.2990685,0.0,0.0,0.0,0.0,0.0,0.0
57.29188,DATA,1,1,2,10,0,32.036705,32.036705,-5.20997334,1.71883035,-9.092449,4.35903645,20.2718086,-1.82711792,-4.68007135,-0.01000005,-8.242377,31.2990685,0.0,0.0,0.0,0.0,0.0,0.0
57.34787,DATA,1,1,2,10,0,32.09269,32.09269,-5.2102437,1.71880913,-9.092593,4.38115168,20.3902416,-1.79422,-4.68007135,-0.01000005,-8.242377,31.2990685,0.0,0.0,0.0,0.0,0.0,0.0
57.4034462,DATA,1,1,2,10,0,32.14827,32.14827,-5.21016932,1.71872616,-9.092708,4.391268,20.5453949,-1.72988892,-4.68007135,-0.01000005,-8.242377,31.2990685,0.0,0.0,0.0,0.0,0.0,0.0
57.4591866,DATA,1,1,2,10,0,32.20401,32.20401,-5.21018553,1.71876454,-9.092927,4.37955952,20.6997089,-1.66699219,-4.68007135,-0.01000005,-8.242377,31.2990685,0.0,0.0,0.0,0.0,0.0,0.0
57.51499,DATA,1,1,2,10,0,32.25981,32.25981,-5.210189,1.71872115,-9.092866,4.39056444,20.7461052,-1.64709473,-4.68007135,-0.01000005,-8.242377,31.2990685,0.0,0.0,0.0,0.0,0.0,0.0
57.5690041,DATA,1,1,2,10,0,32.3138275,32.3138275,-5.210427,1.7187109,-9.092654,4.372775,20.6769352,-1.63931274,-4.68007135,-0.01000005,-8.242377,31.2990685,0.0,0.0,0.0,0.0,0.0,0.0
57.6256752,DATA,1,1,2,10,0,32.3705,32.3705,-5.21062851,1.71873164,-9.092462,4.34948063,20.6127052,-1.648529,-4.68007135,-0.01000005,-8.242377,31.2990685,0.0,0.0,0.0,0.0,0.0,0.0
57.6814957,DATA,1,1,2,10,0,32.4263153,32.4263153,-5.210705,1.71876884,-9.092318,4.33458853,20.5683937,-1.64038086,-4.68007135,-0.01000005,-8.242377,31.2990685,0.0,0.0,0.0,0.0,0.0,0.0
57.73728,DATA,1,1,2,10,0,32.4821,32.4821,-5.21075058,1.718785,-9.09219551,4.316718,20.5561066,-1.62979126,-4.68007135,-0.01000005,-8.242377,31.2990685,0.0,0.0,0.0,0.0,0.0,0.0
57.7919273,DATA,1,1,2,10,0,32.53675,32.53675,-5.21078,1.71876621,-9.092158,4.31573534,20.565239,-1.61276245,-4.68007135,-0.01000005,-8.242377,31.2990685,0.0,0.0,0.0,0.0,0.0,0.0
57.84787,DATA,1,1,2,10,0,32.59269,32.59269,-5.210891,1.71876574,-9.092263,4.299564,20.557436,-1.60733032,-4.68007135,-0.01000005,-8.242377,31.2990685,0.0,0.0,0.0,0.0,0.0,0.0
57.90316,DATA,1,1,2,10,0,32.64798,32.64798,-5.21082973,1.71876168,-9.092319,4.31504536,20.5763245,-1.65921021,-4.68007135,-0.01000005,-8.242377,31.2990685,0.0,0.0,0.0,0.0,0.0,0.0
57.959404,DATA,1,1,2,10,0,32.7042236,32.7042236,-5.21083069,1.71876073,-9.092439,4.313841,20.6243172,-1.645874,-4.68007135,-0.01000005,-8.242377,31.2990685,0.0,0.0,0.0,0.0,0.0,0.0
58.01475,DATA,1,1,2,10,0,32.7595749,32.7595749,-5.21087837,1.71873713,-9.092585,4.286662,20.63815,-1.64328,-4.68007135,-0.01000005,-8.242377,31.2990685,0.0,0.0,0.0,0.0,0.0,0.0
58.06977,DATA,1,1,2,10,0,32.81459,32.81459,-5.211052,1.71881485,-9.092733,4.27392435,20.6071472,-1.63653564,-4.68007135,-0.01000005,-8.242377,31.2990685,0.0,0.0,0.0,0.0,0.0,0.0
58.1255264,DATA,1,1,2,10,0,32.8703461,32.8703461,-5.211131,1.71883082,-9.092749,4.26326561,20.58112,-1.63427734,-4.68007135,-0.01000005,-8.242377,31.2990685,0.0,0.0,0.0,0.0,0.0,0.0
58.1815224,DATA,1,1,2,10,0,32.9263458,32.9263458,-5.21115541,1.71885347,-9.092783,4.290027,20.6326389,-1.6111145,-4.68007135,-0.01000005,-8.242377,31.2990685,0.0,0.0,0.0,0.0,0.0,0.0
58.2368774,DATA,1,1,2,10,0,32.9816971,32.9816971,-5.2109127,1.71889567,-9.092937,4.39264154,20.91589,-1.59289551,-4.68007135,-0.01000005,-8.242377,31.2990685,0.0,0.0,0.0,0.0,0.0,0.0
58.29232,DATA,1,1,2,10,0,33.03714,33.03714,-5.21034527,1.71904707,-9.093569,4.51857,21.7591133,-1.47598267,-4.68007135,-0.01000005,-8.242377,31.2990685,0.0,0.0,0.0,0.0,0.0,0.0
58.3473434,DATA,1,1,2,10,0,33.0921631,33.0921631,-5.208935,1.71890044,-9.094845,4.68671942,23.4121628,-1.30230713,-4.68007135,-0.01000005,-8.242377,31.2990685,0.0,0.0,0.0,0.0,0.0,0.0
58.403965,DATA,1,1,2,10,0,33.14879,33.14879,-5.20674133,1.71844935,-9.096655,4.97242737,25.921627,-0.9659729,-4.68007135,-0.01000005,-8.242377,31.2990685,0.0,0.0,0.0,0.0,0.0,0.0
58.45897,DATA,1,1,2,10,0,33.20379,33.20379,-5.204209,1.71774745,-9.098659,5.334625,29.0709152,-0.361907959,-4.68007135,-0.01000005,-8.242377,31.2990685,0.0,0.0,0.0,0.0,0.0,0.0
58.5146065,DATA,1,1,2,10,0,33.25943,33.25943,-5.201356,1.71685743,-9.100935,5.72826052,32.75155,0.308694184,-4.68007135,-0.01000005,-8.242377,31.2990685,0.0,0.0,0.0,0.0,0.0,0.0
58.57012,DATA,1,1,2,10,0,33.31494,33.31494,-5.19833755,1.7157135,-9.103754,6.213741,36.88179,0.908070862,-4.68007135,-0.01000005,-8.242377,31.2990685,0.0,0.0,0.0,0.0,0.0,0.0
58.6257935,DATA,1,1,2,10,0,33.3706131,33.3706131,-5.194939,1.714916,-9.106833,6.45610428,41.268486,1.25698733,-4.68007135,-0.01000005,-8.242377,31.2990685,0.0,0.0,0.0,0.0,0.0,0.0
58.6814156,DATA,1,1,2,10,0,33.42624,33.42624,-5.190682,1.7135148,-9.11109,6.912487,46.2075157,1.28513908,-4.68007135,-0.01000005,-8.242377,31.2990685,0.0,0.0,0.0,0.0,0.0,0.0
58.73696,DATA,1,1,2,10,0,33.48178,33.48178,-5.18624735,1.71141911,-9.115741,7.81725073,50.9666061,1.14021587,-4.68007135,-0.01000005,-8.242377,31.2990685,0.0,0.0,0.0,0.0,0.0,0.0
58.7917137,DATA,1,1,2,10,0,33.5365372,33.5365372,-5.182437,1.70879865,-9.12074,9.013776,55.0417442,0.9305297,-4.68007135,-0.01000005,-8.242377,31.2990685,0.0,0.0,0.0,0.0,0.0,0.0
58.8473854,DATA,1,1,2,10,0,33.59221,33.59221,-5.179085,1.70645714,-9.125233,10.2013178,58.47531,0.7103237,-4.68007135,-0.01000005,-8.242377,31.2990685,0.0,0.0,0.0,0.0,0.0,0.0
58.90376,DATA,1,1,2,10,0,33.6485825,33.6485825,-5.176458,1.70459843,-9.129387,11.306797,61.2315826,0.52318716,-4.68007135,-0.01000005,-8.242377,31.2990685,0.0,0.0,0.0,0.0,0.0,0.0
58.9585,DATA,1,1,2,10,0,33.7033234,33.7033234,-5.17409945,1.70313835,-9.133127,12.2019539,63.36156,0.339467,-4.68007135,-0.01000005,-8.242377,31.2990685,0.0,0.0,0.0,0.0,0.0,0.0
59.0133,DATA,1,1,2,10,0,33.7581253,33.7581253,-5.17206669,1.70187354,-9.136033,12.8560734,64.7369156,0.06386935,-4.68007135,-0.01000005,-8.242377,31.2990685,0.0,0.0,0.0,0.0,0.0,0.0
59.0688057,DATA,1,1,2,10,0,33.81363,33.81363,-5.170169,1.70102549,-9.13816,13.3589125,65.4835358,-0.134857178,-4.68007135,-0.01000005,-8.242377,31.2990685,0.0,0.0,0.0,0.0,0.0,0.0
59.1244354,DATA,1,1,2,10,0,33.8692551,33.8692551,-5.168432,1.70036221,-9.139612,13.7752533,65.9240646,-0.28503418,-4.68007135,-0.01000005,-8.242377,31.2990685,0.0,0.0,0.0,0.0,0.0,0.0
59.18023,DATA,1,1,2,10,0,33.92505,33.92505,-5.16676855,1.69982481,-9.140624,14.1352968,66.16599,-0.4328308,-4.68007135,-0.01000005,-8.242377,31.2990685,0.0,0.0,0.0,0.0,0.0,0.0
59.2357559,DATA,1,1,2,10,0,33.9805756,33.9805756,-5.16511345,1.6992867,-9.141421,14.4513006,66.3549042,-0.6164856,-4.68007135,-0.01000005,-8.242377,31.2990685,0.0,0.0,0.0,0.0,0.0,0.0
59.2911949,DATA,1,1,2,10,0,34.03602,34.03602,-5.163574,1.69864178,-9.14219952,14.80186,66.62313,-0.8022766,-4.68007135,-0.01000005,-8.242377,31.2990685,0.0,0.0,0.0,0.0,0.0,0.0
59.34707,DATA,1,1,2,10,0,34.09189,34.09189,-5.162016,1.69804406,-9.142821,15.1957722,67.0200348,-0.962402344,-4.68007135,-0.01000005,-8.242377,31.2990685,0.0,0.0,0.0,0.0,0.0,0.0
59.40234,DATA,1,1,2,10,0,34.1471634,34.1471634,-5.160898,1.69747543,-9.143185,15.5702257,67.43321,-1.05349731,-4.68007135,-0.01000005,-8.242377,31.2990685,0.0,0.0,0.0,0.0,0.0,0.0
59.4579773,DATA,1,1,2,10,0,34.2027969,34.2027969,-5.159776,1.69697618,-9.143375,15.8059864,67.82022,-1.02178955,-4.68007135,-0.01000005,-8.242377,31.2990685,0.0,0.0,0.0,0.0,0.0,0.0
59.5132637,DATA,1,1,2,10,0,34.2580872,34.2580872,-5.159012,1.696419,-9.143687,15.9743528,68.07634,-0.928894043,-4.68007135,-0.01000005,-8.242377,31.2990685,0.0,0.0,0.0,0.0,0.0,0.0
59.56898,DATA,1,1,2,10,0,34.3138046,34.3138046,-5.158337,1.69616532,-9.143536,16.0656281,68.24733,-0.818145752,-4.68007135,-0.01000005,-8.242377,31.2990685,0.0,0.0,0.0,0.0,0.0,0.0
59.62502,DATA,1,1,2,10,0,34.3698425,34.3698425,-5.158157,1.69616032,-9.143236,16.1095734,68.29728,-0.6906738,-4.68007135,-0.01000005,-8.242377,31.2990685,0.0,0.0,0.0,0.0,0.0,0.0
59.6810036,DATA,1,1,2,10,0,34.425827,34.425827,-5.15795326,1.69613981,-9.142864,16.1303864,68.2513046,-0.6003113,-4.68007135,-0.01000005,-8.242377,31.2990685,0.0,0.0,0.0,0.0,0.0,0.0
59.7367744,DATA,1,1,2,10,0,34.4815979,34.4815979,-5.158092,1.69616437,-9.142556,16.0637436,68.11279,-0.557251,-4.68007135,-0.01000005,-8.242377,31.2990685,0.0,0.0,0.0,0.0,0.0,0.0
59.7914543,DATA,1,1,2,10,0,34.5362778,34.5362778,-5.15819454,1.69625831,-9.141991,15.9955673,67.93437,-0.5126953,-4.68007135,-0.01000005,-8.242377,31.2990685,0.0,0.0,0.0,0.0,0.0,0.0
59.84737,DATA,1,1,2,10,0,34.5921936,34.5921936,-5.158474,1.69644,-9.141382,15.9228888,67.77706,-0.410461426,-4.68007135,-0.01000005,-8.242377,31.2990685,0.0,0.0,0.0,0.0,0.0,0.0
59.9033165,DATA,1,1,2,10,0,34.64814,34.64814,-5.15877247,1.69657993,-9.140668,15.8425112,67.62012,-0.305633545,-4.68007135,-0.01000005,-8.242377,31.2990685,0.0,0.0,0.0,0.0,0.0,0.0
59.9586334,DATA,1,1,2,10,0,34.7034531,34.7034531,-5.159138,1.69672132,-9.139833,15.7139072,67.37477,-0.220153809,-4.68007135,-0.01000005,-8.242377,31.2990685,0.0,0.0,0.0,0.0,0.0,0.0
60.0139732,DATA,1,1,2,10,0,34.7587967,34.7587967,-5.159694,1.69690442,-9.138984,15.51144,67.06638,-0.165008545,-4.68007135,-0.01000005,-8.242377,31.2990685,0.0,0.0,0.0,0.0,0.0,0.0
60.0695572,DATA,1,1,2,10,0,34.8143768,34.8143768,-5.16020536,1.697475,-9.137446,15.2081556,66.48613,-0.109619141,-4.68007135,-0.01000005,-8.242377,31.2990685,0.0,0.0,0.0,0.0,0.0,0.0
60.12489,DATA,1,1,2,10,0,34.8697128,34.8697128,-5.16138172,1.69873667,-9.135134,14.6885748,65.28943,0.128089324,-4.68007135,-0.01000005,-8.242377,31.2990685,0.0,0.0,0.0,0.0,0.0,0.0
60.18101,DATA,1,1,2,10,0,34.9258347,34.9258347,-5.162969,1.70048714,-9.131461,13.71579,63.2745247,0.350714862,-4.68007135,-0.01000005,-8.242377,31.2990685,0.0,0.0,0.0,0.0,0.0,0.0
60.2363243,DATA,1,1,2,10,0,34.9811478,34.9811478,-5.16522169,1.70256877,-9.1277895,12.5801859,60.9296951,0.379694968,-4.68007135,-0.01000005,-8.242377,31.2990685,0.0,0.0,0.0,0.0,0.0,0.0
60.291996,DATA,1,1,2,10,0,35.03682,35.03682,-5.16750574,1.70435143,-9.124055,11.5642033,58.5134125,0.4142117,-4.68007135,-0.01000005,-8.242377,31.2990685,0.0,0.0,0.0,0.0,0.0,0.0
60.3474236,DATA,1,1,2,10,0,35.092247,35.092247,-5.170202,1.70599532,-9.121301,10.7169809,56.237957,0.250226051,-4.68007135,-0.01000005,-8.242377,31.2990685,0.0,0.0,0.0,0.0,0.0,0.0
60.40337,DATA,1,1,2,10,0,35.1481934,35.1481934,-5.17239666,1.707344,-9.119013,10.0245914,54.3641624,-0.000633350865,-4.68007135,-0.01000005,-8.242377,31.2990685,0.0,0.0,0.0,0.0,0.0,0.0
60.4589577,DATA,1,1,2,10,0,35.20378,35.20378,-5.174814,1.70846558,-9.117335,9.400219,52.64908,-0.250549316,-4.68007135,-0.01000005,-8.242377,31.2990685,0.0,0.0,0.0,0.0,0.0,0.0
60.5146675,DATA,1,1,2,10,0,35.25949,35.25949,-5.177085,1.70949006,-9.115678,8.839077,50.92203,-0.5637207,-4.68007135,-0.01000005,-8.242377,31.2990685,0.0,0.0,0.0,0.0,0.0,0.0
60.5696678,DATA,1,1,2,10,0,35.31449,35.31449,-5.17968559,1.71034837,-9.114096,8.444355,49.00848,-0.995025635,-4.68007135,-0.01000005,-8.242377,31.2990685,0.0,0.0,0.0,0.0,0.0,0.0
60.626194,DATA,1,1,2,10,0,35.3710175,35.3710175,-5.18209362,1.71134543,-9.112788,8.078942,47.2313271,-1.15435791,-4.68007135,-0.01000005,-8.242377,31.2990685,0.0,0.0,0.0,0.0,0.0,0.0
60.68205,DATA,1,1,2,10,0,35.4268723,35.4268723,-5.184382,1.7121439,-9.111778,7.62261,45.6591835,-1.13894653,-4.68007135,-0.01000005,-8.242377,31.2990685,0.0,0.0,0.0,0.0,0.0,0.0
60.73727,DATA,1,1,2,10,0,35.4820938,35.4820938,-5.186226,1.71285367,-9.111279,7.22246742,44.5515556,-1.1942749,-4.68007135,-0.01000005,-8.242377,31.2990685,0.0,0.0,0.0,0.0,0.0,0.0
60.7929077,DATA,1,1,2,10,0,35.5377274,35.5377274,-5.18739653,1.71318936,-9.111174,7.01491642,43.93562,-1.23428345,-4.68007135,-0.01000005,-8.242377,31.2990685,0.0,0.0,1.0,0.0,0.0,0.0
60.848053,DATA,1,1,2,10,0,35.5928726,35.5928726,-5.102143,1.71334743,-8.969725,6.970726,43.7570343,-1.28115845,-4.5940156,-0.01000011,-8.100835,31.2990685,0.0,0.0,1.0,0.0,0.0,0.0
60.90452,DATA,1,1,3,10,0,35.6493378,35.6493378,-5.016254,1.71332026,-8.828133,6.97800159,43.8796043,-1.3265686,-4.50773573,-0.01000005,-7.95892429,31.2990685,0.0,0.0,1.0,0.0,0.0,0.0
60.960186,DATA,1,1,3,10,0,35.70501,35.70501,-4.92938852,1.7133379,-8.685031,7.069207,44.65688,-1.35354614,-4.42055,-0.01000011,-7.815524,31.2990685,0.5603503,-0.258613825,1.0,0.0,0.0,0.0
61.0153961,DATA,1,1,3,10,0,35.7602158,35.7602158,-4.89840126,1.71327722,-8.508021,7.137972,49.0780029,-1.35250854,-4.330896,-0.01000011,-7.675335,35.2283859,0.9067049,-0.4190191,1.0,0.0,0.0,0.0
61.071167,DATA,1,1,3,10,0,35.8159866,35.8159866,-4.86216,1.71328771,-8.326302,7.089326,53.6411171,-1.25674438,-4.230404,-0.01000011,-7.54166126,39.7797279,0.904355049,-0.422223568,1.0,0.0,0.0,0.0
61.12573,DATA,1,1,3,10,0,35.8705521,35.8705521,-4.86126947,1.71337223,-8.271402,7.02927446,54.5990067,-1.22949219,-4.20323563,-0.01000005,-7.50902939,41.72564,0.0,0.0,0.0,0.0,0.0,0.0
61.1810036,DATA,1,1,3,10,0,35.925827,35.925827,-4.86148,1.713592,-8.271389,6.999798,54.35919,-1.28018188,-4.20323563,-0.01000005,-7.50902939,41.72564,0.0,0.0,0.0,0.0,0.0,0.0
61.236702,DATA,1,1,3,10,0,35.98152,35.98152,-4.861756,1.71369648,-8.271455,7.006197,54.04823,-1.403717,-4.20323563,-0.01000005,-7.50902939,41.72564,0.0,0.0,0.0,0.0,0.0,0.0
61.2919579,DATA,1,1,3,10,0,36.03678,36.03678,-4.861817,1.71362615,-8.27145,7.07689667,53.794075,-1.51629639,-4.20323563,-0.01000005,-7.50902939,41.72564,0.0,0.0,0.0,0.0,0.0,0.0
61.3475723,DATA,1,1,3,10,0,36.092392,36.092392,-4.8453207,1.71369362,-8.28521,7.090824,51.5903473,-1.57348633,-4.20323563,-0.01000005,-7.50902939,40.5098839,-0.984099865,0.177526176,0.0,0.0,0.0,0.0
61.4030075,DATA,1,1,3,10,0,36.1478271,36.1478271,-4.77681351,1.71376324,-8.337121,7.0921874,46.49167,-1.6399231,-4.20323563,-0.01000005,-7.50902939,35.610817,-0.9850459,0.172124386,0.0,0.0,0.0,0.0
61.45936,DATA,1,1,3,10,0,36.2041779,36.2041779,-4.70351028,1.7138865,-8.383351,7.0866046,41.3669243,-1.68780518,-4.20323563,-0.01000005,-7.50902939,30.6729279,-0.9850459,0.172124386,0.0,0.0,0.0,0.0
61.5143051,DATA,1,1,3,10,0,36.2591248,36.2591248,-4.626758,1.71399331,-8.42317,7.092431,36.4650345,-1.72625732,-4.20323563,-0.01000005,-7.50902939,25.7474117,-0.8447218,0.292336822,0.0,0.0,0.0,0.0
61.569416,DATA,1,1,3,10,0,36.31424,36.31424,-4.58186674,1.7139895,-8.399103,7.11565828,35.41974,-1.7772522,-4.18677568,-0.0100001693,-7.472011,23.97185,0.0,0.0,1.0,0.0,0.0,0.0
61.6257324,DATA,1,1,3,10,0,36.3705521,36.3705521,-4.51515436,1.71398425,-8.248874,7.13521671,35.4392281,-1.79129028,-4.1198945,-0.01000011,-7.321595,23.97185,0.0,0.0,1.0,0.0,0.0,0.0
61.6820641,DATA,1,1,3,10,0,36.4268875,36.4268875,-4.446467,1.71398735,-8.094433,7.150221,35.4186821,-1.7638855,-4.05113268,-0.01000005,-7.16694832,23.97185,0.0,0.0,1.0,0.0,0.0,0.0
61.7362747,DATA,1,1,3,10,0,36.4810944,36.4810944,-4.379913,1.713985,-7.94448233,7.13561153,35.4233131,-1.7243042,-3.9843545,-0.01000005,-7.01676369,23.97185,0.0,0.0,1.0,0.0,0.0,0.0
61.79193,DATA,1,1,3,10,0,36.53675,36.53675,-4.311432,1.71390367,-7.790426,7.162586,35.3917961,-1.77182007,-3.91577,-0.01000005,-6.862517,23.97185,0.0,0.0,1.0,0.0,0.0,0.0
61.847744,DATA,1,1,3,10,0,36.5925674,36.5925674,-4.24432,1.7139765,-7.639636,7.15675545,35.42398,-1.779419,-3.84862137,-0.01000011,-6.71149874,23.97185,0.0,0.0,1.0,0.0,0.0,0.0
61.9028435,DATA,1,1,3,10,0,36.6476669,36.6476669,-4.17704,1.71387839,-7.489264,7.177938,35.59592,-1.76766968,-3.78168631,-0.01000005,-6.56096125,23.97185,0.0,0.0,1.0,0.0,0.0,0.0
61.9593468,DATA,1,1,3,10,0,36.70417,36.70417,-4.10819769,1.71383369,-7.33513832,7.18587971,35.7995262,-1.7673645,-3.7130115,-0.01000011,-6.406511,23.97185,0.0,0.0,1.0,0.0,0.0,0.0
62.01426,DATA,1,1,3,10,0,36.75908,36.75908,-4.039792,1.71377349,-7.18185949,7.20514441,35.92847,-1.69152832,-3.64483452,-0.01000005,-6.25318,23.97185,0.0,0.0,1.0,0.0,0.0,0.0
62.0689468,DATA,1,1,3,10,0,36.8137665,36.8137665,-3.97236848,1.71357894,-7.030349,7.26020241,36.67618,-1.67230225,-3.577418,-0.01000005,-6.10156,23.97185,0.691457868,-0.424543023,1.0,0.0,0.0,0.0
62.12536,DATA,1,1,3,10,0,36.87018,36.87018,-3.96656871,1.71354783,-6.84995,7.297801,41.0406952,-1.58908081,-3.5063405,-0.01000011,-5.95198059,28.07234,0.8795434,-0.4758141,1.0,0.0,0.0,0.0
62.18153,DATA,1,1,3,10,0,36.9263535,36.9263535,-3.95125127,1.71356559,-6.667212,7.33539867,45.5617142,-1.51171875,-3.423688,-0.01000005,-5.807195,32.4684868,0.8753319,-0.483413219,1.0,0.0,0.0,0.0
62.2365952,DATA,1,1,3,10,0,36.9814148,36.9814148,-3.92140412,1.71354568,-6.48561525,7.35137129,50.1216164,-1.43972778,-3.32952881,-0.01000011,-5.66821861,36.86912,0.8709067,-0.491409063,1.0,0.0,0.0,0.0
62.2918358,DATA,1,1,3,10,0,37.03666,37.03666,-3.87775373,1.71341968,-6.308437,7.421143,54.6615639,-1.42474365,-3.22576022,-0.01000005,-5.53776264,41.21077,0.8629719,-0.505172849,1.0,0.0,0.0,0.0
62.3477,DATA,1,1,3,10,0,37.09252,37.09252,-3.82063556,1.7132926,-6.136128,7.515764,59.1165581,-1.41400146,-3.113013,-0.01000005,-5.416085,45.4951134,0.856379867,-0.5162816,1.0,0.0,0.0,0.0
62.4031448,DATA,1,1,3,10,0,37.1479645,37.1479645,-3.75041366,1.71323311,-5.969568,7.536441,63.46672,-1.30859375,-2.99190879,-0.00999999,-5.30347967,49.7157173,0.8455763,-0.5338298,1.0,0.0,0.0,0.0
62.45911,DATA,1,1,3,10,0,37.2039337,37.2039337,-3.666538,1.71328139,-5.80645132,7.539295,67.86037,-1.16384888,-2.86068368,-0.01000005,-5.1984024,53.9789,0.844660759,-0.5352336,1.0,0.0,0.0,0.0
62.5138321,DATA,1,1,3,10,0,37.25865,37.25865,-3.57219172,1.71324873,-5.652674,7.58382463,72.29894,-1.145874,-2.72396183,-0.01000005,-5.10462141,58.1735,0.8395947,-0.543198943,1.0,0.0,0.0,0.0
62.56899,DATA,1,1,3,10,0,37.3138123,37.3138123,-3.465586,1.71326637,-5.50486851,7.616252,76.60269,-0.96698,-2.579206,-0.01000005,-5.02022028,62.39117,0.837397337,-0.546556,1.0,0.0,0.0,0.0
62.6252251,DATA,1,1,3,10,0,37.37005,37.37005,-3.349319,1.71339989,-5.365532,7.61194038,80.39085,-0.844726563,-2.42985463,-0.01000011,-4.947233,66.56659,0.8361461,-0.5484481,1.0,0.0,0.0,0.0
62.6811752,DATA,1,1,3,10,0,37.4259949,37.4259949,-3.22302175,1.71355188,-5.235013,7.52618551,84.09183,-0.951629639,-2.27555466,-0.00999999,-4.885296,70.73107,0.832392335,-0.5540941,1.0,0.0,0.0,0.0
62.73694,DATA,1,1,3,10,0,37.48176,37.48176,-3.08639431,1.71343565,-5.114125,7.48354053,88.14824,-1.05963135,-2.11583662,-0.01000011,-4.834319,74.9076843,0.8276925,-0.561113358,1.0,0.0,0.0,0.0
62.7918053,DATA,1,1,3,10,0,37.53663,37.53663,-2.94250321,1.71333885,-5.005011,7.53583336,92.4613647,-1.13916016,-1.95422721,-0.01000005,-4.795387,79.03621,0.8276925,-0.561113358,1.0,0.0,0.0,0.0
62.84778,DATA,1,1,3,10,0,37.592598,37.592598,-2.7925005,1.71326113,-4.90726852,7.60247946,96.83642,-1.16937256,-1.7915045,-0.01000011,-4.76836252,83.12953,0.826777,-0.562486649,1.0,0.0,0.0,0.0
62.903717,DATA,1,1,3,10,0,37.6485367,37.6485367,-2.634337,1.713218,-4.819459,7.63295269,101.107239,-1.19500732,-1.62561512,-0.01000005,-4.75290966,87.2597046,0.8254951,-0.5643177,1.0,0.0,0.0,0.0
62.9589348,DATA,1,1,3,10,0,37.70376,37.70376,-2.46679425,1.71318746,-4.741756,7.6270647,105.186127,-1.1914978,-1.45587683,-0.01000005,-4.749455,91.4625,0.824823737,-0.5653554,1.0,0.0,0.0,0.0
63.0141,DATA,1,1,3,10,0,37.75892,37.75892,-2.297947,1.71320891,-4.677945,7.594285,109.212532,-1.18521118,-1.290225,-0.01000005,-4.75814,95.56797,0.824823737,-0.5653554,1.0,0.0,0.0,0.0
63.0698051,DATA,1,1,3,10,0,37.81463,37.81463,-2.12391472,1.71328783,-4.62602425,7.561286,113.30365,-1.15960693,-1.12455475,-0.01000005,-4.77882671,99.70009,0.824823737,-0.5653554,1.0,0.0,0.0,0.0
63.1253777,DATA,1,1,3,10,0,37.8702,37.8702,-1.9490062,1.71328044,-4.58738565,7.57348728,117.413,-1.26330566,-0.962904453,-0.01000005,-4.810918,103.778969,0.824823737,-0.5653554,1.0,0.0,0.0,0.0
63.1809578,DATA,1,1,3,10,0,37.92578,37.92578,-1.76885045,1.71317947,-4.5608716,7.636132,121.474777,-1.2555542,-0.801398158,-0.00999999,-4.855201,107.925987,0.825739264,-0.5639515,1.0,0.0,0.0,0.0
63.2363625,DATA,1,1,3,10,0,37.9811859,37.9811859,-1.58608246,1.71305346,-4.547328,7.724333,125.490181,-1.217102,-0.64262,-0.01000005,-4.9113946,112.099205,0.825739264,-0.5639515,1.0,0.0,0.0,0.0
63.291935,DATA,1,1,3,10,0,38.03676,38.03676,-1.40298343,1.71279466,-4.54678,7.83137035,129.1937,-1.2901001,-0.488658071,-0.00999999,-4.978847,116.264,0.825739264,-0.5639515,1.0,0.0,0.0,0.0
63.34813,DATA,1,1,3,10,0,38.09295,38.09295,-1.225449,1.71293211,-4.558512,7.71024561,132.499466,-1.54092407,-0.34455356,-0.00999999,-5.05474854,120.299438,0.825739264,-0.5639515,1.0,0.0,0.0,0.0
63.40309,DATA,1,1,3,10,0,38.14791,38.14791,-1.152622,1.71338677,-4.523937,7.48560238,134.709915,-1.79916382,-0.30654788,-0.01000005,-5.07695675,123.999542,0.40723896,-0.368144751,0.0,0.0,0.0,0.0
63.4584923,DATA,1,1,3,10,0,38.2033157,38.2033157,-1.14676642,1.71376467,-4.51533461,7.201767,133.717789,-2.0166626,-0.30654788,-0.01000005,-5.07695675,124.526344,0.0,0.0,0.0,0.0,0.0,0.0
63.514286,DATA,1,1,3,10,0,38.25911,38.25911,-1.146139,1.71408248,-4.51436949,7.07841969,132.746979,-2.33428955,-0.30654788,-0.01000005,-5.07695675,124.526344,0.0,0.0,0.0,0.0,0.0,0.0
63.56934,DATA,1,1,3,10,0,38.3141632,38.3141632,-1.14484668,1.71447372,-4.513242,6.81653929,131.416534,-2.948639,-0.30654788,-0.01000005,-5.07695675,124.526344,0.0,0.0,0.0,0.0,0.0,0.0
63.6253433,DATA,1,1,3,10,0,38.370163,38.370163,-1.14311051,1.71466446,-4.51181459,6.55746174,129.647644,-3.483612,-0.30654788,-0.01000005,-5.07695675,124.526344,0.0,0.0,0.0,0.0,0.0,0.0
63.6803627,DATA,1,1,3,10,0,38.4251862,38.4251862,-1.1415714,1.71493721,-4.51057,6.28130245,128.130676,-3.77212524,-0.30654788,-0.01000005,-5.07695675,124.526344,0.0,0.0,0.0,0.0,0.0,0.0
63.7360268,DATA,1,1,3,10,0,38.48085,38.48085,-1.14043808,1.71533084,-4.5095067,6.05256939,126.9984,-3.82290649,-0.30654788,-0.01000005,-5.07695675,124.526344,0.0,0.0,0.0,0.0,0.0,0.0
63.7918549,DATA,1,1,3,10,0,38.5366745,38.5366745,-1.13949442,1.71555853,-4.50853729,5.881879,126.108513,-3.89224243,-0.30654788,-0.01000005,-5.07695675,124.526344,0.0,0.0,0.0,0.0,0.0,0.0
63.8472672,DATA,1,1,3,10,0,38.5920868,38.5920868,-1.07001412,1.71569467,-4.55492926,5.7742095,125.45118,-3.97137451,-0.237968892,-0.01000005,-5.124136,124.526344,0.0,0.0,1.0,0.0,0.0,0.0
63.9035454,DATA,1,1,3,10,0,38.64837,38.64837,-0.9334692,1.71573079,-4.647581,5.694035,124.882729,-3.97186279,-0.102310635,-0.00999999,-5.21746349,124.526344,0.0,0.0,1.0,0.0,0.0,0.0
63.95863,DATA,1,1,3,10,0,38.7034531,38.7034531,-0.793810666,1.71585655,-4.74230433,5.6303,124.2883,-3.862976,0.0364555344,-0.01000005,-5.31292868,124.526344,0.0,0.0,1.0,0.0,0.0,0.0
64.013916,DATA,1,1,3,10,0,38.7587357,38.7587357,-0.655182242,1.71596813,-4.83651543,5.574379,123.602287,-3.772461,0.174384952,-0.01000005,-5.40781832,124.526344,0.0,0.0,1.0,0.0,0.0,0.0
64.0695,DATA,1,1,3,10,0,38.8143234,38.8143234,-0.518336833,1.71597862,-4.93007,5.55103874,123.016083,-3.82366943,0.310917139,-0.01000005,-5.50174665,124.526344,0.0,0.0,1.0,0.0,0.0,0.0
64.12574,DATA,1,1,3,10,0,38.87056,38.87056,-0.381018549,1.716003,-5.024467,5.561656,122.625641,-3.93423462,0.448182851,-0.01000005,-5.59618,124.526344,0.0,0.0,1.0,0.0,0.0,0.0
64.18122,DATA,1,1,3,10,0,38.92604,38.92604,-0.244323552,1.71596813,-5.118671,5.573881,122.411224,-4.03451538,0.5849302,-0.00999999,-5.690256,124.526344,0.0,0.0,1.0,0.0,0.0,0.0
64.23638,DATA,1,1,3,10,0,38.9812,38.9812,-0.106772177,1.71594334,-5.21366739,5.59555244,122.346367,-4.075653,0.7225814,-0.01000005,-5.78495455,124.526344,0.0,0.0,1.0,0.0,0.0,0.0
64.29174,DATA,1,1,3,10,0,39.03656,39.03656,0.03820806,1.71594667,-5.2973094,5.62374735,123.827713,-4.0980835,0.85985136,-0.00999999,-5.87939024,125.289825,0.785454869,-0.441114545,1.0,0.0,0.0,0.0
64.3468552,DATA,1,1,3,10,0,39.0916748,39.0916748,0.215356082,1.71590161,-5.33775139,5.67538166,128.159836,-4.115692,0.991984546,-0.01000005,-5.978351,129.510559,0.874263763,-0.48542738,1.0,0.0,0.0,0.0
64.40266,DATA,1,1,3,10,0,39.1474762,39.1474762,0.391029954,1.7158103,-5.39032459,5.72505236,132.5617,-4.20278931,1.116989,-0.01000005,-6.087562,133.861633,0.8733177,-0.487075448,1.0,0.0,0.0,0.0
64.45915,DATA,1,1,3,10,0,39.20397,39.20397,0.563441336,1.71575141,-5.45774174,5.77004957,136.032364,-4.308655,1.23477626,-0.01000005,-6.207471,138.202209,0.0,0.0,1.0,0.0,0.0,0.0
64.51297,DATA,1,1,3,10,0,39.25779,39.25779,0.67331934,1.71569514,-5.58097363,5.79668331,135.998184,-4.36206055,1.34466469,-0.01000005,-6.330384,138.202209,0.0,0.0,1.0,0.0,0.0,0.0
64.56845,DATA,1,1,3,10,0,39.31327,39.31327,0.7861394,1.71573436,-5.70691824,5.82013941,135.931976,-4.368866,1.45717132,-0.00999999,-6.4562254,138.202209,0.0,0.0,1.0,0.0,0.0,0.0
64.6252441,DATA,1,1,3,10,0,39.3700638,39.3700638,0.895907164,1.71566939,-5.830088,5.83733225,136.1277,-4.22036743,1.56695855,-0.01000005,-6.57902527,138.202209,0.0,0.0,1.0,0.0,0.0,0.0
64.68138,DATA,1,1,3,10,0,39.4262,39.4262,0.9671554,1.71565318,-5.99514055,5.86544,132.0558,-4.149231,1.68085921,-0.00999999,-6.703126,134.848816,-0.9861751,0.165593445,1.0,0.0,0.0,0.0
64.73657,DATA,1,1,3,10,0,39.48139,39.48139,1.030218,1.71557188,-6.17151737,5.956665,127.306816,-4.11187744,1.8015846,-0.01000005,-6.8157773,129.9618,-0.986541331,0.1633656,1.0,0.0,0.0,0.0
64.79161,DATA,1,1,3,10,0,39.53643,39.53643,1.10997736,1.71550894,-6.345461,5.998945,122.403687,-4.099304,1.9344821,-0.01000005,-6.919939,124.962425,-0.9869686,0.160710454,1.0,0.0,0.0,0.0
64.847374,DATA,1,1,3,10,0,39.5921936,39.5921936,1.20184422,1.71552467,-6.507336,5.99846125,117.371178,-4.127838,2.07212377,-0.01000005,-7.00979376,120.09407,-0.9871822,0.159367681,1.0,0.0,0.0,0.0
64.9033,DATA,1,1,3,10,0,39.6481171,39.6481171,1.308998,1.71548462,-6.663425,5.996613,112.315651,-4.16363525,2.21946025,-0.01000005,-7.088917,115.13974,-0.9871822,0.159367681,1.0,0.0,0.0,0.0
64.9589539,DATA,1,1,3,10,0,39.7037735,39.7037735,1.43028224,1.71547747,-6.810867,6.00306463,107.29126,-4.19747925,2.37429953,-0.00999999,-7.1555,110.146606,-0.9871822,0.159367681,1.0,0.0,0.0,0.0
65.01386,DATA,1,1,3,10,0,39.7586823,39.7586823,1.56166422,1.71552253,-6.944954,6.010216,102.387764,-4.21194458,2.53168273,-0.01000005,-7.20757055,105.245956,-0.9828791,0.1797235,1.0,0.0,0.0,0.0
65.069,DATA,1,1,3,10,0,39.81382,39.81382,1.70486188,1.7155149,-7.0676837,6.020302,97.53165,-4.24884033,2.69396472,-0.01000005,-7.246243,100.339081,-0.976470232,0.166081727,1.0,0.0,0.0,0.0
65.1250839,DATA,1,1,3,10,0,39.8699036,39.8699036,1.85616684,1.71548116,-7.17578125,6.04959,92.76639,-4.28475952,2.857008,-0.01000011,-7.270699,95.53202,-0.916196167,0.09411907,1.0,0.0,0.0,0.0
65.18116,DATA,1,1,3,10,0,39.92598,39.92598,2.02093649,1.71544218,-7.24034643,6.06817961,90.64357,-4.29129028,3.025601,-0.01000005,-7.28229475,92.5073547,0.0,0.0,1.0,0.0,0.0,0.0
65.23598,DATA,1,1,3,10,0,39.9807968,39.9807968,2.10463929,1.71539092,-7.24407673,6.07308769,90.72497,-4.26773071,3.10936332,-0.01000005,-7.28596258,92.5073547,0.0,0.0,0.0,0.0,0.0,0.0
65.29112,DATA,1,1,3,10,0,40.0359421,40.0359421,2.10473228,1.71538138,-7.2443,6.0912056,90.81793,-4.299774,3.10936332,-0.01000005,-7.28596258,92.5073547,0.0,0.0,0.0,0.0,0.0,0.0
65.34733,DATA,1,1,3,10,0,40.0921478,40.0921478,2.10474586,1.71539235,-7.244404,6.12672,90.90632,-4.32232666,3.10936332,-0.01000005,-7.28596258,92.5073547,0.0,0.0,0.0,0.0,0.0,0.0
65.4024658,DATA,1,1,3,10,0,40.1472855,40.1472855,2.10487247,1.71540952,-7.244396,6.1363225,90.98268,-4.318115,3.10936332,-0.01000005,-7.28596258,92.5073547,0.0,0.0,0.0,0.0,0.0,0.0
65.45809,DATA,1,1,3,10,0,40.20291,40.20291,2.10485673,1.71541333,-7.24440432,6.135121,91.0376358,-4.313385,3.10936332,-0.01000005,-7.28596258,92.5073547,0.0,0.0,0.0,0.0,0.0,0.0
65.51371,DATA,1,1,3,10,0,40.25853,40.25853,2.10489273,1.71528721,-7.244677,6.13655043,91.10426,-4.296356,3.10936332,-0.01000005,-7.28596258,92.5073547,0.0,0.0,0.0,0.0,0.0,0.0
65.56883,DATA,1,1,3,10,0,40.313652,40.313652,2.10490322,1.71529746,-7.24475145,6.15196848,91.19015,-4.285736,3.10936332,-0.01000005,-7.28596258,92.5073547,0.0,0.0,0.0,0.0,0.0,0.0
65.62494,DATA,1,1,3,10,0,40.36976,40.36976,2.104983,1.71521854,-7.244989,6.1926055,91.27889,-4.28494263,3.10936332,-0.01000005,-7.28596258,92.5073547,0.0,0.0,0.0,0.0,0.0,0.0
65.6802444,DATA,1,1,3,10,0,40.4250641,40.4250641,2.10495234,1.715214,-7.24512768,6.199644,91.36049,-4.27615356,3.10936332,-0.01000005,-7.28596258,92.5073547,0.0,0.0,0.0,0.0,0.0,0.0
65.736145,DATA,1,1,3,10,0,40.4809647,40.4809647,2.230971,1.71511388,-7.25086975,6.21823263,91.45055,-4.294525,3.235379,-0.01000011,-7.291481,92.5073547,0.0,0.0,1.0,0.0,0.0,0.0
65.79149,DATA,1,1,3,10,0,40.53631,40.53631,2.39906788,1.715084,-7.25834036,6.235051,91.52141,-4.266449,3.40344644,-0.01000011,-7.29884052,92.5073547,0.0,0.0,1.0,0.0,0.0,0.0
65.84744,DATA,1,1,3,10,0,40.5922623,40.5922623,2.56305814,1.71500373,-7.26567745,6.24273157,91.5700455,-4.25616455,3.56737161,-0.01000005,-7.306019,92.5073547,0.0,0.0,1.0,0.0,0.0,0.0
65.90352,DATA,1,1,3,10,0,40.64834,40.64834,2.72791767,1.71494019,-7.27308559,6.25552,91.6021,-4.28051758,3.73215747,-0.01000011,-7.31323433,92.5073547,0.0,0.0,1.0,0.0,0.0,0.0
65.9585,DATA,1,1,4,10,0,40.7033234,40.7033234,2.90039849,1.71494913,-7.2808485,6.288116,91.6470947,-4.32720947,3.904579,-0.01000005,-7.32078457,92.5073547,0.0,0.0,1.0,0.0,0.0,0.0
66.01344,DATA,1,1,4,10,0,40.7582626,40.7582626,3.02291179,1.714972,-7.28646374,6.297352,91.6997452,-4.337982,4.02713251,-0.01000005,-7.32615137,92.5073547,0.0,0.0,0.0,0.0,0.0,0.0
66.06928,DATA,1,1,4,10,0,40.8141022,40.8141022,3.02287769,1.71496987,-7.28654146,6.3025,91.72259,-4.340851,4.02713251,-0.01000005,-7.32615137,92.5073547,0.0,0.0,0.0,0.0,0.0,0.0
66.12485,DATA,1,1,4,10,0,40.8696671,40.8696671,3.02286,1.71493268,-7.28655767,6.296761,91.7510757,-4.337555,4.02713251,-0.01000005,-7.32615137,92.5073547,0.0,0.0,0.0,0.0,0.0,0.0
66.18053,DATA,1,1,4,10,0,40.9253464,40.9253464,3.02283955,1.714963,-7.28655148,6.31031,91.75264,-4.34762573,4.02713251,-0.01000005,-7.32615137,92.5073547,0.0,0.0,0.0,0.0,0.0,0.0
66.2359543,DATA,1,1,4,10,0,40.9807739,40.9807739,3.02276278,1.71487975,-7.28657436,6.306103,91.7198639,-4.339325,4.02713251,-0.01000005,-7.32615137,92.5073547,0.0,0.0,0.0,0.0,0.0,0.0
66.29106,DATA,1,1,4,10,0,41.03588,41.03588,3.0227344,1.71494389,-7.28646564,6.296438,91.6858139,-4.35220337,4.02713251,-0.01000005,-7.32615137,92.5073547,0.0,0.0,0.0,0.0,0.0,0.0
66.34713,DATA,1,1,4,10,0,41.09195,41.09195,3.02270627,1.71504283,-7.286339,6.302521,91.68835,-4.341858,4.02713251,-0.01000005,-7.32615137,92.5073547,0.0,0.0,0.0,0.0,0.0,0.0
66.40273,DATA,1,1,4,10,0,41.1475525,41.1475525,3.102645,1.71487045,-7.28976345,6.294035,91.7134552,-4.313446,4.106893,-0.01000005,-7.329644,92.5073547,0.0,0.0,1.0,0.0,0.0,0.0
66.45828,DATA,1,1,4,10,0,41.2031021,41.2031021,3.27093387,1.71487212,-7.29683352,6.27671432,91.66808,-4.25787354,4.27517271,-0.01000005,-7.337013,92.5073547,0.0,0.0,1.0,0.0,0.0,0.0
66.51365,DATA,1,1,4,10,0,41.25847,41.25847,3.43781471,1.71483672,-7.30392933,6.25130272,91.63046,-4.24514771,4.44204044,-0.01000011,-7.34432,92.5073547,0.0,0.0,1.0,0.0,0.0,0.0
66.56912,DATA,1,1,4,10,0,41.313942,41.313942,3.604308,1.71504283,-7.311168,6.254337,91.5943756,-4.26324463,4.608666,-0.01000005,-7.35161638,92.5073547,0.0,0.0,1.0,0.0,0.0,0.0
66.62542,DATA,1,1,4,10,0,41.37024,41.37024,3.77102876,1.71507883,-7.31821728,6.22966576,91.55147,-4.242462,4.77550459,-0.01000005,-7.358922,92.5073547,0.0,0.0,1.0,0.0,0.0,0.0
66.68068,DATA,1,1,4,10,0,41.4255,41.4255,3.935448,1.71510577,-7.32508039,6.205796,91.47624,-4.18670654,4.940081,-0.01000011,-7.366129,92.5073547,0.0,0.0,1.0,0.0,0.0,0.0
66.73659,DATA,1,1,4,10,0,41.4814072,41.4814072,4.10374165,1.7151041,-7.33238554,6.167077,90.9237442,-4.15756226,5.10839,-0.01000005,-7.37349939,92.5073547,-0.478530228,0.196600258,1.0,0.0,0.0,0.0
66.79125,DATA,1,1,4,10,0,41.53607,41.53607,4.2693367,1.71517909,-7.40249157,6.139294,86.646286,-4.117859,5.274588,-0.01000011,-7.37739229,88.71543,-0.942045331,0.335459471,1.0,0.0,0.0,0.0
66.8471146,DATA,1,1,4,10,0,41.5919342,41.5919342,4.4397316,1.71525288,-7.47521639,6.116329,81.80524,-4.06948853,5.439703,-0.01000011,-7.3686347,84.04126,-0.942045331,0.335459471,1.0,0.0,0.0,0.0
66.90363,DATA,1,1,4,10,0,41.6484528,41.6484528,4.61615944,1.71526349,-7.53428364,6.08533859,76.916626,-4.05728149,5.60416269,-0.01000011,-7.34634829,79.34963,-0.942045331,0.335459471,1.0,0.0,0.0,0.0
66.9578857,DATA,1,1,4,10,0,41.7027054,41.7027054,4.798584,1.71525025,-7.578834,6.064142,72.14688,-4.044464,5.76782942,-0.01000005,-7.310294,74.61193,-0.942381,0.3344218,1.0,0.0,0.0,0.0
67.01424,DATA,1,1,4,10,0,41.7590561,41.7590561,4.98527241,1.71529877,-7.608409,6.03800964,67.23926,-4.025482,5.928955,-0.01000011,-7.260491,69.84384,-0.9419538,0.3356731,1.0,0.0,0.0,0.0
67.06912,DATA,1,1,4,10,0,41.813942,41.813942,5.17097235,1.71532941,-7.62217569,6.018964,62.3462677,-3.98422241,6.083182,-0.01000005,-7.198438,65.1442947,-0.942381,0.3344218,1.0,0.0,0.0,0.0
67.12487,DATA,1,1,4,10,0,41.86969,41.86969,5.35463762,1.71550632,-7.62061,5.96992159,57.30772,-3.90927124,6.22995663,-0.01000005,-7.12495232,60.50252,-0.942381,0.3344218,1.0,0.0,0.0,0.0
67.17974,DATA,1,1,4,10,0,41.92456,41.92456,5.54263973,1.71570551,-7.603552,5.90967464,52.15838,-3.85592651,6.37428474,-0.00999999,-7.037242,55.7264633,-0.942381,0.3344218,1.0,0.0,0.0,0.0
67.23584,DATA,1,1,4,10,0,41.98066,41.98066,5.725012,1.71594572,-7.57168627,5.866485,46.94489,-3.82220459,6.508284,-0.01000005,-6.93977833,51.0397453,-0.94280833,0.333231628,1.0,0.0,0.0,0.0
67.29171,DATA,1,1,4,10,0,42.03653,42.03653,5.91122961,1.71624756,-7.52278852,5.8233037,41.68696,-3.78778076,6.63876152,-0.01000005,-6.827204,46.1642075,-0.94280833,0.333231628,1.0,0.0,0.0,0.0
67.3467941,DATA,1,1,4,10,0,42.0916138,42.0916138,6.07754564,1.71630776,-7.46419859,5.75822544,36.51454,-3.73257446,6.7495203,-0.01000011,-6.71446037,41.6929474,-0.9434797,0.331308961,1.0,0.0,0.0,0.0
67.401825,DATA,1,1,4,10,0,42.1466446,42.1466446,6.24708128,1.7164948,-7.38894033,5.687365,31.2740154,-3.67709351,6.85628366,-0.01000005,-6.586903,36.9834671,-0.9434797,0.331308961,1.0,0.0,0.0,0.0
67.45785,DATA,1,1,4,10,0,42.2026672,42.2026672,6.412123,1.71659184,-7.298806,5.62908459,26.0273438,-3.605011,6.953453,-0.01000005,-6.449122,32.20857,-0.943876445,0.330210268,1.0,0.0,0.0,0.0
67.51302,DATA,1,1,4,10,0,42.257843,42.257843,6.56809855,1.71665263,-7.195939,5.583427,20.85798,-3.5145874,7.03824568,-0.01000005,-6.30477428,27.4668636,-0.943876445,0.330210268,1.0,0.0,0.0,0.0
67.56876,DATA,1,1,4,10,0,42.3135834,42.3135834,6.713443,1.716708,-7.08168125,5.53642273,15.670083,-3.403717,7.110132,-0.01000005,-6.15545368,22.7729378,-0.943876445,0.330210268,1.0,0.0,0.0,0.0
67.62487,DATA,1,1,4,10,0,42.36969,42.36969,6.848398,1.71677232,-6.956286,5.48737144,10.3726559,-3.26071167,7.169411,-0.01000011,-6.001182,18.09188,-0.943876445,0.330210268,1.0,0.0,0.0,0.0
67.68049,DATA,1,1,4,10,0,42.42531,42.42531,6.975094,1.71684051,-6.817551,5.430237,5.06812954,-3.10757446,7.216728,-0.01000011,-5.83940125,13.3166933,-0.944090068,0.329630435,1.0,0.0,0.0,0.0
67.73635,DATA,1,1,4,10,0,42.48117,42.48117,7.08844376,1.71698117,-6.670699,5.34598064,-0.201080322,-2.97677612,7.25006342,-0.01000005,-5.676247,8.597528,-0.944486856,0.3284707,1.0,0.0,0.0,0.0
67.7909241,DATA,1,1,4,10,0,42.5357437,42.5357437,7.190171,1.71711493,-6.514076,5.28363466,-5.323456,-2.84844971,7.269968,-0.01000005,-5.50972652,3.84436655,-0.944486856,0.3284707,1.0,0.0,0.0,0.0
67.8466644,DATA,1,1,4,10,0,42.5914841,42.5914841,7.277208,1.717194,-6.352918,5.21511936,-10.3721619,-2.74945068,7.275987,-0.01000011,-5.34535646,-0.8173218,-0.944486856,0.3284707,1.0,0.0,0.0,0.0
67.9024658,DATA,1,1,4,10,0,42.6472855,42.6472855,7.352221,1.71721983,-6.18277168,5.17576027,-15.2677,-2.69100952,7.26844835,-0.01000005,-5.17865,-5.5456543,-0.9441206,0.3295694,1.0,0.0,0.0,0.0
67.95783,DATA,1,1,4,10,0,42.702652,42.702652,7.41369,1.71720648,-6.00586557,5.201541,-19.9405518,-2.69497681,7.247033,-0.01000005,-5.012144,-10.3019409,-0.9434797,0.331339478,1.0,0.0,0.0,0.0
68.012764,DATA,1,1,4,10,0,42.7575836,42.7575836,7.437214,1.717159,-5.83164,5.18570948,-22.2996216,-2.694458,7.212417,-0.01000005,-4.8496294,-13.67334,0.0,0.0,1.0,0.0,0.0,0.0
68.06867,DATA,1,1,4,10,0,42.81349,42.81349,7.40836143,1.71709037,-5.711899,5.193465,-22.0578,-2.69586182,7.18324,-0.01000005,-4.72969866,-13.67334,0.0,0.0,0.0,0.0,0.0,0.0
68.12412,DATA,1,1,4,10,0,42.8689423,42.8689423,7.408752,1.71707511,-5.71194029,5.22172642,-21.862793,-2.657898,7.18324,-0.01000005,-4.72969866,-13.67334,0.0,0.0,0.0,0.0,0.0,0.0
68.17975,DATA,1,1,4,10,0,42.92457,42.92457,7.389613,1.71703649,-5.63145351,5.26340151,-21.6459961,-2.66262817,7.16369247,-0.01000005,-4.64934969,-13.67334,0.0,0.0,1.0,0.0,0.0,0.0
68.23568,DATA,1,1,4,10,0,42.9805,42.9805,7.35007143,1.716924,-5.467613,5.296812,-21.4906616,-2.65490723,7.123866,-0.00999999,-4.485644,-13.67334,0.0,0.0,1.0,0.0,0.0,0.0
68.29054,DATA,1,1,4,10,0,43.0353622,43.0353622,7.311267,1.7168479,-5.30682373,5.320897,-21.42685,-2.68157959,7.0848074,-0.01000005,-4.325094,-13.67334,0.0,0.0,1.0,0.0,0.0,0.0
68.34633,DATA,1,1,4,10,0,43.09115,43.09115,7.272666,1.716775,-5.14669,5.34431839,-21.3975525,-2.734497,7.045928,-0.01000005,-4.1652813,-13.67334,0.0,0.0,1.0,0.0,0.0,0.0
68.40223,DATA,1,1,4,10,0,43.14705,43.14705,7.207088,1.7167021,-4.9884243,5.372584,-19.013,-2.78775024,7.00665665,-0.01000011,-4.00179672,-12.1361389,0.921659,-0.195593119,1.0,0.0,0.0,0.0
68.45744,DATA,1,1,4,10,0,43.2022629,43.2022629,7.096772,1.7166338,-4.83729649,5.39571953,-14.33963,-2.83462524,6.97657776,-0.01000005,-3.83799267,-7.49761963,0.937315,-0.218939781,1.0,0.0,0.0,0.0
68.51307,DATA,1,1,4,10,0,43.25789,43.25789,6.997511,1.7165854,-4.67648172,5.42023373,-9.585846,-2.8710022,6.95983648,-0.01000011,-3.67100358,-2.76278687,0.9428388,-0.218726158,1.0,0.0,0.0,0.0
68.56875,DATA,1,1,4,10,0,43.31357,43.31357,6.912082,1.71652055,-4.509167,5.44109964,-4.8449707,-2.88427734,6.95694351,-0.01000005,-3.504303,1.95432138,0.937101364,-0.221869588,1.0,0.0,0.0,0.0
68.62432,DATA,1,1,4,10,0,43.36914,43.36914,6.85493755,1.71650577,-4.33871365,5.47016239,-1.77038574,-2.93386841,6.967388,-0.01000011,-3.339319,5.83660841,0.0,0.0,1.0,0.0,0.0,0.0
68.67969,DATA,1,1,4,10,0,43.4245071,43.4245071,6.87221,1.71651125,-4.17140627,5.497182,-1.82611084,-2.95864868,6.984477,-0.01000005,-3.17214155,5.83660841,0.0,0.0,1.0,0.0,0.0,0.0
68.7355042,DATA,1,1,4,10,0,43.4803238,43.4803238,6.889205,1.71647286,-4.005491,5.48486567,-1.85073853,-2.94833374,7.00144,-0.01000005,-3.00619912,5.83660841,0.0,0.0,1.0,0.0,0.0,0.0
68.79082,DATA,1,1,4,10,0,43.5356369,43.5356369,6.90629768,1.71650279,-3.83896279,5.48047447,-1.86294556,-2.92059326,7.01846552,-0.01000011,-2.83964467,5.83660841,0.0,0.0,1.0,0.0,0.0,0.0
68.84665,DATA,1,1,4,10,0,43.59147,43.59147,6.980168,1.71659541,-3.68023753,5.475016,-6.131714,-2.90609741,7.03283644,-0.01000005,-2.67577457,2.429751,-0.949674964,0.3131504,1.0,0.0,0.0,0.0
68.90215,DATA,1,1,4,10,0,43.6469727,43.6469727,7.06530237,1.71660089,-3.51468635,5.4776144,-10.9439392,-2.89572144,7.03472853,-0.01000005,-2.50927281,-2.31619263,-0.950926244,0.309396625,1.0,0.0,0.0,0.0
68.95737,DATA,1,1,4,10,0,43.7021866,43.7021866,7.13710356,1.71659088,-3.34115458,5.45206,-15.7431335,-2.92224121,7.02266073,-0.01000005,-2.34153986,-7.115326,-0.9512314,0.308389544,1.0,0.0,0.0,0.0
69.01306,DATA,1,1,4,10,0,43.75788,43.75788,7.193994,1.71655488,-3.16360354,5.459438,-20.4807129,-2.97763062,6.99687338,-0.01000005,-2.17683268,-11.8740845,-0.9512314,0.308389544,1.0,0.0,0.0,0.0
69.0684738,DATA,1,1,4,10,0,43.8132935,43.8132935,7.23540068,1.716481,-2.98382878,5.47073,-25.08197,-2.981964,6.957973,-0.00999999,-2.01651382,-16.582,-0.950773656,0.309854448,1.0,0.0,0.0,0.0
69.12464,DATA,1,1,4,10,0,43.86946,43.86946,7.262303,1.71646619,-2.798729,5.473838,-29.7951965,-2.99182129,6.90526962,-0.01000005,-1.8578105,-21.35263,-0.949491858,0.313760817,1.0,0.0,0.0,0.0
69.17998,DATA,1,1,4,10,0,43.9247971,43.9247971,7.27341127,1.71648228,-2.61286855,5.459393,-34.48456,-2.98059082,6.839776,-0.00999999,-1.70450628,-26.0993347,-0.947172463,0.320596933,1.0,0.0,0.0,0.0
69.23564,DATA,1,1,4,10,0,43.98046,43.98046,7.26916027,1.71648121,-2.42614937,5.45198536,-39.22751,-2.96240234,6.761667,-0.01000005,-1.55685484,-30.8586731,-0.9540391,0.2996307,1.0,0.0,0.0,0.0
69.29029,DATA,1,1,4,10,0,44.03511,44.03511,7.22478867,1.71647024,-2.256453,5.440173,-41.4718,-2.935028,6.671722,-0.01000005,-1.41566,-33.931427,0.0,0.0,1.0,0.0,0.0,0.0
69.34701,DATA,1,1,4,10,0,44.0918274,44.0918274,7.154589,1.71648622,-2.15210176,5.447055,-41.440155,-2.96133423,6.601565,-0.01000005,-1.31137884,-33.931427,0.0,0.0,0.0,0.0,0.0,0.0
69.40226,DATA,1,1,4,10,0,44.14708,44.14708,7.15458965,1.71646523,-2.15204072,5.44160175,-41.4013977,-2.95043945,6.601565,-0.01000005,-1.31137884,-33.931427,0.0,0.0,0.0,0.0,0.0,0.0
69.45852,DATA,1,1,4,10,0,44.20334,44.20334,7.15456343,1.71645927,-2.15209985,5.41856575,-41.4703979,-2.97711182,6.601565,-0.01000005,-1.31137884,-33.931427,0.0,0.0,0.0,0.0,0.0,0.0
69.51288,DATA,1,1,4,10,0,44.2576981,44.2576981,7.154385,1.71648717,-2.152349,5.3659997,-41.79904,-3.074829,6.601565,-0.01000005,-1.31137884,-33.931427,0.0,0.0,0.0,0.0,0.0,0.0
69.5679245,DATA,1,1,4,10,0,44.3127441,44.3127441,7.154285,1.7165482,-2.15256524,5.32240248,-41.92621,-3.13406372,6.601565,-0.01000005,-1.31137884,-33.931427,0.0,0.0,0.0,0.0,0.0,0.0
69.6250839,DATA,1,1,4,10,0,44.3699036,44.3699036,7.15436935,1.71654582,-2.15247083,5.319224,-41.8635864,-3.117279,6.601565,-0.01000005,-1.31137884,-33.931427,0.0,0.0,0.0,0.0,0.0,0.0
69.68083,DATA,1,1,4,10,0,44.42565,44.42565,7.15435076,1.716522,-2.15248823,5.331172,-41.71457,-3.1003418,6.601565,-0.01000005,-1.31137884,-33.931427,0.0,0.0,0.0,0.0,0.0,0.0
69.73605,DATA,1,1,4,10,0,44.4808731,44.4808731,7.15445328,1.71652842,-2.1523385,5.32191563,-41.5374451,-3.02166748,6.601565,-0.01000005,-1.31137884,-33.931427,0.0,0.0,0.0,0.0,0.0,0.0
69.79054,DATA,1,1,4,10,0,44.5353622,44.5353622,7.15452242,1.7165134,-2.15227556,5.302553,-41.3828125,-2.98526,6.601565,-0.01000005,-1.31137884,-33.931427,0.0,0.0,0.0,0.0,0.0,0.0
69.84649,DATA,1,1,4,10,0,44.59131,44.59131,7.15445137,1.71651,-2.15217566,5.288127,-41.3521423,-2.95877075,6.601565,-0.01000005,-1.31137884,-33.931427,0.0,0.0,0.0,0.0,0.0,0.0
69.90228,DATA,1,1,4,10,0,44.6471024,44.6471024,7.15431929,1.71662784,-2.15239382,5.26964474,-41.3577271,-2.93255615,6.601565,-0.01000005,-1.31137884,-33.931427,0.0,0.0,0.0,0.0,0.0,0.0
69.95782,DATA,1,1,4,10,0,44.7026367,44.7026367,7.154238,1.71666145,-2.15239358,5.25186968,-41.33667,-2.892456,6.601565,-0.01000005,-1.31137884,-33.931427,0.0,0.0,0.0,0.0,0.0,0.0
70.01376,DATA,1,1,4,10,0,44.7585831,44.7585831,7.1542,1.71661329,-2.15224528,5.263375,-41.1877136,-2.87451172,6.601565,-0.01000005,-1.31137884,-33.931427,0.0,0.0,0.0,0.0,0.0,0.0
70.06853,DATA,1,1,4,10,0,44.8133469,44.8133469,7.154314,1.71657681,-2.15186024,5.25230074,-40.9055176,-2.80609131,6.601565,-0.01000005,-1.31137884,-33.931427,0.0,0.0,0.0,0.0,0.0,0.0
70.12387,DATA,1,1,4,10,0,44.86869,44.86869,7.15484047,1.71640277,-2.15138817,5.277737,-40.45163,-2.90103149,6.601565,-0.01000005,-1.31137884,-33.931427,0.0,0.0,0.0,0.0,0.0,0.0
70.18033,DATA,1,1,4,10,0,44.925148,44.925148,7.15573549,1.71630812,-2.15093875,5.33402824,-39.865387,-3.02377319,6.601565,-0.01000005,-1.31137884,-33.931427,0.0,0.0,0.0,0.0,0.0,0.0
70.23567,DATA,1,1,4,10,0,44.98049,44.98049,7.15690374,1.71628833,-2.15040255,5.409921,-39.1310425,-3.10015869,6.601565,-0.01000005,-1.31137884,-33.931427,0.0,0.0,0.0,0.0,0.0,0.0
70.2903748,DATA,1,1,4,10,0,45.0351944,45.0351944,7.15800667,1.71619129,-2.150046,5.541929,-38.3469543,-3.165619,6.601565,-0.01000005,-1.31137884,-33.931427,0.0,0.0,0.0,0.0,0.0,0.0
70.34697,DATA,1,1,4,10,0,45.09179,45.09179,7.15888834,1.71617675,-2.14964652,5.5961,-37.5681152,-3.181427,6.601565,-0.01000005,-1.31137884,-33.931427,0.0,0.0,0.0,0.0,0.0,0.0
70.40211,DATA,1,1,4,10,0,45.1469269,45.1469269,7.15932035,1.716075,-2.14914441,5.6596446,-37.02127,-3.0881958,6.601565,-0.01000005,-1.31137884,-33.931427,0.0,0.0,0.0,0.0,0.0,0.0
70.45762,DATA,1,1,4,10,0,45.20244,45.20244,7.15944338,1.71564817,-2.1485467,6.014653,-36.7739258,-3.18261719,6.601565,-0.01000005,-1.31137884,-33.931427,0.0,0.0,0.0,0.0,0.0,0.0
70.512825,DATA,1,1,4,10,0,45.2576447,45.2576447,7.159675,1.71500921,-2.14841175,6.52145243,-36.5892944,-3.29849243,6.601565,-0.01000005,-1.31137884,-33.931427,0.0,0.0,0.0,0.0,0.0,0.0
70.5688858,DATA,1,1,4,10,0,45.3137054,45.3137054,7.161071,1.71485329,-2.148277,6.85816956,-35.9689026,-3.33847046,6.601565,-0.01000005,-1.31137884,-33.931427,0.0,0.0,0.0,0.0,0.0,0.0
70.6244659,DATA,1,1,4,10,0,45.3692856,45.3692856,7.16290951,1.71494508,-2.14836121,7.044465,-35.13324,-3.14648438,6.601565,-0.01000005,-1.31137884,-33.931427,0.0,0.0,0.0,0.0,0.0,0.0
70.68082,DATA,1,1,4,10,0,45.4256363,45.4256363,7.16445065,1.71495771,-2.148497,7.11154842,-34.4164429,-3.01150513,6.601565,-0.01000005,-1.31137884,-33.931427,0.0,0.0,0.0,0.0,0.0,0.0
70.74164,DATA,1,1,4,10,0,45.4864578,45.4864578,7.16558647,1.714814,-2.14861536,7.214557,-33.98639,-2.78988647,6.601565,-0.01000005,-1.31137884,-33.931427,0.0,0.0,0.0,0.0,0.0,0.0
70.80131,DATA,1,1,4,10,0,45.5461273,45.5461273,7.166457,1.71423864,-2.14868331,7.480884,-33.48709,-2.77197266,6.601565,-0.01000005,-1.31137884,-33.931427,0.0,0.0,0.0,0.0,0.0,0.0
70.85864,DATA,1,1,4,10,0,45.6034622,45.6034622,7.16702175,1.71406674,-2.14891171,7.483222,-33.1543274,-2.81054688,6.601565,-0.01000005,-1.31137884,-33.931427,0.0,0.0,0.0,0.0,0.0,0.0
70.9143753,DATA,1,1,4,10,0,45.6591949,45.6591949,7.167425,1.71400285,-2.14942551,7.54872751,-32.9202881,-2.78891,6.601565,-0.01000005,-1.31137884,-33.931427,0.0,0.0,0.0,0.0,0.0,0.0
70.96916,DATA,1,1,4,10,0,45.71398,45.71398,7.1675396,1.71412277,-2.149986,7.58900547,-32.9025269,-2.75274658,6.601565,-0.01000005,-1.31137884,-33.931427,0.0,0.0,0.0,0.0,0.0,0.0
71.02539,DATA,1,1,4,10,0,45.77021,45.77021,7.16715,1.71416759,-2.15050387,7.63376856,-33.1063843,-2.73574829,6.601565,-0.01000005,-1.31137884,-33.931427,0.0,0.0,0.0,0.0,0.0,0.0
71.08131,DATA,1,1,4,10,0,45.8261261,45.8261261,7.166469,1.71432281,-2.1507926,7.55815744,-33.39157,-2.67709351,6.601565,-0.01000005,-1.31137884,-33.931427,0.0,0.0,0.0,0.0,0.0,0.0
71.13723,DATA,1,1,4,10,0,45.88205,45.88205,7.165995,1.71432233,-2.15104175,7.524666,-33.5450134,-2.684204,6.601565,-0.01000005,-1.31137884,-33.931427,0.0,0.0,0.0,0.0,0.0,0.0
71.19231,DATA,1,1,4,10,0,45.9371262,45.9371262,7.165489,1.71418166,-2.15124035,7.577029,-33.7315063,-2.64572144,6.601565,-0.01000005,-1.31137884,-33.931427,0.0,0.0,0.0,0.0,0.0,0.0
71.24776,DATA,1,1,4,10,0,45.9925766,45.9925766,7.16437626,1.71377492,-2.1520915,7.8650074,-34.3659058,-2.50119019,6.601565,-0.01000005,-1.31137884,-33.931427,0.0,0.0,0.0,0.0,0.0,0.0
71.30433,DATA,1,1,4,10,0,46.04915,46.04915,7.16288853,1.71390629,-2.15316057,7.8157196,-35.5185852,-2.35751343,6.601565,-0.01000005,-1.31137884,-33.931427,0.0,0.0,0.0,0.0,0.0,0.0
71.3592758,DATA,1,1,4,10,0,46.1040955,46.1040955,7.161485,1.71401715,-2.1546514,7.797758,-36.7773438,-2.29916382,6.601565,-0.01000005,-1.31137884,-33.931427,0.0,0.0,0.0,0.0,0.0,0.0
71.41564,DATA,1,1,4,10,0,46.16046,46.16046,7.16008425,1.71397233,-2.15579677,7.88409662,-37.94388,-2.27490234,6.601565,-0.01000005,-1.31137884,-33.931427,0.0,0.0,0.0,0.0,0.0,0.0
71.47065,DATA,1,1,4,10,0,46.21547,46.21547,7.15916,1.71387434,-2.15667534,7.96271324,-38.76645,-2.38586426,6.601565,-0.01000005,-1.31137884,-33.931427,0.0,0.0,0.0,0.0,0.0,0.0
71.5265,DATA,1,1,4,10,0,46.2713165,46.2713165,7.15828657,1.71388888,-2.157265,7.86752939,-39.4547729,-2.48910522,6.601565,-0.01000005,-1.31137884,-33.931427,0.0,0.0,0.0,0.0,0.0,0.0
71.5823059,DATA,1,1,4,10,0,46.3271255,46.3271255,7.156548,1.71404672,-2.158548,7.69612074,-40.93979,-2.52667236,6.601565,-0.01000005,-1.31137884,-33.931427,0.0,0.0,0.0,0.0,0.0,0.0
71.63651,DATA,1,1,4,10,0,46.3813324,46.3813324,7.15361071,1.71430993,-2.16031647,7.493579,-43.34247,-2.66293335,6.601565,-0.01000005,-1.31137884,-33.931427,0.0,0.0,0.0,0.0,0.0,0.0
71.6921158,DATA,1,1,4,10,0,46.4369354,46.4369354,7.15057945,1.71444106,-2.16225338,7.425262,-45.7625427,-2.704895,6.601565,-0.01000005,-1.31137884,-33.931427,0.0,0.0,0.0,0.0,0.0,0.0
71.7475357,DATA,1,1,4,10,0,46.4923553,46.4923553,7.148001,1.71437168,-2.16363978,7.358111,-47.66922,-2.8727417,6.601565,-0.01000005,-1.31137884,-33.931427,0.0,0.0,0.0,0.0,0.0,0.0
71.80348,DATA,1,1,4,10,0,46.5483,46.5483,7.1462307,1.71457958,-2.164604,7.25972939,-49.03186,-3.4135437,6.601565,-0.01000005,-1.31137884,-33.931427,0.0,0.0,0.0,0.0,0.0,0.0
71.8595047,DATA,1,1,4,10,0,46.6043243,46.6043243,7.145499,1.71448827,-2.164945,7.254372,-49.75232,-4.185791,6.601565,-0.01000005,-1.31137884,-33.931427,0.0,0.0,0.0,0.0,0.0,0.0
71.9148941,DATA,1,1,4,10,0,46.6597137,46.6597137,7.14550447,1.71428227,-2.16502333,7.2406497,-50.30249,-4.718292,6.601565,-0.01000005,-1.31137884,-33.931427,0.0,0.0,0.0,0.0,0.0,0.0
71.96973,DATA,1,1,4,10,0,46.7145462,46.7145462,7.14542675,1.71395564,-2.1652863,7.308854,-50.7472229,-4.97821045,6.601565,-0.01000005,-1.31137884,-33.931427,0.0,0.0,0.0,0.0,0.0,0.0
72.0262,DATA,1,1,4,10,0,46.77102,46.77102,7.145086,1.71395063,-2.16547585,7.281868,-51.10611,-5.055847,6.601565,-0.01000005,-1.31137884,-33.931427,0.0,0.0,0.0,0.0,0.0,0.0
72.08181,DATA,1,1,4,10,0,46.82663,46.82663,7.14491749,1.714103,-2.16586757,7.228759,-51.3835144,-5.0397644,6.601565,-0.01000005,-1.31137884,-33.931427,0.0,0.0,0.0,0.0,0.0,0.0
72.13675,DATA,1,1,4,10,0,46.88157,46.88157,7.14469337,1.71417832,-2.16614032,7.178336,-51.48477,-4.97091675,6.601565,-0.01000005,-1.31137884,-33.931427,0.0,0.0,0.0,0.0,0.0,0.0
72.19222,DATA,1,1,4,10,0,46.9370422,46.9370422,7.14461231,1.714277,-2.16643333,7.14343643,-51.4849548,-4.862274,6.601565,-0.01000005,-1.31137884,-33.931427,0.0,0.0,0.0,0.0,0.0,0.0
72.24722,DATA,1,1,4,10,0,46.9920425,46.9920425,7.14441824,1.71425962,-2.16664,7.12814236,-51.47638,-4.834717,6.601565,-0.01000005,-1.31137884,-33.931427,0.0,0.0,0.0,0.0,0.0,0.0
72.30383,DATA,1,1,4,10,0,47.0486526,47.0486526,7.144297,1.714303,-2.16690016,7.104991,-51.4506836,-4.80505371,6.601565,-0.01000005,-1.31137884,-33.931427,0.0,0.0,0.0,0.0,0.0,0.0
72.3591156,DATA,1,1,4,10,0,47.1039352,47.1039352,7.143893,1.71427321,-2.16706872,7.06653833,-51.39453,-4.77938843,6.601565,-0.01000005,-1.31137884,-33.931427,0.0,0.0,0.0,0.0,0.0,0.0
72.41544,DATA,1,1,4,10,0,47.1602631,47.1602631,7.14348125,1.71429586,-2.16730285,7.02190828,-51.38553,-4.771637,6.601565,-0.01000005,-1.31137884,-33.931427,0.0,0.0,0.0,0.0,0.0,0.0
72.4701,DATA,1,1,4,10,0,47.21492,47.21492,7.14297962,1.71430564,-2.16773725,6.969797,-51.4260864,-4.69955444,6.601565,-0.01000005,-1.31137884,-33.931427,0.0,0.0,0.0,0.0,0.0,0.0
72.52582,DATA,1,1,4,10,0,47.2706375,47.2706375,7.14263773,1.71436977,-2.16830516,6.905929,-51.4420776,-4.602722,6.601565,-0.01000005,-1.31137884,-33.931427,0.0,0.0,0.0,0.0,0.0,0.0
72.5813751,DATA,1,1,4,10,0,47.3261948,47.3261948,7.14239,1.71442842,-2.168861,6.869528,-51.4300232,-4.46429443,6.601565,-0.01000005,-1.31137884,-33.931427,0.0,0.0,0.0,0.0,0.0,0.0
72.63717,DATA,1,1,4,10,0,47.38199,47.38199,7.14226627,1.71445537,-2.169247,6.84553051,-51.38977,-4.389282,6.601565,-0.01000005,-1.31137884,-33.931427,0.0,0.0,0.0,0.0,0.0,0.0
72.69208,DATA,1,1,4,10,0,47.4368973,47.4368973,7.14253855,1.7144618,-2.169421,6.8777647,-51.2063,-4.37912,6.601565,-0.01000005,-1.31137884,-33.931427,0.0,0.0,0.0,0.0,0.0,0.0
72.74772,DATA,1,1,4,10,0,47.49254,47.49254,7.143074,1.71440625,-2.16908956,6.91151,-50.6311646,-4.38098145,6.601565,-0.01000005,-1.31137884,-33.931427,0.0,0.0,0.0,0.0,0.0,0.0
72.80329,DATA,1,1,4,10,0,47.54811,47.54811,7.144252,1.71439052,-2.1685,7.028526,-49.6702881,-4.38540649,6.601565,-0.01000005,-1.31137884,-33.931427,0.0,0.0,0.0,0.0,0.0,0.0
72.8589554,DATA,1,1,4,10,0,47.603775,47.603775,7.14542627,1.71427417,-2.16762257,7.167254,-48.42993,-4.28341675,6.601565,-0.01000005,-1.31137884,-33.931427,0.0,0.0,0.0,0.0,0.0,0.0
72.91499,DATA,1,1,4,10,0,47.6598129,47.6598129,7.14675474,1.71412468,-2.16661668,7.26151466,-47.10843,-4.11422729,6.601565,-0.01000005,-1.31137884,-33.931427,0.0,0.0,0.0,0.0,0.0,0.0
72.96986,DATA,1,1,4,10,0,47.7146759,47.7146759,7.14825,1.71395493,-2.16521,7.415948,-45.62921,-3.96829224,6.601565,-0.01000005,-1.31137884,-33.931427,0.0,0.0,0.0,0.0,0.0,0.0
73.02591,DATA,1,1,4,10,0,47.77073,47.77073,7.14988852,1.71393967,-2.163779,7.537904,-44.2155762,-3.782898,6.601565,-0.01000005,-1.31137884,-33.931427,0.0,0.0,0.0,0.0,0.0,0.0
73.08128,DATA,1,1,4,10,0,47.8261032,47.8261032,7.15137529,1.7138598,-2.162233,7.584397,-42.925293,-3.67929077,6.601565,-0.01000005,-1.31137884,-33.931427,0.0,0.0,0.0,0.0,0.0,0.0
73.13675,DATA,1,1,4,10,0,47.88157,47.88157,7.15280342,1.71372676,-2.16091752,7.684692,-41.8934021,-3.642456,6.601565,-0.01000005,-1.31137884,-33.931427,0.0,0.0,0.0,0.0,0.0,0.0
73.1923752,DATA,1,1,4,10,0,47.9371948,47.9371948,7.1542325,1.71343851,-2.15968585,7.975376,-40.96704,-3.67559814,6.601565,-0.01000005,-1.31137884,-33.931427,0.0,0.0,0.0,0.0,0.0,0.0
73.24763,DATA,1,1,4,10,0,47.9924469,47.9924469,7.15565252,1.71335173,-2.15867829,8.117248,-40.20038,-3.70870972,6.601565,-0.01000005,-1.31137884,-33.931427,0.0,0.0,0.0,0.0,0.0,0.0
73.30383,DATA,1,1,4,10,0,48.0486526,48.0486526,7.156988,1.71323562,-2.15783048,8.246483,-39.54068,-3.73806763,6.601565,-0.01000005,-1.31137884,-33.931427,0.0,0.0,0.0,0.0,0.0,0.0
73.36019,DATA,1,1,4,10,0,48.10501,48.10501,7.15812,1.71310973,-2.157161,8.34719849,-39.0204773,-3.737091,6.601565,-0.01000005,-1.31137884,-33.931427,0.0,0.0,0.0,0.0,0.0,0.0
73.41452,DATA,1,1,4,10,0,48.15934,48.15934,7.159061,1.71299934,-2.15661216,8.38543,-38.71637,-3.73742676,6.601565,-0.01000005,-1.31137884,-33.931427,0.0,0.0,0.0,0.0,0.0,0.0
73.469635,DATA,1,1,4,10,0,48.2144547,48.2144547,7.15962648,1.71294308,-2.15609837,8.498968,-38.55957,-3.83731079,6.601565,-0.01000005,-1.31137884,-33.931427,0.0,0.0,0.0,0.0,0.0,0.0
73.52577,DATA,1,1,4,10,0,48.27059,48.27059,7.16006136,1.71290088,-2.15593,8.532598,-38.5033264,-3.875702,6.601565,-0.01000005,-1.31137884,-33.931427,0.0,0.0,0.0,0.0,0.0,0.0
73.58181,DATA,1,1,4,10,0,48.32663,48.32663,7.16013575,1.7128582,-2.15566921,8.546605,-38.4851379,-3.92831421,6.601565,-0.01000005,-1.31137884,-33.931427,0.0,0.0,0.0,0.0,0.0,0.0
73.6375351,DATA,1,1,4,10,0,48.3823547,48.3823547,7.16019773,1.71287727,-2.15549254,8.536135,-38.5178223,-3.927063,6.601565,-0.01000005,-1.31137884,-33.931427,0.0,0.0,0.0,0.0,0.0,0.0
73.69239,DATA,1,1,4,10,0,48.43721,48.43721,7.1599803,1.71288514,-2.155262,8.547021,-38.5097656,-3.94519043,6.601565,-0.01000005,-1.31137884,-33.931427,0.0,0.0,0.0,0.0,0.0,0.0
73.7478256,DATA,1,1,4,10,0,48.4926453,48.4926453,7.1598444,1.71270776,-2.15520883,8.572081,-38.49466,-3.91970825,6.601565,-0.01000005,-1.31137884,-33.931427,0.0,0.0,0.0,0.0,0.0,0.0
73.80387,DATA,1,1,4,10,0,48.54869,48.54869,7.159564,1.71266961,-2.15500712,8.556447,-38.49359,-3.925537,6.601565,-0.01000005,-1.31137884,-33.931427,0.0,0.0,0.0,0.0,0.0,0.0
73.85946,DATA,1,1,4,10,0,48.60428,48.60428,7.15959263,1.71267033,-2.154893,8.574619,-38.4683533,-3.916504,6.601565,-0.01000005,-1.31137884,-33.931427,0.0,0.0,0.0,0.0,0.0,0.0
73.9147949,DATA,1,1,4,10,0,48.6596146,48.6596146,7.15936232,1.71265221,-2.154786,8.550554,-38.46869,-3.89810181,6.601565,-0.01000005,-1.31137884,-33.931427,0.0,0.0,0.0,0.0,0.0,0.0
73.96996,DATA,1,1,4,10,0,48.7147827,48.7147827,7.15920067,1.71261787,-2.154962,8.535463,-38.4914551,-3.86376953,6.601565,-0.01000005,-1.31137884,-33.931427,0.0,0.0,0.0,0.0,0.0,0.0
74.0261459,DATA,1,1,4,10,0,48.7709656,48.7709656,7.15898466,1.712646,-2.15509748,8.477484,-38.5563354,-3.80508423,6.601565,-0.01000005,-1.31137884,-33.931427,0.0,0.0,0.0,0.0,0.0,0.0
74.08173,DATA,1,1,4,10,0,48.8265533,48.8265533,7.15887928,1.71268845,-2.15518951,8.454448,-38.59326,-3.77740479,6.601565,-0.01000005,-1.31137884,-33.931427,0.0,0.0,0.0,0.0,0.0,0.0
74.13717,DATA,1,1,4,10,0,48.88199,48.88199,7.1588707,1.71269941,-2.155316,8.4485,-38.60968,-3.72961426,6.601565,-0.01000005,-1.31137884,-33.931427,0.0,0.0,0.0,0.0,0.0,0.0
74.1925,DATA,1,1,4,10,0,48.9373169,48.9373169,7.158748,1.71267843,-2.155464,8.41949,-38.6477661,-3.68951416,6.601565,-0.01000005,-1.31137884,-33.931427,0.0,0.0,0.0,0.0,0.0,0.0
74.24798,DATA,1,1,4,10,0,48.9927979,48.9927979,7.158672,1.712748,-2.15585613,8.391676,-38.71057,-3.654602,6.601565,-0.01000005,-1.31137884,-33.931427,0.0,0.0,0.0,0.0,0.0,0.0
74.3039246,DATA,1,1,4,10,0,49.0487442,49.0487442,7.15862036,1.71277475,-2.156017,8.366677,-38.7453,-3.65667725,6.601565,-0.01000005,-1.31137884,-33.931427,0.0,0.0,0.0,0.0,0.0,0.0
74.35951,DATA,1,1,4,10,0,49.104332,49.104332,7.158605,1.71283507,-2.15609384,8.354907,-38.7714539,-3.60809326,6.601565,-0.01000005,-1.31137884,-33.931427,0.0,0.0,0.0,0.0,0.0,0.0
74.41453,DATA,1,1,4,10,0,49.1593475,49.1593475,7.158449,1.7128396,-2.15623856,8.334347,-38.8216248,-3.59432983,6.601565,-0.01000005,-1.31137884,-33.931427,0.0,0.0,0.0,0.0,0.0,0.0
74.46963,DATA,1,1,4,10,0,49.214447,49.214447,7.15818071,1.71286368,-2.15648532,8.293828,-38.86139,-3.566864,6.601565,-0.01000005,-1.31137884,-33.931427,0.0,0.0,0.0,0.0,0.0,0.0
74.52589,DATA,1,1,4,10,0,49.2707062,49.2707062,7.15795374,1.71286321,-2.15657163,8.289317,-38.90558,-3.53173828,6.601565,-0.01000005,-1.31137884,-33.931427,0.0,0.0,0.0,0.0,0.0,0.0
74.58199,DATA,1,1,4,10,0,49.3268127,49.3268127,7.157671,1.71284056,-2.15672541,8.245704,-38.99951,-3.4664917,6.601565,-0.01000005,-1.31137884,-33.931427,0.0,0.0,0.0,0.0,0.0,0.0
74.63741,DATA,1,1,4,10,0,49.3822327,49.3822327,7.15722656,1.71287656,-2.15686846,8.204287,-39.2184753,-3.38165283,6.601565,-0.01000005,-1.31137884,-33.931427,0.0,0.0,0.0,0.0,0.0,0.0
74.69196,DATA,1,1,4,10,0,49.4367828,49.4367828,7.15665,1.7129488,-2.15727639,8.145577,-39.54532,-3.31411743,6.601565,-0.01000005,-1.31137884,-33.931427,0.0,0.0,0.0,0.0,0.0,0.0
74.75875,DATA,1,1,4,10,0,49.50357,49.50357,7.156205,1.7130456,-2.15756416,8.11476,-39.8127441,-3.28417969,6.601565,-0.01000005,-1.31137884,-33.931427,0.0,0.0,0.0,0.0,0.0,0.0
4.3119216,DATA,1,0,0,0,0,0.0,0.0,0.557575941,1.73235428,-1.05859447,3.08759832,9.565501,1.55521846,0.55,0.0,-0.05,0.0,0.0,0.0,0.0,0.0,0.0,0.0
4.36292076,DATA,1,0,0,0,0,0.0,0.0,0.556035,1.73228657,-1.057589,3.219951,7.90949059,1.37405276,0.55,0.0,-0.05,0.0,0.0,0.0,0.0,0.0,0.0,0.0
4.418796,DATA,1,0,0,0,0,0.0,0.0,0.554842055,1.73240042,-1.05627811,3.32664943,6.61065435,1.13372946,0.55,0.0,-0.05,0.0,0.0,0.0,0.0,0.0,0.0,0.0
4.477095,DATA,1,0,0,0,0,0.0,0.0,0.5538094,1.73250771,-1.055964,3.27983069,5.338222,0.933809,0.55,0.0,-0.05,0.0,0.0,0.0,0.0,0.0,0.0,0.0
4.52892256,DATA,1,0,0,0,0,0.0,0.0,0.5530446,1.73257685,-1.05615485,3.24715185,4.32827139,0.7509716,0.55,0.0,-0.05,0.0,0.0,0.0,0.0,0.0,0.0,0.0
4.58464766,DATA,1,0,0,0,0,0.0,0.0,0.5523751,1.73158717,-1.05681074,3.8765986,3.6375134,0.635879457,0.55,0.0,-0.05,0.0,0.0,0.0,0.0,0.0,0.0,0.0
4.639992,DATA,1,0,0,0,0,0.0,0.0,0.5516421,1.72554445,-0.9739054,4.320749,3.09462571,0.486834019,0.55,-0.00565081835,0.03313986,0.0,0.0,0.0,1.0,0.0,0.0,0.0
4.69557762,DATA,1,0,0,0,0,0.0,0.0,0.550479949,1.72122478,-0.806435,4.24641752,2.38022351,0.477122664,0.55,-0.01000005,0.200692832,0.0,0.0,0.0,1.0,0.0,0.0,0.0
4.751182,DATA,1,0,0,0,0,0.0,0.0,0.5488773,1.72163284,-0.6401072,4.04249954,1.59458351,0.5615606,0.55,-0.01000011,0.368006617,0.0,0.0,0.0,1.0,0.0,0.0,0.0
4.817313,DATA,1,0,0,0,0,0.0,0.0,0.547537565,1.72262514,-0.470633268,3.46840715,0.972295344,0.6761551,0.55,-0.01000011,0.538011,0.0,0.0,0.0,1.0,0.0,0.0,0.0
4.876165,DATA,1,0,0,0,0,0.0,0.0,0.546881,1.7229712,-0.266397864,3.17921519,0.8469183,0.821734,0.55,-0.01000005,0.7429546,0.0,0.0,0.0,1.0,0.0,0.0,0.0
4.93338728,DATA,1,0,0,0,0,0.0,0.0,0.5463182,1.72291446,-0.09532517,3.25759149,1.04188836,1.04440582,0.55,-0.01000005,0.9146759,0.0,0.0,0.0,1.0,0.0,0.0,0.0
4.98910141,DATA,1,0,0,0,0,0.0,0.0,0.545883954,1.72225022,0.073562324,3.6312356,1.25401545,1.37107146,0.55,-0.01000005,1.08379054,0.0,0.0,0.0,1.0,0.0,0.0,0.0
5.044693,DATA,1,0,0,0,0,0.0,0.0,0.545802355,1.72168708,0.2369223,3.836537,1.61899769,1.55523813,0.55,-0.01000011,1.246958,0.0,0.0,0.0,1.0,0.0,0.0,0.0
5.1013484,DATA,1,0,0,0,0,0.0,0.0,0.545466542,1.72200119,0.405892968,3.82371879,1.847849,2.00511479,0.55,-0.01000011,1.41644251,0.0,0.0,0.0,1.0,0.0,0.0,0.0
5.156999,DATA,1,0,0,0,0,0.0,0.0,0.545097053,1.72204864,0.5727817,3.75418448,2.035264,2.14176774,0.55,-0.01000011,1.58363724,0.0,0.0,0.0,1.0,0.0,0.0,0.0
5.21298742,DATA,1,0,0,0,0,0.0,0.0,0.5450857,1.72211623,0.7416171,3.852678,2.16690874,2.2022686,0.55,-0.01000011,1.75257444,0.0,0.0,0.0,1.0,0.0,0.0,0.0
5.268347,DATA,1,0,0,0,0,0.0,0.0,0.545699656,1.72145927,0.910312057,4.121632,2.37425947,2.08085585,0.55,-0.01000011,1.920537,0.0,0.0,0.0,1.0,0.0,0.0,0.0
5.323993,DATA,1,0,0,0,0,0.0,0.0,0.5464178,1.72109509,0.95113945,4.28285933,2.57047439,1.99163938,0.55,-0.01000005,1.96075535,0.0,0.0,0.0,0.0,0.0,0.0,0.0
5.38040161,DATA,1,0,0,0,0,0.0,0.0,0.5579567,1.72141767,0.951338232,4.010136,1.23493767,2.12997913,0.55,-0.01000005,1.96075535,-0.636016846,-0.827967167,0.37104404,0.0,0.0,0.0,0.0
5.4353323,DATA,1,0,0,0,0,0.0,0.0,0.6363133,1.72223234,0.9544445,3.683656,-3.39346313,2.35757828,0.55,-0.01000005,1.96075535,-5.09371948,-0.916653931,0.399578869,0.0,0.0,0.0,0.0
5.490569,DATA,1,0,0,0,0,0.0,0.0,0.716047347,1.72236037,0.964240253,3.775428,-8.275726,2.53157139,0.55,-0.01000005,1.96075535,-9.683624,-0.919583738,0.392895281,0.0,0.0,0.0,0.0
5.54624939,DATA,1,0,0,0,0,0.0,0.0,0.7942747,1.722125,0.980421364,3.99839973,-13.171814,2.60868979,0.55,-0.01000005,1.96075535,-14.2537842,-0.921262264,0.388836324,0.0,0.0,0.0,0.0
5.60157633,DATA,1,0,0,0,0,0.0,0.0,0.871476352,1.722034,1.00338781,3.95972919,-18.2394714,2.6804018,0.55,-0.01000005,1.96075535,-18.872467,-0.922482967,0.385906577,0.0,0.0,0.0,0.0
5.657342,DATA,1,0,0,0,0,0.0,0.0,0.9463154,1.72205925,1.03179729,3.8862052,-23.3347168,2.62305617,0.55,-0.01000005,1.96075535,-23.461792,-0.9231239,0.384411156,0.0,0.0,0.0,0.0
5.712467,DATA,1,0,0,0,0,0.0,0.0,1.02084112,1.72216034,1.06672692,3.86073375,-28.39148,2.60150719,0.55,-0.01000005,1.96075535,-28.1757813,-0.924283564,0.381633937,0.0,0.0,0.0,0.0
5.768397,DATA,1,0,0,0,0,0.0,0.0,1.0901593,1.72306085,1.10658956,3.36262941,-33.3983459,2.64315915,0.55,-0.01000005,1.96075535,-32.7554932,-0.92571795,0.378154874,0.0,0.0,0.0,0.0
5.8243,DATA,1,0,0,0,0,0.0,0.0,1.15618563,1.72339368,1.15154946,3.13986778,-38.5232544,2.68683076,0.55,-0.01000005,1.96075535,-37.3421936,-0.9297464,0.36802268,0.0,0.0,0.0,0.0
5.88022947,DATA,1,0,0,0,0,0.0,0.0,1.21936548,1.72336793,1.20295131,3.11263752,-43.79535,2.69620776,0.55,-0.01000005,1.96075535,-42.0267944,-0.9353618,0.353587449,0.0,0.0,0.0,0.0
5.935936,DATA,1,0,0,0,0,0.0,0.0,1.27949655,1.72303629,1.26063955,3.24410629,-49.2572021,2.598755,0.55,-0.01000005,1.96075535,-46.8244324,-0.973387837,0.228949845,0.0,0.0,0.0,0.0
5.99036837,DATA,1,0,0,0,0,0.0,0.0,1.33495414,1.72229624,1.32434332,3.677198,-54.81732,2.32858133,0.55,-0.01000005,1.96075535,-51.6888428,-0.979033768,0.203527927,0.0,0.0,0.0,0.0
6.046805,DATA,1,0,0,0,0,0.0,0.0,1.38536465,1.722044,1.39235139,3.8845942,-60.4538574,2.05478764,0.55,-0.01000005,1.96075535,-56.55893,-0.979033768,0.203527927,0.0,0.0,0.0,0.0
6.1019516,DATA,1,0,0,0,0,0.0,0.0,1.43033838,1.72177482,1.46565282,3.94687438,-65.8776855,2.021007,0.55,-0.01000005,1.96075535,-61.5015564,-0.979033768,0.203527927,0.0,0.0,0.0,0.0
6.15789032,DATA,1,0,0,0,0,0.0,0.0,1.46873593,1.72165537,1.54146123,3.96919847,-71.22125,1.91904068,0.55,-0.01000005,1.96075535,-66.35657,-0.979033768,0.203527927,0.0,0.0,0.0,0.0
6.212718,DATA,1,0,0,0,0,0.0,0.0,1.50063252,1.72155309,1.62161672,4.02061033,-76.66449,1.80023742,0.55,-0.01000005,1.96075535,-71.27756,-0.979033768,0.203527927,0.0,0.0,0.0,0.0
6.26834965,DATA,1,0,0,0,0,0.0,0.0,1.52595568,1.72149849,1.70394516,4.051783,-82.4153748,1.63905036,0.55,-0.01000005,1.96075535,-76.20499,-0.9787591,0.204809725,0.0,0.0,0.0,0.0
6.324961,DATA,1,0,0,0,0,0.0,0.0,1.54396546,1.72126508,1.78700864,4.051588,-88.33026,1.4715234,0.55,-0.01000005,1.96075535,-81.07425,-0.9787591,0.204809725,0.0,0.0,0.0,0.0
6.38010263,DATA,1,0,0,0,0,0.0,0.0,1.5550549,1.72113872,1.87114513,4.0796113,-94.23218,1.3546865,0.55,-0.01000005,1.96075535,-85.93143,-0.9787591,0.204809725,0.0,0.0,0.0,0.0
6.43562841,DATA,1,0,0,0,0,0.0,0.0,1.559095,1.7211082,1.9573561,4.19329643,-100.226379,1.22577107,0.55,-0.01000005,1.96075535,-90.87741,-0.979003251,0.203711033,0.0,0.0,0.0,0.0
6.490837,DATA,1,0,0,0,0,0.0,0.0,1.55566382,1.72106,2.04285264,4.292916,-106.177765,1.1004647,0.55,-0.01000005,1.96075535,-95.78128,-0.9787591,0.204901278,0.0,0.0,0.0,0.0
6.54648829,DATA,1,0,0,0,0,0.0,0.0,1.54528677,1.72088122,2.1260314,4.433651,-112.078186,0.9736632,0.55,-0.01000005,1.96075535,-100.589478,-0.978972733,0.203863621,0.0,0.0,0.0,0.0
6.601841,DATA,1,0,0,0,0,0.0,0.0,1.52717566,1.720501,2.209671,4.545682,-118.003845,0.8893808,0.55,-0.01000005,1.96075535,-105.509094,-0.9833674,0.181432545,0.0,0.0,0.0,0.0
6.657971,DATA,1,0,0,0,0,0.0,0.0,1.50243413,1.72020006,2.291601,4.750838,-124.033661,0.796517,0.55,-0.01000005,1.96075535,-110.420395,-0.986571848,0.163151979,0.0,0.0,0.0,0.0
6.71250057,DATA,1,0,0,0,0,0.0,0.0,1.47022009,1.71996236,2.37212873,4.924553,-130.0035,0.5996946,0.55,-0.01000005,1.96075535,-115.388184,-0.9503464,0.122012973,0.0,0.0,0.0,0.0
6.76839542,DATA,1,0,0,0,0,0.0,0.0,1.437627,1.71981406,2.43888617,5.117663,-134.708466,0.4106579,0.55,-0.01000005,1.96075535,-119.617569,-0.646076858,0.0786156654,0.0,0.0,0.0,0.0
6.82459259,DATA,1,0,0,0,0,0.0,0.0,1.42493808,1.71958017,2.461357,5.111209,-135.795547,0.32813248,0.55,-0.01000005,1.96075535,-121.0679,0.0,0.0,0.0,0.0,0.0,0.0
6.87944126,DATA,1,0,0,0,0,0.0,0.0,1.42444932,1.71961284,2.46231127,5.11868143,-135.50798,0.318558842,0.55,-0.01000005,1.96075535,-121.0679,0.0,0.0,0.0,0.0,0.0,0.0
6.9354496,DATA,1,0,0,0,0,0.0,0.0,1.42344832,1.71968174,2.4631505,5.10350275,-135.054733,0.305784732,0.55,-0.01000005,1.96075535,-121.0679,0.0,0.0,0.0,0.0,0.0,0.0
6.991375,DATA,1,0,0,0,0,0.0,0.0,1.42278266,1.71959782,2.46402574,5.16547441,-134.595352,0.323237866,0.55,-0.01000005,1.96075535,-121.0679,0.0,0.0,0.0,0.0,0.0,0.0
7.04631948,DATA,1,0,0,0,0,0.0,0.0,1.42216706,1.71947932,2.46445155,5.22021055,-134.19162,0.3363131,0.55,-0.01000005,1.96075535,-121.0679,0.0,0.0,0.0,0.0,0.0,0.0
7.10225725,DATA,1,0,0,0,0,0.0,0.0,1.42143619,1.719317,2.46502256,5.266949,-133.661346,0.38338,0.55,-0.01000005,1.96075535,-121.0679,0.0,0.0,0.0,0.0,0.0,0.0
7.157343,DATA,1,0,0,0,0,0.0,0.0,1.41897345,1.71947622,2.46720433,5.251617,-131.67247,0.364933044,0.55,-0.01000005,1.96075535,-121.0679,0.0,0.0,0.0,0.0,0.0,0.0
7.21307468,DATA,1,0,0,0,0,0.0,0.0,1.41548836,1.719871,2.471181,5.35528946,-127.76532,0.5232259,0.55,-0.01000005,1.96075535,-121.0679,0.0,0.0,0.0,0.0,0.0,0.0
7.26837969,DATA,1,0,0,0,0,0.0,0.0,1.41204,1.72012329,2.476426,5.27586842,-123.041321,0.929427743,0.55,-0.01000005,1.96075535,-121.0679,0.0,0.0,0.0,0.0,0.0,0.0
7.32442951,DATA,1,0,0,0,0,0.0,0.0,1.40965569,1.72012734,2.48154378,5.21410036,-118.784164,1.48423421,0.55,-0.01000005,1.96075535,-121.0679,0.0,0.0,0.0,0.0,0.0,0.0
7.38074064,DATA,1,0,0,0,0,0.0,0.0,1.408666,1.720114,2.48634434,5.1558733,-115.612411,1.90787637,0.55,-0.01000005,1.96075535,-121.0679,0.0,0.0,0.0,0.0,0.0,0.0
7.43571,DATA,1,0,0,0,0,0.0,0.0,1.40843368,1.72031617,2.491507,5.335752,-113.135559,1.70034325,0.55,-0.01000005,1.96075535,-121.0679,0.0,0.0,0.0,0.0,0.0,0.0
7.490416,DATA,1,0,0,0,0,0.0,0.0,1.408801,1.72076726,2.49824667,5.96970558,-110.696472,1.01737642,0.55,-0.01000005,1.96075535,-121.0679,0.0,0.0,0.0,0.0,0.0,0.0
7.54649925,DATA,1,0,0,0,0,0.0,0.0,1.40973759,1.71974969,2.5065546,6.882602,-107.996307,0.196807072,0.55,-0.01000005,1.96075535,-121.0679,0.0,0.0,0.0,0.0,0.0,0.0
7.601561,DATA,1,0,0,0,0,0.0,0.0,1.41108024,1.71422625,2.51604676,10.2114172,-105.027435,-0.3309021,0.55,-0.01000005,1.96075535,-121.0679,0.0,0.0,0.0,0.0,0.0,0.0
7.657751,DATA,1,0,0,0,0,0.0,0.0,1.41143239,1.71149445,2.52500653,12.0481987,-101.934631,-0.9677124,0.55,-0.01000005,1.96075535,-121.0679,0.0,0.0,0.0,0.0,0.0,0.0
7.71235752,DATA,1,0,0,0,0,0.0,0.0,1.4115839,1.71001244,2.5332284,12.9729567,-98.8075562,-1.62390137,0.55,-0.01000005,1.96075535,-121.0679,0.0,0.0,0.0,0.0,0.0,0.0
7.76802826,DATA,1,0,0,0,0,0.0,0.0,1.41150022,1.71055126,2.54050231,13.1763468,-95.68143,-1.951294,0.55,-0.01000005,1.96075535,-121.0679,0.0,0.0,0.0,0.0,0.0,0.0
7.82404375,DATA,1,0,0,0,0,0.0,0.0,1.41145456,1.71177459,2.54692221,12.8476772,-92.6447754,-2.027893,0.55,-0.01000005,1.96075535,-121.0679,0.0,0.0,0.0,0.0,0.0,0.0
7.87907648,DATA,1,0,0,0,0,0.0,0.0,1.41124582,1.71358013,2.552283,12.2736063,-90.16345,-2.06735229,0.55,-0.01000005,1.96075535,-121.0679,0.0,0.0,0.0,0.0,0.0,0.0
7.933905,DATA,1,0,0,0,0,0.0,0.0,1.41082561,1.7146337,2.55653715,11.98576,-88.1300659,-2.05102539,0.55,-0.01000005,1.96075535,-121.0679,0.0,0.0,0.0,0.0,0.0,0.0
7.98997927,DATA,1,0,0,0,0,0.0,0.0,1.40992534,1.71537447,2.55975938,11.90011,-86.47345,-1.90838623,0.55,-0.01000005,1.96075535,-121.0679,0.0,0.0,0.0,0.0,0.0,0.0
8.047461,DATA,1,0,0,0,0,0.0,0.0,1.40849221,1.71558571,2.56231737,11.7039347,-84.99475,-1.626648,0.55,-0.01000005,1.96075535,-121.0679,0.0,0.0,0.0,0.0,0.0,0.0
8.10125351,DATA,1,0,0,0,0,0.0,0.0,1.40774357,1.71511149,2.56461167,11.9890223,-83.7791748,-1.22692871,0.55,-0.01000005,1.96075535,-121.0679,0.0,0.0,0.0,0.0,0.0,0.0
8.1569,DATA,1,0,0,0,0,0.0,0.0,1.4073987,1.71428251,2.56684661,12.3386383,-82.90427,-0.893310547,0.55,-0.01000005,1.96075535,-121.0679,0.0,0.0,0.0,0.0,0.0,0.0
8.211735,DATA,1,0,0,0,0,0.0,0.0,1.40728176,1.71452069,2.56863856,12.2781353,-82.29306,-0.759429932,0.55,-0.01000005,1.96075535,-121.0679,0.0,0.0,0.0,0.0,0.0,0.0
8.267839,DATA,1,0,0,0,0,0.0,0.0,1.40727627,1.71491456,2.57047653,12.2061815,-81.83966,-0.7631836,0.55,-0.01000005,1.96075535,-121.0679,0.0,0.0,0.0,0.0,0.0,0.0
8.323001,DATA,1,0,0,0,0,0.0,0.0,1.4074688,1.71510959,2.571972,12.1659193,-81.4975,-0.8502197,0.55,-0.01000005,1.96075535,-121.0679,0.0,0.0,0.0,0.0,0.0,0.0
8.379076,DATA,1,0,0,0,0,0.0,0.0,1.4076122,1.71517539,2.573322,12.0897865,-81.26666,-0.846588135,0.55,-0.01000005,1.96075535,-121.0679,0.0,0.0,0.0,0.0,0.0,0.0
8.434745,DATA,1,0,0,0,0,0.0,0.0,1.40815353,1.71548271,2.5740912,11.9348049,-81.191925,-0.871124268,0.55,-0.01000005,1.96075535,-121.0679,0.0,0.0,0.0,0.0,0.0,0.0
8.489812,DATA,1,0,0,0,0,0.0,0.0,1.40881824,1.71578288,2.574552,11.8000546,-81.2503052,-0.8224182,0.55,-0.01000005,1.96075535,-121.0679,0.0,0.0,0.0,0.0,0.0,0.0
8.545798,DATA,1,0,0,0,0,0.0,0.0,1.409603,1.71618581,2.57473135,11.5493326,-81.36847,-0.876709,0.55,-0.01000005,1.96075535,-121.0679,0.0,0.0,0.0,0.0,0.0,0.0
8.600692,DATA,1,0,0,0,0,0.0,0.0,1.41021633,1.71653223,2.57490849,11.3795376,-81.41327,-0.954956055,0.55,-0.01000005,1.96075535,-121.0679,0.0,0.0,0.0,0.0,0.0,0.0
8.656646,DATA,1,0,0,0,0,0.0,0.0,1.41078556,1.71701431,2.57491255,11.1192665,-81.46234,-1.00308228,0.55,-0.01000005,1.96075535,-121.0679,0.0,0.0,0.0,0.0,0.0,0.0
8.711784,DATA,1,0,0,0,0,0.0,0.0,1.41134572,1.71760821,2.5744133,10.8139906,-81.6600342,-1.05993652,0.55,-0.01000005,1.96075535,-121.0679,0.0,0.0,0.0,0.0,0.0,0.0
8.767546,DATA,1,0,0,0,0,0.0,0.0,1.41180074,1.71827769,2.57349372,10.4710169,-82.00833,-1.05670166,0.55,-0.01000005,1.96075535,-121.0679,0.0,0.0,0.0,0.0,0.0,0.0
8.823917,DATA,1,0,0,0,0,0.0,0.0,1.4122982,1.71894932,2.57238054,10.095293,-82.33441,-1.08721924,0.55,-0.01000005,1.96075535,-121.0679,0.0,0.0,0.0,0.0,0.0,0.0
8.879272,DATA,1,0,0,0,0,0.0,0.0,1.4126029,1.71937537,2.57145381,9.814522,-82.64868,-0.9972229,0.55,-0.01000005,1.96075535,-121.0679,0.0,0.0,0.0,0.0,0.0,0.0
8.934975,DATA,1,0,0,0,0,0.0,0.0,1.41308165,1.71997142,2.57035756,9.508354,-82.8817749,-0.954803467,0.55,-0.01000005,1.96075535,-121.0679,0.0,0.0,0.0,0.0,0.0,0.0
8.990136,DATA,1,0,0,0,0,0.0,0.0,1.41303015,1.7201097,2.56945181,9.269926,-83.02142,-0.9108887,0.55,-0.01000005,1.96075535,-121.0679,0.0,0.0,0.0,0.0,0.0,0.0
9.05273,DATA,1,0,0,0,0,0.0,0.0,1.41357112,1.72048426,2.56837845,9.063165,-83.06641,-0.8121338,0.55,-0.01000005,1.96075535,-121.0679,0.0,0.0,0.0,0.0,0.0,0.0
9.11459351,DATA,1,0,0,0,0,0.0,0.0,1.4141072,1.7207222,2.567346,8.821683,-83.091,-0.610321045,0.55,-0.01000005,1.96075535,-121.0679,0.0,0.0,0.0,0.0,0.0,0.0
9.170336,DATA,1,0,0,0,0,0.0,0.0,1.41464925,1.72098374,2.5664432,8.636392,-83.11871,-0.495239258,0.55,-0.01000005,1.96075535,-121.0679,0.0,0.0,0.0,0.0,0.0,0.0
9.226102,DATA,1,0,0,0,0,0.0,0.0,1.41472173,1.72119808,2.5658226,8.517731,-83.1459045,-0.41583252,0.55,-0.01000005,1.96075535,-121.0679,0.0,0.0,0.0,0.0,0.0,0.0
9.281524,DATA,1,0,0,0,0,0.0,0.0,1.41525435,1.721462,2.56524634,8.399435,-83.16,-0.3373413,0.55,-0.01000005,1.96075535,-121.0679,0.0,0.0,0.0,0.0,0.0,0.0
9.337476,DATA,1,0,0,0,0,0.0,0.0,1.41556728,1.72157335,2.56515479,8.240652,-83.20993,-0.263671875,0.55,-0.01000005,1.96075535,-121.0679,0.0,0.0,0.0,0.0,0.0,0.0
9.392581,DATA,1,0,0,0,0,0.0,0.0,1.41614914,1.72195649,2.56486654,8.056286,-83.28262,-0.245452881,0.55,-0.01000005,1.96075535,-121.0679,0.0,0.0,0.0,0.0,0.0,0.0
9.44853,DATA,1,0,0,0,0,0.0,0.0,1.41630626,1.72231865,2.56471157,7.84575129,-83.41406,-0.2559204,0.55,-0.01000005,1.96075535,-121.0679,0.0,0.0,0.0,0.0,0.0,0.0
9.503248,DATA,1,0,0,0,0,0.0,0.0,1.41683435,1.72276926,2.564534,7.627652,-83.57672,-0.268981934,0.55,-0.01000005,1.96075535,-121.0679,0.0,0.0,0.0,0.0,0.0,0.0
9.559835,DATA,1,0,0,0,0,0.0,0.0,1.41730833,1.72329855,2.56460118,7.368215,-83.72571,-0.264892578,0.55,-0.01000005,1.96075535,-121.0679,0.0,0.0,0.0,0.0,0.0,0.0
9.615173,DATA,1,0,0,0,0,0.0,0.0,1.41777575,1.72390008,2.56472135,7.08100939,-83.8834839,-0.296966553,0.55,-0.01000005,1.96075535,-121.0679,0.0,0.0,0.0,0.0,0.0,0.0
9.669957,DATA,1,0,0,0,0,0.0,0.0,1.41828716,1.72450352,2.56486177,6.798848,-84.0150757,-0.314666748,0.55,-0.01000005,1.96075535,-121.0679,0.0,0.0,0.0,0.0,0.0,0.0
9.726139,DATA,1,0,0,0,0,0.0,0.0,1.41850615,1.72497964,2.565099,6.49768257,-84.15427,-0.369171143,0.55,-0.01000005,1.96075535,-121.0679,0.0,0.0,0.0,0.0,0.0,0.0
9.782123,DATA,1,0,0,0,0,0.0,0.0,1.41901386,1.7254,2.565233,6.352254,-84.27823,-0.3685913,0.55,-0.01000005,1.96075535,-121.0679,0.0,0.0,0.0,0.0,0.0,0.0
9.836833,DATA,1,0,0,0,0,0.0,0.0,1.41872084,1.72570181,2.56546521,6.195692,-84.40195,-0.46472168,0.55,-0.01000005,1.96075535,-121.0679,0.0,0.0,0.0,0.0,0.0,0.0
9.892724,DATA,1,0,0,0,0,0.0,0.0,1.41904426,1.7259264,2.56565022,6.194482,-84.48358,-0.495452881,0.55,-0.01000005,1.96075535,-121.0679,0.0,0.0,0.0,0.0,0.0,0.0
9.948165,DATA,1,0,0,0,0,0.0,0.0,1.418792,1.725699,2.56611037,6.2075963,-84.5492554,-0.570373535,0.55,-0.01000005,1.96075535,-121.0679,0.0,0.0,0.0,0.0,0.0,0.0
10.0042315,DATA,1,0,0,0,0,0.0,0.0,1.41874456,1.72566247,2.56610465,6.25241327,-84.57236,-0.6091919,0.55,-0.01000005,1.96075535,-121.0679,0.0,0.0,0.0,0.0,0.0,0.0
10.0595884,DATA,1,0,0,0,0,0.0,0.0,1.41802454,1.72565389,2.56617785,6.35413551,-84.633606,-0.6027832,0.55,-0.01000005,1.96075535,-121.0679,0.0,0.0,0.0,0.0,0.0,0.0
10.1150637,DATA,1,0,0,0,0,0.0,0.0,1.41812384,1.725548,2.56614828,6.487156,-84.71246,-0.60369873,0.55,-0.01000005,1.96075535,-121.0679,0.0,0.0,0.0,0.0,0.0,0.0
10.1702814,DATA,1,0,0,0,0,0.0,0.0,1.41768491,1.72565126,2.56614,6.400235,-84.95584,-0.7080078,0.55,-0.01000005,1.96075535,-121.0679,0.0,0.0,0.0,0.0,0.0,0.0
10.225749,DATA,1,0,0,0,0,0.0,0.0,1.4175514,1.72593832,2.56593013,6.30768,-85.43637,-0.754241943,0.55,-0.01000005,1.96075535,-121.0679,0.0,0.0,0.0,0.0,0.0,0.0
10.2818737,DATA,1,0,0,0,0,0.0,0.0,1.417006,1.72630858,2.565722,6.17196369,-86.04822,-0.8149109,0.55,-0.01000005,1.96075535,-121.0679,0.0,0.0,0.0,0.0,0.0,0.0
10.3374691,DATA,1,0,0,0,0,0.0,0.0,1.41692865,1.72657633,2.56538486,6.098869,-86.71588,-0.928009033,0.55,-0.01000005,1.96075535,-121.0679,0.0,0.0,0.0,0.0,0.0,0.0
10.3922415,DATA,1,0,0,0,0,0.0,0.0,1.41720867,1.726866,2.5648036,5.908067,-87.47589,-1.13815308,0.55,-0.01000005,1.96075535,-121.0679,0.0,0.0,0.0,0.0,0.0,0.0
10.4481659,DATA,1,0,0,0,0,0.0,0.0,1.41761482,1.72700071,2.5641706,5.86453056,-88.3033447,-1.27539063,0.55,-0.01000005,1.96075535,-121.0679,0.0,0.0,0.0,0.0,0.0,0.0
10.5045958,DATA,1,0,0,0,0,0.0,0.0,1.418563,1.72741246,2.563284,5.71112537,-89.09158,-1.55758667,0.55,-0.01000005,1.96075535,-121.0679,0.0,0.0,0.0,0.0,0.0,0.0
10.5590687,DATA,1,0,0,0,0,0.0,0.0,1.41908872,1.72770238,2.56251955,5.54295063,-89.90155,-1.70767212,0.55,-0.01000005,1.96075535,-121.0679,0.0,0.0,0.0,0.0,0.0,0.0
10.6162033,DATA,1,0,0,0,0,0.0,0.0,1.42033517,1.72811031,2.56144047,5.3579793,-90.70114,-1.88143921,0.55,-0.01000005,1.96075535,-121.0679,0.0,0.0,0.0,0.0,0.0,0.0
10.6700745,DATA,1,0,0,0,0,0.0,0.0,1.42109883,1.72843933,2.56047821,5.12444735,-91.51877,-1.96252441,0.55,-0.01000005,1.96075535,-121.0679,0.0,0.0,0.0,0.0,0.0,0.0
10.7267475,DATA,1,0,0,0,0,0.0,0.0,1.42223072,1.72911382,2.55927849,4.807471,-92.34921,-1.9899292,0.55,-0.01000005,1.96075535,-121.0679,0.0,0.0,0.0,0.0,0.0,0.0
10.78181,DATA,1,0,0,0,0,0.0,0.0,1.42238092,1.72982025,2.55836821,4.48992157,-93.2204,-2.01873779,0.55,-0.01000005,1.96075535,-121.0679,0.0,0.0,0.0,0.0,0.0,0.0
10.8527489,DATA,1,0,0,0,0,0.0,0.0,1.42317009,1.73002625,2.55751777,4.4301815,-93.95352,-1.94918823,0.55,-0.01000005,1.96075535,-121.0679,0.0,0.0,0.0,0.0,0.0,1.0
10.9133663,DATA,1,0,0,0,0,0.0,0.0,1.42468536,1.73037481,2.556086,4.14437675,-95.54364,-2.02282715,0.55,-0.01000005,1.96075535,-121.0679,0.0,0.0,0.0,0.0,0.0,1.0
10.9684649,DATA,1,0,0,0,0,0.0,0.0,1.42574263,1.7306757,2.55536866,3.94634938,-96.4707642,-2.203064,0.55,-0.01000005,1.96075535,-121.0679,0.0,0.0,0.0,0.0,0.0,0.0
11.0239325,DATA,1,0,0,0,0,0.0,0.0,1.42602289,1.73089671,2.55502343,3.81578851,-97.09573,-2.31185913,0.55,-0.01000005,1.96075535,-121.0679,0.0,0.0,0.0,0.0,0.0,0.0
11.079731,DATA,1,0,0,0,0,0.0,0.0,1.42705238,1.73100209,2.55420566,3.73840284,-97.7219849,-2.48599243,0.55,-0.01000005,1.96075535,-121.0679,0.0,0.0,0.0,0.0,0.0,0.0
11.1346588,DATA,1,0,0,0,0,0.0,0.0,1.42824173,1.7306776,2.55283976,3.83144116,-98.4260254,-2.44406128,0.55,-0.01000005,1.96075535,-121.0679,0.0,0.0,0.0,0.0,0.0,0.0
11.18954,DATA,1,0,0,0,0,0.0,0.0,1.42969656,1.73045063,2.5510354,3.86283541,-99.26605,-2.451294,0.55,-0.01000005,1.96075535,-121.0679,0.0,0.0,0.0,0.0,0.0,0.0
11.2460136,DATA,1,0,0,0,0,0.0,0.0,1.430888,1.72993565,2.54877639,4.00396061,-100.115295,-2.372589,0.55,-0.01000005,1.96075535,-121.0679,0.0,0.0,0.0,0.0,0.0,0.0
11.3029613,DATA,1,0,0,0,0,0.0,0.0,1.432192,1.72963023,2.546199,4.055855,-100.918091,-2.27804565,0.55,-0.01000005,1.96075535,-121.0679,0.0,0.0,0.0,0.0,0.0,0.0
11.3659563,DATA,1,0,0,0,0,0.0,0.0,1.43348992,1.72948718,2.54329586,4.21734571,-101.723328,-2.01519775,0.55,-0.01000005,1.96075535,-121.0679,0.0,0.0,0.0,0.0,0.0,0.0
11.4217587,DATA,1,0,0,0,0,0.0,0.0,1.46606147,1.72945786,2.52644873,4.275903,-102.487061,-1.81506348,0.55,-0.01000005,1.96075535,-121.0679,0.0,0.0,0.0,-0.641893268,-0.434172451,0.0
11.4767561,DATA,1,0,0,0,0,0.0,0.0,1.47275591,1.72942257,2.519948,4.213492,-103.33255,-1.79644775,0.55,-0.01000005,1.96075535,-121.0679,0.0,0.0,0.0,-0.844832,-0.5350318,0.0
11.5322714,DATA,1,0,0,0,0,0.0,0.0,1.43610287,1.72928977,2.53631973,4.21324968,-104.110794,-1.84350586,0.55,-0.01000005,1.96075535,-121.0679,0.0,0.0,0.0,0.0,0.0,0.0
11.58772,DATA,1,0,0,0,0,0.0,0.0,1.43721032,1.72905183,2.53436422,4.34630537,-104.796265,-1.71032715,0.55,-0.01000005,1.96075535,-121.0679,0.0,0.0,0.0,0.0,0.0,0.0
11.64352,DATA,1,0,0,0,0,0.0,0.0,1.4381181,1.72894764,2.53272271,4.323657,-105.405624,-1.48022461,0.55,-0.01000005,1.96075535,-121.0679,0.0,0.0,0.0,0.0,0.0,0.0
11.6994762,DATA,1,0,0,0,0,0.0,0.0,1.43898284,1.72901535,2.531753,4.178273,-106.026276,-1.28665161,0.55,-0.01000005,1.96075535,-121.0679,0.0,0.0,0.0,0.0,0.0,0.0
11.75484,DATA,1,0,0,0,0,0.0,0.0,1.43915045,1.7290349,2.53095055,4.07185459,-106.611282,-1.32015991,0.55,-0.01000005,1.96075535,-121.0679,0.0,0.0,0.0,0.0,0.0,0.0
11.8098993,DATA,1,0,0,0,0,0.0,0.0,1.43965542,1.72888541,2.530875,4.16008234,-107.076813,-1.45388794,0.55,-0.01000005,1.96075535,-121.0679,0.0,0.0,0.0,0.0,0.0,0.0
11.8657532,DATA,1,0,0,0,0,0.0,0.0,1.4399215,1.72865224,2.530754,4.2477684,-107.476105,-1.59179688,0.55,-0.01000005,1.96075535,-121.0679,0.0,0.0,1.0,0.0,0.0,0.0
11.9213247,DATA,1,0,0,0,0,0.0,0.0,1.44040442,1.72866964,2.53090334,4.242734,-107.813,-1.69897461,0.55,-0.01000005,1.96075535,-121.0679,0.0,0.0,1.0,0.0,0.0,0.0
11.97696,DATA,1,0,0,0,0,0.0,0.0,1.44031167,1.72871375,2.53106546,4.20153427,-108.1297,-1.82498169,0.55,-0.01000005,1.96075535,-121.0679,0.0,0.0,1.0,0.0,0.0,0.0
12.0324841,DATA,1,0,0,0,0,0.0,0.0,1.44069338,1.72869372,2.53143334,4.24238062,-108.42337,-2.030365,0.55,-0.01000005,1.96075535,-121.0679,0.0,0.0,0.0,0.0,0.0,0.0
12.0875816,DATA,1,0,0,0,0,0.0,0.0,1.44084036,1.72858763,2.53179526,4.21330452,-108.619354,-2.29034424,0.55,-0.01000005,1.96075535,-121.0679,0.0,0.0,0.0,0.0,0.0,0.0
12.1433535,DATA,1,0,0,0,0,0.0,0.0,1.44101286,1.72864914,2.53233385,4.14595175,-108.7186,-2.55685425,0.55,-0.01000005,1.96075535,-121.0679,0.0,0.0,0.0,0.0,0.0,0.0
12.19919,DATA,1,0,0,0,0,0.0,0.0,1.440878,1.72877622,2.53282738,4.061025,-108.714447,-2.72879028,0.55,-0.01000005,1.96075535,-121.0679,0.0,0.0,0.0,0.0,0.0,0.0
12.2547464,DATA,1,0,0,0,0,0.0,0.0,1.44090283,1.72870064,2.5332768,4.18969154,-108.731384,-2.811493,0.55,-0.01000005,1.96075535,-121.0679,0.0,0.0,0.0,0.0,0.0,0.0
12.3095646,DATA,1,0,0,0,0,0.0,0.0,1.44093335,1.72905374,2.53358817,4.036403,-108.934692,-2.837494,0.55,-0.01000005,1.96075535,-121.0679,0.0,0.0,0.0,0.0,0.0,0.0
12.3657036,DATA,1,0,0,0,0,0.0,0.0,1.4408294,1.728986,2.53392458,4.15163565,-109.129791,-2.8503418,0.55,-0.01000005,1.96075535,-121.0679,0.0,0.0,0.0,0.0,0.0,0.0
12.4211512,DATA,1,0,0,0,0,0.0,0.0,1.44082153,1.72907519,2.53469968,4.140155,-109.207184,-2.926941,0.55,-0.01000005,1.96075535,-121.0679,0.0,0.0,0.0,0.0,0.0,1.0
12.4763851,DATA,1,0,0,0,0,0.0,0.0,1.44030178,1.72894049,2.53543735,4.11862659,-109.115433,-3.08483887,0.55,-0.01000005,1.96075535,-121.0679,0.0,0.0,0.0,0.0,0.0,1.0
12.5311546,DATA,1,0,0,0,0,0.0,0.0,1.44021237,1.72880864,2.536043,4.19820929,-108.951859,-3.16110229,0.55,-0.01000005,1.96075535,-121.0679,0.0,0.0,0.0,0.0,0.0,0.0
12.5869694,DATA,1,0,0,0,0,0.0,0.0,1.44009554,1.72850776,2.53590941,4.36841249,-108.900116,-3.13589478,0.55,-0.01000005,1.96075535,-121.0679,0.0,0.0,0.0,0.0,0.0,0.0
12.6421785,DATA,1,0,0,0,0,0.0,0.0,1.44032228,1.72821116,2.53573942,4.45612431,-108.973831,-3.14282227,0.55,-0.01000005,1.96075535,-121.0679,0.0,0.0,0.0,0.0,0.0,0.0
12.6982584,DATA,1,0,0,0,0,0.0,0.0,1.44022453,1.72800922,2.53528738,4.456964,-109.032379,-3.13089,0.55,-0.01000005,1.96075535,-121.0679,0.0,0.0,0.0,0.0,0.0,0.0
12.7536917,DATA,1,0,0,0,0,0.0,0.0,1.44034874,1.72804236,2.53497386,4.410197,-108.98291,-3.108429,0.55,-0.01000005,1.96075535,-121.0679,0.0,0.0,0.0,0.0,0.0,0.0
12.8084593,DATA,1,0,0,0,0,0.0,0.0,1.440196,1.7282238,2.534407,4.33975649,-108.907745,-3.06402588,0.55,-0.01000005,1.96075535,-121.0679,0.0,0.0,0.0,0.0,0.0,0.0
12.8647852,DATA,1,0,0,0,0,0.0,0.0,1.44001007,1.7282896,2.533868,4.277799,-108.880829,-3.01629639,0.55,-0.01000005,1.96075535,-121.0679,0.0,0.0,0.0,0.0,0.0,0.0
12.9221554,DATA,1,0,0,0,0,0.0,0.0,1.43969893,1.72816372,2.53313613,4.32623243,-108.979141,-2.919464,0.55,-0.01000005,1.96075535,-121.0679,0.0,0.0,0.0,0.0,0.0,0.0
12.9757881,DATA,1,0,0,0,0,0.0,0.0,1.43936718,1.72792268,2.532403,4.457478,-109.182068,-2.76116943,0.55,-0.01000005,1.96075535,-121.0679,0.0,0.0,0.0,0.0,0.0,0.0
13.0306625,DATA,1,0,0,0,0,0.0,0.0,1.439073,1.72753429,2.53193951,4.642702,-109.414,-2.67648315,0.55,-0.01000005,1.96075535,-121.0679,0.0,0.0,0.0,0.0,0.0,0.0
13.086545,DATA,1,0,0,0,0,0.0,0.0,1.43856883,1.72730136,2.531569,4.763024,-109.652985,-2.70803833,0.55,-0.01000005,1.96075535,-121.0679,0.0,0.0,0.0,0.0,0.0,0.0
13.1427336,DATA,1,0,0,0,0,0.0,0.0,1.43834484,1.7270999,2.53157663,4.901967,-109.883026,-2.771637,0.55,-0.01000005,1.96075535,-121.0679,0.0,0.0,0.0,0.0,0.0,0.0
13.1981544,DATA,1,0,0,0,0,0.0,0.0,1.4380281,1.72680712,2.53130531,5.07536364,-110.177322,-2.82772827,0.55,-0.01000005,1.96075535,-121.0679,0.0,0.0,0.0,0.0,0.0,0.0
13.2540445,DATA,1,0,0,0,0,0.0,0.0,1.43794727,1.72663426,2.53138685,5.16461658,-110.456543,-2.900879,0.55,-0.01000005,1.96075535,-121.0679,0.0,0.0,0.0,0.0,0.0,0.0
13.308382,DATA,1,0,0,0,0,0.0,0.0,1.43759978,1.7265861,2.53134131,5.232482,-110.690704,-2.93777466,0.55,-0.01000005,1.96075535,-121.0679,0.0,0.0,0.0,0.0,0.0,0.0
13.364768,DATA,1,0,0,0,0,0.0,0.0,1.43746054,1.72671032,2.53154445,5.222115,-110.899445,-2.921875,0.55,-0.01000005,1.96075535,-121.0679,0.0,0.0,0.0,0.0,0.0,0.0
13.4202251,DATA,1,0,0,0,0,0.0,0.0,1.437081,1.72687507,2.531443,5.14177227,-111.232025,-2.90393066,0.55,-0.01000005,1.96075535,-121.0679,0.0,0.0,0.0,0.0,0.0,0.0
13.47594,DATA,1,0,0,0,0,0.0,0.0,1.43693364,1.72687387,2.5313375,5.15335846,-111.556335,-2.89016724,0.55,-0.01000005,1.96075535,-121.0679,0.0,0.0,0.0,0.0,0.0,0.0
13.5310888,DATA,1,0,0,0,0,0.0,0.0,1.43660009,1.72679925,2.53116584,5.23474646,-111.781754,-2.87652588,0.55,-0.01000005,1.96075535,-121.0679,0.0,0.0,0.0,0.0,0.0,0.0
13.5866814,DATA,1,0,0,0,0,0.0,0.0,1.43629026,1.7267406,2.53112626,5.29559851,-111.931183,-2.85296631,0.55,-0.01000005,1.96075535,-121.0679,0.0,0.0,0.0,0.0,0.0,0.0
13.6420984,DATA,1,0,0,0,0,0.0,0.0,1.4358772,1.726543,2.5312283,5.3991766,-111.986618,-2.88482666,0.55,-0.01000005,1.96075535,-121.0679,0.0,0.0,0.0,0.0,0.0,0.0
13.69765,DATA,1,0,0,0,0,0.0,0.0,1.43543267,1.7263267,2.53145027,5.50186348,-111.944748,-2.93051147,0.55,-0.01000005,1.96075535,-121.0679,0.0,0.0,0.0,0.0,0.0,0.0
13.7537069,DATA,1,0,0,0,0,0.0,0.0,1.43473446,1.7265625,2.53181362,5.32954264,-111.672684,-2.88635254,0.55,-0.01000005,1.96075535,-121.0679,0.0,0.0,0.0,0.0,0.0,0.0
13.8087673,DATA,1,0,0,0,0,0.0,0.0,1.43382812,1.72669911,2.5326674,5.30015755,-110.849686,-2.71569824,0.55,-0.01000005,1.96075535,-121.0679,0.0,0.0,0.0,0.0,0.0,0.0
13.8645639,DATA,1,0,0,0,0,0.0,0.0,1.43322432,1.72630811,2.53358483,5.577223,-110.088989,-2.617035,0.55,-0.01000005,1.96075535,-121.0679,0.0,0.0,0.0,0.0,0.0,0.0
13.9207144,DATA,1,0,0,0,0,0.0,0.0,1.43274438,1.72573543,2.53412724,5.86526966,-109.708237,-2.70062256,0.55,-0.01000005,1.96075535,-121.0679,0.0,0.0,0.0,0.0,0.0,0.0
13.975769,DATA,1,0,0,0,0,0.0,0.0,1.43239462,1.72531009,2.53439522,6.104434,-109.616318,-2.83483887,0.55,-0.01000005,1.96075535,-121.0679,0.0,0.0,0.0,0.0,0.0,0.0
14.0312691,DATA,1,0,0,0,0,0.0,0.0,1.43207908,1.72504663,2.53439116,6.305528,-109.680664,-2.92099,0.55,-0.01000005,1.96075535,-121.0679,0.0,0.0,0.0,0.0,0.0,0.0
14.0870018,DATA,1,0,0,0,0,0.0,0.0,1.43176591,1.72481847,2.5343554,6.46744728,-109.773132,-2.96105957,0.55,-0.01000005,1.96075535,-121.0679,0.0,0.0,0.0,0.0,0.0,0.0
14.1423407,DATA,1,0,0,0,0,0.0,0.0,1.43138385,1.7244637,2.53416872,6.65232,-109.8403,-3.048645,0.55,-0.01000005,1.96075535,-121.0679,0.0,0.0,0.0,0.0,0.0,0.0
14.1974211,DATA,1,0,0,0,0,0.0,0.0,1.4311372,1.724186,2.53420568,6.817048,-109.8392,-3.11203,0.55,-0.01000005,1.96075535,-121.0679,0.0,0.0,0.0,0.0,0.0,0.0
14.253005,DATA,1,0,0,0,0,0.0,0.0,1.43086743,1.72380471,2.53415656,6.98891449,-109.805222,-3.18493652,0.55,-0.01000005,1.96075535,-121.0679,0.0,0.0,0.0,0.0,0.0,0.0
14.3087139,DATA,1,0,0,0,0,0.0,0.0,1.43011177,1.72409391,2.53402352,6.62762642,-109.755157,-3.12719727,0.55,-0.01000005,1.96075535,-121.0679,0.0,0.0,0.0,0.0,0.0,0.0
14.3645468,DATA,1,0,0,0,0,0.0,0.0,1.42970073,1.72438383,2.533956,6.47459936,-109.621948,-2.961792,0.55,-0.01000005,1.96075535,-121.0679,0.0,0.0,0.0,0.0,0.0,0.0
14.4201775,DATA,1,0,0,0,0,0.0,0.0,1.429269,1.72455215,2.53395629,6.320508,-109.470718,-2.8862915,0.55,-0.01000005,1.96075535,-121.0679,0.0,0.0,0.0,0.0,0.0,0.0
14.47538,DATA,1,0,0,0,0,0.0,0.0,1.42898357,1.72485352,2.53388858,6.18287849,-109.457825,-3.00250244,0.55,-0.01000005,1.96075535,-121.0679,0.0,0.0,0.0,0.0,0.0,0.0
14.53065,DATA,1,0,0,0,0,0.0,0.0,1.42875469,1.72514534,2.53368521,5.982449,-109.507996,-3.016571,0.55,-0.01000005,1.96075535,-121.0679,0.0,0.0,0.0,0.0,0.0,0.0
14.5868645,DATA,1,0,0,0,0,0.0,0.0,1.42886615,1.72517252,2.53365469,5.975162,-109.508972,-3.10220337,0.55,-0.01000005,1.96075535,-121.0679,0.0,0.0,0.0,0.0,0.0,0.0
14.6419716,DATA,1,0,0,0,0,0.0,0.0,1.4294312,1.72434068,2.53356481,6.472737,-109.511719,-3.09814453,0.55,-0.01000005,1.96075535,-121.0679,0.0,0.0,0.0,0.0,0.0,0.0
14.6978683,DATA,1,0,0,0,0,0.0,0.0,1.42963386,1.723779,2.53342485,6.55977,-109.5036,-3.37786865,0.55,-0.01000005,1.96075535,-121.0679,0.0,0.0,0.0,0.0,0.0,0.0
14.7531738,DATA,1,0,0,0,0,0.0,0.0,1.42931509,1.72435713,2.53326941,6.24606562,-109.61087,-3.47537231,0.55,-0.01000005,1.96075535,-121.0679,0.0,0.0,0.0,0.0,0.0,0.0
14.8082933,DATA,1,0,0,0,0,0.0,0.0,1.42959011,1.724222,2.53339243,6.38882351,-109.6909,-3.388153,0.55,-0.01000005,1.96075535,-121.0679,0.0,0.0,0.0,0.0,0.0,0.0
14.8645115,DATA,1,0,0,0,0,0.0,0.0,1.42982852,1.723855,2.533255,6.52351141,-109.777985,-3.38238525,0.55,-0.01000005,1.96075535,-121.0679,0.0,0.0,0.0,0.0,0.0,0.0
14.9197025,DATA,1,0,0,0,0,0.0,0.0,1.42994189,1.72379541,2.53339839,6.575632,-109.7926,-3.37637329,0.55,-0.01000005,1.96075535,-121.0679,0.0,0.0,0.0,0.0,0.0,0.0
14.9754629,DATA,1,0,0,0,0,0.0,0.0,1.42994618,1.723526,2.53355241,6.71239471,-109.76767,-3.350769,0.55,-0.01000005,1.96075535,-121.0679,0.0,0.0,0.0,0.0,0.0,0.0
15.0306025,DATA,1,0,0,0,0,0.0,0.0,1.429924,1.7233758,2.53371167,6.778502,-109.725296,-3.34234619,0.55,-0.01000005,1.96075535,-121.0679,0.0,0.0,0.0,0.0,0.0,0.0
15.0868425,DATA,1,0,0,0,0,0.0,0.0,1.429956,1.7231555,2.53372335,6.86723042,-109.737976,-3.35864258,0.55,-0.01000005,1.96075535,-121.0679,0.0,0.0,0.0,0.0,0.0,0.0
15.1418877,DATA,1,0,0,0,0,0.0,0.0,1.42991567,1.72314358,2.53375983,6.86549425,-109.761429,-3.39559937,0.55,-0.01000005,1.96075535,-121.0679,0.0,0.0,0.0,0.0,0.0,0.0
15.1979408,DATA,1,0,0,0,0,0.0,0.0,1.42987943,1.72319865,2.5337646,6.837868,-109.766785,-3.407959,0.55,-0.01000005,1.96075535,-121.0679,0.0,0.0,0.0,0.0,0.0,0.0
15.2529659,DATA,1,0,0,0,0,0.0,0.0,1.42987716,1.723192,2.53375053,6.76766872,-109.775055,-3.40826416,0.55,-0.01000005,1.96075535,-121.0679,0.0,0.0,0.0,0.0,0.0,0.0
15.3083944,DATA,1,0,0,0,0,0.0,0.0,1.4299804,1.72332788,2.53360415,6.61970234,-109.8479,-3.5637207,0.55,-0.01000005,1.96075535,-121.0679,0.0,0.0,0.0,0.0,0.0,0.0
15.3644352,DATA,1,0,0,0,0,0.0,0.0,1.42979789,1.72409964,2.53304076,5.868428,-109.914825,-3.72625732,0.55,-0.01000005,1.96075535,-121.0679,0.0,0.0,0.0,0.0,0.0,0.0
15.4202909,DATA,1,0,0,0,0,0.0,0.0,1.42876661,1.726707,2.53275132,4.12330961,-109.795563,-3.55374146,0.55,-0.01000005,1.96075535,-121.0679,0.0,0.0,0.0,0.0,0.0,0.0
15.4756889,DATA,1,0,0,0,0,0.0,0.0,1.42834949,1.728589,2.532659,3.04214787,-109.774353,-3.42480469,0.55,-0.01000005,1.96075535,-121.0679,0.0,0.0,0.0,0.0,0.0,0.0
15.5310221,DATA,1,0,0,0,0,0.0,0.0,1.4284848,1.729584,2.53243,2.56051016,-109.943436,-3.45700073,0.55,-0.01000005,1.96075535,-121.0679,0.0,0.0,0.0,0.0,0.0,0.0
15.5869055,DATA,1,0,0,0,0,0.0,0.0,1.42891777,1.72916985,2.531761,2.91492963,-110.329361,-3.49191284,0.55,-0.01000005,1.96075535,-121.0679,0.0,0.0,0.0,0.0,0.0,0.0
15.64216,DATA,1,0,0,0,0,0.0,0.0,1.43017066,1.72706985,2.5310843,4.40150166,-110.9487,-3.72961426,0.55,-0.01000005,1.96075535,-121.0679,0.0,0.0,0.0,0.0,0.0,0.0
15.64216,GAME_STARTED,1,0,0,0,0,0.0,0.0,0.0,0.0,0.0,0.0,0.0,0.0,0.0,0.0,0.0,0.0,0.0,0.0,0.0,0.0,0.0,0.0
15.64216,MAZE_STARTED,1,1,0,10,0,0.0,0.0,0.0,0.0,0.0,0.0,0.0,0.0,0.0,0.0,0.0,0.0,0.0,0.0,0.0,0.0,0.0,0.0
15.6966391,DATA,1,1,0,10,0,0.0544786453,0.0544786453,-7.96642542,1.73568749,-9.048303,5.52845335,9.663354,-3.73745728,-8.0,0.0,-8.0,0.0,0.0,0.0,0.0,0.0,0.0,0.0
15.7529182,DATA,1,1,0,10,0,0.110757828,0.110757828,-7.96656275,1.73566508,-9.048217,5.39637947,9.432787,-3.49157715,-8.0,0.0,-8.0,0.0,0.0,0.0,0.0,0.0,0.0,0.0
15.8084707,DATA,1,1,0,10,0,0.16631031,0.16631031,-7.96617365,1.7362709,-9.048205,5.110098,9.445069,-3.42910767,-8.0,0.0,-8.0,0.0,0.0,0.0,0.0,0.0,0.0,0.0
15.8649,DATA,1,1,0,10,0,0.22273922,0.22273922,-7.965641,1.73679888,-9.04884052,4.873354,9.521597,-3.44195557,-8.0,0.0,-8.0,0.0,0.0,0.0,0.0,0.0,0.0,0.0
15.920393,DATA,1,1,0,10,0,0.278232574,0.278232574,-7.965172,1.73733151,-9.04985,4.62779951,9.614419,-3.45480347,-8.0,0.0,-8.0,0.0,0.0,0.0,0.0,0.0,0.0,0.0
15.9755745,DATA,1,1,0,10,0,0.333414078,0.333414078,-7.964916,1.73756981,-9.050948,4.535597,9.71602249,-3.401764,-8.0,0.0,-8.0,0.0,0.0,0.0,0.0,0.0,0.0,0.0
16.0308037,DATA,1,1,0,10,0,0.388643265,0.388643265,-7.964811,1.73773408,-9.051917,4.391877,9.770149,-3.28164673,-8.0,0.0,-8.0,0.0,0.0,0.0,0.0,0.0,0.0,0.0
16.08707,DATA,1,1,0,10,0,0.444910049,0.444910049,-7.965088,1.73778152,-9.052578,4.324485,9.75226,-3.16012573,-8.0,0.0,-8.0,0.0,0.0,0.0,0.0,0.0,0.0,0.0
16.142725,DATA,1,1,0,10,0,0.5005646,0.5005646,-7.965622,1.73764133,-9.053175,4.40523052,9.657205,-2.97567749,-8.0,0.0,-8.0,0.0,0.0,0.0,0.0,0.0,0.0,0.0
16.1982269,DATA,1,1,0,10,0,0.5560665,0.5560665,-7.96643829,1.73772573,-9.053418,4.347925,9.454665,-2.84933472,-8.0,0.0,-8.0,0.0,0.0,0.0,0.0,0.0,0.0,0.0
16.2533169,DATA,1,1,0,10,0,0.611156464,0.611156464,-7.967285,1.7380662,-9.053699,4.145085,9.236698,-2.73349,-8.0,0.0,-8.0,0.0,0.0,0.0,0.0,0.0,0.0,0.0
16.3083,DATA,1,1,0,10,0,0.6661396,0.6661396,-7.96818638,1.73868382,-9.053687,3.67250919,8.938525,-2.62356567,-8.0,0.0,-8.0,0.0,0.0,0.0,0.0,0.0,0.0,0.0
16.3642235,DATA,1,1,0,10,0,0.722063065,0.722063065,-7.96929264,1.73973465,-9.054047,2.996098,8.428769,-2.56906128,-8.0,0.0,-8.0,0.0,0.0,0.0,0.0,0.0,0.0,0.0
16.41984,DATA,1,1,0,10,0,0.777679443,0.777679443,-7.970473,1.74114466,-9.054464,2.08085513,7.90561628,-2.50885,-8.0,0.0,-8.0,0.0,0.0,0.0,0.0,0.0,0.0,0.0
16.4757729,DATA,1,1,0,10,0,0.833612442,0.833612442,-7.97150135,1.74311852,-9.055146,0.8893768,7.31235456,-2.52828979,-8.0,0.0,-8.0,0.0,0.0,0.0,0.0,0.0,0.0,0.0
16.5306454,DATA,1,1,0,10,0,0.888484955,0.888484955,-7.972042,1.74516881,-9.055829,-0.436706543,6.95622444,-2.54058838,-8.0,0.0,-8.0,0.0,0.0,0.0,0.0,0.0,0.0,0.0
16.58723,DATA,1,1,0,10,0,0.945070267,0.945070267,-7.97216129,1.74684179,-9.057018,-1.5211792,6.85943556,-2.51171875,-8.0,0.0,-8.0,0.0,0.0,0.0,0.0,0.0,0.0,0.0
16.6421318,DATA,1,1,0,10,0,0.9999714,0.9999714,-7.971087,1.74807858,-9.058233,-2.3286438,7.68843842,-2.34405518,-8.0,0.0,-8.0,0.0,0.0,0.0,0.0,0.0,0.0,0.0
16.6978283,DATA,1,1,0,10,0,1.05566788,1.05566788,-7.96869946,1.74915755,-9.059625,-3.073822,9.486104,-2.090088,-8.0,0.0,-8.0,0.0,0.0,0.0,0.0,0.0,0.0,0.0
16.7531185,DATA,1,1,0,10,0,1.1109581,1.1109581,-7.96596146,1.7495631,-9.060863,-3.329132,11.4924421,-1.910553,-8.0,0.0,-8.0,0.0,0.0,0.0,0.0,0.0,0.0,0.0
16.80881,DATA,1,1,0,10,0,1.16664886,1.16664886,-7.96356058,1.74962676,-9.061843,-3.38427734,12.9203968,-2.070984,-8.0,0.0,-8.0,0.0,0.0,0.0,0.0,0.0,0.0,0.0
16.8652267,DATA,1,1,0,10,0,1.22306633,1.22306633,-7.96210861,1.74982166,-9.062551,-3.51098633,13.52438,-2.37811279,-8.0,0.0,-8.0,0.0,0.0,0.0,0.0,0.0,0.0,0.0
16.9203873,DATA,1,1,0,10,0,1.27822685,1.27822685,-7.96113348,1.75039923,-9.06253,-3.67538452,13.8430767,-2.501587,-8.0,0.0,-8.0,0.0,0.0,0.0,0.0,0.0,0.0,0.0
16.9765263,DATA,1,1,0,10,0,1.33436584,1.33436584,-7.960319,1.75052583,-9.062888,-3.70202637,14.1839342,-2.50820923,-8.0,0.0,-8.0,0.0,0.0,0.0,0.0,0.0,0.0,0.0
17.0308781,DATA,1,1,0,10,0,1.38871765,1.38871765,-7.9593935,1.75047457,-9.062618,-3.65280151,14.5890179,-2.51504517,-8.0,0.0,-8.0,0.0,0.0,0.0,0.0,0.0,0.0,0.0
17.0875454,DATA,1,1,0,10,0,1.445385,1.445385,-7.957961,1.75011349,-9.062948,-3.39736938,15.51365,-2.65057373,-8.0,0.0,-8.0,0.0,0.0,0.0,0.0,0.0,0.0,0.0
17.14208,DATA,1,1,0,10,0,1.49991989,1.49991989,-7.956094,1.74956727,-9.063023,-3.003479,16.9113388,-2.77890015,-8.0,0.0,-8.0,0.0,0.0,0.0,0.0,0.0,0.0,0.0
17.1987152,DATA,1,1,0,10,0,1.55655479,1.55655479,-7.953398,1.74910092,-9.06409,-2.78970337,18.7382317,-2.98474121,-8.0,0.0,-8.0,0.0,0.0,0.0,0.0,0.0,0.0,0.0
17.253294,DATA,1,1,0,10,0,1.61113358,1.61113358,-7.950063,1.74904585,-9.064457,-2.73257446,20.5592422,-3.22024536,-8.0,0.0,-8.0,0.0,0.0,0.0,0.0,0.0,0.0,0.0
17.3088875,DATA,1,1,0,10,0,1.66672707,1.66672707,-7.94743,1.74899364,-9.065664,-2.67654419,22.23335,-3.38369751,-8.0,0.0,-8.0,0.0,0.0,0.0,0.0,0.0,0.0,0.0
17.36501,DATA,1,1,0,10,0,1.72284889,1.72284889,-7.94543266,1.74952936,-9.066531,-2.98480225,23.51564,-3.47869873,-8.0,0.0,-8.0,0.0,0.0,0.0,0.0,0.0,0.0,0.0
17.4205627,DATA,1,1,0,10,0,1.77840233,1.77840233,-7.944167,1.74983728,-9.06735,-3.24057,24.463377,-3.46865845,-8.0,0.0,-8.0,0.0,0.0,0.0,0.0,0.0,0.0,0.0
17.47598,DATA,1,1,0,10,0,1.83382034,1.83382034,-7.94328451,1.74984813,-9.067708,-3.16864014,25.3290977,-3.38452148,-8.0,0.0,-8.0,0.0,0.0,0.0,0.0,0.0,0.0,0.0
17.5306664,DATA,1,1,0,10,0,1.88850594,1.88850594,-7.942867,1.74966657,-9.067878,-2.96728516,26.0569229,-3.18969727,-8.0,0.0,-8.0,0.0,0.0,0.0,0.0,0.0,0.0,0.0
17.5869846,DATA,1,1,0,10,0,1.94482422,1.94482422,-7.94287062,1.74939871,-9.068467,-2.750824,26.5144234,-3.02655029,-8.0,0.0,-8.0,0.0,0.0,0.0,0.0,0.0,0.0,0.0
17.6422348,DATA,1,1,0,10,0,2.00007439,2.00007439,-7.94298553,1.74900019,-9.069255,-2.60266113,26.7758865,-2.995758,-8.0,0.0,-8.0,0.0,0.0,0.0,0.0,0.0,0.0,0.0
17.6982727,DATA,1,1,0,10,0,2.05611229,2.05611229,-7.94321966,1.74863136,-9.070216,-2.403656,27.3523331,-3.12573242,-8.0,0.0,-8.0,0.0,0.0,0.0,0.0,0.0,0.0,0.0
17.7529545,DATA,1,1,0,10,0,2.110794,2.110794,-7.941555,1.74924862,-9.070736,-2.78781128,29.112339,-3.23440552,-8.0,0.0,-8.0,0.0,0.0,0.0,0.0,0.0,0.0,0.0
17.809082,DATA,1,1,0,10,0,2.16692162,2.16692162,-7.939729,1.74932373,-9.072831,-2.861969,31.7089481,-3.22940063,-8.0,0.0,-8.0,0.0,0.0,0.0,0.0,0.0,0.0,0.0
17.86437,DATA,1,1,0,10,0,2.22221,2.22221,-7.93730354,1.74937022,-9.074957,-3.08450317,34.3624763,-3.2741394,-8.0,0.0,-8.0,0.0,0.0,0.0,0.0,0.0,0.0,0.0
17.9206467,DATA,1,1,0,10,0,2.27848625,2.27848625,-7.9350853,1.749275,-9.077357,-3.03408813,36.9062843,-3.33847046,-8.0,0.0,-8.0,0.0,0.0,0.0,0.0,0.0,0.0,0.0
17.9758,DATA,1,1,0,10,0,2.33363914,2.33363914,-7.932063,1.7492429,-9.079227,-2.860382,39.5254,-3.237732,-8.0,0.0,-8.0,0.0,0.0,0.0,0.0,0.0,0.0,0.0
18.03055,DATA,1,1,0,10,0,2.38838959,2.38838959,-7.929542,1.749122,-9.08179951,-2.83978271,42.1512527,-3.18994141,-8.0,0.0,-8.0,0.0,0.0,0.0,0.0,0.0,0.0,0.0
18.0871258,DATA,1,1,0,10,0,2.44496536,2.44496536,-7.926452,1.74881339,-9.084604,-2.752716,44.580452,-3.04406738,-8.0,0.0,-8.0,0.0,0.0,0.0,0.0,0.0,0.0,0.0
18.1427555,DATA,1,1,0,10,0,2.500595,2.500595,-7.92363834,1.748404,-9.087216,-2.41323853,47.05283,-2.82891846,-8.0,0.0,-8.0,0.0,0.0,0.0,0.0,0.0,0.0,0.0
18.1983,DATA,1,1,0,10,0,2.556139,2.556139,-7.92074251,1.74756813,-9.089071,-1.914032,49.3471451,-2.80776978,-8.0,0.0,-8.0,0.0,0.0,0.0,0.0,0.0,0.0,0.0
18.2543888,DATA,1,1,0,10,0,2.61222839,2.61222839,-7.91827726,1.74644232,-9.090538,-1.10263062,51.0204926,-2.860382,-8.0,0.0,-8.0,0.0,0.0,0.0,0.0,0.0,0.0,0.0
18.3096657,DATA,1,1,0,10,0,2.66750526,2.66750526,-7.91608858,1.74572575,-9.091617,-0.695373535,52.16678,-3.11428833,-8.0,0.0,-8.0,0.0,0.0,0.0,0.0,0.0,0.0,0.0
18.3653927,DATA,1,1,0,10,0,2.72323227,2.72323227,-7.9142127,1.74473894,-9.092097,-0.18460083,52.7172737,-3.34442139,-8.0,0.0,-8.0,0.0,0.0,0.0,0.0,0.0,0.0,0.0
18.4211979,DATA,1,1,0,10,0,2.77903748,2.77903748,-7.913212,1.74378383,-9.091878,0.486465275,52.6692352,-3.484192,-8.0,0.0,-8.0,0.0,0.0,0.0,0.0,0.0,0.0,0.0
18.475956,DATA,1,1,0,10,0,2.83379555,2.83379555,-7.911882,1.74331713,-9.090046,0.9334699,52.1545448,-3.52468872,-8.0,0.0,-8.0,0.0,0.0,0.0,0.0,0.0,0.0,0.0
18.5312157,DATA,1,1,0,10,0,2.88905525,2.88905525,-7.911525,1.7429713,-9.088483,1.07020235,51.1042557,-3.597412,-8.0,0.0,-8.0,0.0,0.0,0.0,0.0,0.0,0.0,0.0
18.5865326,DATA,1,1,0,10,0,2.94437218,2.94437218,-7.911752,1.7426765,-9.0866785,1.267004,50.00128,-3.57904053,-8.0,0.0,-8.0,0.0,0.0,0.0,0.0,0.0,0.0,0.0
18.642046,DATA,1,1,0,10,0,2.99988556,2.99988556,-7.911621,1.74256611,-9.084908,1.50758076,49.26367,-3.524292,-8.0,0.0,-8.0,0.0,0.0,0.0,0.0,0.0,0.0,0.0
18.6979218,DATA,1,1,0,10,0,3.05576134,3.05576134,-7.91141844,1.74209058,-9.083846,1.76066148,48.7816544,-3.46749878,-8.0,0.0,-8.0,0.0,0.0,0.0,0.0,0.0,0.0,0.0
18.7525826,DATA,1,1,0,10,0,3.11042213,3.11042213,-7.91134453,1.74162912,-9.082748,2.08868957,48.492157,-3.45874023,-8.0,0.0,-8.0,0.0,0.0,0.0,0.0,0.0,0.0,0.0
18.80833,DATA,1,1,0,10,0,3.16617012,3.16617012,-7.91110945,1.74129212,-9.081772,2.31021428,48.38173,-3.41424561,-8.0,0.0,-8.0,0.0,0.0,0.0,0.0,0.0,0.0,0.0
18.8642235,DATA,1,1,0,10,0,3.222063,3.222063,-7.910946,1.7406503,-9.081352,2.57821774,48.348568,-3.34884644,-8.0,0.0,-8.0,0.0,0.0,0.0,0.0,0.0,0.0,0.0
18.919796,DATA,1,1,0,10,0,3.27763557,3.27763557,-7.910896,1.74032712,-9.0808,2.77875447,48.38177,-3.2520752,-8.0,0.0,-8.0,0.0,0.0,0.0,0.0,0.0,0.0,0.0
18.9755573,DATA,1,1,0,10,0,3.333397,3.333397,-7.91094255,1.74016643,-9.080402,2.87295222,48.4026833,-3.20193481,-8.0,0.0,-8.0,0.0,0.0,0.0,0.0,0.0,0.0,0.0
19.0307636,DATA,1,1,0,10,0,3.38860321,3.38860321,-7.91106844,1.73998344,-9.0802,2.92612338,48.2743073,-3.16464233,-8.0,0.0,-8.0,0.0,0.0,0.0,0.0,0.0,0.0,0.0
19.08632,DATA,1,1,0,10,0,3.44416046,3.44416046,-7.911472,1.739882,-9.079714,2.986376,47.9978,-3.12042236,-8.0,0.0,-8.0,0.0,0.0,0.0,0.0,0.0,0.0,0.0
19.1414223,DATA,1,1,0,10,0,3.49926186,3.49926186,-7.91219139,1.73993826,-9.079074,2.93602276,47.43306,-3.0947876,-8.0,0.0,-8.0,0.0,0.0,0.0,0.0,0.0,0.0,0.0
19.19718,DATA,1,1,0,10,0,3.55501938,3.55501938,-7.913473,1.74013269,-9.077779,2.79181838,46.1979637,-3.10095215,-8.0,0.0,-8.0,0.0,0.0,0.0,0.0,0.0,0.0,0.0
19.2521362,DATA,1,1,0,10,0,3.60997581,3.60997581,-7.91578245,1.74044454,-9.075152,2.75604177,44.0498924,-3.03817749,-8.0,0.0,-8.0,0.0,0.0,0.0,0.0,0.0,0.0,0.0
19.3078213,DATA,1,1,0,10,0,3.66566086,3.66566086,-7.91915131,1.74091017,-9.071869,2.46561027,41.13165,-2.8147583,-8.0,0.0,-8.0,0.0,0.0,0.0,0.0,0.0,0.0,0.0
19.3630981,DATA,1,1,0,10,0,3.72093773,3.72093773,-7.92303133,1.74123025,-9.068431,2.44283366,37.9991646,-2.52401733,-8.0,0.0,-8.0,0.0,0.0,0.0,0.0,0.0,0.0,0.0
19.4188423,DATA,1,1,0,10,0,3.776682,3.776682,-7.92661333,1.7415626,-9.064746,2.32273,35.096138,-2.16540527,-8.0,0.0,-8.0,0.0,0.0,0.0,0.0,0.0,0.0,0.0
19.4744625,DATA,1,1,0,10,0,3.832302,3.832302,-7.92976332,1.74147272,-9.061295,2.39603949,32.7857666,-2.139618,-8.0,0.0,-8.0,0.0,0.0,0.0,0.0,0.0,0.0,0.0
19.5293236,DATA,1,1,0,10,0,3.88716316,3.88716316,-7.93265343,1.74164832,-9.058058,2.03617549,30.706686,-2.05767822,-8.0,0.0,-8.0,0.0,0.0,0.0,0.0,0.0,0.0,0.0
19.5851135,DATA,1,1,0,10,0,3.942953,3.942953,-7.935759,1.74105358,-9.055119,2.44732571,28.6092052,-1.83139038,-8.0,0.0,-8.0,0.0,0.0,0.0,0.0,0.0,0.0,0.0
19.6408367,DATA,1,1,0,10,0,3.9986763,3.9986763,-7.93928576,1.73988211,-9.052477,3.14723659,26.4245663,-1.559906,-8.0,0.0,-8.0,0.0,0.0,0.0,0.0,0.0,0.0,0.0
19.6962757,DATA,1,1,0,10,0,4.0541153,4.0541153,-7.943065,1.73916006,-9.049417,3.72383761,24.0691776,-1.43649292,-8.0,0.0,-8.0,0.0,0.0,0.0,0.0,0.0,0.0,0.0
19.7515545,DATA,1,1,0,10,0,4.109394,4.109394,-7.947031,1.738319,-9.046401,4.107633,21.1169224,-1.49081421,-8.0,0.0,-8.0,0.0,0.0,0.0,0.0,0.0,0.0,0.0
19.80724,DATA,1,1,0,10,0,4.165079,4.165079,-7.950595,1.73764181,-9.04377651,4.452338,18.1535339,-1.70770264,-8.0,0.0,-8.0,0.0,0.0,0.0,0.0,0.0,0.0,0.0
19.8627129,DATA,1,1,0,10,0,4.22055244,4.22055244,-7.953774,1.73665071,-9.04186,5.07112,15.5386038,-1.69113159,-8.0,0.0,-8.0,0.0,0.0,0.0,0.0,0.0,0.0,0.0
19.9186687,DATA,1,1,0,10,0,4.27650833,4.27650833,-7.95647049,1.73589289,-9.040377,5.56153345,13.3076553,-1.870636,-8.0,0.0,-8.0,0.0,0.0,0.0,0.0,0.0,0.0,0.0
19.9739552,DATA,1,1,0,10,0,4.33179474,4.33179474,-7.95935535,1.73468471,-9.038944,6.34787273,10.8289576,-1.94949341,-8.0,0.0,-8.0,0.0,0.0,0.0,0.0,0.0,0.0,0.0
20.029335,DATA,1,1,0,10,0,4.38717461,4.38717461,-7.963331,1.73229146,-9.037584,7.63518953,7.47528362,-2.512909,-8.0,0.0,-8.0,0.0,0.0,0.0,0.0,0.0,0.0,0.0
20.0849552,DATA,1,1,0,10,0,4.442795,4.442795,-7.96668959,1.73069918,-9.035942,8.559848,4.29406166,-3.07537842,-8.0,0.0,-8.0,0.0,0.0,0.0,0.0,0.0,0.0,0.0
20.1407776,DATA,1,1,0,10,0,4.498617,4.498617,-7.9695406,1.7292788,-9.034648,9.222019,2.11095476,-3.344574,-8.0,0.0,-8.0,0.0,0.0,0.0,0.0,0.0,0.0,0.0
20.1959038,DATA,1,1,0,10,0,4.55374336,4.55374336,-7.971429,1.72827458,-9.03366,9.890216,0.50653857,-3.40600586,-8.0,0.0,-8.0,0.0,0.0,0.0,0.0,0.0,0.0,0.0
20.25103,DATA,1,1,0,10,0,4.60886955,4.60886955,-7.97286,1.72716653,-9.032978,10.5326929,-0.7953186,-3.40380859,-8.0,0.0,-8.0,0.0,0.0,0.0,0.0,0.0,0.0,0.0
20.3068333,DATA,1,1,0,10,0,4.664673,4.664673,-7.973823,1.72626531,-9.032073,11.0478945,-1.93664551,-3.39837646,-8.0,0.0,-8.0,0.0,0.0,0.0,0.0,0.0,0.0,0.0
20.36259,DATA,1,1,0,10,0,4.72043037,4.72043037,-7.974595,1.72539032,-9.03114,11.5962582,-2.896637,-3.451538,-8.0,0.0,-8.0,0.0,0.0,0.0,0.0,0.0,0.0,0.0
20.41798,DATA,1,1,0,10,0,4.77582,4.77582,-7.97490263,1.72467613,-9.030257,12.0722475,-3.60849,-3.5335083,-8.0,0.0,-8.0,0.0,0.0,0.0,0.0,0.0,0.0,0.0
20.4727955,DATA,1,1,0,10,0,4.830635,4.830635,-7.97486067,1.72387981,-9.029601,12.6077328,-4.078888,-3.59945679,-8.0,0.0,-8.0,0.0,0.0,0.0,0.0,0.0,0.0,0.0
20.52845,DATA,1,1,0,10,0,4.8862896,4.8862896,-7.974534,1.72305024,-9.029004,13.1386471,-4.354309,-3.64620972,-8.0,0.0,-8.0,0.0,0.0,0.0,0.0,0.0,0.0,0.0
20.5846748,DATA,1,1,0,10,0,4.94251442,4.94251442,-7.97447,1.72292006,-9.027832,13.3117256,-4.76086426,-3.95709229,-8.0,0.0,-8.0,0.0,0.0,0.0,0.0,0.0,0.0,0.0
20.64057,DATA,1,1,0,10,0,4.99840927,4.99840927,-7.975259,1.72297466,-9.026928,13.1322985,-5.785919,-4.45480347,-8.0,0.0,-8.0,0.0,0.0,0.0,0.0,0.0,0.0,0.0
20.696085,DATA,1,1,0,10,0,5.05392456,5.05392456,-7.975847,1.72268486,-9.026118,13.349432,-6.702301,-4.75997925,-8.0,0.0,-8.0,0.0,0.0,0.0,0.0,0.0,0.0,0.0
20.7519588,DATA,1,1,0,10,0,5.10979843,5.10979843,-7.976277,1.7222265,-9.02581,13.559701,-7.21466064,-4.715149,-8.0,0.0,-8.0,0.0,0.0,0.0,0.0,0.0,0.0,0.0
20.807478,DATA,1,1,0,10,0,5.16531754,5.16531754,-7.97613144,1.72211933,-9.024976,13.7107859,-7.48251343,-4.581787,-8.0,0.0,-8.0,0.0,0.0,0.0,0.0,0.0,0.0,0.0
20.8631649,DATA,1,1,0,10,0,5.22100449,5.22100449,-7.975835,1.72182953,-9.024314,13.8773251,-7.55780029,-4.52389526,-8.0,0.0,-8.0,0.0,0.0,0.0,0.0,0.0,0.0,0.0
20.9187145,DATA,1,1,0,10,0,5.276554,5.276554,-7.97506046,1.72155845,-9.023596,14.0386314,-7.4420166,-4.507965,-8.0,0.0,-8.0,0.0,0.0,0.0,0.0,0.0,0.0,0.0
20.9736977,DATA,1,1,0,10,0,5.33153725,5.33153725,-7.97458,1.72119975,-9.023784,14.1612587,-7.15509033,-4.44842529,-8.0,0.0,-8.0,0.0,0.0,0.0,0.0,0.0,0.0,0.0
21.0295486,DATA,1,1,0,10,0,5.387388,5.387388,-7.973566,1.72105587,-9.023566,14.2392492,-6.7043457,-4.380951,-8.0,0.0,-8.0,0.0,0.0,0.0,0.0,0.0,0.0,0.0
21.08514,DATA,1,1,0,10,0,5.44298,5.44298,-7.97252941,1.72107339,-9.0236,14.2790661,-6.106079,-4.254425,-8.0,0.0,-8.0,0.0,0.0,0.0,0.0,0.0,0.0,0.0
21.1411877,DATA,1,1,0,10,0,5.49902725,5.49902725,-7.971837,1.72111964,-9.023933,14.20082,-5.44921875,-4.12750244,-8.0,0.0,-8.0,0.0,0.0,0.0,0.0,0.0,0.0,0.0
21.19673,DATA,1,1,0,10,0,5.55456924,5.55456924,-7.97121763,1.72096491,-9.024197,14.2769489,-4.889862,-4.03381348,-8.0,0.0,-8.0,0.0,0.0,0.0,0.0,0.0,0.0,0.0
21.251709,DATA,1,1,0,10,0,5.60954857,5.60954857,-7.97110558,1.72092426,-9.024918,14.14306,-4.323059,-3.97979736,-8.0,0.0,-8.0,0.0,0.0,0.0,0.0,0.0,0.0,0.0
21.3070087,DATA,1,1,0,10,0,5.66484833,5.66484833,-7.97083235,1.72142947,-9.025184,13.8188248,-3.61740112,-3.8059082,-8.0,0.0,-8.0,0.0,0.0,0.0,0.0,0.0,0.0,0.0
21.3631954,DATA,1,1,0,10,0,5.721035,5.721035,-7.97014761,1.72227263,-9.02509,13.3454733,-2.81185913,-3.47857666,-8.0,0.0,-8.0,0.0,0.0,0.0,0.0,0.0,0.0,0.0
21.4189072,DATA,1,1,0,10,0,5.77674675,5.77674675,-7.969498,1.72297442,-9.025096,12.9129372,-2.02722168,-3.14385986,-8.0,0.0,-8.0,0.0,0.0,0.0,0.0,0.0,0.0,0.0
21.4744186,DATA,1,1,0,10,0,5.832258,5.832258,-7.969078,1.72327542,-9.025396,12.7567673,-1.30792236,-2.91601563,-8.0,0.0,-8.0,0.0,0.0,0.0,0.0,0.0,0.0,0.0
21.529541,DATA,1,1,0,10,0,5.8873806,5.8873806,-7.96863937,1.72323012,-9.025493,12.7347622,-0.6705017,-2.770874,-8.0,0.0,-8.0,0.0,0.0,0.0,0.0,0.0,0.0,0.0
21.5857944,DATA,1,1,0,10,0,5.943634,5.943634,-7.96823931,1.722895,-9.025691,12.9050932,-0.107543945,-2.64541626,-8.0,0.0,-8.0,0.0,0.0,0.0,0.0,0.0,0.0,0.0
21.6411953,DATA,1,1,0,10,0,5.999035,5.999035,-7.96770668,1.7225728,-9.025789,13.207572,0.271483034,-2.39373779,-8.0,0.0,-8.0,0.0,0.0,0.0,0.0,0.0,0.0,0.0
21.6969337,DATA,1,1,0,10,0,6.05477333,6.05477333,-7.96706057,1.7223618,-9.025586,13.3187628,1.00706267,-1.92727661,-8.0,0.0,-8.0,0.0,0.0,0.0,0.0,0.0,0.0,0.0
21.7518578,DATA,1,1,0,10,0,6.10969734,6.10969734,-7.965238,1.72285342,-9.025037,13.0986309,2.47005415,-1.13684082,-8.0,0.0,-8.0,0.0,0.0,0.0,0.0,0.0,0.0,0.0
21.80776,DATA,1,1,0,10,0,6.1656,6.1656,-7.96185255,1.7240895,-9.024459,12.4662638,5.467446,0.140610129,-8.0,0.0,-8.0,0.0,0.0,0.0,0.0,0.0,0.0,0.0
21.8634777,DATA,1,1,0,10,0,6.22131729,6.22131729,-7.95625544,1.7241329,-9.024994,12.43762,9.6484375,1.26065969,-8.0,0.0,-8.0,0.0,0.0,0.0,0.0,0.0,0.0,0.0
21.9191227,DATA,1,1,0,10,0,6.27696228,6.27696228,-7.95,1.72401416,-9.026204,12.5093842,14.2917337,2.065242,-8.0,0.0,-8.0,0.0,0.0,0.0,0.0,0.0,0.0,0.0
21.974781,DATA,1,1,0,10,0,6.33262062,6.33262062,-7.94370127,1.723568,-9.028205,12.6971807,18.9779987,2.51701,-8.0,0.0,-8.0,0.0,0.0,0.0,0.0,0.0,0.0,0.0
22.0300388,DATA,1,1,0,10,0,6.38787842,6.38787842,-7.938136,1.72359419,-9.03058,12.6660194,23.4057255,2.86939383,-8.0,0.0,-8.0,0.0,0.0,0.0,0.0,0.0,0.0,0.0
22.0859413,DATA,1,1,0,10,0,6.443781,6.443781,-7.932892,1.72328949,-9.033792,12.6147785,27.7650414,2.71264,-8.0,0.0,-8.0,0.0,0.0,0.0,0.0,0.0,0.0,0.0
22.14117,DATA,1,1,0,10,0,6.49901,6.49901,-7.92766333,1.72354293,-9.037772,12.2386513,32.2443161,2.315764,-8.0,0.0,-8.0,0.0,0.0,0.0,0.0,0.0,0.0,0.0
22.1963768,DATA,1,1,0,10,0,6.55421638,6.55421638,-7.92319,1.72362983,-9.042324,12.0303526,36.2601662,2.20874,-8.0,0.0,-8.0,0.0,0.0,0.0,0.0,0.0,0.0,0.0
22.25103,DATA,1,1,0,10,0,6.60886955,6.60886955,-7.9195013,1.72376692,-9.046731,11.8167076,39.74212,2.37623,-8.0,0.0,-8.0,0.0,0.0,0.0,0.0,0.0,0.0,0.0
22.30746,DATA,1,1,0,10,0,6.66530037,6.66530037,-7.91658735,1.72398221,-9.050805,11.55681,42.5050774,2.42131448,-8.0,0.0,-8.0,0.0,0.0,0.0,0.0,0.0,0.0,0.0
22.3633137,DATA,1,1,0,10,0,6.72115326,6.72115326,-7.914701,1.72369945,-9.054427,11.6718884,44.3048477,2.18350673,-8.0,0.0,-8.0,0.0,0.0,0.0,0.0,0.0,0.0,0.0
22.41858,DATA,1,1,0,10,0,6.77641869,6.77641869,-7.91321945,1.72377932,-9.056872,11.6943417,45.4702225,1.87833643,-8.0,0.0,-8.0,0.0,0.0,0.0,0.0,0.0,0.0,0.0
22.474802,DATA,1,1,0,10,0,6.8326416,6.8326416,-7.91190624,1.72369814,-9.058883,11.65477,46.4321632,1.50136042,-8.0,0.0,-8.0,0.0,0.0,0.0,0.0,0.0,0.0,0.0
22.5296783,DATA,1,1,0,10,0,6.887518,6.887518,-7.910683,1.72362268,-9.060332,11.7567673,47.1930428,1.352609,-8.0,0.0,-8.0,0.0,0.0,0.0,0.0,0.0,0.0,0.0
22.5861568,DATA,1,1,0,10,0,6.94399643,6.94399643,-7.90931463,1.72378707,-9.06129551,11.7392225,47.9288559,1.259395,-8.0,0.0,-8.0,0.0,0.0,0.0,0.0,0.0,0.0,0.0
22.6411839,DATA,1,1,0,10,0,6.99902344,6.99902344,-7.907624,1.72428465,-9.062708,11.4934835,48.802948,1.0926218,-8.0,0.0,-8.0,0.0,0.0,0.0,0.0,0.0,0.0,0.0
22.69756,DATA,1,1,0,10,0,7.055399,7.055399,-7.90614843,1.72456408,-9.064126,11.43399,49.6333,1.068484,-8.0,0.0,-8.0,0.0,0.0,0.0,0.0,0.0,0.0,0.0
22.7524567,DATA,1,1,0,10,0,7.11029625,7.11029625,-7.90503073,1.72460389,-9.065489,11.3552256,50.41476,0.9892817,-8.0,0.0,-8.0,0.0,0.0,0.0,0.0,0.0,0.0,0.0
22.80764,DATA,1,1,0,10,0,7.16547966,7.16547966,-7.903918,1.72421491,-9.066681,11.6592913,50.9963455,0.995372653,-8.0,0.0,-8.0,0.0,0.0,0.0,0.0,0.0,0.0,0.0
22.86373,DATA,1,1,0,10,0,7.221569,7.221569,-7.90292072,1.72377717,-9.067305,11.7774954,51.46262,0.953556955,-8.0,0.0,-8.0,0.0,0.0,0.0,0.0,0.0,0.0,0.0
22.91952,DATA,1,1,0,10,0,7.277359,7.277359,-7.90218449,1.723283,-9.06775951,12.0150814,51.8168144,0.954342,-8.0,0.0,-8.0,0.0,0.0,0.0,0.0,0.0,0.0,0.0
22.975069,DATA,1,1,0,10,0,7.33290863,7.33290863,-7.901554,1.72295892,-9.068192,12.1947565,52.19574,0.9608931,-8.0,0.0,-8.0,0.0,0.0,0.0,0.0,0.0,0.0,0.0
23.0304184,DATA,1,1,0,10,0,7.388258,7.388258,-7.901384,1.72282827,-9.068259,12.206027,52.4369354,0.981182,-8.0,0.0,-8.0,0.0,0.0,0.0,0.0,0.0,0.0,0.0
23.08625,DATA,1,1,0,10,0,7.44409,7.44409,-7.90146542,1.72267759,-9.068169,12.2584248,52.5288429,0.98614496,-8.0,0.0,-8.0,0.0,0.0,0.0,0.0,0.0,0.0,0.0
23.1413765,DATA,1,1,0,10,0,7.499216,7.499216,-7.90129137,1.72291028,-9.068033,12.2506342,52.57694,0.9721838,-8.0,0.0,-8.0,0.0,0.0,0.0,0.0,0.0,0.0,0.0
23.1974316,DATA,1,1,0,10,0,7.555271,7.555271,-7.901037,1.72288191,-9.067772,12.262352,52.55976,1.01529229,-8.0,0.0,-8.0,0.0,0.0,0.0,0.0,0.0,0.0,0.0
23.2525768,DATA,1,1,0,10,0,7.61041641,7.61041641,-7.90077734,1.72265768,-9.067656,12.379282,52.5408478,1.02075922,-8.0,0.0,-8.0,0.0,0.0,0.0,0.0,0.0,0.0,0.0
23.30786,DATA,1,1,0,10,0,7.665699,7.665699,-7.900243,1.72269917,-9.067694,12.3943491,52.5647736,0.9875563,-8.0,0.0,-8.0,0.0,0.0,0.0,0.0,0.0,0.0,0.0
23.3637886,DATA,1,1,0,10,0,7.721628,7.721628,-7.900049,1.72257936,-9.06777,12.43874,52.58671,0.971321762,-8.0,0.0,-8.0,0.0,0.0,0.0,0.0,0.0,0.0,0.0
23.4189873,DATA,1,1,0,10,0,7.776827,7.776827,-7.89981174,1.72249484,-9.067909,12.5003958,52.6234665,0.946610451,-8.0,0.0,-8.0,0.0,0.0,0.0,0.0,0.0,0.0,0.0
23.47465,DATA,1,1,0,10,0,7.832489,7.832489,-7.899482,1.72254348,-9.068125,12.4997931,52.6208344,0.826857746,-8.0,0.0,-8.0,0.0,0.0,0.0,0.0,0.0,0.0,0.0
23.52917,DATA,1,1,0,10,0,7.88700867,7.88700867,-7.899237,1.72274387,-9.068126,12.4462166,52.6070023,0.7303465,-8.0,0.0,-8.0,0.0,0.0,0.0,0.0,0.0,0.0,0.0
23.5856533,DATA,1,1,0,10,0,7.943493,7.943493,-7.899229,1.72262537,-9.067989,12.47047,52.5652237,0.73559916,-8.0,0.0,-8.0,0.0,0.0,0.0,0.0,0.0,0.0,0.0
23.6406269,DATA,1,1,0,10,0,7.99846649,7.99846649,-7.899304,1.72249246,-9.067596,12.5348539,52.4344749,0.7441817,-8.0,0.0,-8.0,0.0,0.0,0.0,0.0,0.0,0.0,0.0
23.6967163,DATA,1,1,0,10,0,8.054556,8.054556,-7.899286,1.7223444,-9.06738,12.6029873,52.341423,0.7753113,-8.0,0.0,-8.0,0.0,0.0,0.0,0.0,0.0,0.0,0.0
23.7516327,DATA,1,1,0,10,0,8.109472,8.109472,-7.89940834,1.72221947,-9.066993,12.6693325,52.29991,0.764579654,-8.0,0.0,-8.0,0.0,0.0,0.0,0.0,0.0,0.0,0.0
23.8069572,DATA,1,1,0,10,0,8.164797,8.164797,-7.899699,1.72187984,-9.067022,12.7269726,52.31039,0.728915632,-8.0,0.0,-8.0,0.0,0.0,0.0,0.0,0.0,0.0,0.0
23.8635082,DATA,1,1,0,10,0,8.221348,8.221348,-7.89964676,1.72171128,-9.066757,12.7497072,52.3476677,0.6450387,-8.0,0.0,-8.0,0.0,0.0,0.0,0.0,0.0,0.0,0.0
23.9186783,DATA,1,1,0,10,0,8.276518,8.276518,-7.89870262,1.72247362,-9.065291,12.5495186,52.01408,0.656039655,-8.0,0.0,-8.0,0.0,0.0,0.0,0.0,0.0,0.0,0.0
23.974678,DATA,1,1,0,10,0,8.332518,8.332518,-7.896401,1.7245326,-9.061419,11.877264,50.69541,0.8240002,-8.0,0.0,-8.0,0.0,0.0,0.0,0.0,0.0,0.0,0.0
24.0292873,DATA,1,1,0,10,0,8.387127,8.387127,-7.893216,1.72528279,-9.053785,11.4223452,48.0596352,1.21805966,-8.0,0.0,-8.0,0.0,0.0,0.0,0.0,0.0,0.0,0.0
24.085556,DATA,1,1,0,10,0,8.443396,8.443396,-7.890658,1.72343016,-9.043478,12.2163143,44.0818,1.55115819,-8.0,0.0,-8.0,0.0,0.0,0.0,0.0,0.0,0.0,0.0
24.14045,DATA,1,1,0,10,0,8.498289,8.498289,-7.888097,1.72195745,-9.031221,13.411972,39.7173157,1.81524611,-8.0,0.0,-8.0,0.0,0.0,0.0,0.0,0.0,0.0,0.0
24.1953716,DATA,1,1,0,10,0,8.553211,8.553211,-7.88519669,1.72181189,-9.017883,14.1612663,35.58664,2.17315125,-8.0,0.0,-8.0,0.0,0.0,0.0,0.0,0.0,0.0,0.0
24.2503014,DATA,1,1,0,10,0,8.608141,8.608141,-7.88157129,1.72284567,-9.003058,14.1978874,31.7322216,2.633487,-8.0,0.0,-8.0,0.0,0.0,0.0,0.0,0.0,0.0,0.0
24.3062115,DATA,1,1,0,10,0,8.664051,8.664051,-7.877672,1.7240386,-8.98834,14.2286406,28.3717,3.146261,-8.0,0.0,-8.0,0.0,0.0,0.0,0.0,0.0,0.0,0.0
24.3617687,DATA,1,1,0,10,0,8.719608,8.719608,-7.872691,1.72558177,-8.97277451,14.2569208,25.5409679,3.782776,-8.0,0.0,-8.0,0.0,0.0,0.0,0.0,0.0,0.0,0.0
24.418438,DATA,1,1,0,10,0,8.776278,8.776278,-7.867528,1.72713912,-8.957551,14.1952257,23.22837,4.42707634,-8.0,0.0,-8.0,0.0,0.0,0.0,0.0,0.0,0.0,0.0
24.4739723,DATA,1,1,0,10,0,8.831812,8.831812,-7.86209059,1.72747278,-8.943035,14.0165739,21.481205,4.86153936,-8.0,0.0,-8.0,0.0,0.0,0.0,0.0,0.0,0.0,0.0
24.528862,DATA,1,1,0,10,0,8.886702,8.886702,-7.85699,1.72524619,-8.930549,15.0776424,20.2336845,5.567047,-8.0,0.0,-8.0,0.0,0.0,0.0,0.0,0.0,0.0,0.0
24.5848885,DATA,1,1,0,10,0,8.942728,8.942728,-7.852306,1.72229719,-8.919246,16.4068584,19.1136742,6.0745635,-8.0,0.0,-8.0,0.0,0.0,0.0,0.0,0.0,0.0,0.0
24.64065,DATA,1,1,0,10,0,8.998489,8.998489,-7.84783936,1.71981525,-8.909589,17.9685478,18.3029289,6.542625,-8.0,0.0,-8.0,0.0,0.0,0.0,0.0,0.0,0.0,0.0
24.69579,DATA,1,1,0,10,0,9.053629,9.053629,-7.8437705,1.71859026,-8.901268,18.85253,17.32314,6.68341446,-8.0,0.0,-8.0,0.0,0.0,0.0,0.0,0.0,0.0,0.0
24.75108,DATA,1,1,0,10,0,9.108919,9.108919,-7.83983469,1.7187748,-8.894345,18.8391457,16.4474163,6.398824,-8.0,0.0,-8.0,0.0,0.0,0.0,0.0,0.0,0.0,0.0
24.8066616,DATA,1,1,0,10,0,9.164501,9.164501,-7.83604574,1.71948,-8.888414,18.6871853,15.5921288,5.99282026,-8.0,0.0,-8.0,0.0,0.0,0.0,0.0,0.0,0.0,0.0
24.8622646,DATA,1,1,0,10,0,9.220104,9.220104,-7.83231,1.71998119,-8.88299,18.7847462,14.9897881,5.61124134,-8.0,0.0,-8.0,0.0,0.0,0.0,0.0,0.0,0.0,0.0
24.9182243,DATA,1,1,0,10,0,9.276064,9.276064,-7.828659,1.71994352,-8.878259,19.1278152,14.5643454,5.20832348,-8.0,0.0,-8.0,0.0,0.0,0.0,0.0,0.0,0.0,0.0
24.9733353,DATA,1,1,0,10,0,9.331175,9.331175,-7.82510376,1.719336,-8.87366,19.50117,14.4450388,4.861228,-8.0,0.0,-8.0,0.0,0.0,0.0,0.0,0.0,0.0,0.0
25.0294285,DATA,1,1,0,10,0,9.387268,9.387268,-7.82128668,1.717957,-8.869389,19.9408321,14.5184622,4.628226,-8.0,0.0,-8.0,0.0,0.0,0.0,0.0,0.0,0.0,0.0
25.0845547,DATA,1,1,0,10,0,9.442394,9.442394,-7.81817245,1.71605635,-8.865738,20.7350082,14.6926937,4.413144,-8.0,0.0,-8.0,0.0,0.0,0.0,0.0,0.0,0.0,0.0
25.1399155,DATA,1,1,0,10,0,9.497755,9.497755,-7.81544828,1.71358919,-8.862996,21.8160744,14.9071617,4.16619539,-8.0,0.0,-8.0,0.0,0.0,0.0,0.0,0.0,0.0,0.0
25.1957226,DATA,1,1,0,10,0,9.553562,9.553562,-7.81331444,1.71065819,-8.86108,23.2895279,15.0991611,4.003864,-8.0,0.0,-8.0,0.0,0.0,0.0,0.0,0.0,0.0,0.0
25.2504158,DATA,1,1,0,10,0,9.608255,9.608255,-7.81166172,1.7102679,-8.859462,23.410078,15.27748,3.88870287,-8.0,0.0,-8.0,0.0,0.0,0.0,0.0,0.0,0.0,0.0
25.306427,DATA,1,1,0,10,0,9.664267,9.664267,-7.81128836,1.71232855,-8.859217,22.0806675,15.4466591,3.9779036,-8.0,0.0,-8.0,0.0,0.0,0.0,0.0,0.0,0.0,0.0
25.3620853,DATA,1,1,0,10,0,9.719925,9.719925,-7.811454,1.7135421,-8.859839,21.4951153,15.5369,4.032372,-8.0,0.0,-8.0,0.0,0.0,0.0,0.0,0.0,0.0,0.0
25.4173336,DATA,1,1,0,10,0,9.775173,9.775173,-7.811863,1.71289921,-8.86094952,22.0929585,15.5277023,4.07886457,-8.0,0.0,-8.0,0.0,0.0,0.0,0.0,0.0,0.0,0.0
25.4738941,DATA,1,1,0,10,0,9.831734,9.831734,-7.81249332,1.71172142,-8.861718,22.9578781,15.43208,4.215716,-8.0,0.0,-8.0,0.0,0.0,0.0,0.0,0.0,0.0,0.0
25.527956,DATA,1,1,0,10,0,9.885796,9.885796,-7.813276,1.71127129,-8.862728,23.2094288,15.4719706,4.35726261,-8.0,0.0,-8.0,0.0,0.0,0.0,0.0,0.0,0.0,0.0
25.5841789,DATA,1,1,0,10,0,9.94201851,9.94201851,-7.814396,1.71168411,-8.863979,23.058012,15.5297451,4.425518,-8.0,0.0,-8.0,0.0,0.0,0.0,0.0,0.0,0.0,0.0
25.6398182,DATA,1,1,0,10,0,9.997658,9.997658,-7.81574726,1.71205032,-8.865508,23.0566769,15.608161,4.59688,-8.0,0.0,-8.0,0.0,0.0,0.0,0.0,0.0,0.0,0.0
25.6958485,DATA,1,1,0,10,0,10.053688,10.053688,-7.81719971,1.71251082,-8.86689,22.87511,15.5516682,4.530355,-8.0,0.0,-8.0,0.0,0.0,0.0,0.0,0.0,0.0,0.0
25.7504559,DATA,1,1,0,10,0,10.1082954,10.1082954,-7.818134,1.71266127,-8.867689,22.8888836,15.4814968,4.55060053,-8.0,0.0,-8.0,0.0,0.0,0.0,0.0,0.0,0.0,0.0
25.8064785,DATA,1,1,0,10,0,10.1643181,10.1643181,-7.81902075,1.71283662,-8.868894,22.8903046,15.3973894,4.447795,-8.0,0.0,-8.0,0.0,0.0,0.0,0.0,0.0,0.0,0.0
25.8628216,DATA,1,1,0,10,0,10.2206612,10.2206612,-7.819485,1.71253169,-8.870017,23.0693989,15.332839,4.34305239,-8.0,0.0,-8.0,0.0,0.0,0.0,0.0,0.0,0.0,0.0
25.9182224,DATA,1,1,0,10,0,10.276062,10.276062,-7.819799,1.71197271,-8.871464,23.5668545,15.32606,4.26755047,-8.0,0.0,-8.0,0.0,0.0,0.0,0.0,0.0,0.0,0.0
25.9739933,DATA,1,1,0,10,0,10.3318329,10.3318329,-7.8197484,1.711916,-8.872268,23.58339,15.4488945,4.36051226,-8.0,0.0,-8.0,0.0,0.0,0.0,0.0,0.0,0.0,0.0
26.0296345,DATA,1,1,0,10,0,10.3874741,10.3874741,-7.81941366,1.71309924,-8.873202,22.9660759,15.7088175,4.625066,-8.0,0.0,-8.0,0.0,0.0,0.0,0.0,0.0,0.0,0.0
26.08558,DATA,1,1,0,10,0,10.44342,10.44342,-7.81905842,1.71416759,-8.874056,22.3967342,15.7286568,4.62879467,-8.0,0.0,-8.0,0.0,0.0,0.0,0.0,0.0,0.0,0.0
26.1408749,DATA,1,1,0,10,0,10.4987144,10.4987144,-7.818632,1.71450138,-8.874868,22.47452,15.66254,4.41543531,-8.0,0.0,-8.0,0.0,0.0,0.0,0.0,0.0,0.0,0.0
26.1964226,DATA,1,1,0,10,0,10.5542622,10.5542622,-7.818077,1.71416342,-8.874742,22.556715,15.6073065,4.305272,-8.0,0.0,-8.0,0.0,0.0,0.0,0.0,0.0,0.0,0.0
26.25168,DATA,1,1,0,10,0,10.60952,10.60952,-7.81754875,1.71358478,-8.874422,22.7331,15.7422285,4.274282,-8.0,0.0,-8.0,0.0,0.0,0.0,0.0,0.0,0.0,0.0
26.3068142,DATA,1,1,0,10,0,10.6646538,10.6646538,-7.81710863,1.71320641,-8.87393951,22.9001122,15.993124,4.38973665,-8.0,0.0,-8.0,0.0,0.0,0.0,0.0,0.0,0.0,0.0
26.3632355,DATA,1,1,0,10,0,10.7210751,10.7210751,-7.81687737,1.712793,-8.87346,23.0235424,16.2448082,4.74008226,-8.0,0.0,-8.0,0.0,0.0,0.0,0.0,0.0,0.0,0.0
26.4190216,DATA,1,1,0,10,0,10.7768612,10.7768612,-7.81698942,1.71250558,-8.873073,23.134779,16.2322159,4.96049643,-8.0,0.0,-8.0,0.0,0.0,0.0,0.0,0.0,0.0,0.0
26.4742222,DATA,1,1,0,10,0,10.8320618,10.8320618,-7.81728458,1.71202767,-8.872544,23.28363,16.0716419,5.01888943,-8.0,0.0,-8.0,0.0,0.0,0.0,0.0,0.0,0.0,0.0
26.5291767,DATA,1,1,0,10,0,10.8870163,10.8870163,-7.817501,1.71192551,-8.872331,23.362772,15.9177866,4.97298241,-8.0,0.0,-8.0,0.0,0.0,0.0,0.0,0.0,0.0,0.0
26.5854912,DATA,1,1,0,10,0,10.9433308,10.9433308,-7.81743,1.71200681,-8.871716,23.3736038,15.8377352,4.88658142,-8.0,0.0,-8.0,0.0,0.0,0.0,0.0,0.0,0.0,0.0
26.6407871,DATA,1,1,0,10,0,10.9986267,10.9986267,-7.81732655,1.71168232,-8.871464,23.5673466,15.9247875,4.89448738,-8.0,0.0,-8.0,0.0,0.0,0.0,0.0,0.0,0.0,0.0
26.6964149,DATA,1,1,0,10,0,11.0542545,11.0542545,-7.81709051,1.71119225,-8.87121,23.7162228,16.2099075,4.95702744,-8.0,0.0,-8.0,0.0,0.0,0.0,0.0,0.0,0.0,0.0
26.7514057,DATA,1,1,0,10,0,11.1092453,11.1092453,-7.81709528,1.71096039,-8.871107,23.8292885,16.4774,5.09678841,-8.0,0.0,-8.0,0.0,0.0,0.0,0.0,0.0,0.0,0.0
26.8076172,DATA,1,1,0,10,0,11.1654568,11.1654568,-7.81727839,1.71061277,-8.870601,24.0494251,16.6098976,5.1325984,-8.0,0.0,-8.0,0.0,0.0,0.0,0.0,0.0,0.0,0.0
26.86284,DATA,1,1,0,10,0,11.22068,11.22068,-7.81786251,1.70990229,-8.870233,24.4012585,16.5620728,5.17639542,-8.0,0.0,-8.0,0.0,0.0,0.0,0.0,0.0,0.0,0.0
26.9183464,DATA,1,1,0,10,0,11.276186,11.276186,-7.81852341,1.70898187,-8.86973,24.8063583,16.4376221,5.155521,-8.0,0.0,-8.0,0.0,0.0,0.0,0.0,0.0,0.0,0.0
26.9734879,DATA,1,1,0,10,0,11.3313274,11.3313274,-7.819182,1.708308,-8.869331,25.1037636,16.4093838,5.120753,-8.0,0.0,-8.0,0.0,0.0,0.0,0.0,0.0,0.0,0.0
27.02896,DATA,1,1,0,10,0,11.3867989,11.3867989,-7.819808,1.7080338,-8.868822,25.2864857,16.44414,5.11637259,-8.0,0.0,-8.0,0.0,0.0,0.0,0.0,0.0,0.0,0.0
27.0848274,DATA,1,1,0,10,0,11.442667,11.442667,-7.82037067,1.70774424,-8.868137,25.4344349,16.4719276,5.15905333,-8.0,0.0,-8.0,0.0,0.0,0.0,0.0,0.0,0.0,0.0
27.1408329,DATA,1,1,0,10,0,11.4986725,11.4986725,-7.82117176,1.70720243,-8.867603,25.6193924,16.5661259,5.289614,-8.0,0.0,-8.0,0.0,0.0,0.0,0.0,0.0,0.0,0.0
27.1962471,DATA,1,1,0,10,0,11.5540867,11.5540867,-7.822029,1.70646572,-8.866788,25.8229179,16.5331631,5.506446,-8.0,0.0,-8.0,0.0,0.0,0.0,0.0,0.0,0.0,0.0
27.251173,DATA,1,1,0,10,0,11.6090126,11.6090126,-7.82271671,1.706002,-8.866229,26.0266914,16.4612675,5.61498928,-8.0,0.0,-8.0,0.0,0.0,0.0,0.0,0.0,0.0,0.0
27.30722,DATA,1,1,0,10,0,11.66506,11.66506,-7.82295656,1.7056042,-8.86586952,26.18789,16.4749756,5.51914072,-8.0,0.0,-8.0,0.0,0.0,0.0,0.0,0.0,0.0,0.0
27.3625565,DATA,1,1,0,10,0,11.720396,11.720396,-7.82313871,1.70524991,-8.865506,26.3395348,16.5318851,5.53974247,-8.0,0.0,-8.0,0.0,0.0,0.0,0.0,0.0,0.0,0.0
27.4184933,DATA,1,1,0,10,0,11.7763329,11.7763329,-7.82332039,1.70451868,-8.864952,26.5448074,16.5824928,5.61627,-8.0,0.0,-8.0,0.0,0.0,0.0,0.0,0.0,0.0,0.0
27.4733963,DATA,1,1,0,10,0,11.8312359,11.8312359,-7.82355833,1.70416546,-8.864837,26.7162952,16.65138,5.63609648,-8.0,0.0,-8.0,0.0,0.0,0.0,0.0,0.0,0.0,0.0
27.5288582,DATA,1,1,0,10,0,11.8866978,11.8866978,-7.82359266,1.7040534,-8.864863,26.8541546,16.7334614,5.61730528,-8.0,0.0,-8.0,0.0,0.0,0.0,0.0,0.0,0.0,0.0
27.58471,DATA,1,1,0,10,0,11.9425488,11.9425488,-7.823685,1.70411563,-8.864997,26.8765182,16.8783131,5.611485,-8.0,0.0,-8.0,0.0,0.0,0.0,0.0,0.0,0.0,0.0
27.64012,DATA,1,1,0,10,0,11.9979591,11.9979591,-7.82382727,1.70388734,-8.865041,26.9280834,16.98335,5.61071253,-8.0,0.0,-8.0,0.0,0.0,0.0,0.0,0.0,0.0,0.0
27.6961956,DATA,1,1,0,10,0,12.0540352,12.0540352,-7.823937,1.70372093,-8.86534,26.9970722,17.128912,5.55209351,-8.0,0.0,-8.0,0.0,0.0,0.0,0.0,0.0,0.0,0.0
27.7509556,DATA,1,1,0,10,0,12.1087952,12.1087952,-7.82409143,1.70379043,-8.86605549,27.142952,17.2572117,5.563105,-8.0,0.0,-8.0,0.0,0.0,0.0,0.0,0.0,0.0,0.0
27.80669,DATA,1,1,0,10,0,12.16453,12.16453,-7.824276,1.70397949,-8.866892,27.2277927,17.4054413,5.495246,-8.0,0.0,-8.0,0.0,0.0,0.0,0.0,0.0,0.0,0.0
27.8623028,DATA,1,1,0,10,0,12.2201424,12.2201424,-7.824461,1.70438433,-8.867852,27.1092434,17.43449,5.50638437,-8.0,0.0,-8.0,0.0,0.0,0.0,0.0,0.0,0.0,0.0
27.9180031,DATA,1,1,0,10,0,12.2758427,12.2758427,-7.824114,1.70442092,-8.868847,27.0037384,17.4524574,5.51430655,-8.0,0.0,-8.0,0.0,0.0,0.0,0.0,0.0,0.0,0.0
27.9730911,DATA,1,1,0,10,0,12.3309307,12.3309307,-7.8233757,1.704853,-8.870027,26.8493481,17.5022278,5.44340372,-8.0,0.0,-8.0,0.0,0.0,0.0,0.0,0.0,0.0,0.0
28.0294857,DATA,1,1,0,10,0,12.3873253,12.3873253,-7.82229042,1.70525253,-8.871264,26.6484776,17.6088734,5.29086828,-8.0,0.0,-8.0,0.0,0.0,0.0,0.0,0.0,0.0,0.0
28.08409,DATA,1,1,0,10,0,12.4419289,12.4419289,-7.8213625,1.70586383,-8.8727,26.4020786,17.6221867,4.99406576,-8.0,0.0,-8.0,0.0,0.0,0.0,0.0,0.0,0.0,0.0
28.14011,DATA,1,1,0,10,0,12.49795,12.49795,-7.820709,1.70592141,-8.874218,26.17531,17.587616,4.78372049,-8.0,0.0,-8.0,0.0,0.0,0.0,0.0,0.0,0.0,0.0
28.1960049,DATA,1,1,0,10,0,12.5538445,12.5538445,-7.82039642,1.70642781,-8.875755,25.8359985,17.5116272,4.58528137,-8.0,0.0,-8.0,0.0,0.0,0.0,0.0,0.0,0.0,0.0
28.25133,DATA,1,1,0,10,0,12.609169,12.609169,-7.82061338,1.70623875,-8.877118,25.6438217,17.53435,4.36452627,-8.0,0.0,-8.0,0.0,0.0,0.0,0.0,0.0,0.0,0.0
28.3066082,DATA,1,1,0,10,0,12.6644478,12.6644478,-7.82168245,1.70570767,-8.878759,25.8882923,17.4483376,4.27972126,-8.0,0.0,-8.0,0.0,0.0,0.0,0.0,0.0,0.0,0.0
28.362093,DATA,1,1,0,10,0,12.7199326,12.7199326,-7.82345867,1.70531678,-8.880508,26.2373676,17.2686024,4.35529,-8.0,0.0,-8.0,0.0,0.0,0.0,0.0,0.0,0.0,0.0
28.4177284,DATA,1,1,0,10,0,12.775568,12.775568,-7.826206,1.70513868,-8.883696,26.51697,16.9229679,4.59031439,-8.0,0.0,-8.0,0.0,0.0,0.0,0.0,0.0,0.0,0.0
28.4733944,DATA,1,1,0,10,0,12.831234,12.831234,-7.82989359,1.705151,-8.888301,26.6248035,16.1598225,4.72666931,-8.0,0.0,-8.0,0.0,0.0,0.0,0.0,0.0,0.0,0.0
28.5285568,DATA,1,1,0,10,0,12.8863964,12.8863964,-7.83338,1.70603371,-8.892547,26.29085,15.539732,4.71093,-8.0,0.0,-8.0,0.0,0.0,0.0,0.0,0.0,0.0,0.0
28.5847855,DATA,1,1,0,10,0,12.942625,12.942625,-7.83614,1.70622313,-8.89775848,25.9695835,15.70727,5.100078,-8.0,0.0,-8.0,0.0,0.0,0.0,0.0,0.0,0.0,0.0
28.64022,DATA,1,1,0,10,0,12.99806,12.99806,-7.838612,1.70573533,-8.902472,26.10496,16.019474,5.84231424,-8.0,0.0,-8.0,0.0,0.0,0.0,0.0,0.0,0.0,0.0
28.6959019,DATA,1,1,0,10,0,13.0537415,13.0537415,-7.841146,1.70718384,-8.906756,25.1079044,16.4231319,6.12538338,-8.0,0.0,-8.0,0.0,0.0,0.0,0.0,0.0,0.0,0.0
28.7511368,DATA,1,1,0,10,0,13.1089764,13.1089764,-7.84374332,1.70913517,-8.909807,23.50413,16.8360023,6.913736,-8.0,0.0,-8.0,0.0,0.0,0.0,0.0,0.0,0.0,0.0
28.80653,DATA,1,1,0,10,0,13.16437,13.16437,-7.84628534,1.71140027,-8.912163,21.27664,17.6177158,6.85673857,-8.0,0.0,-8.0,0.0,0.0,0.0,0.0,0.0,0.0,0.0
28.8630524,DATA,1,1,0,10,0,13.220892,13.220892,-7.84963036,1.718655,-8.9130125,19.3243351,17.76035,8.14505,-8.0,0.0,-8.0,0.0,0.0,0.0,0.0,0.0,0.0,0.0
28.91869,DATA,1,1,0,10,0,13.2765293,13.2765293,-7.85325766,1.7283,-8.910181,16.6702747,17.2563038,10.7566452,-8.0,0.0,-8.0,0.0,0.0,0.0,0.0,0.0,0.0,0.0
28.9739914,DATA,1,1,0,10,0,13.331831,13.331831,-7.85758543,1.73843348,-8.907592,13.9594545,16.6783485,13.3546753,-8.0,0.0,-8.0,0.0,0.0,0.0,0.0,0.0,0.0,0.0
29.02968,DATA,1,1,0,10,0,13.38752,13.38752,-7.86177063,1.74914062,-8.904536,10.3064146,16.3727283,16.1225166,-8.0,0.0,-8.0,0.0,0.0,0.0,0.0,0.0,0.0,0.0
29.0849113,DATA,1,1,0,10,0,13.4427509,13.4427509,-7.864955,1.75909209,-8.898895,6.88307142,15.03422,19.2811527,-8.0,0.0,-8.0,0.0,0.0,0.0,0.0,0.0,0.0,0.0
29.1408978,DATA,1,1,0,10,0,13.4987373,13.4987373,-7.86919,1.76803207,-8.893889,6.30713034,15.0637207,20.7243767,-8.0,0.0,-8.0,0.0,0.0,0.0,0.0,0.0,0.0,0.0
29.196703,DATA,1,1,0,10,0,13.5545425,13.5545425,-7.8716116,1.77254963,-8.892037,6.65819454,14.8210936,20.362196,-8.0,0.0,-8.0,0.0,0.0,0.0,0.0,0.0,0.0,0.0
29.2516785,DATA,1,1,0,10,0,13.6095181,13.6095181,-7.87357044,1.77429891,-8.894079,6.9942317,13.681056,20.2328358,-8.0,0.0,-8.0,0.0,0.0,0.0,0.0,0.0,0.0,0.0
29.307373,DATA,1,1,0,10,0,13.6652126,13.6652126,-7.87311554,1.7743268,-8.896684,6.75224829,14.1874647,20.7019272,-8.0,0.0,-8.0,0.0,0.0,0.0,0.0,0.0,0.0,0.0
29.3631535,DATA,1,1,0,10,0,13.720993,13.720993,-7.87207031,1.77268863,-8.900967,6.798756,15.121542,19.5430355,-8.0,0.0,-8.0,0.0,0.0,0.0,0.0,0.0,0.0,0.0
29.4186935,DATA,1,1,0,10,0,13.7765331,13.7765331,-7.87074232,1.77098191,-8.903992,6.858364,16.4729786,18.2859173,-8.0,0.0,-8.0,0.0,0.0,0.0,0.0,0.0,0.0,0.0
29.4742,DATA,1,1,0,10,0,13.8320389,13.8320389,-7.86919928,1.77040565,-8.906688,7.51703835,16.9627514,17.2054043,-8.0,0.0,-8.0,0.0,0.0,0.0,0.0,0.0,0.0,0.0
29.5296516,DATA,1,1,0,10,0,13.8874912,13.8874912,-7.8675046,1.77123845,-8.909212,7.588404,16.8062057,16.9573917,-8.0,0.0,-8.0,0.0,0.0,0.0,0.0,0.0,0.0,0.0
29.5857563,DATA,1,1,0,10,0,13.9435959,13.9435959,-7.865885,1.77441645,-8.909912,7.8768816,16.805069,16.95226,-8.0,0.0,-8.0,0.0,0.0,0.0,0.0,0.0,0.0,0.0
29.6409473,DATA,1,1,0,10,0,13.9987869,13.9987869,-7.86545467,1.78248394,-8.906498,8.759717,17.1341934,18.3282719,-8.0,0.0,-8.0,0.0,0.0,0.0,0.0,0.0,0.0,0.0
29.696907,DATA,1,1,0,10,0,14.0547466,14.0547466,-7.86675549,1.79499006,-8.899715,10.2332354,16.32456,20.9982,-8.0,0.0,-8.0,0.0,0.0,0.0,0.0,0.0,0.0,0.0
29.7518368,DATA,1,1,0,10,0,14.1096764,14.1096764,-7.8702755,1.8105433,-8.888534,13.0134516,16.439743,24.2711277,-8.0,0.0,-8.0,0.0,0.0,0.0,0.0,0.0,0.0,0.0
29.8076782,DATA,1,1,0,10,0,14.1655178,14.1655178,-7.874216,1.82495654,-8.874971,17.8454876,18.08617,26.8649826,-8.0,0.0,-8.0,0.0,0.0,0.0,0.0,0.0,0.0,0.0
29.8626614,DATA,1,1,0,10,0,14.2205009,14.2205009,-7.877306,1.835081,-8.860485,23.4207325,19.2550011,28.6758213,-8.0,0.0,-8.0,0.0,0.0,0.0,0.0,0.0,0.0,0.0
29.9180527,DATA,1,1,0,10,0,14.2758923,14.2758923,-7.878355,1.83930743,-8.844415,27.2414455,21.60053,30.3960838,-8.0,0.0,-8.0,0.0,0.0,0.0,0.0,0.0,0.0,0.0
29.9730282,DATA,1,1,0,10,0,14.3308678,14.3308678,-7.87601852,1.83865726,-8.82745,31.3188629,24.8851261,32.65273,-8.0,0.0,-8.0,0.0,0.0,0.0,0.0,0.0,0.0,0.0
30.0281181,DATA,1,1,0,10,0,14.3859577,14.3859577,-7.868054,1.8328793,-8.809403,34.6954422,26.2885456,34.10232,-8.0,0.0,-8.0,0.0,0.0,0.0,0.0,0.0,0.0,0.0
30.0834942,DATA,1,1,0,10,0,14.4413338,14.4413338,-7.85459137,1.8245821,-8.791755,38.4801941,24.7791882,33.06711,-8.0,0.0,-8.0,0.0,0.0,0.0,0.0,0.0,0.0,0.0
30.1390343,DATA,1,1,0,10,0,14.4968739,14.4968739,-7.83721876,1.81393909,-8.774704,42.7203941,22.2881088,30.2443027,-8.0,0.0,-8.0,0.0,0.0,0.0,0.0,0.0,0.0,0.0
30.1945763,DATA,1,1,0,10,0,14.5524158,14.5524158,-7.81663847,1.80144417,-8.759243,45.56224,17.42824,25.8661461,-8.0,0.0,-8.0,0.0,0.0,0.0,0.0,0.0,0.0,0.0
30.2494373,DATA,1,1,0,10,0,14.6072769,14.6072769,-7.79466963,1.78677475,-8.745923,46.9986267,11.8990812,21.74852,-8.0,0.0,-8.0,0.0,0.0,0.0,0.0,0.0,0.0,0.0
30.3060913,DATA,1,1,0,10,0,14.6639309,14.6639309,-7.7723074,1.77114761,-8.734101,47.63243,5.655788,16.4421654,-8.0,0.0,-8.0,0.0,0.0,0.0,0.0,0.0,0.0,0.0
30.36111,DATA,1,1,0,10,0,14.71895,14.71895,-7.74947357,1.75405657,-8.722248,47.18622,0.2700275,12.0490112,-8.0,0.0,-8.0,0.0,0.0,0.0,0.0,0.0,0.0,0.0
30.4173183,DATA,1,1,0,10,0,14.7751579,14.7751579,-7.727806,1.737615,-8.70961952,48.2302971,-4.928253,7.89953756,-8.0,0.0,-8.0,0.0,0.0,0.0,0.0,0.0,0.0,0.0
30.4718971,DATA,1,1,0,10,0,14.8297367,14.8297367,-7.70579958,1.71950817,-8.69652748,47.93946,-9.793945,3.781034,-8.0,0.0,-8.0,0.0,0.0,0.0,0.0,0.0,0.0,0.0
30.527647,DATA,1,1,0,10,0,14.8854866,14.8854866,-7.68591928,1.70102262,-8.683189,47.7172279,-13.10022,-0.3887329,-8.0,0.0,-8.0,0.0,0.0,0.0,0.0,0.0,0.0,0.0
30.5834789,DATA,1,1,0,10,0,14.9413185,14.9413185,-7.6679883,1.68277836,-8.66926,47.5187263,-14.0410767,-4.907257,-8.0,0.0,-8.0,0.0,0.0,0.0,0.0,0.0,0.0,0.0
30.6391258,DATA,1,1,0,10,0,14.9969654,14.9969654,-7.647706,1.66674757,-8.654762,48.6345749,-16.75946,-9.524597,-8.0,0.0,-8.0,0.0,0.0,0.0,0.0,0.0,0.0,0.0
30.6936378,DATA,1,1,0,10,0,15.0514774,15.0514774,-7.626347,1.651952,-8.639945,49.0867233,-20.8435974,-12.9737854,-8.0,0.0,-8.0,0.0,0.0,0.0,0.0,0.0,0.0,0.0
30.749588,DATA,1,1,0,10,0,15.1074276,15.1074276,-7.60621262,1.63760138,-8.625788,48.7000847,-25.1078186,-15.8106384,-8.0,0.0,-8.0,0.0,0.0,0.0,0.0,0.0,0.0,0.0
30.8058186,DATA,1,1,0,10,0,15.1636581,15.1636581,-7.587559,1.62471259,-8.61368,46.85369,-26.9989929,-18.055481,-8.0,0.0,-8.0,0.0,0.0,0.0,0.0,0.0,0.0,0.0
30.861187,DATA,1,1,0,10,0,15.2190266,15.2190266,-7.5695715,1.61188829,-8.60595,44.7035866,-27.3835449,-18.92627,-8.0,0.0,-8.0,0.0,0.0,0.0,0.0,0.0,0.0,0.0
30.9166355,DATA,1,1,0,10,0,15.2744751,15.2744751,-7.550601,1.59760261,-8.600528,39.7533,-27.4228516,-19.7755127,-8.0,0.0,-8.0,0.0,0.0,0.0,0.0,0.0,0.0,0.0
30.9778461,DATA,1,1,0,10,0,15.3356857,15.3356857,-7.53156567,1.58101249,-8.597259,32.9231,-26.7938538,-19.49704,-8.0,0.0,-8.0,0.0,0.0,0.0,0.0,0.0,0.0,0.0
31.039856,DATA,1,1,0,10,0,15.3976955,15.3976955,-7.50792027,1.55878663,-8.593613,23.8425236,-25.779541,-19.243927,-8.0,0.0,-8.0,0.0,0.0,0.0,0.0,0.0,0.0,0.0
31.0977345,DATA,1,1,0,10,0,15.455574,15.455574,-7.489919,1.54299021,-8.589767,19.7641258,-24.6903076,-19.9792175,-8.0,0.0,-8.0,0.0,0.0,0.0,0.0,0.0,0.0,0.0
31.1537342,DATA,1,1,0,10,0,15.5115738,15.5115738,-7.47134542,1.52809763,-8.584033,16.4152031,-23.8179321,-20.244873,-8.0,0.0,-8.0,0.0,0.0,0.0,0.0,0.0,0.0,0.0
31.20843,DATA,1,1,0,10,0,15.5662689,15.5662689,-7.45276642,1.51519847,-8.576994,14.4440746,-23.2268982,-20.5871277,-8.0,0.0,-8.0,0.0,0.0,0.0,0.0,0.0,0.0,0.0
31.2631245,DATA,1,1,0,10,0,15.6209641,15.6209641,-7.434469,1.50377309,-8.568434,12.5028248,-22.1800232,-20.0982056,-8.0,0.0,-8.0,0.0,0.0,0.0,0.0,0.0,0.0,0.0
31.3188419,DATA,1,1,0,10,0,15.6766815,15.6766815,-7.416308,1.49299979,-8.559018,11.8057375,-21.061554,-18.91388,-8.0,0.0,-8.0,0.0,0.0,0.0,0.0,0.0,0.0,0.0
31.3753567,DATA,1,1,0,10,0,15.7331963,15.7331963,-7.39867353,1.48076141,-8.550189,10.2215185,-20.4248352,-18.3748169,-8.0,0.0,-8.0,0.0,0.0,0.0,0.0,0.0,0.0,0.0
31.4283886,DATA,1,1,0,10,0,15.7862282,15.7862282,-7.38246965,1.46820831,-8.541002,8.095741,-19.1362,-17.5370483,-8.0,0.0,-8.0,0.0,0.0,0.0,0.0,0.0,0.0,0.0
31.4850769,DATA,1,1,0,10,0,15.8429165,15.8429165,-7.36611938,1.454643,-8.531397,5.05618525,-17.737793,-16.8872375,-8.0,0.0,-8.0,0.0,0.0,0.0,0.0,0.0,0.0,0.0
31.54082,DATA,1,1,0,10,0,15.8986588,15.8986588,-7.349565,1.44217062,-8.520824,2.574237,-18.1390686,-15.9483948,-8.0,0.0,-8.0,0.0,0.0,0.0,0.0,0.0,0.0,0.0
31.5998726,DATA,1,1,0,10,0,15.9577122,15.9577122,-7.33329058,1.43137562,-8.508917,2.68264222,-19.2123413,-15.8526917,-8.0,0.0,-8.0,0.0,0.0,0.0,0.0,0.0,0.0,0.0
31.667841,DATA,1,1,0,10,0,16.02568,16.02568,-7.317946,1.42118633,-8.497109,2.4783814,-20.4837036,-16.0007629,-8.0,0.0,-8.0,0.0,0.0,0.0,0.0,0.0,0.0,0.0
31.7294369,DATA,1,1,0,10,0,16.0872765,16.0872765,-7.30762,1.41574538,-8.489908,3.55394,-20.3615723,-14.4405823,-8.0,0.0,-8.0,0.0,0.0,0.0,0.0,0.0,0.0,0.0
31.7912941,DATA,1,1,0,10,0,16.1491337,16.1491337,-7.298152,1.41116738,-8.483844,2.49395919,-19.5563965,-12.5558167,-8.0,0.0,-8.0,0.0,0.0,0.0,0.0,0.0,0.0,0.0
31.8534813,DATA,1,1,0,10,0,16.21132,16.21132,-7.28861952,1.40535164,-8.477201,1.93077815,-21.4458313,-11.6305237,-8.0,0.0,-8.0,0.0,0.0,0.0,0.0,0.0,0.0,0.0
31.9152718,DATA,1,1,0,10,0,16.2731113,16.2731113,-7.28195763,1.39645648,-8.471699,0.499828935,-22.477356,-12.3200073,-8.0,0.0,-8.0,0.0,0.0,0.0,0.0,0.0,0.0,0.0
31.9763527,DATA,1,1,0,10,0,16.3341923,16.3341923,-7.2774086,1.38668835,-8.467159,1.36379707,-22.0591431,-13.4671631,-8.0,0.0,-8.0,0.0,0.0,0.0,0.0,0.0,0.0,0.0
32.03695,DATA,1,1,0,10,0,16.3947887,16.3947887,-7.27418232,1.37787974,-8.463665,-0.3467102,-22.9880371,-14.1514282,-8.0,0.0,-8.0,0.0,0.0,0.0,0.0,0.0,0.0,0.0
32.094326,DATA,1,1,0,10,0,16.4521656,16.4521656,-7.27296352,1.37296653,-8.463057,-1.36358643,-23.10913,-13.8378906,-8.0,0.0,-8.0,0.0,0.0,0.0,0.0,0.0,0.0,0.0
32.1593056,DATA,1,1,0,10,0,16.5171452,16.5171452,-7.27215147,1.36643553,-8.462652,-4.29046631,-23.1835632,-13.1979065,-8.0,0.0,-8.0,0.0,0.0,0.0,0.0,0.0,0.0,0.0
32.2177734,DATA,1,1,0,10,0,16.575613,16.575613,-7.271058,1.36422038,-8.463044,-4.13912964,-23.9494629,-13.4309082,-8.0,0.0,-8.0,0.0,0.0,0.0,0.0,0.0,0.0,0.0
32.2757568,DATA,1,1,0,10,0,16.6335964,16.6335964,-7.270772,1.36164331,-8.46286,-5.76513672,-23.7772827,-12.3795471,-8.0,0.0,-8.0,0.0,0.0,0.0,0.0,0.0,0.0,0.0
32.34159,DATA,1,1,0,10,0,16.69943,16.69943,-7.27095461,1.35674715,-8.461708,-7.284851,-24.0180359,-12.2909851,-8.0,0.0,-8.0,0.0,0.0,0.0,0.0,0.0,0.0,0.0
32.4022827,DATA,1,1,0,10,0,16.7601223,16.7601223,-7.27164364,1.35823035,-8.462288,-6.51602173,-22.5874634,-11.7316284,-8.0,0.0,-8.0,0.0,0.0,0.0,0.0,0.0,0.0,0.0
32.4576836,DATA,1,1,0,10,0,16.8155231,16.8155231,-7.271496,1.35731709,-8.462344,-6.584961,-22.776123,-12.2321472,-8.0,0.0,-8.0,0.0,0.0,0.0,0.0,0.0,0.0,0.0
32.5158463,DATA,1,1,0,10,0,16.8736858,16.8736858,-7.271582,1.35680461,-8.463581,-7.407318,-22.4085388,-12.2571106,-8.0,0.0,-8.0,0.0,0.0,0.0,0.0,0.0,0.0,0.0
32.5714455,DATA,1,1,0,10,0,16.929285,16.929285,-7.271944,1.3573544,-8.463272,-6.19467163,-23.31784,-11.77356,-8.0,0.0,-8.0,0.0,0.0,0.0,0.0,0.0,0.0,0.0
32.63219,DATA,1,1,0,10,0,16.99003,16.99003,-7.27402735,1.35706472,-8.462165,-4.32162476,-22.7241211,-10.2380676,-8.0,0.0,-8.0,0.0,0.0,0.0,0.0,0.0,0.0,0.0
32.687542,DATA,1,1,0,10,0,17.0453815,17.0453815,-7.276353,1.35754418,-8.460163,-1.62976074,-22.11905,-8.82897949,-8.0,0.0,-8.0,0.0,0.0,0.0,0.0,0.0,0.0,0.0
32.7494469,DATA,1,1,0,10,0,17.1072865,17.1072865,-7.2782445,1.35843432,-8.457543,1.87099719,-22.4207458,-7.852417,-8.0,0.0,-8.0,0.0,0.0,0.0,0.0,0.0,0.0,0.0
32.8086243,DATA,1,1,0,10,0,17.1664639,17.1664639,-7.27911472,1.359267,-8.456721,3.336439,-22.53601,-7.24295044,-8.0,0.0,-8.0,0.0,0.0,0.0,0.0,0.0,0.0,0.0
32.8703079,DATA,1,1,0,10,0,17.2281475,17.2281475,-7.2791276,1.35873485,-8.457017,2.168399,-22.4147034,-6.84606934,-8.0,0.0,-8.0,0.0,0.0,0.0,0.0,0.0,0.0,0.0
32.9330559,DATA,1,1,0,10,0,17.2908955,17.2908955,-7.279359,1.3586185,-8.457147,1.85782242,-22.2239075,-6.580261,-8.0,0.0,-8.0,0.0,0.0,0.0,0.0,0.0,0.0,0.0
32.99449,DATA,1,1,0,10,0,17.3523312,17.3523312,-7.279343,1.3588779,-8.45652,2.11586,-22.3747253,-6.43292236,-8.0,0.0,-8.0,0.0,0.0,0.0,0.0,0.0,0.0,0.0
33.0537529,DATA,1,1,0,10,0,17.4115925,17.4115925,-7.27950764,1.35892963,-8.45631,2.10712981,-22.6582947,-6.241455,-8.0,0.0,-8.0,0.0,0.0,0.0,0.0,0.0,0.0,0.0
33.11482,DATA,1,1,0,10,0,17.4726582,17.4726582,-7.2799325,1.35860181,-8.456635,2.157259,-23.6041565,-4.7355957,-8.0,0.0,-8.0,0.0,0.0,0.0,0.0,0.0,0.0,0.0
33.17674,DATA,1,1,0,10,0,17.5345783,17.5345783,-7.28077841,1.35784709,-8.457135,1.91262054,-24.15036,-3.17575073,-8.0,0.0,-8.0,0.0,0.0,0.0,0.0,0.0,0.0,0.0
33.23571,DATA,1,1,0,10,0,17.59355,17.59355,-7.283368,1.35755229,-8.45794,1.91384339,-24.6611938,0.329349071,-8.0,0.0,-8.0,0.0,0.0,0.0,0.0,0.0,0.0,0.0
33.2938271,DATA,1,1,0,10,0,17.6516666,17.6516666,-7.28441525,1.3573519,-8.457547,2.73864555,-24.201416,0.508136332,-8.0,0.0,-8.0,0.0,0.0,0.0,0.0,0.0,0.0,0.0
33.357708,DATA,1,1,0,10,0,17.7155476,17.7155476,-7.282837,1.35815907,-8.455757,3.81143641,-24.49057,-0.7897339,-8.0,0.0,-8.0,0.0,0.0,0.0,0.0,0.0,0.0,0.0
33.4176826,DATA,1,1,0,10,0,17.7755222,17.7755222,-7.284602,1.35898924,-8.455032,4.90057945,-24.4057312,0.09794517,-8.0,0.0,-8.0,0.0,0.0,0.0,0.0,0.0,0.0,0.0
33.4767342,DATA,1,1,0,10,0,17.8345737,17.8345737,-7.284851,1.357749,-8.456277,3.92967415,-24.07788,0.8789926,-8.0,0.0,-8.0,0.0,0.0,0.0,0.0,0.0,0.0,0.0
33.54112,DATA,1,1,0,10,0,17.8989582,17.8989582,-7.284354,1.358036,-8.455455,4.33448267,-24.1948547,0.292747557,-8.0,0.0,-8.0,0.0,0.0,0.0,0.0,0.0,0.0,0.0
33.5993843,DATA,1,1,0,10,0,17.9572239,17.9572239,-7.28434134,1.35807323,-8.455204,4.38347673,-24.2278748,0.3322586,-8.0,0.0,-8.0,0.0,0.0,0.0,0.0,0.0,0.0,0.0
33.6648827,DATA,1,1,0,10,0,18.0227222,18.0227222,-7.284408,1.35780787,-8.455289,4.18667126,-24.21054,0.556331038,-8.0,0.0,-8.0,0.0,0.0,0.0,0.0,0.0,0.0,0.0
33.72309,DATA,1,1,0,10,0,18.08093,18.08093,-7.284578,1.35793889,-8.455113,4.336862,-24.17749,0.520071268,-8.0,0.0,-8.0,0.0,0.0,0.0,0.0,0.0,0.0,0.0
33.7805252,DATA,1,1,0,10,0,18.1383648,18.1383648,-7.28440762,1.35784626,-8.455376,4.17795563,-24.2032776,0.549670756,-8.0,0.0,-8.0,0.0,0.0,0.0,0.0,0.0,0.0,0.0
33.840847,DATA,1,1,0,10,0,18.1986866,18.1986866,-7.28441954,1.35792708,-8.455226,4.304262,-24.2302246,0.459520578,-8.0,0.0,-8.0,0.0,0.0,0.0,0.0,0.0,0.0,0.0
33.8979874,DATA,1,1,0,10,0,18.255827,18.255827,-7.28453732,1.35788417,-8.455246,4.209922,-24.1611938,0.609692633,-8.0,0.0,-8.0,0.0,0.0,0.0,0.0,0.0,0.0,0.0
33.95442,DATA,1,1,0,10,0,18.3122578,18.3122578,-7.284474,1.35791647,-8.455241,4.2571187,-24.2099915,0.5140076,-8.0,0.0,-8.0,0.0,0.0,0.0,0.0,0.0,0.0,0.0
34.0103531,DATA,1,1,0,10,0,18.3681927,18.3681927,-7.28442764,1.35778165,-8.455405,4.22822237,-24.2086487,0.536414862,-8.0,0.0,-8.0,0.0,0.0,0.0,0.0,0.0,0.0,0.0
34.0684624,DATA,1,1,0,10,0,18.426302,18.426302,-7.28442669,1.35773921,-8.455333,4.22565746,-24.19342,0.5420746,-8.0,0.0,-8.0,0.0,0.0,0.0,0.0,0.0,0.0,0.0
34.12464,DATA,1,1,0,10,0,18.482481,18.482481,-7.284476,1.35775113,-8.455371,4.228092,-24.1906433,0.5938934,-8.0,0.0,-8.0,0.0,0.0,0.0,0.0,0.0,0.0,0.0
34.18358,DATA,1,1,0,10,0,18.5414181,18.5414181,-7.284329,1.35776651,-8.455243,4.225078,-24.2145386,0.504908562,-8.0,0.0,-8.0,0.0,0.0,0.0,0.0,0.0,0.0,0.0
34.2386436,DATA,1,1,0,10,0,18.5964832,18.5964832,-7.284425,1.35772765,-8.455296,4.22692537,-24.202179,0.5551751,-8.0,0.0,-8.0,0.0,0.0,0.0,0.0,0.0,0.0,0.0
34.3034859,DATA,1,1,0,10,0,18.6613255,18.6613255,-7.2844,1.35768807,-8.455285,4.20870161,-24.1959534,0.588196933,-8.0,0.0,-8.0,0.0,0.0,0.0,0.0,0.0,0.0,0.0
34.35839,DATA,1,1,0,10,0,18.71623,18.71623,-7.284365,1.35765564,-8.455338,4.21646166,-24.2266846,0.517082036,-8.0,0.0,-8.0,0.0,0.0,0.0,0.0,0.0,0.0,0.0
34.413887,DATA,1,1,0,10,0,18.7717266,18.7717266,-7.28445148,1.35761571,-8.455402,4.20792246,-24.1942139,0.621151268,-8.0,0.0,-8.0,0.0,0.0,0.0,0.0,0.0,0.0,0.0
34.4697762,DATA,1,1,0,10,0,18.8276157,18.8276157,-7.284396,1.35761631,-8.455285,4.21822262,-24.20935,0.536662161,-8.0,0.0,-8.0,0.0,0.0,0.0,0.0,0.0,0.0,0.0
34.52513,DATA,1,1,0,10,0,18.88297,18.88297,-7.28443575,1.35761333,-8.455332,4.193776,-24.19809,0.6055726,-8.0,0.0,-8.0,0.0,0.0,0.0,0.0,0.0,0.0,0.0
34.58152,DATA,1,1,0,10,0,18.93936,18.93936,-7.28441572,1.35760856,-8.455184,4.21075344,-24.2081,0.5583332,-8.0,0.0,-8.0,0.0,0.0,0.0,0.0,0.0,0.0,0.0
34.6364746,DATA,1,1,0,10,0,18.9943142,18.9943142,-7.2845397,1.35744047,-8.455479,4.19859457,-24.1950684,0.605596542,-8.0,0.0,-8.0,0.0,0.0,0.0,0.0,0.0,0.0,0.0
34.6928368,DATA,1,1,0,10,0,19.0506763,19.0506763,-7.284546,1.35739768,-8.455353,4.203252,-24.20401,0.5803657,-8.0,0.0,-8.0,0.0,0.0,0.0,0.0,0.0,0.0,0.0
34.7475128,DATA,1,1,0,10,0,19.1053524,19.1053524,-7.284519,1.357484,-8.45554352,4.18819,-24.20758,0.5777149,-8.0,0.0,-8.0,0.0,0.0,0.0,0.0,0.0,0.0,0.0
34.80307,DATA,1,1,0,10,0,19.16091,19.16091,-7.28457928,1.3574667,-8.455452,4.187926,-24.2001648,0.612511,-8.0,0.0,-8.0,0.0,0.0,0.0,0.0,0.0,0.0,0.0
34.8607635,DATA,1,1,0,10,0,19.2186031,19.2186031,-7.28455734,1.35744452,-8.4555,4.18904066,-24.2147522,0.5714507,-8.0,0.0,-8.0,0.0,0.0,0.0,0.0,0.0,0.0,0.0
34.9153557,DATA,1,1,0,10,0,19.2731953,19.2731953,-7.284615,1.35741758,-8.455414,4.18976164,-24.2052612,0.605622768,-8.0,0.0,-8.0,0.0,0.0,0.0,0.0,0.0,0.0,0.0
34.97001,DATA,1,1,0,10,0,19.3278484,19.3278484,-7.28452969,1.35737777,-8.455547,4.186628,-24.20752,0.589452,-8.0,0.0,-8.0,0.0,0.0,0.0,0.0,0.0,0.0,0.0
35.02685,DATA,1,1,0,10,0,19.3846912,19.3846912,-7.2845335,1.35734844,-8.4555,4.182027,-24.20752,0.6052231,-8.0,0.0,-8.0,0.0,0.0,0.0,0.0,0.0,0.0,0.0
35.0818863,DATA,1,1,0,10,0,19.4397259,19.4397259,-7.28449869,1.35737586,-8.455511,4.18675,-24.2090454,0.59059,-8.0,0.0,-8.0,0.0,0.0,0.0,0.0,0.0,0.0,0.0
35.13673,DATA,1,1,0,10,0,19.49457,19.49457,-7.28449631,1.357383,-8.455525,4.173563,-24.2002563,0.6072152,-8.0,0.0,-8.0,0.0,0.0,0.0,0.0,0.0,0.0,0.0
35.1928024,DATA,1,1,0,10,0,19.550642,19.550642,-7.2844944,1.35736632,-8.455556,4.1833396,-24.2107544,0.5963886,-8.0,0.0,-8.0,0.0,0.0,0.0,0.0,0.0,0.0,0.0
35.248,DATA,1,1,0,10,0,19.60584,19.60584,-7.284537,1.35732782,-8.455688,4.17590666,-24.2114868,0.600326061,-8.0,0.0,-8.0,0.0,0.0,0.0,0.0,0.0,0.0,0.0
35.30327,DATA,1,1,0,10,0,19.661108,19.661108,-7.2845645,1.35730159,-8.455663,4.177548,-24.2053223,0.613462746,-8.0,0.0,-8.0,0.0,0.0,0.0,0.0,0.0,0.0,0.0
35.3596077,DATA,1,1,0,10,0,19.7174473,19.7174473,-7.28451538,1.357276,-8.45582,4.16951656,-24.2089233,0.5930663,-8.0,0.0,-8.0,0.0,0.0,0.0,0.0,0.0,0.0,0.0
35.41562,DATA,1,1,0,10,0,19.7734585,19.7734585,-7.28454542,1.35724962,-8.455793,4.17035532,-24.2044373,0.6120354,-8.0,0.0,-8.0,0.0,0.0,0.0,0.0,0.0,0.0,0.0
35.4704437,DATA,1,1,0,10,0,19.8282833,19.8282833,-7.284519,1.35720813,-8.455896,4.17038774,-24.2096252,0.6001461,-8.0,0.0,-8.0,0.0,0.0,0.0,0.0,0.0,0.0,0.0
35.5261345,DATA,1,1,0,10,0,19.8839741,19.8839741,-7.284535,1.35716724,-8.455871,4.167071,-24.2073669,0.6156652,-8.0,0.0,-8.0,0.0,0.0,0.0,0.0,0.0,0.0,0.0
35.58326,DATA,1,1,0,10,0,19.9411,19.9411,-7.284517,1.35720229,-8.455918,4.17072439,-24.2067871,0.600617051,-8.0,0.0,-8.0,0.0,0.0,0.0,0.0,0.0,0.0,0.0
35.63575,DATA,1,1,0,10,0,19.99359,19.99359,-7.28455448,1.35715914,-8.455892,4.164567,-24.20279,0.6201947,-8.0,0.0,-8.0,0.0,0.0,0.0,0.0,0.0,0.0,0.0
35.6941528,DATA,1,1,0,10,0,20.0519924,20.0519924,-7.284563,1.35710967,-8.455942,4.17133331,-24.2041016,0.605106354,-8.0,0.0,-8.0,0.0,0.0,0.0,0.0,0.0,0.0,0.0
35.7484245,DATA,1,1,0,10,0,20.1062641,20.1062641,-7.28459358,1.35705209,-8.455915,4.16256428,-24.2009277,0.616233,-8.0,0.0,-8.0,0.0,0.0,0.0,0.0,0.0,0.0,0.0
35.80357,DATA,1,1,0,10,0,20.16141,20.16141,-7.28457069,1.357173,-8.455834,4.16647339,-24.2038574,0.6159062,-8.0,0.0,-8.0,0.0,0.0,0.0,0.0,0.0,0.0,0.0
35.8589821,DATA,1,1,0,10,0,20.2168217,20.2168217,-7.284567,1.35723245,-8.455774,4.164278,-24.20633,0.6114188,-8.0,0.0,-8.0,0.0,0.0,0.0,0.0,0.0,0.0,0.0
35.9146461,DATA,1,1,0,10,0,20.2724857,20.2724857,-7.284617,1.35719216,-8.455846,4.1643157,-24.2012024,0.6196382,-8.0,0.0,-8.0,0.0,0.0,0.0,0.0,0.0,0.0,0.0
35.96993,DATA,1,1,0,10,0,20.3277683,20.3277683,-7.28466034,1.35713351,-8.455974,4.15939,-24.1968079,0.6126557,-8.0,0.0,-8.0,0.0,0.0,0.0,0.0,0.0,0.0,0.0
36.0257874,DATA,1,1,0,10,0,20.3836269,20.3836269,-7.284695,1.35711026,-8.45593,4.16105461,-24.1972046,0.621546,-8.0,0.0,-8.0,0.0,0.0,0.0,0.0,0.0,0.0,0.0
36.08263,DATA,1,1,0,10,0,20.44047,20.44047,-7.28462029,1.35712552,-8.455838,4.162384,-24.20337,0.60696435,-8.0,0.0,-8.0,0.0,0.0,0.0,0.0,0.0,0.0,0.0
36.1366119,DATA,1,1,0,10,0,20.4944515,20.4944515,-7.28465652,1.35708451,-8.455773,4.16234636,-24.2013245,0.6202802,-8.0,0.0,-8.0,0.0,0.0,0.0,0.0,0.0,0.0,0.0
36.19262,DATA,1,1,0,10,0,20.5504589,20.5504589,-7.28470469,1.356982,-8.456032,4.16102,-24.1970825,0.613963068,-8.0,0.0,-8.0,0.0,0.0,0.0,0.0,0.0,0.0,0.0
36.24722,DATA,1,1,0,10,0,20.6050587,20.6050587,-7.28472233,1.35693622,-8.455983,4.15830469,-24.1984863,0.6178824,-8.0,0.0,-8.0,0.0,0.0,0.0,0.0,0.0,0.0,0.0
36.3033142,DATA,1,1,0,10,0,20.6611538,20.6611538,-7.284655,1.35690653,-8.456003,4.15800428,-24.19925,0.619798243,-8.0,0.0,-8.0,0.0,0.0,0.0,0.0,0.0,0.0,0.0
36.359066,DATA,1,1,0,10,0,20.7169056,20.7169056,-7.284667,1.35684788,-8.45593548,4.161907,-24.1973267,0.616462946,-8.0,0.0,-8.0,0.0,0.0,0.0,0.0,0.0,0.0,0.0
36.41493,DATA,1,1,0,10,0,20.772768,20.772768,-7.28458071,1.35705137,-8.455811,4.159155,-24.19403,0.6136659,-8.0,0.0,-8.0,0.0,0.0,0.0,0.0,0.0,0.0,0.0
36.46959,DATA,1,1,0,10,0,20.8274288,20.8274288,-7.28456974,1.35702586,-8.455714,4.15913343,-24.19754,0.6191257,-8.0,0.0,-8.0,0.0,0.0,0.0,0.0,0.0,0.0,0.0
36.5255241,DATA,1,1,0,10,0,20.8833637,20.8833637,-7.284623,1.35706317,-8.455789,4.155135,-24.1911926,0.625226736,-8.0,0.0,-8.0,0.0,0.0,0.0,0.0,0.0,0.0,0.0
36.58186,DATA,1,1,0,10,0,20.9397,20.9397,-7.28465366,1.35707843,-8.455763,4.15819931,-24.1941223,0.6218447,-8.0,0.0,-8.0,0.0,0.0,0.0,0.0,0.0,0.0,0.0
36.63641,DATA,1,1,0,10,0,20.99425,20.99425,-7.28467274,1.35706449,-8.455763,4.1532383,-24.1960144,0.623016238,-8.0,0.0,-8.0,0.0,0.0,0.0,0.0,0.0,0.0,0.0
36.6922035,DATA,1,1,0,10,0,21.0500431,21.0500431,-7.28470373,1.35705328,-8.455822,4.149759,-24.1914063,0.6224974,-8.0,0.0,-8.0,0.0,0.0,0.0,0.0,0.0,0.0,0.0
36.748024,DATA,1,1,0,10,0,21.1058636,21.1058636,-7.284713,1.3570497,-8.455786,4.14670944,-24.1965332,0.6222136,-8.0,0.0,-8.0,0.0,0.0,0.0,0.0,0.0,0.0,0.0
36.80324,DATA,1,1,0,10,0,21.1610813,21.1610813,-7.284731,1.35708427,-8.455884,4.148831,-24.1944885,0.623334944,-8.0,0.0,-8.0,0.0,0.0,0.0,0.0,0.0,0.0,0.0
36.8590622,DATA,1,1,0,10,0,21.2169018,21.2169018,-7.28476,1.35707748,-8.45579,4.14539146,-24.188324,0.624777734,-8.0,0.0,-8.0,0.0,0.0,0.0,0.0,0.0,0.0,0.0
36.91488,DATA,1,1,0,10,0,21.2727184,21.2727184,-7.284756,1.357098,-8.455916,4.14754,-24.1893,0.6278033,-8.0,0.0,-8.0,0.0,0.0,0.0,0.0,0.0,0.0,0.0
36.9695435,DATA,1,1,0,10,0,21.327383,21.327383,-7.28479767,1.35709238,-8.455825,4.145015,-24.1885376,0.628178835,-8.0,0.0,-8.0,0.0,0.0,0.0,0.0,0.0,0.0,0.0
37.0268631,DATA,1,1,0,10,0,21.3847027,21.3847027,-7.28476048,1.35711861,-8.455874,4.142588,-24.1918945,0.625159442,-8.0,0.0,-8.0,0.0,0.0,0.0,0.0,0.0,0.0,0.0
37.08117,DATA,1,1,0,10,0,21.4390087,21.4390087,-7.284794,1.35711443,-8.455779,4.14206648,-24.1903687,0.625595152,-8.0,0.0,-8.0,0.0,0.0,0.0,0.0,0.0,0.0,0.0
37.1373863,DATA,1,1,0,10,0,21.4952259,21.4952259,-7.28487158,1.35713482,-8.45589,4.14292669,-24.1888123,0.630974233,-8.0,0.0,-8.0,0.0,0.0,0.0,0.0,0.0,0.0,0.0
37.1924973,DATA,1,1,0,10,0,21.5503368,21.5503368,-7.28492069,1.35712767,-8.455806,4.141414,-24.1876831,0.630279541,-8.0,0.0,-8.0,0.0,0.0,0.0,0.0,0.0,0.0,0.0
37.2473068,DATA,1,1,0,10,0,21.6051464,21.6051464,-7.28490353,1.35702419,-8.455788,4.139752,-24.1873779,0.6326836,-8.0,0.0,-8.0,0.0,0.0,0.0,0.0,0.0,0.0,0.0
37.3046036,DATA,1,1,0,10,0,21.6624432,21.6624432,-7.28492546,1.35696721,-8.455706,4.13640165,-24.1876221,0.6295099,-8.0,0.0,-8.0,0.0,0.0,0.0,0.0,0.0,0.0,0.0
37.35858,DATA,1,1,0,10,0,21.7164211,21.7164211,-7.28489828,1.35692513,-8.45579,4.130571,-24.1881714,0.6333741,-8.0,0.0,-8.0,0.0,0.0,0.0,0.0,0.0,0.0,0.0
37.4151878,DATA,1,1,0,10,0,21.7730274,21.7730274,-7.28486967,1.35690618,-8.455863,4.13542366,-24.1884155,0.634324,-8.0,0.0,-8.0,0.0,0.0,0.0,0.0,0.0,0.0,0.0
37.4695854,DATA,1,1,0,10,0,21.827425,21.827425,-7.284912,1.35691106,-8.455779,4.135759,-24.18573,0.6347315,-8.0,0.0,-8.0,0.0,0.0,0.0,0.0,0.0,0.0,0.0
37.52527,DATA,1,1,0,10,0,21.8831081,21.8831081,-7.28491,1.3569814,-8.4557,4.13591671,-24.1865234,0.6322916,-8.0,0.0,-8.0,0.0,0.0,0.0,0.0,0.0,0.0,0.0
37.5813026,DATA,1,1,0,10,0,21.9391422,21.9391422,-7.28495169,1.35694766,-8.455627,4.129788,-24.1883545,0.637459636,-8.0,0.0,-8.0,0.0,0.0,0.0,0.0,0.0,0.0,0.0
37.637764,DATA,1,1,0,10,0,21.9956036,21.9956036,-7.28492355,1.356923,-8.455742,4.13028765,-24.1876526,0.6334655,-8.0,0.0,-8.0,0.0,0.0,0.0,0.0,0.0,0.0,0.0
37.6923523,DATA,1,1,0,10,0,22.0501919,22.0501919,-7.284978,1.35687923,-8.455666,4.13187933,-24.1829529,0.6369144,-8.0,0.0,-8.0,0.0,0.0,0.0,0.0,0.0,0.0,0.0
37.7486839,DATA,1,1,0,10,0,22.1065235,22.1065235,-7.28488,1.35690451,-8.455744,4.128008,-24.1855164,0.6365337,-8.0,0.0,-8.0,0.0,0.0,0.0,0.0,0.0,0.0,0.0
37.80394,DATA,1,1,0,10,0,22.16178,22.16178,-7.284919,1.35686278,-8.455669,4.12619448,-24.1816711,0.637257934,-8.0,0.0,-8.0,0.0,0.0,0.0,0.0,0.0,0.0,0.0
37.85934,DATA,1,1,0,10,0,22.21718,22.21718,-7.28482151,1.35685062,-8.45585251,4.121723,-24.18396,0.639493465,-8.0,0.0,-8.0,0.0,0.0,0.0,0.0,0.0,0.0,0.0
37.9149246,DATA,1,1,0,10,0,22.2727642,22.2727642,-7.284847,1.35681748,-8.455793,4.125768,-24.1877136,0.6373674,-8.0,0.0,-8.0,0.0,0.0,0.0,0.0,0.0,0.0,0.0
37.96967,DATA,1,1,0,10,0,22.3275089,22.3275089,-7.28486538,1.35676885,-8.455862,4.123588,-24.1875,0.6364032,-8.0,0.0,-8.0,0.0,0.0,0.0,0.0,0.0,0.0,0.0
38.0269623,DATA,1,1,0,10,0,22.3848019,22.3848019,-7.284899,1.356719,-8.455843,4.12152767,-24.1901855,0.6403627,-8.0,0.0,-8.0,0.0,0.0,0.0,0.0,0.0,0.0,0.0
38.08172,DATA,1,1,0,10,0,22.439558,22.439558,-7.284858,1.35676,-8.455928,4.12210464,-24.1856384,0.6389385,-8.0,0.0,-8.0,0.0,0.0,0.0,0.0,0.0,0.0,0.0
38.13731,DATA,1,1,0,10,0,22.49515,22.49515,-7.284841,1.35676777,-8.455961,4.121529,-24.18689,0.639213145,-8.0,0.0,-8.0,0.0,0.0,0.0,0.0,0.0,0.0,0.0
38.1925125,DATA,1,1,0,10,0,22.5503521,22.5503521,-7.2849,1.35671747,-8.455943,4.11953545,-24.1838379,0.6456063,-8.0,0.0,-8.0,0.0,0.0,0.0,0.0,0.0,0.0,0.0
38.248,DATA,1,1,0,10,0,22.60584,22.60584,-7.28499746,1.35666537,-8.455935,4.126705,-24.1811523,0.64008975,-8.0,0.0,-8.0,0.0,0.0,0.0,0.0,0.0,0.0,0.0
38.30321,DATA,1,1,0,10,0,22.66105,22.66105,-7.28504133,1.35663128,-8.455898,4.12594032,-24.1842957,0.6395724,-8.0,0.0,-8.0,0.0,0.0,0.0,0.0,0.0,0.0,0.0
38.3592377,DATA,1,1,0,10,0,22.7170773,22.7170773,-7.28492546,1.35675025,-8.455962,4.12688446,-24.183136,0.6378793,-8.0,0.0,-8.0,0.0,0.0,0.0,0.0,0.0,0.0,0.0
38.4141273,DATA,1,1,0,10,0,22.7719669,22.7719669,-7.28496552,1.35670638,-8.455904,4.119054,-24.1842346,0.638593853,-8.0,0.0,-8.0,0.0,0.0,0.0,0.0,0.0,0.0,0.0
38.4702339,DATA,1,1,0,10,0,22.8280735,22.8280735,-7.28487062,1.35669386,-8.456058,4.11794043,-24.1847839,0.634869337,-8.0,0.0,-8.0,0.0,0.0,0.0,0.0,0.0,0.0,0.0
38.5254555,DATA,1,1,0,10,0,22.8832951,22.8832951,-7.284892,1.356661,-8.456007,4.117229,-24.18863,0.6379637,-8.0,0.0,-8.0,0.0,0.0,0.0,0.0,0.0,0.0,0.0
38.5811577,DATA,1,1,0,10,0,22.9389973,22.9389973,-7.284856,1.35671985,-8.456156,4.11702871,-24.1861267,0.6379785,-8.0,0.0,-8.0,0.0,0.0,0.0,0.0,0.0,0.0,0.0
38.636837,DATA,1,1,0,10,0,22.9946766,22.9946766,-7.28486633,1.35669291,-8.45611,4.118558,-24.1862488,0.639146149,-8.0,0.0,-8.0,0.0,0.0,0.0,0.0,0.0,0.0,0.0
38.6925964,DATA,1,1,0,10,0,23.050436,23.050436,-7.284856,1.3567214,-8.456153,4.115248,-24.1888733,0.642166257,-8.0,0.0,-8.0,0.0,0.0,0.0,0.0,0.0,0.0,0.0
38.7478333,DATA,1,1,0,10,0,23.1056728,23.1056728,-7.2848835,1.35670328,-8.456115,4.120625,-24.1859131,0.641576648,-8.0,0.0,-8.0,0.0,0.0,0.0,0.0,0.0,0.0,0.0
38.8034935,DATA,1,1,0,10,0,23.1613331,23.1613331,-7.28480864,1.35675,-8.455973,4.118484,-24.18631,0.640896559,-8.0,0.0,-8.0,0.0,0.0,0.0,0.0,0.0,0.0,0.0
38.8591843,DATA,1,1,0,10,0,23.2170238,23.2170238,-7.28479,1.35674953,-8.45587,4.122644,-24.1879883,0.6456698,-8.0,0.0,-8.0,0.0,0.0,0.0,0.0,0.0,0.0,0.0
38.9149475,DATA,1,1,0,10,0,23.2727871,23.2727871,-7.284838,1.356679,-8.45587349,4.12100267,-24.1888428,0.6405185,-8.0,0.0,-8.0,0.0,0.0,0.0,0.0,0.0,0.0,0.0
38.9692345,DATA,1,1,0,10,0,23.3270741,23.3270741,-7.2849,1.35658073,-8.455908,4.121009,-24.1854858,0.643923342,-8.0,0.0,-8.0,0.0,0.0,0.0,0.0,0.0,0.0,0.0
39.0255051,DATA,1,1,0,10,0,23.3833447,23.3833447,-7.28491354,1.35656631,-8.455849,4.12120247,-24.18454,0.6430297,-8.0,0.0,-8.0,0.0,0.0,0.0,0.0,0.0,0.0,0.0
39.0813065,DATA,1,1,0,10,0,23.439146,23.439146,-7.28478765,1.356795,-8.455948,4.118717,-24.190094,0.6433205,-8.0,0.0,-8.0,0.0,0.0,0.0,0.0,0.0,0.0,0.0
39.13647,DATA,1,1,0,10,0,23.49431,23.49431,-7.28481531,1.3568033,-8.455866,4.121259,-24.1865234,0.6418724,-8.0,0.0,-8.0,0.0,0.0,0.0,0.0,0.0,0.0,0.0
39.19258,DATA,1,1,0,10,0,23.55042,23.55042,-7.28480053,1.35683012,-8.455965,4.118669,-24.18686,0.645640135,-8.0,0.0,-8.0,0.0,0.0,0.0,0.0,0.0,0.0,0.0
39.2472343,DATA,1,1,0,10,0,23.6050739,23.6050739,-7.28483057,1.35683966,-8.455875,4.1170454,-24.18686,0.6474717,-8.0,0.0,-8.0,0.0,0.0,0.0,0.0,0.0,0.0,0.0
39.30374,DATA,1,1,0,10,0,23.661581,23.661581,-7.28479242,1.35681415,-8.456011,4.11901236,-24.1862183,0.6469621,-8.0,0.0,-8.0,0.0,0.0,0.0,0.0,0.0,0.0,0.0
39.3586044,DATA,1,1,0,10,0,23.716444,23.716444,-7.28483772,1.356809,-8.455928,4.11608362,-24.184021,0.6445002,-8.0,0.0,-8.0,0.0,0.0,0.0,0.0,0.0,0.0,0.0
39.41471,DATA,1,1,0,10,0,23.77255,23.77255,-7.284826,1.35669458,-8.4559145,4.114832,-24.18509,0.6408215,-8.0,0.0,-8.0,0.0,0.0,0.0,0.0,0.0,0.0,0.0
39.46977,DATA,1,1,0,10,0,23.8276081,23.8276081,-7.28486729,1.35665488,-8.455812,4.115494,-24.1853333,0.6412988,-8.0,0.0,-8.0,0.0,0.0,0.0,0.0,0.0,0.0,0.0
39.5258827,DATA,1,1,0,10,0,23.8837223,23.8837223,-7.28483343,1.35673141,-8.455848,4.118687,-24.1846313,0.6426994,-8.0,0.0,-8.0,0.0,0.0,0.0,0.0,0.0,0.0,0.0
39.58113,DATA,1,1,0,10,0,23.93897,23.93897,-7.284846,1.35675764,-8.455791,4.113308,-24.1824951,0.6476351,-8.0,0.0,-8.0,0.0,0.0,0.0,0.0,0.0,0.0,0.0
39.63703,DATA,1,1,0,10,0,23.9948711,23.9948711,-7.28486538,1.35679746,-8.455755,4.11589527,-24.1831665,0.6476395,-8.0,0.0,-8.0,0.0,0.0,0.0,0.0,0.0,0.0,0.0
39.69256,DATA,1,1,0,10,0,24.0503979,24.0503979,-7.2848835,1.35684085,-8.45571,4.11418,-24.1820374,0.6485725,-8.0,0.0,-8.0,0.0,0.0,0.0,0.0,0.0,0.0,0.0
39.7474022,DATA,1,1,0,10,0,24.1052418,24.1052418,-7.28490448,1.35685086,-8.455648,4.113062,-24.18097,0.648398757,-8.0,0.0,-8.0,0.0,0.0,0.0,0.0,0.0,0.0,0.0
39.8035049,DATA,1,1,0,10,0,24.1613445,24.1613445,-7.284831,1.35688949,-8.455773,4.111089,-24.1848755,0.6476962,-8.0,0.0,-8.0,0.0,0.0,0.0,0.0,0.0,0.0,0.0
39.8589859,DATA,1,1,0,10,0,24.2168255,24.2168255,-7.284869,1.3568927,-8.455654,4.11144829,-24.1835938,0.648127139,-8.0,0.0,-8.0,0.0,0.0,0.0,0.0,0.0,0.0,0.0
39.91448,DATA,1,1,0,10,0,24.2723179,24.2723179,-7.284952,1.35665464,-8.455863,4.10997248,-24.1773376,0.650282562,-8.0,0.0,-8.0,0.0,0.0,0.0,0.0,0.0,0.0,0.0
39.9697723,DATA,1,1,0,10,0,24.3276119,24.3276119,-7.285011,1.35663235,-8.455769,4.11428,-24.1777344,0.65505147,-8.0,0.0,-8.0,0.0,0.0,0.0,0.0,0.0,0.0,0.0
40.02581,DATA,1,1,0,10,0,24.38365,24.38365,-7.284909,1.35664773,-8.455856,4.108962,-24.1779175,0.6482525,-8.0,0.0,-8.0,0.0,0.0,0.0,0.0,0.0,0.0,0.0
40.08138,DATA,1,1,0,10,0,24.4392185,24.4392185,-7.28496838,1.35662758,-8.455771,4.110019,-24.175293,0.6601927,-8.0,0.0,-8.0,0.0,0.0,0.0,0.0,0.0,0.0,0.0
40.1365242,DATA,1,1,0,10,0,24.4943638,24.4943638,-7.284953,1.35660541,-8.455737,4.112521,-24.1793213,0.645433,-8.0,0.0,-8.0,0.0,0.0,0.0,0.0,0.0,0.0,0.0
40.19244,DATA,1,1,0,10,0,24.55028,24.55028,-7.28502846,1.35657907,-8.45564651,4.11125946,-24.1748352,0.6590832,-8.0,0.0,-8.0,0.0,0.0,0.0,0.0,0.0,0.0,0.0
40.24686,DATA,1,1,0,10,0,24.6047,24.6047,-7.284931,1.35659,-8.455791,4.10744429,-24.18283,0.6508046,-8.0,0.0,-8.0,0.0,0.0,0.0,0.0,0.0,0.0,0.0
40.303154,DATA,1,1,0,10,0,24.6609936,24.6609936,-7.284968,1.35658324,-8.455762,4.104839,-24.18045,0.657914162,-8.0,0.0,-8.0,0.0,0.0,0.0,0.0,0.0,0.0,0.0
40.35936,DATA,1,1,0,10,0,24.7172,24.7172,-7.284963,1.35658908,-8.455804,4.10080671,-24.1806946,0.6497563,-8.0,0.0,-8.0,0.0,0.0,0.0,0.0,0.0,0.0,0.0
40.4143639,DATA,1,1,0,10,0,24.7722034,24.7722034,-7.284957,1.3566035,-8.455847,4.1057806,-24.1773071,0.651809454,-8.0,0.0,-8.0,0.0,0.0,0.0,0.0,0.0,0.0,0.0
40.4697266,DATA,1,1,0,10,0,24.8275661,24.8275661,-7.284986,1.35655212,-8.455813,4.10086632,-24.17862,0.649892867,-8.0,0.0,-8.0,0.0,0.0,0.0,0.0,0.0,0.0,0.0
40.5248566,DATA,1,1,0,10,0,24.8826962,24.8826962,-7.28499556,1.35643911,-8.45583,4.10244,-24.1793518,0.649228454,-8.0,0.0,-8.0,0.0,0.0,0.0,0.0,0.0,0.0,0.0
40.58109,DATA,1,1,0,10,0,24.9389286,24.9389286,-7.28505373,1.35639417,-8.45576,4.101329,-24.1813354,0.65407455,-8.0,0.0,-8.0,0.0,0.0,0.0,0.0,0.0,0.0,0.0
40.6366539,DATA,1,1,0,10,0,24.9944935,24.9944935,-7.28499174,1.35655189,-8.455683,4.105136,-24.176239,0.6463865,-8.0,0.0,-8.0,0.0,0.0,0.0,0.0,0.0,0.0,0.0
40.6913719,DATA,1,1,0,10,0,25.0492115,25.0492115,-7.28504133,1.35651231,-8.455578,4.1026926,-24.1794128,0.647565,-8.0,0.0,-8.0,0.0,0.0,0.0,0.0,0.0,0.0,0.0
40.74718,DATA,1,1,0,10,0,25.10502,25.10502,-7.28494644,1.356693,-8.45577049,4.103248,-24.17685,0.649646342,-8.0,0.0,-8.0,0.0,0.0,0.0,0.0,0.0,0.0,0.0
40.80303,DATA,1,1,0,10,0,25.1608677,25.1608677,-7.28497553,1.35669565,-8.455678,4.10519743,-24.1750183,0.648266852,-8.0,0.0,-8.0,0.0,0.0,0.0,0.0,0.0,0.0,0.0
40.8583069,DATA,1,1,0,10,0,25.2161465,25.2161465,-7.28489,1.35656714,-8.455867,4.099227,-24.1758423,0.652103662,-8.0,0.0,-8.0,0.0,0.0,0.0,0.0,0.0,0.0,0.0
40.91449,DATA,1,1,0,10,0,25.27233,25.27233,-7.284914,1.35654533,-8.455781,4.09954357,-24.17688,0.648485243,-8.0,0.0,-8.0,0.0,0.0,0.0,0.0,0.0,0.0,0.0
40.96929,DATA,1,1,0,10,0,25.3271313,25.3271313,-7.28487444,1.3565774,-8.455982,4.10205936,-24.1773376,0.6480901,-8.0,0.0,-8.0,0.0,0.0,0.0,0.0,0.0,0.0,0.0
41.02538,DATA,1,1,0,10,0,25.3832188,25.3832188,-7.284894,1.35655451,-8.455936,4.096802,-24.177063,0.647099257,-8.0,0.0,-8.0,0.0,0.0,0.0,0.0,0.0,0.0,0.0
41.0809,DATA,1,1,0,10,0,25.4387379,25.4387379,-7.28490925,1.35657644,-8.455955,4.0937705,-24.1781311,0.6528175,-8.0,0.0,-8.0,0.0,0.0,0.0,0.0,0.0,0.0,0.0
41.13659,DATA,1,1,0,10,0,25.4944286,25.4944286,-7.284935,1.356591,-8.455943,4.09477,-24.1779175,0.6522137,-8.0,0.0,-8.0,0.0,0.0,0.0,0.0,0.0,0.0,0.0
41.1922646,DATA,1,1,0,10,0,25.5501041,25.5501041,-7.28496027,1.35653043,-8.455952,4.097615,-24.1758423,0.650333762,-8.0,0.0,-8.0,0.0,0.0,0.0,0.0,0.0,0.0,0.0
41.2468872,DATA,1,1,0,10,0,25.6047268,25.6047268,-7.284968,1.35642,-8.456047,4.094987,-24.17572,0.651804745,-8.0,0.0,-8.0,0.0,0.0,0.0,0.0,0.0,0.0,0.0
41.303154,DATA,1,1,0,10,0,25.6609936,25.6609936,-7.28499,1.35637641,-8.455965,4.09687567,-24.1776428,0.654048562,-8.0,0.0,-8.0,0.0,0.0,0.0,0.0,0.0,0.0,0.0
41.35869,DATA,1,1,0,10,0,25.7165279,25.7165279,-7.2848773,1.35634971,-8.455962,4.09529924,-24.1745,0.6524923,-8.0,0.0,-8.0,0.0,0.0,0.0,0.0,0.0,0.0,0.0
41.4152336,DATA,1,1,0,10,0,25.7730732,25.7730732,-7.2849,1.35630429,-8.455853,4.095136,-24.1752319,0.6544345,-8.0,0.0,-8.0,0.0,0.0,0.0,0.0,0.0,0.0,0.0
41.4695473,DATA,1,1,0,10,0,25.8273869,25.8273869,-7.2849555,1.35629082,-8.456063,4.09476662,-24.1750488,0.654509246,-8.0,0.0,-8.0,0.0,0.0,0.0,0.0,0.0,0.0,0.0
41.52588,DATA,1,1,0,10,0,25.8837185,25.8837185,-7.28500175,1.35624206,-8.45597649,4.090987,-24.17392,0.6550966,-8.0,0.0,-8.0,0.0,0.0,0.0,0.0,0.0,0.0,0.0
41.58082,DATA,1,1,0,10,0,25.9386578,25.9386578,-7.28492,1.35633183,-8.45602,4.08994865,-24.177002,0.6514658,-8.0,0.0,-8.0,0.0,0.0,0.0,0.0,0.0,0.0,0.0
41.6367722,DATA,1,1,0,10,0,25.9946117,25.9946117,-7.284951,1.35629439,-8.455923,4.0857,-24.1771545,0.652478,-8.0,0.0,-8.0,0.0,0.0,0.0,0.0,0.0,0.0,0.0
41.69163,DATA,1,1,0,10,0,26.04947,26.04947,-7.285005,1.356335,-8.456046,4.0857625,-24.175354,0.6500275,-8.0,0.0,-8.0,0.0,0.0,0.0,0.0,0.0,0.0,0.0
41.74749,DATA,1,1,0,10,0,26.10533,26.10533,-7.28505468,1.35632241,-8.455983,4.0887723,-24.17566,0.6638207,-8.0,0.0,-8.0,0.0,0.0,0.0,0.0,0.0,0.0,0.0
41.8036575,DATA,1,1,0,10,0,26.1614971,26.1614971,-7.285022,1.35634279,-8.456014,4.090312,-24.1735229,0.6544471,-8.0,0.0,-8.0,0.0,0.0,0.0,0.0,0.0,0.0,0.0
41.8589554,DATA,1,1,0,10,0,26.216795,26.216795,-7.285019,1.35634589,-8.455999,4.08825541,-24.17752,0.6604206,-8.0,0.0,-8.0,0.0,0.0,0.0,0.0,0.0,0.0,0.0
41.9148,DATA,1,1,0,10,0,26.2726383,26.2726383,-7.285006,1.35635054,-8.455998,4.085184,-24.1743774,0.6533355,-8.0,0.0,-8.0,0.0,0.0,0.0,0.0,0.0,0.0,0.0
41.97001,DATA,1,1,0,10,0,26.3278484,26.3278484,-7.284968,1.35637045,-8.456028,4.08452463,-24.1763,0.660449743,-8.0,0.0,-8.0,0.0,0.0,0.0,0.0,0.0,0.0,0.0
42.02583,DATA,1,1,0,10,0,26.3836689,26.3836689,-7.284985,1.35634828,-8.455959,4.082978,-24.178833,0.6553946,-8.0,0.0,-8.0,0.0,0.0,0.0,0.0,0.0,0.0,0.0
42.0809174,DATA,1,1,0,10,0,26.4387569,26.4387569,-7.28497171,1.35628593,-8.455953,4.08409,-24.177124,0.6537183,-8.0,0.0,-8.0,0.0,0.0,0.0,0.0,0.0,0.0,0.0
42.1363373,DATA,1,1,0,10,0,26.4941769,26.4941769,-7.28500652,1.35623741,-8.455852,4.077474,-24.17633,0.65826875,-8.0,0.0,-8.0,0.0,0.0,0.0,0.0,0.0,0.0,0.0
42.1923447,DATA,1,1,0,10,0,26.5501842,26.5501842,-7.28506947,1.356178,-8.456041,4.08265066,-24.1687317,0.6504317,-8.0,0.0,-8.0,0.0,0.0,0.0,0.0,0.0,0.0,0.0
42.246727,DATA,1,1,0,10,0,26.6045666,26.6045666,-7.28510666,1.35612845,-8.455959,4.077068,-24.17337,0.657960832,-8.0,0.0,-8.0,0.0,0.0,0.0,0.0,0.0,0.0,0.0
42.30269,DATA,1,1,0,10,0,26.6605282,26.6605282,-7.28509569,1.35626638,-8.45601749,4.07780266,-24.1717529,0.6553573,-8.0,0.0,-8.0,0.0,0.0,0.0,0.0,0.0,0.0,0.0
42.35877,DATA,1,1,0,10,0,26.716608,26.716608,-7.28513527,1.35626078,-8.45595,4.08335,-24.1710815,0.6536275,-8.0,0.0,-8.0,0.0,0.0,0.0,0.0,0.0,0.0,0.0
42.4149475,DATA,1,1,0,10,0,26.7727871,26.7727871,-7.28508425,1.35628533,-8.456028,4.081976,-24.1728821,0.65660733,-8.0,0.0,-8.0,0.0,0.0,0.0,0.0,0.0,0.0,0.0
42.4698448,DATA,1,1,0,10,0,26.8276844,26.8276844,-7.28507137,1.35628867,-8.456062,4.07807064,-24.1725159,0.6532634,-8.0,0.0,-8.0,0.0,0.0,0.0,0.0,0.0,0.0,0.0
42.5250359,DATA,1,1,0,10,0,26.8828754,26.8828754,-7.285039,1.35640168,-8.455954,4.07679462,-24.1714478,0.6637949,-8.0,0.0,-8.0,0.0,0.0,0.0,0.0,0.0,0.0,0.0
42.58111,DATA,1,1,0,10,0,26.9389477,26.9389477,-7.285031,1.35639489,-8.456064,4.07944345,-24.1734314,0.6490951,-8.0,0.0,-8.0,0.0,0.0,0.0,0.0,0.0,0.0,0.0
42.63619,DATA,1,1,0,10,0,26.9940281,26.9940281,-7.28507662,1.35638833,-8.456051,4.07743073,-24.170166,0.6644359,-8.0,0.0,-8.0,0.0,0.0,0.0,0.0,0.0,0.0,0.0
42.6924934,DATA,1,1,0,10,0,27.050333,27.050333,-7.285078,1.356406,-8.45585251,4.0852046,-24.1737976,0.649001062,-8.0,0.0,-8.0,0.0,0.0,0.0,0.0,0.0,0.0,0.0
42.7469,DATA,1,1,0,10,0,27.1047382,27.1047382,-7.285088,1.35629773,-8.456005,4.075021,-24.1734314,0.6600964,-8.0,0.0,-8.0,0.0,0.0,0.0,0.0,0.0,0.0,0.0
42.8026047,DATA,1,1,0,10,0,27.1604443,27.1604443,-7.28509426,1.35629821,-8.455933,4.076705,-24.1713257,0.6542631,-8.0,0.0,-8.0,0.0,0.0,0.0,0.0,0.0,0.0,0.0
42.8591576,DATA,1,1,0,10,0,27.2169971,27.2169971,-7.28510141,1.35632062,-8.45585,4.0801363,-24.1752625,0.651725,-8.0,0.0,-8.0,0.0,0.0,0.0,0.0,0.0,0.0,0.0
42.9144745,DATA,1,1,0,10,0,27.2723141,27.2723141,-7.285041,1.3563776,-8.45593,4.07661772,-24.1705627,0.66805625,-8.0,0.0,-8.0,0.0,0.0,0.0,0.0,0.0,0.0,0.0
42.96898,DATA,1,1,0,10,0,27.3268185,27.3268185,-7.285033,1.35636067,-8.455893,4.07656956,-24.1755676,0.6476249,-8.0,0.0,-8.0,0.0,0.0,0.0,0.0,0.0,0.0,0.0
43.0252075,DATA,1,1,0,10,0,27.3830471,27.3830471,-7.28504467,1.35634518,-8.455899,4.07607269,-24.1758118,0.6633879,-8.0,0.0,-8.0,0.0,0.0,0.0,0.0,0.0,0.0,0.0
43.0810471,DATA,1,1,0,10,0,27.4388866,27.4388866,-7.284993,1.35633039,-8.455913,4.076437,-24.1807861,0.6525671,-8.0,0.0,-8.0,0.0,0.0,0.0,0.0,0.0,0.0,0.0
43.1368065,DATA,1,1,0,10,0,27.4946461,27.4946461,-7.285016,1.3563391,-8.455904,4.07519341,-24.1764221,0.6599768,-8.0,0.0,-8.0,0.0,0.0,0.0,0.0,0.0,0.0,0.0
43.19149,DATA,1,1,0,10,0,27.54933,27.54933,-7.285043,1.3563453,-8.455864,4.080716,-24.1748047,0.6564925,-8.0,0.0,-8.0,0.0,0.0,0.0,0.0,0.0,0.0,0.0
43.24684,DATA,1,1,0,10,0,27.604681,27.604681,-7.28505373,1.35623813,-8.455902,4.07380724,-24.1758423,0.654437542,-8.0,0.0,-8.0,0.0,0.0,0.0,0.0,0.0,0.0,0.0
43.30359,DATA,1,1,0,10,0,27.6614285,27.6614285,-7.285033,1.35626411,-8.455848,4.0763936,-24.1732788,0.6669496,-8.0,0.0,-8.0,0.0,0.0,0.0,0.0,0.0,0.0,0.0
43.3584023,DATA,1,1,0,10,0,27.7162418,27.7162418,-7.28502369,1.35624921,-8.455768,4.08725929,-24.1790466,0.6479334,-8.0,0.0,-8.0,0.0,0.0,0.0,0.0,0.0,0.0,0.0
43.4141273,DATA,1,1,0,10,0,27.7719669,27.7719669,-7.285105,1.356246,-8.455778,4.076438,-24.174469,0.666016161,-8.0,0.0,-8.0,0.0,0.0,0.0,0.0,0.0,0.0,0.0
43.4694023,DATA,1,1,0,10,0,27.8272419,27.8272419,-7.28503227,1.35634732,-8.455734,4.07613468,-24.171814,0.6625682,-8.0,0.0,-8.0,0.0,0.0,0.0,0.0,0.0,0.0,0.0
43.5252762,DATA,1,1,0,10,0,27.8831158,27.8831158,-7.285035,1.35625076,-8.45583,4.07483339,-24.1776733,0.647064447,-8.0,0.0,-8.0,0.0,0.0,0.0,0.0,0.0,0.0,0.0
43.58185,DATA,1,1,0,10,0,27.9396877,27.9396877,-7.28507757,1.35617924,-8.455839,4.07168531,-24.1728821,0.6695534,-8.0,0.0,-8.0,0.0,0.0,0.0,0.0,0.0,0.0,0.0
43.6363869,DATA,1,1,0,10,0,27.9942265,27.9942265,-7.285071,1.356185,-8.455904,4.075845,-24.1726074,0.6481053,-8.0,0.0,-8.0,0.0,0.0,0.0,0.0,0.0,0.0,0.0
43.69127,DATA,1,1,0,10,0,28.0491085,28.0491085,-7.28509665,1.35619438,-8.456047,4.077792,-24.1699219,0.6695168,-8.0,0.0,-8.0,0.0,0.0,0.0,0.0,0.0,0.0,0.0
43.747242,DATA,1,1,0,10,0,28.1050816,28.1050816,-7.285109,1.35616636,-8.456015,4.07306337,-24.1711426,0.6484504,-8.0,0.0,-8.0,0.0,0.0,0.0,0.0,0.0,0.0,0.0
43.8025551,DATA,1,1,0,10,0,28.1603947,28.1603947,-7.28514433,1.35617268,-8.456003,4.070384,-24.1641235,0.6726135,-8.0,0.0,-8.0,0.0,0.0,0.0,0.0,0.0,0.0,0.0
43.8582573,DATA,1,1,0,10,0,28.2160969,28.2160969,-7.28507566,1.35623121,-8.456149,4.07643461,-24.1707458,0.649936438,-8.0,0.0,-8.0,0.0,0.0,0.0,0.0,0.0,0.0,0.0
43.9141769,DATA,1,1,0,10,0,28.2720165,28.2720165,-7.28510952,1.35616434,-8.456222,4.070519,-24.1646423,0.664327562,-8.0,0.0,-8.0,0.0,0.0,0.0,0.0,0.0,0.0,0.0
43.9690323,DATA,1,1,0,10,0,28.3268719,28.3268719,-7.28510857,1.35605574,-8.456355,4.06734467,-24.16745,0.6618182,-8.0,0.0,-8.0,0.0,0.0,0.0,0.0,0.0,0.0,0.0
44.0251579,DATA,1,1,0,10,0,28.3829975,28.3829975,-7.285082,1.3561343,-8.456438,4.06899261,-24.1642151,0.664077342,-8.0,0.0,-8.0,0.0,0.0,0.0,0.0,0.0,0.0,0.0
44.0805969,DATA,1,1,0,10,0,28.4384365,28.4384365,-7.2850647,1.35609317,-8.456383,4.073962,-24.1636658,0.65784055,-8.0,0.0,-8.0,0.0,0.0,0.0,0.0,0.0,0.0,0.0
44.136528,DATA,1,1,0,10,0,28.4943676,28.4943676,-7.285063,1.35603011,-8.45633,4.06805325,-24.166626,0.6694881,-8.0,0.0,-8.0,0.0,0.0,0.0,0.0,0.0,0.0,0.0
44.19176,DATA,1,1,0,10,0,28.5496,28.5496,-7.28506565,1.35602486,-8.456476,4.07198238,-24.1644287,0.6620581,-8.0,0.0,-8.0,0.0,0.0,0.0,0.0,0.0,0.0,0.0
44.2470551,DATA,1,1,0,10,0,28.6048946,28.6048946,-7.285056,1.3559438,-8.456408,4.070078,-24.1682739,0.654162765,-8.0,0.0,-8.0,0.0,0.0,0.0,0.0,0.0,0.0,0.0
44.30263,DATA,1,1,0,10,0,28.660471,28.660471,-7.285093,1.355888,-8.456344,4.07578373,-24.15924,0.671836436,-8.0,0.0,-8.0,0.0,0.0,0.0,0.0,0.0,0.0,0.0
44.3583374,DATA,1,1,0,10,0,28.716177,28.716177,-7.28506136,1.35599232,-8.456387,4.077247,-24.162323,0.649202764,-8.0,0.0,-8.0,0.0,0.0,0.0,0.0,0.0,0.0,0.0
44.4144974,DATA,1,1,0,10,0,28.772337,28.772337,-7.285111,1.35607219,-8.456344,4.07638741,-24.1589355,0.673706234,-8.0,0.0,-8.0,0.0,0.0,0.0,0.0,0.0,0.0,0.0
44.46943,DATA,1,1,0,10,0,28.8272686,28.8272686,-7.285106,1.35604632,-8.456285,4.076459,-24.1629944,0.6487722,-8.0,0.0,-8.0,0.0,0.0,0.0,0.0,0.0,0.0,0.0
44.5253029,DATA,1,1,0,10,0,28.8831425,28.8831425,-7.2851305,1.355993,-8.45628452,4.072156,-24.1584473,0.6758565,-8.0,0.0,-8.0,0.0,0.0,0.0,0.0,0.0,0.0,0.0
44.5804253,DATA,1,1,0,10,0,28.9382648,28.9382648,-7.28506851,1.35599184,-8.456297,4.07300854,-24.16513,0.653045952,-8.0,0.0,-8.0,0.0,0.0,0.0,0.0,0.0,0.0,0.0
44.6363029,DATA,1,1,0,10,0,28.9941425,28.9941425,-7.28510237,1.3559736,-8.456291,4.073551,-24.1596069,0.67269516,-8.0,0.0,-8.0,0.0,0.0,0.0,0.0,0.0,0.0,0.0
44.6914558,DATA,1,1,0,10,0,29.0492954,29.0492954,-7.285097,1.3559581,-8.456303,4.069658,-24.1600342,0.657900453,-8.0,0.0,-8.0,0.0,0.0,0.0,0.0,0.0,0.0,0.0
44.74747,DATA,1,1,0,10,0,29.10531,29.10531,-7.28513145,1.35593343,-8.45625,4.06931734,-24.15857,0.6600111,-8.0,0.0,-8.0,0.0,0.0,0.0,0.0,0.0,0.0,0.0
44.8023834,DATA,1,1,0,10,0,29.160223,29.160223,-7.285186,1.35590792,-8.456283,4.06328964,-24.1610718,0.6703419,-8.0,0.0,-8.0,0.0,0.0,0.0,0.0,0.0,0.0,0.0
44.8583031,DATA,1,1,0,10,0,29.2161427,29.2161427,-7.28521442,1.35588861,-8.456188,4.0666666,-24.1644287,0.6571733,-8.0,0.0,-8.0,0.0,0.0,0.0,0.0,0.0,0.0,0.0
44.91393,DATA,1,1,0,10,0,29.2717686,29.2717686,-7.285159,1.35596013,-8.456279,4.066288,-24.16098,0.666252732,-8.0,0.0,-8.0,0.0,0.0,0.0,0.0,0.0,0.0,0.0
44.9691925,DATA,1,1,0,10,0,29.3270321,29.3270321,-7.285189,1.35594189,-8.456194,4.06536,-24.1584167,0.6668793,-8.0,0.0,-8.0,0.0,0.0,0.0,0.0,0.0,0.0,0.0
45.0253563,DATA,1,1,0,10,0,29.3831959,29.3831959,-7.285174,1.355875,-8.456477,4.06134558,-24.1638489,0.6575128,-8.0,0.0,-8.0,0.0,0.0,0.0,0.0,0.0,0.0,0.0
45.0802727,DATA,1,1,0,10,0,29.4381123,29.4381123,-7.285179,1.35587418,-8.456393,4.064916,-24.15506,0.6762656,-8.0,0.0,-8.0,0.0,0.0,0.0,0.0,0.0,0.0,0.0
45.13694,DATA,1,1,0,10,0,29.49478,29.49478,-7.285084,1.35595381,-8.456337,4.06498861,-24.1689148,0.6294152,-8.0,0.0,-8.0,0.0,0.0,0.0,0.0,0.0,0.0,0.0
45.19179,DATA,1,1,0,10,0,29.5496311,29.5496311,-7.285193,1.35594368,-8.456219,4.0674305,-24.14679,0.704532,-8.0,0.0,-8.0,0.0,0.0,0.0,0.0,0.0,0.0,0.0
45.2470551,DATA,1,1,0,10,0,29.6048946,29.6048946,-7.28508234,1.35595047,-8.456258,4.060041,-24.166626,0.627202451,-8.0,0.0,-8.0,0.0,0.0,0.0,0.0,0.0,0.0,0.0
45.30262,DATA,1,1,0,10,0,29.66046,29.66046,-7.28518534,1.3559339,-8.456135,4.057918,-24.1461182,0.7097041,-8.0,0.0,-8.0,0.0,0.0,0.0,0.0,0.0,0.0,0.0
45.3579979,DATA,1,1,0,10,0,29.7158375,29.7158375,-7.285069,1.35595822,-8.456064,4.063034,-24.172699,0.613441,-8.0,0.0,-8.0,0.0,0.0,0.0,0.0,0.0,0.0,0.0
45.4148,DATA,1,1,0,10,0,29.7726383,29.7726383,-7.285167,1.3559165,-8.455982,4.04402828,-24.1510925,0.729011953,-8.0,0.0,-8.0,0.0,0.0,0.0,0.0,0.0,0.0,0.0
45.4684219,DATA,1,1,0,10,0,29.8262615,29.8262615,-7.285096,1.35591531,-8.455834,4.08285427,-24.1654053,0.6062183,-8.0,0.0,-8.0,0.0,0.0,0.0,0.0,0.0,0.0,0.0
45.5250473,DATA,1,1,0,10,0,29.8828869,29.8828869,-7.285135,1.35572124,-8.455916,4.02787876,-24.1458435,0.706952333,-8.0,0.0,-8.0,0.0,0.0,0.0,0.0,0.0,0.0,0.0
45.58043,DATA,1,1,0,10,0,29.9382687,29.9382687,-7.28515863,1.355711,-8.455776,4.08328533,-24.15564,0.6655212,-8.0,0.0,-8.0,0.0,0.0,0.0,0.0,0.0,0.0,0.0
45.6361732,DATA,1,1,0,10,0,29.9940128,29.9940128,-7.28513145,1.35584736,-8.455877,4.036601,-24.1625671,0.6600292,-8.0,0.0,-8.0,0.0,0.0,0.0,0.0,0.0,0.0,0.0
45.69159,DATA,1,1,0,10,0,30.0494289,30.0494289,-7.285205,1.355861,-8.455701,4.07393932,-24.1470032,0.698891461,-8.0,0.0,-8.0,0.0,0.0,0.0,0.0,0.0,0.0,0.0
45.7473679,DATA,1,1,0,10,0,30.1052074,30.1052074,-7.28508472,1.35597634,-8.455905,4.0515,-24.16986,0.6090675,-8.0,0.0,-8.0,0.0,0.0,0.0,0.0,0.0,0.0,0.0
45.8028374,DATA,1,1,0,10,0,30.160677,30.160677,-7.285287,1.3559804,-8.455844,4.0523715,-24.1376648,0.7345639,-8.0,0.0,-8.0,0.0,0.0,0.0,0.0,0.0,0.0,0.0
45.858654,DATA,1,1,0,10,0,30.2164936,30.2164936,-7.28517342,1.35591638,-8.455909,4.0588336,-24.1619873,0.610739648,-8.0,0.0,-8.0,0.0,0.0,0.0,0.0,0.0,0.0,0.0
45.91389,DATA,1,1,0,10,0,30.27173,30.27173,-7.28534269,1.355891,-8.455868,4.04032,-24.1465454,0.7203224,-8.0,0.0,-8.0,0.0,0.0,0.0,0.0,0.0,0.0,0.0
45.9690781,DATA,1,1,0,10,0,30.3269176,30.3269176,-7.285216,1.35587144,-8.455978,4.0648427,-24.16101,0.627068162,-8.0,0.0,-8.0,0.0,0.0,0.0,0.0,0.0,0.0,0.0
46.025547,DATA,1,1,0,10,0,30.3833866,30.3833866,-7.28529453,1.35581875,-8.456017,4.030905,-24.15445,0.6839648,-8.0,0.0,-8.0,0.0,0.0,0.0,0.0,0.0,0.0,0.0
46.0807076,DATA,1,1,0,10,0,30.4385471,30.4385471,-7.28523636,1.35586047,-8.456001,4.06190348,-24.1529236,0.687500358,-8.0,0.0,-8.0,0.0,0.0,0.0,0.0,0.0,0.0,0.0
46.136364,DATA,1,1,0,10,0,30.4942036,30.4942036,-7.28511333,1.35586751,-8.45603752,4.038173,-24.1636963,0.6402397,-8.0,0.0,-8.0,0.0,0.0,0.0,0.0,0.0,0.0,0.0
46.1910973,DATA,1,1,0,10,0,30.5489368,30.5489368,-7.285224,1.35582256,-8.456112,4.04906845,-24.15149,0.71539557,-8.0,0.0,-8.0,0.0,0.0,0.0,0.0,0.0,0.0,0.0
46.24684,DATA,1,1,0,10,0,30.604681,30.604681,-7.28506756,1.35573792,-8.456312,4.04219055,-24.1593323,0.6561691,-8.0,0.0,-8.0,0.0,0.0,0.0,0.0,0.0,0.0,0.0
46.3023758,DATA,1,1,0,10,0,30.6602154,30.6602154,-7.28511047,1.35570717,-8.456321,4.04573441,-24.1590881,0.678742945,-8.0,0.0,-8.0,0.0,0.0,0.0,0.0,0.0,0.0,0.0
46.35808,DATA,1,1,0,10,0,30.7159214,30.7159214,-7.285179,1.35570693,-8.456406,4.037891,-24.1600342,0.6781384,-8.0,0.0,-8.0,0.0,0.0,0.0,0.0,0.0,0.0,0.0
46.4139938,DATA,1,1,0,10,0,30.7718334,30.7718334,-7.28521633,1.35569191,-8.4564,4.04543734,-24.150177,0.695139468,-8.0,0.0,-8.0,0.0,0.0,0.0,0.0,0.0,0.0,0.0
46.46838,DATA,1,1,0,10,0,30.82622,30.82622,-7.285191,1.35558367,-8.456509,4.04670048,-24.1599426,0.659398,-8.0,0.0,-8.0,0.0,0.0,0.0,0.0,0.0,0.0,0.0
46.5246544,DATA,1,1,0,10,0,30.882494,30.882494,-7.28527737,1.3555162,-8.456559,4.040591,-24.1528625,0.699044764,-8.0,0.0,-8.0,0.0,0.0,0.0,0.0,0.0,0.0,0.0
46.58085,DATA,1,1,0,10,0,30.9386883,30.9386883,-7.285188,1.35561347,-8.456657,4.0506,-24.1504517,0.681631,-8.0,0.0,-8.0,0.0,0.0,0.0,0.0,0.0,0.0,0.0
46.6363525,DATA,1,1,0,10,0,30.9941921,30.9941921,-7.285192,1.3555727,-8.45669,4.038843,-24.1531372,0.682402551,-8.0,0.0,-8.0,0.0,0.0,0.0,0.0,0.0,0.0,0.0
46.6915779,DATA,1,1,0,10,0,31.0494175,31.0494175,-7.285266,1.35566378,-8.456588,4.04730749,-24.1486511,0.6822032,-8.0,0.0,-8.0,0.0,0.0,0.0,0.0,0.0,0.0,0.0
46.7468,DATA,1,1,0,10,0,31.10464,31.10464,-7.285332,1.35565937,-8.456578,4.04841042,-24.1411743,0.6977998,-8.0,0.0,-8.0,0.0,0.0,0.0,0.0,0.0,0.0,0.0
46.8027344,DATA,1,1,0,10,0,31.160574,31.160574,-7.28528738,1.35563922,-8.45663452,4.048162,-24.1490784,0.6791244,-8.0,0.0,-8.0,0.0,0.0,0.0,0.0,0.0,0.0,0.0
46.8585854,DATA,1,1,0,10,0,31.2164249,31.2164249,-7.28529024,1.35560787,-8.456669,4.044149,-24.1502075,0.6823563,-8.0,0.0,-8.0,0.0,0.0,0.0,0.0,0.0,0.0,0.0
46.9137421,DATA,1,1,0,10,0,31.2715816,31.2715816,-7.285244,1.35561693,-8.456666,4.031468,-24.141571,0.7002302,-8.0,0.0,-8.0,0.0,0.0,0.0,0.0,0.0,0.0,0.0
46.968502,DATA,1,1,0,10,0,31.3263416,31.3263416,-7.28522253,1.35564792,-8.456542,4.05589437,-24.1519165,0.660104156,-8.0,0.0,-8.0,0.0,0.0,0.0,0.0,0.0,0.0,0.0
47.02432,DATA,1,1,0,10,0,31.3821583,31.3821583,-7.285295,1.35561883,-8.456551,4.057535,-24.1419373,0.6920966,-8.0,0.0,-8.0,0.0,0.0,0.0,0.0,0.0,0.0,0.0
47.0801544,DATA,1,1,0,10,0,31.437994,31.437994,-7.285258,1.35563982,-8.456636,4.044439,-24.1412659,0.691405535,-8.0,0.0,-8.0,0.0,0.0,0.0,0.0,0.0,0.0,0.0
47.13562,DATA,1,1,0,10,0,31.49346,31.49346,-7.2852993,1.3556335,-8.456604,4.054429,-24.1418152,0.6865476,-8.0,0.0,-8.0,0.0,0.0,0.0,0.0,0.0,0.0,0.0
47.1908073,DATA,1,1,0,10,0,31.5486469,31.5486469,-7.285268,1.3556242,-8.456614,4.04556561,-24.1447449,0.669183,-8.0,0.0,-8.0,0.0,0.0,0.0,0.0,0.0,0.0,0.0
47.24694,DATA,1,1,0,10,0,31.60478,31.60478,-7.28536463,1.35558259,-8.456596,4.05000973,-24.14035,0.704552948,-8.0,0.0,-8.0,0.0,0.0,0.0,0.0,0.0,0.0,0.0
47.3022652,DATA,1,1,0,10,0,31.6601048,31.6601048,-7.28521061,1.35574794,-8.456403,4.04842138,-24.1505127,0.6672065,-8.0,0.0,-8.0,0.0,0.0,0.0,0.0,0.0,0.0,0.0
47.35842,DATA,1,1,0,10,0,31.71626,31.71626,-7.28527832,1.35572016,-8.456343,4.04579163,-24.1418762,0.691181242,-8.0,0.0,-8.0,0.0,0.0,0.0,0.0,0.0,0.0,0.0
47.414238,DATA,1,1,0,10,0,31.7720776,31.7720776,-7.28515863,1.35571516,-8.456297,4.0519743,-24.1490784,0.672618,-8.0,0.0,-8.0,0.0,0.0,0.0,0.0,0.0,0.0,0.0
47.46827,DATA,1,1,0,10,0,31.8261089,31.8261089,-7.2852,1.35568345,-8.456231,4.04748344,-24.14566,0.690716743,-8.0,0.0,-8.0,0.0,0.0,0.0,0.0,0.0,0.0,0.0
47.5243073,DATA,1,1,0,10,0,31.8821468,31.8821468,-7.28512859,1.35564458,-8.456281,4.05142832,-24.15158,0.67490536,-8.0,0.0,-8.0,0.0,0.0,0.0,0.0,0.0,0.0,0.0
47.58081,DATA,1,1,0,10,0,31.93865,31.93865,-7.28515625,1.35559392,-8.456296,4.043059,-24.1504822,0.6835683,-8.0,0.0,-8.0,0.0,0.0,0.0,0.0,0.0,0.0,0.0
47.6366,DATA,1,1,0,10,0,31.99444,31.99444,-7.285173,1.35553682,-8.456341,4.04934025,-24.14914,0.6879544,-8.0,0.0,-8.0,0.0,0.0,0.0,0.0,0.0,0.0,0.0
47.69139,DATA,1,1,0,10,0,32.0492325,32.0492325,-7.285166,1.35548222,-8.4564085,4.044537,-24.1528625,0.671006262,-8.0,0.0,-8.0,0.0,0.0,0.0,0.0,0.0,0.0,0.0
47.74671,DATA,1,1,0,10,0,32.1045532,32.1045532,-7.28521252,1.35546792,-8.456422,4.04783249,-24.1470947,0.6912611,-8.0,0.0,-8.0,0.0,0.0,0.0,0.0,0.0,0.0,0.0
47.8027153,DATA,1,1,0,10,0,32.160553,32.160553,-7.285143,1.3555572,-8.456516,4.039721,-24.151001,0.676756,-8.0,0.0,-8.0,0.0,0.0,0.0,0.0,0.0,0.0,0.0
47.857975,DATA,1,1,0,10,0,32.2158127,32.2158127,-7.28518343,1.35555458,-8.456505,4.04616261,-24.1506348,0.6915776,-8.0,0.0,-8.0,0.0,0.0,0.0,0.0,0.0,0.0,0.0
47.91415,DATA,1,1,0,10,0,32.2719879,32.2719879,-7.28518963,1.35557938,-8.456574,4.03849649,-24.1495667,0.6733219,-8.0,0.0,-8.0,0.0,0.0,0.0,0.0,0.0,0.0,0.0
47.968483,DATA,1,1,0,10,0,32.3263245,32.3263245,-7.285245,1.35557461,-8.456571,4.04718876,-24.1425781,0.6944986,-8.0,0.0,-8.0,0.0,0.0,0.0,0.0,0.0,0.0,0.0
48.025177,DATA,1,1,0,10,0,32.38302,32.38302,-7.28514767,1.35558772,-8.456646,4.039246,-24.151001,0.6811307,-8.0,0.0,-8.0,0.0,0.0,0.0,0.0,0.0,0.0,0.0
48.0801659,DATA,1,1,0,10,0,32.4380035,32.4380035,-7.285201,1.35556948,-8.456652,4.04324055,-24.1523132,0.686285853,-8.0,0.0,-8.0,0.0,0.0,0.0,0.0,0.0,0.0,0.0
48.1359367,DATA,1,1,0,10,0,32.4937744,32.4937744,-7.285174,1.35557508,-8.456599,4.039421,-24.1477966,0.6875896,-8.0,0.0,-8.0,0.0,0.0,0.0,0.0,0.0,0.0,0.0
48.1905823,DATA,1,1,0,10,0,32.5484238,32.5484238,-7.28522968,1.355554,-8.456577,4.04550171,-24.1477966,0.6902647,-8.0,0.0,-8.0,0.0,0.0,0.0,0.0,0.0,0.0,0.0
48.2462234,DATA,1,1,0,10,0,32.6040649,32.6040649,-7.285192,1.35556507,-8.456582,4.045403,-24.1510315,0.677949965,-8.0,0.0,-8.0,0.0,0.0,0.0,0.0,0.0,0.0,0.0
48.3028564,DATA,1,1,0,10,0,32.6606979,32.6606979,-7.285247,1.35554659,-8.45658,4.040638,-24.1464844,0.692497,-8.0,0.0,-8.0,0.0,0.0,0.0,0.0,0.0,0.0,0.0
48.3584251,DATA,1,1,0,10,0,32.7162628,32.7162628,-7.28520632,1.35557628,-8.456553,4.04240465,-24.14798,0.6820382,-8.0,0.0,-8.0,0.0,0.0,0.0,0.0,0.0,0.0,0.0
48.4132,DATA,1,1,0,10,0,32.77104,32.77104,-7.28518772,1.35560954,-8.456539,4.0420084,-24.14502,0.6791352,-8.0,0.0,-8.0,0.0,0.0,0.0,0.0,0.0,0.0,0.0
48.4685745,DATA,1,1,0,10,0,32.826416,32.826416,-7.285208,1.35560441,-8.456523,4.041911,-24.1467285,0.688563168,-8.0,0.0,-8.0,0.0,0.0,0.0,0.0,0.0,0.0,0.0
48.5241,DATA,1,1,0,10,0,32.8819427,32.8819427,-7.285125,1.35563064,-8.456481,4.038781,-24.1482849,0.6816642,-8.0,0.0,-8.0,0.0,0.0,0.0,0.0,0.0,0.0,0.0
48.58062,DATA,1,1,0,10,0,32.93846,32.93846,-7.28516865,1.3556242,-8.456454,4.044449,-24.1506348,0.6821247,-8.0,0.0,-8.0,0.0,0.0,0.0,0.0,0.0,0.0,0.0
48.63619,DATA,1,1,0,10,0,32.9940262,32.9940262,-7.285162,1.35553288,-8.456487,4.044685,-24.1471558,0.6879962,-8.0,0.0,-8.0,0.0,0.0,0.0,0.0,0.0,0.0,0.0
48.69127,DATA,1,1,0,10,0,33.04911,33.04911,-7.28521347,1.35549617,-8.456453,4.042852,-24.1452332,0.687462866,-8.0,0.0,-8.0,0.0,0.0,0.0,0.0,0.0,0.0,0.0
48.74723,DATA,1,1,0,10,0,33.105072,33.105072,-7.28521,1.3554883,-8.456514,4.04087973,-24.1417542,0.6817987,-8.0,0.0,-8.0,0.0,0.0,0.0,0.0,0.0,0.0,0.0
48.8026924,DATA,1,1,0,10,0,33.16053,33.16053,-7.28527641,1.35545278,-8.456494,4.04166746,-24.14386,0.6892562,-8.0,0.0,-8.0,0.0,0.0,0.0,0.0,0.0,0.0,0.0
48.8579826,DATA,1,1,0,10,0,33.21582,33.21582,-7.28513336,1.355389,-8.456665,4.0412817,-24.1466675,0.685150743,-8.0,0.0,-8.0,0.0,0.0,0.0,0.0,0.0,0.0,0.0
48.9130363,DATA,1,1,0,10,0,33.270874,33.270874,-7.285167,1.35534811,-8.4566555,4.04021168,-24.147644,0.6796986,-8.0,0.0,-8.0,0.0,0.0,0.0,0.0,0.0,0.0,0.0
48.9682045,DATA,1,1,0,10,0,33.3260422,33.3260422,-7.28517437,1.35540056,-8.456603,4.04416275,-24.1470032,0.6844026,-8.0,0.0,-8.0,0.0,0.0,0.0,0.0,0.0,0.0,0.0
49.0244255,DATA,1,1,0,10,0,33.3822632,33.3822632,-7.28521347,1.35537636,-8.456572,4.04184246,-24.1481323,0.685089946,-8.0,0.0,-8.0,0.0,0.0,0.0,0.0,0.0,0.0,0.0
49.0808258,DATA,1,1,0,10,0,33.4386673,33.4386673,-7.28523874,1.35545182,-8.456517,4.042909,-24.1437073,0.685166,-8.0,0.0,-8.0,0.0,0.0,0.0,0.0,0.0,0.0,0.0
49.1357269,DATA,1,1,0,10,0,33.49357,33.49357,-7.285271,1.35551691,-8.456469,4.044425,-24.1459656,0.686958969,-8.0,0.0,-8.0,0.0,0.0,0.0,0.0,0.0,0.0,0.0
49.19013,DATA,1,1,0,10,0,33.547966,33.547966,-7.28528261,1.35550809,-8.456442,4.041816,-24.1411133,0.686953664,-8.0,0.0,-8.0,0.0,0.0,0.0,0.0,0.0,0.0,0.0
49.24624,DATA,1,1,0,10,0,33.60408,33.60408,-7.285187,1.35552716,-8.456446,4.04475975,-24.1416626,0.6776599,-8.0,0.0,-8.0,0.0,0.0,0.0,0.0,0.0,0.0,0.0
49.30213,DATA,1,1,0,10,0,33.6599731,33.6599731,-7.285232,1.35551333,-8.456426,4.042192,-24.1434937,0.6882416,-8.0,0.0,-8.0,0.0,0.0,0.0,0.0,0.0,0.0,0.0
49.357708,DATA,1,1,0,10,0,33.7155457,33.7155457,-7.285218,1.35548449,-8.456455,4.04343748,-24.1469421,0.684093833,-8.0,0.0,-8.0,0.0,0.0,0.0,0.0,0.0,0.0,0.0
49.4133644,DATA,1,1,0,10,0,33.7712021,33.7712021,-7.285286,1.35546494,-8.45642948,4.039892,-24.1400757,0.686102748,-8.0,0.0,-8.0,0.0,0.0,0.0,0.0,0.0,0.0,0.0
49.46897,DATA,1,1,0,10,0,33.8268127,33.8268127,-7.28528357,1.35541058,-8.456487,4.038236,-24.1440125,0.6904462,-8.0,0.0,-8.0,0.0,0.0,0.0,0.0,0.0,0.0,0.0
49.5243073,DATA,1,1,0,10,0,33.88215,33.88215,-7.28536654,1.35538554,-8.456459,4.04385853,-24.1419678,0.688890755,-8.0,0.0,-8.0,0.0,0.0,0.0,0.0,0.0,0.0,0.0
49.5799675,DATA,1,1,0,10,0,33.9378052,33.9378052,-7.285312,1.355432,-8.45641,4.04297543,-24.145752,0.6863299,-8.0,0.0,-8.0,0.0,0.0,0.0,0.0,0.0,0.0,0.0
49.63544,DATA,1,1,0,10,0,33.99328,33.99328,-7.285406,1.35539818,-8.456381,4.04361248,-24.1401978,0.690781355,-8.0,0.0,-8.0,0.0,0.0,0.0,0.0,0.0,0.0,0.0
49.69127,DATA,1,1,0,10,0,34.04911,34.04911,-7.285328,1.35536885,-8.456472,4.038374,-24.1437378,0.6817676,-8.0,0.0,-8.0,0.0,0.0,0.0,0.0,0.0,0.0,0.0
49.7469635,DATA,1,1,0,10,0,34.104805,34.104805,-7.28538227,1.35533261,-8.456456,4.03903437,-24.1392517,0.689822137,-8.0,0.0,-8.0,0.0,0.0,0.0,0.0,0.0,0.0,0.0
49.8016472,DATA,1,1,0,10,0,34.1594849,34.1594849,-7.285317,1.35530829,-8.456543,4.036016,-24.1412048,0.684601,-8.0,0.0,-8.0,0.0,0.0,0.0,0.0,0.0,0.0,0.0
49.858532,DATA,1,1,0,10,0,34.21637,34.21637,-7.28530836,1.35528493,-8.456586,4.040075,-24.1410217,0.6906805,-8.0,0.0,-8.0,0.0,0.0,0.0,0.0,0.0,0.0,0.0
49.91339,DATA,1,1,0,10,0,34.2712326,34.2712326,-7.28529644,1.3553009,-8.456545,4.03990746,-24.1437988,0.679940045,-8.0,0.0,-8.0,0.0,0.0,0.0,0.0,0.0,0.0,0.0
49.96847,DATA,1,1,0,10,0,34.32631,34.32631,-7.285283,1.35534215,-8.456484,4.04024124,-24.1412048,0.6891226,-8.0,0.0,-8.0,0.0,0.0,0.0,0.0,0.0,0.0,0.0
50.0243073,DATA,1,1,0,10,0,34.38215,34.38215,-7.285319,1.35532081,-8.456463,4.03527641,-24.13916,0.683899045,-8.0,0.0,-8.0,0.0,0.0,0.0,0.0,0.0,0.0,0.0
50.0802231,DATA,1,1,0,10,0,34.4380646,34.4380646,-7.285226,1.355402,-8.456476,4.03971958,-24.1448059,0.6878168,-8.0,0.0,-8.0,0.0,0.0,0.0,0.0,0.0,0.0,0.0
50.1354446,DATA,1,1,0,10,0,34.4932861,34.4932861,-7.28527737,1.35539091,-8.456471,4.03333426,-24.14331,0.6846513,-8.0,0.0,-8.0,0.0,0.0,0.0,0.0,0.0,0.0,0.0
50.1906433,DATA,1,1,0,10,0,34.5484848,34.5484848,-7.28526831,1.355295,-8.45644951,4.03945971,-24.1431274,0.686824143,-8.0,0.0,-8.0,0.0,0.0,0.0,0.0,0.0,0.0,0.0
50.24607,DATA,1,1,0,10,0,34.6039124,34.6039124,-7.28531742,1.35525715,-8.456425,4.03633738,-24.14566,0.685429454,-8.0,0.0,-8.0,0.0,0.0,0.0,0.0,0.0,0.0,0.0
50.3026962,DATA,1,1,0,10,0,34.6605377,34.6605377,-7.285268,1.35536325,-8.456508,4.03278542,-24.14392,0.686473131,-8.0,0.0,-8.0,0.0,0.0,0.0,0.0,0.0,0.0,0.0
50.35765,DATA,1,1,0,10,0,34.7154922,34.7154922,-7.28532171,1.3553648,-8.456491,4.037687,-24.1419678,0.6861372,-8.0,0.0,-8.0,0.0,0.0,0.0,0.0,0.0,0.0,0.0
50.4132271,DATA,1,1,0,10,0,34.7710648,34.7710648,-7.28517246,1.355329,-8.456654,4.033209,-24.1429443,0.6883389,-8.0,0.0,-8.0,0.0,0.0,0.0,0.0,0.0,0.0,0.0
50.4682,DATA,1,1,0,10,0,34.8260422,34.8260422,-7.2851963,1.35531521,-8.45666,4.031405,-24.1442871,0.6824472,-8.0,0.0,-8.0,0.0,0.0,0.0,0.0,0.0,0.0,0.0
50.524025,DATA,1,1,0,10,0,34.8818665,34.8818665,-7.285133,1.35535,-8.456673,4.0328846,-24.1428833,0.6886903,-8.0,0.0,-8.0,0.0,0.0,0.0,0.0,0.0,0.0,0.0
50.5803337,DATA,1,1,0,10,0,34.93817,34.93817,-7.28510761,1.35536647,-8.456675,4.0345,-24.1431274,0.682877839,-8.0,0.0,-8.0,0.0,0.0,0.0,0.0,0.0,0.0,0.0
50.6349869,DATA,1,1,0,10,0,34.99283,34.99283,-7.28514242,1.35535693,-8.456645,4.035347,-24.14154,0.6883084,-8.0,0.0,-8.0,0.0,0.0,0.0,0.0,0.0,0.0,0.0
50.69123,DATA,1,1,0,10,0,35.0490723,35.0490723,-7.285168,1.35534346,-8.456585,4.034404,-24.1452026,0.6816303,-8.0,0.0,-8.0,0.0,0.0,0.0,0.0,0.0,0.0,0.0
50.74697,DATA,1,1,0,10,0,35.1048126,35.1048126,-7.285185,1.35531735,-8.456599,4.03279257,-24.1457214,0.685728967,-8.0,0.0,-8.0,0.0,0.0,0.0,0.0,0.0,0.0,0.0
50.8021,DATA,1,1,0,10,0,35.1599426,35.1599426,-7.28509665,1.35529089,-8.45671749,4.03115559,-24.1467285,0.6839276,-8.0,0.0,-8.0,0.0,0.0,0.0,0.0,0.0,0.0,0.0
50.85817,DATA,1,1,0,10,0,35.21601,35.21601,-7.285138,1.35528183,-8.45672,4.033082,-24.1448364,0.682033956,-8.0,0.0,-8.0,0.0,0.0,0.0,0.0,0.0,0.0,0.0
50.9123459,DATA,1,1,0,10,0,35.2701874,35.2701874,-7.285185,1.35525036,-8.456767,4.030117,-24.1467285,0.685993552,-8.0,0.0,-8.0,0.0,0.0,0.0,0.0,0.0,0.0,0.0
50.9682,DATA,1,1,0,10,0,35.3260422,35.3260422,-7.28524065,1.35523391,-8.456771,4.033591,-24.1459656,0.6818028,-8.0,0.0,-8.0,0.0,0.0,0.0,0.0,0.0,0.0,0.0
51.02493,DATA,1,1,0,10,0,35.3827667,35.3827667,-7.28513432,1.35534239,-8.456567,4.03048944,-24.1470032,0.6867493,-8.0,0.0,-8.0,0.0,0.0,0.0,0.0,0.0,0.0,0.0
51.0796242,DATA,1,1,0,10,0,35.43746,35.43746,-7.285167,1.35533965,-8.456534,4.03290462,-24.1471863,0.6821307,-8.0,0.0,-8.0,0.0,0.0,0.0,0.0,0.0,0.0,0.0
51.1361961,DATA,1,1,0,10,0,35.4940338,35.4940338,-7.28508663,1.35531521,-8.456582,4.026619,-24.1483765,0.6814525,-8.0,0.0,-8.0,0.0,0.0,0.0,0.0,0.0,0.0,0.0
51.1905556,DATA,1,1,0,10,0,35.5483932,35.5483932,-7.285113,1.35530508,-8.456566,4.0315156,-24.1460571,0.6830644,-8.0,0.0,-8.0,0.0,0.0,0.0,0.0,0.0,0.0,0.0
51.2467422,DATA,1,1,0,10,0,35.6045837,35.6045837,-7.285064,1.35532141,-8.456527,4.028196,-24.14685,0.680324,-8.0,0.0,-8.0,0.0,0.0,0.0,0.0,0.0,0.0,0.0
51.3020744,DATA,1,1,0,10,0,35.6599121,35.6599121,-7.285069,1.35530221,-8.45649052,4.03058672,-24.1434326,0.682471454,-8.0,0.0,-8.0,0.0,0.0,0.0,0.0,0.0,0.0,0.0
51.3574333,DATA,1,1,0,10,0,35.71527,35.71527,-7.28508949,1.3552587,-8.456448,4.027584,-24.1429749,0.6842786,-8.0,0.0,-8.0,0.0,0.0,0.0,0.0,0.0,0.0,0.0
51.4132919,DATA,1,1,0,10,0,35.7711334,35.7711334,-7.28512049,1.35520613,-8.45638752,4.02980566,-24.1417847,0.682036638,-8.0,0.0,-8.0,0.0,0.0,0.0,0.0,0.0,0.0,0.0
51.4679756,DATA,1,1,0,10,0,35.8258133,35.8258133,-7.28511858,1.3551836,-8.456388,4.03321552,-24.1461182,0.684546351,-8.0,0.0,-8.0,0.0,0.0,0.0,0.0,0.0,0.0,0.0
51.52486,DATA,1,1,0,10,0,35.8826981,35.8826981,-7.285084,1.35524583,-8.456444,4.033937,-24.14743,0.6872366,-8.0,0.0,-8.0,0.0,0.0,0.0,0.0,0.0,0.0,0.0
51.58053,DATA,1,1,0,10,0,35.93837,35.93837,-7.28511238,1.35520387,-8.456419,4.03392029,-24.1469727,0.6884203,-8.0,0.0,-8.0,0.0,0.0,0.0,0.0,0.0,0.0,0.0
51.6350479,DATA,1,1,0,10,0,35.99289,35.99289,-7.28506136,1.355274,-8.456566,4.03330374,-24.1458435,0.686954737,-8.0,0.0,-8.0,0.0,0.0,0.0,0.0,0.0,0.0,0.0
51.69124,DATA,1,1,0,10,0,36.04908,36.04908,-7.28509045,1.35524154,-8.456575,4.027112,-24.1436462,0.6883144,-8.0,0.0,-8.0,0.0,0.0,0.0,0.0,0.0,0.0,0.0
51.74675,DATA,1,1,0,10,0,36.10459,36.10459,-7.285052,1.35530341,-8.45666,4.02705431,-24.1431885,0.6854554,-8.0,0.0,-8.0,0.0,0.0,0.0,0.0,0.0,0.0,0.0
51.80208,DATA,1,1,0,10,0,36.15992,36.15992,-7.28505564,1.35529947,-8.456665,4.02673531,-24.14679,0.6836057,-8.0,0.0,-8.0,0.0,0.0,0.0,0.0,0.0,0.0,0.0
51.85752,DATA,1,1,0,10,0,36.2153625,36.2153625,-7.284978,1.35535312,-8.456777,4.02600145,-24.1460266,0.689109743,-8.0,0.0,-8.0,0.0,0.0,0.0,0.0,0.0,0.0,0.0
51.913353,DATA,1,1,0,10,0,36.2711945,36.2711945,-7.28498459,1.35535407,-8.456799,4.025646,-24.1422119,0.685571134,-8.0,0.0,-8.0,0.0,0.0,0.0,0.0,0.0,0.0,0.0
51.9683228,DATA,1,1,0,10,0,36.3261642,36.3261642,-7.285016,1.35529375,-8.456812,4.026769,-24.14215,0.6865846,-8.0,0.0,-8.0,0.0,0.0,0.0,0.0,0.0,0.0,0.0
52.0243568,DATA,1,1,0,10,0,36.3821945,36.3821945,-7.285045,1.3552624,-8.456831,4.03021955,-24.1416626,0.6864051,-8.0,0.0,-8.0,0.0,0.0,0.0,0.0,0.0,0.0,0.0
52.08116,DATA,1,1,0,10,0,36.439003,36.439003,-7.285114,1.3552146,-8.456813,4.03113365,-24.1452332,0.6874432,-8.0,0.0,-8.0,0.0,0.0,0.0,0.0,0.0,0.0,0.0
52.13524,DATA,1,1,0,10,0,36.49308,36.49308,-7.28519,1.35515368,-8.456796,4.03053,-24.1413574,0.687493742,-8.0,0.0,-8.0,0.0,0.0,0.0,0.0,0.0,0.0,0.0
52.1903038,DATA,1,1,0,10,0,36.54814,36.54814,-7.28520775,1.35511041,-8.45678,4.03237629,-24.1451721,0.6888258,-8.0,0.0,-8.0,0.0,0.0,0.0,0.0,0.0,0.0,0.0
52.2461243,DATA,1,1,0,10,0,36.6039658,36.6039658,-7.285199,1.35509253,-8.456735,4.03056145,-24.1424561,0.685303152,-8.0,0.0,-8.0,0.0,0.0,0.0,0.0,0.0,0.0,0.0
52.30207,DATA,1,1,0,10,0,36.6599121,36.6599121,-7.2852354,1.35503817,-8.456723,4.034102,-24.1399841,0.6874173,-8.0,0.0,-8.0,0.0,0.0,0.0,0.0,0.0,0.0,0.0
52.3583946,DATA,1,1,0,10,0,36.7162323,36.7162323,-7.28518,1.35518,-8.456627,4.0343194,-24.1376038,0.684216142,-8.0,0.0,-8.0,0.0,0.0,0.0,0.0,0.0,0.0,0.0
52.41247,DATA,1,1,0,10,0,36.77031,36.77031,-7.28521729,1.35513294,-8.456586,4.035616,-24.13794,0.6850491,-8.0,0.0,-8.0,0.0,0.0,0.0,0.0,0.0,0.0,0.0
52.4680939,DATA,1,1,0,10,0,36.8259354,36.8259354,-7.285196,1.355269,-8.456526,4.030794,-24.140686,0.6840703,-8.0,0.0,-8.0,0.0,0.0,0.0,0.0,0.0,0.0,0.0
52.52405,DATA,1,1,0,10,0,36.88189,36.88189,-7.285233,1.35524154,-8.456472,4.03171062,-24.1412659,0.687694,-8.0,0.0,-8.0,0.0,0.0,0.0,0.0,0.0,0.0,0.0
52.5800133,DATA,1,1,0,10,0,36.93785,36.93785,-7.285173,1.35529852,-8.456517,4.032492,-24.13858,0.685765,-8.0,0.0,-8.0,0.0,0.0,0.0,0.0,0.0,0.0,0.0
52.63556,DATA,1,1,0,10,0,36.9934,36.9934,-7.285215,1.35528958,-8.456466,4.02930355,-24.14087,0.686387837,-8.0,0.0,-8.0,0.0,0.0,0.0,0.0,0.0,0.0,0.0
52.6900635,DATA,1,1,0,10,0,37.047905,37.047905,-7.28515,1.35525775,-8.456459,4.02800465,-24.13919,0.6864187,-8.0,0.0,-8.0,0.0,0.0,0.0,0.0,0.0,0.0,0.0
52.7461548,DATA,1,1,0,10,0,37.1039963,37.1039963,-7.28517151,1.35523367,-8.456405,4.03115034,-24.14035,0.6858252,-8.0,0.0,-8.0,0.0,0.0,0.0,0.0,0.0,0.0,0.0
52.80151,DATA,1,1,0,10,0,37.1593475,37.1593475,-7.285125,1.35524142,-8.456439,4.02697372,-24.14273,0.680395663,-8.0,0.0,-8.0,0.0,0.0,0.0,0.0,0.0,0.0,0.0
52.8580933,DATA,1,1,0,10,0,37.2159348,37.2159348,-7.28510571,1.355242,-8.456439,4.02744532,-24.1401978,0.6846202,-8.0,0.0,-8.0,0.0,0.0,0.0,0.0,0.0,0.0,0.0
52.9125862,DATA,1,1,0,10,0,37.2704239,37.2704239,-7.28512573,1.35522354,-8.45639,4.027866,-24.1435547,0.680160642,-8.0,0.0,-8.0,0.0,0.0,0.0,0.0,0.0,0.0,0.0
52.9682846,DATA,1,1,0,10,0,37.3261261,37.3261261,-7.285145,1.35518742,-8.456345,4.02647,-24.1436462,0.686414,-8.0,0.0,-8.0,0.0,0.0,0.0,0.0,0.0,0.0,0.0
53.0242538,DATA,1,1,0,10,0,37.3820953,37.3820953,-7.28514862,1.35516846,-8.456317,4.026174,-24.1488647,0.6855991,-8.0,0.0,-8.0,0.0,0.0,0.0,0.0,0.0,0.0,0.0
53.0803337,DATA,1,1,0,10,0,37.43817,37.43817,-7.285034,1.35515547,-8.456405,4.02687025,-24.1434631,0.6930828,-8.0,0.0,-8.0,0.0,0.0,0.0,0.0,0.0,0.0,0.0
53.1352425,DATA,1,1,0,10,0,37.49308,37.49308,-7.28504372,1.35513425,-8.456375,4.02620649,-24.1481018,0.684212565,-8.0,0.0,-8.0,0.0,0.0,0.0,0.0,0.0,0.0,0.0
53.19045,DATA,1,1,0,10,0,37.5482864,37.5482864,-7.284973,1.35522068,-8.456448,4.02119064,-24.1469421,0.687460363,-8.0,0.0,-8.0,0.0,0.0,0.0,0.0,0.0,0.0,0.0
53.2468529,DATA,1,1,0,10,0,37.60469,37.60469,-7.28497171,1.35521626,-8.456429,4.02391863,-24.150177,0.6855061,-8.0,0.0,-8.0,0.0,0.0,0.0,0.0,0.0,0.0,0.0
53.3018837,DATA,1,1,0,10,0,37.65972,37.65972,-7.284915,1.35519314,-8.456489,4.0236845,-24.1483765,0.6888173,-8.0,0.0,-8.0,0.0,0.0,0.0,0.0,0.0,0.0,0.0
53.35737,DATA,1,1,0,10,0,37.71521,37.71521,-7.284918,1.35517585,-8.456476,4.01853371,-24.1513062,0.681899965,-8.0,0.0,-8.0,0.0,0.0,0.0,0.0,0.0,0.0,0.0
53.4124222,DATA,1,1,0,10,0,37.7702637,37.7702637,-7.284965,1.35514307,-8.45639,4.0238204,-24.1516113,0.6873501,-8.0,0.0,-8.0,0.0,0.0,0.0,0.0,0.0,0.0,0.0
53.4683266,DATA,1,1,0,10,0,37.8261642,37.8261642,-7.2849884,1.35510635,-8.456378,4.02075768,-24.15268,0.6895592,-8.0,0.0,-8.0,0.0,0.0,0.0,0.0,0.0,0.0,0.0
53.5237427,DATA,1,1,0,10,0,37.8815842,37.8815842,-7.284989,1.35511708,-8.45649,4.02032042,-24.1517029,0.691475868,-8.0,0.0,-8.0,0.0,0.0,0.0,0.0,0.0,0.0,0.0
53.5797653,DATA,1,1,0,10,0,37.9376068,37.9376068,-7.28500652,1.35512137,-8.456559,4.01980543,-24.1513672,0.688673437,-8.0,0.0,-8.0,0.0,0.0,0.0,0.0,0.0,0.0,0.0
53.6352921,DATA,1,1,0,10,0,37.9931335,37.9931335,-7.285013,1.35507357,-8.45663,4.020782,-24.14804,0.691069,-8.0,0.0,-8.0,0.0,0.0,0.0,0.0,0.0,0.0,0.0
53.69039,DATA,1,1,0,10,0,38.048233,38.048233,-7.28500271,1.35500109,-8.456732,4.01571846,-24.1459351,0.688489258,-8.0,0.0,-8.0,0.0,0.0,0.0,0.0,0.0,0.0,0.0
53.7457657,DATA,1,1,0,10,0,38.1036072,38.1036072,-7.2850194,1.354974,-8.456759,4.020192,-24.1453247,0.6967811,-8.0,0.0,-8.0,0.0,0.0,0.0,0.0,0.0,0.0,0.0
53.8022423,DATA,1,1,0,10,0,38.16008,38.16008,-7.28503,1.355001,-8.456741,4.02056551,-24.1452026,0.6896803,-8.0,0.0,-8.0,0.0,0.0,0.0,0.0,0.0,0.0,0.0
53.85709,DATA,1,1,0,10,0,38.2149277,38.2149277,-7.28506756,1.354971,-8.456757,4.02346134,-24.1419067,0.6919385,-8.0,0.0,-8.0,0.0,0.0,0.0,0.0,0.0,0.0,0.0
53.91281,DATA,1,1,0,10,0,38.2706528,38.2706528,-7.2849555,1.355097,-8.456667,4.019013,-24.14627,0.692568958,-8.0,0.0,-8.0,0.0,0.0,0.0,0.0,0.0,0.0,0.0
53.96775,DATA,1,1,0,10,0,38.325592,38.325592,-7.284975,1.35508108,-8.456673,4.022772,-24.14569,0.6957847,-8.0,0.0,-8.0,0.0,0.0,0.0,0.0,0.0,0.0,0.0
54.0237465,DATA,1,1,0,10,0,38.3815842,38.3815842,-7.28500557,1.3551203,-8.456577,4.023052,-24.149231,0.690179765,-8.0,0.0,-8.0,0.0,0.0,0.0,0.0,0.0,0.0,0.0
54.07963,DATA,1,1,0,10,0,38.43747,38.43747,-7.28504753,1.35510075,-8.45656,4.023157,-24.146637,0.6943461,-8.0,0.0,-8.0,0.0,0.0,0.0,0.0,0.0,0.0,0.0
54.135582,DATA,1,1,0,10,0,38.4934235,38.4934235,-7.284998,1.35508764,-8.456607,4.023843,-24.1494446,0.692436159,-8.0,0.0,-8.0,0.0,0.0,0.0,0.0,0.0,0.0,0.0
54.18974,DATA,1,1,0,10,0,38.5475769,38.5475769,-7.285047,1.355061,-8.456589,4.024608,-24.1471252,0.693583,-8.0,0.0,-8.0,0.0,0.0,0.0,0.0,0.0,0.0,0.0
54.2467155,DATA,1,1,0,10,0,38.6045532,38.6045532,-7.28497267,1.35511255,-8.456497,4.02431536,-24.1528015,0.6904427,-8.0,0.0,-8.0,0.0,0.0,0.0,0.0,0.0,0.0,0.0
54.302063,DATA,1,1,0,10,0,38.6599045,38.6599045,-7.28497934,1.35510612,-8.456446,4.027035,-24.15091,0.691061854,-8.0,0.0,-8.0,0.0,0.0,0.0,0.0,0.0,0.0,0.0
54.3578262,DATA,1,1,0,10,0,38.7156677,38.7156677,-7.28498745,1.35507059,-8.456485,4.025344,-24.15268,0.6907856,-8.0,0.0,-8.0,0.0,0.0,0.0,0.0,0.0,0.0,0.0
54.41236,DATA,1,1,0,10,0,38.7702026,38.7702026,-7.285005,1.35503578,-8.456516,4.027815,-24.1490784,0.690375149,-8.0,0.0,-8.0,0.0,0.0,0.0,0.0,0.0,0.0,0.0
54.4675369,DATA,1,1,0,10,0,38.82538,38.82538,-7.285026,1.35503006,-8.456467,4.026004,-24.1517029,0.688483834,-8.0,0.0,-8.0,0.0,0.0,0.0,0.0,0.0,0.0,0.0
54.5239029,DATA,1,1,0,10,0,38.8817444,38.8817444,-7.28496265,1.3551333,-8.456412,4.02197552,-24.1484985,0.688051045,-8.0,0.0,-8.0,0.0,0.0,0.0,0.0,0.0,0.0,0.0
54.5793,DATA,1,1,0,10,0,38.93714,38.93714,-7.28497839,1.35511684,-8.45635,4.02316141,-24.15036,0.6888057,-8.0,0.0,-8.0,0.0,0.0,0.0,0.0,0.0,0.0,0.0
54.63591,DATA,1,1,0,10,0,38.99375,38.99375,-7.284938,1.35513878,-8.45642,4.02225971,-24.1517029,0.6919882,-8.0,0.0,-8.0,0.0,0.0,0.0,0.0,0.0,0.0,0.0
54.6900749,DATA,1,1,0,10,0,39.0479126,39.0479126,-7.28496361,1.35512722,-8.456381,4.023718,-24.1511536,0.689772844,-8.0,0.0,-8.0,0.0,0.0,0.0,0.0,0.0,0.0,0.0
54.7460556,DATA,1,1,0,10,0,39.1038971,39.1038971,-7.284889,1.35502434,-8.456471,4.02389526,-24.1476135,0.6870622,-8.0,0.0,-8.0,0.0,0.0,0.0,0.0,0.0,0.0,0.0
54.8018,DATA,1,1,0,10,0,39.1596375,39.1596375,-7.28491068,1.35499156,-8.456437,4.021617,-24.1448364,0.691321254,-8.0,0.0,-8.0,0.0,0.0,0.0,0.0,0.0,0.0,0.0
54.857254,DATA,1,1,0,10,0,39.2150955,39.2150955,-7.28498268,1.35501337,-8.45649,4.02340126,-24.14862,0.6879086,-8.0,0.0,-8.0,0.0,0.0,0.0,0.0,0.0,0.0,0.0
54.91213,DATA,1,1,0,10,0,39.2699661,39.2699661,-7.285025,1.35498512,-8.456467,4.01819372,-24.1495361,0.6911901,-8.0,0.0,-8.0,0.0,0.0,0.0,0.0,0.0,0.0,0.0
54.9680061,DATA,1,1,0,10,0,39.3258438,39.3258438,-7.285014,1.355085,-8.456466,4.02158,-24.148468,0.690789938,-8.0,0.0,-8.0,0.0,0.0,0.0,0.0,0.0,0.0,0.0
55.02352,DATA,1,1,0,10,0,39.3813629,39.3813629,-7.28505468,1.35510707,-8.456444,4.01973724,-24.1448059,0.697457969,-8.0,0.0,-8.0,0.0,0.0,0.0,0.0,0.0,0.0,0.0
55.0791855,DATA,1,1,0,10,0,39.437027,39.437027,-7.28501654,1.35509241,-8.45647,4.02122164,-24.1478271,0.6900767,-8.0,0.0,-8.0,0.0,0.0,0.0,0.0,0.0,0.0,0.0
55.1353722,DATA,1,1,0,10,0,39.49321,39.49321,-7.284982,1.355078,-8.456493,4.01996326,-24.1508484,0.6912731,-8.0,0.0,-8.0,0.0,0.0,0.0,0.0,0.0,0.0,0.0
55.1900444,DATA,1,1,0,10,0,39.5478821,39.5478821,-7.28500271,1.35508215,-8.456465,4.01922846,-24.1502686,0.692588747,-8.0,0.0,-8.0,0.0,0.0,0.0,0.0,0.0,0.0,0.0
55.2454872,DATA,1,1,0,10,0,39.6033249,39.6033249,-7.28499031,1.35511327,-8.456418,4.02495,-24.1469727,0.693526566,-8.0,0.0,-8.0,0.0,0.0,0.0,0.0,0.0,0.0,0.0
55.30174,DATA,1,1,0,10,0,39.6595764,39.6595764,-7.285036,1.35510492,-8.456367,4.02077341,-24.1452332,0.6883116,-8.0,0.0,-8.0,0.0,0.0,0.0,0.0,0.0,0.0,0.0
55.3575935,DATA,1,1,0,10,0,39.71543,39.71543,-7.28509,1.35507631,-8.456411,4.020602,-24.1490784,0.692102969,-8.0,0.0,-8.0,0.0,0.0,0.0,0.0,0.0,0.0,0.0
55.41264,DATA,1,1,0,10,0,39.7704773,39.7704773,-7.285145,1.35506141,-8.456367,4.019546,-24.14569,0.6881445,-8.0,0.0,-8.0,0.0,0.0,0.0,0.0,0.0,0.0,0.0
55.4683037,DATA,1,1,0,10,0,39.82614,39.82614,-7.28508043,1.35502183,-8.456437,4.02003527,-24.1441956,0.6924205,-8.0,0.0,-8.0,0.0,0.0,0.0,0.0,0.0,0.0,0.0
55.52376,DATA,1,1,0,10,0,39.8816,39.8816,-7.285116,1.354994,-8.456399,4.017687,-24.1466064,0.6897102,-8.0,0.0,-8.0,0.0,0.0,0.0,0.0,0.0,0.0,0.0
55.5797,DATA,1,1,0,10,0,39.93754,39.93754,-7.285049,1.35492444,-8.456564,4.015978,-24.149292,0.6900626,-8.0,0.0,-8.0,0.0,0.0,0.0,0.0,0.0,0.0,0.0
55.63533,DATA,1,1,0,10,0,39.99317,39.99317,-7.28507948,1.354887,-8.456548,4.020832,-24.14743,0.69415915,-8.0,0.0,-8.0,0.0,0.0,0.0,0.0,0.0,0.0,0.0
55.69003,DATA,1,1,0,10,0,40.0478668,40.0478668,-7.28500652,1.35502148,-8.456533,4.0174017,-24.1471863,0.6897078,-8.0,0.0,-8.0,0.0,0.0,0.0,0.0,0.0,0.0,0.0
55.7460823,DATA,1,1,0,10,0,40.10392,40.10392,-7.2850256,1.35501623,-8.456502,4.01716042,-24.1490784,0.6902184,-8.0,0.0,-8.0,0.0,0.0,0.0,0.0,0.0,0.0,0.0
55.8013153,DATA,1,1,0,10,0,40.1591568,40.1591568,-7.285002,1.354968,-8.456523,4.01489067,-24.1500854,0.689163,-8.0,0.0,-8.0,0.0,0.0,0.0,0.0,0.0,0.0,0.0
55.8574867,DATA,1,1,0,10,0,40.2153244,40.2153244,-7.284992,1.35492241,-8.456527,4.01970053,-24.1511536,0.688426435,-8.0,0.0,-8.0,0.0,0.0,0.0,0.0,0.0,0.0,0.0
55.91239,DATA,1,1,0,10,0,40.2702332,40.2702332,-7.28496552,1.35490513,-8.456495,4.0136,-24.1495667,0.6905252,-8.0,0.0,-8.0,0.0,0.0,0.0,0.0,0.0,0.0,0.0
55.96742,DATA,1,1,0,10,0,40.3252563,40.3252563,-7.2848835,1.35494125,-8.456456,4.014129,-24.1446228,0.6909358,-8.0,0.0,-8.0,0.0,0.0,0.0,0.0,0.0,0.0,0.0
56.0243874,DATA,1,1,0,10,0,40.382225,40.382225,-7.284874,1.35491979,-8.456432,4.015609,-24.1457214,0.6910209,-8.0,0.0,-8.0,0.0,0.0,0.0,0.0,0.0,0.0,0.0
56.08003,DATA,1,1,0,10,0,40.4378662,40.4378662,-7.28490925,1.354972,-8.45648,4.01673365,-24.1460571,0.6957673,-8.0,0.0,-8.0,0.0,0.0,0.0,0.0,0.0,0.0,0.0
56.1349831,DATA,1,1,0,10,0,40.49282,40.49282,-7.284915,1.35495663,-8.456434,4.017827,-24.1448059,0.6957347,-8.0,0.0,-8.0,0.0,0.0,0.0,0.0,0.0,0.0,0.0
56.1903458,DATA,1,1,0,10,0,40.5481873,40.5481873,-7.28492355,1.35487723,-8.4564085,4.016523,-24.1465759,0.690170944,-8.0,0.0,-8.0,0.0,0.0,0.0,0.0,0.0,0.0,0.0
56.24557,DATA,1,1,0,10,0,40.60341,40.60341,-7.28494167,1.35483456,-8.456358,4.01751328,-24.1435242,0.6906862,-8.0,0.0,-8.0,0.0,0.0,0.0,0.0,0.0,0.0,0.0
56.3010674,DATA,1,1,0,10,0,40.658905,40.658905,-7.2849617,1.35489357,-8.456476,4.01692963,-24.14801,0.6893905,-8.0,0.0,-8.0,0.0,0.0,0.0,0.0,0.0,0.0,0.0
56.3574333,DATA,1,1,0,10,0,40.71527,40.71527,-7.28498363,1.35486889,-8.45644,4.01529932,-24.1468811,0.6919377,-8.0,0.0,-8.0,0.0,0.0,0.0,0.0,0.0,0.0,0.0
56.41191,DATA,1,1,0,10,0,40.7697525,40.7697525,-7.284906,1.35493588,-8.456366,4.017839,-24.1498718,0.6872258,-8.0,0.0,-8.0,0.0,0.0,0.0,0.0,0.0,0.0,0.0
56.4675865,DATA,1,1,0,10,0,40.8254242,40.8254242,-7.28491926,1.35492182,-8.456325,4.015831,-24.1524963,0.6927362,-8.0,0.0,-8.0,0.0,0.0,0.0,0.0,0.0,0.0,0.0
56.52292,DATA,1,1,0,10,0,40.88076,40.88076,-7.2849493,1.35494149,-8.456306,4.0174036,-24.1502686,0.690602064,-8.0,0.0,-8.0,0.0,0.0,0.0,0.0,0.0,0.0,0.0
56.57915,DATA,1,1,0,10,0,40.93699,40.93699,-7.28498268,1.35494781,-8.456274,4.01345825,-24.1487732,0.693622947,-8.0,0.0,-8.0,0.0,0.0,0.0,0.0,0.0,0.0,0.0
56.63529,DATA,1,1,0,10,0,40.9931259,40.9931259,-7.2849865,1.35494292,-8.45627,4.01399374,-24.1488342,0.6892819,-8.0,0.0,-8.0,0.0,0.0,0.0,0.0,0.0,0.0,0.0
56.6900673,DATA,1,1,0,10,0,41.047905,41.047905,-7.284978,1.354942,-8.456282,4.015427,-24.1482544,0.6879756,-8.0,0.0,-8.0,0.0,0.0,0.0,0.0,0.0,0.0,0.0
56.746624,DATA,1,1,0,10,0,41.10446,41.10446,-7.285,1.3549515,-8.45627,4.016339,-24.1496277,0.6922904,-8.0,0.0,-8.0,0.0,0.0,0.0,0.0,0.0,0.0,0.0
56.8013649,DATA,1,1,0,10,0,41.1592026,41.1592026,-7.28501034,1.35498571,-8.45639,4.011522,-24.1506958,0.6912742,-8.0,0.0,-8.0,0.0,0.0,0.0,0.0,0.0,0.0,0.0
56.85672,DATA,1,1,0,10,0,41.21456,41.21456,-7.28504753,1.35498452,-8.456367,4.009854,-24.1480713,0.694048464,-8.0,0.0,-8.0,0.0,0.0,0.0,0.0,0.0,0.0,0.0
56.9122429,DATA,1,1,0,10,0,41.27008,41.27008,-7.284991,1.35508311,-8.456432,4.0149436,-24.1506653,0.691361964,-8.0,0.0,-8.0,0.0,0.0,0.0,0.0,0.0,0.0,0.0
56.9676781,DATA,1,1,0,10,0,41.3255157,41.3255157,-7.28503275,1.35508585,-8.456406,4.00879049,-24.14917,0.693113863,-8.0,0.0,-8.0,0.0,0.0,0.0,0.0,0.0,0.0,0.0
57.02353,DATA,1,1,0,10,0,41.38137,41.38137,-7.28494263,1.35500574,-8.456498,4.01226234,-24.1481628,0.6937529,-8.0,0.0,-8.0,0.0,0.0,0.0,0.0,0.0,0.0,0.0
57.0799942,DATA,1,1,0,10,0,41.4378357,41.4378357,-7.28497553,1.35498691,-8.456478,4.013951,-24.14853,0.692698,-8.0,0.0,-8.0,0.0,0.0,0.0,0.0,0.0,0.0,0.0
57.1343651,DATA,1,1,0,10,0,41.4922028,41.4922028,-7.284958,1.35493445,-8.456597,4.01023865,-24.1442871,0.694681346,-8.0,0.0,-8.0,0.0,0.0,0.0,0.0,0.0,0.0,0.0
57.1901,DATA,1,1,0,10,0,41.5479431,41.5479431,-7.284982,1.35490823,-8.456596,4.008575,-24.1442566,0.6913282,-8.0,0.0,-8.0,0.0,0.0,0.0,0.0,0.0,0.0,0.0
57.2457275,DATA,1,1,0,10,0,41.60357,41.60357,-7.285025,1.35483193,-8.45657349,4.009999,-24.1430054,0.6917995,-8.0,0.0,-8.0,0.0,0.0,0.0,0.0,0.0,0.0,0.0
57.3018227,DATA,1,1,0,10,0,41.65966,41.65966,-7.28506756,1.35476875,-8.456544,4.0078187,-24.1425476,0.6916993,-8.0,0.0,-8.0,0.0,0.0,0.0,0.0,0.0,0.0,0.0
57.3568878,DATA,1,1,0,10,0,41.71473,41.71473,-7.285074,1.354809,-8.456507,4.014221,-24.1425171,0.691758454,-8.0,0.0,-8.0,0.0,0.0,0.0,0.0,0.0,0.0,0.0
57.4125366,DATA,1,1,0,10,0,41.77038,41.77038,-7.28508043,1.35486662,-8.456467,4.011781,-24.1477661,0.689563632,-8.0,0.0,-8.0,0.0,0.0,0.0,0.0,0.0,0.0,0.0
57.4673347,DATA,1,1,0,10,0,41.8251724,41.8251724,-7.285098,1.35484385,-8.45644951,4.01174,-24.1465454,0.690817,-8.0,0.0,-8.0,0.0,0.0,0.0,0.0,0.0,0.0,0.0
57.5231476,DATA,1,1,0,10,0,41.88099,41.88099,-7.285024,1.3548454,-8.456448,4.012947,-24.1469727,0.689596,-8.0,0.0,-8.0,0.0,0.0,0.0,0.0,0.0,0.0,0.0
57.5797272,DATA,1,1,0,10,0,41.93757,41.93757,-7.28505039,1.35482049,-8.456417,4.010509,-24.1466675,0.694913864,-8.0,0.0,-8.0,0.0,0.0,0.0,0.0,0.0,0.0,0.0
57.6343536,DATA,1,1,0,10,0,41.9921951,41.9921951,-7.28497362,1.354898,-8.456497,4.01340151,-24.1452026,0.6873038,-8.0,0.0,-8.0,0.0,0.0,0.0,0.0,0.0,0.0,0.0
57.6894455,DATA,1,1,0,10,0,42.047287,42.047287,-7.28498745,1.35487974,-8.456478,4.01149273,-24.14386,0.6947367,-8.0,0.0,-8.0,0.0,0.0,0.0,0.0,0.0,0.0,0.0
57.74542,DATA,1,1,0,10,0,42.1032562,42.1032562,-7.28495646,1.35489666,-8.456598,4.0135417,-24.14978,0.689763546,-8.0,0.0,-8.0,0.0,0.0,0.0,0.0,0.0,0.0,0.0
57.80086,DATA,1,1,0,10,0,42.1587,42.1587,-7.28498363,1.35487866,-8.456576,4.015028,-24.1464844,0.6915554,-8.0,0.0,-8.0,0.0,0.0,0.0,0.0,0.0,0.0,0.0
57.85697,DATA,1,1,0,10,0,42.2148132,42.2148132,-7.28488874,1.35487735,-8.456684,4.01144934,-24.14975,0.6889946,-8.0,0.0,-8.0,0.0,0.0,0.0,0.0,0.0,0.0,0.0
57.9116974,DATA,1,1,0,10,0,42.26954,42.26954,-7.284898,1.35485482,-8.456685,4.01129961,-24.1489258,0.6883805,-8.0,0.0,-8.0,0.0,0.0,0.0,0.0,0.0,0.0,0.0
57.9677124,DATA,1,1,0,10,0,42.3255539,42.3255539,-7.28494644,1.354871,-8.456622,4.011777,-24.15097,0.6911831,-8.0,0.0,-8.0,0.0,0.0,0.0,0.0,0.0,0.0,0.0
58.02326,DATA,1,1,0,10,0,42.3810959,42.3810959,-7.284972,1.354864,-8.456604,4.0131,-24.1544189,0.690040052,-8.0,0.0,-8.0,0.0,0.0,0.0,0.0,0.0,0.0,0.0
58.07933,DATA,1,1,0,10,0,42.4371719,42.4371719,-7.284966,1.35490131,-8.45658,4.012811,-24.1543579,0.6899877,-8.0,0.0,-8.0,0.0,0.0,0.0,0.0,0.0,0.0,0.0
58.1345062,DATA,1,1,0,10,0,42.4923477,42.4923477,-7.28497362,1.35492325,-8.45655251,4.01223326,-24.14801,0.688165843,-8.0,0.0,-8.0,0.0,0.0,0.0,0.0,0.0,0.0,0.0
58.1897659,DATA,1,1,0,10,0,42.5476074,42.5476074,-7.28497171,1.35491657,-8.456551,4.013907,-24.14972,0.6870084,-8.0,0.0,-8.0,0.0,0.0,0.0,0.0,0.0,0.0,0.0
58.2456055,DATA,1,1,0,10,0,42.603447,42.603447,-7.284918,1.35492682,-8.456594,4.012696,-24.15384,0.6886494,-8.0,0.0,-8.0,0.0,0.0,0.0,0.0,0.0,0.0,0.0
58.3017235,DATA,1,1,0,10,0,42.65956,42.65956,-7.28492928,1.35491145,-8.45657,4.012305,-24.15332,0.6927191,-8.0,0.0,-8.0,0.0,0.0,0.0,0.0,0.0,0.0,0.0
58.3565445,DATA,1,1,0,10,0,42.714386,42.714386,-7.284903,1.35498142,-8.4565,4.014209,-24.151001,0.6887921,-8.0,0.0,-8.0,0.0,0.0,0.0,0.0,0.0,0.0,0.0
58.41216,DATA,1,1,0,10,0,42.7699966,42.7699966,-7.284915,1.35497475,-8.456467,4.01235437,-24.1504211,0.6862946,-8.0,0.0,-8.0,0.0,0.0,0.0,0.0,0.0,0.0,0.0
58.46705,DATA,1,1,0,10,0,42.82489,42.82489,-7.284958,1.35492122,-8.456539,4.013383,-24.152771,0.6900004,-8.0,0.0,-8.0,0.0,0.0,0.0,0.0,0.0,0.0,0.0
58.5232,DATA,1,1,0,10,0,42.8810425,42.8810425,-7.284976,1.35490274,-8.456513,4.01274252,-24.1494446,0.690706968,-8.0,0.0,-8.0,0.0,0.0,0.0,0.0,0.0,0.0,0.0
58.5788422,DATA,1,1,0,10,0,42.9366837,42.9366837,-7.28497553,1.35487366,-8.456549,4.01230335,-24.1488342,0.6887909,-8.0,0.0,-8.0,0.0,0.0,0.0,0.0,0.0,0.0,0.0
58.6352158,DATA,1,1,0,10,0,42.9930573,42.9930573,-7.28499269,1.354848,-8.4565115,4.01182,-24.14859,0.6917164,-8.0,0.0,-8.0,0.0,0.0,0.0,0.0,0.0,0.0,0.0
58.6895332,DATA,1,1,0,10,0,43.04737,43.04737,-7.28497028,1.35487843,-8.456571,4.009905,-24.1524048,0.6895613,-8.0,0.0,-8.0,0.0,0.0,0.0,0.0,0.0,0.0,0.0
58.7458038,DATA,1,1,0,10,0,43.1036453,43.1036453,-7.28498554,1.35486138,-8.456554,4.00657225,-24.1531067,0.693378747,-8.0,0.0,-8.0,0.0,0.0,0.0,0.0,0.0,0.0,0.0
58.8009949,DATA,1,1,0,10,0,43.1588364,43.1588364,-7.28496075,1.35484767,-8.45655251,4.00779724,-24.14981,0.689235449,-8.0,0.0,-8.0,0.0,0.0,0.0,0.0,0.0,0.0,0.0
58.85618,DATA,1,1,0,10,0,43.21402,43.21402,-7.28494644,1.35482812,-8.456545,4.00789976,-24.1528625,0.6889288,-8.0,0.0,-8.0,0.0,0.0,0.0,0.0,0.0,0.0,0.0
58.91243,DATA,1,1,0,10,0,43.27027,43.27027,-7.284932,1.35485,-8.456531,4.009023,-24.1506958,0.690775037,-8.0,0.0,-8.0,0.0,0.0,0.0,0.0,0.0,0.0,0.0
58.9675522,DATA,1,1,0,10,0,43.3253937,43.3253937,-7.284894,1.35495007,-8.45653,4.01093626,-24.15155,0.6874609,-8.0,0.0,-8.0,0.0,0.0,0.0,0.0,0.0,0.0,0.0
59.024025,DATA,1,1,0,10,0,43.3818665,43.3818665,-7.284896,1.354947,-8.456518,4.00831652,-24.1492615,0.691095531,-8.0,0.0,-8.0,0.0,0.0,0.0,0.0,0.0,0.0,0.0
59.0787544,DATA,1,1,0,10,0,43.4365921,43.4365921,-7.28488731,1.35496974,-8.456501,4.0097394,-24.1513977,0.6878597,-8.0,0.0,-8.0,0.0,0.0,0.0,0.0,0.0,0.0,0.0
59.1351433,DATA,1,1,0,10,0,43.49298,43.49298,-7.28489161,1.35496426,-8.456484,4.0078,-24.1499939,0.6916894,-8.0,0.0,-8.0,0.0,0.0,0.0,0.0,0.0,0.0,0.0
59.18973,DATA,1,1,0,10,0,43.54757,43.54757,-7.284916,1.35491467,-8.456526,4.01289654,-24.1505737,0.6885884,-8.0,0.0,-8.0,0.0,0.0,0.0,0.0,0.0,0.0,0.0
59.2455063,DATA,1,1,0,10,0,43.6033478,43.6033478,-7.284914,1.35489488,-8.456512,4.010481,-24.1525879,0.6895774,-8.0,0.0,-8.0,0.0,0.0,0.0,0.0,0.0,0.0,0.0
59.3008423,DATA,1,1,0,10,0,43.6586838,43.6586838,-7.28491068,1.35485125,-8.45664,4.007605,-24.1520386,0.6917135,-8.0,0.0,-8.0,0.0,0.0,0.0,0.0,0.0,0.0,0.0
59.35661,DATA,1,1,0,10,0,43.714447,43.714447,-7.28491259,1.354828,-8.456638,4.008277,-24.149292,0.6925739,-8.0,0.0,-8.0,0.0,0.0,0.0,0.0,0.0,0.0,0.0
59.4121475,DATA,1,1,0,10,0,43.76999,43.76999,-7.28492165,1.35485935,-8.456673,4.00879765,-24.1516724,0.6871595,-8.0,0.0,-8.0,0.0,0.0,0.0,0.0,0.0,0.0,0.0
59.4666939,DATA,1,1,0,10,0,43.82453,43.82453,-7.284918,1.35483956,-8.456674,4.006257,-24.1506042,0.6908279,-8.0,0.0,-8.0,0.0,0.0,0.0,0.0,0.0,0.0,0.0
59.52336,DATA,1,1,0,10,0,43.8812027,43.8812027,-7.284915,1.354841,-8.456651,4.00970554,-24.1484985,0.6904727,-8.0,0.0,-8.0,0.0,0.0,0.0,0.0,0.0,0.0,0.0
59.57876,DATA,1,1,0,10,0,43.9366,43.9366,-7.284897,1.35482645,-8.456631,4.00610876,-24.1513672,0.689889967,-8.0,0.0,-8.0,0.0,0.0,0.0,0.0,0.0,0.0,0.0
59.6346931,DATA,1,1,0,10,0,43.99253,43.99253,-7.284908,1.35481811,-8.456615,4.00790167,-24.1473389,0.6870481,-8.0,0.0,-8.0,0.0,0.0,0.0,0.0,0.0,0.0,0.0
59.6894531,DATA,1,1,0,10,0,44.0472946,44.0472946,-7.28492975,1.35480583,-8.456595,4.008389,-24.1481323,0.690323532,-8.0,0.0,-8.0,0.0,0.0,0.0,0.0,0.0,0.0,0.0
59.74612,DATA,1,1,0,10,0,44.10396,44.10396,-7.284927,1.35481441,-8.456544,4.01074028,-24.145752,0.6888608,-8.0,0.0,-8.0,0.0,0.0,0.0,0.0,0.0,0.0,0.0
59.80062,DATA,1,1,0,10,0,44.1584625,44.1584625,-7.28490257,1.35488915,-8.456453,4.009012,-24.1530457,0.691793,-8.0,0.0,-8.0,0.0,0.0,0.0,0.0,0.0,0.0,0.0
59.85667,DATA,1,1,0,10,0,44.2145081,44.2145081,-7.284913,1.35489225,-8.456423,4.010057,-24.1464539,0.6918079,-8.0,0.0,-8.0,0.0,0.0,0.0,0.0,0.0,0.0,0.0
59.9115562,DATA,1,1,0,10,0,44.2693939,44.2693939,-7.28490639,1.35485291,-8.456577,4.01163864,-24.1418762,0.6912346,-8.0,0.0,-8.0,0.0,0.0,0.0,0.0,0.0,0.0,0.0
59.9672737,DATA,1,1,0,10,0,44.32511,44.32511,-7.284899,1.35483563,-8.456559,4.00828934,-24.1452332,0.691700757,-8.0,0.0,-8.0,0.0,0.0,0.0,0.0,0.0,0.0,0.0
60.0227928,DATA,1,1,0,10,0,44.38063,44.38063,-7.28498936,1.35487568,-8.456598,4.008832,-24.13797,0.692379832,-8.0,0.0,-8.0,0.0,0.0,0.0,0.0,0.0,0.0,0.0
60.0786743,DATA,1,1,0,10,0,44.4365158,44.4365158,-7.284992,1.35486221,-8.456596,4.005026,-24.14264,0.6964519,-8.0,0.0,-8.0,0.0,0.0,0.0,0.0,0.0,0.0,0.0
60.1342354,DATA,1,1,0,10,0,44.4920731,44.4920731,-7.284963,1.354886,-8.456768,4.00541544,-24.1413879,0.6947206,-8.0,0.0,-8.0,0.0,0.0,0.0,0.0,0.0,0.0,0.0
60.1894569,DATA,1,1,0,10,0,44.5472946,44.5472946,-7.284977,1.35487437,-8.456784,4.004057,-24.1398621,0.69816345,-8.0,0.0,-8.0,0.0,0.0,0.0,0.0,0.0,0.0,0.0
60.2452469,DATA,1,1,0,10,0,44.60309,44.60309,-7.285031,1.354907,-8.456647,4.00630665,-24.1401062,0.6965869,-8.0,0.0,-8.0,0.0,0.0,0.0,0.0,0.0,0.0,0.0
60.30068,DATA,1,1,0,10,0,44.6585159,44.6585159,-7.28507328,1.35492063,-8.456568,4.01001453,-24.1419678,0.6969501,-8.0,0.0,-8.0,0.0,0.0,0.0,0.0,0.0,0.0,0.0
60.3565674,DATA,1,1,0,10,0,44.71441,44.71441,-7.285061,1.354915,-8.45658,4.006846,-24.14444,0.6964243,-8.0,0.0,-8.0,0.0,0.0,0.0,0.0,0.0,0.0,0.0
60.411396,DATA,1,1,0,10,0,44.7692337,44.7692337,-7.2850523,1.35491657,-8.456602,4.006484,-24.1427612,0.6947405,-8.0,0.0,-8.0,0.0,0.0,0.0,0.0,0.0,0.0,0.0
60.4672546,DATA,1,1,0,10,0,44.8250961,44.8250961,-7.2850647,1.3548882,-8.456594,4.00289869,-24.14267,0.6959788,-8.0,0.0,-8.0,0.0,0.0,0.0,0.0,0.0,0.0,0.0
60.52253,DATA,1,1,0,10,0,44.88037,44.88037,-7.28501129,1.3548249,-8.456583,4.00854874,-24.1431885,0.695405364,-8.0,0.0,-8.0,0.0,0.0,0.0,0.0,0.0,0.0,0.0
60.5792274,DATA,1,1,0,10,0,44.9370651,44.9370651,-7.285031,1.35480332,-8.456573,4.0047884,-24.1435242,0.692397654,-8.0,0.0,-8.0,0.0,0.0,0.0,0.0,0.0,0.0,0.0
60.6347733,DATA,1,1,0,10,0,44.9926147,44.9926147,-7.28496552,1.3548224,-8.45656,4.007188,-24.1423035,0.6960533,-8.0,0.0,-8.0,0.0,0.0,0.0,0.0,0.0,0.0,0.0
60.6895752,DATA,1,1,0,10,0,45.0474167,45.0474167,-7.28497839,1.35480738,-8.456552,4.00442028,-24.14392,0.698071659,-8.0,0.0,-8.0,0.0,0.0,0.0,0.0,0.0,0.0,0.0
60.7459946,DATA,1,1,0,10,0,45.1038361,45.1038361,-7.28493357,1.35480976,-8.456559,4.010912,-24.1495361,0.697568834,-8.0,0.0,-8.0,0.0,0.0,0.0,0.0,0.0,0.0,0.0
60.80099,DATA,1,1,0,10,0,45.15883,45.15883,-7.284953,1.35478485,-8.456551,4.00780153,-24.1482849,0.699363232,-8.0,0.0,-8.0,0.0,0.0,0.0,0.0,0.0,0.0,0.0
60.8565369,DATA,1,1,0,10,0,45.21438,45.21438,-7.284996,1.35472512,-8.456604,4.009713,-24.14859,0.697320461,-8.0,0.0,-8.0,0.0,0.0,0.0,0.0,0.0,0.0,0.0
60.9117966,DATA,1,1,0,10,0,45.2696381,45.2696381,-7.285039,1.3546977,-8.4566,4.008656,-24.144165,0.695456862,-8.0,0.0,-8.0,0.0,0.0,0.0,0.0,0.0,0.0,0.0
60.967247,DATA,1,1,0,10,0,45.32509,45.32509,-7.28497362,1.3547678,-8.45661449,4.005823,-24.1478271,0.6943894,-8.0,0.0,-8.0,0.0,0.0,0.0,0.0,0.0,0.0,0.0
61.02363,DATA,1,1,0,10,0,45.38147,45.38147,-7.28497028,1.35479164,-8.456603,4.0079484,-24.1495361,0.6932845,-8.0,0.0,-8.0,0.0,0.0,0.0,0.0,0.0,0.0,0.0
61.0787277,DATA,1,1,0,10,0,45.43657,45.43657,-7.284956,1.3548162,-8.456593,4.00419331,-24.15036,0.6931546,-8.0,0.0,-8.0,0.0,0.0,0.0,0.0,0.0,0.0,0.0
61.13434,DATA,1,1,0,10,0,45.49218,45.49218,-7.28493738,1.35485339,-8.45658,4.009016,-24.1522217,0.6947407,-8.0,0.0,-8.0,0.0,0.0,0.0,0.0,0.0,0.0,0.0
61.1892433,DATA,1,1,0,10,0,45.54708,45.54708,-7.2849474,1.35484707,-8.456565,4.005324,-24.14978,0.694625556,-8.0,0.0,-8.0,0.0,0.0,0.0,0.0,0.0,0.0,0.0
61.24501,DATA,1,1,0,10,0,45.60285,45.60285,-7.28489828,1.354857,-8.456569,4.002964,-24.1524048,0.6942659,-8.0,0.0,-8.0,0.0,0.0,0.0,0.0,0.0,0.0,0.0
61.3006134,DATA,1,1,0,10,0,45.6584549,45.6584549,-7.28492832,1.35484743,-8.456539,4.004636,-24.1490479,0.693109035,-8.0,0.0,-8.0,0.0,0.0,0.0,0.0,0.0,0.0,0.0
61.3558,DATA,1,1,0,10,0,45.71364,45.71364,-7.284939,1.35487175,-8.456639,4.00437641,-24.1523743,0.697384238,-8.0,0.0,-8.0,0.0,0.0,0.0,0.0,0.0,0.0,0.0
61.41128,DATA,1,1,0,10,0,45.76912,45.76912,-7.28497553,1.354867,-8.456624,4.006921,-24.147644,0.6982716,-8.0,0.0,-8.0,0.0,0.0,0.0,0.0,0.0,0.0,0.0
61.46726,DATA,1,1,0,10,0,45.8250961,45.8250961,-7.285026,1.35479569,-8.456726,4.00234127,-24.1455383,0.6963147,-8.0,0.0,-8.0,0.0,0.0,0.0,0.0,0.0,0.0,0.0
61.5228043,DATA,1,1,0,10,0,45.8806458,45.8806458,-7.2850523,1.35478473,-8.456729,4.00438452,-24.15149,0.6946285,-8.0,0.0,-8.0,0.0,0.0,0.0,0.0,0.0,0.0,0.0
61.5782433,DATA,1,1,0,10,0,45.93608,45.93608,-7.28492928,1.35475564,-8.456764,4.003433,-24.147583,0.6908464,-8.0,0.0,-8.0,0.0,0.0,0.0,0.0,0.0,0.0,0.0
61.6344566,DATA,1,1,0,10,0,45.9922943,45.9922943,-7.28494167,1.35474181,-8.456765,4.006437,-24.14862,0.69118,-8.0,0.0,-8.0,0.0,0.0,0.0,0.0,0.0,0.0,0.0
61.6893349,DATA,1,1,0,10,0,46.0471725,46.0471725,-7.28500462,1.35481012,-8.456799,4.00506353,-24.144928,0.694106042,-8.0,0.0,-8.0,0.0,0.0,0.0,0.0,0.0,0.0,0.0
61.7454529,DATA,1,1,0,10,0,46.1032944,46.1032944,-7.28503561,1.35481572,-8.456797,4.005833,-24.14569,0.6946261,-8.0,0.0,-8.0,0.0,0.0,0.0,0.0,0.0,0.0,0.0
61.80049,DATA,1,1,0,10,0,46.1583328,46.1583328,-7.28501558,1.35475469,-8.456703,4.00697756,-24.1434631,0.6926699,-8.0,0.0,-8.0,0.0,0.0,0.0,0.0,0.0,0.0,0.0
61.8567238,DATA,1,1,0,10,0,46.21456,46.21456,-7.284992,1.35469365,-8.456612,4.008928,-24.14624,0.692626357,-8.0,0.0,-8.0,0.0,0.0,0.0,0.0,0.0,0.0,0.0
61.91152,DATA,1,1,0,10,0,46.2693558,46.2693558,-7.28500175,1.35467339,-8.456596,4.007309,-24.1443481,0.6935631,-8.0,0.0,-8.0,0.0,0.0,0.0,0.0,0.0,0.0,0.0
61.9673157,DATA,1,1,0,10,0,46.3251572,46.3251572,-7.28499126,1.354678,-8.456612,4.00528669,-24.1454163,0.6876378,-8.0,0.0,-8.0,0.0,0.0,0.0,0.0,0.0,0.0,0.0
62.02277,DATA,1,1,0,10,0,46.3806076,46.3806076,-7.285014,1.35464978,-8.456586,4.007231,-24.1452942,0.6926709,-8.0,0.0,-8.0,0.0,0.0,0.0,0.0,0.0,0.0,0.0
62.0791626,DATA,1,1,0,10,0,46.4370041,46.4370041,-7.284958,1.35468137,-8.456604,4.00792646,-24.1425781,0.693168044,-8.0,0.0,-8.0,0.0,0.0,0.0,0.0,0.0,0.0,0.0
62.13449,DATA,1,1,0,10,0,46.4923325,46.4923325,-7.28498268,1.35466349,-8.45657,4.009761,-24.1430054,0.691317737,-8.0,0.0,-8.0,0.0,0.0,0.0,0.0,0.0,0.0,0.0
62.1885757,DATA,1,1,0,10,0,46.5464172,46.5464172,-7.284994,1.35475,-8.456673,4.004428,-24.1443787,0.693855,-8.0,0.0,-8.0,0.0,0.0,0.0,0.0,0.0,0.0,0.0
62.2453537,DATA,1,1,0,10,0,46.6031952,46.6031952,-7.285019,1.35475028,-8.456652,4.004103,-24.1445313,0.695017,-8.0,0.0,-8.0,0.0,0.0,0.0,0.0,0.0,0.0,0.0
62.2992325,DATA,1,1,0,10,0,46.657074,46.657074,-7.28502846,1.35473537,-8.45663,3.999533,-24.1474915,0.6928607,-8.0,0.0,-8.0,0.0,0.0,0.0,0.0,0.0,0.0,0.0
62.3593864,DATA,1,1,0,10,0,46.7172241,46.7172241,-7.28506136,1.35473251,-8.456603,4.00388765,-24.1442261,0.6933036,-8.0,0.0,-8.0,0.0,0.0,0.0,0.0,0.0,0.0,0.0
62.4104576,DATA,1,1,0,10,0,46.7682953,46.7682953,-7.28496742,1.354769,-8.45663,4.00043249,-24.14798,0.6947499,-8.0,0.0,-8.0,0.0,0.0,0.0,0.0,0.0,0.0,0.0
62.4674225,DATA,1,1,0,10,0,46.825264,46.825264,-7.28495073,1.35478234,-8.456619,4.001538,-24.1475525,0.691456139,-8.0,0.0,-8.0,0.0,0.0,0.0,0.0,0.0,0.0,0.0
62.52139,DATA,1,1,0,10,0,46.8792267,46.8792267,-7.28493261,1.35479546,-8.45659351,4.00319242,-24.14859,0.6976368,-8.0,0.0,-8.0,0.0,0.0,0.0,0.0,0.0,0.0,0.0
62.5744,DATA,1,1,0,10,0,46.9322433,46.9322433,-7.284916,1.35481977,-8.45657349,3.99914455,-24.1494446,0.6928959,-8.0,0.0,-8.0,0.0,0.0,0.0,0.0,0.0,0.0,0.0
62.6300621,DATA,1,1,0,10,0,46.9879,46.9879,-7.284892,1.3548429,-8.45654,4.0045085,-24.14383,0.6918753,-8.0,0.0,-8.0,0.0,0.0,0.0,0.0,0.0,0.0,0.0
62.68734,DATA,1,1,0,10,0,47.04518,47.04518,-7.28479671,1.35488033,-8.456505,4.00400925,-24.1478882,0.6947467,-8.0,0.0,-8.0,0.0,0.0,0.0,0.0,0.0,0.0,0.0
62.7449341,DATA,1,1,0,10,0,47.1027756,47.1027756,-7.28478,1.3548981,-8.456463,4.006398,-24.1463013,0.686132133,-8.0,0.0,-8.0,0.0,0.0,0.0,0.0,0.0,0.0,0.0
62.8011742,DATA,1,1,0,10,0,47.15901,47.15901,-7.28483534,1.35483968,-8.456582,4.00254,-24.1495972,0.690742,-8.0,0.0,-8.0,0.0,0.0,0.0,0.0,0.0,0.0,0.0
62.85599,DATA,1,1,0,10,0,47.21383,47.21383,-7.284819,1.35483491,-8.456542,4.002468,-24.1490784,0.6949985,-8.0,0.0,-8.0,0.0,0.0,0.0,0.0,0.0,0.0,0.0
62.9120445,DATA,1,1,0,10,0,47.2698822,47.2698822,-7.284863,1.35488451,-8.456576,4.004819,-24.15213,0.696905434,-8.0,0.0,-8.0,0.0,0.0,0.0,0.0,0.0,0.0,0.0
62.96947,DATA,1,1,0,10,0,47.32731,47.32731,-7.28486729,1.35488153,-8.456538,4.003372,-24.1521912,0.6981743,-8.0,0.0,-8.0,0.0,0.0,0.0,0.0,0.0,0.0,0.0
63.02489,DATA,1,1,0,10,0,47.38273,47.38273,-7.284915,1.35483217,-8.456597,4.00358772,-24.1510315,0.694146931,-8.0,0.0,-8.0,0.0,0.0,0.0,0.0,0.0,0.0,0.0
63.0810966,DATA,1,1,0,10,0,47.4389343,47.4389343,-7.284922,1.35482526,-8.456555,4.003302,-24.15387,0.694997847,-8.0,0.0,-8.0,0.0,0.0,0.0,0.0,0.0,0.0,0.0
63.1362572,DATA,1,1,0,10,0,47.4940948,47.4940948,-7.284937,1.354814,-8.456511,4.00353575,-24.1512451,0.697435558,-8.0,0.0,-8.0,0.0,0.0,0.0,0.0,0.0,0.0,0.0
63.191288,DATA,1,1,0,10,0,47.5491257,47.5491257,-7.284956,1.35479784,-8.456457,4.001821,-24.1477661,0.698173463,-8.0,0.0,-8.0,0.0,0.0,0.0,0.0,0.0,0.0,0.0
63.2472725,DATA,1,1,0,10,0,47.60511,47.60511,-7.284978,1.3547796,-8.45641,4.000846,-24.1511841,0.6977967,-8.0,0.0,-8.0,0.0,0.0,0.0,0.0,0.0,0.0,0.0
63.3022423,DATA,1,1,0,10,0,47.66008,47.66008,-7.2849555,1.35483217,-8.45645,3.97041345,-24.1478577,0.693251,-8.0,0.0,-8.0,0.0,0.0,0.0,0.0,0.0,0.0,0.0
63.35771,DATA,1,1,0,10,0,47.7155533,47.7155533,-7.284957,1.35483122,-8.45645,3.972202,-24.1473389,0.694039941,-8.0,0.0,-8.0,0.0,0.0,0.0,0.0,0.0,0.0,0.0
63.415802,DATA,1,1,0,10,0,47.7736435,47.7736435,-7.2849555,1.35483313,-8.456451,3.96795225,-24.1506958,0.6926586,-8.0,0.0,-8.0,0.0,0.0,0.0,0.0,0.0,0.0,0.0
63.4664764,DATA,1,1,0,10,0,47.8243179,47.8243179,-7.284957,1.35483336,-8.456452,3.96868014,-24.1453857,0.701494038,-8.0,0.0,-8.0,0.0,0.0,0.0,0.0,0.0,0.0,0.0
63.521862,DATA,1,1,0,10,0,47.8797,47.8797,-7.284957,1.354835,-8.456453,3.96783876,-24.1487427,0.693069637,-8.0,0.0,-8.0,0.0,0.0,0.0,0.0,0.0,0.0,0.0
63.5774956,DATA,1,1,0,10,0,47.9353333,47.9353333,-7.28495836,1.3548342,-8.456453,3.968368,-24.1487427,0.6929124,-8.0,0.0,-8.0,0.0,0.0,0.0,0.0,0.0,0.0,0.0
63.6331,DATA,1,1,0,10,0,47.9909363,47.9909363,-7.284954,1.35483551,-8.456452,3.9669354,-24.1506653,0.6874224,-8.0,0.0,-8.0,0.0,0.0,0.0,0.0,0.0,0.0,0.0
63.68905,DATA,1,1,0,10,0,48.04689,48.04689,-7.284952,1.35483456,-8.456451,3.97117543,-24.14975,0.685727537,-8.0,0.0,-8.0,0.0,0.0,0.0,0.0,0.0,0.0,0.0
63.7439957,DATA,1,1,0,10,0,48.1018372,48.1018372,-7.2849493,1.35483479,-8.45644951,3.96825337,-24.1477661,0.682765067,-8.0,0.0,-8.0,0.0,0.0,0.0,0.0,0.0,0.0,0.0
