recordType,timestamp,headPositionX,headPositionY,headPositionZ,headRotationX,headRotationY,headRotationZ,playerPositionX,playerPositionY,playerPositionZ,playerRotationX,playerRotationY,playerRotationZ,rightControllerPositionX,rightControllerPositionY,rightControllerPositionZ,rightControllerRotationX,rightControllerRotationY,rightControllerRotationZ,leftControllerPositionX,leftControllerPositionY,leftControllerPositionZ,leftControllerRotationX,leftControllerRotationY,leftControllerRotationZ,rightThumbstickX,rightThumbstickY,rightTrigger,rightGrab,leftThumbstickX,leftThumbstickY,leftTrigger,mazeNumber,attemptNumber,collectedCoins,totalCoins,totalScore,mazeElapsedTime,totalGameElapsedTime,participantName,participantID,serverReceivedTime,eventType,eventName,eventMessage
DATA,2.829,-6.0,0.788228035,-7.6,0.0,0.0,0.0,-6.0,-0.0117719769,-6.0,0.0,0.0,0.0,-6.0,0.788228035,-7.6,0.0,0.0,0.0,-6.0,0.788228035,-7.6,0.0,0.0,0.0,0.0,0.0,0.0,0.0,0.0,0.0,0.0,0,0,0,0,0,0.0,0.0,Tina A,5478,2026-09-18T13:58:33.483736,,,
DATA,3.346,-6.0,0.679162,-7.6,0.0,0.0,0.0,-6.0,-0.120837986,-6.0,0.0,0.0,0.0,-6.0,0.679162,-7.6,0.0,0.0,0.0,-6.0,0.679162,-7.6,0.0,0.0,0.0,0.0,0.0,0.0,0.0,0.0,0.0,0.0,0,0,0,0,0,0.0,0.0,Tina A,5478,2026-09-18T13:58:33.526163,,,
DATA,3.373,-6.0,0.44,-7.6,0.0,0.0,0.0,-6.0,-0.36,-6.0,0.0,0.0,0.0,-6.0,0.44,-7.6,0.0,0.0,0.0,-6.0,0.44,-7.6,0.0,0.0,0.0,0.0,0.0,0.0,0.0,0.0,0.0,0.0,0,0,0,0,0,0.0,0.0,Tina A,5478,2026-09-18T13:58:33.549928,,,
DATA,3.383,-6.0,0.44,-7.6,0.0,0.0,0.0,-6.0,-0.36,-6.0,0.0,0.0,0.0,-6.0,0.44,-7.6,0.0,0.0,0.0,-6.0,0.44,-7.6,0.0,0.0,0.0,0.0,0.0,0.0,0.0,0.0,0.0,0.0,0,0,0,0,0,0.0,0.0,Tina A,5478,2026-09-18T13:58:33.576713,,,
DATA,3.389,-6.0,0.439999938,-7.6,0.0,0.0,0.0,-6.0,-0.360000074,-6.0,0.0,0.0,0.0,-6.0,0.439999938,-7.6,0.0,0.0,0.0,-6.0,0.439999938,-7.6,0.0,0.0,0.0,0.0,0.0,0.0,0.0,0.0,0.0,0.0,0,0,0,0,0,0.0,0.0,Tina A,5478,2026-09-18T13:58:33.604052,,,
DATA,3.397,-6.0,0.439999938,-7.6,0.0,0.0,0.0,-6.0,-0.360000074,-6.0,0.0,0.0,0.0,-6.0,0.439999938,-7.6,0.0,0.0,0.0,-6.0,0.439999938,-7.6,0.0,0.0,0.0,0.0,0.0,0.0,0.0,0.0,0.0,0.0,0,0,0,0,0,0.0,0.0,Tina A,5478,2026-09-18T13:58:33.628022,,,
DATA,3.406,-6.0,0.439999938,-7.6,0.0,0.0,0.0,-6.0,-0.360000074,-6.0,0.0,0.0,0.0,-6.0,0.439999938,-7.6,0.0,0.0,0.0,-6.0,0.439999938,-7.6,0.0,0.0,0.0,0.0,0.0,0.0,0.0,0.0,0.0,0.0,0,0,0,0,0,0.0,0.0,Tina A,5478,2026-09-18T13:58:33.654006,,,
DATA,3.412,-6.0,0.439999938,-7.6,0.0,0.0,0.0,-6.0,-0.360000074,-6.0,0.0,0.0,0.0,-6.0,0.439999938,-7.6,0.0,0.0,0.0,-6.0,0.439999938,-7.6,0.0,0.0,0.0,0.0,0.0,0.0,0.0,0.0,0.0,0.0,0,0,0,0,0,0.0,0.0,Tina A,5478,2026-09-18T13:58:33.678109,,,
DATA,3.423,-6.0,0.439999938,-7.6,0.0,0.0,0.0,-6.0,-0.360000074,-6.0,0.0,0.0,0.0,-6.0,0.439999938,-7.6,0.0,0.0,0.0,-6.0,0.439999938,-7.6,0.0,0.0,0.0,0.0,0.0,0.0,0.0,0.0,0.0,0.0,0,0,0,0,0,0.0,0.0,Tina A,5478,2026-09-18T13:58:33.710320,,,
DATA,3.43,-6.0,0.439999938,-7.6,0.0,0.0,0.0,-6.0,-0.360000074,-6.0,0.0,0.0,0.0,-6.0,0.439999938,-7.6,0.0,0.0,0.0,-6.0,0.439999938,-7.6,0.0,0.0,0.0,0.0,0.0,0.0,0.0,0.0,0.0,0.0,0,0,0,0,0,0.0,0.0,Tina A,5478,2026-09-18T13:58:33.725973,,,
DATA,3.457,-6.0,0.439999938,-7.6,0.0,0.0,0.0,-6.0,-0.360000074,-6.0,0.0,0.0,0.0,-6.0,0.439999938,-7.6,0.0,0.0,0.0,-6.0,0.439999938,-7.6,0.0,0.0,0.0,0.0,0.0,0.0,0.0,0.0,0.0,0.0,0,0,0,0,0,0.0,0.0,Tina A,5478,2026-09-18T13:58:33.740688,,,
DATA,3.508,-6.0,0.439999878,-7.6,0.0,0.0,0.0,-6.0,-0.360000134,-6.0,0.0,0.0,0.0,-6.0,0.439999878,-7.6,0.0,0.0,0.0,-6.0,0.439999878,-7.6,0.0,0.0,0.0,0.0,0.0,0.0,0.0,0.0,0.0,0.0,0,0,0,0,0,0.0,0.0,Tina A,5478,2026-09-18T13:58:33.757863,,,
DATA,3.568,-6.0,0.439999878,-7.6,0.0,0.0,0.0,-6.0,-0.360000134,-6.0,0.0,0.0,0.0,-6.0,0.439999878,-7.6,0.0,0.0,0.0,-6.0,0.439999878,-7.6,0.0,0.0,0.0,0.0,0.0,0.0,0.0,0.0,0.0,0.0,0,0,0,0,0,0.0,0.0,Tina A,5478,2026-09-18T13:58:33.772481,,,
DATA,3.609,-6.0,0.439999878,-7.6,0.0,0.0,0.0,-6.0,-0.360000134,-6.0,0.0,0.0,0.0,-6.0,0.439999878,-7.6,0.0,0.0,0.0,-6.0,0.439999878,-7.6,0.0,0.0,0.0,0.0,0.0,0.0,0.0,0.0,0.0,0.0,0,0,0,0,0,0.0,0.0,Tina A,5478,2026-09-18T13:58:33.787094,,,
DATA,3.656,-6.0,0.439999878,-7.6,0.0,0.0,0.0,-6.0,-0.360000134,-6.0,0.0,0.0,0.0,-6.0,0.439999878,-7.6,0.0,0.0,0.0,-6.0,0.439999878,-7.6,0.0,0.0,0.0,0.0,0.0,0.0,0.0,0.0,0.0,0.0,0,0,0,0,0,0.0,0.0,Tina A,5478,2026-09-18T13:58:33.803462,,,
DATA,3.705,-6.0,0.439999878,-7.6,0.0,0.0,0.0,-6.0,-0.360000134,-6.0,0.0,0.0,0.0,-6.0,0.439999878,-7.6,0.0,0.0,0.0,-6.0,0.439999878,-7.6,0.0,0.0,0.0,0.0,0.0,0.0,0.0,0.0,0.0,0.0,0,0,0,0,0,0.0,0.0,Tina A,5478,2026-09-18T13:58:33.847253,,,
DATA,3.758,-6.0,0.439999878,-7.6,0.0,0.0,0.0,-6.0,-0.360000134,-6.0,0.0,0.0,0.0,-6.0,0.439999878,-7.6,0.0,0.0,0.0,-6.0,0.439999878,-7.6,0.0,0.0,0.0,0.0,0.0,0.0,0.0,0.0,0.0,0.0,0,0,0,0,0,0.0,0.0,Tina A,5478,2026-09-18T13:58:33.900022,,,
DATA,3.81,-6.0,0.439999878,-7.6,0.0,0.0,0.0,-6.0,-0.360000134,-6.0,0.0,0.0,0.0,-6.0,0.439999878,-7.6,0.0,0.0,0.0,-6.0,0.439999878,-7.6,0.0,0.0,0.0,0.0,0.0,0.0,0.0,0.0,0.0,0.0,0,0,0,0,0,0.0,0.0,Tina A,5478,2026-09-18T13:58:33.951908,,,
DATA,3.857,-6.0,0.439999878,-7.6,0.0,0.0,0.0,-6.0,-0.360000134,-6.0,0.0,0.0,0.0,-6.0,0.439999878,-7.6,0.0,0.0,0.0,-6.0,0.439999878,-7.6,0.0,0.0,0.0,0.0,0.0,0.0,0.0,0.0,0.0,0.0,0,0,0,0,0,0.0,0.0,Tina A,5478,2026-09-18T13:58:33.999237,,,
DATA,3.905,-6.0,0.439999878,-7.6,0.0,0.0,0.0,-6.0,-0.360000134,-6.0,0.0,0.0,0.0,-6.0,0.439999878,-7.6,0.0,0.0,0.0,-6.0,0.439999878,-7.6,0.0,0.0,0.0,0.0,0.0,0.0,0.0,0.0,0.0,0.0,0,0,0,0,0,0.0,0.0,Tina A,5478,2026-09-18T13:58:34.047786,,,
DATA,3.96,-6.0,0.439999878,-7.6,0.0,0.0,0.0,-6.0,-0.360000134,-6.0,0.0,0.0,0.0,-6.0,0.439999878,-7.6,0.0,0.0,0.0,-6.0,0.439999878,-7.6,0.0,0.0,0.0,0.0,0.0,0.0,0.0,0.0,0.0,0.0,0,0,0,0,0,0.0,0.0,Tina A,5478,2026-09-18T13:58:34.101530,,,
DATA,4.011,-6.0,0.439999878,-7.6,0.0,0.0,0.0,-6.0,-0.360000134,-6.0,0.0,0.0,0.0,-6.0,0.439999878,-7.6,0.0,0.0,0.0,-6.0,0.439999878,-7.6,0.0,0.0,0.0,0.0,0.0,0.0,0.0,0.0,0.0,0.0,0,0,0,0,0,0.0,0.0,Tina A,5478,2026-09-18T13:58:34.152505,,,
DATA,4.057,-6.0,0.439999878,-7.6,0.0,0.0,0.0,-6.0,-0.360000134,-6.0,0.0,0.0,0.0,-6.0,0.439999878,-7.6,0.0,0.0,0.0,-6.0,0.439999878,-7.6,0.0,0.0,0.0,0.0,0.0,0.0,0.0,0.0,0.0,0.0,0,0,0,0,0,0.0,0.0,Tina A,5478,2026-09-18T13:58:34.199416,,,
DATA,4.141,-6.0,0.439999878,-7.6,0.0,0.0,0.0,-6.0,-0.360000134,-6.0,0.0,0.0,0.0,-6.0,0.439999878,-7.6,0.0,0.0,0.0,-6.0,0.439999878,-7.6,0.0,0.0,0.0,0.0,0.0,0.0,0.0,0.0,0.0,0.0,0,0,0,0,0,0.0,0.0,Tina A,5478,2026-09-18T13:58:34.284569,,,
DATA,4.16,-6.0,0.439999878,-7.6,0.0,0.0,0.0,-6.0,-0.360000134,-6.0,0.0,0.0,0.0,-6.0,0.439999878,-7.6,0.0,0.0,0.0,-6.0,0.439999878,-7.6,0.0,0.0,0.0,0.0,0.0,0.0,0.0,0.0,0.0,0.0,0,0,0,0,0,0.0,0.0,Tina A,5478,2026-09-18T13:58:34.302697,,,
DATA,4.207,-6.0,0.439999878,-7.6,0.0,0.0,0.0,-6.0,-0.360000134,-6.0,0.0,0.0,0.0,-6.0,0.439999878,-7.6,0.0,0.0,0.0,-6.0,0.439999878,-7.6,0.0,0.0,0.0,0.0,0.0,0.0,0.0,0.0,0.0,0.0,0,0,0,0,0,0.0,0.0,Tina A,5478,2026-09-18T13:58:34.353157,,,
DATA,4.258,-6.0,0.439999878,-7.6,0.0,0.0,0.0,-6.0,-0.360000134,-6.0,0.0,0.0,0.0,-6.0,0.439999878,-7.6,0.0,0.0,0.0,-6.0,0.439999878,-7.6,0.0,0.0,0.0,0.0,0.0,0.0,0.0,0.0,0.0,0.0,0,0,0,0,0,0.0,0.0,Tina A,5478,2026-09-18T13:58:34.401764,,,
DATA,4.31,-6.0,0.439999878,-7.6,0.0,0.0,0.0,-6.0,-0.360000134,-6.0,0.0,0.0,0.0,-6.0,0.439999878,-7.6,0.0,0.0,0.0,-6.0,0.439999878,-7.6,0.0,0.0,0.0,0.0,0.0,0.0,0.0,0.0,0.0,0.0,0,0,0,0,0,0.0,0.0,Tina A,5478,2026-09-18T13:58:34.452286,,,
DATA,4.356,-6.0,0.439999878,-7.6,0.0,0.0,0.0,-6.0,-0.360000134,-6.0,0.0,0.0,0.0,-6.0,0.439999878,-7.6,0.0,0.0,0.0,-6.0,0.439999878,-7.6,0.0,0.0,0.0,0.0,0.0,0.0,0.0,0.0,0.0,0.0,0,0,0,0,0,0.0,0.0,Tina A,5478,2026-09-18T13:58:34.497837,,,
DATA,4.407,-6.0,0.439999878,-7.6,0.0,0.0,0.0,-6.0,-0.360000134,-6.0,0.0,0.0,0.0,-6.0,0.439999878,-7.6,0.0,0.0,0.0,-6.0,0.439999878,-7.6,0.0,0.0,0.0,0.0,0.0,0.0,0.0,0.0,0.0,0.0,0,0,0,0,0,0.0,0.0,Tina A,5478,2026-09-18T13:58:34.551166,,,
DATA,4.456,-6.0,0.439999878,-7.6,0.0,0.0,0.0,-6.0,-0.360000134,-6.0,0.0,0.0,0.0,-6.0,0.439999878,-7.6,0.0,0.0,0.0,-6.0,0.439999878,-7.6,0.0,0.0,0.0,0.0,0.0,0.0,0.0,0.0,0.0,0.0,0,0,0,0,0,0.0,0.0,Tina A,5478,2026-09-18T13:58:34.598667,,,
DATA,4.505,-6.0,0.439999878,-7.6,0.0,0.0,0.0,-6.0,-0.360000134,-6.0,0.0,0.0,0.0,-6.0,0.439999878,-7.6,0.0,0.0,0.0,-6.0,0.439999878,-7.6,0.0,0.0,0.0,0.0,0.0,0.0,0.0,0.0,0.0,0.0,0,0,0,0,0,0.0,0.0,Tina A,5478,2026-09-18T13:58:34.647891,,,
DATA,4.556,-6.0,0.439999878,-7.6,0.0,0.0,0.0,-6.0,-0.360000134,-6.0,0.0,0.0,0.0,-6.0,0.439999878,-7.6,0.0,0.0,0.0,-6.0,0.439999878,-7.6,0.0,0.0,0.0,0.0,0.0,0.0,0.0,0.0,0.0,0.0,0,0,0,0,0,0.0,0.0,Tina A,5478,2026-09-18T13:58:34.698313,,,
DATA,4.608,-6.0,0.439999878,-7.6,0.0,0.0,0.0,-6.0,-0.360000134,-6.0,0.0,0.0,0.0,-6.0,0.439999878,-7.6,0.0,0.0,0.0,-6.0,0.439999878,-7.6,0.0,0.0,0.0,0.0,0.0,0.0,0.0,0.0,0.0,0.0,0,0,0,0,0,0.0,0.0,Tina A,5478,2026-09-18T13:58:34.748904,,,
DATA,4.658,-6.0,0.439999878,-7.6,0.0,0.0,0.0,-6.0,-0.360000134,-6.0,0.0,0.0,0.0,-6.0,0.439999878,-7.6,0.0,0.0,0.0,-6.0,0.439999878,-7.6,0.0,0.0,0.0,0.0,0.0,0.0,0.0,0.0,0.0,0.0,0,0,0,0,0,0.0,0.0,Tina A,5478,2026-09-18T13:58:34.798177,,,
DATA,4.707,-6.0,0.439999878,-7.6,0.0,0.0,0.0,-6.0,-0.360000134,-6.0,0.0,0.0,0.0,-6.0,0.439999878,-7.6,0.0,0.0,0.0,-6.0,0.439999878,-7.6,0.0,0.0,0.0,0.0,0.0,0.0,0.0,0.0,0.0,0.0,0,0,0,0,0,0.0,0.0,Tina A,5478,2026-09-18T13:58:34.848908,,,
DATA,4.755,-6.0,0.439999878,-7.6,0.0,0.0,0.0,-6.0,-0.360000134,-6.0,0.0,0.0,0.0,-6.0,0.439999878,-7.6,0.0,0.0,0.0,-6.0,0.439999878,-7.6,0.0,0.0,0.0,0.0,0.0,0.0,0.0,0.0,0.0,0.0,0,0,0,0,0,0.0,0.0,Tina A,5478,2026-09-18T13:58:34.897111,,,
DATA,4.809,-6.0,0.439999878,-7.6,0.0,0.0,0.0,-6.0,-0.360000134,-6.0,0.0,0.0,0.0,-6.0,0.439999878,-7.6,0.0,0.0,0.0,-6.0,0.439999878,-7.6,0.0,0.0,0.0,0.0,0.0,0.0,0.0,0.0,0.0,0.0,0,0,0,0,0,0.0,0.0,Tina A,5478,2026-09-18T13:58:34.948882,,,
DATA,4.857,-6.0,0.439999878,-7.6,0.0,0.0,0.0,-6.0,-0.360000134,-6.0,0.0,0.0,0.0,-6.0,0.439999878,-7.6,0.0,0.0,0.0,-6.0,0.439999878,-7.6,0.0,0.0,0.0,0.0,0.0,0.0,0.0,0.0,0.0,0.0,0,0,0,0,0,0.0,0.0,Tina A,5478,2026-09-18T13:58:34.998281,,,
DATA,4.906,-6.0,0.439999878,-7.6,0.0,0.0,0.0,-6.0,-0.360000134,-6.0,0.0,0.0,0.0,-6.0,0.439999878,-7.6,0.0,0.0,0.0,-6.0,0.439999878,-7.6,0.0,0.0,0.0,0.0,0.0,0.0,0.0,0.0,0.0,0.0,0,0,0,0,0,0.0,0.0,Tina A,5478,2026-09-18T13:58:35.047663,,,
DATA,4.956,-6.0,0.439999878,-7.6,0.0,0.0,0.0,-6.0,-0.360000134,-6.0,0.0,0.0,0.0,-6.0,0.439999878,-7.6,0.0,0.0,0.0,-6.0,0.439999878,-7.6,0.0,0.0,0.0,0.0,0.0,0.0,0.0,0.0,0.0,0.0,0,0,0,0,0,0.0,0.0,Tina A,5478,2026-09-18T13:58:35.097188,,,
DATA,5.007,-6.0,0.439999878,-7.6,0.0,0.0,0.0,-6.0,-0.360000134,-6.0,0.0,0.0,0.0,-6.0,0.439999878,-7.6,0.0,0.0,0.0,-6.0,0.439999878,-7.6,0.0,0.0,0.0,0.0,0.0,0.0,0.0,0.0,0.0,0.0,0,0,0,0,0,0.0,0.0,Tina A,5478,2026-09-18T13:58:35.149024,,,
DATA,5.056,-6.0,0.439999878,-7.6,0.0,0.0,0.0,-6.0,-0.360000134,-6.0,0.0,0.0,0.0,-6.0,0.439999878,-7.6,0.0,0.0,0.0,-6.0,0.439999878,-7.6,0.0,0.0,0.0,0.0,0.0,0.0,0.0,0.0,0.0,0.0,0,0,0,0,0,0.0,0.0,Tina A,5478,2026-09-18T13:58:35.199768,,,
DATA,5.108,-6.0,0.439999878,-7.6,0.0,0.0,0.0,-6.0,-0.360000134,-6.0,0.0,0.0,0.0,-6.0,0.439999878,-7.6,0.0,0.0,0.0,-6.0,0.439999878,-7.6,0.0,0.0,0.0,0.0,0.0,0.0,0.0,0.0,0.0,0.0,0,0,0,0,0,0.0,0.0,Tina A,5478,2026-09-18T13:58:35.250169,,,
DATA,5.157,-6.0,0.439999878,-7.6,0.0,0.0,0.0,-6.0,-0.360000134,-6.0,0.0,0.0,0.0,-6.0,0.439999878,-7.6,0.0,0.0,0.0,-6.0,0.439999878,-7.6,0.0,0.0,0.0,0.0,0.0,0.0,0.0,0.0,0.0,0.0,0,0,0,0,0,0.0,0.0,Tina A,5478,2026-09-18T13:58:35.296765,,,
DATA,5.209,-6.0,0.439999878,-7.6,0.0,0.0,0.0,-6.0,-0.360000134,-6.0,0.0,0.0,0.0,-6.0,0.439999878,-7.6,0.0,0.0,0.0,-6.0,0.439999878,-7.6,0.0,0.0,0.0,0.0,0.0,0.0,0.0,0.0,0.0,0.0,0,0,0,0,0,0.0,0.0,Tina A,5478,2026-09-18T13:58:35.350274,,,
DATA,5.262,-6.0,0.439999878,-7.6,0.0,0.0,0.0,-6.0,-0.360000134,-6.0,0.0,0.0,0.0,-6.0,0.439999878,-7.6,0.0,0.0,0.0,-6.0,0.439999878,-7.6,0.0,0.0,0.0,0.0,0.0,0.0,0.0,0.0,0.0,0.0,0,0,0,0,0,0.0,0.0,Tina A,5478,2026-09-18T13:58:35.404986,,,
DATA,5.305,-6.0,0.439999878,-7.6,0.0,0.0,0.0,-6.0,-0.360000134,-6.0,0.0,0.0,0.0,-6.0,0.439999878,-7.6,0.0,0.0,0.0,-6.0,0.439999878,-7.6,0.0,0.0,0.0,0.0,0.0,0.0,0.0,0.0,0.0,0.0,0,0,0,0,0,0.0,0.0,Tina A,5478,2026-09-18T13:58:35.445902,,,
DATA,5.355,-6.0,0.439999878,-7.6,0.0,0.0,0.0,-6.0,-0.360000134,-6.0,0.0,0.0,0.0,-6.0,0.439999878,-7.6,0.0,0.0,0.0,-6.0,0.439999878,-7.6,0.0,0.0,0.0,0.0,0.0,0.0,0.0,0.0,0.0,0.0,0,0,0,0,0,0.0,0.0,Tina A,5478,2026-09-18T13:58:35.497334,,,
DATA,5.405,-6.0,0.439999878,-7.6,0.0,0.0,0.0,-6.0,-0.360000134,-6.0,0.0,0.0,0.0,-6.0,0.439999878,-7.6,0.0,0.0,0.0,-6.0,0.439999878,-7.6,0.0,0.0,0.0,0.0,0.0,0.0,0.0,0.0,0.0,0.0,0,0,0,0,0,0.0,0.0,Tina A,5478,2026-09-18T13:58:35.546754,,,
DATA,5.457,-6.0,0.439999878,-7.6,0.0,0.0,0.0,-6.0,-0.360000134,-6.0,0.0,0.0,0.0,-6.0,0.439999878,-7.6,0.0,0.0,0.0,-6.0,0.439999878,-7.6,0.0,0.0,0.0,0.0,0.0,0.0,0.0,0.0,0.0,0.0,0,0,0,0,0,0.0,0.0,Tina A,5478,2026-09-18T13:58:35.598142,,,
DATA,5.505,-6.0,0.439999878,-7.6,0.0,0.0,0.0,-6.0,-0.360000134,-6.0,0.0,0.0,0.0,-6.0,0.439999878,-7.6,0.0,0.0,0.0,-6.0,0.439999878,-7.6,0.0,0.0,0.0,0.0,0.0,0.0,0.0,0.0,0.0,0.0,0,0,0,0,0,0.0,0.0,Tina A,5478,2026-09-18T13:58:35.647149,,,
DATA,5.556,-6.0,0.439999878,-7.6,0.0,0.0,0.0,-6.0,-0.360000134,-6.0,0.0,0.0,0.0,-6.0,0.439999878,-7.6,0.0,0.0,0.0,-6.0,0.439999878,-7.6,0.0,0.0,0.0,0.0,0.0,0.0,0.0,0.0,0.0,0.0,0,0,0,0,0,0.0,0.0,Tina A,5478,2026-09-18T13:58:35.697322,,,
DATA,5.605,-6.0,0.439999878,-7.6,0.0,0.0,0.0,-6.0,-0.360000134,-6.0,0.0,0.0,0.0,-6.0,0.439999878,-7.6,0.0,0.0,0.0,-6.0,0.439999878,-7.6,0.0,0.0,0.0,0.0,0.0,0.0,0.0,0.0,0.0,0.0,0,0,0,0,0,0.0,0.0,Tina A,5478,2026-09-18T13:58:35.746965,,,
DATA,5.657,-6.0,0.439999878,-7.6,0.0,0.0,0.0,-6.0,-0.360000134,-6.0,0.0,0.0,0.0,-6.0,0.439999878,-7.6,0.0,0.0,0.0,-6.0,0.439999878,-7.6,0.0,0.0,0.0,0.0,0.0,0.0,0.0,0.0,0.0,0.0,0,0,0,0,0,0.0,0.0,Tina A,5478,2026-09-18T13:58:35.798987,,,
DATA,5.706,-6.0,0.439999878,-7.6,0.0,0.0,0.0,-6.0,-0.360000134,-6.0,0.0,0.0,0.0,-6.0,0.439999878,-7.6,0.0,0.0,0.0,-6.0,0.439999878,-7.6,0.0,0.0,0.0,0.0,0.0,0.0,0.0,0.0,0.0,0.0,0,0,0,0,0,0.0,0.0,Tina A,5478,2026-09-18T13:58:35.847559,,,
DATA,5.756,-6.0,0.439999878,-7.6,0.0,0.0,0.0,-6.0,-0.360000134,-6.0,0.0,0.0,0.0,-6.0,0.439999878,-7.6,0.0,0.0,0.0,-6.0,0.439999878,-7.6,0.0,0.0,0.0,0.0,0.0,0.0,0.0,0.0,0.0,0.0,0,0,0,0,0,0.0,0.0,Tina A,5478,2026-09-18T13:58:35.897526,,,
DATA,5.808,-6.0,0.439999878,-7.6,0.0,0.0,0.0,-6.0,-0.360000134,-6.0,0.0,0.0,0.0,-6.0,0.439999878,-7.6,0.0,0.0,0.0,-6.0,0.439999878,-7.6,0.0,0.0,0.0,0.0,0.0,0.0,0.0,0.0,0.0,0.0,0,0,0,0,0,0.0,0.0,Tina A,5478,2026-09-18T13:58:35.950054,,,
DATA,5.858,-6.0,0.439999878,-7.6,0.0,0.0,0.0,-6.0,-0.360000134,-6.0,0.0,0.0,0.0,-6.0,0.439999878,-7.6,0.0,0.0,0.0,-6.0,0.439999878,-7.6,0.0,0.0,0.0,0.0,0.0,0.0,0.0,0.0,0.0,0.0,0,0,0,0,0,0.0,0.0,Tina A,5478,2026-09-18T13:58:35.999121,,,
DATA,5.908,-6.0,0.439999878,-7.6,0.0,0.0,0.0,-6.0,-0.360000134,-6.0,0.0,0.0,0.0,-6.0,0.439999878,-7.6,0.0,0.0,0.0,-6.0,0.439999878,-7.6,0.0,0.0,0.0,0.0,0.0,0.0,0.0,0.0,0.0,0.0,0,0,0,0,0,0.0,0.0,Tina A,5478,2026-09-18T13:58:36.049135,,,
DATA,5.958,-6.0,0.439999878,-7.6,0.0,0.0,0.0,-6.0,-0.360000134,-6.0,0.0,0.0,0.0,-6.0,0.439999878,-7.6,0.0,0.0,0.0,-6.0,0.439999878,-7.6,0.0,0.0,0.0,0.0,0.0,0.0,0.0,0.0,0.0,0.0,0,0,0,0,0,0.0,0.0,Tina A,5478,2026-09-18T13:58:36.098893,,,
DATA,6.005,-6.0,0.439999878,-7.6,0.0,0.0,0.0,-6.0,-0.360000134,-6.0,0.0,0.0,0.0,-6.0,0.439999878,-7.6,0.0,0.0,0.0,-6.0,0.439999878,-7.6,0.0,0.0,0.0,0.0,0.0,0.0,0.0,0.0,0.0,0.0,0,0,0,0,0,0.0,0.0,Tina A,5478,2026-09-18T13:58:36.146541,,,
DATA,6.055,-6.0,0.439999878,-7.6,0.0,0.0,0.0,-6.0,-0.360000134,-6.0,0.0,0.0,0.0,-6.0,0.439999878,-7.6,0.0,0.0,0.0,-6.0,0.439999878,-7.6,0.0,0.0,0.0,0.0,0.0,0.0,0.0,0.0,0.0,0.0,0,0,0,0,0,0.0,0.0,Tina A,5478,2026-09-18T13:58:36.194921,,,
DATA,6.109,-6.0,0.439999878,-7.6,0.0,0.0,0.0,-6.0,-0.360000134,-6.0,0.0,0.0,0.0,-6.0,0.439999878,-7.6,0.0,0.0,0.0,-6.0,0.439999878,-7.6,0.0,0.0,0.0,0.0,0.0,0.0,0.0,0.0,0.0,0.0,0,0,0,0,0,0.0,0.0,Tina A,5478,2026-09-18T13:58:36.250060,,,
DATA,6.155,-6.0,0.439999878,-7.6,0.0,0.0,0.0,-6.0,-0.360000134,-6.0,0.0,0.0,0.0,-6.0,0.439999878,-7.6,0.0,0.0,0.0,-6.0,0.439999878,-7.6,0.0,0.0,0.0,0.0,0.0,0.0,0.0,0.0,0.0,0.0,0,0,0,0,0,0.0,0.0,Tina A,5478,2026-09-18T13:58:36.296723,,,
DATA,6.206,-6.0,0.439999878,-7.6,0.0,0.0,0.0,-6.0,-0.360000134,-6.0,0.0,0.0,0.0,-6.0,0.439999878,-7.6,0.0,0.0,0.0,-6.0,0.439999878,-7.6,0.0,0.0,0.0,0.0,0.0,0.0,0.0,0.0,0.0,0.0,0,0,0,0,0,0.0,0.0,Tina A,5478,2026-09-18T13:58:36.346730,,,
DATA,6.256,-6.0,0.439999878,-7.6,0.0,0.0,0.0,-6.0,-0.360000134,-6.0,0.0,0.0,0.0,-6.0,0.439999878,-7.6,0.0,0.0,0.0,-6.0,0.439999878,-7.6,0.0,0.0,0.0,0.0,0.0,0.0,0.0,0.0,0.0,0.0,0,0,0,0,0,0.0,0.0,Tina A,5478,2026-09-18T13:58:36.396744,,,
DATA,6.308,-6.0,0.439999878,-7.6,0.0,0.0,0.0,-6.0,-0.360000134,-6.0,0.0,0.0,0.0,-6.0,0.439999878,-7.6,0.0,0.0,0.0,-6.0,0.439999878,-7.6,0.0,0.0,0.0,0.0,0.0,0.0,0.0,0.0,0.0,0.0,0,0,0,0,0,0.0,0.0,Tina A,5478,2026-09-18T13:58:36.450281,,,
DATA,6.356,-6.0,0.439999878,-7.6,0.0,0.0,0.0,-6.0,-0.360000134,-6.0,0.0,0.0,0.0,-6.0,0.439999878,-7.6,0.0,0.0,0.0,-6.0,0.439999878,-7.6,0.0,0.0,0.0,0.0,0.0,0.0,0.0,0.0,0.0,0.0,0,0,0,0,0,0.0,0.0,Tina A,5478,2026-09-18T13:58:36.496909,,,
DATA,6.405,-6.0,0.439999878,-7.6,0.0,0.0,0.0,-6.0,-0.360000134,-6.0,0.0,0.0,0.0,-6.0,0.439999878,-7.6,0.0,0.0,0.0,-6.0,0.439999878,-7.6,0.0,0.0,0.0,0.0,0.0,0.0,0.0,0.0,0.0,0.0,0,0,0,0,0,0.0,0.0,Tina A,5478,2026-09-18T13:58:36.546578,,,
DATA,6.455,-6.0,0.439999878,-7.6,0.0,0.0,0.0,-6.0,-0.360000134,-6.0,0.0,0.0,0.0,-6.0,0.439999878,-7.6,0.0,0.0,0.0,-6.0,0.439999878,-7.6,0.0,0.0,0.0,0.0,0.0,0.0,0.0,0.0,0.0,0.0,0,0,0,0,0,0.0,0.0,Tina A,5478,2026-09-18T13:58:36.596016,,,
DATA,6.508,-6.0,0.439999878,-7.6,0.0,0.0,0.0,-6.0,-0.360000134,-6.0,0.0,0.0,0.0,-6.0,0.439999878,-7.6,0.0,0.0,0.0,-6.0,0.439999878,-7.6,0.0,0.0,0.0,0.0,0.0,0.0,0.0,0.0,0.0,0.0,0,0,0,0,0,0.0,0.0,Tina A,5478,2026-09-18T13:58:36.649170,,,
DATA,6.559,-6.0,0.439999878,-7.6,0.0,0.0,0.0,-6.0,-0.360000134,-6.0,0.0,0.0,0.0,-6.0,0.439999878,-7.6,0.0,0.0,0.0,-6.0,0.439999878,-7.6,0.0,0.0,0.0,0.0,0.0,0.0,0.0,0.0,0.0,0.0,0,0,0,0,0,0.0,0.0,Tina A,5478,2026-09-18T13:58:36.699869,,,
DATA,6.607,-6.0,0.439999878,-7.6,0.0,0.0,0.0,-6.0,-0.360000134,-6.0,0.0,0.0,0.0,-6.0,0.439999878,-7.6,0.0,0.0,0.0,-6.0,0.439999878,-7.6,0.0,0.0,0.0,0.0,0.0,0.0,0.0,0.0,0.0,0.0,0,0,0,0,0,0.0,0.0,Tina A,5478,2026-09-18T13:58:36.749916,,,
EVENT,6.647,,,,,,,,,,,,,,,,,,,,,,,,,,,,,,,,0,0,,,,0.0,0.0,Tina A,5478,2026-09-18T13:58:36.787894,PANEL_EVENT,PANEL_OPENED_START_QUESTION,Start Question Panel opened.
DATA,6.684,-6.0,0.439999878,-7.6,0.0,0.0,0.0,-6.0,-0.360000134,-6.0,0.0,0.0,0.0,-6.0,0.439999878,-7.6,0.0,0.0,0.0,-6.0,0.439999878,-7.6,0.0,0.0,0.0,0.0,0.0,0.0,0.0,0.0,0.0,1.0,0,0,0,0,0,0.0,0.0,Tina A,5478,2026-09-18T13:58:36.832288,,,
DATA,6.71,-6.0,0.439999878,-7.6,0.0,0.0,0.0,-6.0,-0.360000134,-6.0,0.0,0.0,0.0,-6.0,0.439999878,-7.6,0.0,0.0,0.0,-6.0,0.439999878,-7.6,0.0,0.0,0.0,0.0,0.0,0.0,0.0,0.0,0.0,1.0,0,0,0,0,0,0.0,0.0,Tina A,5478,2026-09-18T13:58:36.850988,,,
DATA,6.757,-6.0,0.439999878,-7.6,0.0,0.0,0.0,-6.0,-0.360000134,-6.0,0.0,0.0,0.0,-6.0,0.439999878,-7.6,0.0,0.0,0.0,-6.0,0.439999878,-7.6,0.0,0.0,0.0,0.0,0.0,0.0,0.0,0.0,0.0,1.0,0,0,0,0,0,0.0,0.0,Tina A,5478,2026-09-18T13:58:36.897353,,,
DATA,6.806,-6.0,0.439999878,-7.6,0.0,0.0,0.0,-6.0,-0.360000134,-6.0,0.0,0.0,0.0,-6.0,0.439999878,-7.6,0.0,0.0,0.0,-6.0,0.439999878,-7.6,0.0,0.0,0.0,0.0,0.0,0.0,0.0,0.0,0.0,1.0,0,0,0,0,0,0.0,0.0,Tina A,5478,2026-09-18T13:58:36.948825,,,
DATA,6.858,-6.0,0.439999878,-7.6,0.0,0.0,0.0,-6.0,-0.360000134,-6.0,0.0,0.0,0.0,-6.0,0.439999878,-7.6,0.0,0.0,0.0,-6.0,0.439999878,-7.6,0.0,0.0,0.0,0.0,0.0,0.0,0.0,0.0,0.0,0.0,0,0,0,0,0,0.0,0.0,Tina A,5478,2026-09-18T13:58:36.998823,,,
DATA,6.907,-6.0,0.439999878,-7.6,0.0,0.0,0.0,-6.0,-0.360000134,-6.0,0.0,0.0,0.0,-6.0,0.439999878,-7.6,0.0,0.0,0.0,-6.0,0.439999878,-7.6,0.0,0.0,0.0,0.0,0.0,0.0,0.0,0.0,0.0,0.0,0,0,0,0,0,0.0,0.0,Tina A,5478,2026-09-18T13:58:37.048630,,,
DATA,6.955,-6.0,0.439999878,-7.6,0.0,0.0,0.0,-6.0,-0.360000134,-6.0,0.0,0.0,0.0,-6.0,0.439999878,-7.6,0.0,0.0,0.0,-6.0,0.439999878,-7.6,0.0,0.0,0.0,0.0,0.0,0.0,0.0,0.0,0.0,0.0,0,0,0,0,0,0.0,0.0,Tina A,5478,2026-09-18T13:58:37.097041,,,
DATA,7.008,-6.0,0.439999878,-7.6,0.0,0.0,0.0,-6.0,-0.360000134,-6.0,0.0,0.0,0.0,-6.0,0.439999878,-7.6,0.0,0.0,0.0,-6.0,0.439999878,-7.6,0.0,0.0,0.0,0.0,0.0,0.0,0.0,0.0,0.0,0.0,0,0,0,0,0,0.0,0.0,Tina A,5478,2026-09-18T13:58:37.149470,,,
DATA,7.057,-6.0,0.439999878,-7.6,0.0,0.0,0.0,-6.0,-0.360000134,-6.0,0.0,0.0,0.0,-6.0,0.439999878,-7.6,0.0,0.0,0.0,-6.0,0.439999878,-7.6,0.0,0.0,0.0,0.0,0.0,0.0,0.0,0.0,0.0,0.0,0,0,0,0,0,0.0,0.0,Tina A,5478,2026-09-18T13:58:37.198790,,,
DATA,7.109,-6.0,0.439999878,-7.6,0.0,0.0,0.0,-6.0,-0.360000134,-6.0,0.0,0.0,0.0,-6.0,0.439999878,-7.6,0.0,0.0,0.0,-6.0,0.439999878,-7.6,0.0,0.0,0.0,0.0,0.0,0.0,0.0,0.0,0.0,0.0,0,0,0,0,0,0.0,0.0,Tina A,5478,2026-09-18T13:58:37.250109,,,
DATA,7.157,-6.0,0.439999878,-7.6,0.0,0.0,0.0,-6.0,-0.360000134,-6.0,0.0,0.0,0.0,-6.0,0.439999878,-7.6,0.0,0.0,0.0,-6.0,0.439999878,-7.6,0.0,0.0,0.0,0.0,0.0,0.0,0.0,0.0,0.0,0.0,0,0,0,0,0,0.0,0.0,Tina A,5478,2026-09-18T13:58:37.298800,,,
DATA,7.207,-6.0,0.439999878,-7.6,0.0,0.0,0.0,-6.0,-0.360000134,-6.0,0.0,0.0,0.0,-6.0,0.439999878,-7.6,0.0,0.0,0.0,-6.0,0.439999878,-7.6,0.0,0.0,0.0,0.0,0.0,0.0,0.0,0.0,0.0,0.0,0,0,0,0,0,0.0,0.0,Tina A,5478,2026-09-18T13:58:37.347024,,,
DATA,7.256,-6.0,0.439999878,-7.6,0.0,0.0,0.0,-6.0,-0.360000134,-6.0,0.0,0.0,0.0,-6.0,0.439999878,-7.6,0.0,0.0,0.0,-6.0,0.439999878,-7.6,0.0,0.0,0.0,0.0,0.0,0.0,0.0,0.0,0.0,0.0,0,0,0,0,0,0.0,0.0,Tina A,5478,2026-09-18T13:58:37.396528,,,
DATA,7.308,-6.0,0.439999878,-7.6,0.0,0.0,0.0,-6.0,-0.360000134,-6.0,0.0,0.0,0.0,-6.0,0.439999878,-7.6,0.0,0.0,0.0,-6.0,0.439999878,-7.6,0.0,0.0,0.0,0.0,0.0,0.0,0.0,0.0,0.0,0.0,0,0,0,0,0,0.0,0.0,Tina A,5478,2026-09-18T13:58:37.448806,,,
DATA,7.357,-6.0,0.439999878,-7.6,0.0,0.0,0.0,-6.0,-0.360000134,-6.0,0.0,0.0,0.0,-6.0,0.439999878,-7.6,0.0,0.0,0.0,-6.0,0.439999878,-7.6,0.0,0.0,0.0,0.0,0.0,0.0,0.0,0.0,0.0,0.0,0,0,0,0,0,0.0,0.0,Tina A,5478,2026-09-18T13:58:37.498553,,,
DATA,7.407,-6.0,0.439999878,-7.6,0.0,0.0,0.0,-6.0,-0.360000134,-6.0,0.0,0.0,0.0,-6.0,0.439999878,-7.6,0.0,0.0,0.0,-6.0,0.439999878,-7.6,0.0,0.0,0.0,0.0,0.0,0.0,0.0,0.0,0.0,0.0,0,0,0,0,0,0.0,0.0,Tina A,5478,2026-09-18T13:58:37.548757,,,
DATA,7.456,-6.0,0.439999878,-7.6,0.0,0.0,0.0,-6.0,-0.360000134,-6.0,0.0,0.0,0.0,-6.0,0.439999878,-7.6,0.0,0.0,0.0,-6.0,0.439999878,-7.6,0.0,0.0,0.0,0.0,0.0,0.0,0.0,0.0,0.0,0.0,0,0,0,0,0,0.0,0.0,Tina A,5478,2026-09-18T13:58:37.598040,,,
DATA,7.508,-6.0,0.439999878,-7.6,0.0,0.0,0.0,-6.0,-0.360000134,-6.0,0.0,0.0,0.0,-6.0,0.439999878,-7.6,0.0,0.0,0.0,-6.0,0.439999878,-7.6,0.0,0.0,0.0,0.0,0.0,0.0,0.0,0.0,0.0,0.0,0,0,0,0,0,0.0,0.0,Tina A,5478,2026-09-18T13:58:37.649439,,,
DATA,7.555,-6.0,0.439999878,-7.6,0.0,0.0,0.0,-6.0,-0.360000134,-6.0,0.0,0.0,0.0,-6.0,0.439999878,-7.6,0.0,0.0,0.0,-6.0,0.439999878,-7.6,0.0,0.0,0.0,0.0,0.0,0.0,0.0,0.0,0.0,0.0,0,0,0,0,0,0.0,0.0,Tina A,5478,2026-09-18T13:58:37.697016,,,
DATA,7.608,-6.0,0.439999878,-7.6,0.0,0.0,0.0,-6.0,-0.360000134,-6.0,0.0,0.0,0.0,-6.0,0.439999878,-7.6,0.0,0.0,0.0,-6.0,0.439999878,-7.6,0.0,0.0,0.0,0.0,0.0,0.0,0.0,0.0,0.0,0.0,0,0,0,0,0,0.0,0.0,Tina A,5478,2026-09-18T13:58:37.748309,,,
DATA,7.654,-6.0,0.439999878,-7.6,0.0,0.0,0.0,-6.0,-0.360000134,-6.0,0.0,0.0,0.0,-6.0,0.439999878,-7.6,0.0,0.0,0.0,-6.0,0.439999878,-7.6,0.0,0.0,0.0,0.0,0.0,0.0,0.0,0.0,0.0,0.0,0,0,0,0,0,0.0,0.0,Tina A,5478,2026-09-18T13:58:37.796623,,,
DATA,7.707,-6.0,0.439999878,-7.6,0.0,0.0,0.0,-6.0,-0.360000134,-6.0,0.0,0.0,0.0,-6.0,0.439999878,-7.6,0.0,0.0,0.0,-6.0,0.439999878,-7.6,0.0,0.0,0.0,0.0,0.0,0.0,0.0,0.0,0.0,0.0,0,0,0,0,0,0.0,0.0,Tina A,5478,2026-09-18T13:58:37.848539,,,
DATA,7.758,-6.0,0.439999878,-7.6,0.0,0.0,0.0,-6.0,-0.360000134,-6.0,0.0,0.0,0.0,-6.0,0.439999878,-7.6,0.0,0.0,0.0,-6.0,0.439999878,-7.6,0.0,0.0,0.0,0.0,0.0,0.0,0.0,0.0,0.0,0.0,0,0,0,0,0,0.0,0.0,Tina A,5478,2026-09-18T13:58:37.899374,,,
DATA,7.808,-6.0,0.439999878,-7.6,0.0,0.0,0.0,-6.0,-0.360000134,-6.0,0.0,0.0,0.0,-6.0,0.439999878,-7.6,0.0,0.0,0.0,-6.0,0.439999878,-7.6,0.0,0.0,0.0,0.0,0.0,0.0,0.0,0.0,0.0,0.0,0,0,0,0,0,0.0,0.0,Tina A,5478,2026-09-18T13:58:37.948725,,,
DATA,7.857,-6.0,0.439999878,-7.6,0.0,0.0,0.0,-6.0,-0.360000134,-6.0,0.0,0.0,0.0,-6.0,0.439999878,-7.6,0.0,0.0,0.0,-6.0,0.439999878,-7.6,0.0,0.0,0.0,0.0,0.0,0.0,0.0,0.0,0.0,0.0,0,0,0,0,0,0.0,0.0,Tina A,5478,2026-09-18T13:58:37.999043,,,
DATA,7.909,-6.0,0.439999878,-7.6,0.0,0.0,0.0,-6.0,-0.360000134,-6.0,0.0,0.0,0.0,-6.0,0.439999878,-7.6,0.0,0.0,0.0,-6.0,0.439999878,-7.6,0.0,0.0,0.0,0.0,0.0,0.0,0.0,0.0,0.0,0.0,0,0,0,0,0,0.0,0.0,Tina A,5478,2026-09-18T13:58:38.049440,,,
DATA,7.954,-6.0,0.439999878,-7.6,0.0,0.0,0.0,-6.0,-0.360000134,-6.0,0.0,0.0,0.0,-6.0,0.439999878,-7.6,0.0,0.0,0.0,-6.0,0.439999878,-7.6,0.0,0.0,0.0,0.0,0.0,0.0,0.0,0.0,0.0,0.0,0,0,0,0,0,0.0,0.0,Tina A,5478,2026-09-18T13:58:38.096524,,,
DATA,8.007,-6.0,0.439999878,-7.6,0.0,0.0,0.0,-6.0,-0.360000134,-6.0,0.0,0.0,0.0,-6.0,0.439999878,-7.6,0.0,0.0,0.0,-6.0,0.439999878,-7.6,0.0,0.0,0.0,0.0,0.0,0.0,0.0,0.0,0.0,0.0,0,0,0,0,0,0.0,0.0,Tina A,5478,2026-09-18T13:58:38.147306,,,
DATA,8.058,-6.0,0.439999878,-7.6,0.0,0.0,0.0,-6.0,-0.360000134,-6.0,0.0,0.0,0.0,-6.0,0.439999878,-7.6,0.0,0.0,0.0,-6.0,0.439999878,-7.6,0.0,0.0,0.0,0.0,0.0,0.0,0.0,0.0,0.0,0.0,0,0,0,0,0,0.0,0.0,Tina A,5478,2026-09-18T13:58:38.199285,,,
DATA,8.109,-6.0,0.439999878,-7.6,0.0,0.0,0.0,-6.0,-0.360000134,-6.0,0.0,0.0,0.0,-6.0,0.439999878,-7.6,0.0,0.0,0.0,-6.0,0.439999878,-7.6,0.0,0.0,0.0,0.0,0.0,0.0,0.0,0.0,0.0,0.0,0,0,0,0,0,0.0,0.0,Tina A,5478,2026-09-18T13:58:38.249832,,,
DATA,8.155,-6.0,0.439999878,-7.6,0.0,0.0,0.0,-6.0,-0.360000134,-6.0,0.0,0.0,0.0,-6.0,0.439999878,-7.6,0.0,0.0,0.0,-6.0,0.439999878,-7.6,0.0,0.0,0.0,0.0,0.0,0.0,0.0,0.0,0.0,0.0,0,0,0,0,0,0.0,0.0,Tina A,5478,2026-09-18T13:58:38.296559,,,
DATA,8.207,-6.0,0.439999878,-7.6,0.0,0.0,0.0,-6.0,-0.360000134,-6.0,0.0,0.0,0.0,-6.0,0.439999878,-7.6,0.0,0.0,0.0,-6.0,0.439999878,-7.6,0.0,0.0,0.0,0.0,0.0,0.0,0.0,0.0,0.0,0.0,0,0,0,0,0,0.0,0.0,Tina A,5478,2026-09-18T13:58:38.347796,,,
DATA,8.259,-6.0,0.439999878,-7.6,0.0,0.0,0.0,-6.0,-0.360000134,-6.0,0.0,0.0,0.0,-6.0,0.439999878,-7.6,0.0,0.0,0.0,-6.0,0.439999878,-7.6,0.0,0.0,0.0,0.0,0.0,0.0,0.0,0.0,0.0,0.0,0,0,0,0,0,0.0,0.0,Tina A,5478,2026-09-18T13:58:38.398971,,,
DATA,8.304,-6.0,0.439999878,-7.6,0.0,0.0,0.0,-6.0,-0.360000134,-6.0,0.0,0.0,0.0,-6.0,0.439999878,-7.6,0.0,0.0,0.0,-6.0,0.439999878,-7.6,0.0,0.0,0.0,0.0,0.0,0.0,0.0,0.0,0.0,0.0,0,0,0,0,0,0.0,0.0,Tina A,5478,2026-09-18T13:58:38.446316,,,
DATA,8.359,-6.0,0.439999878,-7.6,0.0,0.0,0.0,-6.0,-0.360000134,-6.0,0.0,0.0,0.0,-6.0,0.439999878,-7.6,0.0,0.0,0.0,-6.0,0.439999878,-7.6,0.0,0.0,0.0,0.0,0.0,0.0,0.0,0.0,0.0,0.0,0,0,0,0,0,0.0,0.0,Tina A,5478,2026-09-18T13:58:38.500155,,,
DATA,8.406,-6.0,0.439999878,-7.6,0.0,0.0,0.0,-6.0,-0.360000134,-6.0,0.0,0.0,0.0,-6.0,0.439999878,-7.6,0.0,0.0,0.0,-6.0,0.439999878,-7.6,0.0,0.0,0.0,0.0,0.0,0.0,0.0,0.0,0.0,0.0,0,0,0,0,0,0.0,0.0,Tina A,5478,2026-09-18T13:58:38.548579,,,
DATA,8.458,-6.0,0.439999878,-7.6,0.0,0.0,0.0,-6.0,-0.360000134,-6.0,0.0,0.0,0.0,-6.0,0.439999878,-7.6,0.0,0.0,0.0,-6.0,0.439999878,-7.6,0.0,0.0,0.0,0.0,0.0,0.0,0.0,0.0,0.0,0.0,0,0,0,0,0,0.0,0.0,Tina A,5478,2026-09-18T13:58:38.600221,,,
DATA,8.507,-6.0,0.439999878,-7.6,0.0,0.0,0.0,-6.0,-0.360000134,-6.0,0.0,0.0,0.0,-6.0,0.439999878,-7.6,0.0,0.0,0.0,-6.0,0.439999878,-7.6,0.0,0.0,0.0,0.0,0.0,0.0,0.0,0.0,0.0,0.0,0,0,0,0,0,0.0,0.0,Tina A,5478,2026-09-18T13:58:38.649151,,,
DATA,8.557,-6.0,0.439999878,-7.6,0.0,0.0,0.0,-6.0,-0.360000134,-6.0,0.0,0.0,0.0,-6.0,0.439999878,-7.6,0.0,0.0,0.0,-6.0,0.439999878,-7.6,0.0,0.0,0.0,0.0,0.0,0.0,0.0,0.0,0.0,0.0,0,0,0,0,0,0.0,0.0,Tina A,5478,2026-09-18T13:58:38.698067,,,
DATA,8.606,-6.0,0.439999878,-7.6,0.0,0.0,0.0,-6.0,-0.360000134,-6.0,0.0,0.0,0.0,-6.0,0.439999878,-7.6,0.0,0.0,0.0,-6.0,0.439999878,-7.6,0.0,0.0,0.0,0.0,0.0,0.0,0.0,0.0,0.0,0.0,0,0,0,0,0,0.0,0.0,Tina A,5478,2026-09-18T13:58:38.748349,,,
DATA,8.657,-6.0,0.439999878,-7.6,0.0,0.0,0.0,-6.0,-0.360000134,-6.0,0.0,0.0,0.0,-6.0,0.439999878,-7.6,0.0,0.0,0.0,-6.0,0.439999878,-7.6,0.0,0.0,0.0,0.0,0.0,0.0,0.0,0.0,0.0,0.0,0,0,0,0,0,0.0,0.0,Tina A,5478,2026-09-18T13:58:38.796924,,,
DATA,8.705,-6.0,0.439999878,-7.6,0.0,0.0,0.0,-6.0,-0.360000134,-6.0,0.0,0.0,0.0,-6.0,0.439999878,-7.6,0.0,0.0,0.0,-6.0,0.439999878,-7.6,0.0,0.0,0.0,0.0,0.0,0.0,0.0,0.0,0.0,0.0,0,0,0,0,0,0.0,0.0,Tina A,5478,2026-09-18T13:58:38.846487,,,
DATA,8.759,-6.0,0.439999878,-7.6,0.0,0.0,0.0,-6.0,-0.360000134,-6.0,0.0,0.0,0.0,-6.0,0.439999878,-7.6,0.0,0.0,0.0,-6.0,0.439999878,-7.6,0.0,0.0,0.0,0.0,0.0,0.0,0.0,0.0,0.0,0.0,0,0,0,0,0,0.0,0.0,Tina A,5478,2026-09-18T13:58:38.899937,,,
DATA,8.807,-6.0,0.439999878,-7.6,0.0,0.0,0.0,-6.0,-0.360000134,-6.0,0.0,0.0,0.0,-6.0,0.439999878,-7.6,0.0,0.0,0.0,-6.0,0.439999878,-7.6,0.0,0.0,0.0,0.0,0.0,0.0,0.0,0.0,0.0,0.0,0,0,0,0,0,0.0,0.0,Tina A,5478,2026-09-18T13:58:38.948650,,,
DATA,8.857,-6.0,0.439999878,-7.6,0.0,0.0,0.0,-6.0,-0.360000134,-6.0,0.0,0.0,0.0,-6.0,0.439999878,-7.6,0.0,0.0,0.0,-6.0,0.439999878,-7.6,0.0,0.0,0.0,0.0,0.0,0.0,0.0,0.0,0.0,0.0,0,0,0,0,0,0.0,0.0,Tina A,5478,2026-09-18T13:58:38.997393,,,
DATA,8.907,-6.0,0.439999878,-7.6,0.0,0.0,0.0,-6.0,-0.360000134,-6.0,0.0,0.0,0.0,-6.0,0.439999878,-7.6,0.0,0.0,0.0,-6.0,0.439999878,-7.6,0.0,0.0,0.0,0.0,0.0,0.0,0.0,0.0,0.0,0.0,0,0,0,0,0,0.0,0.0,Tina A,5478,2026-09-18T13:58:39.048562,,,
DATA,8.958,-6.0,0.439999878,-7.6,0.0,0.0,0.0,-6.0,-0.360000134,-6.0,0.0,0.0,0.0,-6.0,0.439999878,-7.6,0.0,0.0,0.0,-6.0,0.439999878,-7.6,0.0,0.0,0.0,0.0,0.0,0.0,0.0,0.0,0.0,0.0,0,0,0,0,0,0.0,0.0,Tina A,5478,2026-09-18T13:58:39.099860,,,
DATA,9.008,-6.0,0.439999878,-7.6,0.0,0.0,0.0,-6.0,-0.360000134,-6.0,0.0,0.0,0.0,-6.0,0.439999878,-7.6,0.0,0.0,0.0,-6.0,0.439999878,-7.6,0.0,0.0,0.0,0.0,0.0,0.0,0.0,0.0,0.0,0.0,0,0,0,0,0,0.0,0.0,Tina A,5478,2026-09-18T13:58:39.148565,,,
DATA,9.058,-6.0,0.439999878,-7.6,0.0,0.0,0.0,-6.0,-0.360000134,-6.0,0.0,0.0,0.0,-6.0,0.439999878,-7.6,0.0,0.0,0.0,-6.0,0.439999878,-7.6,0.0,0.0,0.0,0.0,0.0,0.0,0.0,0.0,0.0,0.0,0,0,0,0,0,0.0,0.0,Tina A,5478,2026-09-18T13:58:39.199170,,,
DATA,9.107,-6.001293,0.439999878,-7.569703,0.0,-0.214599609,0.0,-6.0,-0.360000134,-6.0,0.0,0.0,0.0,-6.001293,0.439999878,-7.569703,0.0,-0.214599609,0.0,-6.001293,0.439999878,-7.569703,0.0,-0.214599609,0.0,-1.0,0.0,0.0,0.0,0.0,0.0,0.0,0,0,0,0,0,0.0,0.0,Tina A,5478,2026-09-18T13:58:39.247554,,,
DATA,9.156,-6.00159931,0.439999878,-7.562896,0.0,-0.2628479,0.0,-6.0,-0.360000134,-6.0,0.0,0.0,0.0,-6.00159931,0.439999878,-7.562896,0.0,-0.2628479,0.0,-6.00159931,0.439999878,-7.562896,0.0,-0.2628479,0.0,-1.0,0.0,0.0,0.0,0.0,0.0,0.0,0,0,0,0,0,0.0,0.0,Tina A,5478,2026-09-18T13:58:39.298456,,,
DATA,9.208,-6.00154,0.439999878,-7.56420231,0.0,-0.253601074,0.0,-6.0,-0.360000134,-6.0,0.0,0.0,0.0,-6.00154,0.439999878,-7.56420231,0.0,-0.253601074,0.0,-6.00154,0.439999878,-7.56420231,0.0,-0.253601074,0.0,-1.0,0.0,0.0,0.0,0.0,0.0,0.0,0,0,0,0,0,0.0,0.0,Tina A,5478,2026-09-18T13:58:39.349572,,,
DATA,9.257,-6.0,0.439999878,-7.6,0.0,0.0,0.0,-6.0,-0.360000134,-6.0,0.0,0.0,0.0,-6.0,0.439999878,-7.6,0.0,0.0,0.0,-6.0,0.439999878,-7.6,0.0,0.0,0.0,0.0,0.0,0.0,0.0,0.0,0.0,0.0,0,0,0,0,0,0.0,0.0,Tina A,5478,2026-09-18T13:58:39.398442,,,
DATA,9.308,-6.0,0.439999878,-7.6,0.0,0.0,0.0,-6.0,-0.360000134,-6.0,0.0,0.0,0.0,-6.0,0.439999878,-7.6,0.0,0.0,0.0,-6.0,0.439999878,-7.6,0.0,0.0,0.0,0.0,0.0,0.0,0.0,0.0,0.0,0.0,0,0,0,0,0,0.0,0.0,Tina A,5478,2026-09-18T13:58:39.449108,,,
DATA,9.355,-6.0,0.439999878,-7.6,0.0,0.0,0.0,-6.0,-0.360000134,-6.0,0.0,0.0,0.0,-6.0,0.439999878,-7.6,0.0,0.0,0.0,-6.0,0.439999878,-7.6,0.0,0.0,0.0,0.0,0.0,0.0,0.0,0.0,0.0,0.0,0,0,0,0,0,0.0,0.0,Tina A,5478,2026-09-18T13:58:39.496253,,,
DATA,9.406,-6.0,0.439999878,-7.6,0.0,0.0,0.0,-6.0,-0.360000134,-6.0,0.0,0.0,0.0,-6.0,0.439999878,-7.6,0.0,0.0,0.0,-6.0,0.439999878,-7.6,0.0,0.0,0.0,0.0,0.0,0.0,0.0,0.0,0.0,0.0,0,0,0,0,0,0.0,0.0,Tina A,5478,2026-09-18T13:58:39.547922,,,
DATA,9.46,-6.0,0.439999878,-7.6,0.0,0.0,0.0,-6.0,-0.360000134,-6.0,0.0,0.0,0.0,-6.0,0.439999878,-7.6,0.0,0.0,0.0,-6.0,0.439999878,-7.6,0.0,0.0,0.0,0.0,0.0,0.0,0.0,0.0,0.0,0.0,0,0,0,0,0,0.0,0.0,Tina A,5478,2026-09-18T13:58:39.602341,,,
DATA,9.506,-6.0,0.439999878,-7.6,0.0,0.0,0.0,-6.0,-0.360000134,-6.0,0.0,0.0,0.0,-6.0,0.439999878,-7.6,0.0,0.0,0.0,-6.0,0.439999878,-7.6,0.0,0.0,0.0,0.0,0.0,0.0,0.0,0.0,0.0,0.0,0,0,0,0,0,0.0,0.0,Tina A,5478,2026-09-18T13:58:39.647150,,,
DATA,9.559,-6.0,0.439999878,-7.6,0.0,0.0,0.0,-6.0,-0.360000134,-6.0,0.0,0.0,0.0,-6.0,0.439999878,-7.6,0.0,0.0,0.0,-6.0,0.439999878,-7.6,0.0,0.0,0.0,0.0,0.0,0.0,0.0,0.0,0.0,0.0,0,0,0,0,0,0.0,0.0,Tina A,5478,2026-09-18T13:58:39.700976,,,
DATA,9.607,-6.0,0.439999878,-7.6,0.0,0.0,0.0,-6.0,-0.360000134,-6.0,0.0,0.0,0.0,-6.0,0.439999878,-7.6,0.0,0.0,0.0,-6.0,0.439999878,-7.6,0.0,0.0,0.0,0.0,0.0,0.0,0.0,0.0,0.0,0.0,0,0,0,0,0,0.0,0.0,Tina A,5478,2026-09-18T13:58:39.749314,,,
DATA,9.656,-6.0,0.439999878,-7.6,0.0,0.0,0.0,-6.0,-0.360000134,-6.0,0.0,0.0,0.0,-6.0,0.439999878,-7.6,0.0,0.0,0.0,-6.0,0.439999878,-7.6,0.0,0.0,0.0,0.0,0.0,0.0,0.0,0.0,0.0,0.0,0,0,0,0,0,0.0,0.0,Tina A,5478,2026-09-18T13:58:39.798023,,,
DATA,9.708,-6.0,0.439999878,-7.6,0.0,0.0,0.0,-6.0,-0.360000134,-6.0,0.0,0.0,0.0,-6.0,0.439999878,-7.6,0.0,0.0,0.0,-6.0,0.439999878,-7.6,0.0,0.0,0.0,0.0,0.0,0.0,0.0,0.0,0.0,0.0,0,0,0,0,0,0.0,0.0,Tina A,5478,2026-09-18T13:58:39.849996,,,
DATA,9.759,-6.0,0.439999878,-7.6,0.0,0.0,0.0,-6.0,-0.360000134,-6.0,0.0,0.0,0.0,-6.0,0.439999878,-7.6,0.0,0.0,0.0,-6.0,0.439999878,-7.6,0.0,0.0,0.0,0.0,0.0,0.0,0.0,0.0,0.0,0.0,0,0,0,0,0,0.0,0.0,Tina A,5478,2026-09-18T13:58:39.902517,,,
DATA,9.809,-6.0,0.439999878,-7.6,0.0,0.0,0.0,-6.0,-0.360000134,-6.0,0.0,0.0,0.0,-6.0,0.439999878,-7.6,0.0,0.0,0.0,-6.0,0.439999878,-7.6,0.0,0.0,0.0,0.0,0.0,0.0,0.0,0.0,0.0,0.0,0,0,0,0,0,0.0,0.0,Tina A,5478,2026-09-18T13:58:39.950447,,,
DATA,9.856,-6.0,0.439999878,-7.6,0.0,0.0,0.0,-6.0,-0.360000134,-6.0,0.0,0.0,0.0,-6.0,0.439999878,-7.6,0.0,0.0,0.0,-6.0,0.439999878,-7.6,0.0,0.0,0.0,0.0,0.0,0.0,0.0,0.0,0.0,0.0,0,0,0,0,0,0.0,0.0,Tina A,5478,2026-09-18T13:58:39.998233,,,
DATA,9.908,-6.0,0.439999878,-7.6,0.0,0.0,0.0,-6.0,-0.360000134,-6.0,0.0,0.0,0.0,-6.0,0.439999878,-7.6,0.0,0.0,0.0,-6.0,0.439999878,-7.6,0.0,0.0,0.0,0.0,0.0,0.0,0.0,0.0,0.0,0.0,0,0,0,0,0,0.0,0.0,Tina A,5478,2026-09-18T13:58:40.050361,,,
DATA,9.955,-6.0,0.439999878,-7.6,0.0,0.0,0.0,-6.0,-0.360000134,-6.0,0.0,0.0,0.0,-6.0,0.439999878,-7.6,0.0,0.0,0.0,-6.0,0.439999878,-7.6,0.0,0.0,0.0,0.0,0.0,0.0,0.0,0.0,0.0,0.0,0,0,0,0,0,0.0,0.0,Tina A,5478,2026-09-18T13:58:40.096165,,,
DATA,10.009,-6.0,0.439999878,-7.6,0.0,0.0,0.0,-6.0,-0.360000134,-6.0,0.0,0.0,0.0,-6.0,0.439999878,-7.6,0.0,0.0,0.0,-6.0,0.439999878,-7.6,0.0,0.0,0.0,0.0,0.0,0.0,0.0,0.0,0.0,0.0,0,0,0,0,0,0.0,0.0,Tina A,5478,2026-09-18T13:58:40.150681,,,
DATA,10.056,-6.0,0.439999878,-7.6,0.0,0.0,0.0,-6.0,-0.360000134,-6.0,0.0,0.0,0.0,-6.0,0.439999878,-7.6,0.0,0.0,0.0,-6.0,0.439999878,-7.6,0.0,0.0,0.0,0.0,0.0,0.0,0.0,0.0,0.0,0.0,0,0,0,0,0,0.0,0.0,Tina A,5478,2026-09-18T13:58:40.196903,,,
DATA,10.107,-6.0,0.439999878,-7.6,0.0,0.0,0.0,-6.0,-0.360000134,-6.0,0.0,0.0,0.0,-6.0,0.439999878,-7.6,0.0,0.0,0.0,-6.0,0.439999878,-7.6,0.0,0.0,0.0,0.0,0.0,0.0,0.0,0.0,0.0,0.0,0,0,0,0,0,0.0,0.0,Tina A,5478,2026-09-18T13:58:40.248429,,,
DATA,10.158,-6.0,0.439999878,-7.6,0.0,0.0,0.0,-6.0,-0.360000134,-6.0,0.0,0.0,0.0,-6.0,0.439999878,-7.6,0.0,0.0,0.0,-6.0,0.439999878,-7.6,0.0,0.0,0.0,0.0,0.0,0.0,0.0,0.0,0.0,0.0,0,0,0,0,0,0.0,0.0,Tina A,5478,2026-09-18T13:58:40.299926,,,
DATA,10.205,-6.0,0.439999878,-7.6,0.0,0.0,0.0,-6.0,-0.360000134,-6.0,0.0,0.0,0.0,-6.0,0.439999878,-7.6,0.0,0.0,0.0,-6.0,0.439999878,-7.6,0.0,0.0,0.0,0.0,0.0,0.0,0.0,0.0,0.0,0.0,0,0,0,0,0,0.0,0.0,Tina A,5478,2026-09-18T13:58:40.346674,,,
DATA,10.258,-6.0,0.439999878,-7.6,0.0,0.0,0.0,-6.0,-0.360000134,-6.0,0.0,0.0,0.0,-6.0,0.439999878,-7.6,0.0,0.0,0.0,-6.0,0.439999878,-7.6,0.0,0.0,0.0,0.0,0.0,0.0,0.0,0.0,0.0,0.0,0,0,0,0,0,0.0,0.0,Tina A,5478,2026-09-18T13:58:40.398995,,,
DATA,10.306,-6.0,0.439999878,-7.6,0.0,0.0,0.0,-6.0,-0.360000134,-6.0,0.0,0.0,0.0,-6.0,0.439999878,-7.6,0.0,0.0,0.0,-6.0,0.439999878,-7.6,0.0,0.0,0.0,0.0,0.0,0.0,0.0,0.0,0.0,0.0,0,0,0,0,0,0.0,0.0,Tina A,5478,2026-09-18T13:58:40.448145,,,
DATA,10.357,-6.0,0.439999878,-7.6,0.0,0.0,0.0,-6.0,-0.360000134,-6.0,0.0,0.0,0.0,-6.0,0.439999878,-7.6,0.0,0.0,0.0,-6.0,0.439999878,-7.6,0.0,0.0,0.0,0.0,0.0,0.0,0.0,0.0,0.0,0.0,0,0,0,0,0,0.0,0.0,Tina A,5478,2026-09-18T13:58:40.498538,,,
DATA,10.407,-6.0,0.439999878,-7.6,0.0,0.0,0.0,-6.0,-0.360000134,-6.0,0.0,0.0,0.0,-6.0,0.439999878,-7.6,0.0,0.0,0.0,-6.0,0.439999878,-7.6,0.0,0.0,0.0,0.0,0.0,0.0,0.0,0.0,0.0,0.0,0,0,0,0,0,0.0,0.0,Tina A,5478,2026-09-18T13:58:40.549672,,,
DATA,10.455,-6.0,0.439999878,-7.6,0.0,0.0,0.0,-6.0,-0.360000134,-6.0,0.0,0.0,0.0,-6.0,0.439999878,-7.6,0.0,0.0,0.0,-6.0,0.439999878,-7.6,0.0,0.0,0.0,0.0,0.0,0.0,0.0,0.0,0.0,0.0,0,0,0,0,0,0.0,0.0,Tina A,5478,2026-09-18T13:58:40.596059,,,
DATA,10.506,-6.0,0.439999878,-7.6,0.0,0.0,0.0,-6.0,-0.360000134,-6.0,0.0,0.0,0.0,-6.0,0.439999878,-7.6,0.0,0.0,0.0,-6.0,0.439999878,-7.6,0.0,0.0,0.0,0.0,0.0,0.0,0.0,0.0,0.0,0.0,0,0,0,0,0,0.0,0.0,Tina A,5478,2026-09-18T13:58:40.647153,,,
DATA,10.557,-6.0,0.439999878,-7.6,0.0,0.0,0.0,-6.0,-0.360000134,-6.0,0.0,0.0,0.0,-6.0,0.439999878,-7.6,0.0,0.0,0.0,-6.0,0.439999878,-7.6,0.0,0.0,0.0,0.0,0.0,0.0,0.0,0.0,0.0,0.0,0,0,0,0,0,0.0,0.0,Tina A,5478,2026-09-18T13:58:40.697590,,,
DATA,10.608,-6.0,0.439999878,-7.6,0.0,0.0,0.0,-6.0,-0.360000134,-6.0,0.0,0.0,0.0,-6.0,0.439999878,-7.6,0.0,0.0,0.0,-6.0,0.439999878,-7.6,0.0,0.0,0.0,0.0,0.0,0.0,0.0,0.0,0.0,0.0,0,0,0,0,0,0.0,0.0,Tina A,5478,2026-09-18T13:58:40.747953,,,
DATA,10.659,-6.01384163,0.439999878,-7.6,0.0,0.0,0.0,-6.0,-0.360000134,-6.0,0.0,0.0,0.0,-6.01384163,0.439999878,-7.6,0.0,0.0,0.0,-6.01384163,0.439999878,-7.6,0.0,0.0,0.0,0.0,0.0,0.0,0.0,-1.0,0.0,0.0,0,0,0,0,0,0.0,0.0,Tina A,5478,2026-09-18T13:58:40.800156,,,
DATA,10.707,-6.012953,0.439999878,-7.6,0.0,0.0,0.0,-6.0,-0.360000134,-6.0,0.0,0.0,0.0,-6.012953,0.439999878,-7.6,0.0,0.0,0.0,-6.012953,0.439999878,-7.6,0.0,0.0,0.0,0.0,0.0,0.0,0.0,-1.0,0.0,0.0,0,0,0,0,0,0.0,0.0,Tina A,5478,2026-09-18T13:58:40.848040,,,
DATA,10.756,-6.01162624,0.439999878,-7.6,0.0,0.0,0.0,-6.0,-0.360000134,-6.0,0.0,0.0,0.0,-6.01162624,0.439999878,-7.6,0.0,0.0,0.0,-6.01162624,0.439999878,-7.6,0.0,0.0,0.0,0.0,0.0,0.0,0.0,-1.0,0.0,0.0,0,0,0,0,0,0.0,0.0,Tina A,5478,2026-09-18T13:58:40.898473,,,
DATA,10.808,-6.0,0.439999878,-7.6,0.0,0.0,0.0,-6.0,-0.360000134,-6.0,0.0,0.0,0.0,-6.0,0.439999878,-7.6,0.0,0.0,0.0,-6.0,0.439999878,-7.6,0.0,0.0,0.0,0.0,0.0,0.0,0.0,0.0,0.0,0.0,0,0,0,0,0,0.0,0.0,Tina A,5478,2026-09-18T13:58:40.949014,,,
DATA,10.858,-6.0,0.439999878,-7.6,0.0,0.0,0.0,-6.0,-0.360000134,-6.0,0.0,0.0,0.0,-6.0,0.439999878,-7.6,0.0,0.0,0.0,-6.0,0.439999878,-7.6,0.0,0.0,0.0,0.0,0.0,0.0,0.0,0.0,0.0,0.0,0,0,0,0,0,0.0,0.0,Tina A,5478,2026-09-18T13:58:40.998799,,,
EVENT,10.868,,,,,,,,,,,,,,,,,,,,,,,,,,,,,,,,0,0,,,,0.0,0.0,Tina A,5478,2026-09-18T13:58:41.018177,BUTTON_PRESSED,START_ROOM_YES,StartRoomDuration=7.963
EVENT,10.87,,,,,,,,,,,,,,,,,,,,,,,,,,,,,,,,0,0,,,,0.0,0.0,Tina A,5478,2026-09-18T13:58:41.031826,PANEL_EVENT,PANEL_CLOSED_START_QUESTION,Start Question Panel closed after YES.
EVENT,10.871,,,,,,,,,,,,,,,,,,,,,,,,,,,,,,,,0,0,,,,0.0,0.0,Tina A,5478,2026-09-18T13:58:41.044878,PANEL_EVENT,PANEL_OPENED_TRANSFER,Transfer Panel opened.
DATA,10.908,-6.0,0.439999878,-7.6,0.0,0.0,0.0,-6.0,-0.360000134,-6.0,0.0,0.0,0.0,-6.0,0.439999878,-7.6,0.0,0.0,0.0,-6.0,0.439999878,-7.6,0.0,0.0,0.0,0.0,0.0,0.0,0.0,0.0,0.0,1.0,0,0,0,0,0,0.0,0.0,Tina A,5478,2026-09-18T13:58:41.060123,,,
DATA,10.956,-6.0,0.439999878,-7.6,0.0,0.0,0.0,-6.0,-0.360000134,-6.0,0.0,0.0,0.0,-6.0,0.439999878,-7.6,0.0,0.0,0.0,-6.0,0.439999878,-7.6,0.0,0.0,0.0,0.0,0.0,0.0,0.0,0.0,0.0,1.0,0,0,0,0,0,0.0,0.0,Tina A,5478,2026-09-18T13:58:41.097662,,,
DATA,11.008,-6.0,0.439999878,-7.6,0.0,0.0,0.0,-6.0,-0.360000134,-6.0,0.0,0.0,0.0,-6.0,0.439999878,-7.6,0.0,0.0,0.0,-6.0,0.439999878,-7.6,0.0,0.0,0.0,0.0,0.0,0.0,0.0,0.0,0.0,1.0,0,0,0,0,0,0.0,0.0,Tina A,5478,2026-09-18T13:58:41.151232,,,
DATA,11.057,-6.0,0.439999878,-7.6,0.0,0.0,0.0,-6.0,-0.360000134,-6.0,0.0,0.0,0.0,-6.0,0.439999878,-7.6,0.0,0.0,0.0,-6.0,0.439999878,-7.6,0.0,0.0,0.0,0.0,0.0,0.0,0.0,0.0,0.0,1.0,0,0,0,0,0,0.0,0.0,Tina A,5478,2026-09-18T13:58:41.199628,,,
DATA,11.106,-6.0,0.439999878,-7.6,0.0,0.0,0.0,-6.0,-0.360000134,-6.0,0.0,0.0,0.0,-6.0,0.439999878,-7.6,0.0,0.0,0.0,-6.0,0.439999878,-7.6,0.0,0.0,0.0,0.0,0.0,0.0,0.0,0.0,0.0,0.0,0,0,0,0,0,0.0,0.0,Tina A,5478,2026-09-18T13:58:41.248202,,,
DATA,11.156,-6.0,0.439999878,-7.6,0.0,0.0,0.0,-6.0,-0.360000134,-6.0,0.0,0.0,0.0,-6.0,0.439999878,-7.6,0.0,0.0,0.0,-6.0,0.439999878,-7.6,0.0,0.0,0.0,0.0,0.0,0.0,0.0,0.0,0.0,0.0,0,0,0,0,0,0.0,0.0,Tina A,5478,2026-09-18T13:58:41.297581,,,
DATA,11.206,-6.0,0.439999878,-7.6,0.0,0.0,0.0,-6.0,-0.360000134,-6.0,0.0,0.0,0.0,-6.0,0.439999878,-7.6,0.0,0.0,0.0,-6.0,0.439999878,-7.6,0.0,0.0,0.0,0.0,0.0,0.0,0.0,0.0,0.0,0.0,0,0,0,0,0,0.0,0.0,Tina A,5478,2026-09-18T13:58:41.347010,,,
DATA,11.255,-6.0,0.439999878,-7.6,0.0,0.0,0.0,-6.0,-0.360000134,-6.0,0.0,0.0,0.0,-6.0,0.439999878,-7.6,0.0,0.0,0.0,-6.0,0.439999878,-7.6,0.0,0.0,0.0,0.0,0.0,0.0,0.0,0.0,0.0,0.0,0,0,0,0,0,0.0,0.0,Tina A,5478,2026-09-18T13:58:41.396360,,,
DATA,11.308,-6.0,0.439999878,-7.6,0.0,0.0,0.0,-6.0,-0.360000134,-6.0,0.0,0.0,0.0,-6.0,0.439999878,-7.6,0.0,0.0,0.0,-6.0,0.439999878,-7.6,0.0,0.0,0.0,0.0,0.0,0.0,0.0,0.0,0.0,0.0,0,0,0,0,0,0.0,0.0,Tina A,5478,2026-09-18T13:58:41.450857,,,
DATA,11.355,-6.0,0.439999878,-7.6,0.0,0.0,0.0,-6.0,-0.360000134,-6.0,0.0,0.0,0.0,-6.0,0.439999878,-7.6,0.0,0.0,0.0,-6.0,0.439999878,-7.6,0.0,0.0,0.0,0.0,0.0,0.0,0.0,0.0,0.0,0.0,0,0,0,0,0,0.0,0.0,Tina A,5478,2026-09-18T13:58:41.496814,,,
DATA,11.407,-6.0,0.439999878,-7.6,0.0,0.0,0.0,-6.0,-0.360000134,-6.0,0.0,0.0,0.0,-6.0,0.439999878,-7.6,0.0,0.0,0.0,-6.0,0.439999878,-7.6,0.0,0.0,0.0,0.0,0.0,0.0,0.0,0.0,0.0,0.0,0,0,0,0,0,0.0,0.0,Tina A,5478,2026-09-18T13:58:41.548064,,,
DATA,11.455,-6.0,0.439999878,-7.6,0.0,0.0,0.0,-6.0,-0.360000134,-6.0,0.0,0.0,0.0,-6.0,0.439999878,-7.6,0.0,0.0,0.0,-6.0,0.439999878,-7.6,0.0,0.0,0.0,0.0,0.0,0.0,0.0,0.0,0.0,0.0,0,0,0,0,0,0.0,0.0,Tina A,5478,2026-09-18T13:58:41.596361,,,
DATA,11.508,-6.0,0.439999878,-7.6,0.0,0.0,0.0,-6.0,-0.360000134,-6.0,0.0,0.0,0.0,-6.0,0.439999878,-7.6,0.0,0.0,0.0,-6.0,0.439999878,-7.6,0.0,0.0,0.0,0.0,0.0,0.0,0.0,0.0,0.0,0.0,0,0,0,0,0,0.0,0.0,Tina A,5478,2026-09-18T13:58:41.649158,,,
DATA,11.557,-6.0,0.439999878,-7.6,0.0,0.0,0.0,-6.0,-0.360000134,-6.0,0.0,0.0,0.0,-6.0,0.439999878,-7.6,0.0,0.0,0.0,-6.0,0.439999878,-7.6,0.0,0.0,0.0,0.0,0.0,0.0,0.0,0.0,0.0,0.0,0,0,0,0,0,0.0,0.0,Tina A,5478,2026-09-18T13:58:41.698703,,,
DATA,11.605,-6.0,0.439999878,-7.6,0.0,0.0,0.0,-6.0,-0.360000134,-6.0,0.0,0.0,0.0,-6.0,0.439999878,-7.6,0.0,0.0,0.0,-6.0,0.439999878,-7.6,0.0,0.0,0.0,0.0,0.0,0.0,0.0,0.0,0.0,0.0,0,0,0,0,0,0.0,0.0,Tina A,5478,2026-09-18T13:58:41.747036,,,
DATA,11.658,-6.0,0.439999878,-7.6,0.0,0.0,0.0,-6.0,-0.360000134,-6.0,0.0,0.0,0.0,-6.0,0.439999878,-7.6,0.0,0.0,0.0,-6.0,0.439999878,-7.6,0.0,0.0,0.0,0.0,0.0,0.0,0.0,0.0,0.0,0.0,0,0,0,0,0,0.0,0.0,Tina A,5478,2026-09-18T13:58:41.798287,,,
DATA,11.706,-6.0,0.439999878,-7.6,0.0,0.0,0.0,-6.0,-0.360000134,-6.0,0.0,0.0,0.0,-6.0,0.439999878,-7.6,0.0,0.0,0.0,-6.0,0.439999878,-7.6,0.0,0.0,0.0,0.0,0.0,0.0,0.0,0.0,0.0,0.0,0,0,0,0,0,0.0,0.0,Tina A,5478,2026-09-18T13:58:41.847671,,,
DATA,11.757,-6.0,0.439999878,-7.6,0.0,0.0,0.0,-6.0,-0.360000134,-6.0,0.0,0.0,0.0,-6.0,0.439999878,-7.6,0.0,0.0,0.0,-6.0,0.439999878,-7.6,0.0,0.0,0.0,0.0,0.0,0.0,0.0,0.0,0.0,0.0,0,0,0,0,0,0.0,0.0,Tina A,5478,2026-09-18T13:58:41.899216,,,
DATA,11.806,-6.0,0.439999878,-7.6,0.0,0.0,0.0,-6.0,-0.360000134,-6.0,0.0,0.0,0.0,-6.0,0.439999878,-7.6,0.0,0.0,0.0,-6.0,0.439999878,-7.6,0.0,0.0,0.0,0.0,0.0,0.0,0.0,0.0,0.0,0.0,0,0,0,0,0,0.0,0.0,Tina A,5478,2026-09-18T13:58:41.948966,,,
DATA,11.858,-6.0,0.439999878,-7.6,0.0,0.0,0.0,-6.0,-0.360000134,-6.0,0.0,0.0,0.0,-6.0,0.439999878,-7.6,0.0,0.0,0.0,-6.0,0.439999878,-7.6,0.0,0.0,0.0,0.0,0.0,0.0,0.0,0.0,0.0,0.0,0,0,0,0,0,0.0,0.0,Tina A,5478,2026-09-18T13:58:41.999923,,,
DATA,11.909,-6.0,0.439999878,-7.6,0.0,0.0,0.0,-6.0,-0.360000134,-6.0,0.0,0.0,0.0,-6.0,0.439999878,-7.6,0.0,0.0,0.0,-6.0,0.439999878,-7.6,0.0,0.0,0.0,0.0,0.0,0.0,0.0,0.0,0.0,0.0,0,0,0,0,0,0.0,0.0,Tina A,5478,2026-09-18T13:58:42.049433,,,
DATA,11.956,-6.0,0.439999878,-7.6,0.0,0.0,0.0,-6.0,-0.360000134,-6.0,0.0,0.0,0.0,-6.0,0.439999878,-7.6,0.0,0.0,0.0,-6.0,0.439999878,-7.6,0.0,0.0,0.0,0.0,0.0,0.0,0.0,0.0,0.0,0.0,0,0,0,0,0,0.0,0.0,Tina A,5478,2026-09-18T13:58:42.097766,,,
DATA,12.009,-6.0,0.439999878,-7.6,0.0,0.0,0.0,-6.0,-0.360000134,-6.0,0.0,0.0,0.0,-6.0,0.439999878,-7.6,0.0,0.0,0.0,-6.0,0.439999878,-7.6,0.0,0.0,0.0,0.0,0.0,0.0,0.0,0.0,0.0,0.0,0,0,0,0,0,0.0,0.0,Tina A,5478,2026-09-18T13:58:42.150488,,,
DATA,12.055,-6.0,0.439999878,-7.6,0.0,0.0,0.0,-6.0,-0.360000134,-6.0,0.0,0.0,0.0,-6.0,0.439999878,-7.6,0.0,0.0,0.0,-6.0,0.439999878,-7.6,0.0,0.0,0.0,0.0,0.0,0.0,0.0,0.0,0.0,0.0,0,0,0,0,0,0.0,0.0,Tina A,5478,2026-09-18T13:58:42.196616,,,
DATA,12.106,-6.0,0.439999878,-7.6,0.0,0.0,0.0,-6.0,-0.360000134,-6.0,0.0,0.0,0.0,-6.0,0.439999878,-7.6,0.0,0.0,0.0,-6.0,0.439999878,-7.6,0.0,0.0,0.0,0.0,0.0,0.0,0.0,0.0,0.0,0.0,0,0,0,0,0,0.0,0.0,Tina A,5478,2026-09-18T13:58:42.247530,,,
DATA,12.158,-6.0,0.439999878,-7.6,0.0,0.0,0.0,-6.0,-0.360000134,-6.0,0.0,0.0,0.0,-6.0,0.439999878,-7.6,0.0,0.0,0.0,-6.0,0.439999878,-7.6,0.0,0.0,0.0,0.0,0.0,0.0,0.0,0.0,0.0,0.0,0,0,0,0,0,0.0,0.0,Tina A,5478,2026-09-18T13:58:42.298689,,,
DATA,12.206,-6.0,0.439999878,-7.6,0.0,0.0,0.0,-6.0,-0.360000134,-6.0,0.0,0.0,0.0,-6.0,0.439999878,-7.6,0.0,0.0,0.0,-6.0,0.439999878,-7.6,0.0,0.0,0.0,0.0,0.0,0.0,0.0,0.0,0.0,0.0,0,0,0,0,0,0.0,0.0,Tina A,5478,2026-09-18T13:58:42.346324,,,
DATA,12.255,-6.0,0.439999878,-7.6,0.0,0.0,0.0,-6.0,-0.360000134,-6.0,0.0,0.0,0.0,-6.0,0.439999878,-7.6,0.0,0.0,0.0,-6.0,0.439999878,-7.6,0.0,0.0,0.0,0.0,0.0,0.0,0.0,0.0,0.0,0.0,0,0,0,0,0,0.0,0.0,Tina A,5478,2026-09-18T13:58:42.396560,,,
DATA,12.309,-6.0,0.439999878,-7.6,0.0,0.0,0.0,-6.0,-0.360000134,-6.0,0.0,0.0,0.0,-6.0,0.439999878,-7.6,0.0,0.0,0.0,-6.0,0.439999878,-7.6,0.0,0.0,0.0,0.0,0.0,0.0,0.0,0.0,0.0,0.0,0,0,0,0,0,0.0,0.0,Tina A,5478,2026-09-18T13:58:42.448823,,,
DATA,12.356,-6.0,0.439999878,-7.6,0.0,0.0,0.0,-6.0,-0.360000134,-6.0,0.0,0.0,0.0,-6.0,0.439999878,-7.6,0.0,0.0,0.0,-6.0,0.439999878,-7.6,0.0,0.0,0.0,0.0,0.0,0.0,0.0,0.0,0.0,0.0,0,0,0,0,0,0.0,0.0,Tina A,5478,2026-09-18T13:58:42.497477,,,
DATA,12.406,-6.0,0.439999878,-7.6,0.0,0.0,0.0,-6.0,-0.360000134,-6.0,0.0,0.0,0.0,-6.0,0.439999878,-7.6,0.0,0.0,0.0,-6.0,0.439999878,-7.6,0.0,0.0,0.0,0.0,0.0,0.0,0.0,0.0,0.0,0.0,0,0,0,0,0,0.0,0.0,Tina A,5478,2026-09-18T13:58:42.546849,,,
DATA,12.457,-6.0,0.439999878,-7.6,0.0,0.0,0.0,-6.0,-0.360000134,-6.0,0.0,0.0,0.0,-6.0,0.439999878,-7.6,0.0,0.0,0.0,-6.0,0.439999878,-7.6,0.0,0.0,0.0,0.0,0.0,0.0,0.0,0.0,0.0,0.0,0,0,0,0,0,0.0,0.0,Tina A,5478,2026-09-18T13:58:42.597693,,,
DATA,12.506,-6.0,0.439999878,-7.6,0.0,0.0,0.0,-6.0,-0.360000134,-6.0,0.0,0.0,0.0,-6.0,0.439999878,-7.6,0.0,0.0,0.0,-6.0,0.439999878,-7.6,0.0,0.0,0.0,0.0,0.0,0.0,0.0,0.0,0.0,0.0,0,0,0,0,0,0.0,0.0,Tina A,5478,2026-09-18T13:58:42.646665,,,
DATA,12.558,-6.0,0.439999878,-7.6,0.0,0.0,0.0,-6.0,-0.360000134,-6.0,0.0,0.0,0.0,-6.0,0.439999878,-7.6,0.0,0.0,0.0,-6.0,0.439999878,-7.6,0.0,0.0,0.0,0.0,0.0,0.0,0.0,0.0,0.0,0.0,0,0,0,0,0,0.0,0.0,Tina A,5478,2026-09-18T13:58:42.698564,,,
DATA,12.607,-6.0,0.439999878,-7.6,0.0,0.0,0.0,-6.0,-0.360000134,-6.0,0.0,0.0,0.0,-6.0,0.439999878,-7.6,0.0,0.0,0.0,-6.0,0.439999878,-7.6,0.0,0.0,0.0,0.0,0.0,0.0,0.0,0.0,0.0,0.0,0,0,0,0,0,0.0,0.0,Tina A,5478,2026-09-18T13:58:42.748355,,,
DATA,12.658,-6.0,0.439999878,-7.6,0.0,0.0,0.0,-6.0,-0.360000134,-6.0,0.0,0.0,0.0,-6.0,0.439999878,-7.6,0.0,0.0,0.0,-6.0,0.439999878,-7.6,0.0,0.0,0.0,0.0,0.0,0.0,0.0,0.0,0.0,0.0,0,0,0,0,0,0.0,0.0,Tina A,5478,2026-09-18T13:58:42.799043,,,
DATA,12.707,-6.0,0.439999878,-7.6,0.0,0.0,0.0,-6.0,-0.360000134,-6.0,0.0,0.0,0.0,-6.0,0.439999878,-7.6,0.0,0.0,0.0,-6.0,0.439999878,-7.6,0.0,0.0,0.0,0.0,0.0,0.0,0.0,0.0,0.0,0.0,0,0,0,0,0,0.0,0.0,Tina A,5478,2026-09-18T13:58:42.848165,,,
DATA,12.755,-6.0,0.439999878,-7.6,0.0,0.0,0.0,-6.0,-0.360000134,-6.0,0.0,0.0,0.0,-6.0,0.439999878,-7.6,0.0,0.0,0.0,-6.0,0.439999878,-7.6,0.0,0.0,0.0,0.0,0.0,0.0,0.0,0.0,0.0,0.0,0,0,0,0,0,0.0,0.0,Tina A,5478,2026-09-18T13:58:42.897838,,,
DATA,12.805,-6.0,0.439999878,-7.6,0.0,0.0,0.0,-6.0,-0.360000134,-6.0,0.0,0.0,0.0,-6.0,0.439999878,-7.6,0.0,0.0,0.0,-6.0,0.439999878,-7.6,0.0,0.0,0.0,0.0,0.0,0.0,0.0,0.0,0.0,0.0,0,0,0,0,0,0.0,0.0,Tina A,5478,2026-09-18T13:58:42.946138,,,
DATA,12.855,-6.0,0.439999878,-7.6,0.0,0.0,0.0,-6.0,-0.360000134,-6.0,0.0,0.0,0.0,-6.0,0.439999878,-7.6,0.0,0.0,0.0,-6.0,0.439999878,-7.6,0.0,0.0,0.0,0.0,0.0,0.0,0.0,0.0,0.0,0.0,0,0,0,0,0,0.0,0.0,Tina A,5478,2026-09-18T13:58:42.995542,,,
DATA,12.906,-6.0,0.439999878,-7.6,0.0,0.0,0.0,-6.0,-0.360000134,-6.0,0.0,0.0,0.0,-6.0,0.439999878,-7.6,0.0,0.0,0.0,-6.0,0.439999878,-7.6,0.0,0.0,0.0,0.0,0.0,0.0,0.0,0.0,0.0,0.0,0,0,0,0,0,0.0,0.0,Tina A,5478,2026-09-18T13:58:43.047564,,,
DATA,12.956,-6.0,0.439999878,-7.6,0.0,0.0,0.0,-6.0,-0.360000134,-6.0,0.0,0.0,0.0,-6.0,0.439999878,-7.6,0.0,0.0,0.0,-6.0,0.439999878,-7.6,0.0,0.0,0.0,0.0,0.0,0.0,0.0,0.0,0.0,0.0,0,0,0,0,0,0.0,0.0,Tina A,5478,2026-09-18T13:58:43.097645,,,
DATA,13.007,-6.0,0.439999878,-7.6,0.0,0.0,0.0,-6.0,-0.360000134,-6.0,0.0,0.0,0.0,-6.0,0.439999878,-7.6,0.0,0.0,0.0,-6.0,0.439999878,-7.6,0.0,0.0,0.0,0.0,0.0,0.0,0.0,0.0,0.0,0.0,0,0,0,0,0,0.0,0.0,Tina A,5478,2026-09-18T13:58:43.149457,,,
DATA,13.056,-6.0,0.439999878,-7.6,0.0,0.0,0.0,-6.0,-0.360000134,-6.0,0.0,0.0,0.0,-6.0,0.439999878,-7.6,0.0,0.0,0.0,-6.0,0.439999878,-7.6,0.0,0.0,0.0,0.0,0.0,1.0,0.0,0.0,0.0,0.0,0,0,0,0,0,0.0,0.0,Tina A,5478,2026-09-18T13:58:43.196693,,,
DATA,13.106,-6.0,0.439999878,-7.6,0.0,0.0,0.0,-6.0,-0.360000134,-6.0,0.0,0.0,0.0,-6.0,0.439999878,-7.6,0.0,0.0,0.0,-6.0,0.439999878,-7.6,0.0,0.0,0.0,0.0,0.0,1.0,0.0,0.0,0.0,0.0,0,0,0,0,0,0.0,0.0,Tina A,5478,2026-09-18T13:58:43.248016,,,
DATA,13.157,-6.0,0.439999878,-7.6,0.0,0.0,0.0,-6.0,-0.360000134,-6.0,0.0,0.0,0.0,-6.0,0.439999878,-7.6,0.0,0.0,0.0,-6.0,0.439999878,-7.6,0.0,0.0,0.0,0.0,0.0,1.0,0.0,0.0,0.0,0.0,0,0,0,0,0,0.0,0.0,Tina A,5478,2026-09-18T13:58:43.298128,,,
DATA,13.207,-6.0,0.439999878,-7.6,0.0,0.0,0.0,-6.0,-0.360000134,-6.0,0.0,0.0,0.0,-6.0,0.439999878,-7.6,0.0,0.0,0.0,-6.0,0.439999878,-7.6,0.0,0.0,0.0,0.0,0.0,1.0,0.0,0.0,0.0,0.0,0,0,0,0,0,0.0,0.0,Tina A,5478,2026-09-18T13:58:43.348838,,,
DATA,13.254,-6.0,0.439999878,-7.6,0.0,0.0,0.0,-6.0,-0.360000134,-6.0,0.0,0.0,0.0,-6.0,0.439999878,-7.6,0.0,0.0,0.0,-6.0,0.439999878,-7.6,0.0,0.0,0.0,0.0,0.0,0.0,0.0,0.0,0.0,0.0,0,0,0,0,0,0.0,0.0,Tina A,5478,2026-09-18T13:58:43.397683,,,
DATA,13.307,-6.0,0.439999878,-7.6,0.0,0.0,0.0,-6.0,-0.360000134,-6.0,0.0,0.0,0.0,-6.0,0.439999878,-7.6,0.0,0.0,0.0,-6.0,0.439999878,-7.6,0.0,0.0,0.0,0.0,0.0,0.0,0.0,0.0,0.0,0.0,0,0,0,0,0,0.0,0.0,Tina A,5478,2026-09-18T13:58:43.448481,,,
DATA,13.358,-6.0,0.439999878,-7.6,0.0,0.0,0.0,-6.0,-0.360000134,-6.0,0.0,0.0,0.0,-6.0,0.439999878,-7.6,0.0,0.0,0.0,-6.0,0.439999878,-7.6,0.0,0.0,0.0,0.0,0.0,0.0,0.0,0.0,0.0,0.0,0,0,0,0,0,0.0,0.0,Tina A,5478,2026-09-18T13:58:43.499217,,,
DATA,13.408,-6.0,0.439999878,-7.6,0.0,0.0,0.0,-6.0,-0.360000134,-6.0,0.0,0.0,0.0,-6.0,0.439999878,-7.6,0.0,0.0,0.0,-6.0,0.439999878,-7.6,0.0,0.0,0.0,0.0,0.0,0.0,0.0,0.0,0.0,0.0,0,0,0,0,0,0.0,0.0,Tina A,5478,2026-09-18T13:58:43.549325,,,
DATA,13.459,-6.0,0.439999878,-7.6,0.0,0.0,0.0,-6.0,-0.360000134,-6.0,0.0,0.0,0.0,-6.0,0.439999878,-7.6,0.0,0.0,0.0,-6.0,0.439999878,-7.6,0.0,0.0,0.0,0.0,0.0,0.0,0.0,0.0,0.0,0.0,0,0,0,0,0,0.0,0.0,Tina A,5478,2026-09-18T13:58:43.601394,,,
DATA,13.507,-6.0,0.439999878,-7.6,0.0,0.0,0.0,-6.0,-0.360000134,-6.0,0.0,0.0,0.0,-6.0,0.439999878,-7.6,0.0,0.0,0.0,-6.0,0.439999878,-7.6,0.0,0.0,0.0,0.0,0.0,0.0,0.0,0.0,0.0,0.0,0,0,0,0,0,0.0,0.0,Tina A,5478,2026-09-18T13:58:43.647392,,,
DATA,13.557,-6.0,0.439999878,-7.6,0.0,0.0,0.0,-6.0,-0.360000134,-6.0,0.0,0.0,0.0,-6.0,0.439999878,-7.6,0.0,0.0,0.0,-6.0,0.439999878,-7.6,0.0,0.0,0.0,0.0,0.0,0.0,0.0,0.0,0.0,0.0,0,0,0,0,0,0.0,0.0,Tina A,5478,2026-09-18T13:58:43.698659,,,
DATA,13.605,-6.0,0.439999878,-7.6,0.0,0.0,0.0,-6.0,-0.360000134,-6.0,0.0,0.0,0.0,-6.0,0.439999878,-7.6,0.0,0.0,0.0,-6.0,0.439999878,-7.6,0.0,0.0,0.0,0.0,0.0,0.0,0.0,0.0,0.0,0.0,0,0,0,0,0,0.0,0.0,Tina A,5478,2026-09-18T13:58:43.745893,,,
DATA,13.656,-6.0,0.439999878,-7.6,0.0,0.0,0.0,-6.0,-0.360000134,-6.0,0.0,0.0,0.0,-6.0,0.439999878,-7.6,0.0,0.0,0.0,-6.0,0.439999878,-7.6,0.0,0.0,0.0,0.0,0.0,0.0,0.0,0.0,0.0,0.0,0,0,0,0,0,0.0,0.0,Tina A,5478,2026-09-18T13:58:43.798188,,,
DATA,13.706,-6.0,0.439999878,-7.6,0.0,0.0,0.0,-6.0,-0.360000134,-6.0,0.0,0.0,0.0,-6.0,0.439999878,-7.6,0.0,0.0,0.0,-6.0,0.439999878,-7.6,0.0,0.0,0.0,0.0,0.0,0.0,0.0,0.0,0.0,0.0,0,0,0,0,0,0.0,0.0,Tina A,5478,2026-09-18T13:58:43.847365,,,
DATA,13.756,-6.0,0.439999878,-7.6,0.0,0.0,0.0,-6.0,-0.360000134,-6.0,0.0,0.0,0.0,-6.0,0.439999878,-7.6,0.0,0.0,0.0,-6.0,0.439999878,-7.6,0.0,0.0,0.0,0.0,0.0,0.0,0.0,0.0,0.0,0.0,0,0,0,0,0,0.0,0.0,Tina A,5478,2026-09-18T13:58:43.897640,,,
DATA,13.806,-6.0,0.439999878,-7.6,0.0,0.0,0.0,-6.0,-0.360000134,-6.0,0.0,0.0,0.0,-6.0,0.439999878,-7.6,0.0,0.0,0.0,-6.0,0.439999878,-7.6,0.0,0.0,0.0,0.0,0.0,0.0,0.0,0.0,0.0,0.0,0,0,0,0,0,0.0,0.0,Tina A,5478,2026-09-18T13:58:43.947272,,,
DATA,13.856,-6.0,0.439999878,-7.6,0.0,0.0,0.0,-6.0,-0.360000134,-6.0,0.0,0.0,0.0,-6.0,0.439999878,-7.6,0.0,0.0,0.0,-6.0,0.439999878,-7.6,0.0,0.0,0.0,0.0,0.0,0.0,0.0,0.0,0.0,0.0,0,0,0,0,0,0.0,0.0,Tina A,5478,2026-09-18T13:58:43.997487,,,
DATA,13.909,-6.0,0.439999878,-7.6,0.0,0.0,0.0,-6.0,-0.360000134,-6.0,0.0,0.0,0.0,-6.0,0.439999878,-7.6,0.0,0.0,0.0,-6.0,0.439999878,-7.6,0.0,0.0,0.0,0.0,0.0,0.0,0.0,0.0,0.0,0.0,0,0,0,0,0,0.0,0.0,Tina A,5478,2026-09-18T13:58:44.050186,,,
DATA,13.957,-6.0,0.439999878,-7.6,0.0,0.0,0.0,-6.0,-0.360000134,-6.0,0.0,0.0,0.0,-6.0,0.439999878,-7.6,0.0,0.0,0.0,-6.0,0.439999878,-7.6,0.0,0.0,0.0,0.0,0.0,0.0,0.0,0.0,0.0,0.0,0,0,0,0,0,0.0,0.0,Tina A,5478,2026-09-18T13:58:44.098570,,,
DATA,14.008,-6.0,0.439999878,-7.6,0.0,0.0,0.0,-6.0,-0.360000134,-6.0,0.0,0.0,0.0,-6.0,0.439999878,-7.6,0.0,0.0,0.0,-6.0,0.439999878,-7.6,0.0,0.0,0.0,0.0,0.0,0.0,0.0,0.0,0.0,0.0,0,0,0,0,0,0.0,0.0,Tina A,5478,2026-09-18T13:58:44.149651,,,
DATA,14.057,-6.0,0.439999878,-7.6,0.0,0.0,0.0,-6.0,-0.360000134,-6.0,0.0,0.0,0.0,-6.0,0.439999878,-7.6,0.0,0.0,0.0,-6.0,0.439999878,-7.6,0.0,0.0,0.0,0.0,0.0,0.0,0.0,0.0,0.0,0.0,0,0,0,0,0,0.0,0.0,Tina A,5478,2026-09-18T13:58:44.198761,,,
EVENT,14.072,,,,,,,,,,,,,,,,,,,,,,,,,,,,,,,,0,0,,,,0.0,0.0,Tina A,5478,2026-09-18T13:58:44.223441,PANEL_EVENT,PANEL_CLOSED_TRANSFER,Transfer Panel closed.
EVENT,14.073,,,,,,,,,,,,,,,,,,,,,,,,,,,,,,,,0,0,,,,0.0,0.0,Tina A,5478,2026-09-18T13:58:44.410440,GAME_EVENT,GAME_STARTED,
EVENT,14.084,,,,,,,,,,,,,,,,,,,,,,,,,,,,,,,,1,1,,,,0.0,0.0,Tina A,5478,2026-09-18T13:58:44.429436,GAME_EVENT,MAZE_STARTED,Maze=1; Attempt=1
DATA,14.225,-10.0,0.8,-11.6,0.0,0.0,0.0,-10.0,0.0,-10.0,0.0,0.0,0.0,-10.0,0.8,-11.6,0.0,0.0,0.0,-10.0,0.8,-11.6,0.0,0.0,0.0,0.0,0.0,0.0,0.0,0.0,0.0,0.0,1,1,0,15,0,0.1486826,0.1486826,Tina A,5478,2026-09-18T13:58:44.448001,,,
DATA,14.26,-10.0,0.8,-11.6,0.0,0.0,0.0,-10.0,0.0,-10.0,0.0,0.0,0.0,-10.0,0.8,-11.6,0.0,0.0,0.0,-10.0,0.8,-11.6,0.0,0.0,0.0,0.0,0.0,0.0,0.0,0.0,0.0,0.0,1,1,0,15,0,0.189454079,0.189454079,Tina A,5478,2026-09-18T13:58:44.466185,,,
DATA,14.273,-10.0,0.783693,-11.6,0.0,0.0,0.0,-10.0,-0.0163069963,-10.0,0.0,0.0,0.0,-10.0,0.783693,-11.6,0.0,0.0,0.0,-10.0,0.783693,-11.6,0.0,0.0,0.0,0.0,0.0,0.0,0.0,0.0,0.0,0.0,1,1,0,15,0,0.201709747,0.201709747,Tina A,5478,2026-09-18T13:58:44.482776,,,
DATA,14.279,-10.0,0.7773176,-11.6,0.0,0.0,0.0,-10.0,-0.0226824284,-10.0,0.0,0.0,0.0,-10.0,0.7773176,-11.6,0.0,0.0,0.0,-10.0,0.7773176,-11.6,0.0,0.0,0.0,0.0,0.0,0.0,0.0,0.0,0.0,0.0,1,1,0,15,0,0.207812309,0.207812309,Tina A,5478,2026-09-18T13:58:44.499514,,,
DATA,14.311,-10.0,0.7551713,-11.6,0.0,0.0,0.0,-10.0,-0.0448287129,-10.0,0.0,0.0,0.0,-10.0,0.7551713,-11.6,0.0,0.0,0.0,-10.0,0.7551713,-11.6,0.0,0.0,0.0,0.0,0.0,0.0,0.0,0.0,0.0,0.0,1,1,0,15,0,0.239572525,0.239572525,Tina A,5478,2026-09-18T13:58:44.517432,,,
DATA,14.357,-10.0,0.702709138,-11.6,0.0,0.0,0.0,-10.0,-0.09729087,-10.0,0.0,0.0,0.0,-10.0,0.702709138,-11.6,0.0,0.0,0.0,-10.0,0.702709138,-11.6,0.0,0.0,0.0,0.0,0.0,0.0,0.0,0.0,0.0,0.0,1,1,0,15,0,0.28619957,0.28619957,Tina A,5478,2026-09-18T13:58:44.535935,,,
DATA,14.41,-10.0,0.64,-11.6,0.0,0.0,0.0,-10.0,-0.160000026,-10.0,0.0,0.0,0.0,-10.0,0.64,-11.6,0.0,0.0,0.0,-10.0,0.64,-11.6,0.0,0.0,0.0,0.0,0.0,0.0,0.0,0.0,0.0,0.0,1,1,0,15,0,0.338559151,0.338559151,Tina A,5478,2026-09-18T13:58:44.552458,,,
DATA,14.459,-10.0,0.64,-11.6,0.0,0.0,0.0,-10.0,-0.160000026,-10.0,0.0,0.0,0.0,-10.0,0.64,-11.6,0.0,0.0,0.0,-10.0,0.64,-11.6,0.0,0.0,0.0,0.0,0.0,0.0,0.0,0.0,0.0,0.0,1,1,0,15,0,0.38825798,0.38825798,Tina A,5478,2026-09-18T13:58:44.595740,,,
DATA,14.506,-10.0,0.64,-11.6,0.0,0.0,0.0,-10.0,-0.160000026,-10.0,0.0,0.0,0.0,-10.0,0.64,-11.6,0.0,0.0,0.0,-10.0,0.64,-11.6,0.0,0.0,0.0,0.0,0.0,0.0,0.0,0.0,0.0,0.0,1,1,0,15,0,0.434559822,0.434559822,Tina A,5478,2026-09-18T13:58:44.648303,,,
DATA,14.559,-10.0,0.6399999,-11.6,0.0,0.0,0.0,-10.0,-0.160000086,-10.0,0.0,0.0,0.0,-10.0,0.6399999,-11.6,0.0,0.0,0.0,-10.0,0.6399999,-11.6,0.0,0.0,0.0,0.0,0.0,0.0,0.0,0.0,0.0,0.0,1,1,0,15,0,0.487659454,0.487659454,Tina A,5478,2026-09-18T13:58:44.700521,,,
DATA,14.606,-10.0,0.6399999,-11.6,0.0,0.0,0.0,-10.0,-0.160000086,-10.0,0.0,0.0,0.0,-10.0,0.6399999,-11.6,0.0,0.0,0.0,-10.0,0.6399999,-11.6,0.0,0.0,0.0,0.0,0.0,0.0,0.0,0.0,0.0,0.0,1,1,0,15,0,0.5347357,0.5347357,Tina A,5478,2026-09-18T13:58:44.748393,,,
DATA,14.656,-10.0,0.6399999,-11.6,0.0,0.0,0.0,-10.0,-0.160000086,-10.0,0.0,0.0,0.0,-10.0,0.6399999,-11.6,0.0,0.0,0.0,-10.0,0.6399999,-11.6,0.0,0.0,0.0,0.0,0.0,1.0,0.0,0.0,0.0,0.0,1,1,0,15,0,0.5853348,0.5853348,Tina A,5478,2026-09-18T13:58:44.793978,,,
DATA,14.707,-10.0,0.64,-11.4229374,0.0,0.0,0.0,-10.0,-0.160000026,-9.822937,0.0,0.0,0.0,-10.0,0.64,-11.4229374,0.0,0.0,0.0,-10.0,0.64,-11.4229374,0.0,0.0,0.0,0.0,0.0,1.0,0.0,0.0,0.0,0.0,1,1,0,15,0,0.6351528,0.6351528,Tina A,5478,2026-09-18T13:58:44.848549,,,
DATA,14.759,-10.0,0.64,-11.2377224,0.0,0.0,0.0,-10.0,-0.160000026,-9.637722,0.0,0.0,0.0,-10.0,0.64,-11.2377224,0.0,0.0,0.0,-10.0,0.64,-11.2377224,0.0,0.0,0.0,0.0,0.0,1.0,0.0,0.0,0.0,0.0,1,1,0,15,0,0.688015938,0.688015938,Tina A,5478,2026-09-18T13:58:44.900826,,,
DATA,14.809,-10.0,0.64,-11.0650539,0.0,0.0,0.0,-10.0,-0.160000026,-9.465054,0.0,0.0,0.0,-10.0,0.64,-11.0650539,0.0,0.0,0.0,-10.0,0.64,-11.0650539,0.0,0.0,0.0,0.0,0.0,1.0,0.0,0.0,0.0,0.0,1,1,0,15,0,0.737309456,0.737309456,Tina A,5478,2026-09-18T13:58:44.950473,,,
DATA,14.856,-10.0,0.64,-10.8987246,0.0,0.0,0.0,-10.0,-0.160000026,-9.298724,0.0,0.0,0.0,-10.0,0.64,-10.8987246,0.0,0.0,0.0,-10.0,0.64,-10.8987246,0.0,0.0,0.0,0.0,0.0,1.0,0.0,0.0,0.0,0.0,1,1,0,15,0,0.7844763,0.7844763,Tina A,5478,2026-09-18T13:58:44.997595,,,
DATA,14.906,-10.0,0.6399999,-10.7213936,0.0,0.0,0.0,-10.0,-0.160000086,-9.121393,0.0,0.0,0.0,-10.0,0.6399999,-10.7213936,0.0,0.0,0.0,-10.0,0.6399999,-10.7213936,0.0,0.0,0.0,0.0,0.0,1.0,0.0,0.0,0.0,0.0,1,1,0,15,0,0.8355961,0.8355961,Tina A,5478,2026-09-18T13:58:45.048512,,,
DATA,14.958,-10.0,0.64,-10.5443144,0.0,0.0,0.0,-10.0,-0.160000026,-8.944314,0.0,0.0,0.0,-10.0,0.64,-10.5443144,0.0,0.0,0.0,-10.0,0.64,-10.5443144,0.0,0.0,0.0,0.0,0.0,1.0,0.0,0.0,0.0,0.0,1,1,0,15,0,0.886757851,0.886757851,Tina A,5478,2026-09-18T13:58:45.100203,,,
DATA,15.008,-10.0,0.64,-10.3664732,0.0,0.0,0.0,-10.0,-0.160000026,-8.766473,0.0,0.0,0.0,-10.0,0.64,-10.3664732,0.0,0.0,0.0,-10.0,0.64,-10.3664732,0.0,0.0,0.0,0.0,0.0,1.0,0.0,0.0,0.0,0.0,1,1,0,15,0,0.9370737,0.9370737,Tina A,5478,2026-09-18T13:58:45.150081,,,
DATA,15.055,-10.0,0.64,-10.2012634,0.0,0.0,0.0,-10.0,-0.160000026,-8.601263,0.0,0.0,0.0,-10.0,0.64,-10.2012634,0.0,0.0,0.0,-10.0,0.64,-10.2012634,0.0,0.0,0.0,0.0,0.0,1.0,0.0,0.0,0.0,0.0,1,1,0,15,0,0.983984947,0.983984947,Tina A,5478,2026-09-18T13:58:45.196541,,,
DATA,15.106,-10.0,0.64,-10.0226145,0.0,0.0,0.0,-10.0,-0.160000026,-8.422614,0.0,0.0,0.0,-10.0,0.64,-10.0226145,0.0,0.0,0.0,-10.0,0.64,-10.0226145,0.0,0.0,0.0,0.0,0.0,1.0,0.0,0.0,0.0,0.0,1,1,0,15,0,1.03552437,1.03552437,Tina A,5478,2026-09-18T13:58:45.249204,,,
DATA,15.159,-10.0,0.64,-9.83954,0.0,0.0,0.0,-10.0,-0.160000026,-8.239539,0.0,0.0,0.0,-10.0,0.64,-9.83954,0.0,0.0,0.0,-10.0,0.64,-9.83954,0.0,0.0,0.0,0.0,0.0,1.0,0.0,0.0,0.0,0.0,1,1,0,15,0,1.08861065,1.08861065,Tina A,5478,2026-09-18T13:58:45.301356,,,
DATA,15.206,-10.0,0.6399999,-9.671461,0.0,0.0,0.0,-10.0,-0.160000086,-8.071461,0.0,0.0,0.0,-10.0,0.6399999,-9.671461,0.0,0.0,0.0,-10.0,0.6399999,-9.671461,0.0,0.0,0.0,0.0,0.0,1.0,0.0,0.0,0.0,0.0,1,1,0,15,0,1.13549423,1.13549423,Tina A,5478,2026-09-18T13:58:45.348683,,,
DATA,15.259,-10.0,0.64,-9.490144,0.0,0.0,0.0,-10.0,-0.160000026,-7.890144,0.0,0.0,0.0,-10.0,0.64,-9.490144,0.0,0.0,0.0,-10.0,0.64,-9.490144,0.0,0.0,0.0,0.0,0.0,1.0,0.0,0.0,0.0,0.0,1,1,0,15,0,1.1875248,1.1875248,Tina A,5478,2026-09-18T13:58:45.400488,,,
DATA,15.309,-10.0,0.64,-9.315859,0.0,0.0,0.0,-10.0,-0.160000026,-7.715859,0.0,0.0,0.0,-10.0,0.64,-9.315859,0.0,0.0,0.0,-10.0,0.64,-9.315859,0.0,0.0,0.0,0.0,0.0,1.0,0.0,0.0,0.0,0.0,1,1,0,15,0,1.23732662,1.23732662,Tina A,5478,2026-09-18T13:58:45.450911,,,
DATA,15.357,-10.0,0.64,-9.143441,0.0,0.0,0.0,-10.0,-0.160000026,-7.5434413,0.0,0.0,0.0,-10.0,0.64,-9.143441,0.0,0.0,0.0,-10.0,0.64,-9.143441,0.0,0.0,0.0,0.0,0.0,1.0,0.0,0.0,0.0,0.0,1,1,0,15,0,1.28619194,1.28619194,Tina A,5478,2026-09-18T13:58:45.499239,,,
DATA,15.405,-10.0,0.64,-8.979793,0.0,0.0,0.0,-10.0,-0.160000026,-7.379792,0.0,0.0,0.0,-10.0,0.64,-8.979793,0.0,0.0,0.0,-10.0,0.64,-8.979793,0.0,0.0,0.0,0.0,0.0,1.0,0.0,0.0,0.0,0.0,1,1,0,15,0,1.33385849,1.33385849,Tina A,5478,2026-09-18T13:58:45.542419,,,
DATA,15.455,-10.0,0.64,-8.80088,0.0,0.0,0.0,-10.0,-0.160000026,-7.20088053,0.0,0.0,0.0,-10.0,0.64,-8.80088,0.0,0.0,0.0,-10.0,0.64,-8.80088,0.0,0.0,0.0,0.0,0.0,1.0,0.0,0.0,0.0,0.0,1,1,0,15,0,1.38428783,1.38428783,Tina A,5478,2026-09-18T13:58:45.597822,,,
DATA,15.507,-10.0,0.64,-8.620712,0.0,0.0,0.0,-10.0,-0.160000026,-7.02071238,0.0,0.0,0.0,-10.0,0.64,-8.620712,0.0,0.0,0.0,-10.0,0.64,-8.620712,0.0,0.0,0.0,0.0,0.0,1.0,0.0,0.0,0.0,0.0,1,1,0,15,0,1.435708,1.435708,Tina A,5478,2026-09-18T13:58:45.649436,,,
DATA,15.558,-10.0,0.64,-8.443067,0.0,0.0,0.0,-10.0,-0.160000026,-6.84306669,0.0,0.0,0.0,-10.0,0.64,-8.443067,0.0,0.0,0.0,-10.0,0.64,-8.443067,0.0,0.0,0.0,0.0,0.0,1.0,0.0,0.0,0.0,0.0,1,1,0,15,0,1.48673916,1.48673916,Tina A,5478,2026-09-18T13:58:45.700320,,,
DATA,15.609,-10.0,0.64,-8.264173,0.0,0.0,0.0,-10.0,-0.160000026,-6.66417265,0.0,0.0,0.0,-10.0,0.64,-8.264173,0.0,0.0,0.0,-10.0,0.64,-8.264173,0.0,0.0,0.0,0.0,0.0,1.0,0.0,0.0,0.0,0.0,1,1,0,15,0,1.53787231,1.53787231,Tina A,5478,2026-09-18T13:58:45.750510,,,
DATA,15.659,-10.0,0.6399999,-8.088566,0.0,0.0,0.0,-10.0,-0.160000086,-6.48856544,0.0,0.0,0.0,-10.0,0.6399999,-8.088566,0.0,0.0,0.0,-10.0,0.6399999,-8.088566,0.0,0.0,0.0,0.0,0.0,1.0,0.0,0.0,0.0,0.0,1,1,0,15,0,1.58796024,1.58796024,Tina A,5478,2026-09-18T13:58:45.801066,,,
DATA,15.709,-10.0,0.64,-7.927011,0.0,0.0,0.0,-10.0,-0.160000026,-6.327011,0.0,0.0,0.0,-10.0,0.64,-7.927011,0.0,0.0,0.0,-10.0,0.64,-7.927011,0.0,0.0,0.0,0.0,0.0,1.0,0.0,0.0,0.0,0.0,1,1,1,15,1,1.63372612,1.63372612,Tina A,5478,2026-09-18T13:58:45.846007,,,
DATA,15.757,-10.0,0.6399999,-7.75515938,0.0,0.0,0.0,-10.0,-0.160000086,-6.15515947,0.0,0.0,0.0,-10.0,0.6399999,-7.75515938,0.0,0.0,0.0,-10.0,0.6399999,-7.75515938,0.0,0.0,0.0,0.0,0.0,1.0,0.0,0.0,0.0,0.0,1,1,1,15,1,1.68514252,1.68514252,Tina A,5478,2026-09-18T13:58:45.893437,,,
DATA,15.809,-10.0,0.6399999,-7.562722,0.0,0.0,0.0,-10.0,-0.160000086,-5.9627223,0.0,0.0,0.0,-10.0,0.6399999,-7.562722,0.0,0.0,0.0,-10.0,0.6399999,-7.562722,0.0,0.0,0.0,0.0,0.0,1.0,0.0,0.0,0.0,0.0,1,1,1,15,1,1.73840141,1.73840141,Tina A,5478,2026-09-18T13:58:45.951739,,,
DATA,15.857,-9.94728851,0.6399999,-7.43174076,0.0,0.0,0.0,-9.94728851,-0.160000086,-5.831741,0.0,0.0,0.0,-9.94728851,0.6399999,-7.43174076,0.0,0.0,0.0,-9.94728851,0.6399999,-7.43174076,0.0,0.0,0.0,0.0,0.0,1.0,0.0,0.0,0.0,0.0,1,1,1,15,1,1.78638935,1.78638935,Tina A,5478,2026-09-18T13:58:45.994712,,,
DATA,15.91,-9.921882,0.64,-7.260961,0.0,0.0,0.0,-9.921882,-0.160000026,-5.660961,0.0,0.0,0.0,-9.921882,0.64,-7.260961,0.0,0.0,0.0,-9.921882,0.64,-7.260961,0.0,0.0,0.0,0.0,0.0,1.0,0.0,0.0,0.0,0.0,1,1,1,15,1,1.83856392,1.83856392,Tina A,5478,2026-09-18T13:58:46.051267,,,
DATA,15.956,-9.921882,0.64,-7.09568,0.0,0.0,0.0,-9.921882,-0.160000026,-5.49568033,0.0,0.0,0.0,-9.921882,0.64,-7.09568,0.0,0.0,0.0,-9.921882,0.64,-7.09568,0.0,0.0,0.0,0.0,0.0,1.0,0.0,0.0,0.0,0.0,1,1,1,15,1,1.88501358,1.88501358,Tina A,5478,2026-09-18T13:58:46.097883,,,
DATA,16.007,-9.921882,0.6399999,-6.918679,0.0,0.0,0.0,-9.921882,-0.160000086,-5.31867933,0.0,0.0,0.0,-9.921882,0.6399999,-6.918679,0.0,0.0,0.0,-9.921882,0.6399999,-6.918679,0.0,0.0,0.0,0.0,0.0,1.0,0.0,0.0,0.0,0.0,1,1,1,15,1,1.93540573,1.93540573,Tina A,5478,2026-09-18T13:58:46.148217,,,
DATA,16.056,-9.921882,0.6399999,-6.743723,0.0,0.0,0.0,-9.921882,-0.160000086,-5.143723,0.0,0.0,0.0,-9.921882,0.6399999,-6.743723,0.0,0.0,0.0,-9.921882,0.6399999,-6.743723,0.0,0.0,0.0,0.0,0.0,1.0,0.0,0.0,0.0,0.0,1,1,1,15,1,1.985609,1.985609,Tina A,5478,2026-09-18T13:58:46.199182,,,
DATA,16.107,-9.921882,0.64,-6.56790257,0.0,0.0,0.0,-9.921882,-0.160000026,-4.96790266,0.0,0.0,0.0,-9.921882,0.64,-6.56790257,0.0,0.0,0.0,-9.921882,0.64,-6.56790257,0.0,0.0,0.0,0.0,0.0,1.0,0.0,0.0,0.0,0.0,1,1,1,15,1,2.035634,2.035634,Tina A,5478,2026-09-18T13:58:46.249011,,,
DATA,16.158,-9.921882,0.64,-6.389516,0.0,0.0,0.0,-9.921882,-0.160000026,-4.789516,0.0,0.0,0.0,-9.921882,0.64,-6.389516,0.0,0.0,0.0,-9.921882,0.64,-6.389516,0.0,0.0,0.0,0.0,0.0,1.0,0.0,0.0,0.0,0.0,1,1,1,15,1,2.08700562,2.08700562,Tina A,5478,2026-09-18T13:58:46.298932,,,
DATA,16.212,-9.921882,0.6399999,-6.21112061,0.0,0.0,0.0,-9.921882,-0.160000086,-4.6111207,0.0,0.0,0.0,-9.921882,0.6399999,-6.21112061,0.0,0.0,0.0,-9.921882,0.6399999,-6.21112061,0.0,0.0,0.0,0.0,0.0,1.0,0.0,0.0,0.0,0.0,1,1,1,15,1,2.13988113,2.13988113,Tina A,5478,2026-09-18T13:58:46.355095,,,
DATA,16.257,-9.921882,0.64,-6.03850651,0.0,0.0,0.0,-9.921882,-0.160000026,-4.4385066,0.0,0.0,0.0,-9.921882,0.64,-6.03850651,0.0,0.0,0.0,-9.921882,0.64,-6.03850651,0.0,0.0,0.0,0.0,0.0,1.0,0.0,0.0,0.0,0.0,1,1,1,15,1,2.18650627,2.18650627,Tina A,5478,2026-09-18T13:58:46.399244,,,
DATA,16.305,-9.921882,0.64,-5.874368,0.0,0.0,0.0,-9.921882,-0.160000026,-4.27436829,0.0,0.0,0.0,-9.921882,0.64,-5.874368,0.0,0.0,0.0,-9.921882,0.64,-5.874368,0.0,0.0,0.0,0.0,0.0,1.0,0.0,0.0,0.0,0.0,1,1,1,15,1,2.23390675,2.23390675,Tina A,5478,2026-09-18T13:58:46.442940,,,
DATA,16.359,-10.039609,0.64,-5.729347,0.0,4.681163,0.0,-9.91616,-0.160000026,-4.08915234,0.0,4.363632,0.0,-10.039609,0.64,-5.729347,0.0,4.681163,0.0,-10.039609,0.64,-5.729347,0.0,4.681163,0.0,1.0,0.0,1.0,0.0,0.0,0.0,0.0,1,1,1,15,1,2.28768444,2.28768444,Tina A,5478,2026-09-18T13:58:46.500492,,,
DATA,16.405,-10.1413383,0.64,-5.545161,0.0,8.853423,0.0,-9.898238,-0.160000026,-3.92587662,0.0,8.588323,0.0,-10.1413383,0.64,-5.545161,0.0,8.853423,0.0,-10.1413383,0.64,-5.545161,0.0,8.853423,0.0,1.0,0.0,1.0,0.0,0.0,0.0,0.0,1,1,1,15,1,2.33375168,2.33375168,Tina A,5478,2026-09-18T13:58:46.542195,,,
DATA,16.459,-10.257822,0.8856696,-5.335011,0.0,13.6843138,0.0,-9.879217,0.08566958,-3.7422123,0.0,13.4210062,0.0,-10.257822,0.8856696,-5.335011,0.0,13.6843138,0.0,-10.257822,0.8856696,-5.335011,0.0,13.6843138,0.0,1.0,0.0,1.0,0.0,0.0,0.0,0.0,1,1,1,15,1,2.38741779,2.38741779,Tina A,5478,2026-09-18T13:58:46.600650,,,
DATA,16.507,-10.332715,0.7742887,-5.13823938,0.0,18.0372944,0.0,-9.834324,-0.025711298,-3.57897663,0.0,17.775404,0.0,-10.332715,0.7742887,-5.13823938,0.0,18.0372944,0.0,-10.332715,0.7742887,-5.13823938,0.0,18.0372944,0.0,1.0,0.0,1.0,0.0,0.0,0.0,0.0,1,1,1,15,1,2.43577671,2.43577671,Tina A,5478,2026-09-18T13:58:46.649053,,,
DATA,16.555,-10.3916378,0.6411824,-4.93709373,0.0,22.3464851,0.0,-9.777685,-0.158817589,-3.42094,0.0,22.0933285,0.0,-10.3916378,0.6411824,-4.93709373,0.0,22.3464851,0.0,-10.3916378,0.6411824,-4.93709373,0.0,22.3464851,0.0,1.0,0.0,1.0,0.0,0.0,0.0,0.0,1,1,1,15,1,2.48360825,2.48360825,Tina A,5478,2026-09-18T13:58:46.692304,,,
DATA,16.607,-10.4393692,0.640000045,-4.72484875,0.0,26.9435749,0.0,-9.704952,-0.159999967,-3.2588613,0.0,26.6626816,0.0,-10.4393692,0.640000045,-4.72484875,0.0,26.9435749,0.0,-10.4393692,0.640000045,-4.72484875,0.0,26.9435749,0.0,1.0,0.0,1.0,0.0,0.0,0.0,0.0,1,1,1,15,1,2.53484058,2.53484058,Tina A,5478,2026-09-18T13:58:46.747882,,,
DATA,16.66,-10.4752283,0.64,-4.51036358,0.0,31.7389641,0.0,-9.616813,-0.160000026,-3.09853935,0.0,31.3685074,0.0,-10.4752283,0.64,-4.51036358,0.0,31.7389641,0.0,-10.4752283,0.64,-4.51036358,0.0,31.7389641,0.0,1.0,0.0,1.0,0.0,0.0,0.0,0.0,1,1,1,15,1,2.58862019,2.58862019,Tina A,5478,2026-09-18T13:58:46.797039,,,
DATA,16.708,-10.4805031,0.64,-4.28594971,0.0,36.0886078,0.0,-9.52209949,-0.160000026,-2.95452976,0.0,35.80183,0.0,-10.4805031,0.64,-4.28594971,0.0,36.0886078,0.0,-10.4805031,0.64,-4.28594971,0.0,36.0886078,0.0,1.0,0.0,1.0,0.0,0.0,0.0,0.0,1,1,1,15,1,2.636485,2.636485,Tina A,5478,2026-09-18T13:58:46.850308,,,
DATA,16.755,-10.4711132,0.64,-4.06863928,0.0,40.4361839,0.0,-9.41748,-0.160000026,-2.819543,0.0,40.1944466,0.0,-10.4711132,0.64,-4.06863928,0.0,40.4361839,0.0,-10.4711132,0.64,-4.06863928,0.0,40.4361839,0.0,1.0,0.0,1.0,0.0,0.0,0.0,0.0,1,1,1,15,1,2.68454075,2.68454075,Tina A,5478,2026-09-18T13:58:46.897825,,,
DATA,16.806,-10.4486752,0.6399999,-3.85247231,0.0,44.95574,0.0,-9.299486,-0.160000086,-2.68962026,0.0,44.70865,0.0,-10.4486752,0.6399999,-3.85247231,0.0,44.95574,0.0,-10.4486752,0.6399999,-3.85247231,0.0,44.95574,0.0,1.0,0.0,1.0,0.0,0.0,0.0,0.0,1,1,1,15,1,2.734788,2.734788,Tina A,5478,2026-09-18T13:58:46.943394,,,
DATA,16.859,-10.4101744,0.64,-3.63049316,0.0,49.7483,0.0,-9.164593,-0.160000026,-2.56324744,0.0,49.46308,0.0,-10.4101744,0.64,-3.63049316,0.0,49.7483,0.0,-10.4101744,0.64,-3.63049316,0.0,49.7483,0.0,1.0,0.0,1.0,0.0,0.0,0.0,0.0,1,1,1,15,1,2.78825,2.78825,Tina A,5478,2026-09-18T13:58:47.001085,,,
DATA,16.905,-10.3555622,0.64,-3.43354321,0.0,53.9109726,0.0,-9.037616,-0.160000026,-2.46167946,0.0,53.6451721,0.0,-10.3555622,0.64,-3.43354321,0.0,53.9109726,0.0,-10.3555622,0.64,-3.43354321,0.0,53.9109726,0.0,1.0,0.0,1.0,0.0,0.0,0.0,0.0,1,1,1,15,1,2.83439445,2.83439445,Tina A,5478,2026-09-18T13:58:47.049219,,,
DATA,16.959,-10.27788,0.640000045,-3.215283,0.0,58.7017555,0.0,-8.883496,-0.159999967,-2.35701227,0.0,58.43718,0.0,-10.27788,0.640000045,-3.215283,0.0,58.7017555,0.0,-10.27788,0.640000045,-3.215283,0.0,58.7017555,0.0,1.0,0.0,1.0,0.0,0.0,0.0,0.0,1,1,1,15,1,2.887618,2.887618,Tina A,5478,2026-09-18T13:58:47.100072,,,
DATA,17.006,-10.1943531,0.6399999,-3.02927065,0.0,62.9033928,0.0,-8.741418,-0.160000086,-2.27597117,0.0,62.6441269,0.0,-10.1943531,0.6399999,-3.02927065,0.0,62.9033928,0.0,-10.1943531,0.6399999,-3.02927065,0.0,62.9033928,0.0,1.0,0.0,1.0,0.0,0.0,0.0,0.0,1,1,1,15,1,2.93427372,2.93427372,Tina A,5478,2026-09-18T13:58:47.142813,,,
DATA,17.06,-10.092021,0.6399999,-2.8290658,0.0,67.7914047,0.0,-8.571906,-0.160000086,-2.196313,0.0,67.46172,0.0,-10.092021,0.6399999,-2.8290658,0.0,67.7914047,0.0,-10.092021,0.6399999,-2.8290658,0.0,67.7914047,0.0,1.0,0.0,1.0,0.0,0.0,0.0,0.0,1,1,1,15,1,2.98897648,2.98897648,Tina A,5478,2026-09-18T13:58:47.202084,,,
DATA,17.106,-9.991131,0.64,-2.66572952,0.0,71.91024,0.0,-8.423809,-0.160000026,-2.14026022,0.0,71.53445,0.0,-9.991131,0.64,-2.66572952,0.0,71.91024,0.0,-9.991131,0.64,-2.66572952,0.0,71.91024,0.0,1.0,0.0,1.0,0.0,0.0,0.0,0.0,1,1,1,15,1,3.034997,3.034997,Tina A,5478,2026-09-18T13:58:47.247614,,,
DATA,17.156,-9.845486,0.6399999,-2.48343945,0.0,76.48045,0.0,-8.250636,-0.160000086,-2.08935213,0.0,76.1772,0.0,-9.845486,0.6399999,-2.48343945,0.0,76.48045,0.0,-9.845486,0.6399999,-2.48343945,0.0,76.48045,0.0,1.0,0.0,1.0,0.0,0.0,0.0,0.0,1,1,1,15,1,3.08537388,3.08537388,Tina A,5478,2026-09-18T13:58:47.298102,,,
DATA,17.211,-9.699505,0.64,-2.31383848,0.0,81.30167,0.0,-8.069302,-0.160000026,-2.05193329,0.0,80.93971,0.0,-9.699505,0.64,-2.31383848,0.0,81.30167,0.0,-9.699505,0.64,-2.31383848,0.0,81.30167,0.0,1.0,0.0,1.0,0.0,0.0,0.0,0.0,1,1,1,15,1,3.13926888,3.13926888,Tina A,5478,2026-09-18T13:58:47.352562,,,
DATA,17.259,-9.492367,0.64,-2.15922427,0.0,85.39128,0.0,-7.89754,-0.160000026,-2.03066349,0.0,85.39128,0.0,-9.492367,0.64,-2.15922427,0.0,85.39128,0.0,-9.492367,0.64,-2.15922427,0.0,85.39128,0.0,0.0,0.0,1.0,0.0,0.0,0.0,0.0,1,1,1,15,1,3.18830776,3.18830776,Tina A,5478,2026-09-18T13:58:47.401406,,,
DATA,17.309,-9.316893,0.6399999,-2.14507914,0.0,85.39128,0.0,-7.7220664,-0.160000086,-2.01651835,0.0,85.39128,0.0,-9.316893,0.6399999,-2.14507914,0.0,85.39128,0.0,-9.316893,0.6399999,-2.14507914,0.0,85.39128,0.0,0.0,0.0,1.0,0.0,0.0,0.0,0.0,1,1,1,15,1,3.23757458,3.23757458,Tina A,5478,2026-09-18T13:58:47.450054,,,
DATA,17.357,-9.149581,0.6399999,-2.131592,0.0,85.39128,0.0,-7.55475426,-0.160000086,-2.00303125,0.0,85.39128,0.0,-9.149581,0.6399999,-2.131592,0.0,85.39128,0.0,-9.149581,0.6399999,-2.131592,0.0,85.39128,0.0,0.0,0.0,1.0,0.0,0.0,0.0,0.0,1,1,1,15,1,3.2859478,3.2859478,Tina A,5478,2026-09-18T13:58:47.499220,,,
DATA,17.409,-8.968264,0.64,-2.11697578,0.0,85.39128,0.0,-7.373437,-0.160000026,-1.988415,0.0,85.39128,0.0,-8.968264,0.64,-2.11697578,0.0,85.39128,0.0,-8.968264,0.64,-2.11697578,0.0,85.39128,0.0,0.0,0.0,1.0,0.0,0.0,0.0,0.0,1,1,1,15,1,3.33750057,3.33750057,Tina A,5478,2026-09-18T13:58:47.550435,,,
DATA,17.46,-8.792673,0.6399999,-2.102821,0.0,85.39128,0.0,-7.19784641,-0.160000086,-1.97426045,0.0,85.39128,0.0,-8.792673,0.6399999,-2.102821,0.0,85.39128,0.0,-8.792673,0.6399999,-2.102821,0.0,85.39128,0.0,0.0,0.0,1.0,0.0,0.0,0.0,0.0,1,1,1,15,1,3.38825226,3.38825226,Tina A,5478,2026-09-18T13:58:47.602875,,,
DATA,17.51,-8.618463,0.64,-2.088778,0.0,85.39128,0.0,-7.02363634,-0.160000026,-1.96021724,0.0,85.39128,0.0,-8.618463,0.64,-2.088778,0.0,85.39128,0.0,-8.618463,0.64,-2.088778,0.0,85.39128,0.0,0.0,0.0,1.0,0.0,0.0,0.0,0.0,1,1,1,15,1,3.439188,3.439188,Tina A,5478,2026-09-18T13:58:47.652252,,,
DATA,17.558,-8.444139,0.640000045,-2.07472539,0.0,85.39128,0.0,-6.849312,-0.159999967,-1.94616473,0.0,85.39128,0.0,-8.444139,0.640000045,-2.07472539,0.0,85.39128,0.0,-8.444139,0.640000045,-2.07472539,0.0,85.39128,0.0,0.0,0.0,1.0,0.0,0.0,0.0,0.0,1,1,1,15,1,3.48795128,3.48795128,Tina A,5478,2026-09-18T13:58:47.700381,,,
DATA,17.605,-8.284304,0.64,-2.061841,0.0,85.39128,0.0,-6.68947744,-0.160000026,-1.93328035,0.0,85.39128,0.0,-8.284304,0.64,-2.061841,0.0,85.39128,0.0,-8.284304,0.64,-2.061841,0.0,85.39128,0.0,0.0,0.0,1.0,0.0,0.0,0.0,0.0,1,1,1,15,1,3.53384113,3.53384113,Tina A,5478,2026-09-18T13:58:47.748215,,,
DATA,17.657,-8.101734,0.64,-2.047124,0.0,85.39128,0.0,-6.506908,-0.160000026,-1.91856313,0.0,85.39128,0.0,-8.101734,0.64,-2.047124,0.0,85.39128,0.0,-8.101734,0.64,-2.047124,0.0,85.39128,0.0,0.0,0.0,1.0,0.0,0.0,0.0,0.0,1,1,1,15,1,3.58573151,3.58573151,Tina A,5478,2026-09-18T13:58:47.798868,,,
DATA,17.709,-7.92165232,0.64,-2.03260732,0.0,85.39128,0.0,-6.32682562,-0.160000026,-1.90404654,0.0,85.39128,0.0,-7.92165232,0.64,-2.03260732,0.0,85.39128,0.0,-7.92165232,0.64,-2.03260732,0.0,85.39128,0.0,0.0,0.0,1.0,0.0,0.0,0.0,0.0,1,1,1,15,1,3.637083,3.637083,Tina A,5478,2026-09-18T13:58:47.850356,,,
DATA,17.759,-7.74534035,0.64,-2.01839447,0.0,85.39128,0.0,-6.15051365,-0.160000026,-1.88983381,0.0,85.39128,0.0,-7.74534035,0.64,-2.01839447,0.0,85.39128,0.0,-7.74534035,0.64,-2.01839447,0.0,85.39128,0.0,0.0,0.0,1.0,0.0,0.0,0.0,0.0,1,1,1,15,1,3.68772316,3.68772316,Tina A,5478,2026-09-18T13:58:47.900494,,,
DATA,17.805,-7.62782,0.64,-1.94363165,0.0,85.39128,0.0,-6.03299332,-0.160000026,-1.815071,0.0,85.39128,0.0,-7.62782,0.64,-1.94363165,0.0,85.39128,0.0,-7.62782,0.64,-1.94363165,0.0,85.39128,0.0,0.0,0.0,1.0,0.0,0.0,0.0,0.0,1,1,1,15,1,3.73391151,3.73391151,Tina A,5478,2026-09-18T13:58:47.942522,,,
DATA,17.856,-7.48258829,0.64,-1.87424481,0.0,85.39128,0.0,-5.88776159,-0.160000026,-1.74568415,0.0,85.39128,0.0,-7.48258829,0.64,-1.87424481,0.0,85.39128,0.0,-7.48258829,0.64,-1.87424481,0.0,85.39128,0.0,0.0,0.0,1.0,0.0,0.0,0.0,0.0,1,1,1,15,1,3.78461266,3.78461266,Tina A,5478,2026-09-18T13:58:47.997186,,,
DATA,17.908,-7.342804,0.64,-1.78022242,0.0,88.66212,0.0,-5.70544958,-0.160000026,-1.73281515,0.0,88.39269,0.0,-7.342804,0.64,-1.78022242,0.0,88.66212,0.0,-7.342804,0.64,-1.78022242,0.0,88.66212,0.0,1.0,0.0,1.0,0.0,0.0,0.0,0.0,1,1,1,15,1,3.836835,3.836835,Tina A,5478,2026-09-18T13:58:48.044571,,,
DATA,17.958,-7.16282,0.64,-1.65120077,0.0,93.2163239,0.0,-5.528068,-0.160000026,-1.734174,0.0,92.95529,0.0,-7.16282,0.64,-1.65120077,0.0,93.2163239,0.0,-7.16282,0.64,-1.65120077,0.0,93.2163239,0.0,1.0,0.0,1.0,0.0,0.0,0.0,0.0,1,1,1,15,1,3.887391,3.887391,Tina A,5478,2026-09-18T13:58:48.100436,,,
DATA,18.008,-6.98278666,0.640000045,-1.54148769,0.0,97.58834,0.0,-5.358803,-0.159999967,-1.74880672,0.0,97.32513,0.0,-6.98278666,0.640000045,-1.54148769,0.0,97.58834,0.0,-6.98278666,0.640000045,-1.54148769,0.0,97.58834,0.0,1.0,0.0,1.0,0.0,0.0,0.0,0.0,1,1,1,15,1,3.9359808,3.9359808,Tina A,5478,2026-09-18T13:58:48.144386,,,
DATA,18.058,-6.785399,0.64,-1.44011307,0.0,102.237221,0.0,-5.18114328,-0.160000026,-1.77831089,0.0,101.957352,0.0,-6.785399,0.64,-1.44011307,0.0,102.237221,0.0,-6.785399,0.64,-1.44011307,0.0,102.237221,0.0,1.0,0.0,1.0,0.0,0.0,0.0,0.0,1,1,1,15,1,3.98772717,3.98772717,Tina A,5478,2026-09-18T13:58:48.200775,,,
DATA,18.107,-6.574841,0.64,-1.44945776,0.0,103.246422,0.0,-5.017411,-0.160000026,-1.816081,0.0,103.246422,0.0,-6.574841,0.64,-1.44945776,0.0,103.246422,0.0,-6.574841,0.64,-1.44945776,0.0,103.246422,0.0,0.0,0.0,1.0,0.0,0.0,0.0,0.0,1,1,1,15,1,4.03543949,4.03543949,Tina A,5478,2026-09-18T13:58:48.248774,,,
DATA,18.157,-6.40290451,0.64,-1.48993218,0.0,103.246422,0.0,-4.84547472,-0.160000026,-1.85655546,0.0,103.246422,0.0,-6.40290451,0.64,-1.48993218,0.0,103.246422,0.0,-6.40290451,0.64,-1.48993218,0.0,103.246422,0.0,0.0,0.0,1.0,0.0,0.0,0.0,0.0,1,1,1,15,1,4.085932,4.085932,Tina A,5478,2026-09-18T13:58:48.298734,,,
DATA,18.207,-6.232696,0.64,-1.52999973,0.0,103.246422,0.0,-4.67526627,-0.160000026,-1.896623,0.0,103.246422,0.0,-6.232696,0.64,-1.52999973,0.0,103.246422,0.0,-6.232696,0.64,-1.52999973,0.0,103.246422,0.0,0.0,0.0,1.0,0.0,0.0,0.0,0.0,1,1,1,15,1,4.135789,4.135789,Tina A,5478,2026-09-18T13:58:48.348949,,,
DATA,18.255,-6.07056141,0.64,-1.56816661,0.0,103.246422,0.0,-4.51313162,-0.160000026,-1.9347899,0.0,103.246422,0.0,-6.07056141,0.64,-1.56816661,0.0,103.246422,0.0,-6.07056141,0.64,-1.56816661,0.0,103.246422,0.0,0.0,0.0,1.0,0.0,0.0,0.0,0.0,1,1,1,15,1,4.183839,4.183839,Tina A,5478,2026-09-18T13:58:48.397690,,,
DATA,18.306,-5.89656544,0.640000045,-1.60912573,0.0,103.246422,0.0,-4.33913565,-0.159999967,-1.975749,0.0,103.246422,0.0,-5.89656544,0.640000045,-1.60912573,0.0,103.246422,0.0,-5.89656544,0.640000045,-1.60912573,0.0,103.246422,0.0,0.0,0.0,1.0,0.0,0.0,0.0,0.0,1,1,1,15,1,4.23491859,4.23491859,Tina A,5478,2026-09-18T13:58:48.443068,,,
DATA,18.359,-5.67768526,0.64,-1.6731658,0.0,102.404251,0.0,-4.161553,-0.160000026,-2.01755261,0.0,102.724785,0.0,-5.67768526,0.64,-1.6731658,0.0,102.404251,0.0,-5.67768526,0.64,-1.6731658,0.0,102.404251,0.0,-1.0,0.0,1.0,0.0,0.0,0.0,0.0,1,1,1,15,1,4.287631,4.287631,Tina A,5478,2026-09-18T13:58:48.495742,,,
DATA,18.405,-5.54653072,0.640000045,-1.81738472,0.0,98.20047,0.0,-3.99805546,-0.159999967,-2.048742,0.0,98.4437256,0.0,-5.54653072,0.640000045,-1.81738472,0.0,98.20047,0.0,-5.54653072,0.640000045,-1.81738472,0.0,98.20047,0.0,-1.0,0.0,1.0,0.0,0.0,0.0,0.0,1,1,1,15,1,4.33391,4.33391,Tina A,5478,2026-09-18T13:58:48.542026,,,
DATA,18.457,-5.37405062,0.6399999,-1.96387815,0.0,93.50168,0.0,-3.81821179,-0.160000086,-2.068695,0.0,93.7895355,0.0,-5.37405062,0.6399999,-1.96387815,0.0,93.50168,0.0,-5.37405062,0.6399999,-1.96387815,0.0,93.50168,0.0,-1.0,0.0,1.0,0.0,0.0,0.0,0.0,1,1,1,15,1,4.386366,4.386366,Tina A,5478,2026-09-18T13:58:48.600021,,,
DATA,18.506,-5.21219873,0.64,-2.08929634,0.0,89.1413956,0.0,-3.6472013,-0.160000026,-2.07410288,0.0,89.3888245,0.0,-5.21219873,0.64,-2.08929634,0.0,89.1413956,0.0,-5.21219873,0.64,-2.08929634,0.0,89.1413956,0.0,-1.0,0.0,1.0,0.0,0.0,0.0,0.0,1,1,1,15,1,4.43458939,4.43458939,Tina A,5478,2026-09-18T13:58:48.648118,,,
DATA,18.558,-5.019553,0.64,-2.2053957,0.0,84.48478,0.0,-3.46848154,-0.160000026,-2.0657413,0.0,84.78694,0.0,-5.019553,0.64,-2.2053957,0.0,84.48478,0.0,-5.019553,0.64,-2.2053957,0.0,84.48478,0.0,-1.0,0.0,1.0,0.0,0.0,0.0,0.0,1,1,1,15,1,4.4866333,4.4866333,Tina A,5478,2026-09-18T13:58:48.699230,,,
DATA,18.608,-4.835416,0.64,-2.30663252,0.0,80.0004,0.0,-3.293718,-0.160000026,-2.0434413,0.0,80.25541,0.0,-4.835416,0.64,-2.30663252,0.0,80.0004,0.0,-4.835416,0.64,-2.30663252,0.0,80.0004,0.0,-1.0,0.0,1.0,0.0,0.0,0.0,0.0,1,1,1,15,1,4.53619862,4.53619862,Tina A,5478,2026-09-18T13:58:48.748696,,,
DATA,18.655,-4.700241,0.64,-2.305991,0.0,79.44011,0.0,-3.12733912,-0.160000026,-2.01276946,0.0,79.44011,0.0,-4.700241,0.64,-2.305991,0.0,79.44011,0.0,-4.700241,0.64,-2.305991,0.0,79.44011,0.0,0.0,0.0,1.0,0.0,0.0,0.0,0.0,1,1,1,15,1,4.584523,4.584523,Tina A,5478,2026-09-18T13:58:48.796776,,,
DATA,18.706,-4.528077,0.640000045,-2.27389574,0.0,79.44011,0.0,-2.955175,-0.159999967,-1.98067439,0.0,79.44011,0.0,-4.528077,0.640000045,-2.27389574,0.0,79.44011,0.0,-4.528077,0.640000045,-2.27389574,0.0,79.44011,0.0,0.0,0.0,1.0,0.0,0.0,0.0,0.0,1,1,1,15,1,4.6344347,4.6344347,Tina A,5478,2026-09-18T13:58:48.847704,,,
DATA,18.756,-4.354187,0.64,-2.24147916,0.0,79.44011,0.0,-2.78128481,-0.160000026,-1.94825768,0.0,79.44011,0.0,-4.354187,0.64,-2.24147916,0.0,79.44011,0.0,-4.354187,0.64,-2.24147916,0.0,79.44011,0.0,0.0,0.0,1.0,0.0,0.0,0.0,0.0,1,1,1,15,1,4.685151,4.685151,Tina A,5478,2026-09-18T13:58:48.897472,,,
DATA,18.806,-4.18250465,0.6399999,-2.209474,0.0,79.44011,0.0,-2.60960269,-0.160000086,-1.91625261,0.0,79.44011,0.0,-4.18250465,0.6399999,-2.209474,0.0,79.44011,0.0,-4.18250465,0.6399999,-2.209474,0.0,79.44011,0.0,0.0,0.0,1.0,0.0,0.0,0.0,0.0,1,1,2,15,2,4.73516846,4.73516846,Tina A,5478,2026-09-18T13:58:48.948757,,,
DATA,18.856,-4.066822,0.64,-2.11521769,0.0,82.35257,0.0,-2.44119334,-0.160000026,-1.8868221,0.0,82.0579758,0.0,-4.066822,0.64,-2.11521769,0.0,82.35257,0.0,-4.066822,0.64,-2.11521769,0.0,82.35257,0.0,1.0,0.0,1.0,0.0,0.0,0.0,0.0,1,1,2,15,2,4.78452,4.78452,Tina A,5478,2026-09-18T13:58:48.997904,,,
DATA,18.908,-3.89226556,0.6399999,-1.96034479,0.0,87.0949554,0.0,-2.25679159,-0.160000086,-1.86816716,0.0,86.825325,0.0,-3.89226556,0.6399999,-1.96034479,0.0,87.0949554,0.0,-3.89226556,0.6399999,-1.96034479,0.0,87.0949554,0.0,1.0,0.0,1.0,0.0,0.0,0.0,0.0,1,1,2,15,2,4.837075,4.837075,Tina A,5478,2026-09-18T13:58:49.050345,,,
DATA,18.96,-3.72946954,0.6399999,-1.82602119,0.0,91.772316,0.0,-2.07861876,-0.160000086,-1.86469543,0.0,91.4089661,0.0,-3.72946954,0.6399999,-1.82602119,0.0,91.772316,0.0,-3.72946954,0.6399999,-1.82602119,0.0,91.772316,0.0,1.0,0.0,1.0,0.0,0.0,0.0,0.0,1,1,2,15,2,4.88956547,4.88956547,Tina A,5478,2026-09-18T13:58:49.097176,,,
DATA,19.007,-3.54002476,0.64,-1.71337509,0.0,95.9511,0.0,-1.912164,-0.160000026,-1.87439811,0.0,95.697525,0.0,-3.54002476,0.64,-1.71337509,0.0,95.9511,0.0,-3.54002476,0.64,-1.71337509,0.0,95.9511,0.0,1.0,0.0,1.0,0.0,0.0,0.0,0.0,1,1,2,15,2,4.93538761,4.93538761,Tina A,5478,2026-09-18T13:58:49.148650,,,
DATA,19.059,-3.3174057,0.640000045,-1.67950022,0.0,97.82189,0.0,-1.73229218,-0.159999967,-1.89725113,0.0,97.82189,0.0,-3.3174057,0.640000045,-1.67950022,0.0,97.82189,0.0,-3.3174057,0.640000045,-1.67950022,0.0,97.82189,0.0,0.0,0.0,1.0,0.0,0.0,0.0,0.0,1,1,2,15,2,4.98726749,4.98726749,Tina A,5478,2026-09-18T13:58:49.200302,,,
DATA,19.106,-3.152299,0.64,-1.70218134,0.0,97.82189,0.0,-1.5671854,-0.160000026,-1.91993225,0.0,97.82189,0.0,-3.152299,0.64,-1.70218134,0.0,97.82189,0.0,-3.152299,0.64,-1.70218134,0.0,97.82189,0.0,0.0,0.0,1.0,0.0,0.0,0.0,0.0,1,1,2,15,2,5.035369,5.035369,Tina A,5478,2026-09-18T13:58:49.248148,,,
DATA,19.158,-2.97423387,0.640000045,-1.72664261,0.0,97.82189,0.0,-1.38912046,-0.159999967,-1.94439352,0.0,97.82189,0.0,-2.97423387,0.640000045,-1.72664261,0.0,97.82189,0.0,-2.97423387,0.640000045,-1.72664261,0.0,97.82189,0.0,0.0,0.0,1.0,0.0,0.0,0.0,0.0,1,1,2,15,2,5.086396,5.086396,Tina A,5478,2026-09-18T13:58:49.298664,,,
DATA,19.206,-2.80118179,0.64,-1.75041521,0.0,97.82189,0.0,-1.21606839,-0.160000026,-1.96816611,0.0,97.82189,0.0,-2.80118179,0.64,-1.75041521,0.0,97.82189,0.0,-2.80118179,0.64,-1.75041521,0.0,97.82189,0.0,0.0,0.0,1.0,0.0,0.0,0.0,0.0,1,1,2,15,2,5.13597,5.13597,Tina A,5478,2026-09-18T13:58:49.349295,,,
DATA,19.259,-2.626451,0.640000045,-1.77441835,0.0,97.82189,0.0,-1.04133773,-0.159999967,-1.99216926,0.0,97.82189,0.0,-2.626451,0.640000045,-1.77441835,0.0,97.82189,0.0,-2.626451,0.640000045,-1.77441835,0.0,97.82189,0.0,0.0,0.0,1.0,0.0,0.0,0.0,0.0,1,1,2,15,2,5.187146,5.187146,Tina A,5478,2026-09-18T13:58:49.398965,,,
DATA,19.308,-2.45128536,0.640000045,-1.79848135,0.0,97.82189,0.0,-0.8661719,-0.159999967,-2.01623225,0.0,97.82189,0.0,-2.45128536,0.640000045,-1.79848135,0.0,97.82189,0.0,-2.45128536,0.640000045,-1.79848135,0.0,97.82189,0.0,0.0,0.0,1.0,0.0,0.0,0.0,0.0,1,1,2,15,2,5.23691273,5.23691273,Tina A,5478,2026-09-18T13:58:49.449277,,,
DATA,19.355,-2.2851553,0.64,-1.821303,0.0,97.82189,0.0,-0.700041831,-0.160000026,-2.039054,0.0,97.82189,0.0,-2.2851553,0.64,-1.821303,0.0,97.82189,0.0,-2.2851553,0.64,-1.821303,0.0,97.82189,0.0,0.0,0.0,1.0,0.0,0.0,0.0,0.0,1,1,2,15,2,5.28486156,5.28486156,Tina A,5478,2026-09-18T13:58:49.497218,,,
DATA,19.407,-2.11236286,0.64,-1.84504,0.0,97.82189,0.0,-0.527249455,-0.160000026,-2.06279087,0.0,97.82189,0.0,-2.11236286,0.64,-1.84504,0.0,97.82189,0.0,-2.11236286,0.64,-1.84504,0.0,97.82189,0.0,0.0,0.0,1.0,0.0,0.0,0.0,0.0,1,1,2,15,2,5.335412,5.335412,Tina A,5478,2026-09-18T13:58:49.551536,,,
DATA,19.456,-1.93843842,0.64,-1.86893237,0.0,97.82189,0.0,-0.35332498,-0.160000026,-2.08668327,0.0,97.82189,0.0,-1.93843842,0.64,-1.86893237,0.0,97.82189,0.0,-1.93843842,0.64,-1.86893237,0.0,97.82189,0.0,0.0,0.0,1.0,0.0,0.0,0.0,0.0,1,1,2,15,2,5.385457,5.385457,Tina A,5478,2026-09-18T13:58:49.593885,,,
DATA,19.507,-1.76229334,0.640000045,-1.89312971,0.0,97.82189,0.0,-0.177179947,-0.159999967,-2.11088061,0.0,97.82189,0.0,-1.76229334,0.640000045,-1.89312971,0.0,97.82189,0.0,-1.76229334,0.640000045,-1.89312971,0.0,97.82189,0.0,0.0,0.0,1.0,0.0,0.0,0.0,0.0,1,1,2,15,2,5.43596,5.43596,Tina A,5478,2026-09-18T13:58:49.649465,,,
DATA,19.558,-1.58479667,0.64,-1.917513,0.0,97.82189,0.0,0.000316692516,-0.160000026,-2.135264,0.0,97.82189,0.0,-1.58479667,0.64,-1.917513,0.0,97.82189,0.0,-1.58479667,0.64,-1.917513,0.0,97.82189,0.0,0.0,0.0,1.0,0.0,0.0,0.0,0.0,1,1,2,15,2,5.48759937,5.48759937,Tina A,5478,2026-09-18T13:58:49.700152,,,
DATA,19.608,-1.41246581,0.64,-1.94118655,0.0,97.82189,0.0,0.172647551,-0.160000026,-2.15893745,0.0,97.82189,0.0,-1.41246581,0.64,-1.94118655,0.0,97.82189,0.0,-1.41246581,0.64,-1.94118655,0.0,97.82189,0.0,0.0,0.0,1.0,0.0,0.0,0.0,0.0,1,1,2,15,2,5.536477,5.536477,Tina A,5478,2026-09-18T13:58:49.745066,,,
DATA,19.659,-1.23879385,0.64,-1.96504414,0.0,97.82189,0.0,0.346319616,-0.160000026,-2.182795,0.0,97.82189,0.0,-1.23879385,0.64,-1.96504414,0.0,97.82189,0.0,-1.23879385,0.64,-1.96504414,0.0,97.82189,0.0,0.0,0.0,1.0,0.0,0.0,0.0,0.0,1,1,2,15,2,5.58751965,5.58751965,Tina A,5478,2026-09-18T13:58:49.800307,,,
DATA,19.71,-1.14023328,0.64,-1.92981625,0.0,98.6128845,0.0,0.4853788,-0.160000026,-2.16564155,0.0,98.3109741,0.0,-1.14023328,0.64,-1.92981625,0.0,98.6128845,0.0,-1.14023328,0.64,-1.92981625,0.0,98.6128845,0.0,1.0,0.0,1.0,0.0,0.0,0.0,0.0,1,1,2,15,2,5.638097,5.638097,Tina A,5478,2026-09-18T13:58:49.851542,,,
DATA,19.758,-1.03110123,0.6399999,-1.73358917,0.0,103.046341,0.0,0.565917969,-0.160000086,-2.09443378,0.0,102.782326,0.0,-1.03110123,0.6399999,-1.73358917,0.0,103.046341,0.0,-1.03110123,0.6399999,-1.73358917,0.0,103.046341,0.0,1.0,0.0,1.0,0.0,0.0,0.0,0.0,1,1,2,15,2,5.687146,5.687146,Tina A,5478,2026-09-18T13:58:49.895665,,,
DATA,19.805,-0.910459042,0.640000045,-1.5559454,0.0,107.334328,0.0,0.6598567,-0.159999967,-2.03549,0.0,107.037544,0.0,-0.910459042,0.640000045,-1.5559454,0.0,107.334328,0.0,-0.910459042,0.640000045,-1.5559454,0.0,107.334328,0.0,1.0,0.0,1.0,0.0,0.0,0.0,0.0,1,1,2,15,2,5.734973,5.734973,Tina A,5478,2026-09-18T13:58:49.943643,,,
DATA,19.857,-0.7082362,0.64,-1.42148113,0.0,111.923714,0.0,0.818438053,-0.160000026,-2.02510214,0.0,111.628571,0.0,-0.7082362,0.64,-1.42148113,0.0,111.923714,0.0,-0.7082362,0.64,-1.42148113,0.0,111.923714,0.0,1.0,0.0,1.0,0.0,0.0,0.0,0.0,1,1,2,15,2,5.78595638,5.78595638,Tina A,5478,2026-09-18T13:58:49.998644,,,
DATA,19.906,-0.4878013,0.640000045,-1.37392569,0.0,116.358734,0.0,0.9793468,-0.159999967,-2.091933,0.0,116.12204,0.0,-0.4878013,0.640000045,-1.37392569,0.0,116.358734,0.0,-0.4878013,0.640000045,-1.37392569,0.0,116.358734,0.0,1.0,0.0,1.0,0.0,0.0,0.0,0.0,1,1,2,15,2,5.83491039,5.83491039,Tina A,5478,2026-09-18T13:58:50.047910,,,
DATA,19.955,-0.278324366,0.64,-1.34352255,0.0,120.772156,0.0,1.13039076,-0.160000026,-2.17266178,0.0,120.527039,0.0,-0.278324366,0.64,-1.34352255,0.0,120.772156,0.0,-0.278324366,0.64,-1.34352255,0.0,120.772156,0.0,1.0,0.0,1.0,0.0,0.0,0.0,0.0,1,1,2,15,2,5.883996,5.883996,Tina A,5478,2026-09-18T13:58:50.096871,,,
DATA,20.009,-0.04983902,0.640000045,-1.32737875,0.0,125.60495,0.0,1.28758216,-0.159999967,-2.2736876,0.0,125.333328,0.0,-0.04983902,0.640000045,-1.32737875,0.0,125.60495,0.0,-0.04983902,0.640000045,-1.32737875,0.0,125.60495,0.0,1.0,0.0,1.0,0.0,0.0,0.0,0.0,1,1,2,15,2,5.93784046,5.93784046,Tina A,5478,2026-09-18T13:58:50.146750,,,
DATA,20.058,0.1372137,0.640000045,-1.42947674,0.0,126.256004,0.0,1.42742574,-0.159999967,-2.37570763,0.0,126.256004,0.0,0.1372137,0.640000045,-1.42947674,0.0,126.256004,0.0,0.1372137,0.640000045,-1.42947674,0.0,126.256004,0.0,0.0,0.0,1.0,0.0,0.0,0.0,0.0,1,1,2,15,2,5.98761654,5.98761654,Tina A,5478,2026-09-18T13:58:50.195969,,,
DATA,20.108,0.2749591,0.640000045,-1.530498,0.0,126.256004,0.0,1.56517112,-0.159999967,-2.476729,0.0,126.256004,0.0,0.2749591,0.640000045,-1.530498,0.0,126.256004,0.0,0.2749591,0.640000045,-1.530498,0.0,126.256004,0.0,0.0,0.0,1.0,0.0,0.0,0.0,0.0,1,1,2,15,2,6.03665829,6.03665829,Tina A,5478,2026-09-18T13:58:50.250920,,,
DATA,20.155,0.408944726,0.640000045,-1.62876225,0.0,126.256004,0.0,1.69915676,-0.159999967,-2.57499313,0.0,126.256004,0.0,0.408944726,0.640000045,-1.62876225,0.0,126.256004,0.0,0.408944726,0.640000045,-1.62876225,0.0,126.256004,0.0,0.0,0.0,1.0,0.0,0.0,0.0,0.0,1,1,2,15,2,6.0836935,6.0836935,Tina A,5478,2026-09-18T13:58:50.292385,,,
DATA,20.207,0.5819411,0.640000045,-1.77020359,0.0,125.41581,0.0,1.84133661,-0.159999967,-2.67926645,0.0,125.747253,0.0,0.5819411,0.640000045,-1.77020359,0.0,125.41581,0.0,0.5819411,0.640000045,-1.77020359,0.0,125.41581,0.0,-1.0,0.0,1.0,0.0,0.0,0.0,0.0,1,1,2,15,2,6.13495159,6.13495159,Tina A,5478,2026-09-18T13:58:50.343363,,,
DATA,20.259,0.6597922,0.64,-1.9806633,0.0,120.613426,0.0,1.99885261,-0.160000026,-2.78361487,0.0,120.88723,0.0,0.6597922,0.64,-1.9806633,0.0,120.613426,0.0,0.6597922,0.64,-1.9806633,0.0,120.613426,0.0,-1.0,0.0,1.0,0.0,0.0,0.0,0.0,1,1,2,15,2,6.187991,6.187991,Tina A,5478,2026-09-18T13:58:50.400102,,,
DATA,20.308,0.7489655,0.64,-2.16752481,0.0,116.2253,0.0,2.14909649,-0.160000026,-2.866493,0.0,116.473907,0.0,0.7489655,0.64,-2.16752481,0.0,116.2253,0.0,0.7489655,0.64,-2.16752481,0.0,116.2253,0.0,-1.0,0.0,1.0,0.0,0.0,0.0,0.0,1,1,2,15,2,6.23660755,6.23660755,Tina A,5478,2026-09-18T13:58:50.450108,,,
DATA,20.358,0.858032,0.640000045,-2.35209179,0.0,111.720612,0.0,2.30849314,-0.159999967,-2.93889761,0.0,111.970917,0.0,0.858032,0.640000045,-2.35209179,0.0,111.720612,0.0,0.858032,0.640000045,-2.35209179,0.0,111.720612,0.0,-1.0,0.0,1.0,0.0,0.0,0.0,0.0,1,1,2,15,2,6.28666973,6.28666973,Tina A,5478,2026-09-18T13:58:50.499310,,,
DATA,20.407,0.979781151,0.640000045,-2.52265358,0.0,107.342842,0.0,2.46764541,-0.159999967,-2.99679947,0.0,107.61496,0.0,0.979781151,0.640000045,-2.52265358,0.0,107.342842,0.0,0.979781151,0.640000045,-2.52265358,0.0,107.342842,0.0,-1.0,0.0,1.0,0.0,0.0,0.0,0.0,1,1,2,15,2,6.335433,6.335433,Tina A,5478,2026-09-18T13:58:50.548328,,,
DATA,20.454,1.11322522,0.64,-2.68288183,0.0,102.979904,0.0,2.6303,-0.160000026,-3.04247355,0.0,103.269585,0.0,1.11322522,0.64,-2.68288183,0.0,102.979904,0.0,1.11322522,0.64,-2.68288183,0.0,102.979904,0.0,-1.0,0.0,1.0,0.0,0.0,0.0,0.0,1,1,2,15,2,6.38400555,6.38400555,Tina A,5478,2026-09-18T13:58:50.592627,,,
DATA,20.507,1.26048374,0.64,-2.84125233,0.0,98.37637,0.0,2.8074553,-0.160000026,-3.07742739,0.0,98.6250458,0.0,1.26048374,0.64,-2.84125233,0.0,98.37637,0.0,1.26048374,0.64,-2.84125233,0.0,98.37637,0.0,-1.0,0.0,1.0,0.0,0.0,0.0,0.0,1,1,2,15,2,6.43493,6.43493,Tina A,5478,2026-09-18T13:58:50.643558,,,
DATA,20.557,1.42638922,0.64,-2.98633,0.0,93.76505,0.0,2.984917,-0.160000026,-3.097772,0.0,94.0306549,0.0,1.42638922,0.64,-2.98633,0.0,93.76505,0.0,1.42638922,0.64,-2.98633,0.0,93.76505,0.0,-1.0,0.0,1.0,0.0,0.0,0.0,0.0,1,1,2,15,2,6.48626041,6.48626041,Tina A,5478,2026-09-18T13:58:50.699162,,,
DATA,20.607,1.59363019,0.64,-3.11335182,0.0,89.33694,0.0,3.15730047,-0.160000026,-3.10383654,0.0,89.59409,0.0,1.59363019,0.64,-3.11335182,0.0,89.33694,0.0,1.59363019,0.64,-3.11335182,0.0,89.33694,0.0,-1.0,0.0,1.0,0.0,0.0,0.0,0.0,1,1,2,15,2,6.5354147,6.5354147,Tina A,5478,2026-09-18T13:58:50.743718,,,
DATA,20.658,1.68965936,0.64,-3.16317225,0.0,84.74111,0.0,3.23697066,-0.160000026,-3.03190875,0.0,85.0750046,0.0,1.68965936,0.64,-3.16317225,0.0,84.74111,0.0,1.68965936,0.64,-3.16317225,0.0,84.74111,0.0,-1.0,0.0,1.0,0.0,0.0,0.0,0.0,1,1,2,15,2,6.58690548,6.58690548,Tina A,5478,2026-09-18T13:58:50.795692,,,
DATA,20.708,1.7615,0.6399999,-3.19229841,0.0,80.2204361,0.0,3.30298138,-0.160000086,-2.93554521,0.0,80.48455,0.0,1.7615,0.6399999,-3.19229841,0.0,80.2204361,0.0,1.7615,0.6399999,-3.19229841,0.0,80.2204361,0.0,-1.0,0.0,1.0,0.0,0.0,0.0,0.0,1,1,2,15,2,6.63674831,6.63674831,Tina A,5478,2026-09-18T13:58:50.849889,,,
DATA,20.756,1.858336,0.64,-3.20683241,0.0,75.91267,0.0,3.369395,-0.160000026,-2.83850527,0.0,76.22932,0.0,1.858336,0.64,-3.20683241,0.0,75.91267,0.0,1.858336,0.64,-3.20683241,0.0,75.91267,0.0,-1.0,0.0,1.0,0.0,0.0,0.0,0.0,1,1,2,15,2,6.684903,6.684903,Tina A,5478,2026-09-18T13:58:50.893746,,,
DATA,20.806,1.963065,0.6399999,-3.21620846,0.0,71.412056,0.0,3.44545746,-0.160000086,-2.72741914,0.0,71.68904,0.0,1.963065,0.6399999,-3.21620846,0.0,71.412056,0.0,1.963065,0.6399999,-3.21620846,0.0,71.412056,0.0,-1.0,0.0,1.0,0.0,0.0,0.0,0.0,1,1,2,15,2,6.73469067,6.73469067,Tina A,5478,2026-09-18T13:58:50.943473,,,
DATA,20.856,2.054462,0.6399999,-3.19958,0.0,68.58938,0.0,3.544043,-0.160000086,-2.61550117,0.0,68.58938,0.0,2.054462,0.6399999,-3.19958,0.0,68.58938,0.0,2.054462,0.6399999,-3.19958,0.0,68.58938,0.0,0.0,0.0,1.0,0.0,0.0,0.0,0.0,1,1,2,15,2,6.784251,6.784251,Tina A,5478,2026-09-18T13:58:50.992245,,,
DATA,20.905,2.21134281,0.64,-3.129832,0.0,68.58938,0.0,3.700924,-0.160000026,-2.54575324,0.0,68.58938,0.0,2.21134281,0.64,-3.129832,0.0,68.58938,0.0,2.21134281,0.64,-3.129832,0.0,68.58938,0.0,0.0,0.0,1.0,0.0,0.0,0.0,0.0,1,1,2,15,2,6.83362675,6.83362675,Tina A,5478,2026-09-18T13:58:51.046507,,,
DATA,20.958,2.3828423,0.64,-3.06258535,0.0,68.58938,0.0,3.87242341,-0.160000026,-2.47850657,0.0,68.58938,0.0,2.3828423,0.64,-3.06258535,0.0,68.58938,0.0,2.3828423,0.64,-3.06258535,0.0,68.58938,0.0,0.0,0.0,1.0,0.0,0.0,0.0,0.0,1,1,2,15,2,6.886512,6.886512,Tina A,5478,2026-09-18T13:58:51.099495,,,
DATA,21.006,2.53897619,0.6399999,-3.001364,0.0,68.58938,0.0,4.0285573,-0.160000086,-2.4172852,0.0,68.58938,0.0,2.53897619,0.6399999,-3.001364,0.0,68.58938,0.0,2.53897619,0.6399999,-3.001364,0.0,68.58938,0.0,0.0,0.0,1.0,0.0,0.0,0.0,0.0,1,1,2,15,2,6.934722,6.934722,Tina A,5478,2026-09-18T13:58:51.148096,,,
DATA,21.06,2.712658,0.6399999,-2.93326163,0.0,68.58938,0.0,4.202239,-0.160000086,-2.34918284,0.0,68.58938,0.0,2.712658,0.6399999,-2.93326163,0.0,68.58938,0.0,2.712658,0.6399999,-2.93326163,0.0,68.58938,0.0,0.0,0.0,1.0,0.0,0.0,0.0,0.0,1,1,2,15,2,6.98926449,6.98926449,Tina A,5478,2026-09-18T13:58:51.202747,,,
DATA,21.106,2.86345863,0.6399999,-2.87413144,0.0,68.58938,0.0,4.35303974,-0.160000086,-2.29005265,0.0,68.58938,0.0,2.86345863,0.6399999,-2.87413144,0.0,68.58938,0.0,2.86345863,0.6399999,-2.87413144,0.0,68.58938,0.0,0.0,0.0,1.0,0.0,0.0,0.0,0.0,1,1,2,15,2,7.033992,7.033992,Tina A,5478,2026-09-18T13:58:51.242698,,,
DATA,21.16,2.95823812,0.64,-2.70864582,0.0,73.33463,0.0,4.52991629,-0.160000026,-2.22712779,0.0,73.02453,0.0,2.95823812,0.64,-2.70864582,0.0,73.33463,0.0,2.95823812,0.64,-2.70864582,0.0,73.33463,0.0,1.0,0.0,1.0,0.0,0.0,0.0,0.0,1,1,2,15,2,7.088439,7.088439,Tina A,5478,2026-09-18T13:58:51.301608,,,
DATA,21.207,3.09242177,0.64,-2.54335928,0.0,77.669014,0.0,4.69342041,-0.160000026,-2.18326139,0.0,77.37868,0.0,3.09242177,0.64,-2.54335928,0.0,77.669014,0.0,3.09242177,0.64,-2.54335928,0.0,77.669014,0.0,1.0,0.0,1.0,0.0,0.0,0.0,0.0,1,1,2,15,2,7.136489,7.136489,Tina A,5478,2026-09-18T13:58:51.349079,,,
DATA,21.259,3.24810314,0.64,-2.37972641,0.0,82.27693,0.0,4.87028456,-0.160000026,-2.15041971,0.0,82.00562,0.0,3.24810314,0.64,-2.37972641,0.0,82.27693,0.0,3.24810314,0.64,-2.37972641,0.0,82.27693,0.0,1.0,0.0,1.0,0.0,0.0,0.0,0.0,1,1,2,15,2,7.187583,7.187583,Tina A,5478,2026-09-18T13:58:51.400306,,,
DATA,21.308,3.4034977,0.64,-2.23733616,0.0,86.6687546,0.0,5.039741,-0.160000026,-2.13253713,0.0,86.38833,0.0,3.4034977,0.64,-2.23733616,0.0,86.6687546,0.0,3.4034977,0.64,-2.23733616,0.0,86.6687546,0.0,1.0,0.0,1.0,0.0,0.0,0.0,0.0,1,1,2,15,2,7.23643,7.23643,Tina A,5478,2026-09-18T13:58:51.444786,,,
DATA,21.358,3.617566,0.64,-2.186799,0.0,87.779686,0.0,5.216365,-0.160000026,-2.12481165,0.0,87.779686,0.0,3.617566,0.64,-2.186799,0.0,87.779686,0.0,3.617566,0.64,-2.186799,0.0,87.779686,0.0,0.0,0.0,1.0,0.0,0.0,0.0,0.0,1,1,2,15,2,7.287484,7.287484,Tina A,5478,2026-09-18T13:58:51.501624,,,
DATA,21.409,3.794917,0.64,-2.179923,0.0,87.779686,0.0,5.393716,-0.160000026,-2.11793566,0.0,87.779686,0.0,3.794917,0.64,-2.179923,0.0,87.779686,0.0,3.794917,0.64,-2.179923,0.0,87.779686,0.0,0.0,0.0,1.0,0.0,0.0,0.0,0.0,1,1,2,15,2,7.33727741,7.33727741,Tina A,5478,2026-09-18T13:58:51.550307,,,
DATA,21.457,3.9639473,0.64,-2.17336941,0.0,87.779686,0.0,5.562746,-0.160000026,-2.111382,0.0,87.779686,0.0,3.9639473,0.64,-2.17336941,0.0,87.779686,0.0,3.9639473,0.64,-2.17336941,0.0,87.779686,0.0,0.0,0.0,1.0,0.0,0.0,0.0,0.0,1,1,2,15,2,7.385936,7.385936,Tina A,5478,2026-09-18T13:58:51.599126,,,
DATA,21.507,4.14113474,0.640000045,-2.16649961,0.0,87.779686,0.0,5.73993349,-0.159999967,-2.10451221,0.0,87.779686,0.0,4.14113474,0.640000045,-2.16649961,0.0,87.779686,0.0,4.14113474,0.640000045,-2.16649961,0.0,87.779686,0.0,0.0,0.0,1.0,0.0,0.0,0.0,0.0,1,1,2,15,2,7.436576,7.436576,Tina A,5478,2026-09-18T13:58:51.649470,,,
DATA,21.559,4.31766033,0.6399999,-2.15965557,0.0,87.779686,0.0,5.916459,-0.160000086,-2.09766817,0.0,87.779686,0.0,4.31766033,0.6399999,-2.15965557,0.0,87.779686,0.0,4.31766033,0.6399999,-2.15965557,0.0,87.779686,0.0,0.0,0.0,1.0,0.0,0.0,0.0,0.0,1,1,2,15,2,7.48739147,7.48739147,Tina A,5478,2026-09-18T13:58:51.700056,,,
DATA,21.606,4.48673964,0.64,-2.1531,0.0,87.779686,0.0,6.08553839,-0.160000026,-2.09111261,0.0,87.779686,0.0,4.48673964,0.64,-2.1531,0.0,87.779686,0.0,4.48673964,0.64,-2.1531,0.0,87.779686,0.0,0.0,0.0,1.0,0.0,0.0,0.0,0.0,1,1,2,15,2,7.535178,7.535178,Tina A,5478,2026-09-18T13:58:51.748146,,,
DATA,21.656,4.6619215,0.64,-2.14630818,0.0,87.779686,0.0,6.26072025,-0.160000026,-2.08432078,0.0,87.779686,0.0,4.6619215,0.64,-2.14630818,0.0,87.779686,0.0,4.6619215,0.64,-2.14630818,0.0,87.779686,0.0,0.0,0.0,1.0,0.0,0.0,0.0,0.0,1,1,2,15,2,7.58517551,7.58517551,Tina A,5478,2026-09-18T13:58:51.797709,,,
DATA,21.707,4.838846,0.6399999,-2.1394484,0.0,87.779686,0.0,6.437645,-0.160000086,-2.077461,0.0,87.779686,0.0,4.838846,0.6399999,-2.1394484,0.0,87.779686,0.0,4.838846,0.6399999,-2.1394484,0.0,87.779686,0.0,0.0,0.0,1.0,0.0,0.0,0.0,0.0,1,1,2,15,2,7.635869,7.635869,Tina A,5478,2026-09-18T13:58:51.848654,,,
DATA,21.758,5.016747,0.64,-2.13255119,0.0,87.779686,0.0,6.61554575,-0.160000026,-2.07056379,0.0,87.779686,0.0,5.016747,0.64,-2.13255119,0.0,87.779686,0.0,5.016747,0.64,-2.13255119,0.0,87.779686,0.0,0.0,0.0,1.0,0.0,0.0,0.0,0.0,1,1,2,15,2,7.68701458,7.68701458,Tina A,5478,2026-09-18T13:58:51.898868,,,
DATA,21.809,5.19475555,0.640000045,-2.12564945,0.0,87.779686,0.0,6.79355431,-0.159999967,-2.063662,0.0,87.779686,0.0,5.19475555,0.640000045,-2.12564945,0.0,87.779686,0.0,5.19475555,0.640000045,-2.12564945,0.0,87.779686,0.0,0.0,0.0,1.0,0.0,0.0,0.0,0.0,1,1,2,15,2,7.73786068,7.73786068,Tina A,5478,2026-09-18T13:58:51.950614,,,
DATA,21.856,5.359559,0.64,-2.11925983,0.0,87.779686,0.0,6.958358,-0.160000026,-2.05727243,0.0,87.779686,0.0,5.359559,0.64,-2.11925983,0.0,87.779686,0.0,5.359559,0.64,-2.11925983,0.0,87.779686,0.0,0.0,0.0,1.0,0.0,0.0,0.0,0.0,1,1,2,15,2,7.784787,7.784787,Tina A,5478,2026-09-18T13:58:51.998037,,,
DATA,21.906,5.53392172,0.6399999,-2.11249948,0.0,87.779686,0.0,7.13272047,-0.160000086,-2.050512,0.0,87.779686,0.0,5.53392172,0.6399999,-2.11249948,0.0,87.779686,0.0,5.53392172,0.6399999,-2.11249948,0.0,87.779686,0.0,0.0,0.0,1.0,0.0,0.0,0.0,0.0,1,1,2,15,2,7.834922,7.834922,Tina A,5478,2026-09-18T13:58:52.048162,,,
DATA,21.957,5.708454,0.640000045,-2.10573268,0.0,87.779686,0.0,7.307253,-0.159999967,-2.04374528,0.0,87.779686,0.0,5.708454,0.640000045,-2.10573268,0.0,87.779686,0.0,5.708454,0.640000045,-2.10573268,0.0,87.779686,0.0,0.0,0.0,1.0,0.0,0.0,0.0,0.0,1,1,2,15,2,7.88598347,7.88598347,Tina A,5478,2026-09-18T13:58:52.094107,,,
DATA,22.005,5.879502,0.64,-2.099101,0.0,87.779686,0.0,7.47830057,-0.160000026,-2.03711367,0.0,87.779686,0.0,5.879502,0.64,-2.099101,0.0,87.779686,0.0,5.879502,0.64,-2.099101,0.0,87.779686,0.0,0.0,0.0,1.0,0.0,0.0,0.0,0.0,1,1,2,15,2,7.93365,7.93365,Tina A,5478,2026-09-18T13:58:52.141709,,,
DATA,22.055,6.059711,0.640000045,-2.092114,0.0,87.779686,0.0,7.65850973,-0.159999967,-2.03012657,0.0,87.779686,0.0,6.059711,0.640000045,-2.092114,0.0,87.779686,0.0,6.059711,0.640000045,-2.092114,0.0,87.779686,0.0,0.0,0.0,1.0,0.0,0.0,0.0,0.0,1,1,2,15,2,7.984561,7.984561,Tina A,5478,2026-09-18T13:58:52.196882,,,
DATA,22.105,6.23065758,0.64,-2.08548617,0.0,87.779686,0.0,7.82945633,-0.160000026,-2.02349877,0.0,87.779686,0.0,6.23065758,0.64,-2.08548617,0.0,87.779686,0.0,6.23065758,0.64,-2.08548617,0.0,87.779686,0.0,0.0,0.0,1.0,0.0,0.0,0.0,0.0,1,1,2,15,2,8.033904,8.033904,Tina A,5478,2026-09-18T13:58:52.247303,,,
DATA,22.159,6.41699028,0.64,-2.07826185,0.0,87.779686,0.0,8.015789,-0.160000026,-2.01627445,0.0,87.779686,0.0,6.41699028,0.64,-2.07826185,0.0,87.779686,0.0,6.41699028,0.64,-2.07826185,0.0,87.779686,0.0,0.0,0.0,1.0,0.0,0.0,0.0,0.0,1,1,2,15,2,8.08756,8.08756,Tina A,5478,2026-09-18T13:58:52.301227,,,
DATA,22.205,6.58167553,0.640000045,-2.07187676,0.0,87.779686,0.0,8.180474,-0.159999967,-2.00988936,0.0,87.779686,0.0,6.58167553,0.640000045,-2.07187676,0.0,87.779686,0.0,6.58167553,0.640000045,-2.07187676,0.0,87.779686,0.0,0.0,0.0,1.0,0.0,0.0,0.0,0.0,1,1,2,15,2,8.134229,8.134229,Tina A,5478,2026-09-18T13:58:52.348145,,,
DATA,22.258,6.762556,0.640000045,-2.064864,0.0,87.779686,0.0,8.361355,-0.159999967,-2.00287652,0.0,87.779686,0.0,6.762556,0.640000045,-2.064864,0.0,87.779686,0.0,6.762556,0.640000045,-2.064864,0.0,87.779686,0.0,0.0,0.0,1.0,0.0,0.0,0.0,0.0,1,1,2,15,2,8.186967,8.186967,Tina A,5478,2026-09-18T13:58:52.395790,,,
DATA,22.307,6.930648,0.64,-2.05834675,0.0,87.779686,0.0,8.529447,-0.160000026,-1.99635935,0.0,87.779686,0.0,6.930648,0.64,-2.05834675,0.0,87.779686,0.0,6.930648,0.64,-2.05834675,0.0,87.779686,0.0,0.0,0.0,1.0,0.0,0.0,0.0,0.0,1,1,2,15,2,8.235406,8.235406,Tina A,5478,2026-09-18T13:58:52.449230,,,
DATA,22.361,7.11630535,0.64,-2.05114865,0.0,87.779686,0.0,8.715104,-0.160000026,-1.98916113,0.0,87.779686,0.0,7.11630535,0.64,-2.05114865,0.0,87.779686,0.0,7.11630535,0.64,-2.05114865,0.0,87.779686,0.0,0.0,0.0,1.0,0.0,0.0,0.0,0.0,1,1,2,15,2,8.289153,8.289153,Tina A,5478,2026-09-18T13:58:52.503346,,,
DATA,22.406,7.28113651,0.64,-2.04475784,0.0,87.779686,0.0,8.879935,-0.160000026,-1.98277044,0.0,87.779686,0.0,7.28113651,0.64,-2.04475784,0.0,87.779686,0.0,7.28113651,0.64,-2.04475784,0.0,87.779686,0.0,0.0,0.0,1.0,0.0,0.0,0.0,0.0,1,1,2,15,2,8.334916,8.334916,Tina A,5478,2026-09-18T13:58:52.548324,,,
DATA,22.454,7.45109844,0.64,-2.03816843,0.0,87.779686,0.0,9.049897,-0.160000026,-1.97618091,0.0,87.779686,0.0,7.45109844,0.64,-2.03816843,0.0,87.779686,0.0,7.45109844,0.64,-2.03816843,0.0,87.779686,0.0,0.0,0.0,1.0,0.0,0.0,0.0,0.0,1,1,2,15,2,8.383582,8.383582,Tina A,5478,2026-09-18T13:58:52.592054,,,
DATA,22.508,7.6369133,0.640000045,-2.03096414,0.0,87.779686,0.0,9.235712,-0.159999967,-1.96897662,0.0,87.779686,0.0,7.6369133,0.640000045,-2.03096414,0.0,87.779686,0.0,7.6369133,0.640000045,-2.03096414,0.0,87.779686,0.0,0.0,0.0,1.0,0.0,0.0,0.0,0.0,1,1,2,15,2,8.436776,8.436776,Tina A,5478,2026-09-18T13:58:52.650098,,,
DATA,22.558,7.816106,0.640000045,-2.02401662,0.0,87.779686,0.0,9.414905,-0.159999967,-1.9620291,0.0,87.779686,0.0,7.816106,0.640000045,-2.02401662,0.0,87.779686,0.0,7.816106,0.640000045,-2.02401662,0.0,87.779686,0.0,0.0,0.0,1.0,0.0,0.0,0.0,0.0,1,1,2,15,2,8.487708,8.487708,Tina A,5478,2026-09-18T13:58:52.696192,,,
DATA,22.61,7.992071,0.64,-2.017194,0.0,87.779686,0.0,9.59087,-0.160000026,-1.95520663,0.0,87.779686,0.0,7.992071,0.64,-2.017194,0.0,87.779686,0.0,7.992071,0.64,-2.017194,0.0,87.779686,0.0,0.0,0.0,1.0,0.0,0.0,0.0,0.0,1,1,3,15,3,8.537993,8.537993,Tina A,5478,2026-09-18T13:58:52.752284,,,
DATA,22.658,8.209483,0.64,-2.09745884,0.0,84.0697,0.0,9.763611,-0.160000026,-1.94515181,0.0,84.34192,0.0,8.209483,0.64,-2.09745884,0.0,84.0697,0.0,8.209483,0.64,-2.09745884,0.0,84.0697,0.0,-1.0,0.0,1.0,0.0,0.0,0.0,0.0,1,1,3,15,3,8.587052,8.587052,Tina A,5478,2026-09-18T13:58:52.800186,,,
DATA,22.709,8.403515,0.64,-2.19669819,0.0,79.49295,0.0,9.939683,-0.160000026,-1.9212389,0.0,79.7715759,0.0,8.403515,0.64,-2.19669819,0.0,79.49295,0.0,8.403515,0.64,-2.19669819,0.0,79.49295,0.0,-1.0,0.0,1.0,0.0,0.0,0.0,0.0,1,1,3,15,3,8.637942,8.637942,Tina A,5478,2026-09-18T13:58:52.850064,,,
DATA,22.76,8.612965,0.6399999,-2.274953,0.0,74.91232,0.0,10.1101093,-0.160000086,-1.8841846,0.0,75.28565,0.0,8.612965,0.6399999,-2.274953,0.0,74.91232,0.0,8.612965,0.6399999,-2.274953,0.0,74.91232,0.0,-1.0,0.0,1.0,0.0,0.0,0.0,0.0,1,1,3,15,3,8.689364,8.689364,Tina A,5478,2026-09-18T13:58:52.902774,,,
DATA,22.807,8.794602,0.64,-2.34491062,0.0,70.66483,0.0,10.2725067,-0.160000026,-1.835551,0.0,70.9254,0.0,8.794602,0.64,-2.34491062,0.0,70.66483,0.0,8.794602,0.64,-2.34491062,0.0,70.66483,0.0,-1.0,0.0,1.0,0.0,0.0,0.0,0.0,1,1,3,15,3,8.735932,8.735932,Tina A,5478,2026-09-18T13:58:52.944098,,,
DATA,22.858,9.008451,0.64,-2.39424467,0.0,66.09719,0.0,10.4368067,-0.160000026,-1.77204728,0.0,66.3948059,0.0,9.008451,0.64,-2.39424467,0.0,66.09719,0.0,9.008451,0.64,-2.39424467,0.0,66.09719,0.0,-1.0,0.0,1.0,0.0,0.0,0.0,0.0,1,1,3,15,3,8.786889,8.786889,Tina A,5478,2026-09-18T13:58:53.000032,,,
DATA,22.908,9.213748,0.6399999,-2.43232346,0.0,61.6380577,0.0,10.5948334,-0.160000086,-1.696153,0.0,61.8857269,0.0,9.213748,0.6399999,-2.43232346,0.0,61.6380577,0.0,9.213748,0.6399999,-2.43232346,0.0,61.6380577,0.0,-1.0,0.0,1.0,0.0,0.0,0.0,0.0,1,1,3,15,3,8.836158,8.836158,Tina A,5478,2026-09-18T13:58:53.044635,,,
DATA,22.957,9.426293,0.64,-2.44837952,0.0,57.1897621,0.0,10.7436228,-0.160000026,-1.609896,0.0,57.4621964,0.0,9.426293,0.64,-2.44837952,0.0,57.1897621,0.0,9.426293,0.64,-2.44837952,0.0,57.1897621,0.0,-1.0,0.0,1.0,0.0,0.0,0.0,0.0,1,1,3,15,3,8.88572,8.88572,Tina A,5478,2026-09-18T13:58:53.097500,,,
DATA,23.008,9.645499,0.64,-2.450234,0.0,52.5700455,0.0,10.8915958,-0.160000026,-1.50766838,0.0,52.8361931,0.0,9.645499,0.64,-2.450234,0.0,52.5700455,0.0,9.645499,0.64,-2.450234,0.0,52.5700455,0.0,-1.0,0.0,1.0,0.0,0.0,0.0,0.0,1,1,3,15,3,8.93701649,8.93701649,Tina A,5478,2026-09-18T13:58:53.150118,,,
DATA,23.058,9.861197,0.64,-2.43379545,0.0,48.02651,0.0,11.028285,-0.160000026,-1.39609194,0.0,48.297802,0.0,9.861197,0.64,-2.43379545,0.0,48.02651,0.0,9.861197,0.64,-2.43379545,0.0,48.02651,0.0,-1.0,0.0,1.0,0.0,0.0,0.0,0.0,1,1,3,15,3,8.987529,8.987529,Tina A,5478,2026-09-18T13:58:53.200110,,,
DATA,23.105,10.060091,0.64,-2.40537643,0.0,43.7748451,0.0,11.14851,-0.160000026,-1.28150964,0.0,44.02616,0.0,10.060091,0.64,-2.40537643,0.0,43.7748451,0.0,10.060091,0.64,-2.40537643,0.0,43.7748451,0.0,-1.0,0.0,1.0,0.0,0.0,0.0,0.0,1,1,3,15,3,9.03465748,9.03465748,Tina A,5478,2026-09-18T13:58:53.247516,,,
DATA,23.156,10.2720938,0.64,-2.353786,0.0,39.225338,0.0,11.2661018,-0.160000026,-1.15087891,0.0,39.5054359,0.0,10.2720938,0.64,-2.353786,0.0,39.225338,0.0,10.2720938,0.64,-2.353786,0.0,39.225338,0.0,-1.0,0.0,1.0,0.0,0.0,0.0,0.0,1,1,3,15,3,9.085368,9.085368,Tina A,5478,2026-09-18T13:58:53.298749,,,
DATA,23.206,10.4714918,0.6399999,-2.29373717,0.0,34.8045425,0.0,11.3714952,-0.160000086,-1.01357353,0.0,35.0533829,0.0,10.4714918,0.6399999,-2.29373717,0.0,34.8045425,0.0,10.4714918,0.6399999,-2.29373717,0.0,34.8045425,0.0,-1.0,0.0,1.0,0.0,0.0,0.0,0.0,1,1,3,15,3,9.134315,9.134315,Tina A,5478,2026-09-18T13:58:53.342842,,,
DATA,23.257,10.62018,0.64,-2.1985774,0.0,30.2318172,0.0,11.4096651,-0.160000026,-0.8688839,0.0,30.6115017,0.0,10.62018,0.64,-2.1985774,0.0,30.2318172,0.0,10.62018,0.64,-2.1985774,0.0,30.2318172,0.0,-1.0,0.0,1.0,0.0,0.0,0.0,0.0,1,1,3,15,3,9.185849,9.185849,Tina A,5478,2026-09-18T13:58:53.398801,,,
DATA,23.306,10.7242174,0.64,-2.11683154,0.0,25.73164,0.0,11.4111061,-0.160000026,-0.710687339,0.0,25.9799614,0.0,10.7242174,0.64,-2.11683154,0.0,25.73164,0.0,10.7242174,0.64,-2.11683154,0.0,25.73164,0.0,-1.0,0.0,1.0,0.0,0.0,0.0,0.0,1,1,3,15,3,9.235122,9.235122,Tina A,5478,2026-09-18T13:58:53.447592,,,
DATA,23.356,10.8377647,0.64,-2.001321,0.0,21.2924,0.0,11.4124613,-0.160000026,-0.5552629,0.0,21.6036015,0.0,10.8377647,0.64,-2.001321,0.0,21.2924,0.0,10.8377647,0.64,-2.001321,0.0,21.2924,0.0,-1.0,0.0,1.0,0.0,0.0,0.0,0.0,1,1,3,15,3,9.284797,9.284797,Tina A,5478,2026-09-18T13:58:53.493323,,,
DATA,23.407,10.9567242,0.6399999,-1.87232733,0.0,16.7167263,0.0,11.4140081,-0.160000086,-0.388513833,0.0,17.0519581,0.0,10.9567242,0.6399999,-1.87232733,0.0,16.7167263,0.0,10.9567242,0.6399999,-1.87232733,0.0,16.7167263,0.0,-1.0,0.0,1.0,0.0,0.0,0.0,0.0,1,1,3,15,3,9.335771,9.335771,Tina A,5478,2026-09-18T13:58:53.548594,,,
DATA,23.459,11.0799389,0.6399999,-1.73327529,0.0,12.0751209,0.0,11.4155722,-0.160000086,-0.213042364,0.0,12.38086,0.0,11.0799389,0.6399999,-1.73327529,0.0,12.0751209,0.0,11.0799389,0.6399999,-1.73327529,0.0,12.0751209,0.0,-1.0,0.0,1.0,0.0,0.0,0.0,0.0,1,1,3,15,3,9.387179,9.387179,Tina A,5478,2026-09-18T13:58:53.595480,,,
DATA,23.505,11.1938,0.64,-1.5972091,0.0,7.88408,0.0,11.4169731,-0.160000026,-0.0515000224,0.0,8.155133,0.0,11.1938,0.64,-1.5972091,0.0,7.88408,0.0,11.1938,0.64,-1.5972091,0.0,7.88408,0.0,-1.0,0.0,1.0,0.0,0.0,0.0,0.0,1,1,3,15,3,9.433555,9.433555,Tina A,5478,2026-09-18T13:58:53.642510,,,
DATA,23.558,11.3231745,0.64,-1.41960013,0.0,3.11627078,0.0,11.418664,-0.160000026,0.130441368,0.0,3.44936872,0.0,11.3231745,0.64,-1.41960013,0.0,3.11627078,0.0,11.3231745,0.64,-1.41960013,0.0,3.11627078,0.0,-1.0,0.0,1.0,0.0,0.0,0.0,0.0,1,1,3,15,3,9.486875,9.486875,Tina A,5478,2026-09-18T13:58:53.695803,,,
DATA,23.608,11.4466705,0.64,-1.25231767,0.0,-1.3576355,0.0,11.4195747,-0.160000026,0.305805832,0.0,-1.06265259,0.0,11.4466705,0.64,-1.25231767,0.0,-1.3576355,0.0,11.4466705,0.64,-1.25231767,0.0,-1.3576355,0.0,-1.0,0.0,1.0,0.0,0.0,0.0,0.0,1,1,3,15,3,9.536374,9.536374,Tina A,5478,2026-09-18T13:58:53.750007,,,
DATA,23.657,11.5600958,0.64,-1.07623792,0.0,-5.81506348,0.0,11.4101734,-0.160000026,0.480348021,0.0,-5.55853271,0.0,11.5600958,0.64,-1.07623792,0.0,-5.81506348,0.0,11.5600958,0.64,-1.07623792,0.0,-5.81506348,0.0,-1.0,0.0,1.0,0.0,0.0,0.0,0.0,1,1,3,15,3,9.585687,9.585687,Tina A,5478,2026-09-18T13:58:53.798210,,,
DATA,23.783,11.497261,0.64,-0.268193722,0.0,-14.9396667,0.0,11.3863411,-0.160000026,0.659094453,0.0,-10.1966553,0.0,11.497261,0.64,-0.268193722,0.0,-14.9396667,0.0,11.497261,0.64,-0.268193722,0.0,-14.9396667,0.0,-1.0,0.0,1.0,0.0,0.0,0.0,0.0,1,1,3,15,3,9.711995,9.711995,Tina A,5478,2026-09-18T13:58:53.921113,,,
DATA,23.791,11.7921457,0.64,-0.5371499,0.0,-17.7549438,0.0,11.3373613,-0.160000026,0.931399941,0.0,-17.3111572,0.0,11.7921457,0.64,-0.5371499,0.0,-17.7549438,0.0,11.7921457,0.64,-0.5371499,0.0,-17.7549438,0.0,-1.0,0.0,1.0,0.0,0.0,0.0,0.0,1,1,3,15,3,9.719392,9.719392,Tina A,5478,2026-09-18T13:58:53.946655,,,
DATA,23.809,11.8064785,0.64,-0.456393719,0.0,-19.3277283,0.0,11.3200941,-0.160000026,0.985591531,0.0,-18.7737122,0.0,11.8064785,0.64,-0.456393719,0.0,-19.3277283,0.0,11.8064785,0.64,-0.456393719,0.0,-19.3277283,0.0,-1.0,0.0,1.0,0.0,0.0,0.0,0.0,1,1,3,15,3,9.737479,9.737479,Tina A,5478,2026-09-18T13:58:53.968910,,,
DATA,23.858,11.869173,0.64,-0.265603542,0.0,-23.8109741,0.0,11.2557049,-0.160000026,1.15516865,0.0,-23.4394531,0.0,11.869173,0.64,-0.265603542,0.0,-23.8109741,0.0,11.869173,0.64,-0.265603542,0.0,-23.8109741,0.0,-1.0,0.0,1.0,0.0,0.0,0.0,0.0,1,1,3,15,3,9.786281,9.786281,Tina A,5478,2026-09-18T13:58:53.999354,,,
DATA,23.909,11.9095917,0.640000045,-0.0520768166,0.0,-28.4755249,0.0,11.17646,-0.159999967,1.32104564,0.0,-28.1679382,0.0,11.9095917,0.640000045,-0.0520768166,0.0,-28.4755249,0.0,11.9095917,0.640000045,-0.0520768166,0.0,-28.4755249,0.0,-1.0,0.0,1.0,0.0,0.0,0.0,0.0,1,1,3,15,3,9.837752,9.837752,Tina A,5478,2026-09-18T13:58:54.050641,,,
DATA,23.956,11.9263325,0.64,0.14560318,0.0,-32.65149,0.0,11.0952549,-0.160000026,1.46159887,0.0,-32.3429565,0.0,11.9263325,0.64,0.14560318,0.0,-32.65149,0.0,11.9263325,0.64,0.14560318,0.0,-32.65149,0.0,-1.0,0.0,1.0,0.0,0.0,0.0,0.0,1,1,3,15,3,9.884158,9.884158,Tina A,5478,2026-09-18T13:58:54.092445,,,
DATA,24.009,11.9246254,0.64,0.37602663,0.0,-37.4572754,0.0,10.9902554,-0.160000026,1.6144464,0.0,-37.1127319,0.0,11.9246254,0.64,0.37602663,0.0,-37.4572754,0.0,11.9246254,0.64,0.37602663,0.0,-37.4572754,0.0,-1.0,0.0,1.0,0.0,0.0,0.0,0.0,1,1,3,15,3,9.937757,9.937757,Tina A,5478,2026-09-18T13:58:54.151679,,,
DATA,24.058,11.9150238,0.640000045,0.5873847,0.0,-42.0090942,0.0,10.8766365,-0.159999967,1.75379872,0.0,-41.7374573,0.0,11.9150238,0.640000045,0.5873847,0.0,-42.0090942,0.0,11.9150238,0.640000045,0.5873847,0.0,-42.0090942,0.0,-1.0,0.0,1.0,0.0,0.0,0.0,0.0,1,1,3,15,3,9.987926,9.987926,Tina A,5478,2026-09-18T13:58:54.200438,,,
DATA,24.107,11.8834562,0.64,0.7867727,0.0,-46.2367859,0.0,10.7636471,-0.160000026,1.87243259,0.0,-45.9512024,0.0,11.8834562,0.64,0.7867727,0.0,-46.2367859,0.0,11.8834562,0.64,0.7867727,0.0,-46.2367859,0.0,-1.0,0.0,1.0,0.0,0.0,0.0,0.0,1,1,3,15,3,10.0349779,10.0349779,Tina A,5478,2026-09-18T13:58:54.243574,,,
DATA,24.161,11.820406,0.640000045,1.01602125,0.0,-51.10974,0.0,10.6254921,-0.159999967,1.99631238,0.0,-50.72415,0.0,11.820406,0.640000045,1.01602125,0.0,-51.10974,0.0,11.820406,0.640000045,1.01602125,0.0,-51.10974,0.0,-1.0,0.0,1.0,0.0,0.0,0.0,0.0,1,1,3,15,3,10.0896769,10.0896769,Tina A,5478,2026-09-18T13:58:54.297697,,,
DATA,24.208,11.7673216,0.64,1.20687056,0.0,-55.4070129,0.0,10.4897652,-0.160000026,2.099814,0.0,-55.11435,0.0,11.7673216,0.64,1.20687056,0.0,-55.4070129,0.0,11.7673216,0.64,1.20687056,0.0,-55.4070129,0.0,-1.0,0.0,1.0,0.0,0.0,0.0,0.0,1,1,3,15,3,10.1369085,10.1369085,Tina A,5478,2026-09-18T13:58:54.349990,,,
DATA,24.255,11.6926289,0.64,1.39274168,0.0,-59.63153,0.0,10.3518066,-0.160000026,2.1894455,0.0,-59.3457642,0.0,11.6926289,0.64,1.39274168,0.0,-59.63153,0.0,11.6926289,0.64,1.39274168,0.0,-59.63153,0.0,-1.0,0.0,1.0,0.0,0.0,0.0,0.0,1,1,3,15,3,10.18381,10.18381,Tina A,5478,2026-09-18T13:58:54.396713,,,
DATA,24.311,11.5775614,0.640000045,1.60262108,0.0,-64.54071,0.0,10.1873865,-0.159999967,2.2786088,0.0,-64.15683,0.0,11.5775614,0.640000045,1.60262108,0.0,-64.54071,0.0,11.5775614,0.640000045,1.60262108,0.0,-64.54071,0.0,-1.0,0.0,1.0,0.0,0.0,0.0,0.0,1,1,3,15,3,10.2389,10.2389,Tina A,5478,2026-09-18T13:58:54.452881,,,
DATA,24.357,11.4835234,0.64,1.77238512,0.0,-68.74844,0.0,10.0346928,-0.160000026,2.34638858,0.0,-68.4537048,0.0,11.4835234,0.64,1.77238512,0.0,-68.74844,0.0,11.4835234,0.64,1.77238512,0.0,-68.74844,0.0,-1.0,0.0,1.0,0.0,0.0,0.0,0.0,1,1,3,15,3,10.2851591,10.2851591,Tina A,5478,2026-09-18T13:58:54.493294,,,
DATA,24.405,11.3611231,0.64,1.94298649,0.0,-73.15909,0.0,9.873377,-0.160000026,2.403808,0.0,-72.85785,0.0,11.3611231,0.64,1.94298649,0.0,-73.15909,0.0,11.3611231,0.64,1.94298649,0.0,-73.15909,0.0,-1.0,0.0,1.0,0.0,0.0,0.0,0.0,1,1,3,15,3,10.3342009,10.3342009,Tina A,5478,2026-09-18T13:58:54.547784,,,
DATA,24.46,11.2069931,0.640000045,2.11924648,0.0,-78.03012,0.0,9.692134,-0.159999967,2.452205,0.0,-77.6831055,0.0,11.2069931,0.640000045,2.11924648,0.0,-78.03012,0.0,11.2069931,0.640000045,2.11924648,0.0,-78.03012,0.0,-1.0,0.0,1.0,0.0,0.0,0.0,0.0,1,1,3,15,3,10.3885775,10.3885775,Tina A,5478,2026-09-18T13:58:54.602246,,,
DATA,24.508,11.0655375,0.640000045,2.264258,0.0,-82.32678,0.0,9.527048,-0.159999967,2.48250747,0.0,-82.00012,0.0,11.0655375,0.640000045,2.264258,0.0,-82.32678,0.0,11.0655375,0.640000045,2.264258,0.0,-82.32678,0.0,-1.0,0.0,1.0,0.0,0.0,0.0,0.0,1,1,3,15,3,10.4362059,10.4362059,Tina A,5478,2026-09-18T13:58:54.644634,,,
DATA,24.557,10.9068117,0.64,2.40475368,0.0,-86.82776,0.0,9.351924,-0.160000026,2.50089073,0.0,-86.5292358,0.0,10.9068117,0.64,2.40475368,0.0,-86.82776,0.0,10.9068117,0.64,2.40475368,0.0,-86.82776,0.0,-1.0,0.0,1.0,0.0,0.0,0.0,0.0,1,1,3,15,3,10.48606,10.48606,Tina A,5478,2026-09-18T13:58:54.694089,,,
DATA,24.608,10.7318726,0.64,2.53196335,0.0,-91.36429,0.0,9.176123,-0.160000026,2.50530052,0.0,-91.05243,0.0,10.7318726,0.64,2.53196335,0.0,-91.36429,0.0,10.7318726,0.64,2.53196335,0.0,-91.36429,0.0,-1.0,0.0,1.0,0.0,0.0,0.0,0.0,1,1,3,15,3,10.53654,10.53654,Tina A,5478,2026-09-18T13:58:54.750468,,,
DATA,24.657,10.5560217,0.64,2.64555073,0.0,-95.82733,0.0,9.001196,-0.160000026,2.49589062,0.0,-95.55823,0.0,10.5560217,0.64,2.64555073,0.0,-95.82733,0.0,10.5560217,0.64,2.64555073,0.0,-95.82733,0.0,-1.0,0.0,1.0,0.0,0.0,0.0,0.0,1,1,3,15,3,10.5858927,10.5858927,Tina A,5478,2026-09-18T13:58:54.798732,,,
DATA,24.709,10.3604984,0.64,2.74475861,0.0,-100.413635,0.0,8.825209,-0.160000026,2.47238231,0.0,-100.125031,0.0,10.3604984,0.64,2.74475861,0.0,-100.413635,0.0,10.3604984,0.64,2.74475861,0.0,-100.413635,0.0,-1.0,0.0,1.0,0.0,0.0,0.0,0.0,1,1,3,15,3,10.6369581,10.6369581,Tina A,5478,2026-09-18T13:58:54.850349,,,
DATA,24.759,10.2110424,0.64,2.79402256,0.0,-102.940094,0.0,8.651675,-0.160000026,2.43573117,0.0,-102.940094,0.0,10.2110424,0.64,2.79402256,0.0,-102.940094,0.0,10.2110424,0.64,2.79402256,0.0,-102.940094,0.0,0.0,0.0,1.0,0.0,0.0,0.0,0.0,1,1,3,15,3,10.6874475,10.6874475,Tina A,5478,2026-09-18T13:58:54.900036,,,
DATA,24.809,10.0901794,0.64,2.768084,0.0,-102.606384,0.0,8.485292,-0.160000026,2.39750218,0.0,-102.940094,0.0,10.0901794,0.64,2.768084,0.0,-102.606384,0.0,10.0901794,0.64,2.768084,0.0,-102.606384,0.0,1.0,0.0,1.0,0.0,0.0,0.0,0.0,1,1,3,15,3,10.73717,10.73717,Tina A,5478,2026-09-18T13:58:54.945568,,,
DATA,24.855,9.940926,0.64,2.61318922,0.0,-98.36975,0.0,8.321281,-0.160000026,2.36552572,0.0,-98.64221,0.0,9.940926,0.64,2.61318922,0.0,-98.36975,0.0,9.940926,0.64,2.61318922,0.0,-98.36975,0.0,1.0,0.0,1.0,0.0,0.0,0.0,0.0,1,1,3,15,3,10.7839041,10.7839041,Tina A,5478,2026-09-18T13:58:54.996729,,,
DATA,24.907,9.775227,0.64,2.4600358,0.0,-93.70792,0.0,8.141125,-0.160000026,2.34492564,0.0,-93.97812,0.0,9.775227,0.64,2.4600358,0.0,-93.70792,0.0,9.775227,0.64,2.4600358,0.0,-93.70792,0.0,1.0,0.0,1.0,0.0,0.0,0.0,0.0,1,1,3,15,3,10.8356886,10.8356886,Tina A,5478,2026-09-18T13:58:55.048048,,,
DATA,24.958,9.601475,0.64,2.32350636,0.0,-89.13602,0.0,7.96345758,-0.160000026,2.33903,0.0,-89.40579,0.0,9.601475,0.64,2.32350636,0.0,-89.13602,0.0,9.601475,0.64,2.32350636,0.0,-89.13602,0.0,1.0,0.0,1.0,0.0,0.0,0.0,0.0,1,1,3,15,3,10.8864851,10.8864851,Tina A,5478,2026-09-18T13:58:55.099001,,,
DATA,25.007,9.427271,0.64,2.20694256,0.0,-84.7880249,0.0,7.794698,-0.160000026,2.3465395,0.0,-85.06091,0.0,9.427271,0.64,2.20694256,0.0,-84.7880249,0.0,9.427271,0.64,2.20694256,0.0,-84.7880249,0.0,1.0,0.0,1.0,0.0,0.0,0.0,0.0,1,1,3,15,3,10.9348135,10.9348135,Tina A,5478,2026-09-18T13:58:55.148272,,,
DATA,25.059,9.201827,0.64,2.20294857,0.0,-84.18909,0.0,7.610049,-0.160000026,2.3649416,0.0,-84.18909,0.0,9.201827,0.64,2.20294857,0.0,-84.18909,0.0,9.201827,0.64,2.20294857,0.0,-84.18909,0.0,0.0,0.0,1.0,0.0,0.0,0.0,0.0,1,1,3,15,3,10.987956,10.987956,Tina A,5478,2026-09-18T13:58:55.200577,,,
DATA,25.106,9.037953,0.640000045,2.21962571,0.0,-84.18909,0.0,7.446175,-0.159999967,2.38161874,0.0,-84.18909,0.0,9.037953,0.640000045,2.21962571,0.0,-84.18909,0.0,9.037953,0.640000045,2.21962571,0.0,-84.18909,0.0,0.0,0.0,1.0,0.0,0.0,0.0,0.0,1,1,3,15,3,11.03515,11.03515,Tina A,5478,2026-09-18T13:58:55.243779,,,
DATA,25.158,8.855946,0.64,2.23814821,0.0,-84.18909,0.0,7.26416731,-0.160000026,2.40014124,0.0,-84.18909,0.0,8.855946,0.64,2.23814821,0.0,-84.18909,0.0,8.855946,0.64,2.23814821,0.0,-84.18909,0.0,0.0,0.0,1.0,0.0,0.0,0.0,0.0,1,1,3,15,3,11.0876474,11.0876474,Tina A,5478,2026-09-18T13:58:55.300066,,,
DATA,25.208,8.683647,0.6399999,2.255683,0.0,-84.18909,0.0,7.091869,-0.160000086,2.417676,0.0,-84.18909,0.0,8.683647,0.6399999,2.255683,0.0,-84.18909,0.0,8.683647,0.6399999,2.255683,0.0,-84.18909,0.0,0.0,0.0,1.0,0.0,0.0,0.0,0.0,1,1,3,15,3,11.1365595,11.1365595,Tina A,5478,2026-09-18T13:58:55.350051,,,
DATA,25.255,8.518862,0.640000045,2.27245283,0.0,-84.18909,0.0,6.92708349,-0.159999967,2.43444586,0.0,-84.18909,0.0,8.518862,0.640000045,2.27245283,0.0,-84.18909,0.0,8.518862,0.640000045,2.27245283,0.0,-84.18909,0.0,0.0,0.0,1.0,0.0,0.0,0.0,0.0,1,1,3,15,3,11.1838217,11.1838217,Tina A,5478,2026-09-18T13:58:55.396733,,,
DATA,25.308,8.334173,0.640000045,2.29124832,0.0,-84.18909,0.0,6.74239445,-0.159999967,2.45324135,0.0,-84.18909,0.0,8.334173,0.640000045,2.29124832,0.0,-84.18909,0.0,8.334173,0.640000045,2.29124832,0.0,-84.18909,0.0,0.0,0.0,1.0,0.0,0.0,0.0,0.0,1,1,4,15,4,11.2369413,11.2369413,Tina A,5478,2026-09-18T13:58:55.450164,,,
DATA,25.359,8.157074,0.64,2.30927157,0.0,-84.18909,0.0,6.565295,-0.160000026,2.4712646,0.0,-84.18909,0.0,8.157074,0.64,2.30927157,0.0,-84.18909,0.0,8.157074,0.64,2.30927157,0.0,-84.18909,0.0,0.0,0.0,1.0,0.0,0.0,0.0,0.0,1,1,4,15,4,11.2877607,11.2877607,Tina A,5478,2026-09-18T13:58:55.503053,,,
DATA,25.409,7.98412037,0.64,2.32687259,0.0,-84.18909,0.0,6.392342,-0.160000026,2.48886561,0.0,-84.18909,0.0,7.98412037,0.64,2.32687259,0.0,-84.18909,0.0,7.98412037,0.64,2.32687259,0.0,-84.18909,0.0,0.0,0.0,1.0,0.0,0.0,0.0,0.0,1,1,4,15,4,11.3374376,11.3374376,Tina A,5478,2026-09-18T13:58:55.546190,,,
DATA,25.457,7.816807,0.6399999,2.3439,0.0,-84.18909,0.0,6.22502851,-0.160000086,2.505893,0.0,-84.18909,0.0,7.816807,0.6399999,2.3439,0.0,-84.18909,0.0,7.816807,0.6399999,2.3439,0.0,-84.18909,0.0,0.0,0.0,1.0,0.0,0.0,0.0,0.0,1,1,4,15,4,11.3859339,11.3859339,Tina A,5478,2026-09-18T13:58:55.599398,,,
DATA,25.507,7.64352226,0.6399999,2.36153483,0.0,-84.18909,0.0,6.051744,-0.160000086,2.52352786,0.0,-84.18909,0.0,7.64352226,0.6399999,2.36153483,0.0,-84.18909,0.0,7.64352226,0.6399999,2.36153483,0.0,-84.18909,0.0,0.0,0.0,1.0,0.0,0.0,0.0,0.0,1,1,4,15,4,11.4354773,11.4354773,Tina A,5478,2026-09-18T13:58:55.649364,,,
DATA,25.555,7.526325,0.64,2.37531376,0.0,-83.84372,0.0,5.88584471,-0.160000026,2.54041123,0.0,-84.18909,0.0,7.526325,0.64,2.37531376,0.0,-83.84372,0.0,7.526325,0.64,2.37531376,0.0,-83.84372,0.0,1.0,0.0,1.0,0.0,0.0,0.0,0.0,1,1,4,15,4,11.4842138,11.4842138,Tina A,5478,2026-09-18T13:58:55.697311,,,
DATA,25.607,7.337948,0.64,2.26907253,0.0,-79.25467,0.0,5.710538,-0.160000026,2.56460619,0.0,-79.6373,0.0,7.337948,0.64,2.26907253,0.0,-79.25467,0.0,7.337948,0.64,2.26907253,0.0,-79.25467,0.0,1.0,0.0,1.0,0.0,0.0,0.0,0.0,1,1,4,15,4,11.5354109,11.5354109,Tina A,5478,2026-09-18T13:58:55.748900,,,
DATA,25.656,7.111746,0.64,2.179915,0.0,-74.66113,0.0,5.531427,-0.160000026,2.60432529,0.0,-74.918335,0.0,7.111746,0.64,2.179915,0.0,-74.66113,0.0,7.111746,0.64,2.179915,0.0,-74.66113,0.0,1.0,0.0,1.0,0.0,0.0,0.0,0.0,1,1,4,15,4,11.5857534,11.5857534,Tina A,5478,2026-09-18T13:58:55.798898,,,
DATA,25.707,6.90889835,0.64,2.10851,0.0,-70.16815,0.0,5.364933,-0.160000026,2.65560126,0.0,-70.4375,0.0,6.90889835,0.64,2.10851,0.0,-70.16815,0.0,6.90889835,0.64,2.10851,0.0,-70.16815,0.0,1.0,0.0,1.0,0.0,0.0,0.0,0.0,1,1,4,15,4,11.6357431,11.6357431,Tina A,5478,2026-09-18T13:58:55.849106,,,
DATA,25.758,6.69771147,0.64,2.05191422,0.0,-65.58685,0.0,5.19997549,-0.160000026,2.72103477,0.0,-65.87305,0.0,6.69771147,0.64,2.05191422,0.0,-65.58685,0.0,6.69771147,0.64,2.05191422,0.0,-65.58685,0.0,1.0,0.0,1.0,0.0,0.0,0.0,0.0,1,1,4,15,4,11.68674,11.68674,Tina A,5478,2026-09-18T13:58:55.900396,,,
DATA,25.806,6.480853,0.64,2.07882547,0.0,-63.4661255,0.0,5.049381,-0.160000026,2.793589,0.0,-63.466095,0.0,6.480853,0.64,2.07882547,0.0,-63.4661255,0.0,6.480853,0.64,2.07882547,0.0,-63.4661255,0.0,0.0,0.0,1.0,0.0,0.0,0.0,0.0,1,1,4,15,4,11.7341394,11.7341394,Tina A,5478,2026-09-18T13:58:55.947503,,,
DATA,25.855,6.32225227,0.640000045,2.158018,0.0,-63.4661255,0.0,4.89078,-0.159999967,2.87278175,0.0,-63.466095,0.0,6.32225227,0.640000045,2.158018,0.0,-63.4661255,0.0,6.32225227,0.640000045,2.158018,0.0,-63.4661255,0.0,0.0,0.0,1.0,0.0,0.0,0.0,0.0,1,1,4,15,4,11.78444,11.78444,Tina A,5478,2026-09-18T13:58:55.997042,,,
DATA,25.906,6.16425562,0.64,2.236909,0.0,-63.4661255,0.0,4.73278332,-0.160000026,2.95167279,0.0,-63.466095,0.0,6.16425562,0.64,2.236909,0.0,-63.4661255,0.0,6.16425562,0.64,2.236909,0.0,-63.4661255,0.0,0.0,0.0,1.0,0.0,0.0,0.0,0.0,1,1,4,15,4,11.83512,11.83512,Tina A,5478,2026-09-18T13:58:56.047775,,,
DATA,25.959,5.98594236,0.640000045,2.37579536,0.0,-65.46216,0.0,4.56905127,-0.159999967,3.03258371,0.0,-65.19095,0.0,5.98594236,0.640000045,2.37579536,0.0,-65.46216,0.0,5.98594236,0.640000045,2.37579536,0.0,-65.46216,0.0,-1.0,0.0,1.0,0.0,0.0,0.0,0.0,1,1,4,15,4,11.8875456,11.8875456,Tina A,5478,2026-09-18T13:58:56.100058,,,
DATA,26.007,5.875547,0.640000045,2.54952478,0.0,-69.77768,0.0,4.41486,-0.159999967,3.09763265,0.0,-69.49527,0.0,5.875547,0.640000045,2.54952478,0.0,-69.77768,0.0,5.875547,0.640000045,2.54952478,0.0,-69.77768,0.0,-1.0,0.0,1.0,0.0,0.0,0.0,0.0,1,1,4,15,4,11.9355574,11.9355574,Tina A,5478,2026-09-18T13:58:56.144546,,,
DATA,26.057,5.746949,0.64,2.723783,0.0,-74.3457,0.0,4.246067,-0.160000026,3.15386868,0.0,-74.07144,0.0,5.746949,0.64,2.723783,0.0,-74.3457,0.0,5.746949,0.64,2.723783,0.0,-74.3457,0.0,-1.0,0.0,1.0,0.0,0.0,0.0,0.0,1,1,4,15,4,11.986268,11.986268,Tina A,5478,2026-09-18T13:58:56.199238,,,
DATA,26.106,5.61032963,0.640000045,2.88302326,0.0,-78.78403,0.0,4.077846,-0.159999967,3.195576,0.0,-78.5292053,0.0,5.61032963,0.640000045,2.88302326,0.0,-78.78403,0.0,5.61032963,0.640000045,2.88302326,0.0,-78.78403,0.0,-1.0,0.0,1.0,0.0,0.0,0.0,0.0,1,1,4,15,4,12.0354738,12.0354738,Tina A,5478,2026-09-18T13:58:56.248215,,,
DATA,26.156,5.45702839,0.64,3.03134775,0.0,-83.24756,0.0,3.90731287,-0.160000026,3.22396231,0.0,-82.9758,0.0,5.45702839,0.64,3.03134775,0.0,-83.24756,0.0,5.45702839,0.64,3.03134775,0.0,-83.24756,0.0,-1.0,0.0,1.0,0.0,0.0,0.0,0.0,1,1,4,15,4,12.0851622,12.0851622,Tina A,5478,2026-09-18T13:58:56.292889,,,
DATA,26.21,5.386018,0.64,3.14494133,0.0,-86.23605,0.0,3.72917151,-0.160000026,3.2394886,0.0,-86.6577148,0.0,5.386018,0.64,3.14494133,0.0,-86.23605,0.0,5.386018,0.64,3.14494133,0.0,-86.23605,0.0,1.0,0.0,1.0,0.0,0.0,0.0,0.0,1,1,4,15,4,12.1387644,12.1387644,Tina A,5478,2026-09-18T13:58:56.347710,,,
DATA,26.257,5.279837,0.64,2.95383215,0.0,-81.98715,0.0,3.657045,-0.160000026,3.173139,0.0,-82.25305,0.0,5.279837,0.64,2.95383215,0.0,-81.98715,0.0,5.279837,0.64,2.95383215,0.0,-81.98715,0.0,1.0,0.0,1.0,0.0,0.0,0.0,0.0,1,1,4,15,4,12.1851091,12.1851091,Tina A,5478,2026-09-18T13:58:56.393372,,,
DATA,26.308,5.10491,0.8935915,2.82495022,0.0,-77.37146,0.0,3.50655317,0.09359151,3.17416286,0.0,-77.62686,0.0,5.10491,0.8935915,2.82495022,0.0,-77.37146,0.0,5.10491,0.8935915,2.82495022,0.0,-77.37146,0.0,1.0,0.0,1.0,0.0,0.0,0.0,0.0,1,1,4,15,4,12.2363348,12.2363348,Tina A,5478,2026-09-18T13:58:56.449373,,,
DATA,26.357,4.903255,0.89976263,2.74525785,0.0,-72.92267,0.0,3.338564,0.09976262,3.21729517,0.0,-73.16589,0.0,4.903255,0.89976263,2.74525785,0.0,-72.92267,0.0,4.903255,0.89976263,2.74525785,0.0,-72.92267,0.0,1.0,0.0,1.0,0.0,0.0,0.0,0.0,1,1,4,15,4,12.2856989,12.2856989,Tina A,5478,2026-09-18T13:58:56.498022,,,
DATA,26.41,4.7002573,0.80903995,2.67489862,0.0,-68.19928,0.0,3.167901,0.009039938,3.27586341,0.0,-68.52496,0.0,4.7002573,0.80903995,2.67489862,0.0,-68.19928,0.0,4.7002573,0.80903995,2.67489862,0.0,-68.19928,0.0,1.0,0.0,1.0,0.0,0.0,0.0,0.0,1,1,4,15,4,12.3386393,12.3386393,Tina A,5478,2026-09-18T13:58:56.552013,,,
DATA,26.458,4.484599,0.693659842,2.63059521,0.0,-63.85373,0.0,3.01075482,-0.10634017,3.344051,0.0,-64.11896,0.0,4.484599,0.693659842,2.63059521,0.0,-63.85373,0.0,4.484599,0.693659842,2.63059521,0.0,-63.85373,0.0,1.0,0.0,1.0,0.0,0.0,0.0,0.0,1,1,4,15,4,12.3865881,12.3865881,Tina A,5478,2026-09-18T13:58:56.595118,,,
DATA,26.507,4.27168941,0.64,2.60062456,0.0,-59.45688,0.0,2.85910678,-0.160000026,3.42429757,0.0,-59.7060547,0.0,4.27168941,0.64,2.60062456,0.0,-59.45688,0.0,4.27168941,0.64,2.60062456,0.0,-59.45688,0.0,1.0,0.0,1.0,0.0,0.0,0.0,0.0,1,1,4,15,4,12.4353533,12.4353533,Tina A,5478,2026-09-18T13:58:56.648050,,,
DATA,26.559,4.04893541,0.64,2.58363485,0.0,-54.74298,0.0,2.70527148,-0.160000026,3.52201152,0.0,-55.0184326,0.0,4.04893541,0.64,2.58363485,0.0,-54.74298,0.0,4.04893541,0.64,2.58363485,0.0,-54.74298,0.0,1.0,0.0,1.0,0.0,0.0,0.0,0.0,1,1,4,15,4,12.4878759,12.4878759,Tina A,5478,2026-09-18T13:58:56.696189,,,
DATA,26.608,3.83136415,0.640000045,2.58770061,0.0,-50.291687,0.0,2.56659675,-0.159999967,3.62654662,0.0,-50.5517273,0.0,3.83136415,0.640000045,2.58770061,0.0,-50.291687,0.0,3.83136415,0.640000045,2.58770061,0.0,-50.291687,0.0,1.0,0.0,1.0,0.0,0.0,0.0,0.0,1,1,4,15,4,12.5372477,12.5372477,Tina A,5478,2026-09-18T13:58:56.745062,,,
DATA,26.656,3.62284756,0.64,2.60743952,0.0,-45.995636,0.0,2.4409194,-0.160000026,3.737253,0.0,-46.2439575,0.0,3.62284756,0.64,2.60743952,0.0,-45.995636,0.0,3.62284756,0.64,2.60743952,0.0,-45.995636,0.0,1.0,0.0,1.0,0.0,0.0,0.0,0.0,1,1,4,15,4,12.584918,12.584918,Tina A,5478,2026-09-18T13:58:56.797726,,,
DATA,26.709,3.412561,0.640000045,2.6348412,0.0,-41.2826233,0.0,2.3159225,-0.159999967,3.86602616,0.0,-41.62799,0.0,3.412561,0.640000045,2.6348412,0.0,-41.2826233,0.0,3.412561,0.640000045,2.6348412,0.0,-41.2826233,0.0,1.0,0.0,1.0,0.0,0.0,0.0,0.0,1,1,4,15,4,12.6378241,12.6378241,Tina A,5478,2026-09-18T13:58:56.846803,,,
DATA,26.759,3.19118166,0.64,2.69633675,0.0,-36.78253,0.0,2.20266342,-0.160000026,4.00306273,0.0,-37.0552368,0.0,3.19118166,0.64,2.69633675,0.0,-36.78253,0.0,3.19118166,0.64,2.69633675,0.0,-36.78253,0.0,1.0,0.0,1.0,0.0,0.0,0.0,0.0,1,1,4,15,4,12.6874208,12.6874208,Tina A,5478,2026-09-18T13:58:56.900373,,,
DATA,26.808,2.98686028,0.640000045,2.76553774,0.0,-32.32019,0.0,2.10307169,-0.159999967,4.14515,0.0,-32.5922852,0.0,2.98686028,0.640000045,2.76553774,0.0,-32.32019,0.0,2.98686028,0.640000045,2.76553774,0.0,-32.32019,0.0,1.0,0.0,1.0,0.0,0.0,0.0,0.0,1,1,4,15,4,12.7369986,12.7369986,Tina A,5478,2026-09-18T13:58:56.950799,,,
DATA,26.855,2.79253912,0.64,2.85165071,0.0,-28.0439758,0.0,2.017586,-0.160000026,4.28939,0.0,-28.2797852,0.0,2.79253912,0.64,2.85165071,0.0,-28.0439758,0.0,2.79253912,0.64,2.85165071,0.0,-28.0439758,0.0,1.0,0.0,1.0,0.0,0.0,0.0,0.0,1,1,4,15,4,12.78431,12.78431,Tina A,5478,2026-09-18T13:58:56.992813,,,
DATA,26.91,2.59383917,0.640000045,2.948906,0.0,-23.2159424,0.0,1.93620515,-0.159999967,4.455343,0.0,-23.5256042,0.0,2.59383917,0.640000045,2.948906,0.0,-23.2159424,0.0,2.59383917,0.640000045,2.948906,0.0,-23.2159424,0.0,1.0,0.0,1.0,0.0,0.0,0.0,0.0,1,1,4,15,4,12.8383665,12.8383665,Tina A,5478,2026-09-18T13:58:57.051804,,,
DATA,26.956,2.41305923,0.64,3.06780577,0.0,-18.9341431,0.0,1.87417483,-0.160000026,4.612203,0.0,-19.1870728,0.0,2.41305923,0.64,3.06780577,0.0,-18.9341431,0.0,2.41305923,0.64,3.06780577,0.0,-18.9341431,0.0,1.0,0.0,1.0,0.0,0.0,0.0,0.0,1,1,4,15,4,12.8856268,12.8856268,Tina A,5478,2026-09-18T13:58:57.100128,,,
DATA,27.006,2.24356842,0.640000045,3.19212937,0.0,-14.5385742,0.0,1.82373762,-0.159999967,4.774956,0.0,-14.8045654,0.0,2.24356842,0.640000045,3.19212937,0.0,-14.5385742,0.0,2.24356842,0.640000045,3.19212937,0.0,-14.5385742,0.0,1.0,0.0,1.0,0.0,0.0,0.0,0.0,1,1,4,15,4,12.9345388,12.9345388,Tina A,5478,2026-09-18T13:58:57.148165,,,
DATA,27.059,2.06880426,0.64,3.34355426,0.0,-9.72229,0.0,1.78280866,-0.160000026,4.957298,0.0,-9.997711,0.0,2.06880426,0.64,3.34355426,0.0,-9.72229,0.0,2.06880426,0.64,3.34355426,0.0,-9.72229,0.0,1.0,0.0,1.0,0.0,0.0,0.0,0.0,1,1,4,15,4,12.9881048,12.9881048,Tina A,5478,2026-09-18T13:58:57.200082,,,
DATA,27.106,1.92751074,0.64,3.48915815,0.0,-5.56134033,0.0,1.75988913,-0.160000026,5.117879,0.0,-5.82568359,0.0,1.92751074,0.64,3.48915815,0.0,-5.56134033,0.0,1.92751074,0.64,3.48915815,0.0,-5.56134033,0.0,1.0,0.0,1.0,0.0,0.0,0.0,0.0,1,1,4,15,4,13.034276,13.034276,Tina A,5478,2026-09-18T13:58:57.242691,,,
DATA,27.155,1.78753614,0.6399999,3.65689158,0.0,-1.07165527,0.0,1.74827325,-0.160000086,5.292413,0.0,-1.3265686,0.0,1.78753614,0.6399999,3.65689158,0.0,-1.07165527,0.0,1.78753614,0.6399999,3.65689158,0.0,-1.07165527,0.0,1.0,0.0,1.0,0.0,0.0,0.0,0.0,1,1,4,15,4,13.0841093,13.0841093,Tina A,5478,2026-09-18T13:58:57.292503,,,
DATA,27.209,1.65330887,0.64,3.84304786,0.0,3.74543977,0.0,1.7510345,-0.160000026,5.47890568,0.0,3.47082472,0.0,1.65330887,0.64,3.84304786,0.0,3.74543977,0.0,1.65330887,0.64,3.84304786,0.0,3.74543977,0.0,1.0,0.0,1.0,0.0,0.0,0.0,0.0,1,1,4,15,4,13.137742,13.137742,Tina A,5478,2026-09-18T13:58:57.350829,,,
DATA,27.255,1.54959726,0.64,4.02033234,0.0,7.910243,0.0,1.76624024,-0.160000026,5.64110947,0.0,7.66100073,0.0,1.54959726,0.64,4.02033234,0.0,7.910243,0.0,1.54959726,0.64,4.02033234,0.0,7.910243,0.0,1.0,0.0,1.0,0.0,0.0,0.0,0.0,1,1,4,15,4,13.183877,13.183877,Tina A,5478,2026-09-18T13:58:57.396449,,,
DATA,27.309,1.44608545,0.64,4.225331,0.0,12.731638,0.0,1.79814088,-0.160000026,5.82503843,0.0,12.46259,0.0,1.44608545,0.64,4.225331,0.0,12.731638,0.0,1.44608545,0.64,4.225331,0.0,12.731638,0.0,1.0,0.0,1.0,0.0,0.0,0.0,0.0,1,1,4,15,4,13.2375574,13.2375574,Tina A,5478,2026-09-18T13:58:57.446387,,,
DATA,27.356,1.367352,0.64,4.417222,0.0,17.0863361,0.0,1.84002054,-0.160000026,5.988326,0.0,16.79833,0.0,1.367352,0.64,4.417222,0.0,17.0863361,0.0,1.367352,0.64,4.417222,0.0,17.0863361,0.0,1.0,0.0,1.0,0.0,0.0,0.0,0.0,1,1,4,15,4,13.2860479,13.2860479,Tina A,5478,2026-09-18T13:58:57.498648,,,
DATA,27.409,1.30148315,0.64,4.632121,0.0,21.6770115,0.0,1.89802778,-0.160000026,6.157835,0.0,21.4065266,0.0,1.30148315,0.64,4.632121,0.0,21.6770115,0.0,1.30148315,0.64,4.632121,0.0,21.6770115,0.0,1.0,0.0,1.0,0.0,0.0,0.0,0.0,1,1,4,15,4,13.3369589,13.3369589,Tina A,5478,2026-09-18T13:58:57.550482,,,
DATA,27.457,1.25529528,0.64,4.84831524,0.0,26.1315784,0.0,1.96742034,-0.160000026,6.318027,0.0,25.8968,0.0,1.25529528,0.64,4.84831524,0.0,26.1315784,0.0,1.25529528,0.64,4.84831524,0.0,26.1315784,0.0,1.0,0.0,1.0,0.0,0.0,0.0,0.0,1,1,4,15,4,13.3862562,13.3862562,Tina A,5478,2026-09-18T13:58:57.598939,,,
DATA,27.507,1.21809721,0.6399999,5.03767967,0.0,30.4930553,0.0,2.04453254,-0.160000086,6.464243,0.0,30.1484318,0.0,1.21809721,0.6399999,5.03767967,0.0,30.4930553,0.0,1.21809721,0.6399999,5.03767967,0.0,30.4930553,0.0,1.0,0.0,1.0,0.0,0.0,0.0,0.0,1,1,4,15,4,13.4353266,13.4353266,Tina A,5478,2026-09-18T13:58:57.649214,,,
DATA,27.56,1.206224,0.64,5.278428,0.0,35.25918,0.0,2.144971,-0.160000026,6.62286663,0.0,34.9777,0.0,1.206224,0.64,5.278428,0.0,35.25918,0.0,1.206224,0.64,5.278428,0.0,35.25918,0.0,1.0,0.0,1.0,0.0,0.0,0.0,0.0,1,1,4,15,4,13.4879332,13.4879332,Tina A,5478,2026-09-18T13:58:57.702820,,,
DATA,27.607,1.20958328,0.64,5.491326,0.0,39.6268425,0.0,2.247291,-0.160000026,6.758928,0.0,39.3564,0.0,1.20958328,0.64,5.491326,0.0,39.6268425,0.0,1.20958328,0.64,5.491326,0.0,39.6268425,0.0,1.0,0.0,1.0,0.0,0.0,0.0,0.0,1,1,4,15,4,13.5364008,13.5364008,Tina A,5478,2026-09-18T13:58:57.749200,,,
DATA,27.659,1.22646236,0.64,5.70994759,0.0,44.2779541,0.0,2.366067,-0.160000026,6.89350748,0.0,43.9732742,0.0,1.22646236,0.64,5.70994759,0.0,44.2779541,0.0,1.22646236,0.64,5.70994759,0.0,44.2779541,0.0,1.0,0.0,1.0,0.0,0.0,0.0,0.0,1,1,4,15,4,13.5882692,13.5882692,Tina A,5478,2026-09-18T13:58:57.800416,,,
DATA,27.707,1.26554966,0.64,5.92090464,0.0,48.5762138,0.0,2.48726583,-0.160000026,7.01086,0.0,48.31238,0.0,1.26554966,0.64,5.92090464,0.0,48.5762138,0.0,1.26554966,0.64,5.92090464,0.0,48.5762138,0.0,1.0,0.0,1.0,0.0,0.0,0.0,0.0,1,1,4,15,4,13.6358023,13.6358023,Tina A,5478,2026-09-18T13:58:57.843993,,,
DATA,27.755,1.31852436,0.64,6.127352,0.0,52.9335365,0.0,2.61804366,-0.160000026,7.11952972,0.0,52.68578,0.0,1.31852436,0.64,6.127352,0.0,52.9335365,0.0,1.31852436,0.64,6.127352,0.0,52.9335365,0.0,1.0,0.0,1.0,0.0,0.0,0.0,0.0,1,1,4,15,4,13.6841269,13.6841269,Tina A,5478,2026-09-18T13:58:57.892000,,,
DATA,27.808,1.32426977,0.64,6.31709957,0.0,57.65943,0.0,2.70554948,-0.160000026,7.203434,0.0,57.3676758,0.0,1.32426977,0.64,6.31709957,0.0,57.65943,0.0,1.32426977,0.64,6.31709957,0.0,57.65943,0.0,1.0,0.0,1.0,0.0,0.0,0.0,0.0,1,1,4,15,4,13.7368822,13.7368822,Tina A,5478,2026-09-18T13:58:57.950020,,,
DATA,27.857,1.25295591,0.6399999,6.48673964,0.0,62.1267853,0.0,2.6943047,-0.160000086,7.25856161,0.0,61.87896,0.0,1.25295591,0.6399999,6.48673964,0.0,62.1267853,0.0,1.25295591,0.6399999,6.48673964,0.0,62.1267853,0.0,1.0,0.0,1.0,0.0,0.0,0.0,0.0,1,1,4,15,4,13.7862749,13.7862749,Tina A,5478,2026-09-18T13:58:57.994604,,,
DATA,27.907,1.19577193,0.6399999,6.67239666,0.0,66.49427,0.0,2.69699955,-0.160000086,7.33622646,0.0,66.2007141,0.0,1.19577193,0.6399999,6.67239666,0.0,66.49427,0.0,1.19577193,0.6399999,6.67239666,0.0,66.49427,0.0,1.0,0.0,1.0,0.0,0.0,0.0,0.0,1,1,4,15,4,13.8350573,13.8350573,Tina A,5478,2026-09-18T13:58:58.043364,,,
DATA,27.955,1.14429224,0.6399999,6.836053,0.0,70.8021851,0.0,2.71675324,-0.160000086,7.40188169,0.0,70.29821,0.0,1.14429224,0.6399999,6.836053,0.0,70.8021851,0.0,1.14429224,0.6399999,6.836053,0.0,70.8021851,0.0,1.0,0.0,1.0,0.0,0.0,0.0,0.0,1,1,4,15,4,13.8840914,13.8840914,Tina A,5478,2026-09-18T13:58:58.092702,,,
DATA,28.008,1.13166475,0.6399999,6.987169,0.0,75.66204,0.0,2.71675324,-0.160000086,7.40188169,0.0,75.38978,0.0,1.13166475,0.6399999,6.987169,0.0,75.66204,0.0,1.13166475,0.6399999,6.987169,0.0,75.66204,0.0,1.0,0.0,1.0,0.0,0.0,0.0,0.0,1,1,4,15,4,13.9368029,13.9368029,Tina A,5478,2026-09-18T13:58:58.145479,,,
DATA,28.055,1.10706651,0.6399999,7.106159,0.0,79.89882,0.0,2.71675324,-0.160000086,7.40188169,0.0,79.63942,0.0,1.10706651,0.6399999,7.106159,0.0,79.89882,0.0,1.10706651,0.6399999,7.106159,0.0,79.89882,0.0,1.0,0.0,1.0,0.0,0.0,0.0,0.0,1,1,4,15,4,13.9838057,13.9838057,Tina A,5478,2026-09-18T13:58:58.192353,,,
DATA,28.105,1.0781728,0.6399999,7.228656,0.0,84.36595,0.0,2.71675324,-0.160000086,7.40188169,0.0,84.0280457,0.0,1.0781728,0.6399999,7.228656,0.0,84.36595,0.0,1.0781728,0.6399999,7.228656,0.0,84.36595,0.0,1.0,0.0,1.0,0.0,0.0,0.0,0.0,1,1,4,15,4,14.0338774,14.0338774,Tina A,5478,2026-09-18T13:58:58.242962,,,
DATA,28.156,1.07820952,0.6399999,7.363763,0.0,88.99574,0.0,2.71675324,-0.160000086,7.40188169,0.0,88.71962,0.0,1.07820952,0.6399999,7.363763,0.0,88.99574,0.0,1.07820952,0.6399999,7.363763,0.0,88.99574,0.0,1.0,0.0,1.0,0.0,0.0,0.0,0.0,1,1,4,15,4,14.0849752,14.0849752,Tina A,5478,2026-09-18T13:58:58.293232,,,
DATA,28.207,1.08457375,0.6399999,7.49550343,0.0,93.57702,0.0,2.71675324,-0.160000086,7.40188169,0.0,93.33011,0.0,1.08457375,0.6399999,7.49550343,0.0,93.57702,0.0,1.08457375,0.6399999,7.49550343,0.0,93.57702,0.0,1.0,0.0,1.0,0.0,0.0,0.0,0.0,1,1,4,15,4,14.1357164,14.1357164,Tina A,5478,2026-09-18T13:58:58.344500,,,
DATA,28.255,1.08200574,0.6399999,7.616358,0.0,97.88376,0.0,2.71675324,-0.160000086,7.40188169,0.0,97.53845,0.0,1.08200574,0.6399999,7.616358,0.0,97.88376,0.0,1.08200574,0.6399999,7.616358,0.0,97.88376,0.0,1.0,0.0,1.0,0.0,0.0,0.0,0.0,1,1,4,15,4,14.1841154,14.1841154,Tina A,5478,2026-09-18T13:58:58.391510,,,
DATA,28.307,1.11198354,0.6399998,7.748967,0.0,102.556572,0.0,2.71675324,-0.1600002,7.40188169,0.0,102.259995,0.0,1.11198354,0.6399998,7.748967,0.0,102.556572,0.0,1.11198354,0.6399998,7.748967,0.0,102.556572,0.0,1.0,0.0,1.0,0.0,0.0,0.0,0.0,1,1,4,15,4,14.2357645,14.2357645,Tina A,5478,2026-09-18T13:58:58.443979,,,
DATA,28.358,1.14954543,0.6399998,7.87594366,0.0,107.144684,0.0,2.71675324,-0.1600002,7.40188169,0.0,106.880241,0.0,1.14954543,0.6399998,7.87594366,0.0,107.144684,0.0,1.14954543,0.6399998,7.87594366,0.0,107.144684,0.0,1.0,0.0,1.0,0.0,0.0,0.0,0.0,1,1,4,15,4,14.2865648,14.2865648,Tina A,5478,2026-09-18T13:58:58.494397,,,
DATA,28.408,1.17749238,0.6399998,7.998042,0.0,111.596687,0.0,2.71675324,-0.1600002,7.40188169,0.0,111.237778,0.0,1.17749238,0.6399998,7.998042,0.0,111.596687,0.0,1.17749238,0.6399998,7.998042,0.0,111.596687,0.0,1.0,0.0,1.0,0.0,0.0,0.0,0.0,1,1,4,15,4,14.3365564,14.3365564,Tina A,5478,2026-09-18T13:58:58.545095,,,
DATA,28.458,1.2368958,0.6399998,8.117586,0.0,116.208031,0.0,2.7164104,-0.1600002,7.401114,0.0,115.897354,0.0,1.2368958,0.6399998,8.117586,0.0,116.208031,0.0,1.2368958,0.6399998,8.117586,0.0,116.208031,0.0,1.0,0.0,1.0,0.0,0.0,0.0,0.0,1,1,4,15,4,14.3875265,14.3875265,Tina A,5478,2026-09-18T13:58:58.600767,,,
DATA,28.509,1.29497862,0.6399998,8.216412,0.0,120.719208,0.0,2.71045637,-0.1600002,7.386738,0.0,120.43087,0.0,1.29497862,0.6399998,8.216412,0.0,120.719208,0.0,1.29497862,0.6399998,8.216412,0.0,120.719208,0.0,1.0,0.0,1.0,0.0,0.0,0.0,0.0,1,1,4,15,4,14.4375277,14.4375277,Tina A,5478,2026-09-18T13:58:58.645838,,,
DATA,28.558,1.35295486,0.6399998,8.279921,0.0,125.234787,0.0,2.69730568,-0.1600002,7.3419385,0.0,124.9569,0.0,1.35295486,0.6399998,8.279921,0.0,125.234787,0.0,1.35295486,0.6399998,8.279921,0.0,125.234787,0.0,1.0,0.0,1.0,0.0,0.0,0.0,0.0,1,1,4,15,4,14.4876413,14.4876413,Tina A,5478,2026-09-18T13:58:58.696226,,,
DATA,28.607,1.46404171,0.8177278,8.288267,0.0,129.520432,0.0,2.73296261,0.0177277923,7.25320864,0.0,129.254623,0.0,1.46404171,0.8177278,8.288267,0.0,129.520432,0.0,1.46404171,0.8177278,8.288267,0.0,129.520432,0.0,1.0,0.0,1.0,0.0,0.0,0.0,0.0,1,1,4,15,4,14.5351934,14.5351934,Tina A,5478,2026-09-18T13:58:58.748400,,,
DATA,28.655,1.67755651,0.8949133,8.268627,0.0,133.9138,0.0,2.861844,0.0949133039,7.14034843,0.0,133.660873,0.0,1.67755651,0.8949133,8.268627,0.0,133.9138,0.0,1.67755651,0.8949133,8.268627,0.0,133.9138,0.0,1.0,0.0,1.0,0.0,0.0,0.0,0.0,1,1,4,15,4,14.5839376,14.5839376,Tina A,5478,2026-09-18T13:58:58.796995,,,
DATA,28.706,1.86201334,0.896745563,8.25932,0.0,138.390015,0.0,2.96784353,0.09674555,7.032919,0.0,138.026428,0.0,1.86201334,0.896745563,8.25932,0.0,138.390015,0.0,1.86201334,0.896745563,8.25932,0.0,138.390015,0.0,1.0,0.0,0.0,0.0,0.0,0.0,0.0,1,1,4,15,4,14.6342878,14.6342878,Tina A,5478,2026-09-18T13:58:58.847708,,,
DATA,28.755,1.97181034,0.896745563,8.334151,0.0,142.893539,0.0,2.96784353,0.09674555,7.032919,0.0,142.619553,0.0,1.97181034,0.896745563,8.334151,0.0,142.893539,0.0,1.97181034,0.896745563,8.334151,0.0,142.893539,0.0,1.0,0.0,0.0,0.0,0.0,0.0,0.0,1,1,4,15,4,14.6838293,14.6838293,Tina A,5478,2026-09-18T13:58:58.896863,,,
DATA,28.808,2.08162642,0.896745563,8.414409,0.0,147.66777,0.0,2.96784353,0.09674555,7.032919,0.0,147.375214,0.0,2.08162642,0.896745563,8.414409,0.0,147.66777,0.0,2.08162642,0.896745563,8.414409,0.0,147.66777,0.0,1.0,0.0,0.0,0.0,0.0,0.0,0.0,1,1,4,15,4,14.7369795,14.7369795,Tina A,5478,2026-09-18T13:58:58.950204,,,
DATA,28.86,2.18267584,0.896745563,8.364034,0.0,148.989487,0.0,2.96784353,0.09674555,7.032919,0.0,149.376083,0.0,2.18267584,0.896745563,8.364034,0.0,148.989487,0.0,2.18267584,0.896745563,8.364034,0.0,148.989487,0.0,-1.0,0.0,0.0,0.0,0.0,0.0,0.0,1,1,4,15,4,14.7888422,14.7888422,Tina A,5478,2026-09-18T13:58:58.997090,,,
DATA,28.909,2.076229,0.896745563,8.304964,0.0,144.567108,0.0,2.96784353,0.09674555,7.032919,0.0,144.897171,0.0,2.076229,0.896745563,8.304964,0.0,144.567108,0.0,2.076229,0.896745563,8.304964,0.0,144.567108,0.0,-1.0,0.0,0.0,0.0,0.0,0.0,0.0,1,1,4,15,4,14.8376665,14.8376665,Tina A,5478,2026-09-18T13:58:59.051675,,,
DATA,28.955,1.98852825,0.896745563,8.235325,0.0,140.4098,0.0,2.96784353,0.09674555,7.032919,0.0,140.758682,0.0,1.98852825,0.896745563,8.235325,0.0,140.4098,0.0,1.98852825,0.896745563,8.235325,0.0,140.4098,0.0,-1.0,0.0,1.0,0.0,0.0,0.0,0.0,1,1,4,15,4,14.8839636,14.8839636,Tina A,5478,2026-09-18T13:58:59.092491,,,
DATA,29.005,2.00623465,0.8899456,8.022697,0.0,135.81752,0.0,3.08772087,0.0899456143,6.896751,0.0,136.092346,0.0,2.00623465,0.8899456,8.022697,0.0,135.81752,0.0,2.00623465,0.8899456,8.022697,0.0,135.81752,0.0,-1.0,0.0,1.0,0.0,0.0,0.0,0.0,1,1,4,15,4,14.934577,14.934577,Tina A,5478,2026-09-18T13:58:59.148097,,,
DATA,29.059,2.05005836,0.896448851,7.79969025,0.0,131.03627,0.0,3.22161078,0.09644884,6.76781654,0.0,131.311234,0.0,2.05005836,0.896448851,7.79969025,0.0,131.03627,0.0,2.05005836,0.896448851,7.79969025,0.0,131.03627,0.0,-1.0,0.0,1.0,0.0,0.0,0.0,0.0,1,1,4,15,4,14.9877024,14.9877024,Tina A,5478,2026-09-18T13:58:59.200747,,,
DATA,29.106,2.102252,0.911608338,7.606908,0.0,126.810905,0.0,3.34910941,0.111608326,6.66307974,0.0,127.067368,0.0,2.102252,0.911608338,7.606908,0.0,126.810905,0.0,2.102252,0.911608338,7.606908,0.0,126.810905,0.0,-1.0,0.0,1.0,0.0,0.0,0.0,0.0,1,1,4,15,4,15.0345488,15.0345488,Tina A,5478,2026-09-18T13:58:59.248426,,,
DATA,29.157,2.17984962,0.932518,7.40061,0.0,122.209625,0.0,3.49484181,0.132518,6.5610795,0.0,122.492043,0.0,2.17984962,0.932518,7.40061,0.0,122.209625,0.0,2.17984962,0.932518,7.40061,0.0,122.209625,0.0,-1.0,0.0,1.0,0.0,0.0,0.0,0.0,1,1,4,15,4,15.0858183,15.0858183,Tina A,5478,2026-09-18T13:58:59.294687,,,
DATA,29.209,2.27627683,0.9382788,7.1975913,0.0,117.520416,0.0,3.65106344,0.138278782,6.469511,0.0,117.8344,0.0,2.27627683,0.9382788,7.1975913,0.0,117.520416,0.0,2.27627683,0.9382788,7.1975913,0.0,117.520416,0.0,-1.0,0.0,1.0,0.0,0.0,0.0,0.0,1,1,4,15,4,15.1380949,15.1380949,Tina A,5478,2026-09-18T13:58:59.351392,,,
DATA,29.258,2.373436,0.849967659,7.014909,0.0,113.097229,0.0,3.807667,0.0499676466,6.393726,0.0,113.359528,0.0,2.373436,0.849967659,7.014909,0.0,113.097229,0.0,2.373436,0.849967659,7.014909,0.0,113.097229,0.0,-1.0,0.0,1.0,0.0,0.0,0.0,0.0,1,1,4,15,4,15.1869555,15.1869555,Tina A,5478,2026-09-18T13:58:59.399372,,,
DATA,29.307,2.49075842,0.727875948,6.83959961,0.0,108.66954,0.0,3.96774316,-0.072124064,6.3310833,0.0,108.938225,0.0,2.49075842,0.727875948,6.83959961,0.0,108.66954,0.0,2.49075842,0.727875948,6.83959961,0.0,108.66954,0.0,-1.0,0.0,1.0,0.0,0.0,0.0,0.0,1,1,4,15,4,15.236186,15.236186,Tina A,5478,2026-09-18T13:58:59.449292,,,
DATA,29.357,2.62008834,0.6399999,6.67182446,0.0,104.187866,0.0,4.13521576,-0.160000086,6.28022337,0.0,104.4364,0.0,2.62008834,0.6399999,6.67182446,0.0,104.187866,0.0,2.62008834,0.6399999,6.67182446,0.0,104.187866,0.0,-1.0,0.0,1.0,0.0,0.0,0.0,0.0,1,1,4,15,4,15.2858706,15.2858706,Tina A,5478,2026-09-18T13:58:59.499475,,,
DATA,29.406,2.76400328,0.6399999,6.5206337,0.0,99.858696,0.0,4.29782152,-0.160000086,6.244145,0.0,100.152412,0.0,2.76400328,0.6399999,6.5206337,0.0,99.858696,0.0,2.76400328,0.6399999,6.5206337,0.0,99.858696,0.0,-1.0,0.0,1.0,0.0,0.0,0.0,0.0,1,1,4,15,4,15.3342237,15.3342237,Tina A,5478,2026-09-18T13:58:59.548414,,,
DATA,29.458,2.92877221,0.64,6.36512852,0.0,95.06609,0.0,4.48307371,-0.160000026,6.21814537,0.0,95.34069,0.0,2.92877221,0.64,6.36512852,0.0,95.06609,0.0,2.92877221,0.64,6.36512852,0.0,95.06609,0.0,-1.0,0.0,1.0,0.0,0.0,0.0,0.0,1,1,4,15,4,15.3873682,15.3873682,Tina A,5478,2026-09-18T13:58:59.600781,,,
DATA,29.507,3.091898,0.64,6.234741,0.0,90.65673,0.0,4.654708,-0.160000026,6.20809174,0.0,90.91858,0.0,3.091898,0.64,6.234741,0.0,90.65673,0.0,3.091898,0.64,6.234741,0.0,90.65673,0.0,-1.0,0.0,1.0,0.0,0.0,0.0,0.0,1,1,4,15,4,15.43629,15.43629,Tina A,5478,2026-09-18T13:58:59.648187,,,
DATA,29.559,3.27826452,0.6399999,6.112482,0.0,86.00078,0.0,4.83475542,-0.160000086,6.21175051,0.0,86.2866058,0.0,3.27826452,0.6399999,6.112482,0.0,86.00078,0.0,3.27826452,0.6399999,6.112482,0.0,86.00078,0.0,-1.0,0.0,1.0,0.0,0.0,0.0,0.0,1,1,4,15,4,15.4881563,15.4881563,Tina A,5478,2026-09-18T13:58:59.701551,,,
DATA,29.608,3.45646381,0.64,6.010294,0.0,81.64906,0.0,5.003992,-0.160000026,6.22858524,0.0,81.9122543,0.0,3.45646381,0.64,6.010294,0.0,81.64906,0.0,3.45646381,0.64,6.010294,0.0,81.64906,0.0,-1.0,0.0,1.0,0.0,0.0,0.0,0.0,1,1,4,15,4,15.5363836,15.5363836,Tina A,5478,2026-09-18T13:58:59.750525,,,
DATA,29.656,3.64465141,0.64,5.921586,0.0,77.25816,0.0,5.17255926,-0.160000026,6.25851,0.0,77.5088348,0.0,3.64465141,0.64,5.921586,0.0,77.25816,0.0,3.64465141,0.64,5.921586,0.0,77.25816,0.0,-1.0,0.0,1.0,0.0,0.0,0.0,0.0,1,1,4,15,4,15.5851011,15.5851011,Tina A,5478,2026-09-18T13:58:59.797832,,,
DATA,29.707,3.85134578,0.64,5.846187,0.0,72.65495,0.0,5.345116,-0.160000026,6.303368,0.0,72.922966,0.0,3.85134578,0.64,5.846187,0.0,72.65495,0.0,3.85134578,0.64,5.846187,0.0,72.65495,0.0,-1.0,0.0,1.0,0.0,0.0,0.0,0.0,1,1,4,15,4,15.636344,15.636344,Tina A,5478,2026-09-18T13:58:59.845134,,,
DATA,29.755,4.046639,0.64,5.788188,0.0,68.34111,0.0,5.504517,-0.160000026,6.358333,0.0,68.58622,0.0,4.046639,0.64,5.788188,0.0,68.34111,0.0,4.046639,0.64,5.788188,0.0,68.34111,0.0,-1.0,0.0,1.0,0.0,0.0,0.0,0.0,1,1,5,15,5,15.68415,15.68415,Tina A,5478,2026-09-18T13:58:59.892742,,,
DATA,29.808,4.272275,0.64,5.74472761,0.0,63.54574,0.0,5.67453241,-0.160000026,6.43238831,0.0,63.8163834,0.0,4.272275,0.64,5.74472761,0.0,63.54574,0.0,4.272275,0.64,5.74472761,0.0,63.54574,0.0,-1.0,0.0,1.0,0.0,0.0,0.0,0.0,1,1,5,15,5,15.7375727,15.7375727,Tina A,5478,2026-09-18T13:58:59.950640,,,
DATA,29.857,4.480878,0.64,5.722591,0.0,59.1762733,0.0,5.823277,-0.160000026,6.511817,0.0,59.479393,0.0,4.480878,0.64,5.722591,0.0,59.1762733,0.0,4.480878,0.64,5.722591,0.0,59.1762733,0.0,-1.0,0.0,1.0,0.0,0.0,0.0,0.0,1,1,5,15,5,15.7863035,15.7863035,Tina A,5478,2026-09-18T13:58:59.994781,,,
DATA,29.905,4.681287,0.64,5.70982647,0.0,54.8906441,0.0,5.965415,-0.160000026,6.602158,0.0,55.1476135,0.0,4.681287,0.64,5.70982647,0.0,54.8906441,0.0,4.681287,0.64,5.70982647,0.0,54.8906441,0.0,-1.0,0.0,1.0,0.0,0.0,0.0,0.0,1,1,5,15,5,15.8336649,15.8336649,Tina A,5478,2026-09-18T13:59:00.048025,,,
DATA,29.956,4.90265131,0.64,5.72053576,0.0,50.2786369,0.0,6.10765028,-0.160000026,6.708979,0.0,50.57235,0.0,4.90265131,0.64,5.72053576,0.0,50.2786369,0.0,4.90265131,0.64,5.72053576,0.0,50.2786369,0.0,-1.0,0.0,1.0,0.0,0.0,0.0,0.0,1,1,5,15,5,15.8851137,15.8851137,Tina A,5478,2026-09-18T13:59:00.097815,,,
DATA,30.006,5.10976076,0.64,5.74084854,0.0,45.85232,0.0,6.23773861,-0.160000026,6.823793,0.0,46.1095924,0.0,5.10976076,0.64,5.74084854,0.0,45.85232,0.0,5.10976076,0.64,5.74084854,0.0,45.85232,0.0,-1.0,0.0,1.0,0.0,0.0,0.0,0.0,1,1,5,15,5,15.9340925,15.9340925,Tina A,5478,2026-09-18T13:59:00.147084,,,
DATA,30.057,5.327042,0.64,5.782943,0.0,41.19678,0.0,6.363496,-0.160000026,6.954044,0.0,41.4526749,0.0,5.327042,0.64,5.782943,0.0,41.19678,0.0,5.327042,0.64,5.782943,0.0,41.19678,0.0,-1.0,0.0,1.0,0.0,0.0,0.0,0.0,1,1,5,15,5,15.9858122,15.9858122,Tina A,5478,2026-09-18T13:59:00.200072,,,
DATA,30.104,5.527196,0.64,5.8395505,0.0,36.8390236,0.0,6.47096634,-0.160000026,7.08441925,0.0,37.10695,0.0,5.527196,0.64,5.8395505,0.0,36.8390236,0.0,5.527196,0.64,5.8395505,0.0,36.8390236,0.0,-1.0,0.0,1.0,0.0,0.0,0.0,0.0,1,1,5,15,5,16.0342979,16.0342979,Tina A,5478,2026-09-18T13:59:00.247579,,,
DATA,30.155,5.726169,0.704906,5.92054272,0.0,32.44572,0.0,6.567232,-0.0950940251,7.221017,0.0,32.8088074,0.0,5.726169,0.704906,5.92054272,0.0,32.44572,0.0,5.726169,0.704906,5.92054272,0.0,32.44572,0.0,-1.0,0.0,1.0,0.0,0.0,0.0,0.0,1,1,5,15,5,16.0836411,16.0836411,Tina A,5478,2026-09-18T13:59:00.298943,,,
DATA,30.206,5.92627764,0.64,6.005967,0.0,27.78211,0.0,6.661016,-0.160000026,7.37889242,0.0,28.0855522,0.0,5.92627764,0.64,6.005967,0.0,27.78211,0.0,5.92627764,0.64,6.005967,0.0,27.78211,0.0,-1.0,0.0,1.0,0.0,0.0,0.0,0.0,1,1,5,15,5,16.135128,16.135128,Tina A,5478,2026-09-18T13:59:00.351484,,,
DATA,30.262,6.134534,0.640000045,6.14438438,0.0,22.80515,0.0,6.742131,-0.159999967,7.545392,0.0,23.321722,0.0,6.134534,0.640000045,6.14438438,0.0,22.80515,0.0,6.134534,0.640000045,6.14438438,0.0,22.80515,0.0,-1.0,0.0,1.0,0.0,0.0,0.0,0.0,1,1,5,15,5,16.1916122,16.1916122,Tina A,5478,2026-09-18T13:59:00.404734,,,
DATA,30.307,6.29603434,0.64,6.22975349,0.0,18.66516,0.0,6.804105,-0.160000026,7.703342,0.0,18.9576073,0.0,6.29603434,0.64,6.22975349,0.0,18.66516,0.0,6.29603434,0.64,6.22975349,0.0,18.66516,0.0,-1.0,0.0,1.0,0.0,0.0,0.0,0.0,1,1,5,15,5,16.2363663,16.2363663,Tina A,5478,2026-09-18T13:59:00.445008,,,
DATA,30.355,6.459141,0.64,6.35738564,0.0,14.3057318,0.0,6.85373163,-0.160000026,7.865435,0.0,14.5974684,0.0,6.459141,0.64,6.35738564,0.0,14.3057318,0.0,6.459141,0.64,6.35738564,0.0,14.3057318,0.0,-1.0,0.0,1.0,0.0,0.0,0.0,0.0,1,1,5,15,5,16.2848015,16.2848015,Tina A,5478,2026-09-18T13:59:00.493210,,,
DATA,30.409,6.62726355,0.64,6.511626,0.0,9.497962,0.0,6.894027,-0.160000026,8.048148,0.0,9.78482,0.0,6.62726355,0.64,6.511626,0.0,9.497962,0.0,6.62726355,0.64,6.511626,0.0,9.497962,0.0,-1.0,0.0,1.0,0.0,0.0,0.0,0.0,1,1,5,15,5,16.3381958,16.3381958,Tina A,5478,2026-09-18T13:59:00.546829,,,
DATA,30.458,6.68885231,0.64,6.63381624,0.0,8.294591,0.0,6.919673,-0.160000026,8.217079,0.0,8.294591,0.0,6.68885231,0.64,6.63381624,0.0,8.294591,0.0,6.68885231,0.64,6.63381624,0.0,8.294591,0.0,0.0,0.0,1.0,0.0,0.0,0.0,0.0,1,1,5,15,5,16.38715,16.38715,Tina A,5478,2026-09-18T13:59:00.595579,,,
DATA,30.505,6.664778,0.64,6.7610774,0.0,10.1299887,0.0,6.94367743,-0.160000026,8.377994,0.0,9.841071,0.0,6.664778,0.64,6.7610774,0.0,10.1299887,0.0,6.664778,0.64,6.7610774,0.0,10.1299887,0.0,1.0,0.0,1.0,0.0,0.0,0.0,0.0,1,1,5,15,5,16.4335365,16.4335365,Tina A,5478,2026-09-18T13:59:00.647767,,,
DATA,30.558,6.56970644,0.64,6.968466,0.0,14.8954735,0.0,6.9820137,-0.160000026,8.558689,0.0,14.5923166,0.0,6.56970644,0.64,6.968466,0.0,14.8954735,0.0,6.56970644,0.64,6.968466,0.0,14.8954735,0.0,1.0,0.0,1.0,0.0,0.0,0.0,0.0,1,1,5,15,5,16.4865646,16.4865646,Tina A,5478,2026-09-18T13:59:00.700803,,,
DATA,30.605,6.49876833,0.64,7.16300964,0.0,19.2043324,0.0,7.029507,-0.160000026,8.718997,0.0,18.8926182,0.0,6.49876833,0.64,7.16300964,0.0,19.2043324,0.0,6.49876833,0.64,7.16300964,0.0,19.2043324,0.0,1.0,0.0,1.0,0.0,0.0,0.0,0.0,1,1,5,15,5,16.5344887,16.5344887,Tina A,5478,2026-09-18T13:59:00.743316,,,
DATA,30.657,6.440143,0.64,7.38477135,0.0,23.8576374,0.0,7.094697,-0.160000026,8.888843,0.0,23.5720348,0.0,6.440143,0.64,7.38477135,0.0,23.8576374,0.0,6.440143,0.64,7.38477135,0.0,23.8576374,0.0,1.0,0.0,1.0,0.0,0.0,0.0,0.0,1,1,5,15,5,16.5860443,16.5860443,Tina A,5478,2026-09-18T13:59:00.798753,,,
DATA,30.71,6.398729,0.64,7.607942,0.0,28.53513,0.0,7.173567,-0.160000026,9.052918,0.0,28.2545719,0.0,6.398729,0.64,7.607942,0.0,28.53513,0.0,6.398729,0.64,7.607942,0.0,28.53513,0.0,1.0,0.0,1.0,0.0,0.0,0.0,0.0,1,1,5,15,5,16.637989,16.637989,Tina A,5478,2026-09-18T13:59:00.846397,,,
DATA,30.76,6.372659,0.64,7.81920958,0.0,33.0893173,0.0,7.261964,-0.160000026,9.2043,0.0,32.76348,0.0,6.372659,0.64,7.81920958,0.0,33.0893173,0.0,6.372659,0.64,7.81920958,0.0,33.0893173,0.0,1.0,0.0,1.0,0.0,0.0,0.0,0.0,1,1,5,15,5,16.6888428,16.6888428,Tina A,5478,2026-09-18T13:59:00.902628,,,
DATA,30.808,6.331645,0.64,8.037325,0.0,37.4035225,0.0,7.3223834,-0.160000026,9.35104,0.0,37.0818367,0.0,6.331645,0.64,8.037325,0.0,37.4035225,0.0,6.331645,0.64,8.037325,0.0,37.4035225,0.0,1.0,0.0,1.0,0.0,0.0,0.0,0.0,1,1,5,15,5,16.7367554,16.7367554,Tina A,5478,2026-09-18T13:59:00.945158,,,
DATA,30.856,6.30042028,0.64,8.276773,0.0,41.8565865,0.0,7.386499,-0.160000026,9.502741,0.0,41.5884933,0.0,6.30042028,0.64,8.276773,0.0,41.8565865,0.0,6.30042028,0.64,8.276773,0.0,41.8565865,0.0,1.0,0.0,1.0,0.0,0.0,0.0,0.0,1,1,5,15,5,16.7859383,16.7859383,Tina A,5478,2026-09-18T13:59:00.998755,,,
DATA,30.907,6.33055258,0.64,8.493217,0.0,46.2924652,0.0,7.50616455,-0.160000026,9.628333,0.0,46.0503731,0.0,6.33055258,0.64,8.493217,0.0,46.2924652,0.0,6.33055258,0.64,8.493217,0.0,46.2924652,0.0,1.0,0.0,1.0,0.0,0.0,0.0,0.0,1,1,5,15,5,16.83508,16.83508,Tina A,5478,2026-09-18T13:59:01.043577,,,
DATA,30.957,6.372734,0.64,8.70364952,0.0,50.8210831,0.0,7.636483,-0.160000026,9.74528,0.0,50.55408,0.0,6.372734,0.64,8.70364952,0.0,50.8210831,0.0,6.372734,0.64,8.70364952,0.0,50.8210831,0.0,1.0,0.0,1.0,0.0,0.0,0.0,0.0,1,1,5,15,5,16.8855362,16.8855362,Tina A,5478,2026-09-18T13:59:01.098829,,,
DATA,31.007,6.43564367,0.64,8.913963,0.0,55.3175049,0.0,7.775802,-0.160000026,9.851783,0.0,55.06463,0.0,6.43564367,0.64,8.913963,0.0,55.3175049,0.0,6.43564367,0.64,8.913963,0.0,55.3175049,0.0,1.0,0.0,1.0,0.0,0.0,0.0,0.0,1,1,5,15,5,16.9354172,16.9354172,Tina A,5478,2026-09-18T13:59:01.148970,,,
DATA,31.056,6.51234627,0.64,9.115995,0.0,59.80189,0.0,7.922053,-0.160000026,9.946473,0.0,59.54591,0.0,6.51234627,0.64,9.115995,0.0,59.80189,0.0,6.51234627,0.64,9.115995,0.0,59.80189,0.0,1.0,0.0,1.0,0.0,0.0,0.0,0.0,1,1,5,15,5,16.98526,16.98526,Tina A,5478,2026-09-18T13:59:01.193081,,,
DATA,31.109,6.60039425,0.64,9.313314,0.0,64.47437,0.0,8.079822,-0.160000026,10.0317125,0.0,64.1582947,0.0,6.60039425,0.64,9.313314,0.0,64.47437,0.0,6.60039425,0.64,9.313314,0.0,64.47437,0.0,1.0,0.0,1.0,0.0,0.0,0.0,0.0,1,1,5,15,5,17.03751,17.03751,Tina A,5478,2026-09-18T13:59:01.252685,,,
DATA,31.159,6.71545124,0.64,9.508095,0.0,69.0372,0.0,8.243348,-0.160000026,10.1037617,0.0,68.7545853,0.0,6.71545124,0.64,9.508095,0.0,69.0372,0.0,6.71545124,0.64,9.508095,0.0,69.0372,0.0,1.0,0.0,1.0,0.0,0.0,0.0,0.0,1,1,5,15,5,17.0880241,17.0880241,Tina A,5478,2026-09-18T13:59:01.300513,,,
DATA,31.208,6.838665,0.640000045,9.68424,0.0,73.40328,0.0,8.404466,-0.159999967,10.1601028,0.0,73.1446838,0.0,6.838665,0.640000045,9.68424,0.0,73.40328,0.0,6.838665,0.640000045,9.68424,0.0,73.40328,0.0,1.0,0.0,1.0,0.0,0.0,0.0,0.0,1,1,5,15,5,17.1364021,17.1364021,Tina A,5478,2026-09-18T13:59:01.348838,,,
DATA,31.254,6.96972752,0.6399999,9.845255,0.0,77.65475,0.0,8.564695,-0.160000086,10.20285,0.0,77.40996,0.0,6.96972752,0.6399999,9.845255,0.0,77.65475,0.0,6.96972752,0.6399999,9.845255,0.0,77.65475,0.0,1.0,0.0,1.0,0.0,0.0,0.0,0.0,1,1,5,15,5,17.1835632,17.1835632,Tina A,5478,2026-09-18T13:59:01.391950,,,
DATA,31.309,7.124157,0.64,10.012373,0.0,82.46701,0.0,8.747552,-0.160000026,10.2364769,0.0,82.19226,0.0,7.124157,0.64,10.012373,0.0,82.46701,0.0,7.124157,0.64,10.012373,0.0,82.46701,0.0,1.0,0.0,1.0,0.0,0.0,0.0,0.0,1,1,5,15,5,17.2371979,17.2371979,Tina A,5478,2026-09-18T13:59:01.450050,,,
DATA,31.356,7.26925373,0.64,10.1483717,0.0,86.71282,0.0,8.9102335,-0.160000026,10.2533369,0.0,86.39884,0.0,7.26925373,0.64,10.1483717,0.0,86.71282,0.0,7.26925373,0.64,10.1483717,0.0,86.71282,0.0,1.0,0.0,1.0,0.0,0.0,0.0,0.0,1,1,5,15,5,17.2845917,17.2845917,Tina A,5478,2026-09-18T13:59:01.498339,,,
DATA,31.408,7.449286,0.64,10.2880707,0.0,91.41895,0.0,9.093182,-0.160000026,10.2580118,0.0,91.1061249,0.0,7.449286,0.64,10.2880707,0.0,91.41895,0.0,7.449286,0.64,10.2880707,0.0,91.41895,0.0,1.0,0.0,1.0,0.0,0.0,0.0,0.0,1,1,5,15,5,17.3368759,17.3368759,Tina A,5478,2026-09-18T13:59:01.551704,,,
DATA,31.459,7.68137455,0.6399999,10.4081955,0.0,95.74705,0.0,9.273333,-0.160000086,10.2479763,0.0,95.74705,0.0,7.68137455,0.6399999,10.4081955,0.0,95.74705,0.0,7.68137455,0.6399999,10.4081955,0.0,95.74705,0.0,0.0,0.0,1.0,0.0,0.0,0.0,0.0,1,1,5,15,5,17.3885841,17.3885841,Tina A,5478,2026-09-18T13:59:01.597173,,,
DATA,31.506,7.846656,0.640000045,10.3915615,0.0,95.74705,0.0,9.438614,-0.159999967,10.2313423,0.0,95.74705,0.0,7.846656,0.640000045,10.3915615,0.0,95.74705,0.0,7.846656,0.640000045,10.3915615,0.0,95.74705,0.0,0.0,0.0,1.0,0.0,0.0,0.0,0.0,1,1,5,15,5,17.4348755,17.4348755,Tina A,5478,2026-09-18T13:59:01.648043,,,
DATA,31.557,8.024004,0.6395446,10.3737125,0.0,95.74705,0.0,9.615962,-0.1604554,10.2134933,0.0,95.74705,0.0,8.024004,0.6395446,10.3737125,0.0,95.74705,0.0,8.024004,0.6395446,10.3737125,0.0,95.74705,0.0,0.0,0.0,1.0,0.0,0.0,0.0,0.0,1,1,5,15,5,17.486145,17.486145,Tina A,5478,2026-09-18T13:59:01.698432,,,
EVENT,31.568,,,,,,,,,,,,,,,,,,,,,,,,,,,,,,,,1,1,,,,17.4935226,17.4935226,Tina A,5478,2026-09-18T13:59:01.728739,GAME_EVENT,MAZE_SUCCESS,Result=SUCCESS; MazeDuration=17.494; CollectedCoins=5; MazeScore=5; TotalScore=5; HighestCompletedMaze=1
EVENT,31.576,,,,,,,,,,,,,,,,,,,,,,,,,,,,,,,,1,1,,,,17.4935226,17.4935226,Tina A,5478,2026-09-18T13:59:01.745258,PANEL_OPENED,PANEL_OPENED_SUCCESS,
DATA,31.609,8.05546,0.6399999,10.3705463,0.0,95.74705,0.0,9.647418,-0.160000086,10.2103271,0.0,95.74705,0.0,8.05546,0.6399999,10.3705463,0.0,95.74705,0.0,8.05546,0.6399999,10.3705463,0.0,95.74705,0.0,0.0,0.0,1.0,0.0,0.0,0.0,0.0,1,1,5,15,5,17.5367813,17.5367813,Tina A,5478,2026-09-18T13:59:01.760857,,,
DATA,31.658,8.05546,0.6399999,10.3705463,0.0,95.74705,0.0,9.647418,-0.160000086,10.2103271,0.0,95.74705,0.0,8.05546,0.6399999,10.3705463,0.0,95.74705,0.0,8.05546,0.6399999,10.3705463,0.0,95.74705,0.0,0.0,0.0,1.0,0.0,0.0,0.0,0.0,1,1,5,15,5,17.5870667,17.5870667,Tina A,5478,2026-09-18T13:59:01.800393,,,
DATA,31.707,8.05546,0.6399999,10.3705463,0.0,95.74705,0.0,9.647418,-0.160000086,10.2103271,0.0,95.74705,0.0,8.05546,0.6399999,10.3705463,0.0,95.74705,0.0,8.05546,0.6399999,10.3705463,0.0,95.74705,0.0,0.0,0.0,1.0,0.0,0.0,0.0,0.0,1,1,5,15,5,17.6351624,17.6351624,Tina A,5478,2026-09-18T13:59:01.847622,,,
DATA,31.758,8.05546,0.6399999,10.3705463,0.0,95.74705,0.0,9.647418,-0.160000086,10.2103271,0.0,95.74705,0.0,8.05546,0.6399999,10.3705463,0.0,95.74705,0.0,8.05546,0.6399999,10.3705463,0.0,95.74705,0.0,0.0,0.0,1.0,0.0,0.0,0.0,0.0,1,1,5,15,5,17.6861649,17.6861649,Tina A,5478,2026-09-18T13:59:01.898365,,,
DATA,31.808,8.05546,0.6399999,10.3705463,0.0,95.74705,0.0,9.647418,-0.160000086,10.2103271,0.0,95.74705,0.0,8.05546,0.6399999,10.3705463,0.0,95.74705,0.0,8.05546,0.6399999,10.3705463,0.0,95.74705,0.0,0.0,0.0,1.0,0.0,0.0,0.0,0.0,1,1,5,15,5,17.73664,17.73664,Tina A,5478,2026-09-18T13:59:01.948309,,,
DATA,31.855,8.05546,0.6399999,10.3705463,0.0,95.74705,0.0,9.647418,-0.160000086,10.2103271,0.0,95.74705,0.0,8.05546,0.6399999,10.3705463,0.0,95.74705,0.0,8.05546,0.6399999,10.3705463,0.0,95.74705,0.0,0.0,0.0,1.0,0.0,0.0,0.0,0.0,1,1,5,15,5,17.7841721,17.7841721,Tina A,5478,2026-09-18T13:59:01.996974,,,
DATA,31.906,8.05546,0.6399999,10.3705463,0.0,95.74705,0.0,9.647418,-0.160000086,10.2103271,0.0,95.74705,0.0,8.05546,0.6399999,10.3705463,0.0,95.74705,0.0,8.05546,0.6399999,10.3705463,0.0,95.74705,0.0,0.0,0.0,1.0,0.0,0.0,0.0,0.0,1,1,5,15,5,17.8348465,17.8348465,Tina A,5478,2026-09-18T13:59:02.047940,,,
DATA,31.957,8.05546,0.6399999,10.3705463,0.0,95.74705,0.0,9.647418,-0.160000086,10.2103271,0.0,95.74705,0.0,8.05546,0.6399999,10.3705463,0.0,95.74705,0.0,8.05546,0.6399999,10.3705463,0.0,95.74705,0.0,0.0,0.0,1.0,0.0,0.0,0.0,0.0,1,1,5,15,5,17.88604,17.88604,Tina A,5478,2026-09-18T13:59:02.098279,,,
DATA,32.008,8.05546,0.6399999,10.3705463,0.0,95.74705,0.0,9.647418,-0.160000086,10.2103271,0.0,95.74705,0.0,8.05546,0.6399999,10.3705463,0.0,95.74705,0.0,8.05546,0.6399999,10.3705463,0.0,95.74705,0.0,0.0,0.0,1.0,0.0,0.0,0.0,0.0,1,1,5,15,5,17.9372826,17.9372826,Tina A,5478,2026-09-18T13:59:02.150044,,,
DATA,32.059,8.05546,0.6399999,10.3705463,0.0,95.74705,0.0,9.647418,-0.160000086,10.2103271,0.0,95.74705,0.0,8.05546,0.6399999,10.3705463,0.0,95.74705,0.0,8.05546,0.6399999,10.3705463,0.0,95.74705,0.0,0.0,0.0,1.0,0.0,0.0,0.0,0.0,1,1,5,15,5,17.9870567,17.9870567,Tina A,5478,2026-09-18T13:59:02.200343,,,
DATA,32.106,8.05546,0.6399999,10.3705463,0.0,95.74705,0.0,9.647418,-0.160000086,10.2103271,0.0,95.74705,0.0,8.05546,0.6399999,10.3705463,0.0,95.74705,0.0,8.05546,0.6399999,10.3705463,0.0,95.74705,0.0,0.0,0.0,1.0,0.0,0.0,0.0,0.0,1,1,5,15,5,18.0345612,18.0345612,Tina A,5478,2026-09-18T13:59:02.246799,,,
DATA,32.159,8.05546,0.6399999,10.3705463,0.0,95.74705,0.0,9.647418,-0.160000086,10.2103271,0.0,95.74705,0.0,8.05546,0.6399999,10.3705463,0.0,95.74705,0.0,8.05546,0.6399999,10.3705463,0.0,95.74705,0.0,0.0,0.0,0.0,0.0,0.0,0.0,0.0,1,1,5,15,5,18.088047,18.088047,Tina A,5478,2026-09-18T13:59:02.300652,,,
DATA,32.205,8.05546,0.6399999,10.3705463,0.0,95.74705,0.0,9.647418,-0.160000086,10.2103271,0.0,95.74705,0.0,8.05546,0.6399999,10.3705463,0.0,95.74705,0.0,8.05546,0.6399999,10.3705463,0.0,95.74705,0.0,0.0,0.0,0.0,0.0,0.0,0.0,0.0,1,1,5,15,5,18.1343,18.1343,Tina A,5478,2026-09-18T13:59:02.347626,,,
DATA,32.256,8.05546,0.6399999,10.3705463,0.0,95.74705,0.0,9.647418,-0.160000086,10.2103271,0.0,95.74705,0.0,8.05546,0.6399999,10.3705463,0.0,95.74705,0.0,8.05546,0.6399999,10.3705463,0.0,95.74705,0.0,0.0,0.0,0.0,0.0,0.0,0.0,0.0,1,1,5,15,5,18.18539,18.18539,Tina A,5478,2026-09-18T13:59:02.398117,,,
DATA,32.308,8.05546,0.6399999,10.3705463,0.0,95.74705,0.0,9.647418,-0.160000086,10.2103271,0.0,95.74705,0.0,8.05546,0.6399999,10.3705463,0.0,95.74705,0.0,8.05546,0.6399999,10.3705463,0.0,95.74705,0.0,0.0,0.0,0.0,0.0,0.0,0.0,0.0,1,1,5,15,5,18.2371635,18.2371635,Tina A,5478,2026-09-18T13:59:02.449706,,,
DATA,32.358,8.05546,0.6399999,10.3705463,0.0,95.74705,0.0,9.647418,-0.160000086,10.2103271,0.0,95.74705,0.0,8.05546,0.6399999,10.3705463,0.0,95.74705,0.0,8.05546,0.6399999,10.3705463,0.0,95.74705,0.0,0.0,0.0,0.0,0.0,0.0,0.0,0.0,1,1,5,15,5,18.28772,18.28772,Tina A,5478,2026-09-18T13:59:02.501197,,,
DATA,32.407,8.05546,0.6399999,10.3705463,0.0,95.74705,0.0,9.647418,-0.160000086,10.2103271,0.0,95.74705,0.0,8.05546,0.6399999,10.3705463,0.0,95.74705,0.0,8.05546,0.6399999,10.3705463,0.0,95.74705,0.0,0.0,0.0,0.0,0.0,0.0,0.0,0.0,1,1,5,15,5,18.3353157,18.3353157,Tina A,5478,2026-09-18T13:59:02.548689,,,
DATA,32.456,8.05546,0.6399999,10.3705463,0.0,95.74705,0.0,9.647418,-0.160000086,10.2103271,0.0,95.74705,0.0,8.05546,0.6399999,10.3705463,0.0,95.74705,0.0,8.05546,0.6399999,10.3705463,0.0,95.74705,0.0,0.0,0.0,0.0,0.0,0.0,0.0,0.0,1,1,5,15,5,18.3863678,18.3863678,Tina A,5478,2026-09-18T13:59:02.598853,,,
DATA,32.508,8.05546,0.6399999,10.3705463,0.0,95.74705,0.0,9.647418,-0.160000086,10.2103271,0.0,95.74705,0.0,8.05546,0.6399999,10.3705463,0.0,95.74705,0.0,8.05546,0.6399999,10.3705463,0.0,95.74705,0.0,0.0,0.0,0.0,0.0,0.0,0.0,0.0,1,1,5,15,5,18.4367485,18.4367485,Tina A,5478,2026-09-18T13:59:02.648705,,,
DATA,32.558,8.05546,0.6399999,10.3705463,0.0,95.74705,0.0,9.647418,-0.160000086,10.2103271,0.0,95.74705,0.0,8.05546,0.6399999,10.3705463,0.0,95.74705,0.0,8.05546,0.6399999,10.3705463,0.0,95.74705,0.0,0.0,0.0,0.0,0.0,0.0,0.0,0.0,1,1,5,15,5,18.4877129,18.4877129,Tina A,5478,2026-09-18T13:59:02.699264,,,
DATA,32.606,8.05546,0.6399999,10.3705463,0.0,95.74705,0.0,9.647418,-0.160000086,10.2103271,0.0,95.74705,0.0,8.05546,0.6399999,10.3705463,0.0,95.74705,0.0,8.05546,0.6399999,10.3705463,0.0,95.74705,0.0,0.0,0.0,0.0,0.0,0.0,0.0,0.0,1,1,5,15,5,18.5346985,18.5346985,Tina A,5478,2026-09-18T13:59:02.747435,,,
DATA,32.658,8.05546,0.6399999,10.3705463,0.0,95.74705,0.0,9.647418,-0.160000086,10.2103271,0.0,95.74705,0.0,8.05546,0.6399999,10.3705463,0.0,95.74705,0.0,8.05546,0.6399999,10.3705463,0.0,95.74705,0.0,0.0,0.0,0.0,0.0,0.0,0.0,0.0,1,1,5,15,5,18.587635,18.587635,Tina A,5478,2026-09-18T13:59:02.801288,,,
DATA,32.707,8.05546,0.6399999,10.3705463,0.0,95.74705,0.0,9.647418,-0.160000086,10.2103271,0.0,95.74705,0.0,8.05546,0.6399999,10.3705463,0.0,95.74705,0.0,8.05546,0.6399999,10.3705463,0.0,95.74705,0.0,0.0,0.0,0.0,0.0,0.0,0.0,0.0,1,1,5,15,5,18.6362648,18.6362648,Tina A,5478,2026-09-18T13:59:02.849322,,,
DATA,32.758,8.05546,0.6399999,10.3705463,0.0,95.74705,0.0,9.647418,-0.160000086,10.2103271,0.0,95.74705,0.0,8.05546,0.6399999,10.3705463,0.0,95.74705,0.0,8.05546,0.6399999,10.3705463,0.0,95.74705,0.0,0.0,0.0,0.0,0.0,0.0,0.0,0.0,1,1,5,15,5,18.6865311,18.6865311,Tina A,5478,2026-09-18T13:59:02.898828,,,
DATA,32.805,8.05546,0.6399999,10.3705463,0.0,95.74705,0.0,9.647418,-0.160000086,10.2103271,0.0,95.74705,0.0,8.05546,0.6399999,10.3705463,0.0,95.74705,0.0,8.05546,0.6399999,10.3705463,0.0,95.74705,0.0,0.0,0.0,0.0,0.0,0.0,0.0,0.0,1,1,5,15,5,18.73368,18.73368,Tina A,5478,2026-09-18T13:59:02.946931,,,
DATA,32.856,8.05546,0.6399999,10.3705463,0.0,95.74705,0.0,9.647418,-0.160000086,10.2103271,0.0,95.74705,0.0,8.05546,0.6399999,10.3705463,0.0,95.74705,0.0,8.05546,0.6399999,10.3705463,0.0,95.74705,0.0,0.0,0.0,0.0,0.0,0.0,0.0,0.0,1,1,5,15,5,18.7854,18.7854,Tina A,5478,2026-09-18T13:59:02.996743,,,
DATA,32.907,8.05546,0.6399999,10.3705463,0.0,95.74705,0.0,9.647418,-0.160000086,10.2103271,0.0,95.74705,0.0,8.05546,0.6399999,10.3705463,0.0,95.74705,0.0,8.05546,0.6399999,10.3705463,0.0,95.74705,0.0,0.0,0.0,0.0,0.0,0.0,0.0,0.0,1,1,5,15,5,18.8352547,18.8352547,Tina A,5478,2026-09-18T13:59:03.047735,,,
DATA,32.957,8.05546,0.6399999,10.3705463,0.0,95.74705,0.0,9.647418,-0.160000086,10.2103271,0.0,95.74705,0.0,8.05546,0.6399999,10.3705463,0.0,95.74705,0.0,8.05546,0.6399999,10.3705463,0.0,95.74705,0.0,0.0,0.0,0.0,0.0,0.0,0.0,0.0,1,1,5,15,5,18.8861237,18.8861237,Tina A,5478,2026-09-18T13:59:03.098963,,,
DATA,33.005,8.05546,0.6399999,10.3705463,0.0,95.74705,0.0,9.647418,-0.160000086,10.2103271,0.0,95.74705,0.0,8.05546,0.6399999,10.3705463,0.0,95.74705,0.0,8.05546,0.6399999,10.3705463,0.0,95.74705,0.0,0.0,0.0,0.0,0.0,0.0,0.0,0.0,1,1,5,15,5,18.9344177,18.9344177,Tina A,5478,2026-09-18T13:59:03.147367,,,
DATA,33.056,8.05546,0.6399999,10.3705463,0.0,95.74705,0.0,9.647418,-0.160000086,10.2103271,0.0,95.74705,0.0,8.05546,0.6399999,10.3705463,0.0,95.74705,0.0,8.05546,0.6399999,10.3705463,0.0,95.74705,0.0,0.0,0.0,0.0,0.0,0.0,0.0,0.0,1,1,5,15,5,18.985527,18.985527,Tina A,5478,2026-09-18T13:59:03.198063,,,
DATA,33.107,8.05546,0.6399999,10.3705463,0.0,95.74705,0.0,9.647418,-0.160000086,10.2103271,0.0,95.74705,0.0,8.05546,0.6399999,10.3705463,0.0,95.74705,0.0,8.05546,0.6399999,10.3705463,0.0,95.74705,0.0,0.0,0.0,0.0,0.0,0.0,0.0,0.0,1,1,5,15,5,19.0353088,19.0353088,Tina A,5478,2026-09-18T13:59:03.247973,,,
DATA,33.156,8.05546,0.6399999,10.3705463,0.0,95.74705,0.0,9.647418,-0.160000086,10.2103271,0.0,95.74705,0.0,8.05546,0.6399999,10.3705463,0.0,95.74705,0.0,8.05546,0.6399999,10.3705463,0.0,95.74705,0.0,0.0,0.0,0.0,0.0,0.0,0.0,0.0,1,1,5,15,5,19.0851974,19.0851974,Tina A,5478,2026-09-18T13:59:03.297407,,,
DATA,33.208,8.05546,0.6399999,10.3705463,0.0,95.74705,0.0,9.647418,-0.160000086,10.2103271,0.0,95.74705,0.0,8.05546,0.6399999,10.3705463,0.0,95.74705,0.0,8.05546,0.6399999,10.3705463,0.0,95.74705,0.0,0.0,0.0,0.0,0.0,0.0,0.0,0.0,1,1,5,15,5,19.1370926,19.1370926,Tina A,5478,2026-09-18T13:59:03.349932,,,
DATA,33.256,8.05546,0.6399999,10.3705463,0.0,95.74705,0.0,9.647418,-0.160000086,10.2103271,0.0,95.74705,0.0,8.05546,0.6399999,10.3705463,0.0,95.74705,0.0,8.05546,0.6399999,10.3705463,0.0,95.74705,0.0,0.0,0.0,0.0,0.0,0.0,0.0,0.0,1,1,5,15,5,19.1847343,19.1847343,Tina A,5478,2026-09-18T13:59:03.397208,,,
DATA,33.305,8.05546,0.6399999,10.3705463,0.0,95.74705,0.0,9.647418,-0.160000086,10.2103271,0.0,95.74705,0.0,8.05546,0.6399999,10.3705463,0.0,95.74705,0.0,8.05546,0.6399999,10.3705463,0.0,95.74705,0.0,0.0,0.0,0.0,0.0,0.0,0.0,0.0,1,1,5,15,5,19.23407,19.23407,Tina A,5478,2026-09-18T13:59:03.447284,,,
DATA,33.358,8.05546,0.6399999,10.3705463,0.0,95.74705,0.0,9.647418,-0.160000086,10.2103271,0.0,95.74705,0.0,8.05546,0.6399999,10.3705463,0.0,95.74705,0.0,8.05546,0.6399999,10.3705463,0.0,95.74705,0.0,0.0,0.0,0.0,0.0,0.0,0.0,0.0,1,1,5,15,5,19.28603,19.28603,Tina A,5478,2026-09-18T13:59:03.498879,,,
DATA,33.409,8.05546,0.6399999,10.3705463,0.0,95.74705,0.0,9.647418,-0.160000086,10.2103271,0.0,95.74705,0.0,8.05546,0.6399999,10.3705463,0.0,95.74705,0.0,8.05546,0.6399999,10.3705463,0.0,95.74705,0.0,0.0,0.0,0.0,0.0,0.0,0.0,0.0,1,1,5,15,5,19.3377037,19.3377037,Tina A,5478,2026-09-18T13:59:03.550199,,,
DATA,33.456,8.05546,0.6399999,10.3705463,0.0,95.74705,0.0,9.647418,-0.160000086,10.2103271,0.0,95.74705,0.0,8.05546,0.6399999,10.3705463,0.0,95.74705,0.0,8.05546,0.6399999,10.3705463,0.0,95.74705,0.0,0.0,0.0,0.0,0.0,0.0,0.0,0.0,1,1,5,15,5,19.3842659,19.3842659,Tina A,5478,2026-09-18T13:59:03.595901,,,
DATA,33.505,8.05546,0.6399999,10.3705463,0.0,95.74705,0.0,9.647418,-0.160000086,10.2103271,0.0,95.74705,0.0,8.05546,0.6399999,10.3705463,0.0,95.74705,0.0,8.05546,0.6399999,10.3705463,0.0,95.74705,0.0,0.0,0.0,0.0,0.0,0.0,0.0,0.0,1,1,5,15,5,19.43404,19.43404,Tina A,5478,2026-09-18T13:59:03.647154,,,
DATA,33.555,8.05546,0.6399999,10.3705463,0.0,95.74705,0.0,9.647418,-0.160000086,10.2103271,0.0,95.74705,0.0,8.05546,0.6399999,10.3705463,0.0,95.74705,0.0,8.05546,0.6399999,10.3705463,0.0,95.74705,0.0,0.0,0.0,0.0,0.0,0.0,0.0,0.0,1,1,5,15,5,19.4835739,19.4835739,Tina A,5478,2026-09-18T13:59:03.696338,,,
DATA,33.605,8.05546,0.6399999,10.3705463,0.0,95.74705,0.0,9.647418,-0.160000086,10.2103271,0.0,95.74705,0.0,8.05546,0.6399999,10.3705463,0.0,95.74705,0.0,8.05546,0.6399999,10.3705463,0.0,95.74705,0.0,0.0,0.0,0.0,0.0,0.0,0.0,0.0,1,1,5,15,5,19.5336151,19.5336151,Tina A,5478,2026-09-18T13:59:03.747716,,,
DATA,33.655,8.05546,0.6399999,10.3705463,0.0,95.74705,0.0,9.647418,-0.160000086,10.2103271,0.0,95.74705,0.0,8.05546,0.6399999,10.3705463,0.0,95.74705,0.0,8.05546,0.6399999,10.3705463,0.0,95.74705,0.0,0.0,0.0,0.0,0.0,0.0,0.0,0.0,1,1,5,15,5,19.58453,19.58453,Tina A,5478,2026-09-18T13:59:03.797788,,,
DATA,33.707,8.05546,0.6399999,10.3705463,0.0,95.74705,0.0,9.647418,-0.160000086,10.2103271,0.0,95.74705,0.0,8.05546,0.6399999,10.3705463,0.0,95.74705,0.0,8.05546,0.6399999,10.3705463,0.0,95.74705,0.0,0.0,0.0,0.0,0.0,0.0,0.0,0.0,1,1,5,15,5,19.6364784,19.6364784,Tina A,5478,2026-09-18T13:59:03.849079,,,
DATA,33.755,8.05546,0.6399999,10.3705463,0.0,95.74705,0.0,9.647418,-0.160000086,10.2103271,0.0,95.74705,0.0,8.05546,0.6399999,10.3705463,0.0,95.74705,0.0,8.05546,0.6399999,10.3705463,0.0,95.74705,0.0,0.0,0.0,0.0,0.0,0.0,0.0,0.0,1,1,5,15,5,19.684742,19.684742,Tina A,5478,2026-09-18T13:59:03.896601,,,
DATA,33.807,8.05546,0.6399999,10.3705463,0.0,95.74705,0.0,9.647418,-0.160000086,10.2103271,0.0,95.74705,0.0,8.05546,0.6399999,10.3705463,0.0,95.74705,0.0,8.05546,0.6399999,10.3705463,0.0,95.74705,0.0,0.0,0.0,0.0,0.0,0.0,0.0,0.0,1,1,5,15,5,19.7357483,19.7357483,Tina A,5478,2026-09-18T13:59:03.948300,,,
DATA,33.857,8.05546,0.6399999,10.3705463,0.0,95.74705,0.0,9.647418,-0.160000086,10.2103271,0.0,95.74705,0.0,8.05546,0.6399999,10.3705463,0.0,95.74705,0.0,8.05546,0.6399999,10.3705463,0.0,95.74705,0.0,0.0,0.0,0.0,0.0,0.0,0.0,0.0,1,1,5,15,5,19.7862167,19.7862167,Tina A,5478,2026-09-18T13:59:03.998610,,,
DATA,33.905,8.05546,0.6399999,10.3705463,0.0,95.74705,0.0,9.647418,-0.160000086,10.2103271,0.0,95.74705,0.0,8.05546,0.6399999,10.3705463,0.0,95.74705,0.0,8.05546,0.6399999,10.3705463,0.0,95.74705,0.0,0.0,0.0,0.0,0.0,0.0,0.0,0.0,1,1,5,15,5,19.8337479,19.8337479,Tina A,5478,2026-09-18T13:59:04.047063,,,
DATA,33.955,8.05546,0.6399999,10.3705463,0.0,95.74705,0.0,9.647418,-0.160000086,10.2103271,0.0,95.74705,0.0,8.05546,0.6399999,10.3705463,0.0,95.74705,0.0,8.05546,0.6399999,10.3705463,0.0,95.74705,0.0,0.0,0.0,0.0,0.0,0.0,0.0,0.0,1,1,5,15,5,19.8836021,19.8836021,Tina A,5478,2026-09-18T13:59:04.096203,,,
DATA,34.006,8.05546,0.6399999,10.3705463,0.0,95.74705,0.0,9.647418,-0.160000086,10.2103271,0.0,95.74705,0.0,8.05546,0.6399999,10.3705463,0.0,95.74705,0.0,8.05546,0.6399999,10.3705463,0.0,95.74705,0.0,0.0,0.0,0.0,0.0,0.0,0.0,0.0,1,1,5,15,5,19.9348259,19.9348259,Tina A,5478,2026-09-18T13:59:04.147028,,,
DATA,34.057,8.05546,0.6399999,10.3705463,0.0,95.74705,0.0,9.647418,-0.160000086,10.2103271,0.0,95.74705,0.0,8.05546,0.6399999,10.3705463,0.0,95.74705,0.0,8.05546,0.6399999,10.3705463,0.0,95.74705,0.0,0.0,0.0,0.0,0.0,0.0,0.0,0.0,1,1,5,15,5,19.9856415,19.9856415,Tina A,5478,2026-09-18T13:59:04.197808,,,
DATA,34.109,8.05546,0.6399999,10.3705463,0.0,95.74705,0.0,9.647418,-0.160000086,10.2103271,0.0,95.74705,0.0,8.05546,0.6399999,10.3705463,0.0,95.74705,0.0,8.05546,0.6399999,10.3705463,0.0,95.74705,0.0,0.0,0.0,0.0,0.0,0.0,0.0,0.0,1,1,5,15,5,20.0369987,20.0369987,Tina A,5478,2026-09-18T13:59:04.249317,,,
DATA,34.159,8.05546,0.6399999,10.3705463,0.0,95.74705,0.0,9.647418,-0.160000086,10.2103271,0.0,95.74705,0.0,8.05546,0.6399999,10.3705463,0.0,95.74705,0.0,8.05546,0.6399999,10.3705463,0.0,95.74705,0.0,0.0,0.0,0.0,0.0,0.0,0.0,0.0,1,1,5,15,5,20.0878754,20.0878754,Tina A,5478,2026-09-18T13:59:04.300097,,,
DATA,34.207,8.05546,0.6399999,10.3705463,0.0,95.74705,0.0,9.647418,-0.160000086,10.2103271,0.0,95.74705,0.0,8.05546,0.6399999,10.3705463,0.0,95.74705,0.0,8.05546,0.6399999,10.3705463,0.0,95.74705,0.0,0.0,0.0,0.0,0.0,0.0,0.0,0.0,1,1,5,15,5,20.1355934,20.1355934,Tina A,5478,2026-09-18T13:59:04.348068,,,
DATA,34.256,8.05546,0.6399999,10.3705463,0.0,95.74705,0.0,9.647418,-0.160000086,10.2103271,0.0,95.74705,0.0,8.05546,0.6399999,10.3705463,0.0,95.74705,0.0,8.05546,0.6399999,10.3705463,0.0,95.74705,0.0,0.0,0.0,0.0,0.0,0.0,0.0,0.0,1,1,5,15,5,20.18518,20.18518,Tina A,5478,2026-09-18T13:59:04.398229,,,
DATA,34.308,8.05546,0.6399999,10.3705463,0.0,95.74705,0.0,9.647418,-0.160000086,10.2103271,0.0,95.74705,0.0,8.05546,0.6399999,10.3705463,0.0,95.74705,0.0,8.05546,0.6399999,10.3705463,0.0,95.74705,0.0,0.0,0.0,0.0,0.0,0.0,0.0,0.0,1,1,5,15,5,20.2369957,20.2369957,Tina A,5478,2026-09-18T13:59:04.450161,,,
DATA,34.359,8.05546,0.6399999,10.3705463,0.0,95.74705,0.0,9.647418,-0.160000086,10.2103271,0.0,95.74705,0.0,8.05546,0.6399999,10.3705463,0.0,95.74705,0.0,8.05546,0.6399999,10.3705463,0.0,95.74705,0.0,0.0,0.0,0.0,0.0,0.0,0.0,0.0,1,1,5,15,5,20.2876129,20.2876129,Tina A,5478,2026-09-18T13:59:04.500095,,,
DATA,34.405,8.05546,0.6399999,10.3705463,0.0,95.74705,0.0,9.647418,-0.160000086,10.2103271,0.0,95.74705,0.0,8.05546,0.6399999,10.3705463,0.0,95.74705,0.0,8.05546,0.6399999,10.3705463,0.0,95.74705,0.0,0.0,0.0,0.0,0.0,0.0,0.0,0.0,1,1,5,15,5,20.3337555,20.3337555,Tina A,5478,2026-09-18T13:59:04.546366,,,
DATA,34.456,8.05546,0.6399999,10.3705463,0.0,95.74705,0.0,9.647418,-0.160000086,10.2103271,0.0,95.74705,0.0,8.05546,0.6399999,10.3705463,0.0,95.74705,0.0,8.05546,0.6399999,10.3705463,0.0,95.74705,0.0,0.0,0.0,0.0,0.0,0.0,0.0,0.0,1,1,5,15,5,20.3847237,20.3847237,Tina A,5478,2026-09-18T13:59:04.597134,,,
DATA,34.506,8.05546,0.6399999,10.3705463,0.0,95.74705,0.0,9.647418,-0.160000086,10.2103271,0.0,95.74705,0.0,8.05546,0.6399999,10.3705463,0.0,95.74705,0.0,8.05546,0.6399999,10.3705463,0.0,95.74705,0.0,0.0,0.0,0.0,0.0,0.0,0.0,0.0,1,1,5,15,5,20.43422,20.43422,Tina A,5478,2026-09-18T13:59:04.646959,,,
DATA,34.556,8.05546,0.6399999,10.3705463,0.0,95.74705,0.0,9.647418,-0.160000086,10.2103271,0.0,95.74705,0.0,8.05546,0.6399999,10.3705463,0.0,95.74705,0.0,8.05546,0.6399999,10.3705463,0.0,95.74705,0.0,0.0,0.0,0.0,0.0,0.0,0.0,0.0,1,1,5,15,5,20.4846,20.4846,Tina A,5478,2026-09-18T13:59:04.697614,,,
DATA,34.609,8.05546,0.6399999,10.3705463,0.0,95.74705,0.0,9.647418,-0.160000086,10.2103271,0.0,95.74705,0.0,8.05546,0.6399999,10.3705463,0.0,95.74705,0.0,8.05546,0.6399999,10.3705463,0.0,95.74705,0.0,0.0,0.0,0.0,0.0,0.0,0.0,0.0,1,1,5,15,5,20.5376625,20.5376625,Tina A,5478,2026-09-18T13:59:04.750427,,,
DATA,34.657,8.05546,0.6399999,10.3705463,0.0,95.74705,0.0,9.647418,-0.160000086,10.2103271,0.0,95.74705,0.0,8.05546,0.6399999,10.3705463,0.0,95.74705,0.0,8.05546,0.6399999,10.3705463,0.0,95.74705,0.0,0.0,0.0,0.0,0.0,0.0,0.0,0.0,1,1,5,15,5,20.5857735,20.5857735,Tina A,5478,2026-09-18T13:59:04.798042,,,
DATA,34.707,8.05546,0.6399999,10.3705463,0.0,95.74705,0.0,9.647418,-0.160000086,10.2103271,0.0,95.74705,0.0,8.05546,0.6399999,10.3705463,0.0,95.74705,0.0,8.05546,0.6399999,10.3705463,0.0,95.74705,0.0,0.0,0.0,0.0,0.0,0.0,0.0,0.0,1,1,5,15,5,20.6351547,20.6351547,Tina A,5478,2026-09-18T13:59:04.848128,,,
DATA,34.756,8.05546,0.6399999,10.3705463,0.0,95.74705,0.0,9.647418,-0.160000086,10.2103271,0.0,95.74705,0.0,8.05546,0.6399999,10.3705463,0.0,95.74705,0.0,8.05546,0.6399999,10.3705463,0.0,95.74705,0.0,0.0,0.0,0.0,0.0,0.0,0.0,0.0,1,1,5,15,5,20.6844978,20.6844978,Tina A,5478,2026-09-18T13:59:04.897099,,,
DATA,34.808,8.05546,0.6399999,10.3705463,0.0,95.74705,0.0,9.647418,-0.160000086,10.2103271,0.0,95.74705,0.0,8.05546,0.6399999,10.3705463,0.0,95.74705,0.0,8.05546,0.6399999,10.3705463,0.0,95.74705,0.0,0.0,0.0,0.0,0.0,0.0,0.0,0.0,1,1,5,15,5,20.7367325,20.7367325,Tina A,5478,2026-09-18T13:59:04.949209,,,
DATA,34.858,8.05546,0.6399999,10.3705463,0.0,95.74705,0.0,9.647418,-0.160000086,10.2103271,0.0,95.74705,0.0,8.05546,0.6399999,10.3705463,0.0,95.74705,0.0,8.05546,0.6399999,10.3705463,0.0,95.74705,0.0,0.0,0.0,0.0,0.0,0.0,0.0,0.0,1,1,5,15,5,20.7876282,20.7876282,Tina A,5478,2026-09-18T13:59:05.000467,,,
DATA,34.909,8.05546,0.6399999,10.3705463,0.0,95.74705,0.0,9.647418,-0.160000086,10.2103271,0.0,95.74705,0.0,8.05546,0.6399999,10.3705463,0.0,95.74705,0.0,8.05546,0.6399999,10.3705463,0.0,95.74705,0.0,0.0,0.0,0.0,0.0,0.0,0.0,0.0,1,1,5,15,5,20.83767,20.83767,Tina A,5478,2026-09-18T13:59:05.050272,,,
DATA,34.958,8.05546,0.6399999,10.3705463,0.0,95.74705,0.0,9.647418,-0.160000086,10.2103271,0.0,95.74705,0.0,8.05546,0.6399999,10.3705463,0.0,95.74705,0.0,8.05546,0.6399999,10.3705463,0.0,95.74705,0.0,0.0,0.0,0.0,0.0,0.0,0.0,0.0,1,1,5,15,5,20.8869858,20.8869858,Tina A,5478,2026-09-18T13:59:05.099339,,,
DATA,35.006,8.05546,0.6399999,10.3705463,0.0,95.74705,0.0,9.647418,-0.160000086,10.2103271,0.0,95.74705,0.0,8.05546,0.6399999,10.3705463,0.0,95.74705,0.0,8.05546,0.6399999,10.3705463,0.0,95.74705,0.0,0.0,0.0,0.0,0.0,0.0,0.0,0.0,1,1,5,15,5,20.93496,20.93496,Tina A,5478,2026-09-18T13:59:05.147469,,,
DATA,35.054,8.05546,0.6399999,10.3705463,0.0,95.74705,0.0,9.647418,-0.160000086,10.2103271,0.0,95.74705,0.0,8.05546,0.6399999,10.3705463,0.0,95.74705,0.0,8.05546,0.6399999,10.3705463,0.0,95.74705,0.0,0.0,0.0,0.0,0.0,0.0,0.0,0.0,1,1,5,15,5,20.9840813,20.9840813,Tina A,5478,2026-09-18T13:59:05.197408,,,
DATA,35.109,8.05546,0.6399999,10.3705463,0.0,95.74705,0.0,9.647418,-0.160000086,10.2103271,0.0,95.74705,0.0,8.05546,0.6399999,10.3705463,0.0,95.74705,0.0,8.05546,0.6399999,10.3705463,0.0,95.74705,0.0,0.0,0.0,0.0,0.0,0.0,0.0,0.0,1,1,5,15,5,21.0376282,21.0376282,Tina A,5478,2026-09-18T13:59:05.250075,,,
DATA,35.158,8.05546,0.6399999,10.3705463,0.0,95.74705,0.0,9.647418,-0.160000086,10.2103271,0.0,95.74705,0.0,8.05546,0.6399999,10.3705463,0.0,95.74705,0.0,8.05546,0.6399999,10.3705463,0.0,95.74705,0.0,0.0,0.0,0.0,0.0,0.0,0.0,0.0,1,1,5,15,5,21.0869865,21.0869865,Tina A,5478,2026-09-18T13:59:05.299475,,,
DATA,35.206,8.05546,0.6399999,10.3705463,0.0,95.74705,0.0,9.647418,-0.160000086,10.2103271,0.0,95.74705,0.0,8.05546,0.6399999,10.3705463,0.0,95.74705,0.0,8.05546,0.6399999,10.3705463,0.0,95.74705,0.0,0.0,0.0,0.0,0.0,0.0,0.0,0.0,1,1,5,15,5,21.1345978,21.1345978,Tina A,5478,2026-09-18T13:59:05.347171,,,
DATA,35.256,8.05546,0.6399999,10.3705463,0.0,95.74705,0.0,9.647418,-0.160000086,10.2103271,0.0,95.74705,0.0,8.05546,0.6399999,10.3705463,0.0,95.74705,0.0,8.05546,0.6399999,10.3705463,0.0,95.74705,0.0,0.0,0.0,0.0,0.0,0.0,0.0,0.0,1,1,5,15,5,21.18602,21.18602,Tina A,5478,2026-09-18T13:59:05.398565,,,
DATA,35.306,8.05546,0.6399999,10.3705463,0.0,95.74705,0.0,9.647418,-0.160000086,10.2103271,0.0,95.74705,0.0,8.05546,0.6399999,10.3705463,0.0,95.74705,0.0,8.05546,0.6399999,10.3705463,0.0,95.74705,0.0,0.0,0.0,0.0,0.0,0.0,0.0,0.0,1,1,5,15,5,21.2349739,21.2349739,Tina A,5478,2026-09-18T13:59:05.448103,,,
DATA,35.359,8.05546,0.6399999,10.3705463,0.0,95.74705,0.0,9.647418,-0.160000086,10.2103271,0.0,95.74705,0.0,8.05546,0.6399999,10.3705463,0.0,95.74705,0.0,8.05546,0.6399999,10.3705463,0.0,95.74705,0.0,0.0,0.0,0.0,0.0,0.0,0.0,0.0,1,1,5,15,5,21.288147,21.288147,Tina A,5478,2026-09-18T13:59:05.500328,,,
DATA,35.405,8.05546,0.6399999,10.3705463,0.0,95.74705,0.0,9.647418,-0.160000086,10.2103271,0.0,95.74705,0.0,8.05546,0.6399999,10.3705463,0.0,95.74705,0.0,8.05546,0.6399999,10.3705463,0.0,95.74705,0.0,0.0,0.0,0.0,0.0,0.0,0.0,0.0,1,1,5,15,5,21.3338318,21.3338318,Tina A,5478,2026-09-18T13:59:05.546727,,,
DATA,35.458,8.05546,0.6399999,10.3705463,0.0,95.74705,0.0,9.647418,-0.160000086,10.2103271,0.0,95.74705,0.0,8.05546,0.6399999,10.3705463,0.0,95.74705,0.0,8.05546,0.6399999,10.3705463,0.0,95.74705,0.0,0.0,0.0,0.0,0.0,0.0,0.0,0.0,1,1,5,15,5,21.3869019,21.3869019,Tina A,5478,2026-09-18T13:59:05.599705,,,
DATA,35.509,8.05546,0.6399999,10.3705463,0.0,95.74705,0.0,9.647418,-0.160000086,10.2103271,0.0,95.74705,0.0,8.05546,0.6399999,10.3705463,0.0,95.74705,0.0,8.05546,0.6399999,10.3705463,0.0,95.74705,0.0,0.0,0.0,0.0,0.0,0.0,0.0,0.0,1,1,5,15,5,21.4380531,21.4380531,Tina A,5478,2026-09-18T13:59:05.650766,,,
DATA,35.56,8.05546,0.6399999,10.3705463,0.0,95.74705,0.0,9.647418,-0.160000086,10.2103271,0.0,95.74705,0.0,8.05546,0.6399999,10.3705463,0.0,95.74705,0.0,8.05546,0.6399999,10.3705463,0.0,95.74705,0.0,0.0,0.0,0.0,0.0,0.0,0.0,0.0,1,1,5,15,5,21.4887619,21.4887619,Tina A,5478,2026-09-18T13:59:05.701268,,,
DATA,35.609,8.05546,0.6399999,10.3705463,0.0,95.74705,0.0,9.647418,-0.160000086,10.2103271,0.0,95.74705,0.0,8.05546,0.6399999,10.3705463,0.0,95.74705,0.0,8.05546,0.6399999,10.3705463,0.0,95.74705,0.0,0.0,0.0,0.0,0.0,0.0,0.0,0.0,1,1,5,15,5,21.5380936,21.5380936,Tina A,5478,2026-09-18T13:59:05.750340,,,
DATA,35.658,8.05546,0.6399999,10.3705463,0.0,95.74705,0.0,9.647418,-0.160000086,10.2103271,0.0,95.74705,0.0,8.05546,0.6399999,10.3705463,0.0,95.74705,0.0,8.05546,0.6399999,10.3705463,0.0,95.74705,0.0,0.0,0.0,0.0,0.0,0.0,0.0,0.0,1,1,5,15,5,21.58636,21.58636,Tina A,5478,2026-09-18T13:59:05.797577,,,
DATA,35.708,8.05546,0.6399999,10.3705463,0.0,95.74705,0.0,9.647418,-0.160000086,10.2103271,0.0,95.74705,0.0,8.05546,0.6399999,10.3705463,0.0,95.74705,0.0,8.05546,0.6399999,10.3705463,0.0,95.74705,0.0,0.0,0.0,0.0,0.0,0.0,0.0,0.0,1,1,5,15,5,21.6363487,21.6363487,Tina A,5478,2026-09-18T13:59:05.849312,,,
DATA,35.756,8.05546,0.6399999,10.3705463,0.0,95.74705,0.0,9.647418,-0.160000086,10.2103271,0.0,95.74705,0.0,8.05546,0.6399999,10.3705463,0.0,95.74705,0.0,8.05546,0.6399999,10.3705463,0.0,95.74705,0.0,0.0,0.0,0.0,0.0,0.0,0.0,0.0,1,1,5,15,5,21.685009,21.685009,Tina A,5478,2026-09-18T13:59:05.897347,,,
DATA,35.806,8.05546,0.6399999,10.3705463,0.0,95.74705,0.0,9.647418,-0.160000086,10.2103271,0.0,95.74705,0.0,8.05546,0.6399999,10.3705463,0.0,95.74705,0.0,8.05546,0.6399999,10.3705463,0.0,95.74705,0.0,0.0,0.0,0.0,0.0,0.0,0.0,0.0,1,1,5,15,5,21.73394,21.73394,Tina A,5478,2026-09-18T13:59:05.947191,,,
DATA,35.857,8.05546,0.6399999,10.3705463,0.0,95.74705,0.0,9.647418,-0.160000086,10.2103271,0.0,95.74705,0.0,8.05546,0.6399999,10.3705463,0.0,95.74705,0.0,8.05546,0.6399999,10.3705463,0.0,95.74705,0.0,0.0,0.0,0.0,0.0,0.0,0.0,0.0,1,1,5,15,5,21.786293,21.786293,Tina A,5478,2026-09-18T13:59:05.998704,,,
DATA,35.907,8.05546,0.6399999,10.3705463,0.0,95.74705,0.0,9.647418,-0.160000086,10.2103271,0.0,95.74705,0.0,8.05546,0.6399999,10.3705463,0.0,95.74705,0.0,8.05546,0.6399999,10.3705463,0.0,95.74705,0.0,0.0,0.0,0.0,0.0,0.0,0.0,0.0,1,1,5,15,5,21.836422,21.836422,Tina A,5478,2026-09-18T13:59:06.049724,,,
DATA,35.957,8.05546,0.6399999,10.3705463,0.0,95.74705,0.0,9.647418,-0.160000086,10.2103271,0.0,95.74705,0.0,8.05546,0.6399999,10.3705463,0.0,95.74705,0.0,8.05546,0.6399999,10.3705463,0.0,95.74705,0.0,0.0,0.0,0.0,0.0,0.0,0.0,0.0,1,1,5,15,5,21.88544,21.88544,Tina A,5478,2026-09-18T13:59:06.098093,,,
DATA,36.009,8.05546,0.6399999,10.3705463,0.0,95.74705,0.0,9.647418,-0.160000086,10.2103271,0.0,95.74705,0.0,8.05546,0.6399999,10.3705463,0.0,95.74705,0.0,8.05546,0.6399999,10.3705463,0.0,95.74705,0.0,0.0,0.0,0.0,0.0,0.0,0.0,0.0,1,1,5,15,5,21.93753,21.93753,Tina A,5478,2026-09-18T13:59:06.150166,,,
DATA,36.055,8.05546,0.6399999,10.3705463,0.0,95.74705,0.0,9.647418,-0.160000086,10.2103271,0.0,95.74705,0.0,8.05546,0.6399999,10.3705463,0.0,95.74705,0.0,8.05546,0.6399999,10.3705463,0.0,95.74705,0.0,0.0,0.0,0.0,0.0,0.0,0.0,0.0,1,1,5,15,5,21.9839134,21.9839134,Tina A,5478,2026-09-18T13:59:06.196330,,,
DATA,36.105,8.05546,0.6399999,10.3705463,0.0,95.74705,0.0,9.647418,-0.160000086,10.2103271,0.0,95.74705,0.0,8.05546,0.6399999,10.3705463,0.0,95.74705,0.0,8.05546,0.6399999,10.3705463,0.0,95.74705,0.0,0.0,0.0,0.0,0.0,0.0,0.0,0.0,1,1,5,15,5,22.0335312,22.0335312,Tina A,5478,2026-09-18T13:59:06.246374,,,
DATA,36.155,8.05546,0.6399999,10.3705463,0.0,95.74705,0.0,9.647418,-0.160000086,10.2103271,0.0,95.74705,0.0,8.05546,0.6399999,10.3705463,0.0,95.74705,0.0,8.05546,0.6399999,10.3705463,0.0,95.74705,0.0,0.0,0.0,0.0,0.0,0.0,0.0,0.0,1,1,5,15,5,22.084343,22.084343,Tina A,5478,2026-09-18T13:59:06.297563,,,
DATA,36.209,8.05546,0.6399999,10.3705463,0.0,95.74705,0.0,9.647418,-0.160000086,10.2103271,0.0,95.74705,0.0,8.05546,0.6399999,10.3705463,0.0,95.74705,0.0,8.05546,0.6399999,10.3705463,0.0,95.74705,0.0,0.0,0.0,0.0,0.0,0.0,0.0,0.0,1,1,5,15,5,22.1375,22.1375,Tina A,5478,2026-09-18T13:59:06.350186,,,
DATA,36.258,8.05546,0.6399999,10.3705463,0.0,95.74705,0.0,9.647418,-0.160000086,10.2103271,0.0,95.74705,0.0,8.05546,0.6399999,10.3705463,0.0,95.74705,0.0,8.05546,0.6399999,10.3705463,0.0,95.74705,0.0,0.0,0.0,0.0,0.0,0.0,0.0,0.0,1,1,5,15,5,22.1865,22.1865,Tina A,5478,2026-09-18T13:59:06.399507,,,
DATA,36.311,8.05546,0.6399999,10.3705463,0.0,95.74705,0.0,9.647418,-0.160000086,10.2103271,0.0,95.74705,0.0,8.05546,0.6399999,10.3705463,0.0,95.74705,0.0,8.05546,0.6399999,10.3705463,0.0,95.74705,0.0,0.0,0.0,0.0,0.0,0.0,0.0,0.0,1,1,5,15,5,22.2386169,22.2386169,Tina A,5478,2026-09-18T13:59:06.452785,,,
DATA,36.355,8.05546,0.6399999,10.3705463,0.0,95.74705,0.0,9.647418,-0.160000086,10.2103271,0.0,95.74705,0.0,8.05546,0.6399999,10.3705463,0.0,95.74705,0.0,8.05546,0.6399999,10.3705463,0.0,95.74705,0.0,0.0,0.0,0.0,0.0,0.0,0.0,0.0,1,1,5,15,5,22.2843819,22.2843819,Tina A,5478,2026-09-18T13:59:06.497931,,,
DATA,36.404,8.05546,0.6399999,10.3705463,0.0,95.74705,0.0,9.647418,-0.160000086,10.2103271,0.0,95.74705,0.0,8.05546,0.6399999,10.3705463,0.0,95.74705,0.0,8.05546,0.6399999,10.3705463,0.0,95.74705,0.0,0.0,0.0,0.0,0.0,0.0,0.0,0.0,1,1,5,15,5,22.3336,22.3336,Tina A,5478,2026-09-18T13:59:06.545646,,,
DATA,36.456,8.05546,0.6399999,10.3705463,0.0,95.74705,0.0,9.647418,-0.160000086,10.2103271,0.0,95.74705,0.0,8.05546,0.6399999,10.3705463,0.0,95.74705,0.0,8.05546,0.6399999,10.3705463,0.0,95.74705,0.0,0.0,0.0,0.0,0.0,0.0,0.0,0.0,1,1,5,15,5,22.38525,22.38525,Tina A,5478,2026-09-18T13:59:06.597815,,,
DATA,36.509,8.05546,0.6399999,10.3705463,0.0,95.74705,0.0,9.647418,-0.160000086,10.2103271,0.0,95.74705,0.0,8.05546,0.6399999,10.3705463,0.0,95.74705,0.0,8.05546,0.6399999,10.3705463,0.0,95.74705,0.0,0.0,0.0,0.0,0.0,0.0,0.0,0.0,1,1,5,15,5,22.4376259,22.4376259,Tina A,5478,2026-09-18T13:59:06.648902,,,
DATA,36.555,8.05546,0.6399999,10.3705463,0.0,95.74705,0.0,9.647418,-0.160000086,10.2103271,0.0,95.74705,0.0,8.05546,0.6399999,10.3705463,0.0,95.74705,0.0,8.05546,0.6399999,10.3705463,0.0,95.74705,0.0,0.0,0.0,0.0,0.0,0.0,0.0,0.0,1,1,5,15,5,22.4836845,22.4836845,Tina A,5478,2026-09-18T13:59:06.696405,,,
DATA,36.607,8.05546,0.6399999,10.3705463,0.0,95.74705,0.0,9.647418,-0.160000086,10.2103271,0.0,95.74705,0.0,8.05546,0.6399999,10.3705463,0.0,95.74705,0.0,8.05546,0.6399999,10.3705463,0.0,95.74705,0.0,0.0,0.0,0.0,0.0,0.0,0.0,0.0,1,1,5,15,5,22.5363083,22.5363083,Tina A,5478,2026-09-18T13:59:06.749060,,,
DATA,36.655,8.05546,0.6399999,10.3705463,0.0,95.74705,0.0,9.647418,-0.160000086,10.2103271,0.0,95.74705,0.0,8.05546,0.6399999,10.3705463,0.0,95.74705,0.0,8.05546,0.6399999,10.3705463,0.0,95.74705,0.0,0.0,0.0,0.0,0.0,0.0,0.0,0.0,1,1,5,15,5,22.5836983,22.5836983,Tina A,5478,2026-09-18T13:59:06.796699,,,
DATA,36.707,8.05546,0.6399999,10.3705463,0.0,95.74705,0.0,9.647418,-0.160000086,10.2103271,0.0,95.74705,0.0,8.05546,0.6399999,10.3705463,0.0,95.74705,0.0,8.05546,0.6399999,10.3705463,0.0,95.74705,0.0,0.0,0.0,0.0,0.0,0.0,0.0,0.0,1,1,5,15,5,22.6358337,22.6358337,Tina A,5478,2026-09-18T13:59:06.848211,,,
DATA,36.756,8.05546,0.6399999,10.3705463,0.0,95.74705,0.0,9.647418,-0.160000086,10.2103271,0.0,95.74705,0.0,8.05546,0.6399999,10.3705463,0.0,95.74705,0.0,8.05546,0.6399999,10.3705463,0.0,95.74705,0.0,0.0,0.0,0.0,0.0,0.0,0.0,0.0,1,1,5,15,5,22.6849327,22.6849327,Tina A,5478,2026-09-18T13:59:06.897809,,,
DATA,36.807,8.05546,0.6399999,10.3705463,0.0,95.74705,0.0,9.647418,-0.160000086,10.2103271,0.0,95.74705,0.0,8.05546,0.6399999,10.3705463,0.0,95.74705,0.0,8.05546,0.6399999,10.3705463,0.0,95.74705,0.0,0.0,0.0,0.0,0.0,0.0,0.0,0.0,1,1,5,15,5,22.7363052,22.7363052,Tina A,5478,2026-09-18T13:59:06.948577,,,
DATA,36.855,8.05546,0.6399999,10.3705463,0.0,95.74705,0.0,9.647418,-0.160000086,10.2103271,0.0,95.74705,0.0,8.05546,0.6399999,10.3705463,0.0,95.74705,0.0,8.05546,0.6399999,10.3705463,0.0,95.74705,0.0,0.0,0.0,0.0,0.0,0.0,0.0,0.0,1,1,5,15,5,22.7840271,22.7840271,Tina A,5478,2026-09-18T13:59:06.996210,,,
DATA,36.906,8.05546,0.6399999,10.3705463,0.0,95.74705,0.0,9.647418,-0.160000086,10.2103271,0.0,95.74705,0.0,8.05546,0.6399999,10.3705463,0.0,95.74705,0.0,8.05546,0.6399999,10.3705463,0.0,95.74705,0.0,0.0,0.0,0.0,0.0,0.0,0.0,0.0,1,1,5,15,5,22.8343582,22.8343582,Tina A,5478,2026-09-18T13:59:07.047091,,,
DATA,36.957,8.05546,0.6399999,10.3705463,0.0,95.74705,0.0,9.647418,-0.160000086,10.2103271,0.0,95.74705,0.0,8.05546,0.6399999,10.3705463,0.0,95.74705,0.0,8.05546,0.6399999,10.3705463,0.0,95.74705,0.0,0.0,0.0,0.0,0.0,0.0,0.0,0.0,1,1,5,15,5,22.8859673,22.8859673,Tina A,5478,2026-09-18T13:59:07.098249,,,
DATA,37.009,8.05546,0.6399999,10.3705463,0.0,95.74705,0.0,9.647418,-0.160000086,10.2103271,0.0,95.74705,0.0,8.05546,0.6399999,10.3705463,0.0,95.74705,0.0,8.05546,0.6399999,10.3705463,0.0,95.74705,0.0,0.0,0.0,0.0,0.0,0.0,0.0,0.0,1,1,5,15,5,22.93777,22.93777,Tina A,5478,2026-09-18T13:59:07.150769,,,
DATA,37.058,8.05546,0.6399999,10.3705463,0.0,95.74705,0.0,9.647418,-0.160000086,10.2103271,0.0,95.74705,0.0,8.05546,0.6399999,10.3705463,0.0,95.74705,0.0,8.05546,0.6399999,10.3705463,0.0,95.74705,0.0,0.0,0.0,0.0,0.0,0.0,0.0,0.0,1,1,5,15,5,22.98674,22.98674,Tina A,5478,2026-09-18T13:59:07.201006,,,
DATA,37.106,8.05546,0.6399999,10.3705463,0.0,95.74705,0.0,9.647418,-0.160000086,10.2103271,0.0,95.74705,0.0,8.05546,0.6399999,10.3705463,0.0,95.74705,0.0,8.05546,0.6399999,10.3705463,0.0,95.74705,0.0,0.0,0.0,0.0,0.0,0.0,0.0,0.0,1,1,5,15,5,23.0343933,23.0343933,Tina A,5478,2026-09-18T13:59:07.246858,,,
DATA,37.159,8.05546,0.6399999,10.3705463,0.0,95.74705,0.0,9.647418,-0.160000086,10.2103271,0.0,95.74705,0.0,8.05546,0.6399999,10.3705463,0.0,95.74705,0.0,8.05546,0.6399999,10.3705463,0.0,95.74705,0.0,0.0,0.0,0.0,0.0,0.0,0.0,0.0,1,1,5,15,5,23.0872116,23.0872116,Tina A,5478,2026-09-18T13:59:07.300335,,,
DATA,37.207,8.05546,0.6399999,10.3705463,0.0,95.74705,0.0,9.647418,-0.160000086,10.2103271,0.0,95.74705,0.0,8.05546,0.6399999,10.3705463,0.0,95.74705,0.0,8.05546,0.6399999,10.3705463,0.0,95.74705,0.0,0.0,0.0,0.0,0.0,0.0,0.0,0.0,1,1,5,15,5,23.13564,23.13564,Tina A,5478,2026-09-18T13:59:07.348088,,,
DATA,37.258,8.05546,0.6399999,10.3705463,0.0,95.74705,0.0,9.647418,-0.160000086,10.2103271,0.0,95.74705,0.0,8.05546,0.6399999,10.3705463,0.0,95.74705,0.0,8.05546,0.6399999,10.3705463,0.0,95.74705,0.0,0.0,0.0,0.0,0.0,0.0,0.0,0.0,1,1,5,15,5,23.1867638,23.1867638,Tina A,5478,2026-09-18T13:59:07.398627,,,
DATA,37.306,8.05546,0.6399999,10.3705463,0.0,95.74705,0.0,9.647418,-0.160000086,10.2103271,0.0,95.74705,0.0,8.05546,0.6399999,10.3705463,0.0,95.74705,0.0,8.05546,0.6399999,10.3705463,0.0,95.74705,0.0,0.0,0.0,0.0,0.0,0.0,0.0,0.0,1,1,5,15,5,23.234314,23.234314,Tina A,5478,2026-09-18T13:59:07.447181,,,
DATA,37.355,8.05546,0.6399999,10.3705463,0.0,95.74705,0.0,9.647418,-0.160000086,10.2103271,0.0,95.74705,0.0,8.05546,0.6399999,10.3705463,0.0,95.74705,0.0,8.05546,0.6399999,10.3705463,0.0,95.74705,0.0,0.0,0.0,0.0,0.0,0.0,0.0,0.0,1,1,5,15,5,23.28468,23.28468,Tina A,5478,2026-09-18T13:59:07.497935,,,
DATA,37.404,8.05546,0.6399999,10.3705463,0.0,95.74705,0.0,9.647418,-0.160000086,10.2103271,0.0,95.74705,0.0,8.05546,0.6399999,10.3705463,0.0,95.74705,0.0,8.05546,0.6399999,10.3705463,0.0,95.74705,0.0,0.0,0.0,0.0,0.0,0.0,0.0,0.0,1,1,5,15,5,23.3336754,23.3336754,Tina A,5478,2026-09-18T13:59:07.545800,,,
DATA,37.456,8.05546,0.6399999,10.3705463,0.0,95.74705,0.0,9.647418,-0.160000086,10.2103271,0.0,95.74705,0.0,8.05546,0.6399999,10.3705463,0.0,95.74705,0.0,8.05546,0.6399999,10.3705463,0.0,95.74705,0.0,0.0,0.0,0.0,0.0,0.0,0.0,0.0,1,1,5,15,5,23.38517,23.38517,Tina A,5478,2026-09-18T13:59:07.597833,,,
DATA,37.508,8.05546,0.6399999,10.3705463,0.0,95.74705,0.0,9.647418,-0.160000086,10.2103271,0.0,95.74705,0.0,8.05546,0.6399999,10.3705463,0.0,95.74705,0.0,8.05546,0.6399999,10.3705463,0.0,95.74705,0.0,0.0,0.0,0.0,0.0,0.0,0.0,0.0,1,1,5,15,5,23.4368858,23.4368858,Tina A,5478,2026-09-18T13:59:07.648615,,,
DATA,37.555,8.05546,0.6399999,10.3705463,0.0,95.74705,0.0,9.647418,-0.160000086,10.2103271,0.0,95.74705,0.0,8.05546,0.6399999,10.3705463,0.0,95.74705,0.0,8.05546,0.6399999,10.3705463,0.0,95.74705,0.0,0.0,0.0,0.0,0.0,0.0,0.0,0.0,1,1,5,15,5,23.4844971,23.4844971,Tina A,5478,2026-09-18T13:59:07.697617,,,
DATA,37.609,8.05546,0.6399999,10.3705463,0.0,95.74705,0.0,9.647418,-0.160000086,10.2103271,0.0,95.74705,0.0,8.05546,0.6399999,10.3705463,0.0,95.74705,0.0,8.05546,0.6399999,10.3705463,0.0,95.74705,0.0,0.0,0.0,0.0,0.0,0.0,0.0,0.0,1,1,5,15,5,23.5376358,23.5376358,Tina A,5478,2026-09-18T13:59:07.750374,,,
DATA,37.656,8.05546,0.6399999,10.3705463,0.0,95.74705,0.0,9.647418,-0.160000086,10.2103271,0.0,95.74705,0.0,8.05546,0.6399999,10.3705463,0.0,95.74705,0.0,8.05546,0.6399999,10.3705463,0.0,95.74705,0.0,0.0,0.0,0.0,0.0,0.0,0.0,0.0,1,1,5,15,5,23.5853462,23.5853462,Tina A,5478,2026-09-18T13:59:07.797580,,,
DATA,37.706,8.05546,0.6399999,10.3705463,0.0,95.74705,0.0,9.647418,-0.160000086,10.2103271,0.0,95.74705,0.0,8.05546,0.6399999,10.3705463,0.0,95.74705,0.0,8.05546,0.6399999,10.3705463,0.0,95.74705,0.0,0.0,0.0,0.0,0.0,0.0,0.0,0.0,1,1,5,15,5,23.63446,23.63446,Tina A,5478,2026-09-18T13:59:07.847541,,,
DATA,37.758,8.05546,0.6399999,10.3705463,0.0,95.74705,0.0,9.647418,-0.160000086,10.2103271,0.0,95.74705,0.0,8.05546,0.6399999,10.3705463,0.0,95.74705,0.0,8.05546,0.6399999,10.3705463,0.0,95.74705,0.0,0.0,0.0,0.0,0.0,0.0,0.0,0.0,1,1,5,15,5,23.6867485,23.6867485,Tina A,5478,2026-09-18T13:59:07.899386,,,
DATA,37.805,8.05546,0.6399999,10.3705463,0.0,95.74705,0.0,9.647418,-0.160000086,10.2103271,0.0,95.74705,0.0,8.05546,0.6399999,10.3705463,0.0,95.74705,0.0,8.05546,0.6399999,10.3705463,0.0,95.74705,0.0,0.0,0.0,0.0,0.0,0.0,0.0,0.0,1,1,5,15,5,23.734478,23.734478,Tina A,5478,2026-09-18T13:59:07.946513,,,
DATA,37.856,8.05546,0.6399999,10.3705463,0.0,95.74705,0.0,9.647418,-0.160000086,10.2103271,0.0,95.74705,0.0,8.05546,0.6399999,10.3705463,0.0,95.74705,0.0,8.05546,0.6399999,10.3705463,0.0,95.74705,0.0,0.0,0.0,0.0,0.0,0.0,0.0,0.0,1,1,5,15,5,23.7854,23.7854,Tina A,5478,2026-09-18T13:59:07.998178,,,
DATA,37.907,8.05546,0.6399999,10.3705463,0.0,95.74705,0.0,9.647418,-0.160000086,10.2103271,0.0,95.74705,0.0,8.05546,0.6399999,10.3705463,0.0,95.74705,0.0,8.05546,0.6399999,10.3705463,0.0,95.74705,0.0,0.0,0.0,0.0,0.0,0.0,0.0,0.0,1,1,5,15,5,23.8362656,23.8362656,Tina A,5478,2026-09-18T13:59:08.048189,,,
DATA,37.954,8.05546,0.6399999,10.3705463,0.0,95.74705,0.0,9.647418,-0.160000086,10.2103271,0.0,95.74705,0.0,8.05546,0.6399999,10.3705463,0.0,95.74705,0.0,8.05546,0.6399999,10.3705463,0.0,95.74705,0.0,0.0,0.0,0.0,0.0,0.0,0.0,0.0,1,1,5,15,5,23.8843422,23.8843422,Tina A,5478,2026-09-18T13:59:08.097398,,,
DATA,38.005,8.05546,0.6399999,10.3705463,0.0,95.74705,0.0,9.647418,-0.160000086,10.2103271,0.0,95.74705,0.0,8.05546,0.6399999,10.3705463,0.0,95.74705,0.0,8.05546,0.6399999,10.3705463,0.0,95.74705,0.0,0.0,0.0,0.0,0.0,0.0,0.0,0.0,1,1,5,15,5,23.933651,23.933651,Tina A,5478,2026-09-18T13:59:08.147408,,,
DATA,38.057,8.05546,0.6399999,10.3705463,0.0,95.74705,0.0,9.647418,-0.160000086,10.2103271,0.0,95.74705,0.0,8.05546,0.6399999,10.3705463,0.0,95.74705,0.0,8.05546,0.6399999,10.3705463,0.0,95.74705,0.0,0.0,0.0,0.0,0.0,0.0,0.0,0.0,1,1,5,15,5,23.9858437,23.9858437,Tina A,5478,2026-09-18T13:59:08.198005,,,
DATA,38.109,8.05546,0.6399999,10.3705463,0.0,95.74705,0.0,9.647418,-0.160000086,10.2103271,0.0,95.74705,0.0,8.05546,0.6399999,10.3705463,0.0,95.74705,0.0,8.05546,0.6399999,10.3705463,0.0,95.74705,0.0,0.0,0.0,0.0,0.0,0.0,0.0,0.0,1,1,5,15,5,24.0374565,24.0374565,Tina A,5478,2026-09-18T13:59:08.250244,,,
DATA,38.155,8.05546,0.6399999,10.3705463,0.0,95.74705,0.0,9.647418,-0.160000086,10.2103271,0.0,95.74705,0.0,8.05546,0.6399999,10.3705463,0.0,95.74705,0.0,8.05546,0.6399999,10.3705463,0.0,95.74705,0.0,0.0,0.0,0.0,0.0,0.0,0.0,0.0,1,1,5,15,5,24.0846672,24.0846672,Tina A,5478,2026-09-18T13:59:08.297488,,,
EVENT,38.19,,,,,,,,,,,,,,,,,,,,,,,,,,,,,,,,1,1,,,,24.1174469,24.1174469,Tina A,5478,2026-09-18T13:59:08.327375,PANEL_EVENT,PANEL_OPENED_EXIT_CONFIRMATION,Exit confirmation panel opened.
DATA,38.206,8.05546,0.6399999,10.3705463,0.0,95.74705,0.0,9.647418,-0.160000086,10.2103271,0.0,95.74705,0.0,8.05546,0.6399999,10.3705463,0.0,95.74705,0.0,8.05546,0.6399999,10.3705463,0.0,95.74705,0.0,0.0,0.0,0.0,0.0,0.0,0.0,1.0,1,1,5,15,5,24.13403,24.13403,Tina A,5478,2026-09-18T13:59:08.346790,,,
DATA,38.258,8.05546,0.6399999,10.3705463,0.0,95.74705,0.0,9.647418,-0.160000086,10.2103271,0.0,95.74705,0.0,8.05546,0.6399999,10.3705463,0.0,95.74705,0.0,8.05546,0.6399999,10.3705463,0.0,95.74705,0.0,0.0,0.0,0.0,0.0,0.0,0.0,1.0,1,1,5,15,5,24.1868172,24.1868172,Tina A,5478,2026-09-18T13:59:08.399171,,,
DATA,38.312,8.05546,0.6399999,10.3705463,0.0,95.74705,0.0,9.647418,-0.160000086,10.2103271,0.0,95.74705,0.0,8.05546,0.6399999,10.3705463,0.0,95.74705,0.0,8.05546,0.6399999,10.3705463,0.0,95.74705,0.0,0.0,0.0,0.0,0.0,0.0,0.0,1.0,1,1,5,15,5,24.23993,24.23993,Tina A,5478,2026-09-18T13:59:08.452804,,,
DATA,38.355,8.05546,0.6399999,10.3705463,0.0,95.74705,0.0,9.647418,-0.160000086,10.2103271,0.0,95.74705,0.0,8.05546,0.6399999,10.3705463,0.0,95.74705,0.0,8.05546,0.6399999,10.3705463,0.0,95.74705,0.0,0.0,0.0,0.0,0.0,0.0,0.0,0.0,1,1,5,15,5,24.2842178,24.2842178,Tina A,5478,2026-09-18T13:59:08.497541,,,
DATA,38.408,8.05546,0.6399999,10.3705463,0.0,95.74705,0.0,9.647418,-0.160000086,10.2103271,0.0,95.74705,0.0,8.05546,0.6399999,10.3705463,0.0,95.74705,0.0,8.05546,0.6399999,10.3705463,0.0,95.74705,0.0,0.0,0.0,0.0,0.0,0.0,0.0,0.0,1,1,5,15,5,24.3376122,24.3376122,Tina A,5478,2026-09-18T13:59:08.550253,,,
DATA,38.457,8.05546,0.6399999,10.3705463,0.0,95.74705,0.0,9.647418,-0.160000086,10.2103271,0.0,95.74705,0.0,8.05546,0.6399999,10.3705463,0.0,95.74705,0.0,8.05546,0.6399999,10.3705463,0.0,95.74705,0.0,0.0,0.0,0.0,0.0,0.0,0.0,0.0,1,1,5,15,5,24.386364,24.386364,Tina A,5478,2026-09-18T13:59:08.598719,,,
DATA,38.506,8.05546,0.6399999,10.3705463,0.0,95.74705,0.0,9.647418,-0.160000086,10.2103271,0.0,95.74705,0.0,8.05546,0.6399999,10.3705463,0.0,95.74705,0.0,8.05546,0.6399999,10.3705463,0.0,95.74705,0.0,0.0,0.0,0.0,0.0,0.0,0.0,0.0,1,1,5,15,5,24.4343033,24.4343033,Tina A,5478,2026-09-18T13:59:08.647003,,,
DATA,38.557,8.05546,0.6399999,10.3705463,0.0,95.74705,0.0,9.647418,-0.160000086,10.2103271,0.0,95.74705,0.0,8.05546,0.6399999,10.3705463,0.0,95.74705,0.0,8.05546,0.6399999,10.3705463,0.0,95.74705,0.0,0.0,0.0,0.0,0.0,0.0,0.0,0.0,1,1,5,15,5,24.4855766,24.4855766,Tina A,5478,2026-09-18T13:59:08.698613,,,
EVENT,38.602,,,,,,,,,,,,,,,,,,,,,,,,,,,,,,,,1,1,,,,24.5305138,24.5305138,Tina A,5478,2026-09-18T13:59:08.738689,BUTTON_EVENT,EXIT_YES_SELECTED,YES option selected in Exit confirmation panel.
DATA,38.608,8.057509,0.6399999,10.3909054,0.0,95.74705,0.0,9.647418,-0.160000086,10.2103271,0.0,95.74705,0.0,8.057509,0.6399999,10.3909054,0.0,95.74705,0.0,8.057509,0.6399999,10.3909054,0.0,95.74705,0.0,0.0,0.0,0.0,0.0,-1.0,0.0,0.0,1,1,5,15,5,24.5373344,24.5373344,Tina A,5478,2026-09-18T13:59:08.757057,,,
DATA,38.655,8.057031,0.6399999,10.3861523,0.0,95.74705,0.0,9.647418,-0.160000086,10.2103271,0.0,95.74705,0.0,8.057031,0.6399999,10.3861523,0.0,95.74705,0.0,8.057031,0.6399999,10.3861523,0.0,95.74705,0.0,0.0,0.0,0.0,0.0,-1.0,0.0,0.0,1,1,5,15,5,24.5839844,24.5839844,Tina A,5478,2026-09-18T13:59:08.792680,,,
DATA,38.707,8.056775,0.6399999,10.3836155,0.0,95.74705,0.0,9.647418,-0.160000086,10.2103271,0.0,95.74705,0.0,8.056775,0.6399999,10.3836155,0.0,95.74705,0.0,8.056775,0.6399999,10.3836155,0.0,95.74705,0.0,0.0,0.0,0.0,0.0,-1.0,0.0,0.0,1,1,5,15,5,24.6351776,24.6351776,Tina A,5478,2026-09-18T13:59:08.844021,,,
DATA,38.76,8.05546,0.6399999,10.3705463,0.0,95.74705,0.0,9.647418,-0.160000086,10.2103271,0.0,95.74705,0.0,8.05546,0.6399999,10.3705463,0.0,95.74705,0.0,8.05546,0.6399999,10.3705463,0.0,95.74705,0.0,0.0,0.0,0.0,0.0,0.0,0.0,0.0,1,1,5,15,5,24.68869,24.68869,Tina A,5478,2026-09-18T13:59:08.900762,,,
DATA,38.807,8.05546,0.6399999,10.3705463,0.0,95.74705,0.0,9.647418,-0.160000086,10.2103271,0.0,95.74705,0.0,8.05546,0.6399999,10.3705463,0.0,95.74705,0.0,8.05546,0.6399999,10.3705463,0.0,95.74705,0.0,0.0,0.0,0.0,0.0,0.0,0.0,0.0,1,1,5,15,5,24.7360573,24.7360573,Tina A,5478,2026-09-18T13:59:08.948104,,,
EVENT,38.832,,,,,,,,,,,,,,,,,,,,,,,,,,,,,,,,1,1,,,,24.76035,24.76035,Tina A,5478,2026-09-18T13:59:08.998723,BUTTON_EVENT,EXIT_YES_CONFIRMED,YES confirmed. Game exit requested.
EVENT,38.833,,,,,,,,,,,,,,,,,,,,,,,,,,,,,,,,1,1,,,,24.76035,24.76035,Tina A,5478,2026-09-18T13:59:09.015343,PANEL_EVENT,PANEL_CLOSED_EXIT_CONFIRMATION,Exit confirmation panel closed after YES.
EVENT,38.844,,,,,,,,,,,,,,,,,,,,,,,,,,,,,,,,1,1,,,,24.76035,24.76035,Tina A,5478,2026-09-18T13:59:09.029365,PANEL_CLOSED,PANEL_CLOSED_SUCCESS,
EVENT,38.845,,,,,,,,,,,,,,,,,,,,,,,,,,,,,,,,1,1,,,,24.76035,24.76035,Tina A,5478,2026-09-18T13:59:09.042258,PANEL_OPENED,PANEL_OPENED_FINAL_GAME,
EVENT,38.861,,,,,,,,,,,,,,,,,,,,,,,,,,,,,,,,1,1,,,,24.76035,24.76035,Tina A,5478,2026-09-18T13:59:09.075905,GAME_EVENT,GAME_FINISHED_FAILED,FinalResult=FAILED - EXIT; TotalGameTime=24.760; TotalScore=5; TotalCoinsCollected=5; HighestCompletedMaze=1
