recordType,timestamp,headPositionX,headPositionY,headPositionZ,headRotationX,headRotationY,headRotationZ,playerPositionX,playerPositionY,playerPositionZ,playerRotationX,playerRotationY,playerRotationZ,rightControllerPositionX,rightControllerPositionY,rightControllerPositionZ,rightControllerRotationX,rightControllerRotationY,rightControllerRotationZ,leftControllerPositionX,leftControllerPositionY,leftControllerPositionZ,leftControllerRotationX,leftControllerRotationY,leftControllerRotationZ,rightThumbstickX,rightThumbstickY,rightTrigger,rightGrab,leftThumbstickX,leftThumbstickY,leftTrigger,mazeNumber,attemptNumber,collectedCoins,totalCoins,totalScore,mazeElapsedTime,totalGameElapsedTime,participantName,participantID,serverReceivedTime,eventType,eventName,eventMessage
DATA,2.739,-6.0,0.788228035,-7.6,0.0,0.0,0.0,-6.0,-0.0117719769,-6.0,0.0,0.0,0.0,-6.0,0.788228035,-7.6,0.0,0.0,0.0,-6.0,0.788228035,-7.6,0.0,0.0,0.0,0.0,0.0,0.0,0.0,0.0,0.0,0.0,0,0,0,0,0,0.0,0.0,Tina Aminipour,4890,2026-09-18T13:48:21.901979,,,
DATA,3.109,-6.0,0.6330422,-7.6,0.0,0.0,0.0,-6.0,-0.1669578,-6.0,0.0,0.0,0.0,-6.0,0.6330422,-7.6,0.0,0.0,0.0,-6.0,0.6330422,-7.6,0.0,0.0,0.0,0.0,0.0,0.0,0.0,0.0,0.0,0.0,0,0,0,0,0,0.0,0.0,Tina Aminipour,4890,2026-09-18T13:48:21.935493,,,
DATA,3.132,-6.0,0.439999938,-7.6,0.0,0.0,0.0,-6.0,-0.360000074,-6.0,0.0,0.0,0.0,-6.0,0.439999938,-7.6,0.0,0.0,0.0,-6.0,0.439999938,-7.6,0.0,0.0,0.0,0.0,0.0,0.0,0.0,0.0,0.0,0.0,0,0,0,0,0,0.0,0.0,Tina Aminipour,4890,2026-09-18T13:48:21.951129,,,
DATA,3.138,-6.0,0.439999938,-7.6,0.0,0.0,0.0,-6.0,-0.360000074,-6.0,0.0,0.0,0.0,-6.0,0.439999938,-7.6,0.0,0.0,0.0,-6.0,0.439999938,-7.6,0.0,0.0,0.0,0.0,0.0,0.0,0.0,0.0,0.0,0.0,0,0,0,0,0,0.0,0.0,Tina Aminipour,4890,2026-09-18T13:48:21.965055,,,
DATA,3.142,-6.0,0.439999938,-7.6,0.0,0.0,0.0,-6.0,-0.360000074,-6.0,0.0,0.0,0.0,-6.0,0.439999938,-7.6,0.0,0.0,0.0,-6.0,0.439999938,-7.6,0.0,0.0,0.0,0.0,0.0,0.0,0.0,0.0,0.0,0.0,0,0,0,0,0,0.0,0.0,Tina Aminipour,4890,2026-09-18T13:48:21.977961,,,
DATA,3.149,-6.0,0.439999938,-7.6,0.0,0.0,0.0,-6.0,-0.360000074,-6.0,0.0,0.0,0.0,-6.0,0.439999938,-7.6,0.0,0.0,0.0,-6.0,0.439999938,-7.6,0.0,0.0,0.0,0.0,0.0,0.0,0.0,0.0,0.0,0.0,0,0,0,0,0,0.0,0.0,Tina Aminipour,4890,2026-09-18T13:48:21.992086,,,
DATA,3.154,-6.0,0.439999938,-7.6,0.0,0.0,0.0,-6.0,-0.360000074,-6.0,0.0,0.0,0.0,-6.0,0.439999938,-7.6,0.0,0.0,0.0,-6.0,0.439999938,-7.6,0.0,0.0,0.0,0.0,0.0,0.0,0.0,0.0,0.0,0.0,0,0,0,0,0,0.0,0.0,Tina Aminipour,4890,2026-09-18T13:48:22.011103,,,
DATA,3.159,-6.0,0.439999938,-7.6,0.0,0.0,0.0,-6.0,-0.360000074,-6.0,0.0,0.0,0.0,-6.0,0.439999938,-7.6,0.0,0.0,0.0,-6.0,0.439999938,-7.6,0.0,0.0,0.0,0.0,0.0,0.0,0.0,0.0,0.0,0.0,0,0,0,0,0,0.0,0.0,Tina Aminipour,4890,2026-09-18T13:48:22.031842,,,
DATA,3.164,-6.0,0.439999938,-7.6,0.0,0.0,0.0,-6.0,-0.360000074,-6.0,0.0,0.0,0.0,-6.0,0.439999938,-7.6,0.0,0.0,0.0,-6.0,0.439999938,-7.6,0.0,0.0,0.0,0.0,0.0,0.0,0.0,0.0,0.0,0.0,0,0,0,0,0,0.0,0.0,Tina Aminipour,4890,2026-09-18T13:48:22.048338,,,
DATA,3.168,-6.0,0.439999938,-7.6,0.0,0.0,0.0,-6.0,-0.360000074,-6.0,0.0,0.0,0.0,-6.0,0.439999938,-7.6,0.0,0.0,0.0,-6.0,0.439999938,-7.6,0.0,0.0,0.0,0.0,0.0,0.0,0.0,0.0,0.0,0.0,0,0,0,0,0,0.0,0.0,Tina Aminipour,4890,2026-09-18T13:48:22.062944,,,
DATA,3.2,-6.0,0.439999938,-7.6,0.0,0.0,0.0,-6.0,-0.360000074,-6.0,0.0,0.0,0.0,-6.0,0.439999938,-7.6,0.0,0.0,0.0,-6.0,0.439999938,-7.6,0.0,0.0,0.0,0.0,0.0,0.0,0.0,0.0,0.0,0.0,0,0,0,0,0,0.0,0.0,Tina Aminipour,4890,2026-09-18T13:48:22.075746,,,
DATA,3.251,-6.0,0.439999878,-7.6,0.0,0.0,0.0,-6.0,-0.360000134,-6.0,0.0,0.0,0.0,-6.0,0.439999878,-7.6,0.0,0.0,0.0,-6.0,0.439999878,-7.6,0.0,0.0,0.0,0.0,0.0,0.0,0.0,0.0,0.0,0.0,0,0,0,0,0,0.0,0.0,Tina Aminipour,4890,2026-09-18T13:48:22.089657,,,
DATA,3.298,-6.0,0.439999878,-7.6,0.0,0.0,0.0,-6.0,-0.360000134,-6.0,0.0,0.0,0.0,-6.0,0.439999878,-7.6,0.0,0.0,0.0,-6.0,0.439999878,-7.6,0.0,0.0,0.0,0.0,0.0,0.0,0.0,0.0,0.0,0.0,0,0,0,0,0,0.0,0.0,Tina Aminipour,4890,2026-09-18T13:48:22.103559,,,
DATA,3.348,-6.0,0.439999878,-7.6,0.0,0.0,0.0,-6.0,-0.360000134,-6.0,0.0,0.0,0.0,-6.0,0.439999878,-7.6,0.0,0.0,0.0,-6.0,0.439999878,-7.6,0.0,0.0,0.0,0.0,0.0,0.0,0.0,0.0,0.0,0.0,0,0,0,0,0,0.0,0.0,Tina Aminipour,4890,2026-09-18T13:48:22.145034,,,
DATA,3.398,-6.0,0.439999878,-7.6,0.0,0.0,0.0,-6.0,-0.360000134,-6.0,0.0,0.0,0.0,-6.0,0.439999878,-7.6,0.0,0.0,0.0,-6.0,0.439999878,-7.6,0.0,0.0,0.0,0.0,0.0,0.0,0.0,0.0,0.0,0.0,0,0,0,0,0,0.0,0.0,Tina Aminipour,4890,2026-09-18T13:48:22.194550,,,
DATA,3.448,-6.0,0.439999878,-7.6,0.0,0.0,0.0,-6.0,-0.360000134,-6.0,0.0,0.0,0.0,-6.0,0.439999878,-7.6,0.0,0.0,0.0,-6.0,0.439999878,-7.6,0.0,0.0,0.0,0.0,0.0,0.0,0.0,0.0,0.0,0.0,0,0,0,0,0,0.0,0.0,Tina Aminipour,4890,2026-09-18T13:48:22.245300,,,
DATA,3.498,-6.0,0.439999878,-7.6,0.0,0.0,0.0,-6.0,-0.360000134,-6.0,0.0,0.0,0.0,-6.0,0.439999878,-7.6,0.0,0.0,0.0,-6.0,0.439999878,-7.6,0.0,0.0,0.0,0.0,0.0,0.0,0.0,0.0,0.0,0.0,0,0,0,0,0,0.0,0.0,Tina Aminipour,4890,2026-09-18T13:48:22.294620,,,
DATA,3.551,-6.0,0.439999878,-7.6,0.0,0.0,0.0,-6.0,-0.360000134,-6.0,0.0,0.0,0.0,-6.0,0.439999878,-7.6,0.0,0.0,0.0,-6.0,0.439999878,-7.6,0.0,0.0,0.0,0.0,0.0,0.0,0.0,0.0,0.0,0.0,0,0,0,0,0,0.0,0.0,Tina Aminipour,4890,2026-09-18T13:48:22.348609,,,
DATA,3.599,-6.0,0.439999878,-7.6,0.0,0.0,0.0,-6.0,-0.360000134,-6.0,0.0,0.0,0.0,-6.0,0.439999878,-7.6,0.0,0.0,0.0,-6.0,0.439999878,-7.6,0.0,0.0,0.0,0.0,0.0,0.0,0.0,0.0,0.0,0.0,0,0,0,0,0,0.0,0.0,Tina Aminipour,4890,2026-09-18T13:48:22.395415,,,
DATA,3.649,-6.0,0.439999878,-7.6,0.0,0.0,0.0,-6.0,-0.360000134,-6.0,0.0,0.0,0.0,-6.0,0.439999878,-7.6,0.0,0.0,0.0,-6.0,0.439999878,-7.6,0.0,0.0,0.0,0.0,0.0,0.0,0.0,0.0,0.0,0.0,0,0,0,0,0,0.0,0.0,Tina Aminipour,4890,2026-09-18T13:48:22.445002,,,
DATA,3.701,-6.0,0.439999878,-7.6,0.0,0.0,0.0,-6.0,-0.360000134,-6.0,0.0,0.0,0.0,-6.0,0.439999878,-7.6,0.0,0.0,0.0,-6.0,0.439999878,-7.6,0.0,0.0,0.0,0.0,0.0,0.0,0.0,0.0,0.0,0.0,0,0,0,0,0,0.0,0.0,Tina Aminipour,4890,2026-09-18T13:48:22.497599,,,
DATA,3.75,-6.0,0.439999878,-7.6,0.0,0.0,0.0,-6.0,-0.360000134,-6.0,0.0,0.0,0.0,-6.0,0.439999878,-7.6,0.0,0.0,0.0,-6.0,0.439999878,-7.6,0.0,0.0,0.0,0.0,0.0,0.0,0.0,0.0,0.0,0.0,0,0,0,0,0,0.0,0.0,Tina Aminipour,4890,2026-09-18T13:48:22.548108,,,
DATA,3.801,-6.0,0.439999878,-7.6,0.0,0.0,0.0,-6.0,-0.360000134,-6.0,0.0,0.0,0.0,-6.0,0.439999878,-7.6,0.0,0.0,0.0,-6.0,0.439999878,-7.6,0.0,0.0,0.0,0.0,0.0,0.0,0.0,0.0,0.0,0.0,0,0,0,0,0,0.0,0.0,Tina Aminipour,4890,2026-09-18T13:48:22.596378,,,
DATA,3.851,-6.0,0.439999878,-7.6,0.0,0.0,0.0,-6.0,-0.360000134,-6.0,0.0,0.0,0.0,-6.0,0.439999878,-7.6,0.0,0.0,0.0,-6.0,0.439999878,-7.6,0.0,0.0,0.0,0.0,0.0,0.0,0.0,0.0,0.0,0.0,0,0,0,0,0,0.0,0.0,Tina Aminipour,4890,2026-09-18T13:48:22.647632,,,
DATA,3.898,-6.0,0.439999878,-7.6,0.0,0.0,0.0,-6.0,-0.360000134,-6.0,0.0,0.0,0.0,-6.0,0.439999878,-7.6,0.0,0.0,0.0,-6.0,0.439999878,-7.6,0.0,0.0,0.0,0.0,0.0,0.0,0.0,0.0,0.0,0.0,0,0,0,0,0,0.0,0.0,Tina Aminipour,4890,2026-09-18T13:48:22.694101,,,
DATA,3.951,-6.0,0.439999878,-7.6,0.0,0.0,0.0,-6.0,-0.360000134,-6.0,0.0,0.0,0.0,-6.0,0.439999878,-7.6,0.0,0.0,0.0,-6.0,0.439999878,-7.6,0.0,0.0,0.0,0.0,0.0,0.0,0.0,0.0,0.0,0.0,0,0,0,0,0,0.0,0.0,Tina Aminipour,4890,2026-09-18T13:48:22.748334,,,
DATA,4.002,-6.0,0.439999878,-7.6,0.0,0.0,0.0,-6.0,-0.360000134,-6.0,0.0,0.0,0.0,-6.0,0.439999878,-7.6,0.0,0.0,0.0,-6.0,0.439999878,-7.6,0.0,0.0,0.0,0.0,0.0,0.0,0.0,0.0,0.0,0.0,0,0,0,0,0,0.0,0.0,Tina Aminipour,4890,2026-09-18T13:48:22.798006,,,
DATA,4.049,-6.0,0.439999878,-7.6,0.0,0.0,0.0,-6.0,-0.360000134,-6.0,0.0,0.0,0.0,-6.0,0.439999878,-7.6,0.0,0.0,0.0,-6.0,0.439999878,-7.6,0.0,0.0,0.0,0.0,0.0,0.0,0.0,0.0,0.0,0.0,0,0,0,0,0,0.0,0.0,Tina Aminipour,4890,2026-09-18T13:48:22.846166,,,
DATA,4.098,-6.0,0.439999878,-7.6,0.0,0.0,0.0,-6.0,-0.360000134,-6.0,0.0,0.0,0.0,-6.0,0.439999878,-7.6,0.0,0.0,0.0,-6.0,0.439999878,-7.6,0.0,0.0,0.0,0.0,0.0,0.0,0.0,0.0,0.0,0.0,0,0,0,0,0,0.0,0.0,Tina Aminipour,4890,2026-09-18T13:48:22.894721,,,
DATA,4.148,-6.0,0.439999878,-7.6,0.0,0.0,0.0,-6.0,-0.360000134,-6.0,0.0,0.0,0.0,-6.0,0.439999878,-7.6,0.0,0.0,0.0,-6.0,0.439999878,-7.6,0.0,0.0,0.0,0.0,0.0,0.0,0.0,0.0,0.0,0.0,0,0,0,0,0,0.0,0.0,Tina Aminipour,4890,2026-09-18T13:48:22.944859,,,
DATA,4.198,-6.0,0.439999878,-7.6,0.0,0.0,0.0,-6.0,-0.360000134,-6.0,0.0,0.0,0.0,-6.0,0.439999878,-7.6,0.0,0.0,0.0,-6.0,0.439999878,-7.6,0.0,0.0,0.0,0.0,0.0,0.0,0.0,0.0,0.0,0.0,0,0,0,0,0,0.0,0.0,Tina Aminipour,4890,2026-09-18T13:48:22.994293,,,
DATA,4.251,-6.0,0.439999878,-7.6,0.0,0.0,0.0,-6.0,-0.360000134,-6.0,0.0,0.0,0.0,-6.0,0.439999878,-7.6,0.0,0.0,0.0,-6.0,0.439999878,-7.6,0.0,0.0,0.0,0.0,0.0,0.0,0.0,0.0,0.0,0.0,0,0,0,0,0,0.0,0.0,Tina Aminipour,4890,2026-09-18T13:48:23.046682,,,
DATA,4.298,-6.0,0.439999878,-7.6,0.0,0.0,0.0,-6.0,-0.360000134,-6.0,0.0,0.0,0.0,-6.0,0.439999878,-7.6,0.0,0.0,0.0,-6.0,0.439999878,-7.6,0.0,0.0,0.0,0.0,0.0,0.0,0.0,0.0,0.0,0.0,0,0,0,0,0,0.0,0.0,Tina Aminipour,4890,2026-09-18T13:48:23.094121,,,
DATA,4.351,-6.0,0.439999878,-7.6,0.0,0.0,0.0,-6.0,-0.360000134,-6.0,0.0,0.0,0.0,-6.0,0.439999878,-7.6,0.0,0.0,0.0,-6.0,0.439999878,-7.6,0.0,0.0,0.0,0.0,0.0,0.0,0.0,0.0,0.0,0.0,0,0,0,0,0,0.0,0.0,Tina Aminipour,4890,2026-09-18T13:48:23.145942,,,
DATA,4.4,-6.0,0.439999878,-7.6,0.0,0.0,0.0,-6.0,-0.360000134,-6.0,0.0,0.0,0.0,-6.0,0.439999878,-7.6,0.0,0.0,0.0,-6.0,0.439999878,-7.6,0.0,0.0,0.0,0.0,0.0,0.0,0.0,0.0,0.0,0.0,0,0,0,0,0,0.0,0.0,Tina Aminipour,4890,2026-09-18T13:48:23.196365,,,
DATA,4.449,-6.0,0.439999878,-7.6,0.0,0.0,0.0,-6.0,-0.360000134,-6.0,0.0,0.0,0.0,-6.0,0.439999878,-7.6,0.0,0.0,0.0,-6.0,0.439999878,-7.6,0.0,0.0,0.0,0.0,0.0,0.0,0.0,0.0,0.0,0.0,0,0,0,0,0,0.0,0.0,Tina Aminipour,4890,2026-09-18T13:48:23.244443,,,
DATA,4.499,-6.0,0.439999878,-7.6,0.0,0.0,0.0,-6.0,-0.360000134,-6.0,0.0,0.0,0.0,-6.0,0.439999878,-7.6,0.0,0.0,0.0,-6.0,0.439999878,-7.6,0.0,0.0,0.0,0.0,0.0,0.0,0.0,0.0,0.0,0.0,0,0,0,0,0,0.0,0.0,Tina Aminipour,4890,2026-09-18T13:48:23.295601,,,
DATA,4.548,-6.0,0.439999878,-7.6,0.0,0.0,0.0,-6.0,-0.360000134,-6.0,0.0,0.0,0.0,-6.0,0.439999878,-7.6,0.0,0.0,0.0,-6.0,0.439999878,-7.6,0.0,0.0,0.0,0.0,0.0,0.0,0.0,0.0,0.0,0.0,0,0,0,0,0,0.0,0.0,Tina Aminipour,4890,2026-09-18T13:48:23.344223,,,
DATA,4.6,-6.0,0.439999878,-7.6,0.0,0.0,0.0,-6.0,-0.360000134,-6.0,0.0,0.0,0.0,-6.0,0.439999878,-7.6,0.0,0.0,0.0,-6.0,0.439999878,-7.6,0.0,0.0,0.0,0.0,0.0,0.0,0.0,0.0,0.0,0.0,0,0,0,0,0,0.0,0.0,Tina Aminipour,4890,2026-09-18T13:48:23.397117,,,
DATA,4.649,-6.0,0.439999878,-7.6,0.0,0.0,0.0,-6.0,-0.360000134,-6.0,0.0,0.0,0.0,-6.0,0.439999878,-7.6,0.0,0.0,0.0,-6.0,0.439999878,-7.6,0.0,0.0,0.0,0.0,0.0,0.0,0.0,0.0,0.0,0.0,0,0,0,0,0,0.0,0.0,Tina Aminipour,4890,2026-09-18T13:48:23.445148,,,
DATA,4.698,-6.0,0.439999878,-7.6,0.0,0.0,0.0,-6.0,-0.360000134,-6.0,0.0,0.0,0.0,-6.0,0.439999878,-7.6,0.0,0.0,0.0,-6.0,0.439999878,-7.6,0.0,0.0,0.0,0.0,0.0,0.0,0.0,0.0,0.0,0.0,0,0,0,0,0,0.0,0.0,Tina Aminipour,4890,2026-09-18T13:48:23.494282,,,
DATA,4.75,-6.0,0.439999878,-7.6,0.0,0.0,0.0,-6.0,-0.360000134,-6.0,0.0,0.0,0.0,-6.0,0.439999878,-7.6,0.0,0.0,0.0,-6.0,0.439999878,-7.6,0.0,0.0,0.0,0.0,0.0,0.0,0.0,0.0,0.0,0.0,0,0,0,0,0,0.0,0.0,Tina Aminipour,4890,2026-09-18T13:48:23.546258,,,
DATA,4.801,-6.0,0.439999878,-7.6,0.0,0.0,0.0,-6.0,-0.360000134,-6.0,0.0,0.0,0.0,-6.0,0.439999878,-7.6,0.0,0.0,0.0,-6.0,0.439999878,-7.6,0.0,0.0,0.0,0.0,0.0,0.0,0.0,0.0,0.0,0.0,0,0,0,0,0,0.0,0.0,Tina Aminipour,4890,2026-09-18T13:48:23.598522,,,
DATA,4.85,-6.0,0.439999878,-7.6,0.0,0.0,0.0,-6.0,-0.360000134,-6.0,0.0,0.0,0.0,-6.0,0.439999878,-7.6,0.0,0.0,0.0,-6.0,0.439999878,-7.6,0.0,0.0,0.0,0.0,0.0,0.0,0.0,0.0,0.0,0.0,0,0,0,0,0,0.0,0.0,Tina Aminipour,4890,2026-09-18T13:48:23.645818,,,
DATA,4.9,-6.0,0.439999878,-7.6,0.0,0.0,0.0,-6.0,-0.360000134,-6.0,0.0,0.0,0.0,-6.0,0.439999878,-7.6,0.0,0.0,0.0,-6.0,0.439999878,-7.6,0.0,0.0,0.0,0.0,0.0,0.0,0.0,0.0,0.0,0.0,0,0,0,0,0,0.0,0.0,Tina Aminipour,4890,2026-09-18T13:48:23.695642,,,
DATA,4.948,-6.0,0.439999878,-7.6,0.0,0.0,0.0,-6.0,-0.360000134,-6.0,0.0,0.0,0.0,-6.0,0.439999878,-7.6,0.0,0.0,0.0,-6.0,0.439999878,-7.6,0.0,0.0,0.0,0.0,0.0,0.0,0.0,0.0,0.0,0.0,0,0,0,0,0,0.0,0.0,Tina Aminipour,4890,2026-09-18T13:48:23.744370,,,
DATA,4.998,-6.0,0.439999878,-7.6,0.0,0.0,0.0,-6.0,-0.360000134,-6.0,0.0,0.0,0.0,-6.0,0.439999878,-7.6,0.0,0.0,0.0,-6.0,0.439999878,-7.6,0.0,0.0,0.0,0.0,0.0,0.0,0.0,0.0,0.0,0.0,0,0,0,0,0,0.0,0.0,Tina Aminipour,4890,2026-09-18T13:48:23.794044,,,
DATA,5.05,-6.0,0.439999878,-7.6,0.0,0.0,0.0,-6.0,-0.360000134,-6.0,0.0,0.0,0.0,-6.0,0.439999878,-7.6,0.0,0.0,0.0,-6.0,0.439999878,-7.6,0.0,0.0,0.0,0.0,0.0,0.0,0.0,0.0,0.0,0.0,0,0,0,0,0,0.0,0.0,Tina Aminipour,4890,2026-09-18T13:48:23.845853,,,
DATA,5.102,-6.0,0.439999878,-7.6,0.0,0.0,0.0,-6.0,-0.360000134,-6.0,0.0,0.0,0.0,-6.0,0.439999878,-7.6,0.0,0.0,0.0,-6.0,0.439999878,-7.6,0.0,0.0,0.0,0.0,0.0,0.0,0.0,0.0,0.0,0.0,0,0,0,0,0,0.0,0.0,Tina Aminipour,4890,2026-09-18T13:48:23.896966,,,
DATA,5.149,-6.0,0.439999878,-7.6,0.0,0.0,0.0,-6.0,-0.360000134,-6.0,0.0,0.0,0.0,-6.0,0.439999878,-7.6,0.0,0.0,0.0,-6.0,0.439999878,-7.6,0.0,0.0,0.0,0.0,0.0,0.0,0.0,0.0,0.0,0.0,0,0,0,0,0,0.0,0.0,Tina Aminipour,4890,2026-09-18T13:48:23.944987,,,
DATA,5.201,-6.0,0.439999878,-7.6,0.0,0.0,0.0,-6.0,-0.360000134,-6.0,0.0,0.0,0.0,-6.0,0.439999878,-7.6,0.0,0.0,0.0,-6.0,0.439999878,-7.6,0.0,0.0,0.0,0.0,0.0,0.0,0.0,0.0,0.0,0.0,0,0,0,0,0,0.0,0.0,Tina Aminipour,4890,2026-09-18T13:48:23.996536,,,
DATA,5.25,-6.0,0.439999878,-7.6,0.0,0.0,0.0,-6.0,-0.360000134,-6.0,0.0,0.0,0.0,-6.0,0.439999878,-7.6,0.0,0.0,0.0,-6.0,0.439999878,-7.6,0.0,0.0,0.0,0.0,0.0,0.0,0.0,0.0,0.0,0.0,0,0,0,0,0,0.0,0.0,Tina Aminipour,4890,2026-09-18T13:48:24.046513,,,
DATA,5.301,-6.0,0.439999878,-7.6,0.0,0.0,0.0,-6.0,-0.360000134,-6.0,0.0,0.0,0.0,-6.0,0.439999878,-7.6,0.0,0.0,0.0,-6.0,0.439999878,-7.6,0.0,0.0,0.0,0.0,0.0,0.0,0.0,0.0,0.0,0.0,0,0,0,0,0,0.0,0.0,Tina Aminipour,4890,2026-09-18T13:48:24.097462,,,
DATA,5.351,-6.0,0.439999878,-7.6,0.0,0.0,0.0,-6.0,-0.360000134,-6.0,0.0,0.0,0.0,-6.0,0.439999878,-7.6,0.0,0.0,0.0,-6.0,0.439999878,-7.6,0.0,0.0,0.0,0.0,0.0,0.0,0.0,0.0,0.0,0.0,0,0,0,0,0,0.0,0.0,Tina Aminipour,4890,2026-09-18T13:48:24.146810,,,
DATA,5.401,-6.0,0.439999878,-7.6,0.0,0.0,0.0,-6.0,-0.360000134,-6.0,0.0,0.0,0.0,-6.0,0.439999878,-7.6,0.0,0.0,0.0,-6.0,0.439999878,-7.6,0.0,0.0,0.0,0.0,0.0,0.0,0.0,0.0,0.0,0.0,0,0,0,0,0,0.0,0.0,Tina Aminipour,4890,2026-09-18T13:48:24.197484,,,
DATA,5.45,-6.0,0.439999878,-7.6,0.0,0.0,0.0,-6.0,-0.360000134,-6.0,0.0,0.0,0.0,-6.0,0.439999878,-7.6,0.0,0.0,0.0,-6.0,0.439999878,-7.6,0.0,0.0,0.0,0.0,0.0,0.0,0.0,0.0,0.0,0.0,0,0,0,0,0,0.0,0.0,Tina Aminipour,4890,2026-09-18T13:48:24.245980,,,
DATA,5.499,-6.0,0.439999878,-7.6,0.0,0.0,0.0,-6.0,-0.360000134,-6.0,0.0,0.0,0.0,-6.0,0.439999878,-7.6,0.0,0.0,0.0,-6.0,0.439999878,-7.6,0.0,0.0,0.0,0.0,0.0,0.0,0.0,0.0,0.0,0.0,0,0,0,0,0,0.0,0.0,Tina Aminipour,4890,2026-09-18T13:48:24.295559,,,
DATA,5.549,-6.0,0.439999878,-7.6,0.0,0.0,0.0,-6.0,-0.360000134,-6.0,0.0,0.0,0.0,-6.0,0.439999878,-7.6,0.0,0.0,0.0,-6.0,0.439999878,-7.6,0.0,0.0,0.0,0.0,0.0,0.0,0.0,0.0,0.0,0.0,0,0,0,0,0,0.0,0.0,Tina Aminipour,4890,2026-09-18T13:48:24.345196,,,
DATA,5.601,-6.0,0.439999878,-7.6,0.0,0.0,0.0,-6.0,-0.360000134,-6.0,0.0,0.0,0.0,-6.0,0.439999878,-7.6,0.0,0.0,0.0,-6.0,0.439999878,-7.6,0.0,0.0,0.0,0.0,0.0,0.0,0.0,0.0,0.0,0.0,0,0,0,0,0,0.0,0.0,Tina Aminipour,4890,2026-09-18T13:48:24.396444,,,
DATA,5.649,-6.0,0.439999878,-7.6,0.0,0.0,0.0,-6.0,-0.360000134,-6.0,0.0,0.0,0.0,-6.0,0.439999878,-7.6,0.0,0.0,0.0,-6.0,0.439999878,-7.6,0.0,0.0,0.0,0.0,0.0,0.0,0.0,0.0,0.0,0.0,0,0,0,0,0,0.0,0.0,Tina Aminipour,4890,2026-09-18T13:48:24.445441,,,
DATA,5.701,-6.0,0.439999878,-7.6,0.0,0.0,0.0,-6.0,-0.360000134,-6.0,0.0,0.0,0.0,-6.0,0.439999878,-7.6,0.0,0.0,0.0,-6.0,0.439999878,-7.6,0.0,0.0,0.0,0.0,0.0,0.0,0.0,0.0,0.0,0.0,0,0,0,0,0,0.0,0.0,Tina Aminipour,4890,2026-09-18T13:48:24.498175,,,
DATA,5.752,-6.0,0.439999878,-7.6,0.0,0.0,0.0,-6.0,-0.360000134,-6.0,0.0,0.0,0.0,-6.0,0.439999878,-7.6,0.0,0.0,0.0,-6.0,0.439999878,-7.6,0.0,0.0,0.0,0.0,0.0,0.0,0.0,0.0,0.0,0.0,0,0,0,0,0,0.0,0.0,Tina Aminipour,4890,2026-09-18T13:48:24.547268,,,
DATA,5.8,-6.0,0.439999878,-7.6,0.0,0.0,0.0,-6.0,-0.360000134,-6.0,0.0,0.0,0.0,-6.0,0.439999878,-7.6,0.0,0.0,0.0,-6.0,0.439999878,-7.6,0.0,0.0,0.0,0.0,0.0,0.0,0.0,0.0,0.0,0.0,0,0,0,0,0,0.0,0.0,Tina Aminipour,4890,2026-09-18T13:48:24.597382,,,
DATA,5.85,-6.0,0.439999878,-7.6,0.0,0.0,0.0,-6.0,-0.360000134,-6.0,0.0,0.0,0.0,-6.0,0.439999878,-7.6,0.0,0.0,0.0,-6.0,0.439999878,-7.6,0.0,0.0,0.0,0.0,0.0,0.0,0.0,0.0,0.0,0.0,0,0,0,0,0,0.0,0.0,Tina Aminipour,4890,2026-09-18T13:48:24.645206,,,
DATA,5.898,-6.0,0.439999878,-7.6,0.0,0.0,0.0,-6.0,-0.360000134,-6.0,0.0,0.0,0.0,-6.0,0.439999878,-7.6,0.0,0.0,0.0,-6.0,0.439999878,-7.6,0.0,0.0,0.0,0.0,0.0,0.0,0.0,0.0,0.0,0.0,0,0,0,0,0,0.0,0.0,Tina Aminipour,4890,2026-09-18T13:48:24.693657,,,
DATA,5.949,-6.0,0.439999878,-7.6,0.0,0.0,0.0,-6.0,-0.360000134,-6.0,0.0,0.0,0.0,-6.0,0.439999878,-7.6,0.0,0.0,0.0,-6.0,0.439999878,-7.6,0.0,0.0,0.0,0.0,0.0,0.0,0.0,0.0,0.0,0.0,0,0,0,0,0,0.0,0.0,Tina Aminipour,4890,2026-09-18T13:48:24.745121,,,
DATA,5.999,-6.0,0.439999878,-7.6,0.0,0.0,0.0,-6.0,-0.360000134,-6.0,0.0,0.0,0.0,-6.0,0.439999878,-7.6,0.0,0.0,0.0,-6.0,0.439999878,-7.6,0.0,0.0,0.0,0.0,0.0,0.0,0.0,0.0,0.0,0.0,0,0,0,0,0,0.0,0.0,Tina Aminipour,4890,2026-09-18T13:48:24.794784,,,
DATA,6.05,-6.0,0.439999878,-7.6,0.0,0.0,0.0,-6.0,-0.360000134,-6.0,0.0,0.0,0.0,-6.0,0.439999878,-7.6,0.0,0.0,0.0,-6.0,0.439999878,-7.6,0.0,0.0,0.0,0.0,0.0,0.0,0.0,0.0,0.0,0.0,0,0,0,0,0,0.0,0.0,Tina Aminipour,4890,2026-09-18T13:48:24.845717,,,
DATA,6.1,-6.0,0.439999878,-7.6,0.0,0.0,0.0,-6.0,-0.360000134,-6.0,0.0,0.0,0.0,-6.0,0.439999878,-7.6,0.0,0.0,0.0,-6.0,0.439999878,-7.6,0.0,0.0,0.0,0.0,0.0,0.0,0.0,0.0,0.0,0.0,0,0,0,0,0,0.0,0.0,Tina Aminipour,4890,2026-09-18T13:48:24.895245,,,
DATA,6.148,-6.0,0.439999878,-7.6,0.0,0.0,0.0,-6.0,-0.360000134,-6.0,0.0,0.0,0.0,-6.0,0.439999878,-7.6,0.0,0.0,0.0,-6.0,0.439999878,-7.6,0.0,0.0,0.0,0.0,0.0,0.0,0.0,0.0,0.0,0.0,0,0,0,0,0,0.0,0.0,Tina Aminipour,4890,2026-09-18T13:48:24.944480,,,
DATA,6.199,-6.0,0.439999878,-7.6,0.0,0.0,0.0,-6.0,-0.360000134,-6.0,0.0,0.0,0.0,-6.0,0.439999878,-7.6,0.0,0.0,0.0,-6.0,0.439999878,-7.6,0.0,0.0,0.0,0.0,0.0,0.0,0.0,0.0,0.0,0.0,0,0,0,0,0,0.0,0.0,Tina Aminipour,4890,2026-09-18T13:48:24.994295,,,
DATA,6.251,-6.0,0.439999878,-7.6,0.0,0.0,0.0,-6.0,-0.360000134,-6.0,0.0,0.0,0.0,-6.0,0.439999878,-7.6,0.0,0.0,0.0,-6.0,0.439999878,-7.6,0.0,0.0,0.0,0.0,0.0,0.0,0.0,0.0,0.0,0.0,0,0,0,0,0,0.0,0.0,Tina Aminipour,4890,2026-09-18T13:48:25.046963,,,
DATA,6.299,-6.0,0.439999878,-7.6,0.0,0.0,0.0,-6.0,-0.360000134,-6.0,0.0,0.0,0.0,-6.0,0.439999878,-7.6,0.0,0.0,0.0,-6.0,0.439999878,-7.6,0.0,0.0,0.0,0.0,0.0,0.0,0.0,0.0,0.0,0.0,0,0,0,0,0,0.0,0.0,Tina Aminipour,4890,2026-09-18T13:48:25.095529,,,
DATA,6.349,-6.0,0.439999878,-7.6,0.0,0.0,0.0,-6.0,-0.360000134,-6.0,0.0,0.0,0.0,-6.0,0.439999878,-7.6,0.0,0.0,0.0,-6.0,0.439999878,-7.6,0.0,0.0,0.0,0.0,0.0,0.0,0.0,0.0,0.0,0.0,0,0,0,0,0,0.0,0.0,Tina Aminipour,4890,2026-09-18T13:48:25.144395,,,
DATA,6.401,-6.0,0.439999878,-7.6,0.0,0.0,0.0,-6.0,-0.360000134,-6.0,0.0,0.0,0.0,-6.0,0.439999878,-7.6,0.0,0.0,0.0,-6.0,0.439999878,-7.6,0.0,0.0,0.0,0.0,0.0,0.0,0.0,0.0,0.0,0.0,0,0,0,0,0,0.0,0.0,Tina Aminipour,4890,2026-09-18T13:48:25.196576,,,
DATA,6.448,-6.0,0.439999878,-7.6,0.0,0.0,0.0,-6.0,-0.360000134,-6.0,0.0,0.0,0.0,-6.0,0.439999878,-7.6,0.0,0.0,0.0,-6.0,0.439999878,-7.6,0.0,0.0,0.0,0.0,0.0,0.0,0.0,0.0,0.0,0.0,0,0,0,0,0,0.0,0.0,Tina Aminipour,4890,2026-09-18T13:48:25.244708,,,
DATA,6.5,-6.0,0.439999878,-7.6,0.0,0.0,0.0,-6.0,-0.360000134,-6.0,0.0,0.0,0.0,-6.0,0.439999878,-7.6,0.0,0.0,0.0,-6.0,0.439999878,-7.6,0.0,0.0,0.0,0.0,0.0,0.0,0.0,0.0,0.0,0.0,0,0,0,0,0,0.0,0.0,Tina Aminipour,4890,2026-09-18T13:48:25.298299,,,
DATA,6.549,-6.0,0.439999878,-7.6,0.0,0.0,0.0,-6.0,-0.360000134,-6.0,0.0,0.0,0.0,-6.0,0.439999878,-7.6,0.0,0.0,0.0,-6.0,0.439999878,-7.6,0.0,0.0,0.0,0.0,0.0,0.0,0.0,0.0,0.0,0.0,0,0,0,0,0,0.0,0.0,Tina Aminipour,4890,2026-09-18T13:48:25.345326,,,
DATA,6.598,-6.0,0.439999878,-7.6,0.0,0.0,0.0,-6.0,-0.360000134,-6.0,0.0,0.0,0.0,-6.0,0.439999878,-7.6,0.0,0.0,0.0,-6.0,0.439999878,-7.6,0.0,0.0,0.0,0.0,0.0,0.0,0.0,0.0,0.0,0.0,0,0,0,0,0,0.0,0.0,Tina Aminipour,4890,2026-09-18T13:48:25.394699,,,
DATA,6.651,-6.0,0.439999878,-7.6,0.0,0.0,0.0,-6.0,-0.360000134,-6.0,0.0,0.0,0.0,-6.0,0.439999878,-7.6,0.0,0.0,0.0,-6.0,0.439999878,-7.6,0.0,0.0,0.0,0.0,0.0,0.0,0.0,0.0,0.0,0.0,0,0,0,0,0,0.0,0.0,Tina Aminipour,4890,2026-09-18T13:48:25.447758,,,
DATA,6.698,-6.0,0.439999878,-7.6,0.0,0.0,0.0,-6.0,-0.360000134,-6.0,0.0,0.0,0.0,-6.0,0.439999878,-7.6,0.0,0.0,0.0,-6.0,0.439999878,-7.6,0.0,0.0,0.0,0.0,0.0,0.0,0.0,0.0,0.0,0.0,0,0,0,0,0,0.0,0.0,Tina Aminipour,4890,2026-09-18T13:48:25.493997,,,
DATA,6.752,-6.0,0.439999878,-7.6,0.0,0.0,0.0,-6.0,-0.360000134,-6.0,0.0,0.0,0.0,-6.0,0.439999878,-7.6,0.0,0.0,0.0,-6.0,0.439999878,-7.6,0.0,0.0,0.0,0.0,0.0,0.0,0.0,0.0,0.0,0.0,0,0,0,0,0,0.0,0.0,Tina Aminipour,4890,2026-09-18T13:48:25.547004,,,
DATA,6.801,-6.0,0.439999878,-7.6,0.0,0.0,0.0,-6.0,-0.360000134,-6.0,0.0,0.0,0.0,-6.0,0.439999878,-7.6,0.0,0.0,0.0,-6.0,0.439999878,-7.6,0.0,0.0,0.0,0.0,0.0,0.0,0.0,0.0,0.0,0.0,0,0,0,0,0,0.0,0.0,Tina Aminipour,4890,2026-09-18T13:48:25.597409,,,
DATA,6.849,-6.0,0.439999878,-7.6,0.0,0.0,0.0,-6.0,-0.360000134,-6.0,0.0,0.0,0.0,-6.0,0.439999878,-7.6,0.0,0.0,0.0,-6.0,0.439999878,-7.6,0.0,0.0,0.0,0.0,0.0,0.0,0.0,0.0,0.0,0.0,0,0,0,0,0,0.0,0.0,Tina Aminipour,4890,2026-09-18T13:48:25.645250,,,
DATA,6.901,-6.0,0.439999878,-7.6,0.0,0.0,0.0,-6.0,-0.360000134,-6.0,0.0,0.0,0.0,-6.0,0.439999878,-7.6,0.0,0.0,0.0,-6.0,0.439999878,-7.6,0.0,0.0,0.0,0.0,0.0,0.0,0.0,0.0,0.0,0.0,0,0,0,0,0,0.0,0.0,Tina Aminipour,4890,2026-09-18T13:48:25.696376,,,
DATA,6.95,-6.0,0.439999878,-7.6,0.0,0.0,0.0,-6.0,-0.360000134,-6.0,0.0,0.0,0.0,-6.0,0.439999878,-7.6,0.0,0.0,0.0,-6.0,0.439999878,-7.6,0.0,0.0,0.0,0.0,0.0,0.0,0.0,0.0,0.0,0.0,0,0,0,0,0,0.0,0.0,Tina Aminipour,4890,2026-09-18T13:48:25.746374,,,
DATA,7.0,-6.0,0.439999878,-7.6,0.0,0.0,0.0,-6.0,-0.360000134,-6.0,0.0,0.0,0.0,-6.0,0.439999878,-7.6,0.0,0.0,0.0,-6.0,0.439999878,-7.6,0.0,0.0,0.0,0.0,0.0,0.0,0.0,0.0,0.0,0.0,0,0,0,0,0,0.0,0.0,Tina Aminipour,4890,2026-09-18T13:48:25.796597,,,
DATA,7.05,-6.0,0.439999878,-7.6,0.0,0.0,0.0,-6.0,-0.360000134,-6.0,0.0,0.0,0.0,-6.0,0.439999878,-7.6,0.0,0.0,0.0,-6.0,0.439999878,-7.6,0.0,0.0,0.0,0.0,0.0,0.0,0.0,0.0,0.0,0.0,0,0,0,0,0,0.0,0.0,Tina Aminipour,4890,2026-09-18T13:48:25.846720,,,
DATA,7.099,-6.0,0.439999878,-7.6,0.0,0.0,0.0,-6.0,-0.360000134,-6.0,0.0,0.0,0.0,-6.0,0.439999878,-7.6,0.0,0.0,0.0,-6.0,0.439999878,-7.6,0.0,0.0,0.0,0.0,0.0,0.0,0.0,0.0,0.0,0.0,0,0,0,0,0,0.0,0.0,Tina Aminipour,4890,2026-09-18T13:48:25.896016,,,
DATA,7.15,-6.0,0.439999878,-7.6,0.0,0.0,0.0,-6.0,-0.360000134,-6.0,0.0,0.0,0.0,-6.0,0.439999878,-7.6,0.0,0.0,0.0,-6.0,0.439999878,-7.6,0.0,0.0,0.0,0.0,0.0,0.0,0.0,0.0,0.0,0.0,0,0,0,0,0,0.0,0.0,Tina Aminipour,4890,2026-09-18T13:48:25.945596,,,
DATA,7.202,-6.0,0.439999878,-7.6,0.0,0.0,0.0,-6.0,-0.360000134,-6.0,0.0,0.0,0.0,-6.0,0.439999878,-7.6,0.0,0.0,0.0,-6.0,0.439999878,-7.6,0.0,0.0,0.0,0.0,0.0,0.0,0.0,0.0,0.0,0.0,0,0,0,0,0,0.0,0.0,Tina Aminipour,4890,2026-09-18T13:48:25.997726,,,
DATA,7.249,-6.0,0.439999878,-7.6,0.0,0.0,0.0,-6.0,-0.360000134,-6.0,0.0,0.0,0.0,-6.0,0.439999878,-7.6,0.0,0.0,0.0,-6.0,0.439999878,-7.6,0.0,0.0,0.0,0.0,0.0,0.0,0.0,0.0,0.0,0.0,0,0,0,0,0,0.0,0.0,Tina Aminipour,4890,2026-09-18T13:48:26.045071,,,
DATA,7.298,-6.0,0.439999878,-7.6,0.0,0.0,0.0,-6.0,-0.360000134,-6.0,0.0,0.0,0.0,-6.0,0.439999878,-7.6,0.0,0.0,0.0,-6.0,0.439999878,-7.6,0.0,0.0,0.0,0.0,0.0,0.0,0.0,0.0,0.0,0.0,0,0,0,0,0,0.0,0.0,Tina Aminipour,4890,2026-09-18T13:48:26.094405,,,
DATA,7.348,-6.0,0.439999878,-7.6,0.0,0.0,0.0,-6.0,-0.360000134,-6.0,0.0,0.0,0.0,-6.0,0.439999878,-7.6,0.0,0.0,0.0,-6.0,0.439999878,-7.6,0.0,0.0,0.0,0.0,0.0,0.0,0.0,0.0,0.0,0.0,0,0,0,0,0,0.0,0.0,Tina Aminipour,4890,2026-09-18T13:48:26.145134,,,
DATA,7.401,-6.0,0.439999878,-7.6,0.0,0.0,0.0,-6.0,-0.360000134,-6.0,0.0,0.0,0.0,-6.0,0.439999878,-7.6,0.0,0.0,0.0,-6.0,0.439999878,-7.6,0.0,0.0,0.0,0.0,0.0,0.0,0.0,0.0,0.0,0.0,0,0,0,0,0,0.0,0.0,Tina Aminipour,4890,2026-09-18T13:48:26.196269,,,
DATA,7.448,-6.0,0.439999878,-7.6,0.0,0.0,0.0,-6.0,-0.360000134,-6.0,0.0,0.0,0.0,-6.0,0.439999878,-7.6,0.0,0.0,0.0,-6.0,0.439999878,-7.6,0.0,0.0,0.0,0.0,0.0,0.0,0.0,0.0,0.0,0.0,0,0,0,0,0,0.0,0.0,Tina Aminipour,4890,2026-09-18T13:48:26.244985,,,
DATA,7.502,-6.0,0.439999878,-7.6,0.0,0.0,0.0,-6.0,-0.360000134,-6.0,0.0,0.0,0.0,-6.0,0.439999878,-7.6,0.0,0.0,0.0,-6.0,0.439999878,-7.6,0.0,0.0,0.0,0.0,0.0,0.0,0.0,0.0,0.0,0.0,0,0,0,0,0,0.0,0.0,Tina Aminipour,4890,2026-09-18T13:48:26.297856,,,
DATA,7.551,-6.0,0.439999878,-7.6,0.0,0.0,0.0,-6.0,-0.360000134,-6.0,0.0,0.0,0.0,-6.0,0.439999878,-7.6,0.0,0.0,0.0,-6.0,0.439999878,-7.6,0.0,0.0,0.0,0.0,0.0,0.0,0.0,0.0,0.0,0.0,0,0,0,0,0,0.0,0.0,Tina Aminipour,4890,2026-09-18T13:48:26.348724,,,
DATA,7.601,-6.0,0.439999878,-7.6,0.0,0.0,0.0,-6.0,-0.360000134,-6.0,0.0,0.0,0.0,-6.0,0.439999878,-7.6,0.0,0.0,0.0,-6.0,0.439999878,-7.6,0.0,0.0,0.0,0.0,0.0,0.0,0.0,0.0,0.0,0.0,0,0,0,0,0,0.0,0.0,Tina Aminipour,4890,2026-09-18T13:48:26.396893,,,
DATA,7.65,-6.0,0.439999878,-7.6,0.0,0.0,0.0,-6.0,-0.360000134,-6.0,0.0,0.0,0.0,-6.0,0.439999878,-7.6,0.0,0.0,0.0,-6.0,0.439999878,-7.6,0.0,0.0,0.0,0.0,0.0,0.0,0.0,0.0,0.0,0.0,0,0,0,0,0,0.0,0.0,Tina Aminipour,4890,2026-09-18T13:48:26.446653,,,
DATA,7.699,-6.0,0.439999878,-7.6,0.0,0.0,0.0,-6.0,-0.360000134,-6.0,0.0,0.0,0.0,-6.0,0.439999878,-7.6,0.0,0.0,0.0,-6.0,0.439999878,-7.6,0.0,0.0,0.0,0.0,0.0,0.0,0.0,0.0,0.0,0.0,0,0,0,0,0,0.0,0.0,Tina Aminipour,4890,2026-09-18T13:48:26.495158,,,
DATA,7.749,-6.0,0.439999878,-7.6,0.0,0.0,0.0,-6.0,-0.360000134,-6.0,0.0,0.0,0.0,-6.0,0.439999878,-7.6,0.0,0.0,0.0,-6.0,0.439999878,-7.6,0.0,0.0,0.0,0.0,0.0,0.0,0.0,0.0,0.0,0.0,0,0,0,0,0,0.0,0.0,Tina Aminipour,4890,2026-09-18T13:48:26.545094,,,
DATA,7.801,-6.0,0.439999878,-7.6,0.0,0.0,0.0,-6.0,-0.360000134,-6.0,0.0,0.0,0.0,-6.0,0.439999878,-7.6,0.0,0.0,0.0,-6.0,0.439999878,-7.6,0.0,0.0,0.0,0.0,0.0,0.0,0.0,0.0,0.0,0.0,0,0,0,0,0,0.0,0.0,Tina Aminipour,4890,2026-09-18T13:48:26.597213,,,
DATA,7.849,-6.0,0.439999878,-7.6,0.0,0.0,0.0,-6.0,-0.360000134,-6.0,0.0,0.0,0.0,-6.0,0.439999878,-7.6,0.0,0.0,0.0,-6.0,0.439999878,-7.6,0.0,0.0,0.0,0.0,0.0,0.0,0.0,0.0,0.0,0.0,0,0,0,0,0,0.0,0.0,Tina Aminipour,4890,2026-09-18T13:48:26.645409,,,
DATA,7.898,-6.0,0.439999878,-7.6,0.0,0.0,0.0,-6.0,-0.360000134,-6.0,0.0,0.0,0.0,-6.0,0.439999878,-7.6,0.0,0.0,0.0,-6.0,0.439999878,-7.6,0.0,0.0,0.0,0.0,0.0,0.0,0.0,0.0,0.0,0.0,0,0,0,0,0,0.0,0.0,Tina Aminipour,4890,2026-09-18T13:48:26.695042,,,
DATA,7.952,-6.0,0.439999878,-7.6,0.0,0.0,0.0,-6.0,-0.360000134,-6.0,0.0,0.0,0.0,-6.0,0.439999878,-7.6,0.0,0.0,0.0,-6.0,0.439999878,-7.6,0.0,0.0,0.0,0.0,0.0,0.0,0.0,0.0,0.0,0.0,0,0,0,0,0,0.0,0.0,Tina Aminipour,4890,2026-09-18T13:48:26.748217,,,
DATA,8.0,-6.0,0.439999878,-7.6,0.0,0.0,0.0,-6.0,-0.360000134,-6.0,0.0,0.0,0.0,-6.0,0.439999878,-7.6,0.0,0.0,0.0,-6.0,0.439999878,-7.6,0.0,0.0,0.0,0.0,0.0,0.0,0.0,0.0,0.0,0.0,0,0,0,0,0,0.0,0.0,Tina Aminipour,4890,2026-09-18T13:48:26.797179,,,
DATA,8.05,-6.0,0.439999878,-7.6,0.0,0.0,0.0,-6.0,-0.360000134,-6.0,0.0,0.0,0.0,-6.0,0.439999878,-7.6,0.0,0.0,0.0,-6.0,0.439999878,-7.6,0.0,0.0,0.0,0.0,0.0,0.0,0.0,0.0,0.0,0.0,0,0,0,0,0,0.0,0.0,Tina Aminipour,4890,2026-09-18T13:48:26.845977,,,
DATA,8.098,-6.0,0.439999878,-7.6,0.0,0.0,0.0,-6.0,-0.360000134,-6.0,0.0,0.0,0.0,-6.0,0.439999878,-7.6,0.0,0.0,0.0,-6.0,0.439999878,-7.6,0.0,0.0,0.0,0.0,0.0,0.0,0.0,0.0,0.0,0.0,0,0,0,0,0,0.0,0.0,Tina Aminipour,4890,2026-09-18T13:48:26.894850,,,
DATA,8.152,-6.0,0.439999878,-7.6,0.0,0.0,0.0,-6.0,-0.360000134,-6.0,0.0,0.0,0.0,-6.0,0.439999878,-7.6,0.0,0.0,0.0,-6.0,0.439999878,-7.6,0.0,0.0,0.0,0.0,0.0,0.0,0.0,0.0,0.0,0.0,0,0,0,0,0,0.0,0.0,Tina Aminipour,4890,2026-09-18T13:48:26.943153,,,
DATA,8.2,-6.0,0.439999878,-7.6,0.0,0.0,0.0,-6.0,-0.360000134,-6.0,0.0,0.0,0.0,-6.0,0.439999878,-7.6,0.0,0.0,0.0,-6.0,0.439999878,-7.6,0.0,0.0,0.0,0.0,0.0,0.0,0.0,0.0,0.0,0.0,0,0,0,0,0,0.0,0.0,Tina Aminipour,4890,2026-09-18T13:48:26.995626,,,
DATA,8.251,-6.0,0.439999878,-7.6,0.0,0.0,0.0,-6.0,-0.360000134,-6.0,0.0,0.0,0.0,-6.0,0.439999878,-7.6,0.0,0.0,0.0,-6.0,0.439999878,-7.6,0.0,0.0,0.0,0.0,0.0,0.0,0.0,0.0,0.0,0.0,0,0,0,0,0,0.0,0.0,Tina Aminipour,4890,2026-09-18T13:48:27.043948,,,
DATA,8.301,-6.0,0.439999878,-7.6,0.0,0.0,0.0,-6.0,-0.360000134,-6.0,0.0,0.0,0.0,-6.0,0.439999878,-7.6,0.0,0.0,0.0,-6.0,0.439999878,-7.6,0.0,0.0,0.0,0.0,0.0,0.0,0.0,0.0,0.0,0.0,0,0,0,0,0,0.0,0.0,Tina Aminipour,4890,2026-09-18T13:48:27.096846,,,
DATA,8.348,-6.0,0.439999878,-7.6,0.0,0.0,0.0,-6.0,-0.360000134,-6.0,0.0,0.0,0.0,-6.0,0.439999878,-7.6,0.0,0.0,0.0,-6.0,0.439999878,-7.6,0.0,0.0,0.0,0.0,0.0,0.0,0.0,0.0,0.0,0.0,0,0,0,0,0,0.0,0.0,Tina Aminipour,4890,2026-09-18T13:48:27.143950,,,
DATA,8.402,-6.0,0.439999878,-7.6,0.0,0.0,0.0,-6.0,-0.360000134,-6.0,0.0,0.0,0.0,-6.0,0.439999878,-7.6,0.0,0.0,0.0,-6.0,0.439999878,-7.6,0.0,0.0,0.0,0.0,0.0,0.0,0.0,0.0,0.0,0.0,0,0,0,0,0,0.0,0.0,Tina Aminipour,4890,2026-09-18T13:48:27.198291,,,
DATA,8.45,-6.0,0.439999878,-7.6,0.0,0.0,0.0,-6.0,-0.360000134,-6.0,0.0,0.0,0.0,-6.0,0.439999878,-7.6,0.0,0.0,0.0,-6.0,0.439999878,-7.6,0.0,0.0,0.0,0.0,0.0,0.0,0.0,0.0,0.0,0.0,0,0,0,0,0,0.0,0.0,Tina Aminipour,4890,2026-09-18T13:48:27.247339,,,
DATA,8.499,-6.0,0.439999878,-7.6,0.0,0.0,0.0,-6.0,-0.360000134,-6.0,0.0,0.0,0.0,-6.0,0.439999878,-7.6,0.0,0.0,0.0,-6.0,0.439999878,-7.6,0.0,0.0,0.0,0.0,0.0,0.0,0.0,0.0,0.0,0.0,0,0,0,0,0,0.0,0.0,Tina Aminipour,4890,2026-09-18T13:48:27.296588,,,
DATA,8.549,-6.0,0.439999878,-7.6,0.0,0.0,0.0,-6.0,-0.360000134,-6.0,0.0,0.0,0.0,-6.0,0.439999878,-7.6,0.0,0.0,0.0,-6.0,0.439999878,-7.6,0.0,0.0,0.0,0.0,0.0,0.0,0.0,0.0,0.0,0.0,0,0,0,0,0,0.0,0.0,Tina Aminipour,4890,2026-09-18T13:48:27.345197,,,
DATA,8.599,-6.0,0.439999878,-7.6,0.0,0.0,0.0,-6.0,-0.360000134,-6.0,0.0,0.0,0.0,-6.0,0.439999878,-7.6,0.0,0.0,0.0,-6.0,0.439999878,-7.6,0.0,0.0,0.0,0.0,0.0,0.0,0.0,0.0,0.0,0.0,0,0,0,0,0,0.0,0.0,Tina Aminipour,4890,2026-09-18T13:48:27.395119,,,
DATA,8.649,-6.0,0.439999878,-7.6,0.0,0.0,0.0,-6.0,-0.360000134,-6.0,0.0,0.0,0.0,-6.0,0.439999878,-7.6,0.0,0.0,0.0,-6.0,0.439999878,-7.6,0.0,0.0,0.0,0.0,0.0,0.0,0.0,0.0,0.0,0.0,0,0,0,0,0,0.0,0.0,Tina Aminipour,4890,2026-09-18T13:48:27.445001,,,
DATA,8.699,-6.0,0.439999878,-7.6,0.0,0.0,0.0,-6.0,-0.360000134,-6.0,0.0,0.0,0.0,-6.0,0.439999878,-7.6,0.0,0.0,0.0,-6.0,0.439999878,-7.6,0.0,0.0,0.0,0.0,0.0,0.0,0.0,0.0,0.0,0.0,0,0,0,0,0,0.0,0.0,Tina Aminipour,4890,2026-09-18T13:48:27.493908,,,
DATA,8.75,-6.0,0.439999878,-7.6,0.0,0.0,0.0,-6.0,-0.360000134,-6.0,0.0,0.0,0.0,-6.0,0.439999878,-7.6,0.0,0.0,0.0,-6.0,0.439999878,-7.6,0.0,0.0,0.0,0.0,0.0,0.0,0.0,0.0,0.0,0.0,0,0,0,0,0,0.0,0.0,Tina Aminipour,4890,2026-09-18T13:48:27.546115,,,
DATA,8.799,-6.0,0.439999878,-7.6,0.0,0.0,0.0,-6.0,-0.360000134,-6.0,0.0,0.0,0.0,-6.0,0.439999878,-7.6,0.0,0.0,0.0,-6.0,0.439999878,-7.6,0.0,0.0,0.0,0.0,0.0,0.0,0.0,0.0,0.0,0.0,0,0,0,0,0,0.0,0.0,Tina Aminipour,4890,2026-09-18T13:48:27.597994,,,
DATA,8.85,-6.0,0.439999878,-7.6,0.0,0.0,0.0,-6.0,-0.360000134,-6.0,0.0,0.0,0.0,-6.0,0.439999878,-7.6,0.0,0.0,0.0,-6.0,0.439999878,-7.6,0.0,0.0,0.0,0.0,0.0,0.0,0.0,0.0,0.0,0.0,0,0,0,0,0,0.0,0.0,Tina Aminipour,4890,2026-09-18T13:48:27.646754,,,
DATA,8.899,-6.0,0.439999878,-7.6,0.0,0.0,0.0,-6.0,-0.360000134,-6.0,0.0,0.0,0.0,-6.0,0.439999878,-7.6,0.0,0.0,0.0,-6.0,0.439999878,-7.6,0.0,0.0,0.0,0.0,0.0,0.0,0.0,0.0,0.0,0.0,0,0,0,0,0,0.0,0.0,Tina Aminipour,4890,2026-09-18T13:48:27.695004,,,
DATA,8.949,-6.0,0.439999878,-7.6,0.0,0.0,0.0,-6.0,-0.360000134,-6.0,0.0,0.0,0.0,-6.0,0.439999878,-7.6,0.0,0.0,0.0,-6.0,0.439999878,-7.6,0.0,0.0,0.0,0.0,0.0,0.0,0.0,0.0,0.0,0.0,0,0,0,0,0,0.0,0.0,Tina Aminipour,4890,2026-09-18T13:48:27.745409,,,
DATA,8.999,-6.0,0.439999878,-7.6,0.0,0.0,0.0,-6.0,-0.360000134,-6.0,0.0,0.0,0.0,-6.0,0.439999878,-7.6,0.0,0.0,0.0,-6.0,0.439999878,-7.6,0.0,0.0,0.0,0.0,0.0,0.0,0.0,0.0,0.0,0.0,0,0,0,0,0,0.0,0.0,Tina Aminipour,4890,2026-09-18T13:48:27.794978,,,
DATA,9.05,-6.0,0.439999878,-7.6,0.0,0.0,0.0,-6.0,-0.360000134,-6.0,0.0,0.0,0.0,-6.0,0.439999878,-7.6,0.0,0.0,0.0,-6.0,0.439999878,-7.6,0.0,0.0,0.0,0.0,0.0,0.0,0.0,0.0,0.0,0.0,0,0,0,0,0,0.0,0.0,Tina Aminipour,4890,2026-09-18T13:48:27.845471,,,
DATA,9.098,-6.0,0.439999878,-7.6,0.0,0.0,0.0,-6.0,-0.360000134,-6.0,0.0,0.0,0.0,-6.0,0.439999878,-7.6,0.0,0.0,0.0,-6.0,0.439999878,-7.6,0.0,0.0,0.0,0.0,0.0,0.0,0.0,0.0,0.0,0.0,0,0,0,0,0,0.0,0.0,Tina Aminipour,4890,2026-09-18T13:48:27.894997,,,
DATA,9.151,-6.0,0.439999878,-7.6,0.0,0.0,0.0,-6.0,-0.360000134,-6.0,0.0,0.0,0.0,-6.0,0.439999878,-7.6,0.0,0.0,0.0,-6.0,0.439999878,-7.6,0.0,0.0,0.0,0.0,0.0,0.0,0.0,0.0,0.0,0.0,0,0,0,0,0,0.0,0.0,Tina Aminipour,4890,2026-09-18T13:48:27.948129,,,
DATA,9.199,-6.0,0.439999878,-7.6,0.0,0.0,0.0,-6.0,-0.360000134,-6.0,0.0,0.0,0.0,-6.0,0.439999878,-7.6,0.0,0.0,0.0,-6.0,0.439999878,-7.6,0.0,0.0,0.0,0.0,0.0,0.0,0.0,0.0,0.0,0.0,0,0,0,0,0,0.0,0.0,Tina Aminipour,4890,2026-09-18T13:48:27.995005,,,
DATA,9.251,-6.0,0.439999878,-7.6,0.0,0.0,0.0,-6.0,-0.360000134,-6.0,0.0,0.0,0.0,-6.0,0.439999878,-7.6,0.0,0.0,0.0,-6.0,0.439999878,-7.6,0.0,0.0,0.0,0.0,0.0,0.0,0.0,0.0,0.0,0.0,0,0,0,0,0,0.0,0.0,Tina Aminipour,4890,2026-09-18T13:48:28.047740,,,
DATA,9.301,-6.0,0.439999878,-7.6,0.0,0.0,0.0,-6.0,-0.360000134,-6.0,0.0,0.0,0.0,-6.0,0.439999878,-7.6,0.0,0.0,0.0,-6.0,0.439999878,-7.6,0.0,0.0,0.0,0.0,0.0,0.0,0.0,0.0,0.0,0.0,0,0,0,0,0,0.0,0.0,Tina Aminipour,4890,2026-09-18T13:48:28.097736,,,
DATA,9.351,-6.0,0.439999878,-7.6,0.0,0.0,0.0,-6.0,-0.360000134,-6.0,0.0,0.0,0.0,-6.0,0.439999878,-7.6,0.0,0.0,0.0,-6.0,0.439999878,-7.6,0.0,0.0,0.0,0.0,0.0,0.0,0.0,0.0,0.0,0.0,0,0,0,0,0,0.0,0.0,Tina Aminipour,4890,2026-09-18T13:48:28.146571,,,
DATA,9.398,-6.0,0.439999878,-7.6,0.0,0.0,0.0,-6.0,-0.360000134,-6.0,0.0,0.0,0.0,-6.0,0.439999878,-7.6,0.0,0.0,0.0,-6.0,0.439999878,-7.6,0.0,0.0,0.0,0.0,0.0,0.0,0.0,0.0,0.0,0.0,0,0,0,0,0,0.0,0.0,Tina Aminipour,4890,2026-09-18T13:48:28.194913,,,
DATA,9.45,-6.0,0.439999878,-7.6,0.0,0.0,0.0,-6.0,-0.360000134,-6.0,0.0,0.0,0.0,-6.0,0.439999878,-7.6,0.0,0.0,0.0,-6.0,0.439999878,-7.6,0.0,0.0,0.0,0.0,0.0,0.0,0.0,0.0,0.0,0.0,0,0,0,0,0,0.0,0.0,Tina Aminipour,4890,2026-09-18T13:48:28.246406,,,
DATA,9.498,-6.0,0.439999878,-7.6,0.0,0.0,0.0,-6.0,-0.360000134,-6.0,0.0,0.0,0.0,-6.0,0.439999878,-7.6,0.0,0.0,0.0,-6.0,0.439999878,-7.6,0.0,0.0,0.0,0.0,0.0,0.0,0.0,0.0,0.0,0.0,0,0,0,0,0,0.0,0.0,Tina Aminipour,4890,2026-09-18T13:48:28.294298,,,
DATA,9.549,-6.0,0.439999878,-7.6,0.0,0.0,0.0,-6.0,-0.360000134,-6.0,0.0,0.0,0.0,-6.0,0.439999878,-7.6,0.0,0.0,0.0,-6.0,0.439999878,-7.6,0.0,0.0,0.0,0.0,0.0,0.0,0.0,0.0,0.0,0.0,0,0,0,0,0,0.0,0.0,Tina Aminipour,4890,2026-09-18T13:48:28.346294,,,
DATA,9.601,-6.0,0.439999878,-7.6,0.0,0.0,0.0,-6.0,-0.360000134,-6.0,0.0,0.0,0.0,-6.0,0.439999878,-7.6,0.0,0.0,0.0,-6.0,0.439999878,-7.6,0.0,0.0,0.0,0.0,0.0,0.0,0.0,0.0,0.0,0.0,0,0,0,0,0,0.0,0.0,Tina Aminipour,4890,2026-09-18T13:48:28.396671,,,
DATA,9.648,-6.0,0.439999878,-7.6,0.0,0.0,0.0,-6.0,-0.360000134,-6.0,0.0,0.0,0.0,-6.0,0.439999878,-7.6,0.0,0.0,0.0,-6.0,0.439999878,-7.6,0.0,0.0,0.0,0.0,0.0,0.0,0.0,0.0,0.0,0.0,0,0,0,0,0,0.0,0.0,Tina Aminipour,4890,2026-09-18T13:48:28.443945,,,
DATA,9.699,-6.0,0.439999878,-7.6,0.0,0.0,0.0,-6.0,-0.360000134,-6.0,0.0,0.0,0.0,-6.0,0.439999878,-7.6,0.0,0.0,0.0,-6.0,0.439999878,-7.6,0.0,0.0,0.0,0.0,0.0,0.0,0.0,0.0,0.0,0.0,0,0,0,0,0,0.0,0.0,Tina Aminipour,4890,2026-09-18T13:48:28.494836,,,
DATA,9.749,-6.0,0.439999878,-7.6,0.0,0.0,0.0,-6.0,-0.360000134,-6.0,0.0,0.0,0.0,-6.0,0.439999878,-7.6,0.0,0.0,0.0,-6.0,0.439999878,-7.6,0.0,0.0,0.0,0.0,0.0,0.0,0.0,0.0,0.0,0.0,0,0,0,0,0,0.0,0.0,Tina Aminipour,4890,2026-09-18T13:48:28.545450,,,
DATA,9.801,-6.0,0.439999878,-7.6,0.0,0.0,0.0,-6.0,-0.360000134,-6.0,0.0,0.0,0.0,-6.0,0.439999878,-7.6,0.0,0.0,0.0,-6.0,0.439999878,-7.6,0.0,0.0,0.0,0.0,0.0,0.0,0.0,0.0,0.0,0.0,0,0,0,0,0,0.0,0.0,Tina Aminipour,4890,2026-09-18T13:48:28.597942,,,
DATA,9.849,-6.0,0.439999878,-7.6,0.0,0.0,0.0,-6.0,-0.360000134,-6.0,0.0,0.0,0.0,-6.0,0.439999878,-7.6,0.0,0.0,0.0,-6.0,0.439999878,-7.6,0.0,0.0,0.0,0.0,0.0,0.0,0.0,0.0,0.0,0.0,0,0,0,0,0,0.0,0.0,Tina Aminipour,4890,2026-09-18T13:48:28.644608,,,
DATA,9.899,-6.0,0.439999878,-7.6,0.0,0.0,0.0,-6.0,-0.360000134,-6.0,0.0,0.0,0.0,-6.0,0.439999878,-7.6,0.0,0.0,0.0,-6.0,0.439999878,-7.6,0.0,0.0,0.0,0.0,0.0,0.0,0.0,0.0,0.0,0.0,0,0,0,0,0,0.0,0.0,Tina Aminipour,4890,2026-09-18T13:48:28.694175,,,
DATA,9.951,-6.0,0.439999878,-7.6,0.0,0.0,0.0,-6.0,-0.360000134,-6.0,0.0,0.0,0.0,-6.0,0.439999878,-7.6,0.0,0.0,0.0,-6.0,0.439999878,-7.6,0.0,0.0,0.0,0.0,0.0,0.0,0.0,0.0,0.0,0.0,0,0,0,0,0,0.0,0.0,Tina Aminipour,4890,2026-09-18T13:48:28.747039,,,
DATA,10.0,-6.0,0.439999878,-7.6,0.0,0.0,0.0,-6.0,-0.360000134,-6.0,0.0,0.0,0.0,-6.0,0.439999878,-7.6,0.0,0.0,0.0,-6.0,0.439999878,-7.6,0.0,0.0,0.0,0.0,0.0,0.0,0.0,0.0,0.0,0.0,0,0,0,0,0,0.0,0.0,Tina Aminipour,4890,2026-09-18T13:48:28.798245,,,
DATA,10.051,-6.0,0.439999878,-7.6,0.0,0.0,0.0,-6.0,-0.360000134,-6.0,0.0,0.0,0.0,-6.0,0.439999878,-7.6,0.0,0.0,0.0,-6.0,0.439999878,-7.6,0.0,0.0,0.0,0.0,0.0,0.0,0.0,0.0,0.0,0.0,0,0,0,0,0,0.0,0.0,Tina Aminipour,4890,2026-09-18T13:48:28.847732,,,
DATA,10.101,-6.0,0.439999878,-7.6,0.0,0.0,0.0,-6.0,-0.360000134,-6.0,0.0,0.0,0.0,-6.0,0.439999878,-7.6,0.0,0.0,0.0,-6.0,0.439999878,-7.6,0.0,0.0,0.0,0.0,0.0,0.0,0.0,0.0,0.0,0.0,0,0,0,0,0,0.0,0.0,Tina Aminipour,4890,2026-09-18T13:48:28.899054,,,
DATA,10.15,-6.0,0.439999878,-7.6,0.0,0.0,0.0,-6.0,-0.360000134,-6.0,0.0,0.0,0.0,-6.0,0.439999878,-7.6,0.0,0.0,0.0,-6.0,0.439999878,-7.6,0.0,0.0,0.0,0.0,0.0,0.0,0.0,0.0,0.0,0.0,0,0,0,0,0,0.0,0.0,Tina Aminipour,4890,2026-09-18T13:48:28.946616,,,
DATA,10.199,-6.0,0.439999878,-7.6,0.0,0.0,0.0,-6.0,-0.360000134,-6.0,0.0,0.0,0.0,-6.0,0.439999878,-7.6,0.0,0.0,0.0,-6.0,0.439999878,-7.6,0.0,0.0,0.0,0.0,0.0,0.0,0.0,0.0,0.0,0.0,0,0,0,0,0,0.0,0.0,Tina Aminipour,4890,2026-09-18T13:48:28.995790,,,
DATA,10.249,-6.0,0.439999878,-7.6,0.0,0.0,0.0,-6.0,-0.360000134,-6.0,0.0,0.0,0.0,-6.0,0.439999878,-7.6,0.0,0.0,0.0,-6.0,0.439999878,-7.6,0.0,0.0,0.0,0.0,0.0,0.0,0.0,0.0,0.0,0.0,0,0,0,0,0,0.0,0.0,Tina Aminipour,4890,2026-09-18T13:48:29.044231,,,
DATA,10.301,-6.0,0.439999878,-7.6,0.0,0.0,0.0,-6.0,-0.360000134,-6.0,0.0,0.0,0.0,-6.0,0.439999878,-7.6,0.0,0.0,0.0,-6.0,0.439999878,-7.6,0.0,0.0,0.0,0.0,0.0,0.0,0.0,0.0,0.0,0.0,0,0,0,0,0,0.0,0.0,Tina Aminipour,4890,2026-09-18T13:48:29.097716,,,
DATA,10.35,-6.0,0.439999878,-7.6,0.0,0.0,0.0,-6.0,-0.360000134,-6.0,0.0,0.0,0.0,-6.0,0.439999878,-7.6,0.0,0.0,0.0,-6.0,0.439999878,-7.6,0.0,0.0,0.0,0.0,0.0,0.0,0.0,0.0,0.0,0.0,0,0,0,0,0,0.0,0.0,Tina Aminipour,4890,2026-09-18T13:48:29.147129,,,
DATA,10.401,-6.0,0.439999878,-7.6,0.0,0.0,0.0,-6.0,-0.360000134,-6.0,0.0,0.0,0.0,-6.0,0.439999878,-7.6,0.0,0.0,0.0,-6.0,0.439999878,-7.6,0.0,0.0,0.0,0.0,0.0,0.0,0.0,0.0,0.0,0.0,0,0,0,0,0,0.0,0.0,Tina Aminipour,4890,2026-09-18T13:48:29.197706,,,
DATA,10.449,-6.0,0.439999878,-7.6,0.0,0.0,0.0,-6.0,-0.360000134,-6.0,0.0,0.0,0.0,-6.0,0.439999878,-7.6,0.0,0.0,0.0,-6.0,0.439999878,-7.6,0.0,0.0,0.0,0.0,0.0,0.0,0.0,0.0,0.0,0.0,0,0,0,0,0,0.0,0.0,Tina Aminipour,4890,2026-09-18T13:48:29.245272,,,
DATA,10.498,-6.0,0.439999878,-7.6,0.0,0.0,0.0,-6.0,-0.360000134,-6.0,0.0,0.0,0.0,-6.0,0.439999878,-7.6,0.0,0.0,0.0,-6.0,0.439999878,-7.6,0.0,0.0,0.0,0.0,0.0,0.0,0.0,0.0,0.0,0.0,0,0,0,0,0,0.0,0.0,Tina Aminipour,4890,2026-09-18T13:48:29.294033,,,
DATA,10.548,-6.0,0.439999878,-7.6,0.0,0.0,0.0,-6.0,-0.360000134,-6.0,0.0,0.0,0.0,-6.0,0.439999878,-7.6,0.0,0.0,0.0,-6.0,0.439999878,-7.6,0.0,0.0,0.0,0.0,0.0,0.0,0.0,0.0,0.0,0.0,0,0,0,0,0,0.0,0.0,Tina Aminipour,4890,2026-09-18T13:48:29.344191,,,
DATA,10.598,-6.0,0.439999878,-7.6,0.0,0.0,0.0,-6.0,-0.360000134,-6.0,0.0,0.0,0.0,-6.0,0.439999878,-7.6,0.0,0.0,0.0,-6.0,0.439999878,-7.6,0.0,0.0,0.0,0.0,0.0,0.0,0.0,0.0,0.0,0.0,0,0,0,0,0,0.0,0.0,Tina Aminipour,4890,2026-09-18T13:48:29.394097,,,
DATA,10.651,-6.0,0.439999878,-7.6,0.0,0.0,0.0,-6.0,-0.360000134,-6.0,0.0,0.0,0.0,-6.0,0.439999878,-7.6,0.0,0.0,0.0,-6.0,0.439999878,-7.6,0.0,0.0,0.0,0.0,0.0,0.0,0.0,0.0,0.0,0.0,0,0,0,0,0,0.0,0.0,Tina Aminipour,4890,2026-09-18T13:48:29.447965,,,
DATA,10.701,-6.0,0.439999878,-7.6,0.0,0.0,0.0,-6.0,-0.360000134,-6.0,0.0,0.0,0.0,-6.0,0.439999878,-7.6,0.0,0.0,0.0,-6.0,0.439999878,-7.6,0.0,0.0,0.0,0.0,0.0,0.0,0.0,0.0,0.0,0.0,0,0,0,0,0,0.0,0.0,Tina Aminipour,4890,2026-09-18T13:48:29.498493,,,
DATA,10.75,-6.0,0.439999878,-7.6,0.0,0.0,0.0,-6.0,-0.360000134,-6.0,0.0,0.0,0.0,-6.0,0.439999878,-7.6,0.0,0.0,0.0,-6.0,0.439999878,-7.6,0.0,0.0,0.0,0.0,0.0,0.0,0.0,0.0,0.0,0.0,0,0,0,0,0,0.0,0.0,Tina Aminipour,4890,2026-09-18T13:48:29.547737,,,
DATA,10.8,-6.0,0.439999878,-7.6,0.0,0.0,0.0,-6.0,-0.360000134,-6.0,0.0,0.0,0.0,-6.0,0.439999878,-7.6,0.0,0.0,0.0,-6.0,0.439999878,-7.6,0.0,0.0,0.0,0.0,0.0,0.0,0.0,0.0,0.0,0.0,0,0,0,0,0,0.0,0.0,Tina Aminipour,4890,2026-09-18T13:48:29.595890,,,
DATA,10.851,-6.0,0.439999878,-7.6,0.0,0.0,0.0,-6.0,-0.360000134,-6.0,0.0,0.0,0.0,-6.0,0.439999878,-7.6,0.0,0.0,0.0,-6.0,0.439999878,-7.6,0.0,0.0,0.0,0.0,0.0,0.0,0.0,0.0,0.0,0.0,0,0,0,0,0,0.0,0.0,Tina Aminipour,4890,2026-09-18T13:48:29.648629,,,
DATA,10.899,-6.0,0.439999878,-7.6,0.0,0.0,0.0,-6.0,-0.360000134,-6.0,0.0,0.0,0.0,-6.0,0.439999878,-7.6,0.0,0.0,0.0,-6.0,0.439999878,-7.6,0.0,0.0,0.0,0.0,0.0,0.0,0.0,0.0,0.0,0.0,0,0,0,0,0,0.0,0.0,Tina Aminipour,4890,2026-09-18T13:48:29.694949,,,
DATA,10.951,-6.0,0.439999878,-7.6,0.0,0.0,0.0,-6.0,-0.360000134,-6.0,0.0,0.0,0.0,-6.0,0.439999878,-7.6,0.0,0.0,0.0,-6.0,0.439999878,-7.6,0.0,0.0,0.0,0.0,0.0,0.0,0.0,0.0,0.0,0.0,0,0,0,0,0,0.0,0.0,Tina Aminipour,4890,2026-09-18T13:48:29.746759,,,
DATA,11.0,-6.0,0.439999878,-7.6,0.0,0.0,0.0,-6.0,-0.360000134,-6.0,0.0,0.0,0.0,-6.0,0.439999878,-7.6,0.0,0.0,0.0,-6.0,0.439999878,-7.6,0.0,0.0,0.0,0.0,0.0,0.0,0.0,0.0,0.0,0.0,0,0,0,0,0,0.0,0.0,Tina Aminipour,4890,2026-09-18T13:48:29.796261,,,
DATA,11.052,-6.0,0.439999878,-7.6,0.0,0.0,0.0,-6.0,-0.360000134,-6.0,0.0,0.0,0.0,-6.0,0.439999878,-7.6,0.0,0.0,0.0,-6.0,0.439999878,-7.6,0.0,0.0,0.0,0.0,0.0,0.0,0.0,0.0,0.0,0.0,0,0,0,0,0,0.0,0.0,Tina Aminipour,4890,2026-09-18T13:48:29.847426,,,
DATA,11.101,-6.0,0.439999878,-7.6,0.0,0.0,0.0,-6.0,-0.360000134,-6.0,0.0,0.0,0.0,-6.0,0.439999878,-7.6,0.0,0.0,0.0,-6.0,0.439999878,-7.6,0.0,0.0,0.0,0.0,0.0,0.0,0.0,0.0,0.0,0.0,0,0,0,0,0,0.0,0.0,Tina Aminipour,4890,2026-09-18T13:48:29.897552,,,
DATA,11.15,-6.0,0.439999878,-7.6,0.0,0.0,0.0,-6.0,-0.360000134,-6.0,0.0,0.0,0.0,-6.0,0.439999878,-7.6,0.0,0.0,0.0,-6.0,0.439999878,-7.6,0.0,0.0,0.0,0.0,0.0,0.0,0.0,0.0,0.0,0.0,0,0,0,0,0,0.0,0.0,Tina Aminipour,4890,2026-09-18T13:48:29.946515,,,
DATA,11.201,-6.0,0.439999878,-7.6,0.0,0.0,0.0,-6.0,-0.360000134,-6.0,0.0,0.0,0.0,-6.0,0.439999878,-7.6,0.0,0.0,0.0,-6.0,0.439999878,-7.6,0.0,0.0,0.0,0.0,0.0,0.0,0.0,0.0,0.0,0.0,0,0,0,0,0,0.0,0.0,Tina Aminipour,4890,2026-09-18T13:48:29.996462,,,
DATA,11.249,-6.0,0.439999878,-7.6,0.0,0.0,0.0,-6.0,-0.360000134,-6.0,0.0,0.0,0.0,-6.0,0.439999878,-7.6,0.0,0.0,0.0,-6.0,0.439999878,-7.6,0.0,0.0,0.0,0.0,0.0,0.0,0.0,0.0,0.0,0.0,0,0,0,0,0,0.0,0.0,Tina Aminipour,4890,2026-09-18T13:48:30.046499,,,
DATA,11.299,-6.0,0.439999878,-7.6,0.0,0.0,0.0,-6.0,-0.360000134,-6.0,0.0,0.0,0.0,-6.0,0.439999878,-7.6,0.0,0.0,0.0,-6.0,0.439999878,-7.6,0.0,0.0,0.0,0.0,0.0,0.0,0.0,0.0,0.0,0.0,0,0,0,0,0,0.0,0.0,Tina Aminipour,4890,2026-09-18T13:48:30.095169,,,
DATA,11.348,-6.0,0.439999878,-7.6,0.0,0.0,0.0,-6.0,-0.360000134,-6.0,0.0,0.0,0.0,-6.0,0.439999878,-7.6,0.0,0.0,0.0,-6.0,0.439999878,-7.6,0.0,0.0,0.0,0.0,0.0,0.0,0.0,0.0,0.0,0.0,0,0,0,0,0,0.0,0.0,Tina Aminipour,4890,2026-09-18T13:48:30.145985,,,
DATA,11.397,-6.0,0.439999878,-7.6,0.0,0.0,0.0,-6.0,-0.360000134,-6.0,0.0,0.0,0.0,-6.0,0.439999878,-7.6,0.0,0.0,0.0,-6.0,0.439999878,-7.6,0.0,0.0,0.0,0.0,0.0,0.0,0.0,0.0,0.0,0.0,0,0,0,0,0,0.0,0.0,Tina Aminipour,4890,2026-09-18T13:48:30.193854,,,
DATA,11.451,-6.0,0.439999878,-7.6,0.0,0.0,0.0,-6.0,-0.360000134,-6.0,0.0,0.0,0.0,-6.0,0.439999878,-7.6,0.0,0.0,0.0,-6.0,0.439999878,-7.6,0.0,0.0,0.0,0.0,0.0,0.0,0.0,0.0,0.0,0.0,0,0,0,0,0,0.0,0.0,Tina Aminipour,4890,2026-09-18T13:48:30.246685,,,
DATA,11.5,-6.0,0.439999878,-7.6,0.0,0.0,0.0,-6.0,-0.360000134,-6.0,0.0,0.0,0.0,-6.0,0.439999878,-7.6,0.0,0.0,0.0,-6.0,0.439999878,-7.6,0.0,0.0,0.0,0.0,0.0,0.0,0.0,0.0,0.0,0.0,0,0,0,0,0,0.0,0.0,Tina Aminipour,4890,2026-09-18T13:48:30.295381,,,
DATA,11.549,-6.0,0.439999878,-7.6,0.0,0.0,0.0,-6.0,-0.360000134,-6.0,0.0,0.0,0.0,-6.0,0.439999878,-7.6,0.0,0.0,0.0,-6.0,0.439999878,-7.6,0.0,0.0,0.0,0.0,0.0,0.0,0.0,0.0,0.0,0.0,0,0,0,0,0,0.0,0.0,Tina Aminipour,4890,2026-09-18T13:48:30.344507,,,
DATA,11.599,-6.0,0.439999878,-7.6,0.0,0.0,0.0,-6.0,-0.360000134,-6.0,0.0,0.0,0.0,-6.0,0.439999878,-7.6,0.0,0.0,0.0,-6.0,0.439999878,-7.6,0.0,0.0,0.0,0.0,0.0,0.0,0.0,0.0,0.0,0.0,0,0,0,0,0,0.0,0.0,Tina Aminipour,4890,2026-09-18T13:48:30.393889,,,
DATA,11.649,-6.0,0.439999878,-7.6,0.0,0.0,0.0,-6.0,-0.360000134,-6.0,0.0,0.0,0.0,-6.0,0.439999878,-7.6,0.0,0.0,0.0,-6.0,0.439999878,-7.6,0.0,0.0,0.0,0.0,0.0,0.0,0.0,0.0,0.0,0.0,0,0,0,0,0,0.0,0.0,Tina Aminipour,4890,2026-09-18T13:48:30.446310,,,
DATA,11.699,-6.0,0.439999878,-7.6,0.0,0.0,0.0,-6.0,-0.360000134,-6.0,0.0,0.0,0.0,-6.0,0.439999878,-7.6,0.0,0.0,0.0,-6.0,0.439999878,-7.6,0.0,0.0,0.0,0.0,0.0,0.0,0.0,0.0,0.0,0.0,0,0,0,0,0,0.0,0.0,Tina Aminipour,4890,2026-09-18T13:48:30.495010,,,
DATA,11.751,-6.0,0.439999878,-7.6,0.0,0.0,0.0,-6.0,-0.360000134,-6.0,0.0,0.0,0.0,-6.0,0.439999878,-7.6,0.0,0.0,0.0,-6.0,0.439999878,-7.6,0.0,0.0,0.0,0.0,0.0,0.0,0.0,0.0,0.0,0.0,0,0,0,0,0,0.0,0.0,Tina Aminipour,4890,2026-09-18T13:48:30.547670,,,
DATA,11.798,-6.0,0.439999878,-7.6,0.0,0.0,0.0,-6.0,-0.360000134,-6.0,0.0,0.0,0.0,-6.0,0.439999878,-7.6,0.0,0.0,0.0,-6.0,0.439999878,-7.6,0.0,0.0,0.0,0.0,0.0,0.0,0.0,0.0,0.0,0.0,0,0,0,0,0,0.0,0.0,Tina Aminipour,4890,2026-09-18T13:48:30.595044,,,
DATA,11.849,-6.0,0.439999878,-7.6,0.0,0.0,0.0,-6.0,-0.360000134,-6.0,0.0,0.0,0.0,-6.0,0.439999878,-7.6,0.0,0.0,0.0,-6.0,0.439999878,-7.6,0.0,0.0,0.0,0.0,0.0,0.0,0.0,0.0,0.0,0.0,0,0,0,0,0,0.0,0.0,Tina Aminipour,4890,2026-09-18T13:48:30.646525,,,
DATA,11.898,-6.0,0.439999878,-7.6,0.0,0.0,0.0,-6.0,-0.360000134,-6.0,0.0,0.0,0.0,-6.0,0.439999878,-7.6,0.0,0.0,0.0,-6.0,0.439999878,-7.6,0.0,0.0,0.0,0.0,0.0,0.0,0.0,0.0,0.0,0.0,0,0,0,0,0,0.0,0.0,Tina Aminipour,4890,2026-09-18T13:48:30.694405,,,
DATA,11.949,-6.0,0.439999878,-7.6,0.0,0.0,0.0,-6.0,-0.360000134,-6.0,0.0,0.0,0.0,-6.0,0.439999878,-7.6,0.0,0.0,0.0,-6.0,0.439999878,-7.6,0.0,0.0,0.0,0.0,0.0,0.0,0.0,0.0,0.0,0.0,0,0,0,0,0,0.0,0.0,Tina Aminipour,4890,2026-09-18T13:48:30.745170,,,
DATA,12.001,-6.0,0.439999878,-7.6,0.0,0.0,0.0,-6.0,-0.360000134,-6.0,0.0,0.0,0.0,-6.0,0.439999878,-7.6,0.0,0.0,0.0,-6.0,0.439999878,-7.6,0.0,0.0,0.0,0.0,0.0,0.0,0.0,0.0,0.0,0.0,0,0,0,0,0,0.0,0.0,Tina Aminipour,4890,2026-09-18T13:48:30.797551,,,
DATA,12.05,-6.0,0.439999878,-7.6,0.0,0.0,0.0,-6.0,-0.360000134,-6.0,0.0,0.0,0.0,-6.0,0.439999878,-7.6,0.0,0.0,0.0,-6.0,0.439999878,-7.6,0.0,0.0,0.0,0.0,0.0,0.0,0.0,0.0,0.0,0.0,0,0,0,0,0,0.0,0.0,Tina Aminipour,4890,2026-09-18T13:48:30.845891,,,
DATA,12.099,-6.0,0.439999878,-7.6,0.0,0.0,0.0,-6.0,-0.360000134,-6.0,0.0,0.0,0.0,-6.0,0.439999878,-7.6,0.0,0.0,0.0,-6.0,0.439999878,-7.6,0.0,0.0,0.0,0.0,0.0,0.0,0.0,0.0,0.0,0.0,0,0,0,0,0,0.0,0.0,Tina Aminipour,4890,2026-09-18T13:48:30.895287,,,
DATA,12.149,-6.0,0.439999878,-7.6,0.0,0.0,0.0,-6.0,-0.360000134,-6.0,0.0,0.0,0.0,-6.0,0.439999878,-7.6,0.0,0.0,0.0,-6.0,0.439999878,-7.6,0.0,0.0,0.0,0.0,0.0,0.0,0.0,0.0,0.0,0.0,0,0,0,0,0,0.0,0.0,Tina Aminipour,4890,2026-09-18T13:48:30.944298,,,
DATA,12.2,-6.0,0.439999878,-7.6,0.0,0.0,0.0,-6.0,-0.360000134,-6.0,0.0,0.0,0.0,-6.0,0.439999878,-7.6,0.0,0.0,0.0,-6.0,0.439999878,-7.6,0.0,0.0,0.0,0.0,0.0,0.0,0.0,0.0,0.0,0.0,0,0,0,0,0,0.0,0.0,Tina Aminipour,4890,2026-09-18T13:48:30.996405,,,
DATA,12.248,-6.0,0.439999878,-7.6,0.0,0.0,0.0,-6.0,-0.360000134,-6.0,0.0,0.0,0.0,-6.0,0.439999878,-7.6,0.0,0.0,0.0,-6.0,0.439999878,-7.6,0.0,0.0,0.0,0.0,0.0,0.0,0.0,0.0,0.0,0.0,0,0,0,0,0,0.0,0.0,Tina Aminipour,4890,2026-09-18T13:48:31.044422,,,
DATA,12.302,-6.0,0.439999878,-7.6,0.0,0.0,0.0,-6.0,-0.360000134,-6.0,0.0,0.0,0.0,-6.0,0.439999878,-7.6,0.0,0.0,0.0,-6.0,0.439999878,-7.6,0.0,0.0,0.0,0.0,0.0,0.0,0.0,0.0,0.0,0.0,0,0,0,0,0,0.0,0.0,Tina Aminipour,4890,2026-09-18T13:48:31.099801,,,
DATA,12.352,-6.0,0.439999878,-7.6,0.0,0.0,0.0,-6.0,-0.360000134,-6.0,0.0,0.0,0.0,-6.0,0.439999878,-7.6,0.0,0.0,0.0,-6.0,0.439999878,-7.6,0.0,0.0,0.0,0.0,0.0,0.0,0.0,0.0,0.0,0.0,0,0,0,0,0,0.0,0.0,Tina Aminipour,4890,2026-09-18T13:48:31.147932,,,
DATA,12.398,-6.0,0.439999878,-7.6,0.0,0.0,0.0,-6.0,-0.360000134,-6.0,0.0,0.0,0.0,-6.0,0.439999878,-7.6,0.0,0.0,0.0,-6.0,0.439999878,-7.6,0.0,0.0,0.0,0.0,0.0,0.0,0.0,0.0,0.0,0.0,0,0,0,0,0,0.0,0.0,Tina Aminipour,4890,2026-09-18T13:48:31.194825,,,
DATA,12.451,-6.0,0.439999878,-7.6,0.0,0.0,0.0,-6.0,-0.360000134,-6.0,0.0,0.0,0.0,-6.0,0.439999878,-7.6,0.0,0.0,0.0,-6.0,0.439999878,-7.6,0.0,0.0,0.0,0.0,0.0,0.0,0.0,0.0,0.0,0.0,0,0,0,0,0,0.0,0.0,Tina Aminipour,4890,2026-09-18T13:48:31.248540,,,
DATA,12.5,-6.0,0.439999878,-7.6,0.0,0.0,0.0,-6.0,-0.360000134,-6.0,0.0,0.0,0.0,-6.0,0.439999878,-7.6,0.0,0.0,0.0,-6.0,0.439999878,-7.6,0.0,0.0,0.0,0.0,0.0,0.0,0.0,0.0,0.0,0.0,0,0,0,0,0,0.0,0.0,Tina Aminipour,4890,2026-09-18T13:48:31.296595,,,
DATA,12.548,-6.0,0.439999878,-7.6,0.0,0.0,0.0,-6.0,-0.360000134,-6.0,0.0,0.0,0.0,-6.0,0.439999878,-7.6,0.0,0.0,0.0,-6.0,0.439999878,-7.6,0.0,0.0,0.0,0.0,0.0,0.0,0.0,0.0,0.0,0.0,0,0,0,0,0,0.0,0.0,Tina Aminipour,4890,2026-09-18T13:48:31.345139,,,
DATA,12.602,-6.0,0.439999878,-7.6,0.0,0.0,0.0,-6.0,-0.360000134,-6.0,0.0,0.0,0.0,-6.0,0.439999878,-7.6,0.0,0.0,0.0,-6.0,0.439999878,-7.6,0.0,0.0,0.0,0.0,0.0,0.0,0.0,0.0,0.0,0.0,0,0,0,0,0,0.0,0.0,Tina Aminipour,4890,2026-09-18T13:48:31.399293,,,
DATA,12.649,-6.0,0.439999878,-7.6,0.0,0.0,0.0,-6.0,-0.360000134,-6.0,0.0,0.0,0.0,-6.0,0.439999878,-7.6,0.0,0.0,0.0,-6.0,0.439999878,-7.6,0.0,0.0,0.0,0.0,0.0,0.0,0.0,0.0,0.0,0.0,0,0,0,0,0,0.0,0.0,Tina Aminipour,4890,2026-09-18T13:48:31.445791,,,
DATA,12.699,-6.0,0.439999878,-7.6,0.0,0.0,0.0,-6.0,-0.360000134,-6.0,0.0,0.0,0.0,-6.0,0.439999878,-7.6,0.0,0.0,0.0,-6.0,0.439999878,-7.6,0.0,0.0,0.0,0.0,0.0,0.0,0.0,0.0,0.0,0.0,0,0,0,0,0,0.0,0.0,Tina Aminipour,4890,2026-09-18T13:48:31.495093,,,
DATA,12.748,-6.0,0.439999878,-7.6,0.0,0.0,0.0,-6.0,-0.360000134,-6.0,0.0,0.0,0.0,-6.0,0.439999878,-7.6,0.0,0.0,0.0,-6.0,0.439999878,-7.6,0.0,0.0,0.0,0.0,0.0,0.0,0.0,0.0,0.0,0.0,0,0,0,0,0,0.0,0.0,Tina Aminipour,4890,2026-09-18T13:48:31.544391,,,
DATA,12.801,-6.0,0.439999878,-7.6,0.0,0.0,0.0,-6.0,-0.360000134,-6.0,0.0,0.0,0.0,-6.0,0.439999878,-7.6,0.0,0.0,0.0,-6.0,0.439999878,-7.6,0.0,0.0,0.0,0.0,0.0,0.0,0.0,0.0,0.0,0.0,0,0,0,0,0,0.0,0.0,Tina Aminipour,4890,2026-09-18T13:48:31.597151,,,
DATA,12.852,-6.0,0.439999878,-7.6,0.0,0.0,0.0,-6.0,-0.360000134,-6.0,0.0,0.0,0.0,-6.0,0.439999878,-7.6,0.0,0.0,0.0,-6.0,0.439999878,-7.6,0.0,0.0,0.0,0.0,0.0,0.0,0.0,0.0,0.0,0.0,0,0,0,0,0,0.0,0.0,Tina Aminipour,4890,2026-09-18T13:48:31.649210,,,
DATA,12.9,-6.0,0.439999878,-7.6,0.0,0.0,0.0,-6.0,-0.360000134,-6.0,0.0,0.0,0.0,-6.0,0.439999878,-7.6,0.0,0.0,0.0,-6.0,0.439999878,-7.6,0.0,0.0,0.0,0.0,0.0,0.0,0.0,0.0,0.0,0.0,0,0,0,0,0,0.0,0.0,Tina Aminipour,4890,2026-09-18T13:48:31.696683,,,
DATA,12.95,-6.0,0.439999878,-7.6,0.0,0.0,0.0,-6.0,-0.360000134,-6.0,0.0,0.0,0.0,-6.0,0.439999878,-7.6,0.0,0.0,0.0,-6.0,0.439999878,-7.6,0.0,0.0,0.0,0.0,0.0,0.0,0.0,0.0,0.0,0.0,0,0,0,0,0,0.0,0.0,Tina Aminipour,4890,2026-09-18T13:48:31.747437,,,
DATA,12.999,-6.0,0.439999878,-7.6,0.0,0.0,0.0,-6.0,-0.360000134,-6.0,0.0,0.0,0.0,-6.0,0.439999878,-7.6,0.0,0.0,0.0,-6.0,0.439999878,-7.6,0.0,0.0,0.0,0.0,0.0,0.0,0.0,0.0,0.0,0.0,0,0,0,0,0,0.0,0.0,Tina Aminipour,4890,2026-09-18T13:48:31.795337,,,
DATA,13.049,-6.0,0.439999878,-7.6,0.0,0.0,0.0,-6.0,-0.360000134,-6.0,0.0,0.0,0.0,-6.0,0.439999878,-7.6,0.0,0.0,0.0,-6.0,0.439999878,-7.6,0.0,0.0,0.0,0.0,0.0,0.0,0.0,0.0,0.0,0.0,0,0,0,0,0,0.0,0.0,Tina Aminipour,4890,2026-09-18T13:48:31.846194,,,
DATA,13.1,-6.0,0.439999878,-7.6,0.0,0.0,0.0,-6.0,-0.360000134,-6.0,0.0,0.0,0.0,-6.0,0.439999878,-7.6,0.0,0.0,0.0,-6.0,0.439999878,-7.6,0.0,0.0,0.0,0.0,0.0,0.0,0.0,0.0,0.0,0.0,0,0,0,0,0,0.0,0.0,Tina Aminipour,4890,2026-09-18T13:48:31.896305,,,
DATA,13.151,-6.0,0.439999878,-7.6,0.0,0.0,0.0,-6.0,-0.360000134,-6.0,0.0,0.0,0.0,-6.0,0.439999878,-7.6,0.0,0.0,0.0,-6.0,0.439999878,-7.6,0.0,0.0,0.0,0.0,0.0,0.0,0.0,0.0,0.0,0.0,0,0,0,0,0,0.0,0.0,Tina Aminipour,4890,2026-09-18T13:48:31.947746,,,
DATA,13.202,-6.0,0.439999878,-7.6,0.0,0.0,0.0,-6.0,-0.360000134,-6.0,0.0,0.0,0.0,-6.0,0.439999878,-7.6,0.0,0.0,0.0,-6.0,0.439999878,-7.6,0.0,0.0,0.0,0.0,0.0,0.0,0.0,0.0,0.0,0.0,0,0,0,0,0,0.0,0.0,Tina Aminipour,4890,2026-09-18T13:48:31.998688,,,
DATA,13.25,-6.0,0.439999878,-7.6,0.0,0.0,0.0,-6.0,-0.360000134,-6.0,0.0,0.0,0.0,-6.0,0.439999878,-7.6,0.0,0.0,0.0,-6.0,0.439999878,-7.6,0.0,0.0,0.0,0.0,0.0,0.0,0.0,0.0,0.0,0.0,0,0,0,0,0,0.0,0.0,Tina Aminipour,4890,2026-09-18T13:48:32.046855,,,
DATA,13.3,-6.0,0.439999878,-7.6,0.0,0.0,0.0,-6.0,-0.360000134,-6.0,0.0,0.0,0.0,-6.0,0.439999878,-7.6,0.0,0.0,0.0,-6.0,0.439999878,-7.6,0.0,0.0,0.0,0.0,0.0,0.0,0.0,0.0,0.0,0.0,0,0,0,0,0,0.0,0.0,Tina Aminipour,4890,2026-09-18T13:48:32.097095,,,
DATA,13.35,-6.0,0.439999878,-7.6,0.0,0.0,0.0,-6.0,-0.360000134,-6.0,0.0,0.0,0.0,-6.0,0.439999878,-7.6,0.0,0.0,0.0,-6.0,0.439999878,-7.6,0.0,0.0,0.0,0.0,0.0,0.0,0.0,0.0,0.0,0.0,0,0,0,0,0,0.0,0.0,Tina Aminipour,4890,2026-09-18T13:48:32.145960,,,
DATA,13.4,-6.0,0.439999878,-7.6,0.0,0.0,0.0,-6.0,-0.360000134,-6.0,0.0,0.0,0.0,-6.0,0.439999878,-7.6,0.0,0.0,0.0,-6.0,0.439999878,-7.6,0.0,0.0,0.0,0.0,0.0,0.0,0.0,0.0,0.0,0.0,0,0,0,0,0,0.0,0.0,Tina Aminipour,4890,2026-09-18T13:48:32.196108,,,
DATA,13.449,-6.0,0.439999878,-7.6,0.0,0.0,0.0,-6.0,-0.360000134,-6.0,0.0,0.0,0.0,-6.0,0.439999878,-7.6,0.0,0.0,0.0,-6.0,0.439999878,-7.6,0.0,0.0,0.0,0.0,0.0,0.0,0.0,0.0,0.0,0.0,0,0,0,0,0,0.0,0.0,Tina Aminipour,4890,2026-09-18T13:48:32.245531,,,
DATA,13.499,-6.0,0.439999878,-7.6,0.0,0.0,0.0,-6.0,-0.360000134,-6.0,0.0,0.0,0.0,-6.0,0.439999878,-7.6,0.0,0.0,0.0,-6.0,0.439999878,-7.6,0.0,0.0,0.0,0.0,0.0,0.0,0.0,0.0,0.0,0.0,0,0,0,0,0,0.0,0.0,Tina Aminipour,4890,2026-09-18T13:48:32.295388,,,
DATA,13.551,-6.0,0.439999878,-7.6,0.0,0.0,0.0,-6.0,-0.360000134,-6.0,0.0,0.0,0.0,-6.0,0.439999878,-7.6,0.0,0.0,0.0,-6.0,0.439999878,-7.6,0.0,0.0,0.0,0.0,0.0,0.0,0.0,0.0,0.0,0.0,0,0,0,0,0,0.0,0.0,Tina Aminipour,4890,2026-09-18T13:48:32.347470,,,
DATA,13.598,-6.0,0.439999878,-7.6,0.0,0.0,0.0,-6.0,-0.360000134,-6.0,0.0,0.0,0.0,-6.0,0.439999878,-7.6,0.0,0.0,0.0,-6.0,0.439999878,-7.6,0.0,0.0,0.0,0.0,0.0,0.0,0.0,0.0,0.0,0.0,0,0,0,0,0,0.0,0.0,Tina Aminipour,4890,2026-09-18T13:48:32.393663,,,
DATA,13.649,-6.0,0.439999878,-7.6,0.0,0.0,0.0,-6.0,-0.360000134,-6.0,0.0,0.0,0.0,-6.0,0.439999878,-7.6,0.0,0.0,0.0,-6.0,0.439999878,-7.6,0.0,0.0,0.0,0.0,0.0,0.0,0.0,0.0,0.0,0.0,0,0,0,0,0,0.0,0.0,Tina Aminipour,4890,2026-09-18T13:48:32.445195,,,
DATA,13.699,-6.0,0.439999878,-7.6,0.0,0.0,0.0,-6.0,-0.360000134,-6.0,0.0,0.0,0.0,-6.0,0.439999878,-7.6,0.0,0.0,0.0,-6.0,0.439999878,-7.6,0.0,0.0,0.0,0.0,0.0,0.0,0.0,0.0,0.0,0.0,0,0,0,0,0,0.0,0.0,Tina Aminipour,4890,2026-09-18T13:48:32.494405,,,
DATA,13.751,-6.0,0.439999878,-7.6,0.0,0.0,0.0,-6.0,-0.360000134,-6.0,0.0,0.0,0.0,-6.0,0.439999878,-7.6,0.0,0.0,0.0,-6.0,0.439999878,-7.6,0.0,0.0,0.0,0.0,0.0,0.0,0.0,0.0,0.0,0.0,0,0,0,0,0,0.0,0.0,Tina Aminipour,4890,2026-09-18T13:48:32.547272,,,
DATA,13.801,-6.0,0.439999878,-7.6,0.0,0.0,0.0,-6.0,-0.360000134,-6.0,0.0,0.0,0.0,-6.0,0.439999878,-7.6,0.0,0.0,0.0,-6.0,0.439999878,-7.6,0.0,0.0,0.0,0.0,0.0,0.0,0.0,0.0,0.0,0.0,0,0,0,0,0,0.0,0.0,Tina Aminipour,4890,2026-09-18T13:48:32.596386,,,
DATA,13.848,-6.0,0.439999878,-7.6,0.0,0.0,0.0,-6.0,-0.360000134,-6.0,0.0,0.0,0.0,-6.0,0.439999878,-7.6,0.0,0.0,0.0,-6.0,0.439999878,-7.6,0.0,0.0,0.0,0.0,0.0,0.0,0.0,0.0,0.0,0.0,0,0,0,0,0,0.0,0.0,Tina Aminipour,4890,2026-09-18T13:48:32.645412,,,
DATA,13.9,-6.0,0.439999878,-7.6,0.0,0.0,0.0,-6.0,-0.360000134,-6.0,0.0,0.0,0.0,-6.0,0.439999878,-7.6,0.0,0.0,0.0,-6.0,0.439999878,-7.6,0.0,0.0,0.0,0.0,0.0,0.0,0.0,0.0,0.0,0.0,0,0,0,0,0,0.0,0.0,Tina Aminipour,4890,2026-09-18T13:48:32.696949,,,
DATA,13.95,-6.0,0.439999878,-7.6,0.0,0.0,0.0,-6.0,-0.360000134,-6.0,0.0,0.0,0.0,-6.0,0.439999878,-7.6,0.0,0.0,0.0,-6.0,0.439999878,-7.6,0.0,0.0,0.0,0.0,0.0,0.0,0.0,0.0,0.0,0.0,0,0,0,0,0,0.0,0.0,Tina Aminipour,4890,2026-09-18T13:48:32.746465,,,
DATA,14.0,-6.0,0.439999878,-7.6,0.0,0.0,0.0,-6.0,-0.360000134,-6.0,0.0,0.0,0.0,-6.0,0.439999878,-7.6,0.0,0.0,0.0,-6.0,0.439999878,-7.6,0.0,0.0,0.0,0.0,0.0,0.0,0.0,0.0,0.0,0.0,0,0,0,0,0,0.0,0.0,Tina Aminipour,4890,2026-09-18T13:48:32.795265,,,
DATA,14.048,-6.0,0.439999878,-7.6,0.0,0.0,0.0,-6.0,-0.360000134,-6.0,0.0,0.0,0.0,-6.0,0.439999878,-7.6,0.0,0.0,0.0,-6.0,0.439999878,-7.6,0.0,0.0,0.0,0.0,0.0,0.0,0.0,0.0,0.0,0.0,0,0,0,0,0,0.0,0.0,Tina Aminipour,4890,2026-09-18T13:48:32.845182,,,
DATA,14.101,-6.0,0.439999878,-7.6,0.0,0.0,0.0,-6.0,-0.360000134,-6.0,0.0,0.0,0.0,-6.0,0.439999878,-7.6,0.0,0.0,0.0,-6.0,0.439999878,-7.6,0.0,0.0,0.0,0.0,0.0,0.0,0.0,0.0,0.0,0.0,0,0,0,0,0,0.0,0.0,Tina Aminipour,4890,2026-09-18T13:48:32.897233,,,
DATA,14.148,-6.0,0.439999878,-7.6,0.0,0.0,0.0,-6.0,-0.360000134,-6.0,0.0,0.0,0.0,-6.0,0.439999878,-7.6,0.0,0.0,0.0,-6.0,0.439999878,-7.6,0.0,0.0,0.0,0.0,0.0,0.0,0.0,0.0,0.0,0.0,0,0,0,0,0,0.0,0.0,Tina Aminipour,4890,2026-09-18T13:48:32.944368,,,
DATA,14.198,-6.0,0.439999878,-7.6,0.0,0.0,0.0,-6.0,-0.360000134,-6.0,0.0,0.0,0.0,-6.0,0.439999878,-7.6,0.0,0.0,0.0,-6.0,0.439999878,-7.6,0.0,0.0,0.0,0.0,0.0,0.0,0.0,0.0,0.0,0.0,0,0,0,0,0,0.0,0.0,Tina Aminipour,4890,2026-09-18T13:48:32.994636,,,
DATA,14.249,-6.0,0.439999878,-7.6,0.0,0.0,0.0,-6.0,-0.360000134,-6.0,0.0,0.0,0.0,-6.0,0.439999878,-7.6,0.0,0.0,0.0,-6.0,0.439999878,-7.6,0.0,0.0,0.0,0.0,0.0,0.0,0.0,0.0,0.0,0.0,0,0,0,0,0,0.0,0.0,Tina Aminipour,4890,2026-09-18T13:48:33.045306,,,
DATA,14.297,-6.0,0.439999878,-7.6,0.0,0.0,0.0,-6.0,-0.360000134,-6.0,0.0,0.0,0.0,-6.0,0.439999878,-7.6,0.0,0.0,0.0,-6.0,0.439999878,-7.6,0.0,0.0,0.0,0.0,0.0,0.0,0.0,0.0,0.0,0.0,0,0,0,0,0,0.0,0.0,Tina Aminipour,4890,2026-09-18T13:48:33.094043,,,
DATA,14.348,-6.0,0.439999878,-7.6,0.0,0.0,0.0,-6.0,-0.360000134,-6.0,0.0,0.0,0.0,-6.0,0.439999878,-7.6,0.0,0.0,0.0,-6.0,0.439999878,-7.6,0.0,0.0,0.0,0.0,0.0,0.0,0.0,0.0,0.0,0.0,0,0,0,0,0,0.0,0.0,Tina Aminipour,4890,2026-09-18T13:48:33.144233,,,
DATA,14.401,-6.0,0.439999878,-7.6,0.0,0.0,0.0,-6.0,-0.360000134,-6.0,0.0,0.0,0.0,-6.0,0.439999878,-7.6,0.0,0.0,0.0,-6.0,0.439999878,-7.6,0.0,0.0,0.0,0.0,0.0,0.0,0.0,0.0,0.0,0.0,0,0,0,0,0,0.0,0.0,Tina Aminipour,4890,2026-09-18T13:48:33.198621,,,
DATA,14.451,-6.0,0.439999878,-7.6,0.0,0.0,0.0,-6.0,-0.360000134,-6.0,0.0,0.0,0.0,-6.0,0.439999878,-7.6,0.0,0.0,0.0,-6.0,0.439999878,-7.6,0.0,0.0,0.0,0.0,0.0,0.0,0.0,0.0,0.0,0.0,0,0,0,0,0,0.0,0.0,Tina Aminipour,4890,2026-09-18T13:48:33.247602,,,
DATA,14.5,-6.0,0.439999878,-7.6,0.0,0.0,0.0,-6.0,-0.360000134,-6.0,0.0,0.0,0.0,-6.0,0.439999878,-7.6,0.0,0.0,0.0,-6.0,0.439999878,-7.6,0.0,0.0,0.0,0.0,0.0,0.0,0.0,0.0,0.0,0.0,0,0,0,0,0,0.0,0.0,Tina Aminipour,4890,2026-09-18T13:48:33.298400,,,
DATA,14.549,-6.0,0.439999878,-7.6,0.0,0.0,0.0,-6.0,-0.360000134,-6.0,0.0,0.0,0.0,-6.0,0.439999878,-7.6,0.0,0.0,0.0,-6.0,0.439999878,-7.6,0.0,0.0,0.0,0.0,0.0,0.0,0.0,0.0,0.0,0.0,0,0,0,0,0,0.0,0.0,Tina Aminipour,4890,2026-09-18T13:48:33.345016,,,
DATA,14.598,-6.0,0.439999878,-7.6,0.0,0.0,0.0,-6.0,-0.360000134,-6.0,0.0,0.0,0.0,-6.0,0.439999878,-7.6,0.0,0.0,0.0,-6.0,0.439999878,-7.6,0.0,0.0,0.0,0.0,0.0,0.0,0.0,0.0,0.0,0.0,0,0,0,0,0,0.0,0.0,Tina Aminipour,4890,2026-09-18T13:48:33.396351,,,
DATA,14.651,-6.0,0.439999878,-7.6,0.0,0.0,0.0,-6.0,-0.360000134,-6.0,0.0,0.0,0.0,-6.0,0.439999878,-7.6,0.0,0.0,0.0,-6.0,0.439999878,-7.6,0.0,0.0,0.0,0.0,0.0,0.0,0.0,0.0,0.0,0.0,0,0,0,0,0,0.0,0.0,Tina Aminipour,4890,2026-09-18T13:48:33.449386,,,
DATA,14.701,-6.0,0.439999878,-7.6,0.0,0.0,0.0,-6.0,-0.360000134,-6.0,0.0,0.0,0.0,-6.0,0.439999878,-7.6,0.0,0.0,0.0,-6.0,0.439999878,-7.6,0.0,0.0,0.0,0.0,0.0,0.0,0.0,0.0,0.0,0.0,0,0,0,0,0,0.0,0.0,Tina Aminipour,4890,2026-09-18T13:48:33.497641,,,
DATA,14.748,-6.0,0.439999878,-7.6,0.0,0.0,0.0,-6.0,-0.360000134,-6.0,0.0,0.0,0.0,-6.0,0.439999878,-7.6,0.0,0.0,0.0,-6.0,0.439999878,-7.6,0.0,0.0,0.0,0.0,0.0,0.0,0.0,0.0,0.0,0.0,0,0,0,0,0,0.0,0.0,Tina Aminipour,4890,2026-09-18T13:48:33.544817,,,
DATA,14.798,-6.0,0.439999878,-7.6,0.0,0.0,0.0,-6.0,-0.360000134,-6.0,0.0,0.0,0.0,-6.0,0.439999878,-7.6,0.0,0.0,0.0,-6.0,0.439999878,-7.6,0.0,0.0,0.0,0.0,0.0,0.0,0.0,0.0,0.0,0.0,0,0,0,0,0,0.0,0.0,Tina Aminipour,4890,2026-09-18T13:48:33.593984,,,
DATA,14.852,-6.0,0.439999878,-7.6,0.0,0.0,0.0,-6.0,-0.360000134,-6.0,0.0,0.0,0.0,-6.0,0.439999878,-7.6,0.0,0.0,0.0,-6.0,0.439999878,-7.6,0.0,0.0,0.0,0.0,0.0,0.0,0.0,0.0,0.0,0.0,0,0,0,0,0,0.0,0.0,Tina Aminipour,4890,2026-09-18T13:48:33.648023,,,
DATA,14.9,-6.0,0.439999878,-7.6,0.0,0.0,0.0,-6.0,-0.360000134,-6.0,0.0,0.0,0.0,-6.0,0.439999878,-7.6,0.0,0.0,0.0,-6.0,0.439999878,-7.6,0.0,0.0,0.0,0.0,0.0,0.0,0.0,0.0,0.0,0.0,0,0,0,0,0,0.0,0.0,Tina Aminipour,4890,2026-09-18T13:48:33.697179,,,
DATA,14.949,-6.0,0.439999878,-7.6,0.0,0.0,0.0,-6.0,-0.360000134,-6.0,0.0,0.0,0.0,-6.0,0.439999878,-7.6,0.0,0.0,0.0,-6.0,0.439999878,-7.6,0.0,0.0,0.0,0.0,0.0,0.0,0.0,0.0,0.0,0.0,0,0,0,0,0,0.0,0.0,Tina Aminipour,4890,2026-09-18T13:48:33.744519,,,
DATA,14.998,-6.0,0.439999878,-7.6,0.0,0.0,0.0,-6.0,-0.360000134,-6.0,0.0,0.0,0.0,-6.0,0.439999878,-7.6,0.0,0.0,0.0,-6.0,0.439999878,-7.6,0.0,0.0,0.0,0.0,0.0,0.0,0.0,0.0,0.0,0.0,0,0,0,0,0,0.0,0.0,Tina Aminipour,4890,2026-09-18T13:48:33.794319,,,
DATA,15.051,-6.0,0.439999878,-7.6,0.0,0.0,0.0,-6.0,-0.360000134,-6.0,0.0,0.0,0.0,-6.0,0.439999878,-7.6,0.0,0.0,0.0,-6.0,0.439999878,-7.6,0.0,0.0,0.0,0.0,0.0,0.0,0.0,0.0,0.0,0.0,0,0,0,0,0,0.0,0.0,Tina Aminipour,4890,2026-09-18T13:48:33.846677,,,
DATA,15.098,-6.0,0.439999878,-7.6,0.0,0.0,0.0,-6.0,-0.360000134,-6.0,0.0,0.0,0.0,-6.0,0.439999878,-7.6,0.0,0.0,0.0,-6.0,0.439999878,-7.6,0.0,0.0,0.0,0.0,0.0,0.0,0.0,0.0,0.0,0.0,0,0,0,0,0,0.0,0.0,Tina Aminipour,4890,2026-09-18T13:48:33.893907,,,
DATA,15.148,-6.0,0.439999878,-7.6,0.0,0.0,0.0,-6.0,-0.360000134,-6.0,0.0,0.0,0.0,-6.0,0.439999878,-7.6,0.0,0.0,0.0,-6.0,0.439999878,-7.6,0.0,0.0,0.0,0.0,0.0,0.0,0.0,0.0,0.0,0.0,0,0,0,0,0,0.0,0.0,Tina Aminipour,4890,2026-09-18T13:48:33.944805,,,
DATA,15.2,-6.0,0.439999878,-7.6,0.0,0.0,0.0,-6.0,-0.360000134,-6.0,0.0,0.0,0.0,-6.0,0.439999878,-7.6,0.0,0.0,0.0,-6.0,0.439999878,-7.6,0.0,0.0,0.0,0.0,0.0,0.0,0.0,0.0,0.0,0.0,0,0,0,0,0,0.0,0.0,Tina Aminipour,4890,2026-09-18T13:48:33.997023,,,
DATA,15.25,-6.0,0.439999878,-7.6,0.0,0.0,0.0,-6.0,-0.360000134,-6.0,0.0,0.0,0.0,-6.0,0.439999878,-7.6,0.0,0.0,0.0,-6.0,0.439999878,-7.6,0.0,0.0,0.0,0.0,0.0,0.0,0.0,0.0,0.0,0.0,0,0,0,0,0,0.0,0.0,Tina Aminipour,4890,2026-09-18T13:48:34.047329,,,
DATA,15.298,-6.0,0.439999878,-7.6,0.0,0.0,0.0,-6.0,-0.360000134,-6.0,0.0,0.0,0.0,-6.0,0.439999878,-7.6,0.0,0.0,0.0,-6.0,0.439999878,-7.6,0.0,0.0,0.0,0.0,0.0,0.0,0.0,0.0,0.0,0.0,0,0,0,0,0,0.0,0.0,Tina Aminipour,4890,2026-09-18T13:48:34.095079,,,
DATA,15.35,-6.0,0.439999878,-7.6,0.0,0.0,0.0,-6.0,-0.360000134,-6.0,0.0,0.0,0.0,-6.0,0.439999878,-7.6,0.0,0.0,0.0,-6.0,0.439999878,-7.6,0.0,0.0,0.0,0.0,0.0,0.0,0.0,0.0,0.0,0.0,0,0,0,0,0,0.0,0.0,Tina Aminipour,4890,2026-09-18T13:48:34.146720,,,
DATA,15.399,-6.0,0.439999878,-7.6,0.0,0.0,0.0,-6.0,-0.360000134,-6.0,0.0,0.0,0.0,-6.0,0.439999878,-7.6,0.0,0.0,0.0,-6.0,0.439999878,-7.6,0.0,0.0,0.0,0.0,0.0,0.0,0.0,0.0,0.0,0.0,0,0,0,0,0,0.0,0.0,Tina Aminipour,4890,2026-09-18T13:48:34.195521,,,
DATA,15.453,-6.0,0.439999878,-7.6,0.0,0.0,0.0,-6.0,-0.360000134,-6.0,0.0,0.0,0.0,-6.0,0.439999878,-7.6,0.0,0.0,0.0,-6.0,0.439999878,-7.6,0.0,0.0,0.0,0.0,0.0,0.0,0.0,0.0,0.0,0.0,0,0,0,0,0,0.0,0.0,Tina Aminipour,4890,2026-09-18T13:48:34.249124,,,
DATA,15.499,-6.0,0.439999878,-7.6,0.0,0.0,0.0,-6.0,-0.360000134,-6.0,0.0,0.0,0.0,-6.0,0.439999878,-7.6,0.0,0.0,0.0,-6.0,0.439999878,-7.6,0.0,0.0,0.0,0.0,0.0,0.0,0.0,0.0,0.0,0.0,0,0,0,0,0,0.0,0.0,Tina Aminipour,4890,2026-09-18T13:48:34.295562,,,
DATA,15.548,-6.0,0.439999878,-7.6,0.0,0.0,0.0,-6.0,-0.360000134,-6.0,0.0,0.0,0.0,-6.0,0.439999878,-7.6,0.0,0.0,0.0,-6.0,0.439999878,-7.6,0.0,0.0,0.0,0.0,0.0,0.0,0.0,0.0,0.0,0.0,0,0,0,0,0,0.0,0.0,Tina Aminipour,4890,2026-09-18T13:48:34.344615,,,
DATA,15.599,-6.0,0.439999878,-7.6,0.0,0.0,0.0,-6.0,-0.360000134,-6.0,0.0,0.0,0.0,-6.0,0.439999878,-7.6,0.0,0.0,0.0,-6.0,0.439999878,-7.6,0.0,0.0,0.0,0.0,0.0,0.0,0.0,0.0,0.0,0.0,0,0,0,0,0,0.0,0.0,Tina Aminipour,4890,2026-09-18T13:48:34.395835,,,
DATA,15.649,-6.0,0.439999878,-7.6,0.0,0.0,0.0,-6.0,-0.360000134,-6.0,0.0,0.0,0.0,-6.0,0.439999878,-7.6,0.0,0.0,0.0,-6.0,0.439999878,-7.6,0.0,0.0,0.0,0.0,0.0,0.0,0.0,0.0,0.0,0.0,0,0,0,0,0,0.0,0.0,Tina Aminipour,4890,2026-09-18T13:48:34.444814,,,
DATA,15.7,-6.0,0.439999878,-7.6,0.0,0.0,0.0,-6.0,-0.360000134,-6.0,0.0,0.0,0.0,-6.0,0.439999878,-7.6,0.0,0.0,0.0,-6.0,0.439999878,-7.6,0.0,0.0,0.0,0.0,0.0,0.0,0.0,0.0,0.0,0.0,0,0,0,0,0,0.0,0.0,Tina Aminipour,4890,2026-09-18T13:48:34.496568,,,
DATA,15.748,-6.0,0.439999878,-7.6,0.0,0.0,0.0,-6.0,-0.360000134,-6.0,0.0,0.0,0.0,-6.0,0.439999878,-7.6,0.0,0.0,0.0,-6.0,0.439999878,-7.6,0.0,0.0,0.0,0.0,0.0,0.0,0.0,0.0,0.0,0.0,0,0,0,0,0,0.0,0.0,Tina Aminipour,4890,2026-09-18T13:48:34.544078,,,
DATA,15.799,-6.0,0.439999878,-7.6,0.0,0.0,0.0,-6.0,-0.360000134,-6.0,0.0,0.0,0.0,-6.0,0.439999878,-7.6,0.0,0.0,0.0,-6.0,0.439999878,-7.6,0.0,0.0,0.0,0.0,0.0,0.0,0.0,0.0,0.0,0.0,0,0,0,0,0,0.0,0.0,Tina Aminipour,4890,2026-09-18T13:48:34.595106,,,
DATA,15.85,-6.0,0.439999878,-7.6,0.0,0.0,0.0,-6.0,-0.360000134,-6.0,0.0,0.0,0.0,-6.0,0.439999878,-7.6,0.0,0.0,0.0,-6.0,0.439999878,-7.6,0.0,0.0,0.0,0.0,0.0,0.0,0.0,0.0,0.0,0.0,0,0,0,0,0,0.0,0.0,Tina Aminipour,4890,2026-09-18T13:48:34.647235,,,
DATA,15.897,-6.0,0.439999878,-7.6,0.0,0.0,0.0,-6.0,-0.360000134,-6.0,0.0,0.0,0.0,-6.0,0.439999878,-7.6,0.0,0.0,0.0,-6.0,0.439999878,-7.6,0.0,0.0,0.0,0.0,0.0,0.0,0.0,0.0,0.0,0.0,0,0,0,0,0,0.0,0.0,Tina Aminipour,4890,2026-09-18T13:48:34.693815,,,
DATA,15.95,-6.0,0.439999878,-7.6,0.0,0.0,0.0,-6.0,-0.360000134,-6.0,0.0,0.0,0.0,-6.0,0.439999878,-7.6,0.0,0.0,0.0,-6.0,0.439999878,-7.6,0.0,0.0,0.0,0.0,0.0,0.0,0.0,0.0,0.0,0.0,0,0,0,0,0,0.0,0.0,Tina Aminipour,4890,2026-09-18T13:48:34.745026,,,
DATA,16.0,-6.0,0.439999878,-7.6,0.0,0.0,0.0,-6.0,-0.360000134,-6.0,0.0,0.0,0.0,-6.0,0.439999878,-7.6,0.0,0.0,0.0,-6.0,0.439999878,-7.6,0.0,0.0,0.0,0.0,0.0,0.0,0.0,0.0,0.0,0.0,0,0,0,0,0,0.0,0.0,Tina Aminipour,4890,2026-09-18T13:48:34.796249,,,
DATA,16.049,-6.0,0.439999878,-7.6,0.0,0.0,0.0,-6.0,-0.360000134,-6.0,0.0,0.0,0.0,-6.0,0.439999878,-7.6,0.0,0.0,0.0,-6.0,0.439999878,-7.6,0.0,0.0,0.0,0.0,0.0,0.0,0.0,0.0,0.0,0.0,0,0,0,0,0,0.0,0.0,Tina Aminipour,4890,2026-09-18T13:48:34.846708,,,
DATA,16.098,-6.0,0.439999878,-7.6,0.0,0.0,0.0,-6.0,-0.360000134,-6.0,0.0,0.0,0.0,-6.0,0.439999878,-7.6,0.0,0.0,0.0,-6.0,0.439999878,-7.6,0.0,0.0,0.0,0.0,0.0,0.0,0.0,0.0,0.0,0.0,0,0,0,0,0,0.0,0.0,Tina Aminipour,4890,2026-09-18T13:48:34.893819,,,
DATA,16.15,-6.0,0.439999878,-7.6,0.0,0.0,0.0,-6.0,-0.360000134,-6.0,0.0,0.0,0.0,-6.0,0.439999878,-7.6,0.0,0.0,0.0,-6.0,0.439999878,-7.6,0.0,0.0,0.0,0.0,0.0,0.0,0.0,0.0,0.0,0.0,0,0,0,0,0,0.0,0.0,Tina Aminipour,4890,2026-09-18T13:48:34.946509,,,
DATA,16.2,-6.0,0.439999878,-7.6,0.0,0.0,0.0,-6.0,-0.360000134,-6.0,0.0,0.0,0.0,-6.0,0.439999878,-7.6,0.0,0.0,0.0,-6.0,0.439999878,-7.6,0.0,0.0,0.0,0.0,0.0,0.0,0.0,0.0,0.0,0.0,0,0,0,0,0,0.0,0.0,Tina Aminipour,4890,2026-09-18T13:48:34.995385,,,
DATA,16.251,-6.0,0.439999878,-7.6,0.0,0.0,0.0,-6.0,-0.360000134,-6.0,0.0,0.0,0.0,-6.0,0.439999878,-7.6,0.0,0.0,0.0,-6.0,0.439999878,-7.6,0.0,0.0,0.0,0.0,0.0,0.0,0.0,0.0,0.0,0.0,0,0,0,0,0,0.0,0.0,Tina Aminipour,4890,2026-09-18T13:48:35.047666,,,
DATA,16.298,-6.0,0.439999878,-7.6,0.0,0.0,0.0,-6.0,-0.360000134,-6.0,0.0,0.0,0.0,-6.0,0.439999878,-7.6,0.0,0.0,0.0,-6.0,0.439999878,-7.6,0.0,0.0,0.0,0.0,0.0,0.0,0.0,0.0,0.0,0.0,0,0,0,0,0,0.0,0.0,Tina Aminipour,4890,2026-09-18T13:48:35.094428,,,
DATA,16.349,-6.0,0.439999878,-7.6,0.0,0.0,0.0,-6.0,-0.360000134,-6.0,0.0,0.0,0.0,-6.0,0.439999878,-7.6,0.0,0.0,0.0,-6.0,0.439999878,-7.6,0.0,0.0,0.0,0.0,0.0,0.0,0.0,0.0,0.0,0.0,0,0,0,0,0,0.0,0.0,Tina Aminipour,4890,2026-09-18T13:48:35.145870,,,
DATA,16.398,-6.0,0.439999878,-7.6,0.0,0.0,0.0,-6.0,-0.360000134,-6.0,0.0,0.0,0.0,-6.0,0.439999878,-7.6,0.0,0.0,0.0,-6.0,0.439999878,-7.6,0.0,0.0,0.0,0.0,0.0,0.0,0.0,0.0,0.0,0.0,0,0,0,0,0,0.0,0.0,Tina Aminipour,4890,2026-09-18T13:48:35.194413,,,
DATA,16.452,-6.0,0.439999878,-7.6,0.0,0.0,0.0,-6.0,-0.360000134,-6.0,0.0,0.0,0.0,-6.0,0.439999878,-7.6,0.0,0.0,0.0,-6.0,0.439999878,-7.6,0.0,0.0,0.0,0.0,0.0,0.0,0.0,0.0,0.0,0.0,0,0,0,0,0,0.0,0.0,Tina Aminipour,4890,2026-09-18T13:48:35.247955,,,
DATA,16.499,-6.0,0.439999878,-7.6,0.0,0.0,0.0,-6.0,-0.360000134,-6.0,0.0,0.0,0.0,-6.0,0.439999878,-7.6,0.0,0.0,0.0,-6.0,0.439999878,-7.6,0.0,0.0,0.0,0.0,0.0,0.0,0.0,0.0,0.0,0.0,0,0,0,0,0,0.0,0.0,Tina Aminipour,4890,2026-09-18T13:48:35.295952,,,
DATA,16.549,-6.0,0.439999878,-7.6,0.0,0.0,0.0,-6.0,-0.360000134,-6.0,0.0,0.0,0.0,-6.0,0.439999878,-7.6,0.0,0.0,0.0,-6.0,0.439999878,-7.6,0.0,0.0,0.0,0.0,0.0,0.0,0.0,0.0,0.0,0.0,0,0,0,0,0,0.0,0.0,Tina Aminipour,4890,2026-09-18T13:48:35.344806,,,
DATA,16.601,-6.0,0.439999878,-7.6,0.0,0.0,0.0,-6.0,-0.360000134,-6.0,0.0,0.0,0.0,-6.0,0.439999878,-7.6,0.0,0.0,0.0,-6.0,0.439999878,-7.6,0.0,0.0,0.0,0.0,0.0,0.0,0.0,0.0,0.0,0.0,0,0,0,0,0,0.0,0.0,Tina Aminipour,4890,2026-09-18T13:48:35.398126,,,
DATA,16.649,-6.0,0.439999878,-7.6,0.0,0.0,0.0,-6.0,-0.360000134,-6.0,0.0,0.0,0.0,-6.0,0.439999878,-7.6,0.0,0.0,0.0,-6.0,0.439999878,-7.6,0.0,0.0,0.0,0.0,0.0,0.0,0.0,0.0,0.0,0.0,0,0,0,0,0,0.0,0.0,Tina Aminipour,4890,2026-09-18T13:48:35.445281,,,
DATA,16.7,-6.0,0.439999878,-7.6,0.0,0.0,0.0,-6.0,-0.360000134,-6.0,0.0,0.0,0.0,-6.0,0.439999878,-7.6,0.0,0.0,0.0,-6.0,0.439999878,-7.6,0.0,0.0,0.0,0.0,0.0,0.0,0.0,0.0,0.0,0.0,0,0,0,0,0,0.0,0.0,Tina Aminipour,4890,2026-09-18T13:48:35.496622,,,
DATA,16.749,-6.0,0.44,-7.45864773,0.0,0.0,0.0,-6.0,-0.36,-5.858648,0.0,0.0,0.0,-6.0,0.44,-7.45864773,0.0,0.0,0.0,-6.0,0.44,-7.45864773,0.0,0.0,0.0,0.0,0.0,1.0,0.0,0.0,0.0,0.0,0,0,0,0,0,0.0,0.0,Tina Aminipour,4890,2026-09-18T13:48:35.545325,,,
DATA,16.8,-6.0,0.44,-7.280568,0.0,0.0,0.0,-6.0,-0.36,-5.680568,0.0,0.0,0.0,-6.0,0.44,-7.280568,0.0,0.0,0.0,-6.0,0.44,-7.280568,0.0,0.0,0.0,0.0,0.0,1.0,0.0,0.0,0.0,0.0,0,0,0,0,0,0.0,0.0,Tina Aminipour,4890,2026-09-18T13:48:35.597199,,,
DATA,16.853,-6.0,0.44,-7.10027933,0.0,0.0,0.0,-6.0,-0.36,-5.50027943,0.0,0.0,0.0,-6.0,0.44,-7.10027933,0.0,0.0,0.0,-6.0,0.44,-7.10027933,0.0,0.0,0.0,0.0,0.0,1.0,0.0,0.0,0.0,0.0,0,0,0,0,0,0.0,0.0,Tina Aminipour,4890,2026-09-18T13:48:35.649699,,,
DATA,16.903,-6.0,0.44,-6.96548,0.0,0.0,0.0,-6.0,-0.36,-5.36548,0.0,0.0,0.0,-6.0,0.44,-6.96548,0.0,0.0,0.0,-6.0,0.44,-6.96548,0.0,0.0,0.0,0.0,0.0,0.0,0.0,0.0,0.0,0.0,0,0,0,0,0,0.0,0.0,Tina Aminipour,4890,2026-09-18T13:48:35.698661,,,
DATA,16.95,-6.0,0.439999938,-6.96548,0.0,0.0,0.0,-6.0,-0.360000074,-5.36548,0.0,0.0,0.0,-6.0,0.439999938,-6.96548,0.0,0.0,0.0,-6.0,0.439999938,-6.96548,0.0,0.0,0.0,0.0,0.0,0.0,0.0,0.0,0.0,0.0,0,0,0,0,0,0.0,0.0,Tina Aminipour,4890,2026-09-18T13:48:35.746334,,,
DATA,16.999,-6.0,0.439999938,-6.96548,0.0,0.0,0.0,-6.0,-0.360000074,-5.36548,0.0,0.0,0.0,-6.0,0.439999938,-6.96548,0.0,0.0,0.0,-6.0,0.439999938,-6.96548,0.0,0.0,0.0,0.0,0.0,0.0,0.0,0.0,0.0,0.0,0,0,0,0,0,0.0,0.0,Tina Aminipour,4890,2026-09-18T13:48:35.797460,,,
DATA,17.049,-6.0,0.439999938,-6.96548,0.0,0.0,0.0,-6.0,-0.360000074,-5.36548,0.0,0.0,0.0,-6.0,0.439999938,-6.96548,0.0,0.0,0.0,-6.0,0.439999938,-6.96548,0.0,0.0,0.0,0.0,0.0,0.0,0.0,0.0,0.0,0.0,0,0,0,0,0,0.0,0.0,Tina Aminipour,4890,2026-09-18T13:48:35.847058,,,
DATA,17.1,-6.0,0.439999938,-6.96548,0.0,0.0,0.0,-6.0,-0.360000074,-5.36548,0.0,0.0,0.0,-6.0,0.439999938,-6.96548,0.0,0.0,0.0,-6.0,0.439999938,-6.96548,0.0,0.0,0.0,0.0,0.0,0.0,0.0,0.0,0.0,0.0,0,0,0,0,0,0.0,0.0,Tina Aminipour,4890,2026-09-18T13:48:35.895990,,,
DATA,17.15,-6.0,0.439999938,-6.96548,0.0,0.0,0.0,-6.0,-0.360000074,-5.36548,0.0,0.0,0.0,-6.0,0.439999938,-6.96548,0.0,0.0,0.0,-6.0,0.439999938,-6.96548,0.0,0.0,0.0,0.0,0.0,0.0,0.0,0.0,0.0,0.0,0,0,0,0,0,0.0,0.0,Tina Aminipour,4890,2026-09-18T13:48:35.946010,,,
DATA,17.199,-6.0,0.44,-6.819187,0.0,0.0,0.0,-6.0,-0.36,-5.21918726,0.0,0.0,0.0,-6.0,0.44,-6.819187,0.0,0.0,0.0,-6.0,0.44,-6.819187,0.0,0.0,0.0,0.0,0.0,1.0,0.0,0.0,0.0,0.0,0,0,0,0,0,0.0,0.0,Tina Aminipour,4890,2026-09-18T13:48:35.995957,,,
DATA,17.251,-6.0,0.439999938,-6.63779163,0.0,0.0,0.0,-6.0,-0.360000074,-5.03779173,0.0,0.0,0.0,-6.0,0.439999938,-6.63779163,0.0,0.0,0.0,-6.0,0.439999938,-6.63779163,0.0,0.0,0.0,0.0,0.0,1.0,0.0,0.0,0.0,0.0,0,0,0,0,0,0.0,0.0,Tina Aminipour,4890,2026-09-18T13:48:36.048067,,,
DATA,17.3,-6.0,0.44,-6.470146,0.0,0.0,0.0,-6.0,-0.36,-4.87014627,0.0,0.0,0.0,-6.0,0.44,-6.470146,0.0,0.0,0.0,-6.0,0.44,-6.470146,0.0,0.0,0.0,0.0,0.0,1.0,0.0,0.0,0.0,0.0,0,0,0,0,0,0.0,0.0,Tina Aminipour,4890,2026-09-18T13:48:36.095823,,,
DATA,17.349,-6.0,0.439999938,-6.29361773,0.0,0.0,0.0,-6.0,-0.360000074,-4.693618,0.0,0.0,0.0,-6.0,0.439999938,-6.29361773,0.0,0.0,0.0,-6.0,0.439999938,-6.29361773,0.0,0.0,0.0,0.0,0.0,1.0,0.0,0.0,0.0,0.0,0,0,0,0,0,0.0,0.0,Tina Aminipour,4890,2026-09-18T13:48:36.145869,,,
DATA,17.399,-6.0,0.44,-6.122525,0.0,0.0,0.0,-6.0,-0.36,-4.52252531,0.0,0.0,0.0,-6.0,0.44,-6.122525,0.0,0.0,0.0,-6.0,0.44,-6.122525,0.0,0.0,0.0,0.0,0.0,1.0,0.0,0.0,0.0,0.0,0,0,0,0,0,0.0,0.0,Tina Aminipour,4890,2026-09-18T13:48:36.195339,,,
DATA,17.449,-6.0,0.439999938,-5.94413328,0.0,0.0,0.0,-6.0,-0.360000074,-4.34413338,0.0,0.0,0.0,-6.0,0.439999938,-5.94413328,0.0,0.0,0.0,-6.0,0.439999938,-5.94413328,0.0,0.0,0.0,0.0,0.0,1.0,0.0,0.0,0.0,0.0,0,0,0,0,0,0.0,0.0,Tina Aminipour,4890,2026-09-18T13:48:36.246289,,,
DATA,17.498,-6.0,0.44,-5.774313,0.0,0.0,0.0,-6.0,-0.36,-4.174313,0.0,0.0,0.0,-6.0,0.44,-5.774313,0.0,0.0,0.0,-6.0,0.44,-5.774313,0.0,0.0,0.0,0.0,0.0,1.0,0.0,0.0,0.0,0.0,0,0,0,0,0,0.0,0.0,Tina Aminipour,4890,2026-09-18T13:48:36.293892,,,
DATA,17.549,-6.0,0.44,-5.59437037,0.0,0.0,0.0,-6.0,-0.36,-3.99437046,0.0,0.0,0.0,-6.0,0.44,-5.59437037,0.0,0.0,0.0,-6.0,0.44,-5.59437037,0.0,0.0,0.0,0.0,0.0,1.0,0.0,0.0,0.0,0.0,0,0,0,0,0,0.0,0.0,Tina Aminipour,4890,2026-09-18T13:48:36.346162,,,
DATA,17.601,-6.0,0.44,-5.415348,0.0,0.0,0.0,-6.0,-0.36,-3.815348,0.0,0.0,0.0,-6.0,0.44,-5.415348,0.0,0.0,0.0,-6.0,0.44,-5.415348,0.0,0.0,0.0,0.0,0.0,1.0,0.0,0.0,0.0,0.0,0,0,0,0,0,0.0,0.0,Tina Aminipour,4890,2026-09-18T13:48:36.396455,,,
DATA,17.65,-6.0,0.44,-5.24149561,0.0,0.0,0.0,-6.0,-0.36,-3.6414957,0.0,0.0,0.0,-6.0,0.44,-5.24149561,0.0,0.0,0.0,-6.0,0.44,-5.24149561,0.0,0.0,0.0,0.0,0.0,1.0,0.0,0.0,0.0,0.0,0,0,0,0,0,0.0,0.0,Tina Aminipour,4890,2026-09-18T13:48:36.446913,,,
DATA,17.698,-6.0,0.439999938,-5.07489967,0.0,0.0,0.0,-6.0,-0.360000074,-3.47489977,0.0,0.0,0.0,-6.0,0.439999938,-5.07489967,0.0,0.0,0.0,-6.0,0.439999938,-5.07489967,0.0,0.0,0.0,0.0,0.0,1.0,0.0,0.0,0.0,0.0,0,0,0,0,0,0.0,0.0,Tina Aminipour,4890,2026-09-18T13:48:36.495496,,,
DATA,17.751,-6.0,0.44,-4.889157,0.0,0.0,0.0,-6.0,-0.36,-3.28915668,0.0,0.0,0.0,-6.0,0.44,-4.889157,0.0,0.0,0.0,-6.0,0.44,-4.889157,0.0,0.0,0.0,0.0,0.0,1.0,0.0,0.0,0.0,0.0,0,0,0,0,0,0.0,0.0,Tina Aminipour,4890,2026-09-18T13:48:36.547662,,,
DATA,17.799,-6.0,0.439999938,-4.72831869,0.0,0.0,0.0,-6.0,-0.360000074,-3.12831855,0.0,0.0,0.0,-6.0,0.439999938,-4.72831869,0.0,0.0,0.0,-6.0,0.439999938,-4.72831869,0.0,0.0,0.0,0.0,0.0,1.0,0.0,0.0,0.0,0.0,0,0,0,0,0,0.0,0.0,Tina Aminipour,4890,2026-09-18T13:48:36.595227,,,
DATA,17.85,-6.0,0.44,-4.54107666,0.0,0.0,0.0,-6.0,-0.36,-2.94107676,0.0,0.0,0.0,-6.0,0.44,-4.54107666,0.0,0.0,0.0,-6.0,0.44,-4.54107666,0.0,0.0,0.0,0.0,0.0,1.0,0.0,0.0,0.0,0.0,0,0,0,0,0,0.0,0.0,Tina Aminipour,4890,2026-09-18T13:48:36.648730,,,
DATA,17.9,-6.0,0.440000057,-4.36845064,0.0,0.0,0.0,-6.0,-0.359999955,-2.76845074,0.0,0.0,0.0,-6.0,0.440000057,-4.36845064,0.0,0.0,0.0,-6.0,0.440000057,-4.36845064,0.0,0.0,0.0,0.0,0.0,1.0,0.0,0.0,0.0,0.0,0,0,0,0,0,0.0,0.0,Tina Aminipour,4890,2026-09-18T13:48:36.696547,,,
DATA,17.953,-6.0,0.439999878,-4.18670845,0.0,0.0,0.0,-6.0,-0.360000134,-2.58670831,0.0,0.0,0.0,-6.0,0.439999878,-4.18670845,0.0,0.0,0.0,-6.0,0.439999878,-4.18670845,0.0,0.0,0.0,0.0,0.0,1.0,0.0,0.0,0.0,0.0,0,0,0,0,0,0.0,0.0,Tina Aminipour,4890,2026-09-18T13:48:36.749357,,,
DATA,18.001,-6.0,0.439999938,-4.014595,0.0,0.0,0.0,-6.0,-0.360000074,-2.41459513,0.0,0.0,0.0,-6.0,0.439999938,-4.014595,0.0,0.0,0.0,-6.0,0.439999938,-4.014595,0.0,0.0,0.0,0.0,0.0,1.0,0.0,0.0,0.0,0.0,0,0,0,0,0,0.0,0.0,Tina Aminipour,4890,2026-09-18T13:48:36.798053,,,
DATA,18.051,-6.0,0.44,-3.83708,0.0,0.0,0.0,-6.0,-0.36,-2.23708,0.0,0.0,0.0,-6.0,0.44,-3.83708,0.0,0.0,0.0,-6.0,0.44,-3.83708,0.0,0.0,0.0,0.0,0.0,1.0,0.0,0.0,0.0,0.0,0,0,0,0,0,0.0,0.0,Tina Aminipour,4890,2026-09-18T13:48:36.847998,,,
DATA,18.1,-6.0,0.44,-3.67003965,0.0,0.0,0.0,-6.0,-0.36,-2.07003975,0.0,0.0,0.0,-6.0,0.44,-3.67003965,0.0,0.0,0.0,-6.0,0.44,-3.67003965,0.0,0.0,0.0,0.0,0.0,1.0,0.0,0.0,0.0,0.0,0,0,0,0,0,0.0,0.0,Tina Aminipour,4890,2026-09-18T13:48:36.895472,,,
DATA,18.15,-6.0,0.44,-3.49212384,0.0,0.0,0.0,-6.0,-0.36,-1.89212382,0.0,0.0,0.0,-6.0,0.44,-3.49212384,0.0,0.0,0.0,-6.0,0.44,-3.49212384,0.0,0.0,0.0,0.0,0.0,1.0,0.0,0.0,0.0,0.0,0,0,0,0,0,0.0,0.0,Tina Aminipour,4890,2026-09-18T13:48:36.947067,,,
DATA,18.201,-6.0,0.439999938,-3.31380939,0.0,0.0,0.0,-6.0,-0.360000074,-1.71380937,0.0,0.0,0.0,-6.0,0.439999938,-3.31380939,0.0,0.0,0.0,-6.0,0.439999938,-3.31380939,0.0,0.0,0.0,0.0,0.0,1.0,0.0,0.0,0.0,0.0,0,0,0,0,0,0.0,0.0,Tina Aminipour,4890,2026-09-18T13:48:36.997533,,,
DATA,18.251,-6.0,0.439999938,-3.14067364,0.0,0.0,0.0,-6.0,-0.360000074,-1.54067349,0.0,0.0,0.0,-6.0,0.439999938,-3.14067364,0.0,0.0,0.0,-6.0,0.439999938,-3.14067364,0.0,0.0,0.0,0.0,0.0,1.0,0.0,0.0,0.0,0.0,0,0,0,0,0,0.0,0.0,Tina Aminipour,4890,2026-09-18T13:48:37.048341,,,
DATA,18.3,-6.0,0.44,-2.9695735,0.0,0.0,0.0,-6.0,-0.36,-1.36957347,0.0,0.0,0.0,-6.0,0.44,-2.9695735,0.0,0.0,0.0,-6.0,0.44,-2.9695735,0.0,0.0,0.0,0.0,0.0,1.0,0.0,0.0,0.0,0.0,0,0,0,0,0,0.0,0.0,Tina Aminipour,4890,2026-09-18T13:48:37.096553,,,
DATA,18.35,-6.0,0.440000057,-2.78732347,0.0,0.0,0.0,-6.0,-0.359999955,-1.18732333,0.0,0.0,0.0,-6.0,0.440000057,-2.78732347,0.0,0.0,0.0,-6.0,0.440000057,-2.78732347,0.0,0.0,0.0,0.0,0.0,1.0,0.0,0.0,0.0,0.0,0,0,0,0,0,0.0,0.0,Tina Aminipour,4890,2026-09-18T13:48:37.148210,,,
DATA,18.4,-6.0,0.44,-2.613092,0.0,0.0,0.0,-6.0,-0.36,-1.01309192,0.0,0.0,0.0,-6.0,0.44,-2.613092,0.0,0.0,0.0,-6.0,0.44,-2.613092,0.0,0.0,0.0,0.0,0.0,1.0,0.0,0.0,0.0,0.0,0,0,0,0,0,0.0,0.0,Tina Aminipour,4890,2026-09-18T13:48:37.196605,,,
DATA,18.449,-6.0,0.44,-2.4468894,0.0,0.0,0.0,-6.0,-0.36,-0.8468895,0.0,0.0,0.0,-6.0,0.44,-2.4468894,0.0,0.0,0.0,-6.0,0.44,-2.4468894,0.0,0.0,0.0,0.0,0.0,1.0,0.0,0.0,0.0,0.0,0,0,0,0,0,0.0,0.0,Tina Aminipour,4890,2026-09-18T13:48:37.245429,,,
DATA,18.499,-6.0,0.44,-2.26658988,0.0,0.0,0.0,-6.0,-0.36,-0.6665898,0.0,0.0,0.0,-6.0,0.44,-2.26658988,0.0,0.0,0.0,-6.0,0.44,-2.26658988,0.0,0.0,0.0,0.0,0.0,1.0,0.0,0.0,0.0,0.0,0,0,0,0,0,0.0,0.0,Tina Aminipour,4890,2026-09-18T13:48:37.297145,,,
DATA,18.549,-6.0,0.44,-2.09909868,0.0,0.0,0.0,-6.0,-0.36,-0.499098659,0.0,0.0,0.0,-6.0,0.44,-2.09909868,0.0,0.0,0.0,-6.0,0.44,-2.09909868,0.0,0.0,0.0,0.0,0.0,1.0,0.0,0.0,0.0,0.0,0,0,0,0,0,0.0,0.0,Tina Aminipour,4890,2026-09-18T13:48:37.344816,,,
DATA,18.598,-6.0,0.439999938,-1.92571115,0.0,0.0,0.0,-6.0,-0.360000074,-0.325711131,0.0,0.0,0.0,-6.0,0.439999938,-1.92571115,0.0,0.0,0.0,-6.0,0.439999938,-1.92571115,0.0,0.0,0.0,0.0,0.0,1.0,0.0,0.0,0.0,0.0,0,0,0,0,0,0.0,0.0,Tina Aminipour,4890,2026-09-18T13:48:37.393888,,,
DATA,18.651,-6.0,0.440000057,-1.73936343,0.0,0.0,0.0,-6.0,-0.359999955,-0.139363438,0.0,0.0,0.0,-6.0,0.440000057,-1.73936343,0.0,0.0,0.0,-6.0,0.440000057,-1.73936343,0.0,0.0,0.0,0.0,0.0,1.0,0.0,0.0,0.0,0.0,0,0,0,0,0,0.0,0.0,Tina Aminipour,4890,2026-09-18T13:48:37.448155,,,
DATA,18.699,-6.0,0.44,-1.57437313,0.0,0.0,0.0,-6.0,-0.36,0.0256269183,0.0,0.0,0.0,-6.0,0.44,-1.57437313,0.0,0.0,0.0,-6.0,0.44,-1.57437313,0.0,0.0,0.0,0.0,0.0,1.0,0.0,0.0,0.0,0.0,0,0,0,0,0,0.0,0.0,Tina Aminipour,4890,2026-09-18T13:48:37.494999,,,
DATA,18.749,-6.0,0.439999938,-1.39703023,0.0,0.0,0.0,-6.0,-0.360000074,0.202969819,0.0,0.0,0.0,-6.0,0.439999938,-1.39703023,0.0,0.0,0.0,-6.0,0.439999938,-1.39703023,0.0,0.0,0.0,0.0,0.0,1.0,0.0,0.0,0.0,0.0,0,0,0,0,0,0.0,0.0,Tina Aminipour,4890,2026-09-18T13:48:37.545468,,,
DATA,18.799,-6.0,0.44,-1.22338057,0.0,0.0,0.0,-6.0,-0.36,0.376619518,0.0,0.0,0.0,-6.0,0.44,-1.22338057,0.0,0.0,0.0,-6.0,0.44,-1.22338057,0.0,0.0,0.0,0.0,0.0,1.0,0.0,0.0,0.0,0.0,0,0,0,0,0,0.0,0.0,Tina Aminipour,4890,2026-09-18T13:48:37.594357,,,
DATA,18.849,-6.0,0.439999938,-1.04741406,0.0,0.0,0.0,-6.0,-0.360000074,0.5525859,0.0,0.0,0.0,-6.0,0.439999938,-1.04741406,0.0,0.0,0.0,-6.0,0.439999938,-1.04741406,0.0,0.0,0.0,0.0,0.0,1.0,0.0,0.0,0.0,0.0,0,0,0,0,0,0.0,0.0,Tina Aminipour,4890,2026-09-18T13:48:37.645317,,,
DATA,18.901,-6.0,0.44,-0.866130948,0.0,0.0,0.0,-6.0,-0.36,0.7338691,0.0,0.0,0.0,-6.0,0.44,-0.866130948,0.0,0.0,0.0,-6.0,0.44,-0.866130948,0.0,0.0,0.0,0.0,0.0,1.0,0.0,0.0,0.0,0.0,0,0,0,0,0,0.0,0.0,Tina Aminipour,4890,2026-09-18T13:48:37.698198,,,
DATA,18.949,-6.0,0.439999938,-0.6966896,0.0,0.0,0.0,-6.0,-0.360000074,0.9033104,0.0,0.0,0.0,-6.0,0.439999938,-0.6966896,0.0,0.0,0.0,-6.0,0.439999938,-0.6966896,0.0,0.0,0.0,0.0,0.0,1.0,0.0,0.0,0.0,0.0,0,0,0,0,0,0.0,0.0,Tina Aminipour,4890,2026-09-18T13:48:37.745479,,,
DATA,18.998,-6.0,0.439999938,-0.5251529,0.0,0.0,0.0,-6.0,-0.360000074,1.0748471,0.0,0.0,0.0,-6.0,0.439999938,-0.5251529,0.0,0.0,0.0,-6.0,0.439999938,-0.5251529,0.0,0.0,0.0,0.0,0.0,1.0,0.0,0.0,0.0,0.0,0,0,0,0,0,0.0,0.0,Tina Aminipour,4890,2026-09-18T13:48:37.794352,,,
DATA,19.048,-6.0,0.439999938,-0.347495317,0.0,0.0,0.0,-6.0,-0.360000074,1.25250471,0.0,0.0,0.0,-6.0,0.439999938,-0.347495317,0.0,0.0,0.0,-6.0,0.439999938,-0.347495317,0.0,0.0,0.0,0.0,0.0,1.0,0.0,0.0,0.0,0.0,0,0,0,0,0,0.0,0.0,Tina Aminipour,4890,2026-09-18T13:48:37.845292,,,
DATA,19.097,-6.0,0.44,-0.177425027,0.0,0.0,0.0,-6.0,-0.36,1.422575,0.0,0.0,0.0,-6.0,0.44,-0.177425027,0.0,0.0,0.0,-6.0,0.44,-0.177425027,0.0,0.0,0.0,0.0,0.0,1.0,0.0,0.0,0.0,0.0,0,0,0,0,0,0.0,0.0,Tina Aminipour,4890,2026-09-18T13:48:37.890564,,,
DATA,19.149,-6.0,0.44,0.002740264,0.0,0.0,0.0,-6.0,-0.36,1.60274029,0.0,0.0,0.0,-6.0,0.44,0.002740264,0.0,0.0,0.0,-6.0,0.44,0.002740264,0.0,0.0,0.0,0.0,0.0,1.0,0.0,0.0,0.0,0.0,0,0,0,0,0,0.0,0.0,Tina Aminipour,4890,2026-09-18T13:48:37.944764,,,
DATA,19.201,-6.0,0.44,0.18207705,0.0,0.0,0.0,-6.0,-0.36,1.78207707,0.0,0.0,0.0,-6.0,0.44,0.18207705,0.0,0.0,0.0,-6.0,0.44,0.18207705,0.0,0.0,0.0,0.0,0.0,1.0,0.0,0.0,0.0,0.0,0,0,0,0,0,0.0,0.0,Tina Aminipour,4890,2026-09-18T13:48:37.997891,,,
DATA,19.25,-6.0,0.440000057,0.35820055,0.0,0.0,0.0,-6.0,-0.359999955,1.95820057,0.0,0.0,0.0,-6.0,0.440000057,0.35820055,0.0,0.0,0.0,-6.0,0.440000057,0.35820055,0.0,0.0,0.0,0.0,0.0,1.0,0.0,0.0,0.0,0.0,0,0,0,0,0,0.0,0.0,Tina Aminipour,4890,2026-09-18T13:48:38.046753,,,
DATA,19.301,-6.0,0.440000057,0.5376884,0.0,0.0,0.0,-6.0,-0.359999955,2.1376884,0.0,0.0,0.0,-6.0,0.440000057,0.5376884,0.0,0.0,0.0,-6.0,0.440000057,0.5376884,0.0,0.0,0.0,0.0,0.0,1.0,0.0,0.0,0.0,0.0,0,0,0,0,0,0.0,0.0,Tina Aminipour,4890,2026-09-18T13:48:38.098105,,,
DATA,19.348,-6.0,0.44,0.7016846,0.0,0.0,0.0,-6.0,-0.36,2.30168462,0.0,0.0,0.0,-6.0,0.44,0.7016846,0.0,0.0,0.0,-6.0,0.44,0.7016846,0.0,0.0,0.0,0.0,0.0,1.0,0.0,0.0,0.0,0.0,0,0,0,0,0,0.0,0.0,Tina Aminipour,4890,2026-09-18T13:48:38.144225,,,
DATA,19.398,-6.0,0.44,0.875516057,0.0,0.0,0.0,-6.0,-0.36,2.475516,0.0,0.0,0.0,-6.0,0.44,0.875516057,0.0,0.0,0.0,-6.0,0.44,0.875516057,0.0,0.0,0.0,0.0,0.0,1.0,0.0,0.0,0.0,0.0,0,0,0,0,0,0.0,0.0,Tina Aminipour,4890,2026-09-18T13:48:38.193841,,,
DATA,19.45,-6.08342552,0.44,1.02705753,0.0,3.2970655,0.0,-5.99743462,-0.36,2.65779042,0.0,3.06334853,0.0,-6.08342552,0.44,1.02705753,0.0,3.2970655,0.0,-6.08342552,0.44,1.02705753,0.0,3.2970655,0.0,1.0,0.0,1.0,0.0,0.0,0.0,0.0,0,0,0,0,0,0.0,0.0,Tina Aminipour,4890,2026-09-18T13:48:38.246925,,,
DATA,19.498,-6.19148254,0.44,1.19897509,0.0,7.64276171,0.0,-5.98280525,-0.36,2.824496,0.0,7.36753464,0.0,-6.19148254,0.44,1.19897509,0.0,7.64276171,0.0,-6.19148254,0.44,1.19897509,0.0,7.64276171,0.0,1.0,0.0,1.0,0.0,0.0,0.0,0.0,0,0,0,0,0,0.0,0.0,Tina Aminipour,4890,2026-09-18T13:48:38.294326,,,
DATA,19.552,-6.295274,0.44,1.411285,0.0,12.4231815,0.0,-5.951752,-0.36,3.00902176,0.0,12.1806116,0.0,-6.295274,0.44,1.411285,0.0,12.4231815,0.0,-6.295274,0.44,1.411285,0.0,12.4231815,0.0,1.0,0.0,1.0,0.0,0.0,0.0,0.0,0,0,0,0,0,0.0,0.0,Tina Aminipour,4890,2026-09-18T13:48:38.348128,,,
DATA,19.6,-6.373364,0.439999938,1.6070466,0.0,16.7432823,0.0,-5.91056871,-0.360000074,3.17240167,0.0,16.5142746,0.0,-6.373364,0.439999938,1.6070466,0.0,16.7432823,0.0,-6.373364,0.439999938,1.6070466,0.0,16.7432823,0.0,1.0,0.0,1.0,0.0,0.0,0.0,0.0,0,0,0,0,0,0.0,0.0,Tina Aminipour,4890,2026-09-18T13:48:38.395755,,,
DATA,19.65,-6.44060373,0.439999938,1.81234717,0.0,21.30277,0.0,-5.85436,-0.360000074,3.339509,0.0,21.0490875,0.0,-6.44060373,0.439999938,1.81234717,0.0,21.30277,0.0,-6.44060373,0.439999938,1.81234717,0.0,21.30277,0.0,1.0,0.0,1.0,0.0,0.0,0.0,0.0,0,0,0,0,0,0.0,0.0,Tina Aminipour,4890,2026-09-18T13:48:38.446822,,,
DATA,19.7,-6.489159,0.440000057,2.02648735,0.0,25.7974911,0.0,-5.78551674,-0.359999955,3.50078845,0.0,25.5594616,0.0,-6.489159,0.440000057,2.02648735,0.0,25.7974911,0.0,-6.489159,0.440000057,2.02648735,0.0,25.7974911,0.0,1.0,0.0,1.0,0.0,0.0,0.0,0.0,0,0,0,0,0,0.0,0.0,Tina Aminipour,4890,2026-09-18T13:48:38.495848,,,
DATA,19.751,-6.52212334,0.44,2.24272728,0.0,30.3437824,0.0,-5.70364761,-0.36,3.65724182,0.0,30.1012421,0.0,-6.52212334,0.44,2.24272728,0.0,30.3437824,0.0,-6.52212334,0.44,2.24272728,0.0,30.3437824,0.0,1.0,0.0,1.0,0.0,0.0,0.0,0.0,0,0,0,0,0,0.0,0.0,Tina Aminipour,4890,2026-09-18T13:48:38.547116,,,
DATA,19.799,-6.5088,0.44,2.46637678,0.0,33.8533478,0.0,-5.61748934,-0.36,3.79512262,0.0,33.85335,0.0,-6.5088,0.44,2.46637678,0.0,33.8533478,0.0,-6.5088,0.44,2.46637678,0.0,33.8533478,0.0,0.0,0.0,1.0,0.0,0.0,0.0,0.0,0,0,0,0,0,0.0,0.0,Tina Aminipour,4890,2026-09-18T13:48:38.595223,,,
DATA,19.848,-6.40898275,0.439999938,2.61518145,0.0,33.8533478,0.0,-5.517672,-0.360000074,3.94392729,0.0,33.85335,0.0,-6.40898275,0.439999938,2.61518145,0.0,33.8533478,0.0,-6.40898275,0.439999938,2.61518145,0.0,33.8533478,0.0,0.0,0.0,1.0,0.0,0.0,0.0,0.0,0,0,0,0,0,0.0,0.0,Tina Aminipour,4890,2026-09-18T13:48:38.644982,,,
DATA,19.9,-6.3109293,0.44,2.76135731,0.0,33.8533478,0.0,-5.41961861,-0.36,4.090103,0.0,33.85335,0.0,-6.3109293,0.44,2.76135731,0.0,33.8533478,0.0,-6.3109293,0.44,2.76135731,0.0,33.8533478,0.0,0.0,0.0,1.0,0.0,0.0,0.0,0.0,0,0,0,0,0,0.0,0.0,Tina Aminipour,4890,2026-09-18T13:48:38.696942,,,
DATA,19.949,-6.213769,0.44,2.90620184,0.0,33.8533478,0.0,-5.32245827,-0.36,4.23494768,0.0,33.85335,0.0,-6.213769,0.44,2.90620184,0.0,33.8533478,0.0,-6.213769,0.44,2.90620184,0.0,33.8533478,0.0,0.0,0.0,1.0,0.0,0.0,0.0,0.0,0,0,0,0,0,0.0,0.0,Tina Aminipour,4890,2026-09-18T13:48:38.744687,,,
DATA,20.0,-6.113014,0.439999938,3.056405,0.0,33.8533478,0.0,-5.22170353,-0.360000074,4.385151,0.0,33.85335,0.0,-6.113014,0.439999938,3.056405,0.0,33.8533478,0.0,-6.113014,0.439999938,3.056405,0.0,33.8533478,0.0,0.0,0.0,1.0,0.0,0.0,0.0,0.0,0,0,0,0,0,0.0,0.0,Tina Aminipour,4890,2026-09-18T13:48:38.796108,,,
DATA,20.05,-6.013932,0.440000057,3.20411348,0.0,33.8533478,0.0,-5.12262154,-0.359999955,4.53285933,0.0,33.85335,0.0,-6.013932,0.440000057,3.20411348,0.0,33.8533478,0.0,-6.013932,0.440000057,3.20411348,0.0,33.8533478,0.0,0.0,0.0,1.0,0.0,0.0,0.0,0.0,0,0,0,0,0,0.0,0.0,Tina Aminipour,4890,2026-09-18T13:48:38.847021,,,
DATA,20.099,-5.91951656,0.439999938,3.34486723,0.0,33.8533478,0.0,-5.028206,-0.360000074,4.673613,0.0,33.85335,0.0,-5.91951656,0.439999938,3.34486723,0.0,33.8533478,0.0,-5.91951656,0.439999938,3.34486723,0.0,33.8533478,0.0,0.0,0.0,1.0,0.0,0.0,0.0,0.0,0,0,0,0,0,0.0,0.0,Tina Aminipour,4890,2026-09-18T13:48:38.894916,,,
DATA,20.147,-5.86320543,0.44,3.45390368,0.0,34.70964,0.0,-4.935868,-0.36,4.811268,0.0,34.3987541,0.0,-5.86320543,0.44,3.45390368,0.0,34.70964,0.0,-5.86320543,0.44,3.45390368,0.0,34.70964,0.0,1.0,0.0,1.0,0.0,0.0,0.0,0.0,0,0,0,0,0,0.0,0.0,Tina Aminipour,4890,2026-09-18T13:48:38.945125,,,
DATA,20.2,-5.85505962,0.44,3.698472,0.0,39.48967,0.0,-4.82307863,-0.36,4.96299744,0.0,39.2617531,0.0,-5.85505962,0.44,3.698472,0.0,39.48967,0.0,-5.85505962,0.44,3.698472,0.0,39.48967,0.0,1.0,0.0,1.0,0.0,0.0,0.0,0.0,0,0,0,0,0,0.0,0.0,Tina Aminipour,4890,2026-09-18T13:48:38.997042,,,
DATA,20.249,-5.84063864,0.44,3.89988041,0.0,43.80597,0.0,-4.71353865,-0.36,5.088102,0.0,43.5386047,0.0,-5.84063864,0.44,3.89988041,0.0,43.80597,0.0,-5.84063864,0.44,3.89988041,0.0,43.80597,0.0,1.0,0.0,1.0,0.0,0.0,0.0,0.0,0,0,0,0,0,0.0,0.0,Tina Aminipour,4890,2026-09-18T13:48:39.043835,,,
DATA,20.302,-5.80837536,0.440000057,4.12289143,0.0,48.6640129,0.0,-4.579864,-0.359999955,5.218309,0.0,48.3385239,0.0,-5.80837536,0.440000057,4.12289143,0.0,48.6640129,0.0,-5.80837536,0.440000057,4.12289143,0.0,48.6640129,0.0,1.0,0.0,1.0,0.0,0.0,0.0,0.0,0,0,0,0,0,0.0,0.0,Tina Aminipour,4890,2026-09-18T13:48:39.099941,,,
DATA,20.349,-5.750141,0.439999938,4.33100128,0.0,52.8653221,0.0,-4.451874,-0.360000074,5.32464,0.0,52.6183243,0.0,-5.750141,0.439999938,4.33100128,0.0,52.8653221,0.0,-5.750141,0.439999938,4.33100128,0.0,52.8653221,0.0,1.0,0.0,1.0,0.0,0.0,0.0,0.0,0,0,0,0,0,0.0,0.0,Tina Aminipour,4890,2026-09-18T13:48:39.145800,,,
DATA,20.399,-5.679791,0.44,4.53995848,0.0,57.41371,0.0,-4.30736828,-0.36,5.42693663,0.0,57.1722069,0.0,-5.679791,0.44,4.53995848,0.0,57.41371,0.0,-5.679791,0.44,4.53995848,0.0,57.41371,0.0,1.0,0.0,1.0,0.0,0.0,0.0,0.0,0,0,0,0,0,0.0,0.0,Tina Aminipour,4890,2026-09-18T13:48:39.195312,,,
DATA,20.451,-5.5925374,0.44,4.74603,0.0,62.0730247,0.0,-4.15183735,-0.36,5.51927042,0.0,61.82451,0.0,-5.5925374,0.44,4.74603,0.0,62.0730247,0.0,-5.5925374,0.44,4.74603,0.0,62.0730247,0.0,1.0,0.0,1.0,0.0,0.0,0.0,0.0,0,0,0,0,0,0.0,0.0,Tina Aminipour,4890,2026-09-18T13:48:39.248196,,,
DATA,20.5,-5.49384975,0.44,4.934675,0.0,66.48075,0.0,-3.99803,-0.36,5.594872,0.0,66.23263,0.0,-5.49384975,0.44,4.934675,0.0,66.48075,0.0,-5.49384975,0.44,4.934675,0.0,66.48075,0.0,1.0,0.0,1.0,0.0,0.0,0.0,0.0,0,0,0,0,0,0.0,0.0,Tina Aminipour,4890,2026-09-18T13:48:39.296894,,,
DATA,20.549,-5.393609,0.439999938,5.104693,0.0,70.76076,0.0,-3.84566069,-0.360000074,5.65596867,0.0,70.45491,0.0,-5.393609,0.439999938,5.104693,0.0,70.76076,0.0,-5.393609,0.439999938,5.104693,0.0,70.76076,0.0,1.0,0.0,1.0,0.0,0.0,0.0,0.0,0,0,0,0,0,0.0,0.0,Tina Aminipour,4890,2026-09-18T13:48:39.344691,,,
DATA,20.599,-5.25206566,0.44,5.289816,0.0,75.39268,0.0,-3.67175865,-0.36,5.71046162,0.0,75.14243,0.0,-5.25206566,0.44,5.289816,0.0,75.39268,0.0,-5.25206566,0.44,5.289816,0.0,75.39268,0.0,1.0,0.0,1.0,0.0,0.0,0.0,0.0,0,0,0,0,0,0.0,0.0,Tina Aminipour,4890,2026-09-18T13:48:39.395681,,,
DATA,20.651,-5.104312,0.44,5.458037,0.0,79.98843,0.0,-3.49701929,-0.36,5.74998951,0.0,79.7504959,0.0,-5.104312,0.44,5.458037,0.0,79.98843,0.0,-5.104312,0.44,5.458037,0.0,79.98843,0.0,1.0,0.0,1.0,0.0,0.0,0.0,0.0,0,0,0,0,0,0.0,0.0,Tina Aminipour,4890,2026-09-18T13:48:39.446374,,,
DATA,20.699,-4.952215,0.44,5.606883,0.0,84.38787,0.0,-3.3276372,-0.36,5.77455044,0.0,84.15268,0.0,-4.952215,0.44,5.606883,0.0,84.38787,0.0,-4.952215,0.44,5.606883,0.0,84.38787,0.0,1.0,0.0,1.0,0.0,0.0,0.0,0.0,0,0,0,0,0,0.0,0.0,Tina Aminipour,4890,2026-09-18T13:48:39.495498,,,
DATA,20.751,-4.78011847,0.44,5.751731,0.0,89.075676,0.0,-3.14609432,-0.36,5.786372,0.0,88.8321,0.0,-4.78011847,0.44,5.751731,0.0,89.075676,0.0,-4.78011847,0.44,5.751731,0.0,89.075676,0.0,1.0,0.0,1.0,0.0,0.0,0.0,0.0,0,0,0,0,0,0.0,0.0,Tina Aminipour,4890,2026-09-18T13:48:39.548049,,,
DATA,20.801,-4.61645174,0.44,5.874114,0.0,93.50265,0.0,-2.976268,-0.36,5.784028,0.0,93.20054,0.0,-4.61645174,0.44,5.874114,0.0,93.50265,0.0,-4.61645174,0.44,5.874114,0.0,93.50265,0.0,1.0,0.0,1.0,0.0,0.0,0.0,0.0,0,0,0,0,0,0.0,0.0,Tina Aminipour,4890,2026-09-18T13:48:39.597427,,,
DATA,20.848,-4.43456173,0.44,5.98102474,0.0,97.75449,0.0,-2.8103435,-0.36,5.769084,0.0,97.48546,0.0,-4.43456173,0.44,5.98102474,0.0,97.75449,0.0,-4.43456173,0.44,5.98102474,0.0,97.75449,0.0,1.0,0.0,1.0,0.0,0.0,0.0,0.0,0,0,0,0,0,0.0,0.0,Tina Aminipour,4890,2026-09-18T13:48:39.644173,,,
DATA,20.9,-4.22660828,0.44,6.08348656,0.0,102.492683,0.0,-2.62805629,-0.36,5.738052,0.0,102.241623,0.0,-4.22660828,0.44,6.08348656,0.0,102.492683,0.0,-4.22660828,0.44,6.08348656,0.0,102.492683,0.0,1.0,0.0,1.0,0.0,0.0,0.0,0.0,0,0,0,0,0,0.0,0.0,Tina Aminipour,4890,2026-09-18T13:48:39.696704,,,
DATA,20.949,-4.03787136,0.44,6.162316,0.0,106.818886,0.0,-2.46600986,-0.36,5.697065,0.0,106.540749,0.0,-4.03787136,0.44,6.162316,0.0,106.818886,0.0,-4.03787136,0.44,6.162316,0.0,106.818886,0.0,1.0,0.0,1.0,0.0,0.0,0.0,0.0,0,0,0,0,0,0.0,0.0,Tina Aminipour,4890,2026-09-18T13:48:39.745462,,,
DATA,21.0,-3.816316,0.439999938,6.22977,0.0,111.506432,0.0,-2.292237,-0.360000074,5.638239,0.0,111.259613,0.0,-3.816316,0.439999938,6.22977,0.0,111.506432,0.0,-3.816316,0.439999938,6.22977,0.0,111.506432,0.0,1.0,0.0,1.0,0.0,0.0,0.0,0.0,0,0,0,0,0,0.0,0.0,Tina Aminipour,4890,2026-09-18T13:48:39.796930,,,
DATA,21.05,-3.607133,0.439999938,6.27735662,0.0,115.930458,0.0,-2.13402581,-0.360000074,5.570199,0.0,115.689293,0.0,-3.607133,0.439999938,6.27735662,0.0,115.930458,0.0,-3.607133,0.439999938,6.27735662,0.0,115.930458,0.0,1.0,0.0,1.0,0.0,0.0,0.0,0.0,0,0,0,0,0,0.0,0.0,Tina Aminipour,4890,2026-09-18T13:48:39.845403,,,
DATA,21.101,-3.40522075,0.44,6.315857,0.0,120.516052,0.0,-1.97961926,-0.36,5.48903847,0.0,120.175964,0.0,-3.40522075,0.44,6.315857,0.0,120.516052,0.0,-3.40522075,0.44,6.315857,0.0,120.516052,0.0,1.0,0.0,1.0,0.0,0.0,0.0,0.0,0,0,0,0,0,0.0,0.0,Tina Aminipour,4890,2026-09-18T13:48:39.897627,,,
DATA,21.149,-3.18264437,0.44,6.324089,0.0,124.778244,0.0,-1.83599532,-0.36,5.39882946,0.0,124.538269,0.0,-3.18264437,0.44,6.324089,0.0,124.778244,0.0,-3.18264437,0.44,6.324089,0.0,124.778244,0.0,1.0,0.0,1.0,0.0,0.0,0.0,0.0,0,0,0,0,0,0.0,0.0,Tina Aminipour,4890,2026-09-18T13:48:39.944477,,,
DATA,21.201,-2.9586,0.439999938,6.32464266,0.0,129.5183,0.0,-1.68915355,-0.360000074,5.289396,0.0,129.248764,0.0,-2.9586,0.439999938,6.32464266,0.0,129.5183,0.0,-2.9586,0.439999938,6.32464266,0.0,129.5183,0.0,1.0,0.0,0.0,0.0,0.0,0.0,0.0,0,0,0,0,0,0.0,0.0,Tina Aminipour,4890,2026-09-18T13:48:39.997002,,,
DATA,21.251,-2.85329247,0.439999938,6.387021,0.0,133.315536,0.0,-1.68915355,-0.360000074,5.289396,0.0,133.315536,0.0,-2.85329247,0.439999938,6.387021,0.0,133.315536,0.0,-2.85329247,0.439999938,6.387021,0.0,133.315536,0.0,0.0,0.0,0.0,0.0,0.0,0.0,0.0,0,0,0,0,0,0.0,0.0,Tina Aminipour,4890,2026-09-18T13:48:40.047118,,,
DATA,21.299,-2.85329247,0.439999938,6.387021,0.0,133.315536,0.0,-1.68915355,-0.360000074,5.289396,0.0,133.315536,0.0,-2.85329247,0.439999938,6.387021,0.0,133.315536,0.0,-2.85329247,0.439999938,6.387021,0.0,133.315536,0.0,0.0,0.0,0.0,0.0,0.0,0.0,0.0,0,0,0,0,0,0.0,0.0,Tina Aminipour,4890,2026-09-18T13:48:40.094100,,,
DATA,21.349,-2.85329247,0.439999938,6.387021,0.0,133.315536,0.0,-1.68915355,-0.360000074,5.289396,0.0,133.315536,0.0,-2.85329247,0.439999938,6.387021,0.0,133.315536,0.0,-2.85329247,0.439999938,6.387021,0.0,133.315536,0.0,0.0,0.0,0.0,0.0,0.0,0.0,0.0,0,0,0,0,0,0.0,0.0,Tina Aminipour,4890,2026-09-18T13:48:40.144711,,,
DATA,21.399,-2.85329247,0.439999938,6.387021,0.0,133.315536,0.0,-1.68915355,-0.360000074,5.289396,0.0,133.315536,0.0,-2.85329247,0.439999938,6.387021,0.0,133.315536,0.0,-2.85329247,0.439999938,6.387021,0.0,133.315536,0.0,0.0,0.0,0.0,0.0,0.0,0.0,0.0,0,0,0,0,0,0.0,0.0,Tina Aminipour,4890,2026-09-18T13:48:40.194755,,,
DATA,21.452,-2.85329247,0.439999938,6.387021,0.0,133.315536,0.0,-1.68915355,-0.360000074,5.289396,0.0,133.315536,0.0,-2.85329247,0.439999938,6.387021,0.0,133.315536,0.0,-2.85329247,0.439999938,6.387021,0.0,133.315536,0.0,0.0,0.0,0.0,0.0,0.0,0.0,0.0,0,0,0,0,0,0.0,0.0,Tina Aminipour,4890,2026-09-18T13:48:40.248227,,,
DATA,21.5,-2.85329247,0.439999938,6.387021,0.0,133.315536,0.0,-1.68915355,-0.360000074,5.289396,0.0,133.315536,0.0,-2.85329247,0.439999938,6.387021,0.0,133.315536,0.0,-2.85329247,0.439999938,6.387021,0.0,133.315536,0.0,0.0,0.0,0.0,0.0,0.0,0.0,0.0,0,0,0,0,0,0.0,0.0,Tina Aminipour,4890,2026-09-18T13:48:40.296708,,,
DATA,21.55,-2.85329247,0.439999938,6.387021,0.0,133.315536,0.0,-1.68915355,-0.360000074,5.289396,0.0,133.315536,0.0,-2.85329247,0.439999938,6.387021,0.0,133.315536,0.0,-2.85329247,0.439999938,6.387021,0.0,133.315536,0.0,0.0,0.0,0.0,0.0,0.0,0.0,0.0,0,0,0,0,0,0.0,0.0,Tina Aminipour,4890,2026-09-18T13:48:40.346309,,,
DATA,21.6,-2.85329247,0.439999938,6.387021,0.0,133.315536,0.0,-1.68915355,-0.360000074,5.289396,0.0,133.315536,0.0,-2.85329247,0.439999938,6.387021,0.0,133.315536,0.0,-2.85329247,0.439999938,6.387021,0.0,133.315536,0.0,0.0,0.0,0.0,0.0,0.0,0.0,0.0,0,0,0,0,0,0.0,0.0,Tina Aminipour,4890,2026-09-18T13:48:40.396433,,,
DATA,21.651,-2.85329247,0.439999938,6.387021,0.0,133.315536,0.0,-1.68915355,-0.360000074,5.289396,0.0,133.315536,0.0,-2.85329247,0.439999938,6.387021,0.0,133.315536,0.0,-2.85329247,0.439999938,6.387021,0.0,133.315536,0.0,0.0,0.0,0.0,0.0,0.0,0.0,0.0,0,0,0,0,0,0.0,0.0,Tina Aminipour,4890,2026-09-18T13:48:40.448071,,,
DATA,21.699,-2.85329247,0.439999938,6.387021,0.0,133.315536,0.0,-1.68915355,-0.360000074,5.289396,0.0,133.315536,0.0,-2.85329247,0.439999938,6.387021,0.0,133.315536,0.0,-2.85329247,0.439999938,6.387021,0.0,133.315536,0.0,0.0,0.0,0.0,0.0,0.0,0.0,0.0,0,0,0,0,0,0.0,0.0,Tina Aminipour,4890,2026-09-18T13:48:40.497443,,,
DATA,21.748,-2.85329247,0.439999938,6.387021,0.0,133.315536,0.0,-1.68915355,-0.360000074,5.289396,0.0,133.315536,0.0,-2.85329247,0.439999938,6.387021,0.0,133.315536,0.0,-2.85329247,0.439999938,6.387021,0.0,133.315536,0.0,0.0,0.0,0.0,0.0,0.0,0.0,0.0,0,0,0,0,0,0.0,0.0,Tina Aminipour,4890,2026-09-18T13:48:40.545305,,,
DATA,21.799,-2.85329247,0.439999938,6.387021,0.0,133.315536,0.0,-1.68915355,-0.360000074,5.289396,0.0,133.315536,0.0,-2.85329247,0.439999938,6.387021,0.0,133.315536,0.0,-2.85329247,0.439999938,6.387021,0.0,133.315536,0.0,0.0,0.0,0.0,0.0,0.0,0.0,0.0,0,0,0,0,0,0.0,0.0,Tina Aminipour,4890,2026-09-18T13:48:40.594759,,,
DATA,21.848,-2.85329247,0.439999938,6.387021,0.0,133.315536,0.0,-1.68915355,-0.360000074,5.289396,0.0,133.315536,0.0,-2.85329247,0.439999938,6.387021,0.0,133.315536,0.0,-2.85329247,0.439999938,6.387021,0.0,133.315536,0.0,0.0,0.0,0.0,0.0,0.0,0.0,0.0,0,0,0,0,0,0.0,0.0,Tina Aminipour,4890,2026-09-18T13:48:40.644038,,,
DATA,21.9,-2.85329247,0.439999938,6.387021,0.0,133.315536,0.0,-1.68915355,-0.360000074,5.289396,0.0,133.315536,0.0,-2.85329247,0.439999938,6.387021,0.0,133.315536,0.0,-2.85329247,0.439999938,6.387021,0.0,133.315536,0.0,0.0,0.0,0.0,0.0,0.0,0.0,0.0,0,0,0,0,0,0.0,0.0,Tina Aminipour,4890,2026-09-18T13:48:40.696860,,,
DATA,21.949,-2.85329247,0.439999938,6.387021,0.0,133.315536,0.0,-1.68915355,-0.360000074,5.289396,0.0,133.315536,0.0,-2.85329247,0.439999938,6.387021,0.0,133.315536,0.0,-2.85329247,0.439999938,6.387021,0.0,133.315536,0.0,0.0,0.0,0.0,0.0,0.0,0.0,0.0,0,0,0,0,0,0.0,0.0,Tina Aminipour,4890,2026-09-18T13:48:40.744054,,,
DATA,21.998,-2.85329247,0.439999938,6.387021,0.0,133.315536,0.0,-1.68915355,-0.360000074,5.289396,0.0,133.315536,0.0,-2.85329247,0.439999938,6.387021,0.0,133.315536,0.0,-2.85329247,0.439999938,6.387021,0.0,133.315536,0.0,0.0,0.0,0.0,0.0,0.0,0.0,0.0,0,0,0,0,0,0.0,0.0,Tina Aminipour,4890,2026-09-18T13:48:40.794182,,,
DATA,22.05,-2.85329247,0.439999938,6.387021,0.0,133.315536,0.0,-1.68915355,-0.360000074,5.289396,0.0,133.315536,0.0,-2.85329247,0.439999938,6.387021,0.0,133.315536,0.0,-2.85329247,0.439999938,6.387021,0.0,133.315536,0.0,0.0,0.0,0.0,0.0,0.0,0.0,0.0,0,0,0,0,0,0.0,0.0,Tina Aminipour,4890,2026-09-18T13:48:40.845910,,,
DATA,22.098,-2.85329247,0.439999938,6.387021,0.0,133.315536,0.0,-1.68915355,-0.360000074,5.289396,0.0,133.315536,0.0,-2.85329247,0.439999938,6.387021,0.0,133.315536,0.0,-2.85329247,0.439999938,6.387021,0.0,133.315536,0.0,0.0,0.0,0.0,0.0,0.0,0.0,0.0,0,0,0,0,0,0.0,0.0,Tina Aminipour,4890,2026-09-18T13:48:40.894055,,,
DATA,22.15,-2.85329247,0.439999938,6.387021,0.0,133.315536,0.0,-1.68915355,-0.360000074,5.289396,0.0,133.315536,0.0,-2.85329247,0.439999938,6.387021,0.0,133.315536,0.0,-2.85329247,0.439999938,6.387021,0.0,133.315536,0.0,0.0,0.0,0.0,0.0,0.0,0.0,0.0,0,0,0,0,0,0.0,0.0,Tina Aminipour,4890,2026-09-18T13:48:40.947188,,,
DATA,22.198,-2.85329247,0.439999938,6.387021,0.0,133.315536,0.0,-1.68915355,-0.360000074,5.289396,0.0,133.315536,0.0,-2.85329247,0.439999938,6.387021,0.0,133.315536,0.0,-2.85329247,0.439999938,6.387021,0.0,133.315536,0.0,0.0,0.0,0.0,0.0,0.0,0.0,0.0,0,0,0,0,0,0.0,0.0,Tina Aminipour,4890,2026-09-18T13:48:40.994794,,,
DATA,22.251,-2.85329247,0.439999938,6.387021,0.0,133.315536,0.0,-1.68915355,-0.360000074,5.289396,0.0,133.315536,0.0,-2.85329247,0.439999938,6.387021,0.0,133.315536,0.0,-2.85329247,0.439999938,6.387021,0.0,133.315536,0.0,0.0,0.0,0.0,0.0,0.0,0.0,0.0,0,0,0,0,0,0.0,0.0,Tina Aminipour,4890,2026-09-18T13:48:41.046938,,,
DATA,22.342,-2.85329247,0.439999938,6.387021,0.0,133.315536,0.0,-1.68915355,-0.360000074,5.289396,0.0,133.315536,0.0,-2.85329247,0.439999938,6.387021,0.0,133.315536,0.0,-2.85329247,0.439999938,6.387021,0.0,133.315536,0.0,0.0,0.0,0.0,0.0,0.0,0.0,0.0,0,0,0,0,0,0.0,0.0,Tina Aminipour,4890,2026-09-18T13:48:41.459427,,,
DATA,22.655,-2.85329247,0.439999938,6.387021,0.0,133.315536,0.0,-1.68915355,-0.360000074,5.289396,0.0,133.315536,0.0,-2.85329247,0.439999938,6.387021,0.0,133.315536,0.0,-2.85329247,0.439999938,6.387021,0.0,133.315536,0.0,0.0,0.0,0.0,0.0,0.0,0.0,1.0,0,0,0,0,0,0.0,0.0,Tina Aminipour,4890,2026-09-18T13:48:41.499696,,,
EVENT,22.658,,,,,,,,,,,,,,,,,,,,,,,,,,,,,,,,0,0,,,,0.0,0.0,Tina Aminipour,4890,2026-09-18T13:48:41.513944,PANEL_EVENT,PANEL_OPENED_START_QUESTION,Start Question Panel opened.
DATA,22.7,-2.85329247,0.439999938,6.387021,0.0,133.315536,0.0,-1.68915355,-0.360000074,5.289396,0.0,133.315536,0.0,-2.85329247,0.439999938,6.387021,0.0,133.315536,0.0,-2.85329247,0.439999938,6.387021,0.0,133.315536,0.0,0.0,0.0,0.0,0.0,0.0,0.0,0.0,0,0,0,0,0,0.0,0.0,Tina Aminipour,4890,2026-09-18T13:48:41.542075,,,
DATA,22.704,-2.85329247,0.439999938,6.387021,0.0,133.315536,0.0,-1.68915355,-0.360000074,5.289396,0.0,133.315536,0.0,-2.85329247,0.439999938,6.387021,0.0,133.315536,0.0,-2.85329247,0.439999938,6.387021,0.0,133.315536,0.0,0.0,0.0,0.0,0.0,0.0,0.0,0.0,0,0,0,0,0,0.0,0.0,Tina Aminipour,4890,2026-09-18T13:48:41.554163,,,
DATA,22.708,-2.85329247,0.439999938,6.387021,0.0,133.315536,0.0,-1.68915355,-0.360000074,5.289396,0.0,133.315536,0.0,-2.85329247,0.439999938,6.387021,0.0,133.315536,0.0,-2.85329247,0.439999938,6.387021,0.0,133.315536,0.0,0.0,0.0,0.0,0.0,0.0,0.0,0.0,0,0,0,0,0,0.0,0.0,Tina Aminipour,4890,2026-09-18T13:48:41.572780,,,
DATA,22.713,-2.85329247,0.439999938,6.387021,0.0,133.315536,0.0,-1.68915355,-0.360000074,5.289396,0.0,133.315536,0.0,-2.85329247,0.439999938,6.387021,0.0,133.315536,0.0,-2.85329247,0.439999938,6.387021,0.0,133.315536,0.0,0.0,0.0,0.0,0.0,0.0,0.0,0.0,0,0,0,0,0,0.0,0.0,Tina Aminipour,4890,2026-09-18T13:48:41.594491,,,
DATA,22.717,-2.85329247,0.439999938,6.387021,0.0,133.315536,0.0,-1.68915355,-0.360000074,5.289396,0.0,133.315536,0.0,-2.85329247,0.439999938,6.387021,0.0,133.315536,0.0,-2.85329247,0.439999938,6.387021,0.0,133.315536,0.0,0.0,0.0,0.0,0.0,0.0,0.0,0.0,0,0,0,0,0,0.0,0.0,Tina Aminipour,4890,2026-09-18T13:48:41.613776,,,
DATA,22.721,-2.85329247,0.439999938,6.387021,0.0,133.315536,0.0,-1.68915355,-0.360000074,5.289396,0.0,133.315536,0.0,-2.85329247,0.439999938,6.387021,0.0,133.315536,0.0,-2.85329247,0.439999938,6.387021,0.0,133.315536,0.0,0.0,0.0,0.0,0.0,0.0,0.0,0.0,0,0,0,0,0,0.0,0.0,Tina Aminipour,4890,2026-09-18T13:48:41.628844,,,
DATA,22.729,-2.85329247,0.439999938,6.387021,0.0,133.315536,0.0,-1.68915355,-0.360000074,5.289396,0.0,133.315536,0.0,-2.85329247,0.439999938,6.387021,0.0,133.315536,0.0,-2.85329247,0.439999938,6.387021,0.0,133.315536,0.0,0.0,0.0,0.0,0.0,0.0,0.0,0.0,0,0,0,0,0,0.0,0.0,Tina Aminipour,4890,2026-09-18T13:48:41.645021,,,
DATA,22.748,-2.85329247,0.439999938,6.387021,0.0,133.315536,0.0,-1.68915355,-0.360000074,5.289396,0.0,133.315536,0.0,-2.85329247,0.439999938,6.387021,0.0,133.315536,0.0,-2.85329247,0.439999938,6.387021,0.0,133.315536,0.0,0.0,0.0,0.0,0.0,0.0,0.0,0.0,0,0,0,0,0,0.0,0.0,Tina Aminipour,4890,2026-09-18T13:48:41.664038,,,
DATA,22.8,-2.85329247,0.439999938,6.387021,0.0,133.315536,0.0,-1.68915355,-0.360000074,5.289396,0.0,133.315536,0.0,-2.85329247,0.439999938,6.387021,0.0,133.315536,0.0,-2.85329247,0.439999938,6.387021,0.0,133.315536,0.0,0.0,0.0,0.0,0.0,0.0,0.0,1.0,0,0,0,0,0,0.0,0.0,Tina Aminipour,4890,2026-09-18T13:48:41.678113,,,
EVENT,22.801,,,,,,,,,,,,,,,,,,,,,,,,,,,,,,,,0,0,,,,0.0,0.0,Tina Aminipour,4890,2026-09-18T13:48:41.694248,BUTTON_EVENT,START_ROOM_NO,NO button pressed.
EVENT,22.802,,,,,,,,,,,,,,,,,,,,,,,,,,,,,,,,0,0,,,,0.0,0.0,Tina Aminipour,4890,2026-09-18T13:48:41.709599,PANEL_EVENT,PANEL_CLOSED_START_QUESTION,Start Question Panel closed after NO.
DATA,22.848,-2.85329247,0.439999938,6.387021,0.0,133.315536,0.0,-1.68915355,-0.360000074,5.289396,0.0,133.315536,0.0,-2.85329247,0.439999938,6.387021,0.0,133.315536,0.0,-2.85329247,0.439999938,6.387021,0.0,133.315536,0.0,0.0,0.0,0.0,0.0,0.0,0.0,1.0,0,0,0,0,0,0.0,0.0,Tina Aminipour,4890,2026-09-18T13:48:41.726152,,,
DATA,22.901,-2.85329247,0.439999938,6.387021,0.0,133.315536,0.0,-1.68915355,-0.360000074,5.289396,0.0,133.315536,0.0,-2.85329247,0.439999938,6.387021,0.0,133.315536,0.0,-2.85329247,0.439999938,6.387021,0.0,133.315536,0.0,0.0,0.0,0.0,0.0,0.0,0.0,1.0,0,0,0,0,0,0.0,0.0,Tina Aminipour,4890,2026-09-18T13:48:41.742604,,,
DATA,22.949,-2.85329247,0.439999938,6.387021,0.0,133.315536,0.0,-1.68915355,-0.360000074,5.289396,0.0,133.315536,0.0,-2.85329247,0.439999938,6.387021,0.0,133.315536,0.0,-2.85329247,0.439999938,6.387021,0.0,133.315536,0.0,0.0,0.0,0.0,0.0,0.0,0.0,1.0,0,0,0,0,0,0.0,0.0,Tina Aminipour,4890,2026-09-18T13:48:41.760459,,,
DATA,22.999,-2.85329247,0.439999938,6.387021,0.0,133.315536,0.0,-1.68915355,-0.360000074,5.289396,0.0,133.315536,0.0,-2.85329247,0.439999938,6.387021,0.0,133.315536,0.0,-2.85329247,0.439999938,6.387021,0.0,133.315536,0.0,0.0,0.0,0.0,0.0,0.0,0.0,0.0,0,0,0,0,0,0.0,0.0,Tina Aminipour,4890,2026-09-18T13:48:41.796017,,,
DATA,23.051,-2.85329247,0.439999938,6.387021,0.0,133.315536,0.0,-1.68915355,-0.360000074,5.289396,0.0,133.315536,0.0,-2.85329247,0.439999938,6.387021,0.0,133.315536,0.0,-2.85329247,0.439999938,6.387021,0.0,133.315536,0.0,0.0,0.0,0.0,0.0,0.0,0.0,0.0,0,0,0,0,0,0.0,0.0,Tina Aminipour,4890,2026-09-18T13:48:41.848565,,,
DATA,23.098,-2.85329247,0.439999938,6.387021,0.0,133.315536,0.0,-1.68915355,-0.360000074,5.289396,0.0,133.315536,0.0,-2.85329247,0.439999938,6.387021,0.0,133.315536,0.0,-2.85329247,0.439999938,6.387021,0.0,133.315536,0.0,0.0,0.0,0.0,0.0,0.0,0.0,0.0,0,0,0,0,0,0.0,0.0,Tina Aminipour,4890,2026-09-18T13:48:41.895556,,,
DATA,23.152,-2.85329247,0.439999938,6.387021,0.0,133.315536,0.0,-1.68915355,-0.360000074,5.289396,0.0,133.315536,0.0,-2.85329247,0.439999938,6.387021,0.0,133.315536,0.0,-2.85329247,0.439999938,6.387021,0.0,133.315536,0.0,0.0,0.0,0.0,0.0,0.0,0.0,0.0,0,0,0,0,0,0.0,0.0,Tina Aminipour,4890,2026-09-18T13:48:41.947915,,,
DATA,23.199,-2.85329247,0.439999938,6.387021,0.0,133.315536,0.0,-1.68915355,-0.360000074,5.289396,0.0,133.315536,0.0,-2.85329247,0.439999938,6.387021,0.0,133.315536,0.0,-2.85329247,0.439999938,6.387021,0.0,133.315536,0.0,0.0,0.0,0.0,0.0,0.0,0.0,0.0,0,0,0,0,0,0.0,0.0,Tina Aminipour,4890,2026-09-18T13:48:41.995385,,,
DATA,23.249,-2.85329247,0.439999938,6.387021,0.0,133.315536,0.0,-1.68915355,-0.360000074,5.289396,0.0,133.315536,0.0,-2.85329247,0.439999938,6.387021,0.0,133.315536,0.0,-2.85329247,0.439999938,6.387021,0.0,133.315536,0.0,0.0,0.0,0.0,0.0,0.0,0.0,0.0,0,0,0,0,0,0.0,0.0,Tina Aminipour,4890,2026-09-18T13:48:42.046103,,,
EVENT,23.268,,,,,,,,,,,,,,,,,,,,,,,,,,,,,,,,0,0,,,,0.0,0.0,Tina Aminipour,4890,2026-09-18T13:48:42.061622,PANEL_EVENT,PANEL_OPENED_START_QUESTION,Start Question Panel opened.
DATA,23.301,-2.85329247,0.439999938,6.387021,0.0,133.315536,0.0,-1.68915355,-0.360000074,5.289396,0.0,133.315536,0.0,-2.85329247,0.439999938,6.387021,0.0,133.315536,0.0,-2.85329247,0.439999938,6.387021,0.0,133.315536,0.0,0.0,0.0,0.0,0.0,0.0,0.0,1.0,0,0,0,0,0,0.0,0.0,Tina Aminipour,4890,2026-09-18T13:48:42.098169,,,
DATA,23.351,-2.85329247,0.439999938,6.387021,0.0,133.315536,0.0,-1.68915355,-0.360000074,5.289396,0.0,133.315536,0.0,-2.85329247,0.439999938,6.387021,0.0,133.315536,0.0,-2.85329247,0.439999938,6.387021,0.0,133.315536,0.0,0.0,0.0,0.0,0.0,0.0,0.0,1.0,0,0,0,0,0,0.0,0.0,Tina Aminipour,4890,2026-09-18T13:48:42.147850,,,
DATA,23.398,-2.85329247,0.439999938,6.387021,0.0,133.315536,0.0,-1.68915355,-0.360000074,5.289396,0.0,133.315536,0.0,-2.85329247,0.439999938,6.387021,0.0,133.315536,0.0,-2.85329247,0.439999938,6.387021,0.0,133.315536,0.0,0.0,0.0,0.0,0.0,0.0,0.0,1.0,0,0,0,0,0,0.0,0.0,Tina Aminipour,4890,2026-09-18T13:48:42.194484,,,
DATA,23.448,-2.85329247,0.439999938,6.387021,0.0,133.315536,0.0,-1.68915355,-0.360000074,5.289396,0.0,133.315536,0.0,-2.85329247,0.439999938,6.387021,0.0,133.315536,0.0,-2.85329247,0.439999938,6.387021,0.0,133.315536,0.0,0.0,0.0,0.0,0.0,0.0,0.0,0.0,0,0,0,0,0,0.0,0.0,Tina Aminipour,4890,2026-09-18T13:48:42.244955,,,
DATA,23.5,-2.85329247,0.439999938,6.387021,0.0,133.315536,0.0,-1.68915355,-0.360000074,5.289396,0.0,133.315536,0.0,-2.85329247,0.439999938,6.387021,0.0,133.315536,0.0,-2.85329247,0.439999938,6.387021,0.0,133.315536,0.0,0.0,0.0,0.0,0.0,0.0,0.0,0.0,0,0,0,0,0,0.0,0.0,Tina Aminipour,4890,2026-09-18T13:48:42.296592,,,
DATA,23.549,-2.85329247,0.439999938,6.387021,0.0,133.315536,0.0,-1.68915355,-0.360000074,5.289396,0.0,133.315536,0.0,-2.85329247,0.439999938,6.387021,0.0,133.315536,0.0,-2.85329247,0.439999938,6.387021,0.0,133.315536,0.0,0.0,0.0,0.0,0.0,0.0,0.0,0.0,0,0,0,0,0,0.0,0.0,Tina Aminipour,4890,2026-09-18T13:48:42.345297,,,
DATA,23.601,-2.843971,0.439999938,6.396908,0.0,133.315536,0.0,-1.68915355,-0.360000074,5.289396,0.0,133.315536,0.0,-2.843971,0.439999938,6.396908,0.0,133.315536,0.0,-2.843971,0.439999938,6.396908,0.0,133.315536,0.0,0.0,0.0,0.0,0.0,-1.0,0.0,0.0,0,0,0,0,0,0.0,0.0,Tina Aminipour,4890,2026-09-18T13:48:42.397053,,,
DATA,23.648,-2.84335375,0.439999938,6.397562,0.0,133.315536,0.0,-1.68915355,-0.360000074,5.289396,0.0,133.315536,0.0,-2.84335375,0.439999938,6.397562,0.0,133.315536,0.0,-2.84335375,0.439999938,6.397562,0.0,133.315536,0.0,0.0,0.0,0.0,0.0,-1.0,0.0,0.0,0,0,0,0,0,0.0,0.0,Tina Aminipour,4890,2026-09-18T13:48:42.445127,,,
DATA,23.7,-2.8447845,0.439999938,6.39604473,0.0,133.315536,0.0,-1.68915355,-0.360000074,5.289396,0.0,133.315536,0.0,-2.8447845,0.439999938,6.39604473,0.0,133.315536,0.0,-2.8447845,0.439999938,6.39604473,0.0,133.315536,0.0,0.0,0.0,0.0,0.0,-1.0,0.0,0.0,0,0,0,0,0,0.0,0.0,Tina Aminipour,4890,2026-09-18T13:48:42.496117,,,
DATA,23.753,-2.85329247,0.439999938,6.387021,0.0,133.315536,0.0,-1.68915355,-0.360000074,5.289396,0.0,133.315536,0.0,-2.85329247,0.439999938,6.387021,0.0,133.315536,0.0,-2.85329247,0.439999938,6.387021,0.0,133.315536,0.0,0.0,0.0,0.0,0.0,0.0,0.0,0.0,0,0,0,0,0,0.0,0.0,Tina Aminipour,4890,2026-09-18T13:48:42.549223,,,
DATA,23.8,-2.85329247,0.439999938,6.387021,0.0,133.315536,0.0,-1.68915355,-0.360000074,5.289396,0.0,133.315536,0.0,-2.85329247,0.439999938,6.387021,0.0,133.315536,0.0,-2.85329247,0.439999938,6.387021,0.0,133.315536,0.0,0.0,0.0,0.0,0.0,0.0,0.0,0.0,0,0,0,0,0,0.0,0.0,Tina Aminipour,4890,2026-09-18T13:48:42.597006,,,
EVENT,23.839,,,,,,,,,,,,,,,,,,,,,,,,,,,,,,,,0,0,,,,0.0,0.0,Tina Aminipour,4890,2026-09-18T13:48:42.634046,BUTTON_PRESSED,START_ROOM_YES,StartRoomDuration=21.190
EVENT,23.84,,,,,,,,,,,,,,,,,,,,,,,,,,,,,,,,0,0,,,,0.0,0.0,Tina Aminipour,4890,2026-09-18T13:48:42.649331,PANEL_EVENT,PANEL_CLOSED_START_QUESTION,Start Question Panel closed after YES.
EVENT,23.841,,,,,,,,,,,,,,,,,,,,,,,,,,,,,,,,0,0,,,,0.0,0.0,Tina Aminipour,4890,2026-09-18T13:48:42.666222,PANEL_EVENT,PANEL_OPENED_TRANSFER,Transfer Panel opened.
DATA,23.848,-2.85329247,0.439999938,6.387021,0.0,133.315536,0.0,-1.68915355,-0.360000074,5.289396,0.0,133.315536,0.0,-2.85329247,0.439999938,6.387021,0.0,133.315536,0.0,-2.85329247,0.439999938,6.387021,0.0,133.315536,0.0,0.0,0.0,0.0,0.0,0.0,0.0,1.0,0,0,0,0,0,0.0,0.0,Tina Aminipour,4890,2026-09-18T13:48:42.684466,,,
DATA,23.898,-2.85329247,0.439999938,6.387021,0.0,133.315536,0.0,-1.68915355,-0.360000074,5.289396,0.0,133.315536,0.0,-2.85329247,0.439999938,6.387021,0.0,133.315536,0.0,-2.85329247,0.439999938,6.387021,0.0,133.315536,0.0,0.0,0.0,0.0,0.0,0.0,0.0,1.0,0,0,0,0,0,0.0,0.0,Tina Aminipour,4890,2026-09-18T13:48:42.700295,,,
DATA,23.951,-2.85329247,0.439999938,6.387021,0.0,133.315536,0.0,-1.68915355,-0.360000074,5.289396,0.0,133.315536,0.0,-2.85329247,0.439999938,6.387021,0.0,133.315536,0.0,-2.85329247,0.439999938,6.387021,0.0,133.315536,0.0,0.0,0.0,0.0,0.0,0.0,0.0,1.0,0,0,0,0,0,0.0,0.0,Tina Aminipour,4890,2026-09-18T13:48:42.748127,,,
DATA,23.999,-2.85329247,0.439999938,6.387021,0.0,133.315536,0.0,-1.68915355,-0.360000074,5.289396,0.0,133.315536,0.0,-2.85329247,0.439999938,6.387021,0.0,133.315536,0.0,-2.85329247,0.439999938,6.387021,0.0,133.315536,0.0,0.0,0.0,0.0,0.0,0.0,0.0,1.0,0,0,0,0,0,0.0,0.0,Tina Aminipour,4890,2026-09-18T13:48:42.794720,,,
DATA,24.05,-2.85329247,0.439999938,6.387021,0.0,133.315536,0.0,-1.68915355,-0.360000074,5.289396,0.0,133.315536,0.0,-2.85329247,0.439999938,6.387021,0.0,133.315536,0.0,-2.85329247,0.439999938,6.387021,0.0,133.315536,0.0,0.0,0.0,0.0,0.0,0.0,0.0,0.0,0,0,0,0,0,0.0,0.0,Tina Aminipour,4890,2026-09-18T13:48:42.846257,,,
DATA,24.101,-2.85329247,0.439999938,6.387021,0.0,133.315536,0.0,-1.68915355,-0.360000074,5.289396,0.0,133.315536,0.0,-2.85329247,0.439999938,6.387021,0.0,133.315536,0.0,-2.85329247,0.439999938,6.387021,0.0,133.315536,0.0,0.0,0.0,0.0,0.0,0.0,0.0,0.0,0,0,0,0,0,0.0,0.0,Tina Aminipour,4890,2026-09-18T13:48:42.898026,,,
DATA,24.149,-2.85329247,0.439999938,6.387021,0.0,133.315536,0.0,-1.68915355,-0.360000074,5.289396,0.0,133.315536,0.0,-2.85329247,0.439999938,6.387021,0.0,133.315536,0.0,-2.85329247,0.439999938,6.387021,0.0,133.315536,0.0,0.0,0.0,0.0,0.0,0.0,0.0,0.0,0,0,0,0,0,0.0,0.0,Tina Aminipour,4890,2026-09-18T13:48:42.946337,,,
DATA,24.202,-2.85329247,0.439999938,6.387021,0.0,133.315536,0.0,-1.68915355,-0.360000074,5.289396,0.0,133.315536,0.0,-2.85329247,0.439999938,6.387021,0.0,133.315536,0.0,-2.85329247,0.439999938,6.387021,0.0,133.315536,0.0,0.0,0.0,0.0,0.0,0.0,0.0,0.0,0,0,0,0,0,0.0,0.0,Tina Aminipour,4890,2026-09-18T13:48:42.998339,,,
DATA,24.252,-2.85329247,0.439999938,6.387021,0.0,133.315536,0.0,-1.68915355,-0.360000074,5.289396,0.0,133.315536,0.0,-2.85329247,0.439999938,6.387021,0.0,133.315536,0.0,-2.85329247,0.439999938,6.387021,0.0,133.315536,0.0,0.0,0.0,0.0,0.0,0.0,0.0,0.0,0,0,0,0,0,0.0,0.0,Tina Aminipour,4890,2026-09-18T13:48:43.048205,,,
DATA,24.299,-2.85329247,0.439999938,6.387021,0.0,133.315536,0.0,-1.68915355,-0.360000074,5.289396,0.0,133.315536,0.0,-2.85329247,0.439999938,6.387021,0.0,133.315536,0.0,-2.85329247,0.439999938,6.387021,0.0,133.315536,0.0,0.0,0.0,0.0,0.0,0.0,0.0,0.0,0,0,0,0,0,0.0,0.0,Tina Aminipour,4890,2026-09-18T13:48:43.093968,,,
DATA,24.349,-2.85329247,0.439999938,6.387021,0.0,133.315536,0.0,-1.68915355,-0.360000074,5.289396,0.0,133.315536,0.0,-2.85329247,0.439999938,6.387021,0.0,133.315536,0.0,-2.85329247,0.439999938,6.387021,0.0,133.315536,0.0,0.0,0.0,0.0,0.0,0.0,0.0,0.0,0,0,0,0,0,0.0,0.0,Tina Aminipour,4890,2026-09-18T13:48:43.145240,,,
DATA,24.4,-2.85329247,0.439999938,6.387021,0.0,133.315536,0.0,-1.68915355,-0.360000074,5.289396,0.0,133.315536,0.0,-2.85329247,0.439999938,6.387021,0.0,133.315536,0.0,-2.85329247,0.439999938,6.387021,0.0,133.315536,0.0,0.0,0.0,0.0,0.0,0.0,0.0,0.0,0,0,0,0,0,0.0,0.0,Tina Aminipour,4890,2026-09-18T13:48:43.196072,,,
DATA,24.449,-2.85329247,0.439999938,6.387021,0.0,133.315536,0.0,-1.68915355,-0.360000074,5.289396,0.0,133.315536,0.0,-2.85329247,0.439999938,6.387021,0.0,133.315536,0.0,-2.85329247,0.439999938,6.387021,0.0,133.315536,0.0,0.0,0.0,0.0,0.0,0.0,0.0,0.0,0,0,0,0,0,0.0,0.0,Tina Aminipour,4890,2026-09-18T13:48:43.245803,,,
DATA,24.499,-2.85329247,0.439999938,6.387021,0.0,133.315536,0.0,-1.68915355,-0.360000074,5.289396,0.0,133.315536,0.0,-2.85329247,0.439999938,6.387021,0.0,133.315536,0.0,-2.85329247,0.439999938,6.387021,0.0,133.315536,0.0,0.0,0.0,0.0,0.0,0.0,0.0,0.0,0,0,0,0,0,0.0,0.0,Tina Aminipour,4890,2026-09-18T13:48:43.295672,,,
DATA,24.551,-2.85329247,0.439999938,6.387021,0.0,133.315536,0.0,-1.68915355,-0.360000074,5.289396,0.0,133.315536,0.0,-2.85329247,0.439999938,6.387021,0.0,133.315536,0.0,-2.85329247,0.439999938,6.387021,0.0,133.315536,0.0,0.0,0.0,0.0,0.0,0.0,0.0,0.0,0,0,0,0,0,0.0,0.0,Tina Aminipour,4890,2026-09-18T13:48:43.348480,,,
DATA,24.599,-2.85329247,0.439999938,6.387021,0.0,133.315536,0.0,-1.68915355,-0.360000074,5.289396,0.0,133.315536,0.0,-2.85329247,0.439999938,6.387021,0.0,133.315536,0.0,-2.85329247,0.439999938,6.387021,0.0,133.315536,0.0,0.0,0.0,0.0,0.0,0.0,0.0,0.0,0,0,0,0,0,0.0,0.0,Tina Aminipour,4890,2026-09-18T13:48:43.394923,,,
DATA,24.649,-2.85329247,0.439999938,6.387021,0.0,133.315536,0.0,-1.68915355,-0.360000074,5.289396,0.0,133.315536,0.0,-2.85329247,0.439999938,6.387021,0.0,133.315536,0.0,-2.85329247,0.439999938,6.387021,0.0,133.315536,0.0,0.0,0.0,0.0,0.0,0.0,0.0,0.0,0,0,0,0,0,0.0,0.0,Tina Aminipour,4890,2026-09-18T13:48:43.445219,,,
DATA,24.7,-2.85329247,0.439999938,6.387021,0.0,133.315536,0.0,-1.68915355,-0.360000074,5.289396,0.0,133.315536,0.0,-2.85329247,0.439999938,6.387021,0.0,133.315536,0.0,-2.85329247,0.439999938,6.387021,0.0,133.315536,0.0,0.0,0.0,0.0,0.0,0.0,0.0,0.0,0,0,0,0,0,0.0,0.0,Tina Aminipour,4890,2026-09-18T13:48:43.498140,,,
DATA,24.748,-2.85329247,0.439999938,6.387021,0.0,133.315536,0.0,-1.68915355,-0.360000074,5.289396,0.0,133.315536,0.0,-2.85329247,0.439999938,6.387021,0.0,133.315536,0.0,-2.85329247,0.439999938,6.387021,0.0,133.315536,0.0,0.0,0.0,0.0,0.0,0.0,0.0,0.0,0,0,0,0,0,0.0,0.0,Tina Aminipour,4890,2026-09-18T13:48:43.544303,,,
DATA,24.802,-2.85329247,0.439999938,6.387021,0.0,133.315536,0.0,-1.68915355,-0.360000074,5.289396,0.0,133.315536,0.0,-2.85329247,0.439999938,6.387021,0.0,133.315536,0.0,-2.85329247,0.439999938,6.387021,0.0,133.315536,0.0,0.0,0.0,0.0,0.0,0.0,0.0,0.0,0,0,0,0,0,0.0,0.0,Tina Aminipour,4890,2026-09-18T13:48:43.598846,,,
DATA,24.85,-2.85329247,0.439999938,6.387021,0.0,133.315536,0.0,-1.68915355,-0.360000074,5.289396,0.0,133.315536,0.0,-2.85329247,0.439999938,6.387021,0.0,133.315536,0.0,-2.85329247,0.439999938,6.387021,0.0,133.315536,0.0,0.0,0.0,0.0,0.0,0.0,0.0,0.0,0,0,0,0,0,0.0,0.0,Tina Aminipour,4890,2026-09-18T13:48:43.647085,,,
DATA,24.899,-2.85329247,0.439999938,6.387021,0.0,133.315536,0.0,-1.68915355,-0.360000074,5.289396,0.0,133.315536,0.0,-2.85329247,0.439999938,6.387021,0.0,133.315536,0.0,-2.85329247,0.439999938,6.387021,0.0,133.315536,0.0,0.0,0.0,0.0,0.0,0.0,0.0,0.0,0,0,0,0,0,0.0,0.0,Tina Aminipour,4890,2026-09-18T13:48:43.695102,,,
DATA,24.948,-2.85329247,0.439999938,6.387021,0.0,133.315536,0.0,-1.68915355,-0.360000074,5.289396,0.0,133.315536,0.0,-2.85329247,0.439999938,6.387021,0.0,133.315536,0.0,-2.85329247,0.439999938,6.387021,0.0,133.315536,0.0,0.0,0.0,0.0,0.0,0.0,0.0,0.0,0,0,0,0,0,0.0,0.0,Tina Aminipour,4890,2026-09-18T13:48:43.745865,,,
DATA,25.001,-2.85329247,0.439999938,6.387021,0.0,133.315536,0.0,-1.68915355,-0.360000074,5.289396,0.0,133.315536,0.0,-2.85329247,0.439999938,6.387021,0.0,133.315536,0.0,-2.85329247,0.439999938,6.387021,0.0,133.315536,0.0,0.0,0.0,0.0,0.0,0.0,0.0,0.0,0,0,0,0,0,0.0,0.0,Tina Aminipour,4890,2026-09-18T13:48:43.797415,,,
DATA,25.051,-2.85329247,0.439999938,6.387021,0.0,133.315536,0.0,-1.68915355,-0.360000074,5.289396,0.0,133.315536,0.0,-2.85329247,0.439999938,6.387021,0.0,133.315536,0.0,-2.85329247,0.439999938,6.387021,0.0,133.315536,0.0,0.0,0.0,0.0,0.0,0.0,0.0,0.0,0,0,0,0,0,0.0,0.0,Tina Aminipour,4890,2026-09-18T13:48:43.847717,,,
DATA,25.101,-2.85329247,0.439999938,6.387021,0.0,133.315536,0.0,-1.68915355,-0.360000074,5.289396,0.0,133.315536,0.0,-2.85329247,0.439999938,6.387021,0.0,133.315536,0.0,-2.85329247,0.439999938,6.387021,0.0,133.315536,0.0,0.0,0.0,0.0,0.0,0.0,0.0,0.0,0,0,0,0,0,0.0,0.0,Tina Aminipour,4890,2026-09-18T13:48:43.897197,,,
DATA,25.153,-2.85329247,0.439999938,6.387021,0.0,133.315536,0.0,-1.68915355,-0.360000074,5.289396,0.0,133.315536,0.0,-2.85329247,0.439999938,6.387021,0.0,133.315536,0.0,-2.85329247,0.439999938,6.387021,0.0,133.315536,0.0,0.0,0.0,0.0,0.0,0.0,0.0,0.0,0,0,0,0,0,0.0,0.0,Tina Aminipour,4890,2026-09-18T13:48:43.949244,,,
DATA,25.198,-2.85329247,0.439999938,6.387021,0.0,133.315536,0.0,-1.68915355,-0.360000074,5.289396,0.0,133.315536,0.0,-2.85329247,0.439999938,6.387021,0.0,133.315536,0.0,-2.85329247,0.439999938,6.387021,0.0,133.315536,0.0,0.0,0.0,0.0,0.0,0.0,0.0,0.0,0,0,0,0,0,0.0,0.0,Tina Aminipour,4890,2026-09-18T13:48:43.994387,,,
DATA,25.25,-2.85329247,0.439999938,6.387021,0.0,133.315536,0.0,-1.68915355,-0.360000074,5.289396,0.0,133.315536,0.0,-2.85329247,0.439999938,6.387021,0.0,133.315536,0.0,-2.85329247,0.439999938,6.387021,0.0,133.315536,0.0,0.0,0.0,0.0,0.0,0.0,0.0,0.0,0,0,0,0,0,0.0,0.0,Tina Aminipour,4890,2026-09-18T13:48:44.047080,,,
DATA,25.302,-2.85329247,0.439999938,6.387021,0.0,133.315536,0.0,-1.68915355,-0.360000074,5.289396,0.0,133.315536,0.0,-2.85329247,0.439999938,6.387021,0.0,133.315536,0.0,-2.85329247,0.439999938,6.387021,0.0,133.315536,0.0,0.0,0.0,0.0,0.0,0.0,0.0,0.0,0,0,0,0,0,0.0,0.0,Tina Aminipour,4890,2026-09-18T13:48:44.098258,,,
DATA,25.351,-2.85329247,0.439999938,6.387021,0.0,133.315536,0.0,-1.68915355,-0.360000074,5.289396,0.0,133.315536,0.0,-2.85329247,0.439999938,6.387021,0.0,133.315536,0.0,-2.85329247,0.439999938,6.387021,0.0,133.315536,0.0,0.0,0.0,0.0,0.0,0.0,0.0,0.0,0,0,0,0,0,0.0,0.0,Tina Aminipour,4890,2026-09-18T13:48:44.147083,,,
DATA,25.398,-2.85329247,0.439999938,6.387021,0.0,133.315536,0.0,-1.68915355,-0.360000074,5.289396,0.0,133.315536,0.0,-2.85329247,0.439999938,6.387021,0.0,133.315536,0.0,-2.85329247,0.439999938,6.387021,0.0,133.315536,0.0,0.0,0.0,0.0,0.0,0.0,0.0,0.0,0,0,0,0,0,0.0,0.0,Tina Aminipour,4890,2026-09-18T13:48:44.194987,,,
DATA,25.449,-2.85329247,0.439999938,6.387021,0.0,133.315536,0.0,-1.68915355,-0.360000074,5.289396,0.0,133.315536,0.0,-2.85329247,0.439999938,6.387021,0.0,133.315536,0.0,-2.85329247,0.439999938,6.387021,0.0,133.315536,0.0,0.0,0.0,0.0,0.0,0.0,0.0,0.0,0,0,0,0,0,0.0,0.0,Tina Aminipour,4890,2026-09-18T13:48:44.244251,,,
DATA,25.502,-2.85329247,0.439999938,6.387021,0.0,133.315536,0.0,-1.68915355,-0.360000074,5.289396,0.0,133.315536,0.0,-2.85329247,0.439999938,6.387021,0.0,133.315536,0.0,-2.85329247,0.439999938,6.387021,0.0,133.315536,0.0,0.0,0.0,0.0,0.0,0.0,0.0,0.0,0,0,0,0,0,0.0,0.0,Tina Aminipour,4890,2026-09-18T13:48:44.298158,,,
DATA,25.548,-2.85329247,0.439999938,6.387021,0.0,133.315536,0.0,-1.68915355,-0.360000074,5.289396,0.0,133.315536,0.0,-2.85329247,0.439999938,6.387021,0.0,133.315536,0.0,-2.85329247,0.439999938,6.387021,0.0,133.315536,0.0,0.0,0.0,0.0,0.0,0.0,0.0,0.0,0,0,0,0,0,0.0,0.0,Tina Aminipour,4890,2026-09-18T13:48:44.344262,,,
DATA,25.598,-2.85329247,0.439999938,6.387021,0.0,133.315536,0.0,-1.68915355,-0.360000074,5.289396,0.0,133.315536,0.0,-2.85329247,0.439999938,6.387021,0.0,133.315536,0.0,-2.85329247,0.439999938,6.387021,0.0,133.315536,0.0,0.0,0.0,0.0,0.0,0.0,0.0,0.0,0,0,0,0,0,0.0,0.0,Tina Aminipour,4890,2026-09-18T13:48:44.394096,,,
DATA,25.651,-2.85329247,0.439999938,6.387021,0.0,133.315536,0.0,-1.68915355,-0.360000074,5.289396,0.0,133.315536,0.0,-2.85329247,0.439999938,6.387021,0.0,133.315536,0.0,-2.85329247,0.439999938,6.387021,0.0,133.315536,0.0,0.0,0.0,0.0,0.0,0.0,0.0,0.0,0,0,0,0,0,0.0,0.0,Tina Aminipour,4890,2026-09-18T13:48:44.447568,,,
DATA,25.698,-2.85329247,0.439999938,6.387021,0.0,133.315536,0.0,-1.68915355,-0.360000074,5.289396,0.0,133.315536,0.0,-2.85329247,0.439999938,6.387021,0.0,133.315536,0.0,-2.85329247,0.439999938,6.387021,0.0,133.315536,0.0,0.0,0.0,0.0,0.0,0.0,0.0,0.0,0,0,0,0,0,0.0,0.0,Tina Aminipour,4890,2026-09-18T13:48:44.494476,,,
DATA,25.75,-2.85329247,0.439999938,6.387021,0.0,133.315536,0.0,-1.68915355,-0.360000074,5.289396,0.0,133.315536,0.0,-2.85329247,0.439999938,6.387021,0.0,133.315536,0.0,-2.85329247,0.439999938,6.387021,0.0,133.315536,0.0,0.0,0.0,0.0,0.0,0.0,0.0,0.0,0,0,0,0,0,0.0,0.0,Tina Aminipour,4890,2026-09-18T13:48:44.546361,,,
DATA,25.799,-2.85329247,0.439999938,6.387021,0.0,133.315536,0.0,-1.68915355,-0.360000074,5.289396,0.0,133.315536,0.0,-2.85329247,0.439999938,6.387021,0.0,133.315536,0.0,-2.85329247,0.439999938,6.387021,0.0,133.315536,0.0,0.0,0.0,0.0,0.0,0.0,0.0,0.0,0,0,0,0,0,0.0,0.0,Tina Aminipour,4890,2026-09-18T13:48:44.595239,,,
DATA,25.851,-2.85329247,0.439999938,6.387021,0.0,133.315536,0.0,-1.68915355,-0.360000074,5.289396,0.0,133.315536,0.0,-2.85329247,0.439999938,6.387021,0.0,133.315536,0.0,-2.85329247,0.439999938,6.387021,0.0,133.315536,0.0,0.0,0.0,0.0,0.0,0.0,0.0,0.0,0,0,0,0,0,0.0,0.0,Tina Aminipour,4890,2026-09-18T13:48:44.647933,,,
DATA,25.898,-2.85329247,0.439999938,6.387021,0.0,133.315536,0.0,-1.68915355,-0.360000074,5.289396,0.0,133.315536,0.0,-2.85329247,0.439999938,6.387021,0.0,133.315536,0.0,-2.85329247,0.439999938,6.387021,0.0,133.315536,0.0,0.0,0.0,0.0,0.0,0.0,0.0,0.0,0,0,0,0,0,0.0,0.0,Tina Aminipour,4890,2026-09-18T13:48:44.694977,,,
DATA,25.95,-2.85329247,0.439999938,6.387021,0.0,133.315536,0.0,-1.68915355,-0.360000074,5.289396,0.0,133.315536,0.0,-2.85329247,0.439999938,6.387021,0.0,133.315536,0.0,-2.85329247,0.439999938,6.387021,0.0,133.315536,0.0,0.0,0.0,0.0,0.0,0.0,0.0,0.0,0,0,0,0,0,0.0,0.0,Tina Aminipour,4890,2026-09-18T13:48:44.746128,,,
DATA,26.0,-2.85329247,0.439999938,6.387021,0.0,133.315536,0.0,-1.68915355,-0.360000074,5.289396,0.0,133.315536,0.0,-2.85329247,0.439999938,6.387021,0.0,133.315536,0.0,-2.85329247,0.439999938,6.387021,0.0,133.315536,0.0,0.0,0.0,0.0,0.0,0.0,0.0,0.0,0,0,0,0,0,0.0,0.0,Tina Aminipour,4890,2026-09-18T13:48:44.796576,,,
DATA,26.05,-2.85329247,0.439999938,6.387021,0.0,133.315536,0.0,-1.68915355,-0.360000074,5.289396,0.0,133.315536,0.0,-2.85329247,0.439999938,6.387021,0.0,133.315536,0.0,-2.85329247,0.439999938,6.387021,0.0,133.315536,0.0,0.0,0.0,0.0,0.0,0.0,0.0,0.0,0,0,0,0,0,0.0,0.0,Tina Aminipour,4890,2026-09-18T13:48:44.846269,,,
DATA,26.102,-2.85329247,0.439999938,6.387021,0.0,133.315536,0.0,-1.68915355,-0.360000074,5.289396,0.0,133.315536,0.0,-2.85329247,0.439999938,6.387021,0.0,133.315536,0.0,-2.85329247,0.439999938,6.387021,0.0,133.315536,0.0,0.0,0.0,0.0,0.0,0.0,0.0,0.0,0,0,0,0,0,0.0,0.0,Tina Aminipour,4890,2026-09-18T13:48:44.898310,,,
DATA,26.151,-2.85329247,0.439999938,6.387021,0.0,133.315536,0.0,-1.68915355,-0.360000074,5.289396,0.0,133.315536,0.0,-2.85329247,0.439999938,6.387021,0.0,133.315536,0.0,-2.85329247,0.439999938,6.387021,0.0,133.315536,0.0,0.0,0.0,0.0,0.0,0.0,0.0,0.0,0,0,0,0,0,0.0,0.0,Tina Aminipour,4890,2026-09-18T13:48:44.948435,,,
DATA,26.198,-2.85329247,0.439999938,6.387021,0.0,133.315536,0.0,-1.68915355,-0.360000074,5.289396,0.0,133.315536,0.0,-2.85329247,0.439999938,6.387021,0.0,133.315536,0.0,-2.85329247,0.439999938,6.387021,0.0,133.315536,0.0,0.0,0.0,0.0,0.0,0.0,0.0,0.0,0,0,0,0,0,0.0,0.0,Tina Aminipour,4890,2026-09-18T13:48:44.994313,,,
DATA,26.25,-2.85329247,0.439999938,6.387021,0.0,133.315536,0.0,-1.68915355,-0.360000074,5.289396,0.0,133.315536,0.0,-2.85329247,0.439999938,6.387021,0.0,133.315536,0.0,-2.85329247,0.439999938,6.387021,0.0,133.315536,0.0,0.0,0.0,0.0,0.0,0.0,0.0,0.0,0,0,0,0,0,0.0,0.0,Tina Aminipour,4890,2026-09-18T13:48:45.046713,,,
DATA,26.3,-2.85329247,0.439999938,6.387021,0.0,133.315536,0.0,-1.68915355,-0.360000074,5.289396,0.0,133.315536,0.0,-2.85329247,0.439999938,6.387021,0.0,133.315536,0.0,-2.85329247,0.439999938,6.387021,0.0,133.315536,0.0,0.0,0.0,0.0,0.0,0.0,0.0,0.0,0,0,0,0,0,0.0,0.0,Tina Aminipour,4890,2026-09-18T13:48:45.095928,,,
DATA,26.349,-2.85329247,0.439999938,6.387021,0.0,133.315536,0.0,-1.68915355,-0.360000074,5.289396,0.0,133.315536,0.0,-2.85329247,0.439999938,6.387021,0.0,133.315536,0.0,-2.85329247,0.439999938,6.387021,0.0,133.315536,0.0,0.0,0.0,0.0,0.0,0.0,0.0,0.0,0,0,0,0,0,0.0,0.0,Tina Aminipour,4890,2026-09-18T13:48:45.146538,,,
DATA,26.4,-2.85329247,0.439999938,6.387021,0.0,133.315536,0.0,-1.68915355,-0.360000074,5.289396,0.0,133.315536,0.0,-2.85329247,0.439999938,6.387021,0.0,133.315536,0.0,-2.85329247,0.439999938,6.387021,0.0,133.315536,0.0,0.0,0.0,0.0,0.0,0.0,0.0,0.0,0,0,0,0,0,0.0,0.0,Tina Aminipour,4890,2026-09-18T13:48:45.195912,,,
DATA,26.45,-2.85329247,0.439999938,6.387021,0.0,133.315536,0.0,-1.68915355,-0.360000074,5.289396,0.0,133.315536,0.0,-2.85329247,0.439999938,6.387021,0.0,133.315536,0.0,-2.85329247,0.439999938,6.387021,0.0,133.315536,0.0,0.0,0.0,0.0,0.0,0.0,0.0,0.0,0,0,0,0,0,0.0,0.0,Tina Aminipour,4890,2026-09-18T13:48:45.246197,,,
DATA,26.5,-2.85329247,0.439999938,6.387021,0.0,133.315536,0.0,-1.68915355,-0.360000074,5.289396,0.0,133.315536,0.0,-2.85329247,0.439999938,6.387021,0.0,133.315536,0.0,-2.85329247,0.439999938,6.387021,0.0,133.315536,0.0,0.0,0.0,0.0,0.0,0.0,0.0,0.0,0,0,0,0,0,0.0,0.0,Tina Aminipour,4890,2026-09-18T13:48:45.295720,,,
DATA,26.548,-2.85329247,0.439999938,6.387021,0.0,133.315536,0.0,-1.68915355,-0.360000074,5.289396,0.0,133.315536,0.0,-2.85329247,0.439999938,6.387021,0.0,133.315536,0.0,-2.85329247,0.439999938,6.387021,0.0,133.315536,0.0,0.0,0.0,0.0,0.0,0.0,0.0,0.0,0,0,0,0,0,0.0,0.0,Tina Aminipour,4890,2026-09-18T13:48:45.343860,,,
DATA,26.598,-2.85329247,0.439999938,6.387021,0.0,133.315536,0.0,-1.68915355,-0.360000074,5.289396,0.0,133.315536,0.0,-2.85329247,0.439999938,6.387021,0.0,133.315536,0.0,-2.85329247,0.439999938,6.387021,0.0,133.315536,0.0,0.0,0.0,0.0,0.0,0.0,0.0,0.0,0,0,0,0,0,0.0,0.0,Tina Aminipour,4890,2026-09-18T13:48:45.394355,,,
DATA,26.652,-2.85329247,0.439999938,6.387021,0.0,133.315536,0.0,-1.68915355,-0.360000074,5.289396,0.0,133.315536,0.0,-2.85329247,0.439999938,6.387021,0.0,133.315536,0.0,-2.85329247,0.439999938,6.387021,0.0,133.315536,0.0,0.0,0.0,0.0,0.0,0.0,0.0,0.0,0,0,0,0,0,0.0,0.0,Tina Aminipour,4890,2026-09-18T13:48:45.448345,,,
DATA,26.7,-2.85329247,0.439999938,6.387021,0.0,133.315536,0.0,-1.68915355,-0.360000074,5.289396,0.0,133.315536,0.0,-2.85329247,0.439999938,6.387021,0.0,133.315536,0.0,-2.85329247,0.439999938,6.387021,0.0,133.315536,0.0,0.0,0.0,0.0,0.0,0.0,0.0,0.0,0,0,0,0,0,0.0,0.0,Tina Aminipour,4890,2026-09-18T13:48:45.496493,,,
DATA,26.748,-2.85329247,0.439999938,6.387021,0.0,133.315536,0.0,-1.68915355,-0.360000074,5.289396,0.0,133.315536,0.0,-2.85329247,0.439999938,6.387021,0.0,133.315536,0.0,-2.85329247,0.439999938,6.387021,0.0,133.315536,0.0,0.0,0.0,0.0,0.0,0.0,0.0,0.0,0,0,0,0,0,0.0,0.0,Tina Aminipour,4890,2026-09-18T13:48:45.544008,,,
DATA,26.798,-2.85329247,0.439999938,6.387021,0.0,133.315536,0.0,-1.68915355,-0.360000074,5.289396,0.0,133.315536,0.0,-2.85329247,0.439999938,6.387021,0.0,133.315536,0.0,-2.85329247,0.439999938,6.387021,0.0,133.315536,0.0,0.0,0.0,0.0,0.0,0.0,0.0,0.0,0,0,0,0,0,0.0,0.0,Tina Aminipour,4890,2026-09-18T13:48:45.593992,,,
DATA,26.848,-2.85329247,0.439999938,6.387021,0.0,133.315536,0.0,-1.68915355,-0.360000074,5.289396,0.0,133.315536,0.0,-2.85329247,0.439999938,6.387021,0.0,133.315536,0.0,-2.85329247,0.439999938,6.387021,0.0,133.315536,0.0,0.0,0.0,0.0,0.0,0.0,0.0,0.0,0,0,0,0,0,0.0,0.0,Tina Aminipour,4890,2026-09-18T13:48:45.645328,,,
DATA,26.9,-2.85329247,0.439999938,6.387021,0.0,133.315536,0.0,-1.68915355,-0.360000074,5.289396,0.0,133.315536,0.0,-2.85329247,0.439999938,6.387021,0.0,133.315536,0.0,-2.85329247,0.439999938,6.387021,0.0,133.315536,0.0,0.0,0.0,0.0,0.0,0.0,0.0,0.0,0,0,0,0,0,0.0,0.0,Tina Aminipour,4890,2026-09-18T13:48:45.695894,,,
DATA,26.95,-2.85329247,0.439999938,6.387021,0.0,133.315536,0.0,-1.68915355,-0.360000074,5.289396,0.0,133.315536,0.0,-2.85329247,0.439999938,6.387021,0.0,133.315536,0.0,-2.85329247,0.439999938,6.387021,0.0,133.315536,0.0,0.0,0.0,0.0,0.0,0.0,0.0,0.0,0,0,0,0,0,0.0,0.0,Tina Aminipour,4890,2026-09-18T13:48:45.745706,,,
DATA,26.999,-2.85329247,0.439999938,6.387021,0.0,133.315536,0.0,-1.68915355,-0.360000074,5.289396,0.0,133.315536,0.0,-2.85329247,0.439999938,6.387021,0.0,133.315536,0.0,-2.85329247,0.439999938,6.387021,0.0,133.315536,0.0,0.0,0.0,0.0,0.0,0.0,0.0,0.0,0,0,0,0,0,0.0,0.0,Tina Aminipour,4890,2026-09-18T13:48:45.795633,,,
EVENT,27.043,,,,,,,,,,,,,,,,,,,,,,,,,,,,,,,,0,0,,,,0.0,0.0,Tina Aminipour,4890,2026-09-18T13:48:45.849225,PANEL_EVENT,PANEL_CLOSED_TRANSFER,Transfer Panel closed.
EVENT,27.044,,,,,,,,,,,,,,,,,,,,,,,,,,,,,,,,0,0,,,,0.0,0.0,Tina Aminipour,4890,2026-09-18T13:48:45.872095,GAME_EVENT,GAME_STARTED,
EVENT,27.056,,,,,,,,,,,,,,,,,,,,,,,,,,,,,,,,1,1,,,,0.0,0.0,Tina Aminipour,4890,2026-09-18T13:48:45.887874,GAME_EVENT,MAZE_STARTED,Maze=1; Attempt=1
DATA,27.067,-10.0,0.8,-11.6,0.0,0.0,0.0,-10.0,0.0,-10.0,0.0,0.0,0.0,-10.0,0.8,-11.6,0.0,0.0,0.0,-10.0,0.8,-11.6,0.0,0.0,0.0,0.0,0.0,0.0,0.0,0.0,0.0,0.0,1,1,0,15,0,0.0232124329,0.0232124329,Tina Aminipour,4890,2026-09-18T13:48:45.907270,,,
DATA,27.102,-10.0,0.794550657,-11.6,0.0,0.0,0.0,-10.0,-0.00544935465,-10.0,0.0,0.0,0.0,-10.0,0.794550657,-11.6,0.0,0.0,0.0,-10.0,0.794550657,-11.6,0.0,0.0,0.0,0.0,0.0,0.0,0.0,0.0,0.0,0.0,1,1,0,15,0,0.05924034,0.05924034,Tina Aminipour,4890,2026-09-18T13:48:45.921475,,,
DATA,27.15,-10.0,0.7674774,-11.6,0.0,0.0,0.0,-10.0,-0.03252262,-10.0,0.0,0.0,0.0,-10.0,0.7674774,-11.6,0.0,0.0,0.0,-10.0,0.7674774,-11.6,0.0,0.0,0.0,0.0,0.0,0.0,0.0,0.0,0.0,0.0,1,1,0,15,0,0.106689453,0.106689453,Tina Aminipour,4890,2026-09-18T13:48:45.946097,,,
DATA,27.2,-10.0,0.7134415,-11.6,0.0,0.0,0.0,-10.0,-0.08655852,-10.0,0.0,0.0,0.0,-10.0,0.7134415,-11.6,0.0,0.0,0.0,-10.0,0.7134415,-11.6,0.0,0.0,0.0,0.0,0.0,0.0,0.0,0.0,0.0,0.0,1,1,0,15,0,0.157476425,0.157476425,Tina Aminipour,4890,2026-09-18T13:48:45.995645,,,
DATA,27.249,-10.0,0.6399999,-11.6,0.0,0.0,0.0,-10.0,-0.160000086,-10.0,0.0,0.0,0.0,-10.0,0.6399999,-11.6,0.0,0.0,0.0,-10.0,0.6399999,-11.6,0.0,0.0,0.0,0.0,0.0,0.0,0.0,0.0,0.0,0.0,1,1,0,15,0,0.206605911,0.206605911,Tina Aminipour,4890,2026-09-18T13:48:46.045545,,,
DATA,27.299,-10.0,0.6399999,-11.6,0.0,0.0,0.0,-10.0,-0.160000086,-10.0,0.0,0.0,0.0,-10.0,0.6399999,-11.6,0.0,0.0,0.0,-10.0,0.6399999,-11.6,0.0,0.0,0.0,0.0,0.0,0.0,0.0,0.0,0.0,0.0,1,1,0,15,0,0.256217957,0.256217957,Tina Aminipour,4890,2026-09-18T13:48:46.095516,,,
DATA,27.349,-10.0,0.6399999,-11.6,0.0,0.0,0.0,-10.0,-0.160000086,-10.0,0.0,0.0,0.0,-10.0,0.6399999,-11.6,0.0,0.0,0.0,-10.0,0.6399999,-11.6,0.0,0.0,0.0,0.0,0.0,0.0,0.0,0.0,0.0,0.0,1,1,0,15,0,0.305898666,0.305898666,Tina Aminipour,4890,2026-09-18T13:48:46.146430,,,
DATA,27.401,-10.0,0.6399999,-11.6,0.0,0.0,0.0,-10.0,-0.160000086,-10.0,0.0,0.0,0.0,-10.0,0.6399999,-11.6,0.0,0.0,0.0,-10.0,0.6399999,-11.6,0.0,0.0,0.0,0.0,0.0,0.0,0.0,0.0,0.0,0.0,1,1,0,15,0,0.3577385,0.3577385,Tina Aminipour,4890,2026-09-18T13:48:46.197288,,,
DATA,27.449,-10.0,0.6399999,-11.6,0.0,0.0,0.0,-10.0,-0.160000086,-10.0,0.0,0.0,0.0,-10.0,0.6399999,-11.6,0.0,0.0,0.0,-10.0,0.6399999,-11.6,0.0,0.0,0.0,0.0,0.0,0.0,0.0,0.0,0.0,0.0,1,1,0,15,0,0.405824661,0.405824661,Tina Aminipour,4890,2026-09-18T13:48:46.245112,,,
DATA,27.499,-10.0,0.6399999,-11.6,0.0,0.0,0.0,-10.0,-0.160000086,-10.0,0.0,0.0,0.0,-10.0,0.6399999,-11.6,0.0,0.0,0.0,-10.0,0.6399999,-11.6,0.0,0.0,0.0,0.0,0.0,0.0,0.0,0.0,0.0,0.0,1,1,0,15,0,0.455524445,0.455524445,Tina Aminipour,4890,2026-09-18T13:48:46.295323,,,
DATA,27.549,-10.0,0.6399999,-11.6,0.0,0.0,0.0,-10.0,-0.160000086,-10.0,0.0,0.0,0.0,-10.0,0.6399999,-11.6,0.0,0.0,0.0,-10.0,0.6399999,-11.6,0.0,0.0,0.0,0.0,0.0,0.0,0.0,0.0,0.0,0.0,1,1,0,15,0,0.5067463,0.5067463,Tina Aminipour,4890,2026-09-18T13:48:46.346250,,,
DATA,27.599,-10.0,0.6399999,-11.6,0.0,0.0,0.0,-10.0,-0.160000086,-10.0,0.0,0.0,0.0,-10.0,0.6399999,-11.6,0.0,0.0,0.0,-10.0,0.6399999,-11.6,0.0,0.0,0.0,0.0,0.0,0.0,0.0,0.0,0.0,0.0,1,1,0,15,0,0.5563965,0.5563965,Tina Aminipour,4890,2026-09-18T13:48:46.395693,,,
DATA,27.651,-10.0,0.6399999,-11.6,0.0,0.0,0.0,-10.0,-0.160000086,-10.0,0.0,0.0,0.0,-10.0,0.6399999,-11.6,0.0,0.0,0.0,-10.0,0.6399999,-11.6,0.0,0.0,0.0,0.0,0.0,0.0,0.0,0.0,0.0,0.0,1,1,0,15,0,0.608530045,0.608530045,Tina Aminipour,4890,2026-09-18T13:48:46.449387,,,
DATA,27.699,-10.0,0.6399999,-11.6,0.0,0.0,0.0,-10.0,-0.160000086,-10.0,0.0,0.0,0.0,-10.0,0.6399999,-11.6,0.0,0.0,0.0,-10.0,0.6399999,-11.6,0.0,0.0,0.0,0.0,0.0,0.0,0.0,0.0,0.0,0.0,1,1,0,15,0,0.656858444,0.656858444,Tina Aminipour,4890,2026-09-18T13:48:46.496314,,,
DATA,27.749,-10.0,0.6399999,-11.6,0.0,0.0,0.0,-10.0,-0.160000086,-10.0,0.0,0.0,0.0,-10.0,0.6399999,-11.6,0.0,0.0,0.0,-10.0,0.6399999,-11.6,0.0,0.0,0.0,0.0,0.0,0.0,0.0,0.0,0.0,0.0,1,1,0,15,0,0.7063694,0.7063694,Tina Aminipour,4890,2026-09-18T13:48:46.545160,,,
DATA,27.798,-10.0,0.6399999,-11.6,0.0,0.0,0.0,-10.0,-0.160000086,-10.0,0.0,0.0,0.0,-10.0,0.6399999,-11.6,0.0,0.0,0.0,-10.0,0.6399999,-11.6,0.0,0.0,0.0,0.0,0.0,0.0,0.0,0.0,0.0,0.0,1,1,0,15,0,0.7551613,0.7551613,Tina Aminipour,4890,2026-09-18T13:48:46.594882,,,
DATA,27.848,-10.0,0.6399999,-11.6,0.0,0.0,0.0,-10.0,-0.160000086,-10.0,0.0,0.0,0.0,-10.0,0.6399999,-11.6,0.0,0.0,0.0,-10.0,0.6399999,-11.6,0.0,0.0,0.0,0.0,0.0,0.0,0.0,0.0,0.0,0.0,1,1,0,15,0,0.8050194,0.8050194,Tina Aminipour,4890,2026-09-18T13:48:46.644326,,,
DATA,27.9,-10.0,0.6399999,-11.6,0.0,0.0,0.0,-10.0,-0.160000086,-10.0,0.0,0.0,0.0,-10.0,0.6399999,-11.6,0.0,0.0,0.0,-10.0,0.6399999,-11.6,0.0,0.0,0.0,0.0,0.0,0.0,0.0,0.0,0.0,0.0,1,1,0,15,0,0.8573494,0.8573494,Tina Aminipour,4890,2026-09-18T13:48:46.696301,,,
DATA,27.95,-10.0,0.6399999,-11.6,0.0,0.0,0.0,-10.0,-0.160000086,-10.0,0.0,0.0,0.0,-10.0,0.6399999,-11.6,0.0,0.0,0.0,-10.0,0.6399999,-11.6,0.0,0.0,0.0,0.0,0.0,0.0,0.0,0.0,0.0,0.0,1,1,0,15,0,0.9072552,0.9072552,Tina Aminipour,4890,2026-09-18T13:48:46.746668,,,
DATA,28.001,-10.0,0.6399999,-11.6,0.0,0.0,0.0,-10.0,-0.160000086,-10.0,0.0,0.0,0.0,-10.0,0.6399999,-11.6,0.0,0.0,0.0,-10.0,0.6399999,-11.6,0.0,0.0,0.0,0.0,0.0,0.0,0.0,0.0,0.0,0.0,1,1,0,15,0,0.95778656,0.95778656,Tina Aminipour,4890,2026-09-18T13:48:46.798079,,,
DATA,28.051,-10.0,0.6399999,-11.6,0.0,0.0,0.0,-10.0,-0.160000086,-10.0,0.0,0.0,0.0,-10.0,0.6399999,-11.6,0.0,0.0,0.0,-10.0,0.6399999,-11.6,0.0,0.0,0.0,0.0,0.0,0.0,0.0,0.0,0.0,0.0,1,1,0,15,0,1.00896454,1.00896454,Tina Aminipour,4890,2026-09-18T13:48:46.848213,,,
DATA,28.101,-10.0,0.6399999,-11.6,0.0,0.0,0.0,-10.0,-0.160000086,-10.0,0.0,0.0,0.0,-10.0,0.6399999,-11.6,0.0,0.0,0.0,-10.0,0.6399999,-11.6,0.0,0.0,0.0,0.0,0.0,0.0,0.0,0.0,0.0,0.0,1,1,0,15,0,1.05859184,1.05859184,Tina Aminipour,4890,2026-09-18T13:48:46.898312,,,
DATA,28.15,-10.0,0.6399999,-11.6,0.0,0.0,0.0,-10.0,-0.160000086,-10.0,0.0,0.0,0.0,-10.0,0.6399999,-11.6,0.0,0.0,0.0,-10.0,0.6399999,-11.6,0.0,0.0,0.0,0.0,0.0,0.0,0.0,0.0,0.0,0.0,1,1,0,15,0,1.10762978,1.10762978,Tina Aminipour,4890,2026-09-18T13:48:46.947311,,,
DATA,28.201,-10.0,0.6399999,-11.6,0.0,0.0,0.0,-10.0,-0.160000086,-10.0,0.0,0.0,0.0,-10.0,0.6399999,-11.6,0.0,0.0,0.0,-10.0,0.6399999,-11.6,0.0,0.0,0.0,0.0,0.0,0.0,0.0,0.0,0.0,0.0,1,1,0,15,0,1.15792274,1.15792274,Tina Aminipour,4890,2026-09-18T13:48:46.993050,,,
DATA,28.249,-10.0,0.6399999,-11.6,0.0,0.0,0.0,-10.0,-0.160000086,-10.0,0.0,0.0,0.0,-10.0,0.6399999,-11.6,0.0,0.0,0.0,-10.0,0.6399999,-11.6,0.0,0.0,0.0,0.0,0.0,0.0,0.0,0.0,0.0,0.0,1,1,0,15,0,1.20671272,1.20671272,Tina Aminipour,4890,2026-09-18T13:48:47.046546,,,
DATA,28.303,-10.0,0.6399999,-11.6,0.0,0.0,0.0,-10.0,-0.160000086,-10.0,0.0,0.0,0.0,-10.0,0.6399999,-11.6,0.0,0.0,0.0,-10.0,0.6399999,-11.6,0.0,0.0,0.0,0.0,0.0,0.0,0.0,0.0,0.0,0.0,1,1,0,15,0,1.25964928,1.25964928,Tina Aminipour,4890,2026-09-18T13:48:47.099409,,,
DATA,28.349,-10.0,0.6399999,-11.6,0.0,0.0,0.0,-10.0,-0.160000086,-10.0,0.0,0.0,0.0,-10.0,0.6399999,-11.6,0.0,0.0,0.0,-10.0,0.6399999,-11.6,0.0,0.0,0.0,0.0,0.0,0.0,0.0,0.0,0.0,0.0,1,1,0,15,0,1.30628586,1.30628586,Tina Aminipour,4890,2026-09-18T13:48:47.144858,,,
DATA,28.398,-10.0,0.6399999,-11.6,0.0,0.0,0.0,-10.0,-0.160000086,-10.0,0.0,0.0,0.0,-10.0,0.6399999,-11.6,0.0,0.0,0.0,-10.0,0.6399999,-11.6,0.0,0.0,0.0,0.0,0.0,0.0,0.0,0.0,0.0,0.0,1,1,0,15,0,1.35561943,1.35561943,Tina Aminipour,4890,2026-09-18T13:48:47.194494,,,
DATA,28.449,-10.0,0.6399999,-11.6,0.0,0.0,0.0,-10.0,-0.160000086,-10.0,0.0,0.0,0.0,-10.0,0.6399999,-11.6,0.0,0.0,0.0,-10.0,0.6399999,-11.6,0.0,0.0,0.0,0.0,0.0,0.0,0.0,0.0,0.0,0.0,1,1,0,15,0,1.40545273,1.40545273,Tina Aminipour,4890,2026-09-18T13:48:47.244590,,,
DATA,28.499,-10.0,0.6399999,-11.6,0.0,0.0,0.0,-10.0,-0.160000086,-10.0,0.0,0.0,0.0,-10.0,0.6399999,-11.6,0.0,0.0,0.0,-10.0,0.6399999,-11.6,0.0,0.0,0.0,0.0,0.0,0.0,0.0,0.0,0.0,0.0,1,1,0,15,0,1.45586014,1.45586014,Tina Aminipour,4890,2026-09-18T13:48:47.294834,,,
DATA,28.548,-10.0,0.6399999,-11.6,0.0,0.0,0.0,-10.0,-0.160000086,-10.0,0.0,0.0,0.0,-10.0,0.6399999,-11.6,0.0,0.0,0.0,-10.0,0.6399999,-11.6,0.0,0.0,0.0,0.0,0.0,0.0,0.0,0.0,0.0,0.0,1,1,0,15,0,1.50531387,1.50531387,Tina Aminipour,4890,2026-09-18T13:48:47.344457,,,
DATA,28.598,-10.0,0.6399999,-11.6,0.0,0.0,0.0,-10.0,-0.160000086,-10.0,0.0,0.0,0.0,-10.0,0.6399999,-11.6,0.0,0.0,0.0,-10.0,0.6399999,-11.6,0.0,0.0,0.0,0.0,0.0,0.0,0.0,0.0,0.0,0.0,1,1,0,15,0,1.5553627,1.5553627,Tina Aminipour,4890,2026-09-18T13:48:47.396739,,,
DATA,28.648,-10.0,0.6399999,-11.6,0.0,0.0,0.0,-10.0,-0.160000086,-10.0,0.0,0.0,0.0,-10.0,0.6399999,-11.6,0.0,0.0,0.0,-10.0,0.6399999,-11.6,0.0,0.0,0.0,0.0,0.0,0.0,0.0,0.0,0.0,0.0,1,1,0,15,0,1.60533142,1.60533142,Tina Aminipour,4890,2026-09-18T13:48:47.445008,,,
DATA,28.7,-10.0,0.6399999,-11.6,0.0,0.0,0.0,-10.0,-0.160000086,-10.0,0.0,0.0,0.0,-10.0,0.6399999,-11.6,0.0,0.0,0.0,-10.0,0.6399999,-11.6,0.0,0.0,0.0,0.0,0.0,0.0,0.0,0.0,0.0,0.0,1,1,0,15,0,1.65817451,1.65817451,Tina Aminipour,4890,2026-09-18T13:48:47.497344,,,
DATA,28.751,-10.0,0.6399999,-11.6,0.0,0.0,0.0,-10.0,-0.160000086,-10.0,0.0,0.0,0.0,-10.0,0.6399999,-11.6,0.0,0.0,0.0,-10.0,0.6399999,-11.6,0.0,0.0,0.0,0.0,0.0,0.0,0.0,0.0,0.0,0.0,1,1,0,15,0,1.70741463,1.70741463,Tina Aminipour,4890,2026-09-18T13:48:47.547249,,,
DATA,28.8,-10.0,0.6399999,-11.6,0.0,0.0,0.0,-10.0,-0.160000086,-10.0,0.0,0.0,0.0,-10.0,0.6399999,-11.6,0.0,0.0,0.0,-10.0,0.6399999,-11.6,0.0,0.0,0.0,0.0,0.0,0.0,0.0,0.0,0.0,0.0,1,1,0,15,0,1.756382,1.756382,Tina Aminipour,4890,2026-09-18T13:48:47.596188,,,
DATA,28.851,-10.0,0.6399999,-11.6,0.0,0.0,0.0,-10.0,-0.160000086,-10.0,0.0,0.0,0.0,-10.0,0.6399999,-11.6,0.0,0.0,0.0,-10.0,0.6399999,-11.6,0.0,0.0,0.0,0.0,0.0,0.0,0.0,0.0,0.0,0.0,1,1,0,15,0,1.80820465,1.80820465,Tina Aminipour,4890,2026-09-18T13:48:47.648480,,,
DATA,28.902,-10.0,0.6399999,-11.6,0.0,0.0,0.0,-10.0,-0.160000086,-10.0,0.0,0.0,0.0,-10.0,0.6399999,-11.6,0.0,0.0,0.0,-10.0,0.6399999,-11.6,0.0,0.0,0.0,0.0,0.0,0.0,0.0,0.0,0.0,0.0,1,1,0,15,0,1.85894394,1.85894394,Tina Aminipour,4890,2026-09-18T13:48:47.699623,,,
DATA,28.949,-10.0,0.6399999,-11.6,0.0,0.0,0.0,-10.0,-0.160000086,-10.0,0.0,0.0,0.0,-10.0,0.6399999,-11.6,0.0,0.0,0.0,-10.0,0.6399999,-11.6,0.0,0.0,0.0,0.0,0.0,0.0,0.0,0.0,0.0,0.0,1,1,0,15,0,1.90654755,1.90654755,Tina Aminipour,4890,2026-09-18T13:48:47.747555,,,
DATA,29.001,-10.0,0.6399999,-11.6,0.0,0.0,0.0,-10.0,-0.160000086,-10.0,0.0,0.0,0.0,-10.0,0.6399999,-11.6,0.0,0.0,0.0,-10.0,0.6399999,-11.6,0.0,0.0,0.0,0.0,0.0,0.0,0.0,0.0,0.0,0.0,1,1,0,15,0,1.95916557,1.95916557,Tina Aminipour,4890,2026-09-18T13:48:47.798697,,,
DATA,29.052,-10.0,0.6399999,-11.6,0.0,0.0,0.0,-10.0,-0.160000086,-10.0,0.0,0.0,0.0,-10.0,0.6399999,-11.6,0.0,0.0,0.0,-10.0,0.6399999,-11.6,0.0,0.0,0.0,0.0,0.0,0.0,0.0,0.0,0.0,0.0,1,1,0,15,0,2.00892067,2.00892067,Tina Aminipour,4890,2026-09-18T13:48:47.849064,,,
DATA,29.1,-10.0,0.6399999,-11.6,0.0,0.0,0.0,-10.0,-0.160000086,-10.0,0.0,0.0,0.0,-10.0,0.6399999,-11.6,0.0,0.0,0.0,-10.0,0.6399999,-11.6,0.0,0.0,0.0,0.0,0.0,0.0,0.0,0.0,0.0,0.0,1,1,0,15,0,2.05792427,2.05792427,Tina Aminipour,4890,2026-09-18T13:48:47.896462,,,
DATA,29.149,-10.0,0.6399999,-11.6,0.0,0.0,0.0,-10.0,-0.160000086,-10.0,0.0,0.0,0.0,-10.0,0.6399999,-11.6,0.0,0.0,0.0,-10.0,0.6399999,-11.6,0.0,0.0,0.0,0.0,0.0,0.0,0.0,0.0,0.0,0.0,1,1,0,15,0,2.10689735,2.10689735,Tina Aminipour,4890,2026-09-18T13:48:47.946608,,,
DATA,29.199,-10.0,0.6399999,-11.6,0.0,0.0,0.0,-10.0,-0.160000086,-10.0,0.0,0.0,0.0,-10.0,0.6399999,-11.6,0.0,0.0,0.0,-10.0,0.6399999,-11.6,0.0,0.0,0.0,0.0,0.0,0.0,0.0,0.0,0.0,0.0,1,1,0,15,0,2.15644646,2.15644646,Tina Aminipour,4890,2026-09-18T13:48:47.995216,,,
DATA,29.25,-10.0,0.6399999,-11.6,0.0,0.0,0.0,-10.0,-0.160000086,-10.0,0.0,0.0,0.0,-10.0,0.6399999,-11.6,0.0,0.0,0.0,-10.0,0.6399999,-11.6,0.0,0.0,0.0,0.0,0.0,0.0,0.0,0.0,0.0,0.0,1,1,0,15,0,2.20719337,2.20719337,Tina Aminipour,4890,2026-09-18T13:48:48.047070,,,
DATA,29.3,-10.0,0.6399999,-11.6,0.0,0.0,0.0,-10.0,-0.160000086,-10.0,0.0,0.0,0.0,-10.0,0.6399999,-11.6,0.0,0.0,0.0,-10.0,0.6399999,-11.6,0.0,0.0,0.0,0.0,0.0,0.0,0.0,0.0,0.0,0.0,1,1,0,15,0,2.25705528,2.25705528,Tina Aminipour,4890,2026-09-18T13:48:48.096939,,,
DATA,29.352,-10.0,0.6399999,-11.6,0.0,0.0,0.0,-10.0,-0.160000086,-10.0,0.0,0.0,0.0,-10.0,0.6399999,-11.6,0.0,0.0,0.0,-10.0,0.6399999,-11.6,0.0,0.0,0.0,0.0,0.0,0.0,0.0,0.0,0.0,0.0,1,1,0,15,0,2.308157,2.308157,Tina Aminipour,4890,2026-09-18T13:48:48.148158,,,
DATA,29.402,-10.0,0.6399999,-11.6,0.0,0.0,0.0,-10.0,-0.160000086,-10.0,0.0,0.0,0.0,-10.0,0.6399999,-11.6,0.0,0.0,0.0,-10.0,0.6399999,-11.6,0.0,0.0,0.0,0.0,0.0,0.0,0.0,0.0,0.0,0.0,1,1,0,15,0,2.35866165,2.35866165,Tina Aminipour,4890,2026-09-18T13:48:48.198021,,,
DATA,29.45,-10.0,0.6399999,-11.6,0.0,0.0,0.0,-10.0,-0.160000086,-10.0,0.0,0.0,0.0,-10.0,0.6399999,-11.6,0.0,0.0,0.0,-10.0,0.6399999,-11.6,0.0,0.0,0.0,0.0,0.0,0.0,0.0,0.0,0.0,0.0,1,1,0,15,0,2.407421,2.407421,Tina Aminipour,4890,2026-09-18T13:48:48.242760,,,
DATA,29.499,-10.0,0.6399999,-11.6,0.0,0.0,0.0,-10.0,-0.160000086,-10.0,0.0,0.0,0.0,-10.0,0.6399999,-11.6,0.0,0.0,0.0,-10.0,0.6399999,-11.6,0.0,0.0,0.0,0.0,0.0,0.0,0.0,0.0,0.0,0.0,1,1,0,15,0,2.45688629,2.45688629,Tina Aminipour,4890,2026-09-18T13:48:48.296717,,,
DATA,29.548,-10.0,0.64,-11.4831066,0.0,0.0,0.0,-10.0,-0.160000026,-9.883106,0.0,0.0,0.0,-10.0,0.64,-11.4831066,0.0,0.0,0.0,-10.0,0.64,-11.4831066,0.0,0.0,0.0,0.0,0.0,1.0,0.0,0.0,0.0,0.0,1,1,0,15,0,2.50554466,2.50554466,Tina Aminipour,4890,2026-09-18T13:48:48.346352,,,
DATA,29.602,-10.0,0.64,-11.2925034,0.0,0.0,0.0,-10.0,-0.160000026,-9.692503,0.0,0.0,0.0,-10.0,0.64,-11.2925034,0.0,0.0,0.0,-10.0,0.64,-11.2925034,0.0,0.0,0.0,0.0,0.0,1.0,0.0,0.0,0.0,0.0,1,1,0,15,0,2.55835342,2.55835342,Tina Aminipour,4890,2026-09-18T13:48:48.397941,,,
DATA,29.65,-10.0,0.64,-11.1237507,0.0,0.0,0.0,-10.0,-0.160000026,-9.52375,0.0,0.0,0.0,-10.0,0.64,-11.1237507,0.0,0.0,0.0,-10.0,0.64,-11.1237507,0.0,0.0,0.0,0.0,0.0,1.0,0.0,0.0,0.0,0.0,1,1,0,15,0,2.60662651,2.60662651,Tina Aminipour,4890,2026-09-18T13:48:48.446854,,,
DATA,29.701,-10.0,0.64,-10.94549,0.0,0.0,0.0,-10.0,-0.160000026,-9.3454895,0.0,0.0,0.0,-10.0,0.64,-10.94549,0.0,0.0,0.0,-10.0,0.64,-10.94549,0.0,0.0,0.0,0.0,0.0,1.0,0.0,0.0,0.0,0.0,1,1,0,15,0,2.65800858,2.65800858,Tina Aminipour,4890,2026-09-18T13:48:48.497925,,,
DATA,29.752,-10.0,0.6399999,-10.7661648,0.0,0.0,0.0,-10.0,-0.160000086,-9.166164,0.0,0.0,0.0,-10.0,0.6399999,-10.7661648,0.0,0.0,0.0,-10.0,0.6399999,-10.7661648,0.0,0.0,0.0,0.0,0.0,1.0,0.0,0.0,0.0,0.0,1,1,0,15,0,2.7090168,2.7090168,Tina Aminipour,4890,2026-09-18T13:48:48.548422,,,
DATA,29.802,-10.0,0.64,-10.5926991,0.0,0.0,0.0,-10.0,-0.160000026,-8.992699,0.0,0.0,0.0,-10.0,0.64,-10.5926991,0.0,0.0,0.0,-10.0,0.64,-10.5926991,0.0,0.0,0.0,0.0,0.0,1.0,0.0,0.0,0.0,0.0,1,1,0,15,0,2.75852776,2.75852776,Tina Aminipour,4890,2026-09-18T13:48:48.597789,,,
DATA,29.852,-10.0,0.640000045,-10.4166889,0.0,0.0,0.0,-10.0,-0.159999967,-8.816689,0.0,0.0,0.0,-10.0,0.640000045,-10.4166889,0.0,0.0,0.0,-10.0,0.640000045,-10.4166889,0.0,0.0,0.0,0.0,0.0,1.0,0.0,0.0,0.0,0.0,1,1,0,15,0,2.80936241,2.80936241,Tina Aminipour,4890,2026-09-18T13:48:48.650110,,,
DATA,29.899,-10.0,0.64,-10.2563705,0.0,0.0,0.0,-10.0,-0.160000026,-8.65637,0.0,0.0,0.0,-10.0,0.64,-10.2563705,0.0,0.0,0.0,-10.0,0.64,-10.2563705,0.0,0.0,0.0,0.0,0.0,1.0,0.0,0.0,0.0,0.0,1,1,0,15,0,2.855732,2.855732,Tina Aminipour,4890,2026-09-18T13:48:48.695690,,,
DATA,29.952,-10.0,0.64,-10.06634,0.0,0.0,0.0,-10.0,-0.160000026,-8.46634,0.0,0.0,0.0,-10.0,0.64,-10.06634,0.0,0.0,0.0,-10.0,0.64,-10.06634,0.0,0.0,0.0,0.0,0.0,1.0,0.0,0.0,0.0,0.0,1,1,0,15,0,2.909111,2.909111,Tina Aminipour,4890,2026-09-18T13:48:48.748985,,,
DATA,29.999,-10.0,0.6399999,-9.902499,0.0,0.0,0.0,-10.0,-0.160000086,-8.302499,0.0,0.0,0.0,-10.0,0.6399999,-9.902499,0.0,0.0,0.0,-10.0,0.6399999,-9.902499,0.0,0.0,0.0,0.0,0.0,1.0,0.0,0.0,0.0,0.0,1,1,0,15,0,2.956026,2.956026,Tina Aminipour,4890,2026-09-18T13:48:48.795913,,,
DATA,30.051,-10.0,0.64,-9.718846,0.0,0.0,0.0,-10.0,-0.160000026,-8.118846,0.0,0.0,0.0,-10.0,0.64,-9.718846,0.0,0.0,0.0,-10.0,0.64,-9.718846,0.0,0.0,0.0,0.0,0.0,1.0,0.0,0.0,0.0,0.0,1,1,0,15,0,3.00831413,3.00831413,Tina Aminipour,4890,2026-09-18T13:48:48.848637,,,
DATA,30.099,-10.0,0.6399999,-9.553672,0.0,0.0,0.0,-10.0,-0.160000086,-7.953672,0.0,0.0,0.0,-10.0,0.6399999,-9.553672,0.0,0.0,0.0,-10.0,0.6399999,-9.553672,0.0,0.0,0.0,0.0,0.0,1.0,0.0,0.0,0.0,0.0,1,1,0,15,0,3.05588341,3.05588341,Tina Aminipour,4890,2026-09-18T13:48:48.894946,,,
DATA,30.15,-10.0,0.64,-9.372962,0.0,0.0,0.0,-10.0,-0.160000026,-7.772962,0.0,0.0,0.0,-10.0,0.64,-9.372962,0.0,0.0,0.0,-10.0,0.64,-9.372962,0.0,0.0,0.0,0.0,0.0,1.0,0.0,0.0,0.0,0.0,1,1,0,15,0,3.10714149,3.10714149,Tina Aminipour,4890,2026-09-18T13:48:48.946217,,,
DATA,30.199,-10.0,0.6399999,-9.201372,0.0,0.0,0.0,-10.0,-0.160000086,-7.601372,0.0,0.0,0.0,-10.0,0.6399999,-9.201372,0.0,0.0,0.0,-10.0,0.6399999,-9.201372,0.0,0.0,0.0,0.0,0.0,1.0,0.0,0.0,0.0,0.0,1,1,0,15,0,3.15629959,3.15629959,Tina Aminipour,4890,2026-09-18T13:48:48.996067,,,
DATA,30.251,-10.0,0.64,-9.022479,0.0,0.0,0.0,-10.0,-0.160000026,-7.42247868,0.0,0.0,0.0,-10.0,0.64,-9.022479,0.0,0.0,0.0,-10.0,0.64,-9.022479,0.0,0.0,0.0,0.0,0.0,1.0,0.0,0.0,0.0,0.0,1,1,0,15,0,3.20729828,3.20729828,Tina Aminipour,4890,2026-09-18T13:48:49.048085,,,
DATA,30.302,-10.0,0.64,-8.841417,0.0,0.0,0.0,-10.0,-0.160000026,-7.24141741,0.0,0.0,0.0,-10.0,0.64,-8.841417,0.0,0.0,0.0,-10.0,0.64,-8.841417,0.0,0.0,0.0,0.0,0.0,1.0,0.0,0.0,0.0,0.0,1,1,0,15,0,3.258936,3.258936,Tina Aminipour,4890,2026-09-18T13:48:49.098344,,,
DATA,30.35,-10.0,0.64,-8.67248,0.0,0.0,0.0,-10.0,-0.160000026,-7.07247972,0.0,0.0,0.0,-10.0,0.64,-8.67248,0.0,0.0,0.0,-10.0,0.64,-8.67248,0.0,0.0,0.0,0.0,0.0,1.0,0.0,0.0,0.0,0.0,1,1,0,15,0,3.30749321,3.30749321,Tina Aminipour,4890,2026-09-18T13:48:49.147515,,,
DATA,30.401,-10.0,0.64,-8.491776,0.0,0.0,0.0,-10.0,-0.160000026,-6.89177656,0.0,0.0,0.0,-10.0,0.64,-8.491776,0.0,0.0,0.0,-10.0,0.64,-8.491776,0.0,0.0,0.0,0.0,0.0,1.0,0.0,0.0,0.0,0.0,1,1,0,15,0,3.35843086,3.35843086,Tina Aminipour,4890,2026-09-18T13:48:49.197459,,,
DATA,30.451,-10.0,0.6399999,-8.322571,0.0,0.0,0.0,-10.0,-0.160000086,-6.72257042,0.0,0.0,0.0,-10.0,0.6399999,-8.322571,0.0,0.0,0.0,-10.0,0.6399999,-8.322571,0.0,0.0,0.0,0.0,0.0,1.0,0.0,0.0,0.0,0.0,1,1,0,15,0,3.40764427,3.40764427,Tina Aminipour,4890,2026-09-18T13:48:49.247806,,,
DATA,30.501,-10.0,0.6399999,-8.14215851,0.0,0.0,0.0,-10.0,-0.160000086,-6.5421586,0.0,0.0,0.0,-10.0,0.6399999,-8.14215851,0.0,0.0,0.0,-10.0,0.6399999,-8.14215851,0.0,0.0,0.0,0.0,0.0,1.0,0.0,0.0,0.0,0.0,1,1,0,15,0,3.45900726,3.45900726,Tina Aminipour,4890,2026-09-18T13:48:49.299268,,,
DATA,30.555,-10.0,0.6399999,-7.972805,0.0,0.0,0.0,-10.0,-0.160000086,-6.372805,0.0,0.0,0.0,-10.0,0.6399999,-7.972805,0.0,0.0,0.0,-10.0,0.6399999,-7.972805,0.0,0.0,0.0,0.0,0.0,1.0,0.0,0.0,0.0,0.0,1,1,1,15,1,3.50788116,3.50788116,Tina Aminipour,4890,2026-09-18T13:48:49.352862,,,
DATA,30.599,-10.0,0.6399999,-7.807424,0.0,0.0,0.0,-10.0,-0.160000086,-6.207424,0.0,0.0,0.0,-10.0,0.6399999,-7.807424,0.0,0.0,0.0,-10.0,0.6399999,-7.807424,0.0,0.0,0.0,0.0,0.0,1.0,0.0,0.0,0.0,0.0,1,1,1,15,1,3.55567741,3.55567741,Tina Aminipour,4890,2026-09-18T13:48:49.395294,,,
DATA,30.65,-10.0,0.64,-7.621124,0.0,0.0,0.0,-10.0,-0.160000026,-6.021124,0.0,0.0,0.0,-10.0,0.64,-7.621124,0.0,0.0,0.0,-10.0,0.64,-7.621124,0.0,0.0,0.0,0.0,0.0,1.0,0.0,0.0,0.0,0.0,1,1,1,15,1,3.60767555,3.60767555,Tina Aminipour,4890,2026-09-18T13:48:49.447146,,,
DATA,30.701,-10.0,0.64,-7.44799328,0.0,0.0,0.0,-10.0,-0.160000026,-5.84799337,0.0,0.0,0.0,-10.0,0.64,-7.44799328,0.0,0.0,0.0,-10.0,0.64,-7.44799328,0.0,0.0,0.0,0.0,0.0,1.0,0.0,0.0,0.0,0.0,1,1,1,15,1,3.658121,3.658121,Tina Aminipour,4890,2026-09-18T13:48:49.499172,,,
DATA,30.748,-10.0,0.64,-7.288918,0.0,0.0,0.0,-10.0,-0.160000026,-5.688918,0.0,0.0,0.0,-10.0,0.64,-7.288918,0.0,0.0,0.0,-10.0,0.64,-7.288918,0.0,0.0,0.0,0.0,0.0,1.0,0.0,0.0,0.0,0.0,1,1,1,15,1,3.70546341,3.70546341,Tina Aminipour,4890,2026-09-18T13:48:49.544850,,,
DATA,30.799,-10.0,0.64,-7.10815144,0.0,0.0,0.0,-10.0,-0.160000026,-5.50815153,0.0,0.0,0.0,-10.0,0.64,-7.10815144,0.0,0.0,0.0,-10.0,0.64,-7.10815144,0.0,0.0,0.0,0.0,0.0,1.0,0.0,0.0,0.0,0.0,1,1,1,15,1,3.7555275,3.7555275,Tina Aminipour,4890,2026-09-18T13:48:49.595333,,,
DATA,30.852,-10.0,0.64,-6.91636562,0.0,0.0,0.0,-10.0,-0.160000026,-5.31636572,0.0,0.0,0.0,-10.0,0.64,-6.91636562,0.0,0.0,0.0,-10.0,0.64,-6.91636562,0.0,0.0,0.0,0.0,0.0,1.0,0.0,0.0,0.0,0.0,1,1,1,15,1,3.8090477,3.8090477,Tina Aminipour,4890,2026-09-18T13:48:49.648665,,,
DATA,30.9,-10.0,0.64,-6.750277,0.0,0.0,0.0,-10.0,-0.160000026,-5.150277,0.0,0.0,0.0,-10.0,0.64,-6.750277,0.0,0.0,0.0,-10.0,0.64,-6.750277,0.0,0.0,0.0,0.0,0.0,1.0,0.0,0.0,0.0,0.0,1,1,1,15,1,3.85663033,3.85663033,Tina Aminipour,4890,2026-09-18T13:48:49.696249,,,
DATA,30.948,-10.0,0.6399999,-6.57927132,0.0,0.0,0.0,-10.0,-0.160000086,-4.97927141,0.0,0.0,0.0,-10.0,0.6399999,-6.57927132,0.0,0.0,0.0,-10.0,0.6399999,-6.57927132,0.0,0.0,0.0,0.0,0.0,1.0,0.0,0.0,0.0,0.0,1,1,1,15,1,3.90538216,3.90538216,Tina Aminipour,4890,2026-09-18T13:48:49.744110,,,
DATA,31.001,-10.0612488,0.64,-6.4296236,0.0,2.511474,0.0,-9.998639,-0.160000026,-4.792727,0.0,2.24167538,0.0,-10.0612488,0.64,-6.4296236,0.0,2.511474,0.0,-10.0612488,0.64,-6.4296236,0.0,2.511474,0.0,1.0,0.0,1.0,0.0,0.0,0.0,0.0,1,1,1,15,1,3.95889282,3.95889282,Tina Aminipour,4890,2026-09-18T13:48:49.794416,,,
DATA,31.049,-10.1664629,0.6399999,-6.28605175,0.0,6.680394,0.0,-9.987663,-0.160000086,-4.636764,0.0,6.262903,0.0,-10.1664629,0.6399999,-6.28605175,0.0,6.680394,0.0,-10.1664629,0.6399999,-6.28605175,0.0,6.680394,0.0,1.0,0.0,1.0,0.0,0.0,0.0,0.0,1,1,1,15,1,4.006035,4.006035,Tina Aminipour,4890,2026-09-18T13:48:49.847509,,,
DATA,31.098,-10.2697182,0.64,-6.07325649,0.0,11.1637917,0.0,-9.961772,-0.160000026,-4.459829,0.0,10.8624191,0.0,-10.2697182,0.64,-6.07325649,0.0,11.1637917,0.0,-10.2697182,0.64,-6.07325649,0.0,11.1637917,0.0,1.0,0.0,1.0,0.0,0.0,0.0,0.0,1,1,1,15,1,4.0552063,4.0552063,Tina Aminipour,4890,2026-09-18T13:48:49.894080,,,
DATA,31.153,-10.3640862,0.64,-5.871105,0.0,16.037941,0.0,-9.919709,-0.160000026,-4.27821445,0.0,15.6575279,0.0,-10.3640862,0.64,-5.871105,0.0,16.037941,0.0,-10.3640862,0.64,-5.871105,0.0,16.037941,0.0,1.0,0.0,1.0,0.0,0.0,0.0,0.0,1,1,1,15,1,4.10980225,4.10980225,Tina Aminipour,4890,2026-09-18T13:48:49.945825,,,
DATA,31.2,-10.4293013,0.64,-5.65332556,0.0,20.3812828,0.0,-9.86729,-0.160000026,-4.11349154,0.0,20.1037254,0.0,-10.4293013,0.64,-5.65332556,0.0,20.3812828,0.0,-10.4293013,0.64,-5.65332556,0.0,20.3812828,0.0,1.0,0.0,1.0,0.0,0.0,0.0,0.0,1,1,1,15,1,4.15749,4.15749,Tina Aminipour,4890,2026-09-18T13:48:49.997892,,,
DATA,31.252,-10.4823952,0.64,-5.43746948,0.0,24.9365673,0.0,-9.800238,-0.160000026,-3.94901752,0.0,24.67223,0.0,-10.4823952,0.64,-5.43746948,0.0,24.9365673,0.0,-10.4823952,0.64,-5.43746948,0.0,24.9365673,0.0,1.0,0.0,1.0,0.0,0.0,0.0,0.0,1,1,1,15,1,4.2080307,4.2080307,Tina Aminipour,4890,2026-09-18T13:48:50.047928,,,
DATA,31.302,-10.5194912,0.64,-5.220826,0.0,29.5184631,0.0,-9.720228,-0.160000026,-3.79027772,0.0,29.2444839,0.0,-10.5194912,0.64,-5.220826,0.0,29.5184631,0.0,-10.5194912,0.64,-5.220826,0.0,29.5184631,0.0,1.0,0.0,1.0,0.0,0.0,0.0,0.0,1,1,1,15,1,4.258995,4.258995,Tina Aminipour,4890,2026-09-18T13:48:50.093895,,,
DATA,31.349,-10.5399323,0.64,-5.020457,0.0,33.7836151,0.0,-9.635036,-0.160000026,-3.64933085,0.0,33.4804153,0.0,-10.5399323,0.64,-5.020457,0.0,33.7836151,0.0,-10.5399323,0.64,-5.020457,0.0,33.7836151,0.0,1.0,0.0,1.0,0.0,0.0,0.0,0.0,1,1,1,15,1,4.306547,4.306547,Tina Aminipour,4890,2026-09-18T13:48:50.147120,,,
DATA,31.399,-10.5412617,0.6399999,-4.800292,0.0,38.2604027,0.0,-9.533449,-0.160000086,-3.50693154,0.0,37.979557,0.0,-10.5412617,0.6399999,-4.800292,0.0,38.2604027,0.0,-10.5412617,0.6399999,-4.800292,0.0,38.2604027,0.0,1.0,0.0,1.0,0.0,0.0,0.0,0.0,1,1,1,15,1,4.356165,4.356165,Tina Aminipour,4890,2026-09-18T13:48:50.195628,,,
DATA,31.45,-10.526042,0.6399999,-4.577849,0.0,42.8489,0.0,-9.418493,-0.160000086,-3.37015438,0.0,42.5751266,0.0,-10.526042,0.6399999,-4.577849,0.0,42.8489,0.0,-10.526042,0.6399999,-4.577849,0.0,42.8489,0.0,1.0,0.0,1.0,0.0,0.0,0.0,0.0,1,1,1,15,1,4.40710831,4.40710831,Tina Aminipour,4890,2026-09-18T13:48:50.248000,,,
DATA,31.501,-10.4921074,0.64,-4.35467243,0.0,47.4834747,0.0,-9.291485,-0.160000026,-3.24174356,0.0,47.2207031,0.0,-10.4921074,0.64,-4.35467243,0.0,47.4834747,0.0,-10.4921074,0.64,-4.35467243,0.0,47.4834747,0.0,1.0,0.0,1.0,0.0,0.0,0.0,0.0,1,1,1,15,1,4.458544,4.458544,Tina Aminipour,4890,2026-09-18T13:48:50.297273,,,
DATA,31.55,-10.4476547,0.64,-4.153255,0.0,51.8199043,0.0,-9.164519,-0.160000026,-3.13200355,0.0,51.53706,0.0,-10.4476547,0.64,-4.153255,0.0,51.8199043,0.0,-10.4476547,0.64,-4.153255,0.0,51.8199043,0.0,1.0,0.0,1.0,0.0,0.0,0.0,0.0,1,1,1,15,1,4.506838,4.506838,Tina Aminipour,4890,2026-09-18T13:48:50.348698,,,
DATA,31.6,-10.3794785,0.64,-3.9410398,0.0,56.3504066,0.0,-9.022033,-0.160000026,-3.02688241,0.0,56.0914421,0.0,-10.3794785,0.64,-3.9410398,0.0,56.3504066,0.0,-10.3794785,0.64,-3.9410398,0.0,56.3504066,0.0,1.0,0.0,1.0,0.0,0.0,0.0,0.0,1,1,1,15,1,4.557043,4.557043,Tina Aminipour,4890,2026-09-18T13:48:50.396335,,,
DATA,31.649,-10.2998257,0.6399999,-3.742521,0.0,60.7752342,0.0,-8.875987,-0.160000086,-2.93589973,0.0,60.5171165,0.0,-10.2998257,0.6399999,-3.742521,0.0,60.7752342,0.0,-10.2998257,0.6399999,-3.742521,0.0,60.7752342,0.0,1.0,0.0,1.0,0.0,0.0,0.0,0.0,1,1,1,15,1,4.606203,4.606203,Tina Aminipour,4890,2026-09-18T13:48:50.446376,,,
DATA,31.702,-10.2062988,0.6399999,-3.54394126,0.0,65.49769,0.0,-8.714777,-0.160000086,-2.8524735,0.0,65.1860046,0.0,-10.2062988,0.6399999,-3.54394126,0.0,65.49769,0.0,-10.2062988,0.6399999,-3.54394126,0.0,65.49769,0.0,1.0,0.0,1.0,0.0,0.0,0.0,0.0,1,1,1,15,1,4.65897369,4.65897369,Tina Aminipour,4890,2026-09-18T13:48:50.498959,,,
DATA,31.753,-10.0871468,0.6399999,-3.35162258,0.0,70.02962,0.0,-8.5508,-0.160000086,-2.78359962,0.0,69.76057,0.0,-10.0871468,0.6399999,-3.35162258,0.0,70.02962,0.0,-10.0871468,0.6399999,-3.35162258,0.0,70.02962,0.0,1.0,0.0,1.0,0.0,0.0,0.0,0.0,1,1,1,15,1,4.709091,4.709091,Tina Aminipour,4890,2026-09-18T13:48:50.550008,,,
DATA,31.802,-9.960327,0.64,-3.17535257,0.0,74.48944,0.0,-8.385739,-0.160000026,-2.72922945,0.0,74.23046,0.0,-9.960327,0.64,-3.17535257,0.0,74.48944,0.0,-9.960327,0.64,-3.17535257,0.0,74.48944,0.0,1.0,0.0,1.0,0.0,0.0,0.0,0.0,1,1,1,15,1,4.758589,4.758589,Tina Aminipour,4890,2026-09-18T13:48:50.597758,,,
DATA,31.849,-9.832018,0.6399999,-3.02067518,0.0,78.676796,0.0,-8.228,-0.160000086,-2.69022179,0.0,78.4097443,0.0,-9.832018,0.6399999,-3.02067518,0.0,78.676796,0.0,-9.832018,0.6399999,-3.02067518,0.0,78.676796,0.0,1.0,0.0,1.0,0.0,0.0,0.0,0.0,1,1,1,15,1,4.80515862,4.80515862,Tina Aminipour,4890,2026-09-18T13:48:50.646291,,,
DATA,31.9,-9.620929,0.64,-2.95157552,0.0,79.3547058,0.0,-8.048466,-0.160000026,-2.65601,0.0,79.3547058,0.0,-9.620929,0.64,-2.95157552,0.0,79.3547058,0.0,-9.620929,0.64,-2.95157552,0.0,79.3547058,0.0,0.0,0.0,1.0,0.0,0.0,0.0,0.0,1,1,1,15,1,4.857149,4.857149,Tina Aminipour,4890,2026-09-18T13:48:50.696563,,,
DATA,31.948,-9.455377,0.64,-2.9204576,0.0,79.3547058,0.0,-7.88291359,-0.160000026,-2.624892,0.0,79.3547058,0.0,-9.455377,0.64,-2.9204576,0.0,79.3547058,0.0,-9.455377,0.64,-2.9204576,0.0,79.3547058,0.0,0.0,0.0,1.0,0.0,0.0,0.0,0.0,1,1,1,15,1,4.90589333,4.90589333,Tina Aminipour,4890,2026-09-18T13:48:50.745372,,,
DATA,31.998,-9.283632,0.6399999,-2.8881762,0.0,79.3547058,0.0,-7.71116924,-0.160000086,-2.5926106,0.0,79.3547058,0.0,-9.283632,0.6399999,-2.8881762,0.0,79.3547058,0.0,-9.283632,0.6399999,-2.8881762,0.0,79.3547058,0.0,0.0,0.0,1.0,0.0,0.0,0.0,0.0,1,1,1,15,1,4.95560265,4.95560265,Tina Aminipour,4890,2026-09-18T13:48:50.794196,,,
DATA,32.05,-9.109446,0.6399999,-2.85543537,0.0,79.3547058,0.0,-7.53698254,-0.160000086,-2.55986977,0.0,79.3547058,0.0,-9.109446,0.6399999,-2.85543537,0.0,79.3547058,0.0,-9.109446,0.6399999,-2.85543537,0.0,79.3547058,0.0,0.0,0.0,1.0,0.0,0.0,0.0,0.0,1,1,1,15,1,5.00676537,5.00676537,Tina Aminipour,4890,2026-09-18T13:48:50.847582,,,
DATA,32.098,-8.938415,0.6399999,-2.82328773,0.0,79.3547058,0.0,-7.365951,-0.160000086,-2.52772212,0.0,79.3547058,0.0,-8.938415,0.6399999,-2.82328773,0.0,79.3547058,0.0,-8.938415,0.6399999,-2.82328773,0.0,79.3547058,0.0,0.0,0.0,1.0,0.0,0.0,0.0,0.0,1,1,1,15,1,5.055832,5.055832,Tina Aminipour,4890,2026-09-18T13:48:50.895070,,,
DATA,32.149,-8.768267,0.64,-2.791306,0.0,79.3547058,0.0,-7.195803,-0.160000026,-2.49574041,0.0,79.3547058,0.0,-8.768267,0.64,-2.791306,0.0,79.3547058,0.0,-8.768267,0.64,-2.791306,0.0,79.3547058,0.0,0.0,0.0,1.0,0.0,0.0,0.0,0.0,1,1,1,15,1,5.10540962,5.10540962,Tina Aminipour,4890,2026-09-18T13:48:50.944846,,,
DATA,32.2,-8.587299,0.64,-2.757291,0.0,79.3547058,0.0,-7.01483631,-0.160000026,-2.46172547,0.0,79.3547058,0.0,-8.587299,0.64,-2.757291,0.0,79.3547058,0.0,-8.587299,0.64,-2.757291,0.0,79.3547058,0.0,0.0,0.0,1.0,0.0,0.0,0.0,0.0,1,1,1,15,1,5.15741348,5.15741348,Tina Aminipour,4890,2026-09-18T13:48:50.997366,,,
DATA,32.25,-8.419101,0.6399999,-2.72567582,0.0,79.3547058,0.0,-6.84663725,-0.160000086,-2.43011022,0.0,79.3547058,0.0,-8.419101,0.6399999,-2.72567582,0.0,79.3547058,0.0,-8.419101,0.6399999,-2.72567582,0.0,79.3547058,0.0,0.0,0.0,1.0,0.0,0.0,0.0,0.0,1,1,1,15,1,5.207077,5.207077,Tina Aminipour,4890,2026-09-18T13:48:51.046428,,,
DATA,32.299,-8.247746,0.6399999,-2.69346738,0.0,79.3547058,0.0,-6.67528343,-0.160000086,-2.39790177,0.0,79.3547058,0.0,-8.247746,0.6399999,-2.69346738,0.0,79.3547058,0.0,-8.247746,0.6399999,-2.69346738,0.0,79.3547058,0.0,0.0,0.0,1.0,0.0,0.0,0.0,0.0,1,1,1,15,1,5.256483,5.256483,Tina Aminipour,4890,2026-09-18T13:48:51.095219,,,
DATA,32.35,-8.07524,0.64,-2.66104269,0.0,79.3547058,0.0,-6.502777,-0.160000026,-2.365477,0.0,79.3547058,0.0,-8.07524,0.64,-2.66104269,0.0,79.3547058,0.0,-8.07524,0.64,-2.66104269,0.0,79.3547058,0.0,0.0,0.0,1.0,0.0,0.0,0.0,0.0,1,1,1,15,1,5.30664635,5.30664635,Tina Aminipour,4890,2026-09-18T13:48:51.146372,,,
DATA,32.398,-7.90973854,0.64,-2.62993431,0.0,79.3547058,0.0,-6.337275,-0.160000026,-2.33436871,0.0,79.3547058,0.0,-7.90973854,0.64,-2.62993431,0.0,79.3547058,0.0,-7.90973854,0.64,-2.62993431,0.0,79.3547058,0.0,0.0,0.0,1.0,0.0,0.0,0.0,0.0,1,1,1,15,1,5.354948,5.354948,Tina Aminipour,4890,2026-09-18T13:48:51.194429,,,
DATA,32.449,-7.73639154,0.64,-2.59735155,0.0,79.3547058,0.0,-6.163928,-0.160000026,-2.301786,0.0,79.3547058,0.0,-7.73639154,0.64,-2.59735155,0.0,79.3547058,0.0,-7.73639154,0.64,-2.59735155,0.0,79.3547058,0.0,0.0,0.0,1.0,0.0,0.0,0.0,0.0,1,1,1,15,1,5.40543556,5.40543556,Tina Aminipour,4890,2026-09-18T13:48:51.245467,,,
DATA,32.499,-7.56082535,0.64,-2.56435156,0.0,79.3547058,0.0,-5.988362,-0.160000026,-2.268786,0.0,79.3547058,0.0,-7.56082535,0.64,-2.56435156,0.0,79.3547058,0.0,-7.56082535,0.64,-2.56435156,0.0,79.3547058,0.0,0.0,0.0,1.0,0.0,0.0,0.0,0.0,1,1,1,15,1,5.45648766,5.45648766,Tina Aminipour,4890,2026-09-18T13:48:51.295560,,,
DATA,32.55,-7.38820362,0.6399999,-2.5319047,0.0,79.3547058,0.0,-5.81574,-0.160000086,-2.236339,0.0,79.3547058,0.0,-7.38820362,0.6399999,-2.5319047,0.0,79.3547058,0.0,-7.38820362,0.6399999,-2.5319047,0.0,79.3547058,0.0,0.0,0.0,1.0,0.0,0.0,0.0,0.0,1,1,1,15,1,5.506529,5.506529,Tina Aminipour,4890,2026-09-18T13:48:51.346037,,,
DATA,32.6,-7.210754,0.640000045,-2.498551,0.0,79.3547058,0.0,-5.63829041,-0.159999967,-2.20298529,0.0,79.3547058,0.0,-7.210754,0.640000045,-2.498551,0.0,79.3547058,0.0,-7.210754,0.640000045,-2.498551,0.0,79.3547058,0.0,0.0,0.0,1.0,0.0,0.0,0.0,0.0,1,1,1,15,1,5.557766,5.557766,Tina Aminipour,4890,2026-09-18T13:48:51.397208,,,
DATA,32.651,-7.037646,0.64,-2.46601272,0.0,79.3547058,0.0,-5.4651823,-0.160000026,-2.170447,0.0,79.3547058,0.0,-7.037646,0.64,-2.46601272,0.0,79.3547058,0.0,-7.037646,0.64,-2.46601272,0.0,79.3547058,0.0,0.0,0.0,1.0,0.0,0.0,0.0,0.0,1,1,1,15,1,5.60783958,5.60783958,Tina Aminipour,4890,2026-09-18T13:48:51.448502,,,
DATA,32.699,-6.87511826,0.640000045,-2.43546367,0.0,79.3547058,0.0,-5.30265474,-0.159999967,-2.139898,0.0,79.3547058,0.0,-6.87511826,0.640000045,-2.43546367,0.0,79.3547058,0.0,-6.87511826,0.640000045,-2.43546367,0.0,79.3547058,0.0,0.0,0.0,1.0,0.0,0.0,0.0,0.0,1,1,1,15,1,5.65584755,5.65584755,Tina Aminipour,4890,2026-09-18T13:48:51.495271,,,
DATA,32.749,-6.70001268,0.64,-2.40255022,0.0,79.3547058,0.0,-5.127549,-0.160000026,-2.10698462,0.0,79.3547058,0.0,-6.70001268,0.64,-2.40255022,0.0,79.3547058,0.0,-6.70001268,0.64,-2.40255022,0.0,79.3547058,0.0,0.0,0.0,1.0,0.0,0.0,0.0,0.0,1,1,1,15,1,5.70669,5.70669,Tina Aminipour,4890,2026-09-18T13:48:51.546121,,,
DATA,32.798,-6.528766,0.640000045,-2.370362,0.0,79.3547058,0.0,-4.95630264,-0.159999967,-2.07479644,0.0,79.3547058,0.0,-6.528766,0.640000045,-2.370362,0.0,79.3547058,0.0,-6.528766,0.640000045,-2.370362,0.0,79.3547058,0.0,0.0,0.0,1.0,0.0,0.0,0.0,0.0,1,1,1,15,1,5.756445,5.756445,Tina Aminipour,4890,2026-09-18T13:48:51.596085,,,
DATA,32.849,-6.35691261,0.64,-2.33806,0.0,79.3547058,0.0,-4.784449,-0.160000026,-2.0424943,0.0,79.3547058,0.0,-6.35691261,0.64,-2.33806,0.0,79.3547058,0.0,-6.35691261,0.64,-2.33806,0.0,79.3547058,0.0,0.0,0.0,1.0,0.0,0.0,0.0,0.0,1,1,1,15,1,5.806164,5.806164,Tina Aminipour,4890,2026-09-18T13:48:51.644968,,,
DATA,32.899,-6.18652868,0.6399999,-2.306034,0.0,79.3547058,0.0,-4.614065,-0.160000086,-2.01046848,0.0,79.3547058,0.0,-6.18652868,0.6399999,-2.306034,0.0,79.3547058,0.0,-6.18652868,0.6399999,-2.306034,0.0,79.3547058,0.0,0.0,0.0,1.0,0.0,0.0,0.0,0.0,1,1,1,15,1,5.855856,5.855856,Tina Aminipour,4890,2026-09-18T13:48:51.695357,,,
DATA,32.95,-6.008118,0.64,-2.27249932,0.0,79.3547058,0.0,-4.43565464,-0.160000026,-1.97693372,0.0,79.3547058,0.0,-6.008118,0.64,-2.27249932,0.0,79.3547058,0.0,-6.008118,0.64,-2.27249932,0.0,79.3547058,0.0,0.0,0.0,1.0,0.0,0.0,0.0,0.0,1,1,1,15,1,5.90782928,5.90782928,Tina Aminipour,4890,2026-09-18T13:48:51.747844,,,
DATA,33.001,-5.83740139,0.64,-2.2404108,0.0,79.3547058,0.0,-4.264938,-0.160000026,-1.9448452,0.0,79.3547058,0.0,-5.83740139,0.64,-2.2404108,0.0,79.3547058,0.0,-5.83740139,0.64,-2.2404108,0.0,79.3547058,0.0,0.0,0.0,1.0,0.0,0.0,0.0,0.0,1,1,1,15,1,5.95797348,5.95797348,Tina Aminipour,4890,2026-09-18T13:48:51.797428,,,
DATA,33.051,-5.662384,0.64,-2.207514,0.0,79.3547058,0.0,-4.08992052,-0.160000026,-1.91194844,0.0,79.3547058,0.0,-5.662384,0.64,-2.207514,0.0,79.3547058,0.0,-5.662384,0.64,-2.207514,0.0,79.3547058,0.0,0.0,0.0,1.0,0.0,0.0,0.0,0.0,1,1,1,15,1,6.00807953,6.00807953,Tina Aminipour,4890,2026-09-18T13:48:51.847674,,,
DATA,33.099,-5.50052738,0.64,-2.177091,0.0,79.3547058,0.0,-3.92806387,-0.160000026,-1.88152528,0.0,79.3547058,0.0,-5.50052738,0.64,-2.177091,0.0,79.3547058,0.0,-5.50052738,0.64,-2.177091,0.0,79.3547058,0.0,0.0,0.0,1.0,0.0,0.0,0.0,0.0,1,1,1,15,1,6.05585861,6.05585861,Tina Aminipour,4890,2026-09-18T13:48:51.895839,,,
DATA,33.152,-5.3155,0.64,-2.14231229,0.0,79.3547058,0.0,-3.74303627,-0.160000026,-1.8467468,0.0,79.3547058,0.0,-5.3155,0.64,-2.14231229,0.0,79.3547058,0.0,-5.3155,0.64,-2.14231229,0.0,79.3547058,0.0,0.0,0.0,1.0,0.0,0.0,0.0,0.0,1,1,1,15,1,6.10897255,6.10897255,Tina Aminipour,4890,2026-09-18T13:48:51.949056,,,
DATA,33.198,-5.157961,0.64,-2.112701,0.0,79.3547058,0.0,-3.58549738,-0.160000026,-1.81713533,0.0,79.3547058,0.0,-5.157961,0.64,-2.112701,0.0,79.3547058,0.0,-5.157961,0.64,-2.112701,0.0,79.3547058,0.0,0.0,0.0,1.0,0.0,0.0,0.0,0.0,1,1,1,15,1,6.155176,6.155176,Tina Aminipour,4890,2026-09-18T13:48:51.989677,,,
DATA,33.248,-4.985164,0.64,-2.08022141,0.0,79.3547058,0.0,-3.41270065,-0.160000026,-1.78465581,0.0,79.3547058,0.0,-4.985164,0.64,-2.08022141,0.0,79.3547058,0.0,-4.985164,0.64,-2.08022141,0.0,79.3547058,0.0,0.0,0.0,1.0,0.0,0.0,0.0,0.0,1,1,1,15,1,6.20521355,6.20521355,Tina Aminipour,4890,2026-09-18T13:48:52.045038,,,
DATA,33.299,-4.81332541,0.64,-2.04792213,0.0,79.3547058,0.0,-3.24086213,-0.160000026,-1.75235653,0.0,79.3547058,0.0,-4.81332541,0.64,-2.04792213,0.0,79.3547058,0.0,-4.81332541,0.64,-2.04792213,0.0,79.3547058,0.0,0.0,0.0,1.0,0.0,0.0,0.0,0.0,1,1,1,15,1,6.25637627,6.25637627,Tina Aminipour,4890,2026-09-18T13:48:52.098431,,,
DATA,33.349,-4.634886,0.64,-2.014382,0.0,79.3547058,0.0,-3.06242251,-0.160000026,-1.7188164,0.0,79.3547058,0.0,-4.634886,0.64,-2.014382,0.0,79.3547058,0.0,-4.634886,0.64,-2.014382,0.0,79.3547058,0.0,0.0,0.0,1.0,0.0,0.0,0.0,0.0,1,1,1,15,1,6.30676842,6.30676842,Tina Aminipour,4890,2026-09-18T13:48:52.147130,,,
DATA,33.401,-4.4575367,0.64,-1.9810468,0.0,79.3547058,0.0,-2.88507342,-0.160000026,-1.68548131,0.0,79.3547058,0.0,-4.4575367,0.64,-1.9810468,0.0,79.3547058,0.0,-4.4575367,0.64,-1.9810468,0.0,79.3547058,0.0,0.0,0.0,1.0,0.0,0.0,0.0,0.0,1,1,1,15,1,6.35831833,6.35831833,Tina Aminipour,4890,2026-09-18T13:48:52.198068,,,
DATA,33.452,-4.283985,0.6399999,-1.94842541,0.0,79.3547058,0.0,-2.71152186,-0.160000086,-1.65285993,0.0,79.3547058,0.0,-4.283985,0.6399999,-1.94842541,0.0,79.3547058,0.0,-4.283985,0.6399999,-1.94842541,0.0,79.3547058,0.0,0.0,0.0,1.0,0.0,0.0,0.0,0.0,1,1,1,15,1,6.40891266,6.40891266,Tina Aminipour,4890,2026-09-18T13:48:52.247854,,,
DATA,33.501,-4.11176157,0.64,-1.91605365,0.0,79.3547058,0.0,-2.539298,-0.160000026,-1.62048817,0.0,79.3547058,0.0,-4.11176157,0.64,-1.91605365,0.0,79.3547058,0.0,-4.11176157,0.64,-1.91605365,0.0,79.3547058,0.0,0.0,0.0,1.0,0.0,0.0,0.0,0.0,1,1,1,15,1,6.458639,6.458639,Tina Aminipour,4890,2026-09-18T13:48:52.297651,,,
DATA,33.549,-3.950653,0.640000045,-1.88577116,0.0,79.3547058,0.0,-2.37818956,-0.159999967,-1.59020567,0.0,79.3547058,0.0,-3.950653,0.640000045,-1.88577116,0.0,79.3547058,0.0,-3.950653,0.640000045,-1.88577116,0.0,79.3547058,0.0,0.0,0.0,1.0,0.0,0.0,0.0,0.0,1,1,2,15,2,6.50592041,6.50592041,Tina Aminipour,4890,2026-09-18T13:48:52.345868,,,
DATA,33.602,-3.7679677,0.64,-1.851433,0.0,79.3547058,0.0,-2.19550419,-0.160000026,-1.55586755,0.0,79.3547058,0.0,-3.7679677,0.64,-1.851433,0.0,79.3547058,0.0,-3.7679677,0.64,-1.851433,0.0,79.3547058,0.0,0.0,0.0,1.0,0.0,0.0,0.0,0.0,1,1,2,15,2,6.558914,6.558914,Tina Aminipour,4890,2026-09-18T13:48:52.398762,,,
DATA,33.651,-3.60771227,0.64,-1.82131088,0.0,79.3547058,0.0,-2.035249,-0.160000026,-1.52574539,0.0,79.3547058,0.0,-3.60771227,0.64,-1.82131088,0.0,79.3547058,0.0,-3.60771227,0.64,-1.82131088,0.0,79.3547058,0.0,0.0,0.0,1.0,0.0,0.0,0.0,0.0,1,1,2,15,2,6.608328,6.608328,Tina Aminipour,4890,2026-09-18T13:48:52.448815,,,
DATA,33.699,-3.43379736,0.64,-1.78862131,0.0,79.3547058,0.0,-1.86133409,-0.160000026,-1.49305582,0.0,79.3547058,0.0,-3.43379736,0.64,-1.78862131,0.0,79.3547058,0.0,-3.43379736,0.64,-1.78862131,0.0,79.3547058,0.0,0.0,0.0,1.0,0.0,0.0,0.0,0.0,1,1,2,15,2,6.655922,6.655922,Tina Aminipour,4890,2026-09-18T13:48:52.494924,,,
DATA,33.747,-3.265275,0.64,-1.75694513,0.0,79.3547058,0.0,-1.69281149,-0.160000026,-1.46137965,0.0,79.3547058,0.0,-3.265275,0.64,-1.75694513,0.0,79.3547058,0.0,-3.265275,0.64,-1.75694513,0.0,79.3547058,0.0,0.0,0.0,1.0,0.0,0.0,0.0,0.0,1,1,2,15,2,6.705452,6.705452,Tina Aminipour,4890,2026-09-18T13:48:52.545089,,,
DATA,33.8,-3.08488083,0.64,-1.72303772,0.0,79.3547058,0.0,-1.51241755,-0.160000026,-1.42747223,0.0,79.3547058,0.0,-3.08488083,0.64,-1.72303772,0.0,79.3547058,0.0,-3.08488083,0.64,-1.72303772,0.0,79.3547058,0.0,0.0,0.0,1.0,0.0,0.0,0.0,0.0,1,1,2,15,2,6.757128,6.757128,Tina Aminipour,4890,2026-09-18T13:48:52.595838,,,
DATA,33.851,-2.91328144,0.640000045,-1.69078326,0.0,79.3547058,0.0,-1.340818,-0.159999967,-1.39521778,0.0,79.3547058,0.0,-2.91328144,0.640000045,-1.69078326,0.0,79.3547058,0.0,-2.91328144,0.640000045,-1.69078326,0.0,79.3547058,0.0,0.0,0.0,1.0,0.0,0.0,0.0,0.0,1,1,2,15,2,6.807358,6.807358,Tina Aminipour,4890,2026-09-18T13:48:52.646906,,,
DATA,33.899,-2.74453783,0.64,-1.65906572,0.0,79.3547058,0.0,-1.17207456,-0.160000026,-1.36350024,0.0,79.3547058,0.0,-2.74453783,0.64,-1.65906572,0.0,79.3547058,0.0,-2.74453783,0.64,-1.65906572,0.0,79.3547058,0.0,0.0,0.0,1.0,0.0,0.0,0.0,0.0,1,1,2,15,2,6.856497,6.856497,Tina Aminipour,4890,2026-09-18T13:48:52.695721,,,
DATA,33.948,-2.578866,0.64,-1.6279254,0.0,79.3547058,0.0,-1.00640249,-0.160000026,-1.33235991,0.0,79.3547058,0.0,-2.578866,0.64,-1.6279254,0.0,79.3547058,0.0,-2.578866,0.64,-1.6279254,0.0,79.3547058,0.0,0.0,0.0,1.0,0.0,0.0,0.0,0.0,1,1,2,15,2,6.905508,6.905508,Tina Aminipour,4890,2026-09-18T13:48:52.745385,,,
DATA,33.999,-2.39839149,0.6399999,-1.59400284,0.0,79.3547058,0.0,-0.8259281,-0.160000086,-1.29843736,0.0,79.3547058,0.0,-2.39839149,0.6399999,-1.59400284,0.0,79.3547058,0.0,-2.39839149,0.6399999,-1.59400284,0.0,79.3547058,0.0,0.0,0.0,1.0,0.0,0.0,0.0,0.0,1,1,2,15,2,6.956684,6.956684,Tina Aminipour,4890,2026-09-18T13:48:52.795549,,,
DATA,34.049,-2.229034,0.64,-1.56216991,0.0,79.3547058,0.0,-0.6565706,-0.160000026,-1.26660442,0.0,79.3547058,0.0,-2.229034,0.64,-1.56216991,0.0,79.3547058,0.0,-2.229034,0.64,-1.56216991,0.0,79.3547058,0.0,0.0,0.0,1.0,0.0,0.0,0.0,0.0,1,1,2,15,2,7.006298,7.006298,Tina Aminipour,4890,2026-09-18T13:48:52.846605,,,
DATA,34.1,-2.063069,0.64,-1.53097451,0.0,79.3547058,0.0,-0.4906058,-0.160000026,-1.235409,0.0,79.3547058,0.0,-2.063069,0.64,-1.53097451,0.0,79.3547058,0.0,-2.063069,0.64,-1.53097451,0.0,79.3547058,0.0,0.0,0.0,1.0,0.0,0.0,0.0,0.0,1,1,2,15,2,7.057209,7.057209,Tina Aminipour,4890,2026-09-18T13:48:52.892509,,,
DATA,34.149,-1.89122474,0.6399999,-1.49867415,0.0,79.3547058,0.0,-0.318761379,-0.160000086,-1.20310867,0.0,79.3547058,0.0,-1.89122474,0.6399999,-1.49867415,0.0,79.3547058,0.0,-1.89122474,0.6399999,-1.49867415,0.0,79.3547058,0.0,0.0,0.0,1.0,0.0,0.0,0.0,0.0,1,1,2,15,2,7.105734,7.105734,Tina Aminipour,4890,2026-09-18T13:48:52.941323,,,
DATA,34.202,-1.71107507,0.6399999,-1.474296,0.0,79.3547058,0.0,-0.138611615,-0.160000086,-1.17873049,0.0,79.3547058,0.0,-1.71107507,0.6399999,-1.474296,0.0,79.3547058,0.0,-1.71107507,0.6399999,-1.474296,0.0,79.3547058,0.0,0.0,0.0,1.0,0.0,0.0,0.0,0.0,1,1,2,15,2,7.15934,7.15934,Tina Aminipour,4890,2026-09-18T13:48:52.994820,,,
DATA,34.249,-1.59158087,0.64,-1.52593553,0.0,79.3547058,0.0,-0.019117441,-0.160000026,-1.23037,0.0,79.3547058,0.0,-1.59158087,0.64,-1.52593553,0.0,79.3547058,0.0,-1.59158087,0.64,-1.52593553,0.0,79.3547058,0.0,0.0,0.0,1.0,0.0,0.0,0.0,0.0,1,1,2,15,2,7.20599556,7.20599556,Tina Aminipour,4890,2026-09-18T13:48:53.041663,,,
DATA,34.299,-1.42185307,0.64,-1.51733589,0.0,79.3547058,0.0,0.150610283,-0.160000026,-1.22177041,0.0,79.3547058,0.0,-1.42185307,0.64,-1.51733589,0.0,79.3547058,0.0,-1.42185307,0.64,-1.51733589,0.0,79.3547058,0.0,0.0,0.0,1.0,0.0,0.0,0.0,0.0,1,1,2,15,2,7.25568,7.25568,Tina Aminipour,4890,2026-09-18T13:48:53.091173,,,
DATA,34.349,-1.30143774,0.640000045,-1.41821432,0.0,82.40786,0.0,0.32493487,-0.159999967,-1.19118333,0.0,82.10939,0.0,-1.30143774,0.640000045,-1.41821432,0.0,82.40786,0.0,-1.30143774,0.640000045,-1.41821432,0.0,82.40786,0.0,1.0,0.0,1.0,0.0,0.0,0.0,0.0,1,1,2,15,2,7.306423,7.306423,Tina Aminipour,4890,2026-09-18T13:48:53.142013,,,
DATA,34.4,-1.13010848,0.6399999,-1.26826572,0.0,86.96746,0.0,0.503008366,-0.160000086,-1.17309308,0.0,86.71327,0.0,-1.13010848,0.6399999,-1.26826572,0.0,86.96746,0.0,-1.13010848,0.6399999,-1.26826572,0.0,86.96746,0.0,1.0,0.0,1.0,0.0,0.0,0.0,0.0,1,1,2,15,2,7.35684,7.35684,Tina Aminipour,4890,2026-09-18T13:48:53.196361,,,
DATA,34.448,-0.966518,0.64,-1.14109993,0.0,91.30146,0.0,0.6709636,-0.160000026,-1.16921151,0.0,91.0342941,0.0,-0.966518,0.64,-1.14109993,0.0,91.30146,0.0,-0.966518,0.64,-1.14109993,0.0,91.30146,0.0,1.0,0.0,1.0,0.0,0.0,0.0,0.0,1,1,2,15,2,7.40506744,7.40506744,Tina Aminipour,4890,2026-09-18T13:48:53.243947,,,
DATA,34.498,-0.749678969,0.64,-1.05965626,0.0,94.25084,0.0,0.8459196,-0.160000026,-1.17825329,0.0,94.25084,0.0,-0.749678969,0.64,-1.05965626,0.0,94.25084,0.0,-0.749678969,0.64,-1.05965626,0.0,94.25084,0.0,0.0,0.0,1.0,0.0,0.0,0.0,0.0,1,1,2,15,2,7.455038,7.455038,Tina Aminipour,4890,2026-09-18T13:48:53.294308,,,
DATA,34.548,-0.5771922,0.64,-1.07247674,0.0,94.25084,0.0,1.01840639,-0.160000026,-1.19107378,0.0,94.25084,0.0,-0.5771922,0.64,-1.07247674,0.0,94.25084,0.0,-0.5771922,0.64,-1.07247674,0.0,94.25084,0.0,0.0,0.0,1.0,0.0,0.0,0.0,0.0,1,1,2,15,2,7.504915,7.504915,Tina Aminipour,4890,2026-09-18T13:48:53.345143,,,
DATA,34.6,-0.39609313,0.64,-1.08593738,0.0,94.25084,0.0,1.19950545,-0.160000026,-1.20453441,0.0,94.25084,0.0,-0.39609313,0.64,-1.08593738,0.0,94.25084,0.0,-0.39609313,0.64,-1.08593738,0.0,94.25084,0.0,0.0,0.0,1.0,0.0,0.0,0.0,0.0,1,1,2,15,2,7.55711174,7.55711174,Tina Aminipour,4890,2026-09-18T13:48:53.396442,,,
DATA,34.65,-0.219236374,0.6399999,-1.09908271,0.0,94.25084,0.0,1.3763622,-0.160000086,-1.21767974,0.0,94.25084,0.0,-0.219236374,0.6399999,-1.09908271,0.0,94.25084,0.0,-0.219236374,0.6399999,-1.09908271,0.0,94.25084,0.0,0.0,0.0,1.0,0.0,0.0,0.0,0.0,1,1,2,15,2,7.6069355,7.6069355,Tina Aminipour,4890,2026-09-18T13:48:53.446994,,,
DATA,34.699,-0.047246933,0.64,-1.11186635,0.0,94.25084,0.0,1.54835165,-0.160000026,-1.23046339,0.0,94.25084,0.0,-0.047246933,0.64,-1.11186635,0.0,94.25084,0.0,-0.047246933,0.64,-1.11186635,0.0,94.25084,0.0,0.0,0.0,1.0,0.0,0.0,0.0,0.0,1,1,2,15,2,7.65640831,7.65640831,Tina Aminipour,4890,2026-09-18T13:48:53.496522,,,
DATA,34.75,0.128918171,0.64,-1.1249603,0.0,94.25084,0.0,1.72451675,-0.160000026,-1.24355733,0.0,94.25084,0.0,0.128918171,0.64,-1.1249603,0.0,94.25084,0.0,0.128918171,0.64,-1.1249603,0.0,94.25084,0.0,0.0,0.0,1.0,0.0,0.0,0.0,0.0,1,1,2,15,2,7.706846,7.706846,Tina Aminipour,4890,2026-09-18T13:48:53.547269,,,
DATA,34.8,0.302652121,0.64,-1.13787353,0.0,94.25084,0.0,1.8982507,-0.160000026,-1.25647056,0.0,94.25084,0.0,0.302652121,0.64,-1.13787353,0.0,94.25084,0.0,0.302652121,0.64,-1.13787353,0.0,94.25084,0.0,0.0,0.0,1.0,0.0,0.0,0.0,0.0,1,1,2,15,2,7.756754,7.756754,Tina Aminipour,4890,2026-09-18T13:48:53.596350,,,
DATA,34.849,0.472572684,0.64,-1.15050328,0.0,94.25084,0.0,2.06817126,-0.160000026,-1.26910031,0.0,94.25084,0.0,0.472572684,0.64,-1.15050328,0.0,94.25084,0.0,0.472572684,0.64,-1.15050328,0.0,94.25084,0.0,0.0,0.0,1.0,0.0,0.0,0.0,0.0,1,1,2,15,2,7.805353,7.805353,Tina Aminipour,4890,2026-09-18T13:48:53.644015,,,
DATA,34.9,0.653614163,0.6399999,-1.16395962,0.0,94.25084,0.0,2.24921274,-0.160000086,-1.28255665,0.0,94.25084,0.0,0.653614163,0.6399999,-1.16395962,0.0,94.25084,0.0,0.653614163,0.6399999,-1.16395962,0.0,94.25084,0.0,0.0,0.0,1.0,0.0,0.0,0.0,0.0,1,1,2,15,2,7.85682869,7.85682869,Tina Aminipour,4890,2026-09-18T13:48:53.696999,,,
DATA,34.95,0.827113748,0.6399999,-1.17685544,0.0,94.25084,0.0,2.42271233,-0.160000086,-1.29545248,0.0,94.25084,0.0,0.827113748,0.6399999,-1.17685544,0.0,94.25084,0.0,0.827113748,0.6399999,-1.17685544,0.0,94.25084,0.0,0.0,0.0,1.0,0.0,0.0,0.0,0.0,1,1,2,15,2,7.9066906,7.9066906,Tina Aminipour,4890,2026-09-18T13:48:53.746754,,,
DATA,35.0,0.9975046,0.64,-1.18952024,0.0,94.25084,0.0,2.59310317,-0.160000026,-1.30811727,0.0,94.25084,0.0,0.9975046,0.64,-1.18952024,0.0,94.25084,0.0,0.9975046,0.64,-1.18952024,0.0,94.25084,0.0,0.0,0.0,1.0,0.0,0.0,0.0,0.0,1,1,2,15,2,7.95677,7.95677,Tina Aminipour,4890,2026-09-18T13:48:53.796390,,,
DATA,35.049,1.1759938,0.64,-1.20278692,0.0,94.25084,0.0,2.77159238,-0.160000026,-1.321384,0.0,94.25084,0.0,1.1759938,0.64,-1.20278692,0.0,94.25084,0.0,1.1759938,0.64,-1.20278692,0.0,94.25084,0.0,0.0,0.0,1.0,0.0,0.0,0.0,0.0,1,1,2,15,2,8.006533,8.006533,Tina Aminipour,4890,2026-09-18T13:48:53.845867,,,
DATA,35.099,1.34918749,0.6399999,-1.21566,0.0,94.25084,0.0,2.944786,-0.160000086,-1.334257,0.0,94.25084,0.0,1.34918749,0.6399999,-1.21566,0.0,94.25084,0.0,1.34918749,0.6399999,-1.21566,0.0,94.25084,0.0,0.0,0.0,1.0,0.0,0.0,0.0,0.0,1,1,2,15,2,8.05636,8.05636,Tina Aminipour,4890,2026-09-18T13:48:53.895920,,,
DATA,35.148,1.51936257,0.64,-1.22830868,0.0,94.25084,0.0,3.11496115,-0.160000026,-1.34690571,0.0,94.25084,0.0,1.51936257,0.64,-1.22830868,0.0,94.25084,0.0,1.51936257,0.64,-1.22830868,0.0,94.25084,0.0,0.0,0.0,1.0,0.0,0.0,0.0,0.0,1,1,2,15,2,8.105318,8.105318,Tina Aminipour,4890,2026-09-18T13:48:53.944564,,,
DATA,35.2,1.69792068,0.640000045,-1.24158049,0.0,94.25084,0.0,3.29351926,-0.159999967,-1.36017752,0.0,94.25084,0.0,1.69792068,0.640000045,-1.24158049,0.0,94.25084,0.0,1.69792068,0.640000045,-1.24158049,0.0,94.25084,0.0,0.0,0.0,1.0,0.0,0.0,0.0,0.0,1,1,2,15,2,8.156488,8.156488,Tina Aminipour,4890,2026-09-18T13:48:53.996400,,,
DATA,35.25,1.84723449,0.64,-1.19623089,0.0,96.5528,0.0,3.471537,-0.160000026,-1.37456131,0.0,96.311554,0.0,1.84723449,0.64,-1.19623089,0.0,96.5528,0.0,1.84723449,0.64,-1.19623089,0.0,96.5528,0.0,1.0,0.0,1.0,0.0,0.0,0.0,0.0,1,1,2,15,2,8.206972,8.206972,Tina Aminipour,4890,2026-09-18T13:48:54.047026,,,
DATA,35.299,2.033467,0.640000045,-1.09745932,0.0,100.924667,0.0,3.639674,-0.159999967,-1.39907992,0.0,100.68187,0.0,2.033467,0.640000045,-1.09745932,0.0,100.924667,0.0,2.033467,0.640000045,-1.09745932,0.0,100.924667,0.0,1.0,0.0,1.0,0.0,0.0,0.0,0.0,1,1,2,15,2,8.255556,8.255556,Tina Aminipour,4890,2026-09-18T13:48:54.094910,,,
DATA,35.351,2.23983955,0.640000045,-1.006629,0.0,105.656204,0.0,3.81833529,-0.159999967,-1.43980479,0.0,105.395195,0.0,2.23983955,0.640000045,-1.006629,0.0,105.656204,0.0,2.23983955,0.640000045,-1.006629,0.0,105.656204,0.0,1.0,0.0,1.0,0.0,0.0,0.0,0.0,1,1,2,15,2,8.308233,8.308233,Tina Aminipour,4890,2026-09-18T13:48:54.148571,,,
DATA,35.398,2.40377736,0.640000045,-0.9375124,0.0,109.803146,0.0,3.96713519,-0.159999967,-1.48585653,0.0,109.401352,0.0,2.40377736,0.640000045,-0.9375124,0.0,109.803146,0.0,2.40377736,0.640000045,-0.9375124,0.0,109.803146,0.0,1.0,0.0,1.0,0.0,0.0,0.0,0.0,1,1,2,15,2,8.355089,8.355089,Tina Aminipour,4890,2026-09-18T13:48:54.190535,,,
DATA,35.451,2.65509939,0.64,-0.98388803,0.0,110.894829,0.0,4.149878,-0.160000026,-1.554534,0.0,110.894829,0.0,2.65509939,0.64,-0.98388803,0.0,110.894829,0.0,2.65509939,0.64,-0.98388803,0.0,110.894829,0.0,0.0,0.0,1.0,0.0,0.0,0.0,0.0,1,1,2,15,2,8.407965,8.407965,Tina Aminipour,4890,2026-09-18T13:48:54.247148,,,
DATA,35.5,2.813408,0.64,-1.0443238,0.0,110.894829,0.0,4.30818653,-0.160000026,-1.61496973,0.0,110.894829,0.0,2.813408,0.64,-1.0443238,0.0,110.894829,0.0,2.813408,0.64,-1.0443238,0.0,110.894829,0.0,0.0,0.0,1.0,0.0,0.0,0.0,0.0,1,1,2,15,2,8.456888,8.456888,Tina Aminipour,4890,2026-09-18T13:48:54.297230,,,
DATA,35.552,2.984151,0.64,-1.10950661,0.0,110.894829,0.0,4.47892952,-0.160000026,-1.68015254,0.0,110.894829,0.0,2.984151,0.64,-1.10950661,0.0,110.894829,0.0,2.984151,0.64,-1.10950661,0.0,110.894829,0.0,0.0,0.0,1.0,0.0,0.0,0.0,0.0,1,1,2,15,2,8.509005,8.509005,Tina Aminipour,4890,2026-09-18T13:48:54.349047,,,
DATA,35.601,3.14425468,0.64,-1.17062771,0.0,110.894829,0.0,4.63903332,-0.160000026,-1.74127364,0.0,110.894829,0.0,3.14425468,0.64,-1.17062771,0.0,110.894829,0.0,3.14425468,0.64,-1.17062771,0.0,110.894829,0.0,0.0,0.0,1.0,0.0,0.0,0.0,0.0,1,1,2,15,2,8.557756,8.557756,Tina Aminipour,4890,2026-09-18T13:48:54.396271,,,
DATA,35.65,3.30145168,0.64,-1.2306391,0.0,110.894829,0.0,4.79623032,-0.160000026,-1.801285,0.0,110.894829,0.0,3.30145168,0.64,-1.2306391,0.0,110.894829,0.0,3.30145168,0.64,-1.2306391,0.0,110.894829,0.0,0.0,0.0,1.0,0.0,0.0,0.0,0.0,1,1,2,15,2,8.60652,8.60652,Tina Aminipour,4890,2026-09-18T13:48:54.446691,,,
DATA,35.701,3.48331761,0.640000045,-1.36797714,0.0,108.222084,0.0,4.968692,-0.159999967,-1.865338,0.0,108.459892,0.0,3.48331761,0.640000045,-1.36797714,0.0,108.222084,0.0,3.48331761,0.640000045,-1.36797714,0.0,108.222084,0.0,-1.0,0.0,1.0,0.0,0.0,0.0,0.0,1,1,2,15,2,8.658377,8.658377,Tina Aminipour,4890,2026-09-18T13:48:54.498130,,,
DATA,35.751,3.62118816,0.64,-1.533104,0.0,103.775391,0.0,5.13235474,-0.160000026,-1.913714,0.0,104.070366,0.0,3.62118816,0.64,-1.533104,0.0,103.775391,0.0,3.62118816,0.64,-1.533104,0.0,103.775391,0.0,-1.0,0.0,1.0,0.0,0.0,0.0,0.0,1,1,2,15,2,8.708101,8.708101,Tina Aminipour,4890,2026-09-18T13:48:54.547898,,,
DATA,35.799,3.75489664,0.64,-1.6830101,0.0,99.4869156,0.0,5.29717731,-0.160000026,-1.94911218,0.0,99.73437,0.0,3.75489664,0.64,-1.6830101,0.0,99.4869156,0.0,3.75489664,0.64,-1.6830101,0.0,99.4869156,0.0,-1.0,0.0,1.0,0.0,0.0,0.0,0.0,1,1,2,15,2,8.755487,8.755487,Tina Aminipour,4890,2026-09-18T13:48:54.595086,,,
DATA,35.852,3.92322826,0.64,-1.83637667,0.0,94.7149658,0.0,5.48063564,-0.160000026,-1.97350061,0.0,94.97401,0.0,3.92322826,0.64,-1.83637667,0.0,94.7149658,0.0,3.92322826,0.64,-1.83637667,0.0,94.7149658,0.0,-1.0,0.0,1.0,0.0,0.0,0.0,0.0,1,1,2,15,2,8.808573,8.808573,Tina Aminipour,4890,2026-09-18T13:48:54.648137,,,
DATA,35.901,4.05805159,0.6399999,-1.89480364,0.0,93.219,0.0,5.655527,-0.160000086,-1.98464775,0.0,93.219,0.0,4.05805159,0.6399999,-1.89480364,0.0,93.219,0.0,4.05805159,0.6399999,-1.89480364,0.0,93.219,0.0,0.0,0.0,1.0,0.0,0.0,0.0,0.0,1,1,2,15,2,8.858496,8.858496,Tina Aminipour,4890,2026-09-18T13:48:54.697718,,,
DATA,35.949,4.224641,0.64,-1.90417278,0.0,93.219,0.0,5.82211637,-0.160000026,-1.99401689,0.0,93.219,0.0,4.224641,0.64,-1.90417278,0.0,93.219,0.0,4.224641,0.64,-1.90417278,0.0,93.219,0.0,0.0,0.0,1.0,0.0,0.0,0.0,0.0,1,1,2,15,2,8.905859,8.905859,Tina Aminipour,4890,2026-09-18T13:48:54.745303,,,
DATA,35.998,4.39383364,0.64,-1.91368854,0.0,93.219,0.0,5.991309,-0.160000026,-2.00353265,0.0,93.219,0.0,4.39383364,0.64,-1.91368854,0.0,93.219,0.0,4.39383364,0.64,-1.91368854,0.0,93.219,0.0,0.0,0.0,1.0,0.0,0.0,0.0,0.0,1,1,2,15,2,8.954939,8.954939,Tina Aminipour,4890,2026-09-18T13:48:54.796139,,,
DATA,36.052,4.58415,0.64,-1.9243921,0.0,93.219,0.0,6.18162537,-0.160000026,-2.01423621,0.0,93.219,0.0,4.58415,0.64,-1.9243921,0.0,93.219,0.0,4.58415,0.64,-1.9243921,0.0,93.219,0.0,0.0,0.0,1.0,0.0,0.0,0.0,0.0,1,1,2,15,2,9.009005,9.009005,Tina Aminipour,4890,2026-09-18T13:48:54.848535,,,
DATA,36.099,4.751929,0.640000045,-1.93382823,0.0,93.219,0.0,6.34940434,-0.159999967,-2.02367234,0.0,93.219,0.0,4.751929,0.640000045,-1.93382823,0.0,93.219,0.0,4.751929,0.640000045,-1.93382823,0.0,93.219,0.0,0.0,0.0,1.0,0.0,0.0,0.0,0.0,1,1,2,15,2,9.057058,9.057058,Tina Aminipour,4890,2026-09-18T13:48:54.896819,,,
DATA,36.148,4.91707373,0.64,-1.94311607,0.0,93.219,0.0,6.51454926,-0.160000026,-2.03296018,0.0,93.219,0.0,4.91707373,0.64,-1.94311607,0.0,93.219,0.0,4.91707373,0.64,-1.94311607,0.0,93.219,0.0,0.0,0.0,1.0,0.0,0.0,0.0,0.0,1,1,2,15,2,9.105051,9.105051,Tina Aminipour,4890,2026-09-18T13:48:54.945176,,,
DATA,36.198,5.094638,0.6399999,-1.95310271,0.0,93.219,0.0,6.6921134,-0.160000086,-2.04294682,0.0,93.219,0.0,5.094638,0.6399999,-1.95310271,0.0,93.219,0.0,5.094638,0.6399999,-1.95310271,0.0,93.219,0.0,0.0,0.0,1.0,0.0,0.0,0.0,0.0,1,1,2,15,2,9.154943,9.154943,Tina Aminipour,4890,2026-09-18T13:48:54.994182,,,
DATA,36.25,5.275515,0.64,-1.96327531,0.0,93.219,0.0,6.87299061,-0.160000026,-2.05311942,0.0,93.219,0.0,5.275515,0.64,-1.96327531,0.0,93.219,0.0,5.275515,0.64,-1.96327531,0.0,93.219,0.0,0.0,0.0,1.0,0.0,0.0,0.0,0.0,1,1,2,15,2,9.206816,9.206816,Tina Aminipour,4890,2026-09-18T13:48:55.046277,,,
DATA,36.298,5.445346,0.64,-1.97282684,0.0,93.219,0.0,7.04282141,-0.160000026,-2.062671,0.0,93.219,0.0,5.445346,0.64,-1.97282684,0.0,93.219,0.0,5.445346,0.64,-1.97282684,0.0,93.219,0.0,0.0,0.0,1.0,0.0,0.0,0.0,0.0,1,1,2,15,2,9.255625,9.255625,Tina Aminipour,4890,2026-09-18T13:48:55.094737,,,
DATA,36.349,5.625153,0.64,-1.9829396,0.0,93.219,0.0,7.22262859,-0.160000026,-2.07278371,0.0,93.219,0.0,5.625153,0.64,-1.9829396,0.0,93.219,0.0,5.625153,0.64,-1.9829396,0.0,93.219,0.0,0.0,0.0,1.0,0.0,0.0,0.0,0.0,1,1,2,15,2,9.306719,9.306719,Tina Aminipour,4890,2026-09-18T13:48:55.145664,,,
DATA,36.398,5.79520035,0.64,-1.992503,0.0,93.219,0.0,7.392676,-0.160000026,-2.08234715,0.0,93.219,0.0,5.79520035,0.64,-1.992503,0.0,93.219,0.0,5.79520035,0.64,-1.992503,0.0,93.219,0.0,0.0,0.0,1.0,0.0,0.0,0.0,0.0,1,1,2,15,2,9.35528,9.35528,Tina Aminipour,4890,2026-09-18T13:48:55.196313,,,
DATA,36.449,5.97080946,0.64,-2.00237966,0.0,93.219,0.0,7.568285,-0.160000026,-2.092224,0.0,93.219,0.0,5.97080946,0.64,-2.00237966,0.0,93.219,0.0,5.97080946,0.64,-2.00237966,0.0,93.219,0.0,0.0,0.0,1.0,0.0,0.0,0.0,0.0,1,1,2,15,2,9.406622,9.406622,Tina Aminipour,4890,2026-09-18T13:48:55.246840,,,
DATA,36.499,6.145876,0.64,-2.01222563,0.0,93.219,0.0,7.74335146,-0.160000026,-2.10206985,0.0,93.219,0.0,6.145876,0.64,-2.01222563,0.0,93.219,0.0,6.145876,0.64,-2.01222563,0.0,93.219,0.0,0.0,0.0,1.0,0.0,0.0,0.0,0.0,1,1,2,15,2,9.456072,9.456072,Tina Aminipour,4890,2026-09-18T13:48:55.295262,,,
DATA,36.552,6.330302,0.64,-2.02259779,0.0,93.219,0.0,7.92777729,-0.160000026,-2.112442,0.0,93.219,0.0,6.330302,0.64,-2.02259779,0.0,93.219,0.0,6.330302,0.64,-2.02259779,0.0,93.219,0.0,0.0,0.0,1.0,0.0,0.0,0.0,0.0,1,1,2,15,2,9.508673,9.508673,Tina Aminipour,4890,2026-09-18T13:48:55.347913,,,
DATA,36.6,6.50109053,0.64,-2.0322032,0.0,93.219,0.0,8.098566,-0.160000026,-2.12204742,0.0,93.219,0.0,6.50109053,0.64,-2.0322032,0.0,93.219,0.0,6.50109053,0.64,-2.0322032,0.0,93.219,0.0,0.0,0.0,1.0,0.0,0.0,0.0,0.0,1,1,2,15,2,9.55736351,9.55736351,Tina Aminipour,4890,2026-09-18T13:48:55.396516,,,
DATA,36.648,6.66637945,0.64,-2.04149938,0.0,93.219,0.0,8.263855,-0.160000026,-2.1313436,0.0,93.219,0.0,6.66637945,0.64,-2.04149938,0.0,93.219,0.0,6.66637945,0.64,-2.04149938,0.0,93.219,0.0,0.0,0.0,1.0,0.0,0.0,0.0,0.0,1,1,2,15,2,9.60506248,9.60506248,Tina Aminipour,4890,2026-09-18T13:48:55.444457,,,
DATA,36.698,6.841931,0.64,-2.05137253,0.0,93.219,0.0,8.439406,-0.160000026,-2.14121675,0.0,93.219,0.0,6.841931,0.64,-2.05137253,0.0,93.219,0.0,6.841931,0.64,-2.05137253,0.0,93.219,0.0,0.0,0.0,1.0,0.0,0.0,0.0,0.0,1,1,2,15,2,9.655249,9.655249,Tina Aminipour,4890,2026-09-18T13:48:55.493946,,,
DATA,36.75,7.023317,0.640000045,-2.061574,0.0,93.219,0.0,8.620792,-0.159999967,-2.15141821,0.0,93.219,0.0,7.023317,0.640000045,-2.061574,0.0,93.219,0.0,7.023317,0.640000045,-2.061574,0.0,93.219,0.0,0.0,0.0,1.0,0.0,0.0,0.0,0.0,1,1,2,15,2,9.707026,9.707026,Tina Aminipour,4890,2026-09-18T13:48:55.546371,,,
DATA,36.798,7.1895957,0.6399999,-2.07092571,0.0,93.219,0.0,8.787071,-0.160000086,-2.16077,0.0,93.219,0.0,7.1895957,0.6399999,-2.07092571,0.0,93.219,0.0,7.1895957,0.6399999,-2.07092571,0.0,93.219,0.0,0.0,0.0,1.0,0.0,0.0,0.0,0.0,1,1,2,15,2,9.755442,9.755442,Tina Aminipour,4890,2026-09-18T13:48:55.595011,,,
DATA,36.85,7.377271,0.64,-2.08148074,0.0,93.219,0.0,8.974747,-0.160000026,-2.171325,0.0,93.219,0.0,7.377271,0.64,-2.08148074,0.0,93.219,0.0,7.377271,0.64,-2.08148074,0.0,93.219,0.0,0.0,0.0,1.0,0.0,0.0,0.0,0.0,1,1,2,15,2,9.808271,9.808271,Tina Aminipour,4890,2026-09-18T13:48:55.648105,,,
DATA,36.899,7.54444361,0.640000045,-2.09088278,0.0,93.219,0.0,9.141919,-0.159999967,-2.180727,0.0,93.219,0.0,7.54444361,0.640000045,-2.09088278,0.0,93.219,0.0,7.54444361,0.640000045,-2.09088278,0.0,93.219,0.0,0.0,0.0,1.0,0.0,0.0,0.0,0.0,1,1,2,15,2,9.856104,9.856104,Tina Aminipour,4890,2026-09-18T13:48:55.695697,,,
DATA,36.949,7.75241375,0.64,-2.125875,0.0,92.05026,0.0,9.315114,-0.160000026,-2.190327,0.0,92.30509,0.0,7.75241375,0.64,-2.125875,0.0,92.05026,0.0,7.75241375,0.64,-2.125875,0.0,92.05026,0.0,-1.0,0.0,1.0,0.0,0.0,0.0,0.0,1,1,2,15,2,9.905825,9.905825,Tina Aminipour,4890,2026-09-18T13:48:55.745200,,,
DATA,36.997,7.92501736,0.6399999,-2.24672222,0.0,87.6366959,0.0,9.486196,-0.160000086,-2.191239,0.0,87.9047241,0.0,7.92501736,0.6399999,-2.24672222,0.0,87.6366959,0.0,7.92501736,0.6399999,-2.24672222,0.0,87.6366959,0.0,-1.0,0.0,1.0,0.0,0.0,0.0,0.0,1,1,2,15,2,9.954935,9.954935,Tina Aminipour,4890,2026-09-18T13:48:55.793923,,,
DATA,37.049,8.109457,0.6399999,-2.35828733,0.0,83.08392,0.0,9.6633,-0.160000086,-2.17832828,0.0,83.33733,0.0,8.109457,0.6399999,-2.35828733,0.0,83.08392,0.0,8.109457,0.6399999,-2.35828733,0.0,83.08392,0.0,-1.0,0.0,1.0,0.0,0.0,0.0,0.0,1,1,3,15,3,10.0054417,10.0054417,Tina Aminipour,4890,2026-09-18T13:48:55.845340,,,
DATA,37.099,8.30277,0.64,-2.452229,0.0,78.58786,0.0,9.835439,-0.160000026,-2.15206122,0.0,78.85857,0.0,8.30277,0.64,-2.452229,0.0,78.58786,0.0,8.30277,0.64,-2.452229,0.0,78.58786,0.0,-1.0,0.0,1.0,0.0,0.0,0.0,0.0,1,1,3,15,3,10.0554943,10.0554943,Tina Aminipour,4890,2026-09-18T13:48:55.894101,,,
DATA,37.154,8.5253,0.64,-2.53434229,0.0,73.67766,0.0,10.0188274,-0.160000026,-2.108505,0.0,74.01028,0.0,8.5253,0.64,-2.53434229,0.0,73.67766,0.0,8.5253,0.64,-2.53434229,0.0,73.67766,0.0,-1.0,0.0,1.0,0.0,0.0,0.0,0.0,1,1,3,15,3,10.1103954,10.1103954,Tina Aminipour,4890,2026-09-18T13:48:55.949714,,,
DATA,37.198,8.706158,0.6399999,-2.595756,0.0,69.56884,0.0,10.1733189,-0.160000086,-2.058705,0.0,69.835434,0.0,8.706158,0.6399999,-2.595756,0.0,69.56884,0.0,8.706158,0.6399999,-2.595756,0.0,69.56884,0.0,-1.0,0.0,1.0,0.0,0.0,0.0,0.0,1,1,3,15,3,10.1556835,10.1556835,Tina Aminipour,4890,2026-09-18T13:48:55.994859,,,
DATA,37.248,8.915722,0.6399999,-2.6441412,0.0,65.03246,0.0,10.336937,-0.160000086,-1.99184823,0.0,65.28921,0.0,8.915722,0.6399999,-2.6441412,0.0,65.03246,0.0,8.915722,0.6399999,-2.6441412,0.0,65.03246,0.0,-1.0,0.0,1.0,0.0,0.0,0.0,0.0,1,1,3,15,3,10.2060337,10.2060337,Tina Aminipour,4890,2026-09-18T13:48:56.045298,,,
DATA,37.3,9.128508,0.64,-2.67552328,0.0,60.50183,0.0,10.4944162,-0.160000026,-1.9123956,0.0,60.75238,0.0,9.128508,0.64,-2.67552328,0.0,60.50183,0.0,9.128508,0.64,-2.67552328,0.0,60.50183,0.0,-1.0,0.0,1.0,0.0,0.0,0.0,0.0,1,1,3,15,3,10.2563381,10.2563381,Tina Aminipour,4890,2026-09-18T13:48:56.095316,,,
DATA,37.351,9.351975,0.64,-2.68960571,0.0,55.795105,0.0,10.65057,-0.160000026,-1.81706655,0.0,56.04656,0.0,9.351975,0.64,-2.68960571,0.0,55.795105,0.0,9.351975,0.64,-2.68960571,0.0,55.795105,0.0,-1.0,0.0,1.0,0.0,0.0,0.0,0.0,1,1,3,15,3,10.3086414,10.3086414,Tina Aminipour,4890,2026-09-18T13:48:56.148085,,,
DATA,37.4,9.561584,0.64,-2.682527,0.0,51.44159,0.0,10.7863445,-0.160000026,-1.71881008,0.0,51.7358932,0.0,9.561584,0.64,-2.682527,0.0,51.44159,0.0,9.561584,0.64,-2.682527,0.0,51.44159,0.0,-1.0,0.0,1.0,0.0,0.0,0.0,0.0,1,1,3,15,3,10.3572521,10.3572521,Tina Aminipour,4890,2026-09-18T13:48:56.191183,,,
DATA,37.451,9.77450752,0.64,-2.66704464,0.0,46.8815155,0.0,10.92299,-0.160000026,-1.60268533,0.0,47.1234665,0.0,9.77450752,0.64,-2.66704464,0.0,46.8815155,0.0,9.77450752,0.64,-2.66704464,0.0,46.8815155,0.0,-1.0,0.0,1.0,0.0,0.0,0.0,0.0,1,1,3,15,3,10.407629,10.407629,Tina Aminipour,4890,2026-09-18T13:48:56.247584,,,
DATA,37.501,9.987641,0.6399999,-2.628952,0.0,42.3440323,0.0,11.047596,-0.160000086,-1.47836947,0.0,42.5962334,0.0,9.987641,0.6399999,-2.628952,0.0,42.3440323,0.0,9.987641,0.6399999,-2.628952,0.0,42.3440323,0.0,-1.0,0.0,1.0,0.0,0.0,0.0,0.0,1,1,3,15,3,10.4581013,10.4581013,Tina Aminipour,4890,2026-09-18T13:48:56.298245,,,
DATA,37.549,10.1865158,0.6399999,-2.57698965,0.0,38.0395279,0.0,11.1563263,-0.160000086,-1.35180736,0.0,38.304718,0.0,10.1865158,0.6399999,-2.57698965,0.0,38.0395279,0.0,10.1865158,0.6399999,-2.57698965,0.0,38.0395279,0.0,-1.0,0.0,1.0,0.0,0.0,0.0,0.0,1,1,3,15,3,10.5060024,10.5060024,Tina Aminipour,4890,2026-09-18T13:48:56.345719,,,
DATA,37.6,10.3969021,0.6399999,-2.49607348,0.0,33.42943,0.0,11.2600937,-0.160000086,-1.21042871,0.0,33.7939758,0.0,10.3969021,0.6399999,-2.49607348,0.0,33.42943,0.0,10.3969021,0.6399999,-2.49607348,0.0,33.42943,0.0,-1.0,0.0,1.0,0.0,0.0,0.0,0.0,1,1,3,15,3,10.5577755,10.5577755,Tina Aminipour,4890,2026-09-18T13:48:56.398526,,,
DATA,37.65,10.58969,0.64,-2.41927934,0.0,28.964817,0.0,11.3529615,-0.160000026,-1.06057525,0.0,29.25941,0.0,10.58969,0.64,-2.41927934,0.0,28.964817,0.0,10.58969,0.64,-2.41927934,0.0,28.964817,0.0,-1.0,0.0,1.0,0.0,0.0,0.0,0.0,1,1,3,15,3,10.6069965,10.6069965,Tina Aminipour,4890,2026-09-18T13:48:56.447121,,,
DATA,37.7,10.7585135,0.64,-2.31781054,0.0,24.41495,0.0,11.4114847,-0.160000026,-0.903406441,0.0,24.7135124,0.0,10.7585135,0.64,-2.31781054,0.0,24.41495,0.0,10.7585135,0.64,-2.31781054,0.0,24.41495,0.0,-1.0,0.0,1.0,0.0,0.0,0.0,0.0,1,1,3,15,3,10.6575718,10.6575718,Tina Aminipour,4890,2026-09-18T13:48:56.492694,,,
DATA,37.752,10.8756008,0.64,-2.20150924,0.0,19.8045044,0.0,11.4129591,-0.160000026,-0.7375618,0.0,20.0917358,0.0,10.8756008,0.64,-2.20150924,0.0,19.8045044,0.0,10.8756008,0.64,-2.20150924,0.0,19.8045044,0.0,-1.0,0.0,1.0,0.0,0.0,0.0,0.0,1,1,3,15,3,10.7087345,10.7087345,Tina Aminipour,4890,2026-09-18T13:48:56.549193,,,
DATA,37.801,10.9909554,0.64,-2.07835722,0.0,15.4008112,0.0,11.4144611,-0.160000026,-0.573916,0.0,15.6635275,0.0,10.9909554,0.64,-2.07835722,0.0,15.4008112,0.0,10.9909554,0.64,-2.07835722,0.0,15.4008112,0.0,-1.0,0.0,1.0,0.0,0.0,0.0,0.0,1,1,3,15,3,10.7575283,10.7575283,Tina Aminipour,4890,2026-09-18T13:48:56.598922,,,
DATA,37.85,11.11128,0.64,-1.93813288,0.0,10.92152,0.0,11.41597,-0.160000026,-0.4044977,0.0,11.1793127,0.0,11.11128,0.64,-1.93813288,0.0,10.92152,0.0,11.11128,0.64,-1.93813288,0.0,10.92152,0.0,-1.0,0.0,1.0,0.0,0.0,0.0,0.0,1,1,3,15,3,10.807272,10.807272,Tina Aminipour,4890,2026-09-18T13:48:56.647384,,,
DATA,37.9,11.2296638,0.6399999,-1.77819157,0.0,6.52455044,0.0,11.4174614,-0.160000086,-0.239410535,0.0,6.87735748,0.0,11.2296638,0.6399999,-1.77819157,0.0,6.52455044,0.0,11.2296638,0.6399999,-1.77819157,0.0,6.52455044,0.0,-1.0,0.0,1.0,0.0,0.0,0.0,0.0,1,1,3,15,3,10.8566532,10.8566532,Tina Aminipour,4890,2026-09-18T13:48:56.696444,,,
DATA,37.949,11.3532038,0.6399999,-1.62219262,0.0,2.06743813,0.0,11.4190493,-0.160000086,-0.0642310455,0.0,2.35538936,0.0,11.3532038,0.6399999,-1.62219262,0.0,2.06743813,0.0,11.3532038,0.6399999,-1.62219262,0.0,2.06743813,0.0,-1.0,0.0,1.0,0.0,0.0,0.0,0.0,1,1,3,15,3,10.905817,10.905817,Tina Aminipour,4890,2026-09-18T13:48:56.745359,,,
DATA,38.0,11.4783154,0.64,-1.44720864,0.0,-2.51327515,0.0,11.4184294,-0.160000026,0.114947,0.0,-2.25332642,0.0,11.4783154,0.64,-1.44720864,0.0,-2.51327515,0.0,11.4783154,0.64,-1.44720864,0.0,-2.51327515,0.0,-1.0,0.0,1.0,0.0,0.0,0.0,0.0,1,1,3,15,3,10.95656,10.95656,Tina Aminipour,4890,2026-09-18T13:48:56.796397,,,
DATA,38.05,11.5827026,0.640000045,-1.25491548,0.0,-6.986023,0.0,11.4059992,-0.159999967,0.284627318,0.0,-6.629303,0.0,11.5827026,0.640000045,-1.25491548,0.0,-6.986023,0.0,11.5827026,0.640000045,-1.25491548,0.0,-6.986023,0.0,-1.0,0.0,1.0,0.0,0.0,0.0,0.0,1,1,3,15,3,11.0067921,11.0067921,Tina Aminipour,4890,2026-09-18T13:48:56.846602,,,
DATA,38.099,11.679924,0.64,-1.07244444,0.0,-11.4436646,0.0,11.3794289,-0.160000026,0.458933532,0.0,-11.1644287,0.0,11.679924,0.64,-1.07244444,0.0,-11.4436646,0.0,11.679924,0.64,-1.07244444,0.0,-11.4436646,0.0,-1.0,0.0,1.0,0.0,0.0,0.0,0.0,1,1,3,15,3,11.055891,11.055891,Tina Aminipour,4890,2026-09-18T13:48:56.895292,,,
DATA,38.149,11.75856,0.640000045,-0.874315,0.0,-15.9216,0.0,11.3397989,-0.159999967,0.6282454,0.0,-15.6369629,0.0,11.75856,0.640000045,-0.874315,0.0,-15.9216,0.0,11.75856,0.640000045,-0.874315,0.0,-15.9216,0.0,-1.0,0.0,1.0,0.0,0.0,0.0,0.0,1,1,3,15,3,11.1056767,11.1056767,Tina Aminipour,4890,2026-09-18T13:48:56.940769,,,
DATA,38.199,11.8172941,0.640000045,-0.663843155,0.0,-20.4255676,0.0,11.2876167,-0.159999967,0.792459846,0.0,-20.0687866,0.0,11.8172941,0.640000045,-0.663843155,0.0,-20.4255676,0.0,11.8172941,0.640000045,-0.663843155,0.0,-20.4255676,0.0,-1.0,0.0,1.0,0.0,0.0,0.0,0.0,1,1,3,15,3,11.1561222,11.1561222,Tina Aminipour,4890,2026-09-18T13:48:56.996407,,,
DATA,38.251,11.8722992,0.64,-0.4522195,0.0,-25.1448975,0.0,11.2168789,-0.160000026,0.9653633,0.0,-24.8740234,0.0,11.8722992,0.64,-0.4522195,0.0,-25.1448975,0.0,11.8722992,0.64,-0.4522195,0.0,-25.1448975,0.0,-1.0,0.0,1.0,0.0,0.0,0.0,0.0,1,1,3,15,3,11.2080822,11.2080822,Tina Aminipour,4890,2026-09-18T13:48:57.050071,,,
DATA,38.301,11.9038038,0.640000045,-0.239810944,0.0,-29.6813965,0.0,11.1367512,-0.159999967,1.12317622,0.0,-29.4263916,0.0,11.9038038,0.640000045,-0.239810944,0.0,-29.6813965,0.0,11.9038038,0.640000045,-0.239810944,0.0,-29.6813965,0.0,-1.0,0.0,1.0,0.0,0.0,0.0,0.0,1,1,3,15,3,11.2583981,11.2583981,Tina Aminipour,4890,2026-09-18T13:48:57.098287,,,
DATA,38.348,11.9087172,0.64,-0.03612089,0.0,-33.8405762,0.0,11.0548038,-0.160000026,1.25833046,0.0,-33.4915466,0.0,11.9087172,0.64,-0.03612089,0.0,-33.8405762,0.0,11.9087172,0.64,-0.03612089,0.0,-33.8405762,0.0,-1.0,0.0,1.0,0.0,0.0,0.0,0.0,1,1,3,15,3,11.3051357,11.3051357,Tina Aminipour,4890,2026-09-18T13:48:57.145400,,,
DATA,38.402,11.9133034,0.640000045,0.188970566,0.0,-38.70169,0.0,10.942338,-0.159999967,1.41460645,0.0,-38.44409,0.0,11.9133034,0.640000045,0.188970566,0.0,-38.70169,0.0,11.9133034,0.640000045,0.188970566,0.0,-38.70169,0.0,-1.0,0.0,1.0,0.0,0.0,0.0,0.0,1,1,3,15,3,11.3586407,11.3586407,Tina Aminipour,4890,2026-09-18T13:48:57.199928,,,
DATA,38.449,11.892643,0.64,0.388858318,0.0,-42.895874,0.0,10.83747,-0.160000026,1.53829134,0.0,-42.6147461,0.0,11.892643,0.64,0.388858318,0.0,-42.895874,0.0,11.892643,0.64,0.388858318,0.0,-42.895874,0.0,-1.0,0.0,1.0,0.0,0.0,0.0,0.0,1,1,3,15,3,11.4053707,11.4053707,Tina Aminipour,4890,2026-09-18T13:48:57.245209,,,
DATA,38.503,11.8530664,0.640000045,0.616683,0.0,-47.7628479,0.0,10.7040558,-0.159999967,1.6725173,0.0,-47.482666,0.0,11.8530664,0.640000045,0.616683,0.0,-47.7628479,0.0,11.8530664,0.640000045,0.616683,0.0,-47.7628479,0.0,-1.0,0.0,1.0,0.0,0.0,0.0,0.0,1,1,3,15,3,11.459444,11.459444,Tina Aminipour,4890,2026-09-18T13:48:57.299172,,,
DATA,38.55,11.8043013,0.64,0.815399647,0.0,-52.10321,0.0,10.575016,-0.160000026,1.78293419,0.0,-51.85086,0.0,11.8043013,0.64,0.815399647,0.0,-52.10321,0.0,11.8043013,0.64,0.815399647,0.0,-52.10321,0.0,-1.0,0.0,1.0,0.0,0.0,0.0,0.0,1,1,3,15,3,11.5075169,11.5075169,Tina Aminipour,4890,2026-09-18T13:48:57.346858,,,
DATA,38.6,11.7335014,0.640000045,1.01423645,0.0,-56.4980774,0.0,10.43814,-0.159999967,1.88307559,0.0,-56.2129822,0.0,11.7335014,0.640000045,1.01423645,0.0,-56.4980774,0.0,11.7335014,0.640000045,1.01423645,0.0,-56.4980774,0.0,-1.0,0.0,1.0,0.0,0.0,0.0,0.0,1,1,3,15,3,11.5565281,11.5565281,Tina Aminipour,4890,2026-09-18T13:48:57.395363,,,
DATA,38.65,11.6399174,0.64,1.21624041,0.0,-61.0970764,0.0,10.288271,-0.160000026,1.975812,0.0,-60.7460632,0.0,11.6399174,0.64,1.21624041,0.0,-61.0970764,0.0,11.6399174,0.64,1.21624041,0.0,-61.0970764,0.0,-1.0,0.0,1.0,0.0,0.0,0.0,0.0,1,1,3,15,3,11.607996,11.607996,Tina Aminipour,4890,2026-09-18T13:48:57.448451,,,
DATA,38.7,11.5517845,0.640000045,1.40279722,0.0,-65.58252,0.0,10.1293907,-0.159999967,2.057428,0.0,-65.3403,0.0,11.5517845,0.640000045,1.40279722,0.0,-65.58252,0.0,11.5517845,0.640000045,1.40279722,0.0,-65.58252,0.0,-1.0,0.0,1.0,0.0,0.0,0.0,0.0,1,1,3,15,3,11.6572285,11.6572285,Tina Aminipour,4890,2026-09-18T13:48:57.496744,,,
DATA,38.752,11.4323254,0.640000045,1.5893712,0.0,-70.22626,0.0,9.963013,-0.159999967,2.12653351,0.0,-69.97424,0.0,11.4323254,0.640000045,1.5893712,0.0,-70.22626,0.0,11.4323254,0.640000045,1.5893712,0.0,-70.22626,0.0,-1.0,0.0,1.0,0.0,0.0,0.0,0.0,1,1,3,15,3,11.7088795,11.7088795,Tina Aminipour,4890,2026-09-18T13:48:57.549042,,,
DATA,38.8,11.2973814,0.64,1.75231218,0.0,-74.5217,0.0,9.808563,-0.160000026,2.17722869,0.0,-74.15521,0.0,11.2973814,0.64,1.75231218,0.0,-74.5217,0.0,11.2973814,0.64,1.75231218,0.0,-74.5217,0.0,-1.0,0.0,1.0,0.0,0.0,0.0,0.0,1,1,3,15,3,11.7572422,11.7572422,Tina Aminipour,4890,2026-09-18T13:48:57.592566,,,
DATA,38.85,11.1658144,0.64,1.91585636,0.0,-79.08429,0.0,9.63216,-0.160000026,2.220391,0.0,-78.826416,0.0,11.1658144,0.64,1.91585636,0.0,-79.08429,0.0,11.1658144,0.64,1.91585636,0.0,-79.08429,0.0,-1.0,0.0,1.0,0.0,0.0,0.0,0.0,1,1,3,15,3,11.8073368,11.8073368,Tina Aminipour,4890,2026-09-18T13:48:57.647307,,,
DATA,38.902,11.0077314,0.640000045,2.06959438,0.0,-83.7265,0.0,9.453753,-0.159999967,2.24892116,0.0,-83.47354,0.0,11.0077314,0.640000045,2.06959438,0.0,-83.7265,0.0,11.0077314,0.640000045,2.06959438,0.0,-83.7265,0.0,-1.0,0.0,1.0,0.0,0.0,0.0,0.0,1,1,3,15,3,11.8588886,11.8588886,Tina Aminipour,4890,2026-09-18T13:48:57.697928,,,
DATA,38.951,10.8368607,0.64,2.19792938,0.0,-88.07083,0.0,9.289746,-0.160000026,2.26218581,0.0,-87.70563,0.0,10.8368607,0.64,2.19792938,0.0,-88.07083,0.0,10.8368607,0.64,2.19792938,0.0,-88.07083,0.0,-1.0,0.0,1.0,0.0,0.0,0.0,0.0,1,1,3,15,3,11.9077816,11.9077816,Tina Aminipour,4890,2026-09-18T13:48:57.748679,,,
DATA,39.001,10.6693277,0.64,2.32576227,0.0,-92.63733,0.0,9.108435,-0.160000026,2.26281357,0.0,-92.36926,0.0,10.6693277,0.64,2.32576227,0.0,-92.63733,0.0,10.6693277,0.64,2.32576227,0.0,-92.63733,0.0,-1.0,0.0,1.0,0.0,0.0,0.0,0.0,1,1,3,15,3,11.957983,11.957983,Tina Aminipour,4890,2026-09-18T13:48:57.797738,,,
DATA,39.049,10.4889078,0.64,2.43100643,0.0,-97.00995,0.0,8.939531,-0.160000026,2.25003171,0.0,-96.72595,0.0,10.4889078,0.64,2.43100643,0.0,-97.00995,0.0,10.4889078,0.64,2.43100643,0.0,-97.00995,0.0,-1.0,0.0,1.0,0.0,0.0,0.0,0.0,1,1,3,15,3,12.0066547,12.0066547,Tina Aminipour,4890,2026-09-18T13:48:57.847596,,,
DATA,39.1,10.3442783,0.64,2.49871349,0.0,-99.883606,0.0,8.768024,-0.160000026,2.2240777,0.0,-99.883606,0.0,10.3442783,0.64,2.49871349,0.0,-99.883606,0.0,10.3442783,0.64,2.49871349,0.0,-99.883606,0.0,0.0,0.0,1.0,0.0,0.0,0.0,0.0,1,1,3,15,3,12.0566654,12.0566654,Tina Aminipour,4890,2026-09-18T13:48:57.896567,,,
DATA,39.151,10.163415,0.64,2.46720123,0.0,-99.883606,0.0,8.587161,-0.160000026,2.19256544,0.0,-99.883606,0.0,10.163415,0.64,2.46720123,0.0,-99.883606,0.0,10.163415,0.64,2.46720123,0.0,-99.883606,0.0,0.0,0.0,1.0,0.0,0.0,0.0,0.0,1,1,3,15,3,12.1082211,12.1082211,Tina Aminipour,4890,2026-09-18T13:48:57.948599,,,
DATA,39.201,9.988938,0.64,2.43680143,0.0,-99.883606,0.0,8.412684,-0.160000026,2.16216564,0.0,-99.883606,0.0,9.988938,0.64,2.43680143,0.0,-99.883606,0.0,9.988938,0.64,2.43680143,0.0,-99.883606,0.0,0.0,0.0,1.0,0.0,0.0,0.0,0.0,1,1,3,15,3,12.1585941,12.1585941,Tina Aminipour,4890,2026-09-18T13:48:57.997749,,,
DATA,39.251,9.819417,0.640000045,2.40726519,0.0,-99.883606,0.0,8.243163,-0.159999967,2.13262939,0.0,-99.883606,0.0,9.819417,0.640000045,2.40726519,0.0,-99.883606,0.0,9.819417,0.640000045,2.40726519,0.0,-99.883606,0.0,0.0,0.0,1.0,0.0,0.0,0.0,0.0,1,1,3,15,3,12.2078953,12.2078953,Tina Aminipour,4890,2026-09-18T13:48:58.047383,,,
DATA,39.301,9.643652,0.64,2.37664127,0.0,-99.883606,0.0,8.067398,-0.160000026,2.10200548,0.0,-99.883606,0.0,9.643652,0.64,2.37664127,0.0,-99.883606,0.0,9.643652,0.64,2.37664127,0.0,-99.883606,0.0,0.0,0.0,1.0,0.0,0.0,0.0,0.0,1,1,3,15,3,12.2588253,12.2588253,Tina Aminipour,4890,2026-09-18T13:48:58.098143,,,
DATA,39.351,9.473386,0.64,2.346975,0.0,-99.883606,0.0,7.8971324,-0.160000026,2.0723393,0.0,-99.883606,0.0,9.473386,0.64,2.346975,0.0,-99.883606,0.0,9.473386,0.64,2.346975,0.0,-99.883606,0.0,0.0,0.0,1.0,0.0,0.0,0.0,0.0,1,1,3,15,3,12.3084927,12.3084927,Tina Aminipour,4890,2026-09-18T13:48:58.148589,,,
DATA,39.398,9.376385,0.64,2.24112415,0.0,-96.33096,0.0,7.74020624,-0.160000026,2.04804349,0.0,-96.6676,0.0,9.376385,0.64,2.24112415,0.0,-96.33096,0.0,9.376385,0.64,2.24112415,0.0,-96.33096,0.0,1.0,0.0,1.0,0.0,0.0,0.0,0.0,1,1,3,15,3,12.3550549,12.3550549,Tina Aminipour,4890,2026-09-18T13:48:58.195759,,,
DATA,39.453,9.183183,0.64,2.0827713,0.0,-91.42688,0.0,7.547162,-0.160000026,2.03316045,0.0,-91.68732,0.0,9.183183,0.64,2.0827713,0.0,-91.42688,0.0,9.183183,0.64,2.0827713,0.0,-91.42688,0.0,1.0,0.0,1.0,0.0,0.0,0.0,0.0,1,1,3,15,3,12.4091206,12.4091206,Tina Aminipour,4890,2026-09-18T13:48:58.249190,,,
DATA,39.501,9.007157,0.64,1.95662165,0.0,-86.9861145,0.0,7.374018,-0.160000026,2.03417563,0.0,-87.23386,0.0,9.007157,0.64,1.95662165,0.0,-86.9861145,0.0,9.007157,0.64,1.95662165,0.0,-86.9861145,0.0,1.0,0.0,1.0,0.0,0.0,0.0,0.0,1,1,3,15,3,12.4583912,12.4583912,Tina Aminipour,4890,2026-09-18T13:48:58.298531,,,
DATA,39.551,8.82362652,0.64,1.84381485,0.0,-82.5003052,0.0,7.200508,-0.160000026,2.048748,0.0,-82.75531,0.0,8.82362652,0.64,1.84381485,0.0,-82.5003052,0.0,8.82362652,0.64,1.84381485,0.0,-82.5003052,0.0,1.0,0.0,1.0,0.0,0.0,0.0,0.0,1,1,3,15,3,12.508276,12.508276,Tina Aminipour,4890,2026-09-18T13:48:58.348062,,,
DATA,39.601,8.610875,0.64,1.82618976,0.0,-81.08038,0.0,7.030224,-0.160000026,2.074267,0.0,-81.08038,0.0,8.610875,0.64,1.82618976,0.0,-81.08038,0.0,8.610875,0.64,1.82618976,0.0,-81.08038,0.0,0.0,0.0,1.0,0.0,0.0,0.0,0.0,1,1,3,15,3,12.5576115,12.5576115,Tina Aminipour,4890,2026-09-18T13:48:58.397045,,,
DATA,39.65,8.43855,0.64,1.85323548,0.0,-81.08038,0.0,6.85789871,-0.160000026,2.10131264,0.0,-81.08038,0.0,8.43855,0.64,1.85323548,0.0,-81.08038,0.0,8.43855,0.64,1.85323548,0.0,-81.08038,0.0,0.0,0.0,1.0,0.0,0.0,0.0,0.0,1,1,3,15,3,12.6073475,12.6073475,Tina Aminipour,4890,2026-09-18T13:48:58.446607,,,
DATA,39.7,8.265927,0.6399999,1.88032794,0.0,-81.08038,0.0,6.685276,-0.160000086,2.128405,0.0,-81.08038,0.0,8.265927,0.6399999,1.88032794,0.0,-81.08038,0.0,8.265927,0.6399999,1.88032794,0.0,-81.08038,0.0,0.0,0.0,1.0,0.0,0.0,0.0,0.0,1,1,4,15,4,12.6573887,12.6573887,Tina Aminipour,4890,2026-09-18T13:48:58.497328,,,
DATA,39.75,8.100519,0.6399999,1.90628815,0.0,-81.08038,0.0,6.51986837,-0.160000086,2.1543653,0.0,-81.08038,0.0,8.100519,0.6399999,1.90628815,0.0,-81.08038,0.0,8.100519,0.6399999,1.90628815,0.0,-81.08038,0.0,0.0,0.0,1.0,0.0,0.0,0.0,0.0,1,1,4,15,4,12.7069378,12.7069378,Tina Aminipour,4890,2026-09-18T13:48:58.546520,,,
DATA,39.8,7.920903,0.64,1.934478,0.0,-81.08038,0.0,6.3402524,-0.160000026,2.1825552,0.0,-81.08038,0.0,7.920903,0.64,1.934478,0.0,-81.08038,0.0,7.920903,0.64,1.934478,0.0,-81.08038,0.0,0.0,0.0,1.0,0.0,0.0,0.0,0.0,1,1,4,15,4,12.75736,12.75736,Tina Aminipour,4890,2026-09-18T13:48:58.592433,,,
DATA,39.851,7.740777,0.64,1.96274829,0.0,-81.08038,0.0,6.160126,-0.160000026,2.21082544,0.0,-81.08038,0.0,7.740777,0.64,1.96274829,0.0,-81.08038,0.0,7.740777,0.64,1.96274829,0.0,-81.08038,0.0,0.0,0.0,1.0,0.0,0.0,0.0,0.0,1,1,4,15,4,12.80892,12.80892,Tina Aminipour,4890,2026-09-18T13:48:58.648280,,,
DATA,39.9,7.576294,0.640000045,1.9885633,0.0,-81.08038,0.0,5.99564266,-0.159999967,2.23664045,0.0,-81.08038,0.0,7.576294,0.640000045,1.9885633,0.0,-81.08038,0.0,7.576294,0.640000045,1.9885633,0.0,-81.08038,0.0,0.0,0.0,1.0,0.0,0.0,0.0,0.0,1,1,4,15,4,12.8572979,12.8572979,Tina Aminipour,4890,2026-09-18T13:48:58.697122,,,
DATA,39.951,7.40074444,0.640000045,2.01611519,0.0,-81.08038,0.0,5.82009363,-0.159999967,2.26419234,0.0,-81.08038,0.0,7.40074444,0.640000045,2.01611519,0.0,-81.08038,0.0,7.40074444,0.640000045,2.01611519,0.0,-81.08038,0.0,0.0,0.0,1.0,0.0,0.0,0.0,0.0,1,1,4,15,4,12.907671,12.907671,Tina Aminipour,4890,2026-09-18T13:48:58.747337,,,
DATA,40.0,7.2324934,0.6399999,2.04252148,0.0,-81.08038,0.0,5.651842,-0.160000086,2.29059863,0.0,-81.08038,0.0,7.2324934,0.6399999,2.04252148,0.0,-81.08038,0.0,7.2324934,0.6399999,2.04252148,0.0,-81.08038,0.0,0.0,0.0,1.0,0.0,0.0,0.0,0.0,1,1,4,15,4,12.9565372,12.9565372,Tina Aminipour,4890,2026-09-18T13:48:58.795988,,,
DATA,40.049,7.059043,0.64,2.06974387,0.0,-81.08038,0.0,5.478392,-0.160000026,2.317821,0.0,-81.08038,0.0,7.059043,0.64,2.06974387,0.0,-81.08038,0.0,7.059043,0.64,2.06974387,0.0,-81.08038,0.0,0.0,0.0,1.0,0.0,0.0,0.0,0.0,1,1,4,15,4,13.0063229,13.0063229,Tina Aminipour,4890,2026-09-18T13:48:58.845963,,,
DATA,40.099,6.88526344,0.64,2.097018,0.0,-81.08038,0.0,5.304612,-0.160000026,2.34509516,0.0,-81.08038,0.0,6.88526344,0.64,2.097018,0.0,-81.08038,0.0,6.88526344,0.64,2.097018,0.0,-81.08038,0.0,0.0,0.0,1.0,0.0,0.0,0.0,0.0,1,1,4,15,4,13.05678,13.05678,Tina Aminipour,4890,2026-09-18T13:48:58.896515,,,
DATA,40.148,6.717759,0.640000045,2.12330723,0.0,-81.08038,0.0,5.137108,-0.159999967,2.37138438,0.0,-81.08038,0.0,6.717759,0.640000045,2.12330723,0.0,-81.08038,0.0,6.717759,0.640000045,2.12330723,0.0,-81.08038,0.0,0.0,0.0,1.0,0.0,0.0,0.0,0.0,1,1,4,15,4,13.1051617,13.1051617,Tina Aminipour,4890,2026-09-18T13:48:58.940507,,,
DATA,40.197,6.601388,0.640000045,2.1048646,0.0,-79.34918,0.0,4.972352,-0.159999967,2.397651,0.0,-79.7396545,0.0,6.601388,0.640000045,2.1048646,0.0,-79.34918,0.0,6.601388,0.640000045,2.1048646,0.0,-79.34918,0.0,1.0,0.0,1.0,0.0,0.0,0.0,0.0,1,1,4,15,4,13.1549091,13.1549091,Tina Aminipour,4890,2026-09-18T13:48:58.996205,,,
DATA,40.248,6.395927,0.64,2.014079,0.0,-74.77716,0.0,4.79801273,-0.160000026,2.43572283,0.0,-75.14972,0.0,6.395927,0.64,2.014079,0.0,-74.77716,0.0,6.395927,0.64,2.014079,0.0,-74.77716,0.0,1.0,0.0,1.0,0.0,0.0,0.0,0.0,1,1,4,15,4,13.20561,13.20561,Tina Aminipour,4890,2026-09-18T13:48:59.040861,,,
DATA,40.298,6.17163944,0.640000045,1.94325161,0.0,-70.25455,0.0,4.62615633,-0.159999967,2.48808861,0.0,-70.52869,0.0,6.17163944,0.640000045,1.94325161,0.0,-70.25455,0.0,6.17163944,0.640000045,1.94325161,0.0,-70.25455,0.0,1.0,0.0,1.0,0.0,0.0,0.0,0.0,1,1,4,15,4,13.2553158,13.2553158,Tina Aminipour,4890,2026-09-18T13:48:59.094842,,,
DATA,40.348,5.961588,0.64,1.88816977,0.0,-65.7721558,0.0,4.46389771,-0.160000026,2.55203438,0.0,-66.04288,0.0,5.961588,0.64,1.88816977,0.0,-65.7721558,0.0,5.961588,0.64,1.88816977,0.0,-65.7721558,0.0,1.0,0.0,1.0,0.0,0.0,0.0,0.0,1,1,4,15,4,13.3051014,13.3051014,Tina Aminipour,4890,2026-09-18T13:48:59.144995,,,
DATA,40.4,5.73277664,0.64,1.84921741,0.0,-61.0448,0.0,4.298098,-0.160000026,2.63337922,0.0,-61.2926636,0.0,5.73277664,0.64,1.84921741,0.0,-61.0448,0.0,5.73277664,0.64,1.84921741,0.0,-61.0448,0.0,1.0,0.0,1.0,0.0,0.0,0.0,0.0,1,1,4,15,4,13.3575,13.3575,Tina Aminipour,4890,2026-09-18T13:48:59.197202,,,
DATA,40.45,5.52138329,0.640000045,1.82862425,0.0,-56.6378174,0.0,4.150866,-0.159999967,2.72082853,0.0,-56.8881226,0.0,5.52138329,0.640000045,1.82862425,0.0,-56.6378174,0.0,5.52138329,0.640000045,1.82862425,0.0,-56.6378174,0.0,1.0,0.0,1.0,0.0,0.0,0.0,0.0,1,1,4,15,4,13.4064808,13.4064808,Tina Aminipour,4890,2026-09-18T13:48:59.241573,,,
DATA,40.498,5.31508446,0.64,1.82156086,0.0,-52.2446,0.0,4.012234,-0.160000026,2.81822777,0.0,-52.5303955,0.0,5.31508446,0.64,1.82156086,0.0,-52.2446,0.0,5.31508446,0.64,1.82156086,0.0,-52.2446,0.0,1.0,0.0,1.0,0.0,0.0,0.0,0.0,1,1,4,15,4,13.455492,13.455492,Tina Aminipour,4890,2026-09-18T13:48:59.295535,,,
DATA,40.55,5.081287,0.640000045,1.83841324,0.0,-47.524292,0.0,3.86975026,-0.159999967,2.936233,0.0,-47.77176,0.0,5.081287,0.640000045,1.83841324,0.0,-47.524292,0.0,5.081287,0.640000045,1.83841324,0.0,-47.524292,0.0,1.0,0.0,1.0,0.0,0.0,0.0,0.0,1,1,4,15,4,13.5077267,13.5077267,Tina Aminipour,4890,2026-09-18T13:48:59.346900,,,
DATA,40.6,4.86921072,0.64,1.86883211,0.0,-43.1080933,0.0,3.74656224,-0.160000026,3.05618668,0.0,-43.3493042,0.0,4.86921072,0.64,1.86883211,0.0,-43.1080933,0.0,4.86921072,0.64,1.86883211,0.0,-43.1080933,0.0,1.0,0.0,1.0,0.0,0.0,0.0,0.0,1,1,4,15,4,13.5567608,13.5567608,Tina Aminipour,4890,2026-09-18T13:48:59.395853,,,
DATA,40.648,4.661712,0.640000045,1.91447783,0.0,-38.70041,0.0,3.63340473,-0.159999967,3.18477678,0.0,-38.943634,0.0,4.661712,0.640000045,1.91447783,0.0,-38.70041,0.0,4.661712,0.640000045,1.91447783,0.0,-38.70041,0.0,1.0,0.0,1.0,0.0,0.0,0.0,0.0,1,1,4,15,4,13.6057453,13.6057453,Tina Aminipour,4890,2026-09-18T13:48:59.447584,,,
DATA,40.699,4.45361,0.64,1.97565031,0.0,-34.1276855,0.0,3.52726555,-0.160000026,3.32622933,0.0,-34.394928,0.0,4.45361,0.64,1.97565031,0.0,-34.1276855,0.0,4.45361,0.64,1.97565031,0.0,-34.1276855,0.0,1.0,0.0,1.0,0.0,0.0,0.0,0.0,1,1,4,15,4,13.6566868,13.6566868,Tina Aminipour,4890,2026-09-18T13:48:59.490689,,,
DATA,40.75,4.24827576,0.64,2.05801415,0.0,-29.6184082,0.0,3.43305588,-0.160000026,3.4750402,0.0,-29.8648376,0.0,4.24827576,0.64,2.05801415,0.0,-29.6184082,0.0,4.24827576,0.64,2.05801415,0.0,-29.6184082,0.0,1.0,0.0,1.0,0.0,0.0,0.0,0.0,1,1,4,15,4,13.7066746,13.7066746,Tina Aminipour,4890,2026-09-18T13:48:59.546251,,,
DATA,40.8,4.053384,0.640000045,2.152442,0.0,-25.1160583,0.0,3.35144782,-0.159999967,3.629674,0.0,-25.3676453,0.0,4.053384,0.640000045,2.152442,0.0,-25.1160583,0.0,4.053384,0.640000045,2.152442,0.0,-25.1160583,0.0,1.0,0.0,1.0,0.0,0.0,0.0,0.0,1,1,4,15,4,13.756731,13.756731,Tina Aminipour,4890,2026-09-18T13:48:59.595132,,,
DATA,40.851,3.8657093,0.64,2.26119018,0.0,-20.5715942,0.0,3.28170753,-0.160000026,3.791329,0.0,-20.8392944,0.0,3.8657093,0.64,2.26119018,0.0,-20.5715942,0.0,3.8657093,0.64,2.26119018,0.0,-20.5715942,0.0,1.0,0.0,1.0,0.0,0.0,0.0,0.0,1,1,4,15,4,13.8073139,13.8073139,Tina Aminipour,4890,2026-09-18T13:48:59.647382,,,
DATA,40.901,3.692521,0.64,2.37279487,0.0,-16.00946,0.0,3.22559,-0.160000026,3.95589256,0.0,-16.3672485,0.0,3.692521,0.64,2.37279487,0.0,-16.00946,0.0,3.692521,0.64,2.37279487,0.0,-16.00946,0.0,1.0,0.0,1.0,0.0,0.0,0.0,0.0,1,1,4,15,4,13.8585033,13.8585033,Tina Aminipour,4890,2026-09-18T13:48:59.692646,,,
DATA,40.949,3.52269554,0.64,2.521518,0.0,-11.6716614,0.0,3.18279433,-0.160000026,4.12286139,0.0,-11.9338684,0.0,3.52269554,0.64,2.521518,0.0,-11.6716614,0.0,3.52269554,0.64,2.521518,0.0,-11.6716614,0.0,1.0,0.0,1.0,0.0,0.0,0.0,0.0,1,1,4,15,4,13.9061718,13.9061718,Tina Aminipour,4890,2026-09-18T13:48:59.741569,,,
DATA,41.001,3.35857344,0.640000045,2.68307781,0.0,-6.999481,0.0,3.15168929,-0.159999967,4.30294132,0.0,-7.2333374,0.0,3.35857344,0.640000045,2.68307781,0.0,-6.999481,0.0,3.35857344,0.640000045,2.68307781,0.0,-6.999481,0.0,1.0,0.0,1.0,0.0,0.0,0.0,0.0,1,1,4,15,4,13.9579258,13.9579258,Tina Aminipour,4890,2026-09-18T13:48:59.797236,,,
DATA,41.049,3.22079563,0.6399999,2.83481979,0.0,-2.644043,0.0,3.13618875,-0.160000086,4.470287,0.0,-2.910736,0.0,3.22079563,0.6399999,2.83481979,0.0,-2.644043,0.0,3.22079563,0.6399999,2.83481979,0.0,-2.644043,0.0,1.0,0.0,1.0,0.0,0.0,0.0,0.0,1,1,4,15,4,14.0065022,14.0065022,Tina Aminipour,4890,2026-09-18T13:48:59.847673,,,
DATA,41.101,3.08460855,0.6399999,3.01405931,0.0,2.040009,0.0,3.1336112,-0.160000086,4.65207434,0.0,1.76557612,0.0,3.08460855,0.6399999,3.01405931,0.0,2.040009,0.0,3.08460855,0.6399999,3.01405931,0.0,2.040009,0.0,1.0,0.0,1.0,0.0,0.0,0.0,0.0,1,1,4,15,4,14.0585918,14.0585918,Tina Aminipour,4890,2026-09-18T13:48:59.898347,,,
DATA,41.151,2.97161865,0.6399999,3.185773,0.0,6.40388536,0.0,3.14450264,-0.160000086,4.820096,0.0,6.096215,0.0,2.97161865,0.6399999,3.185773,0.0,6.40388536,0.0,2.97161865,0.6399999,3.185773,0.0,6.40388536,0.0,1.0,0.0,1.0,0.0,0.0,0.0,0.0,1,1,4,15,4,14.1072636,14.1072636,Tina Aminipour,4890,2026-09-18T13:48:59.947971,,,
DATA,41.199,2.87197542,0.64,3.37680435,0.0,10.7464628,0.0,3.16836286,-0.160000026,4.9885397,0.0,10.4719439,0.0,2.87197542,0.64,3.37680435,0.0,10.7464628,0.0,2.87197542,0.64,3.37680435,0.0,10.7464628,0.0,1.0,0.0,1.0,0.0,0.0,0.0,0.0,1,1,4,15,4,14.1553288,14.1553288,Tina Aminipour,4890,2026-09-18T13:48:59.995286,,,
DATA,41.249,2.7836237,0.64,3.57860446,0.0,15.2868519,0.0,3.20664835,-0.160000026,5.161069,0.0,15.0175028,0.0,2.7836237,0.64,3.57860446,0.0,15.2868519,0.0,2.7836237,0.64,3.57860446,0.0,15.2868519,0.0,1.0,0.0,1.0,0.0,0.0,0.0,0.0,1,1,4,15,4,14.2057514,14.2057514,Tina Aminipour,4890,2026-09-18T13:49:00.045505,,,
DATA,41.301,2.70895243,0.64,3.799127,0.0,20.0458145,0.0,3.26152158,-0.160000026,5.33848333,0.0,19.7941933,0.0,2.70895243,0.64,3.799127,0.0,20.0458145,0.0,2.70895243,0.64,3.799127,0.0,20.0458145,0.0,1.0,0.0,1.0,0.0,0.0,0.0,0.0,1,1,4,15,4,14.2585278,14.2585278,Tina Aminipour,4890,2026-09-18T13:49:00.098180,,,
DATA,41.352,2.65263653,0.6399999,4.00360346,0.0,24.5854473,0.0,3.326526,-0.160000086,5.500716,0.0,24.2894821,0.0,2.65263653,0.6399999,4.00360346,0.0,24.5854473,0.0,2.65263653,0.6399999,4.00360346,0.0,24.5854473,0.0,1.0,0.0,1.0,0.0,0.0,0.0,0.0,1,1,4,15,4,14.3092136,14.3092136,Tina Aminipour,4890,2026-09-18T13:49:00.149160,,,
DATA,41.402,2.61811113,0.64,4.22756338,0.0,29.0818081,0.0,3.40511537,-0.160000026,5.65932465,0.0,28.8423939,0.0,2.61811113,0.64,4.22756338,0.0,29.0818081,0.0,2.61811113,0.64,4.22756338,0.0,29.0818081,0.0,1.0,0.0,1.0,0.0,0.0,0.0,0.0,1,1,4,15,4,14.3588619,14.3588619,Tina Aminipour,4890,2026-09-18T13:49:00.198195,,,
DATA,41.448,2.59600258,0.64,4.4189043,0.0,33.2127457,0.0,3.48616362,-0.160000026,5.79607058,0.0,32.9307976,0.0,2.59600258,0.64,4.4189043,0.0,33.2127457,0.0,2.59600258,0.64,4.4189043,0.0,33.2127457,0.0,1.0,0.0,1.0,0.0,0.0,0.0,0.0,1,1,4,15,4,14.4049969,14.4049969,Tina Aminipour,4890,2026-09-18T13:49:00.244295,,,
DATA,41.499,2.593267,0.64,4.647392,0.0,37.84764,0.0,3.59018,-0.160000026,5.944511,0.0,37.5929832,0.0,2.593267,0.64,4.647392,0.0,37.84764,0.0,2.593267,0.64,4.647392,0.0,37.84764,0.0,1.0,0.0,1.0,0.0,0.0,0.0,0.0,1,1,4,15,4,14.4563427,14.4563427,Tina Aminipour,4890,2026-09-18T13:49:00.296397,,,
DATA,41.552,2.60711861,0.6399999,4.87380266,0.0,42.54329,0.0,3.706855,-0.160000086,6.084929,0.0,42.2888565,0.0,2.60711861,0.6399999,4.87380266,0.0,42.54329,0.0,2.60711861,0.6399999,4.87380266,0.0,42.54329,0.0,1.0,0.0,1.0,0.0,0.0,0.0,0.0,1,1,4,15,4,14.5085163,14.5085163,Tina Aminipour,4890,2026-09-18T13:49:00.348523,,,
DATA,41.598,2.63333845,0.64,5.071728,0.0,46.7309151,0.0,3.81985426,-0.160000026,6.2012763,0.0,46.46037,0.0,2.63333845,0.64,5.071728,0.0,46.7309151,0.0,2.63333845,0.64,5.071728,0.0,46.7309151,0.0,1.0,0.0,1.0,0.0,0.0,0.0,0.0,1,1,4,15,4,14.5551357,14.5551357,Tina Aminipour,4890,2026-09-18T13:49:00.390339,,,
DATA,41.649,2.68409634,0.64,5.29617739,0.0,51.4281654,0.0,3.95740414,-0.160000026,6.32254171,0.0,51.1770058,0.0,2.68409634,0.64,5.29617739,0.0,51.4281654,0.0,2.68409634,0.64,5.29617739,0.0,51.4281654,0.0,1.0,0.0,1.0,0.0,0.0,0.0,0.0,1,1,4,15,4,14.6072178,14.6072178,Tina Aminipour,4890,2026-09-18T13:49:00.446878,,,
DATA,41.7,2.75007439,0.6399999,5.50804567,0.0,55.98187,0.0,4.09964466,-0.160000086,6.428755,0.0,55.74303,0.0,2.75007439,0.6399999,5.50804567,0.0,55.98187,0.0,2.75007439,0.6399999,5.50804567,0.0,55.98187,0.0,1.0,0.0,1.0,0.0,0.0,0.0,0.0,1,1,4,15,4,14.6577473,14.6577473,Tina Aminipour,4890,2026-09-18T13:49:00.496979,,,
DATA,41.75,2.90908718,0.64,5.64125252,0.0,56.50521,0.0,4.243385,-0.160000026,6.52423048,0.0,56.50521,0.0,2.90908718,0.64,5.64125252,0.0,56.50521,0.0,2.90908718,0.64,5.64125252,0.0,56.50521,0.0,0.0,0.0,1.0,0.0,0.0,0.0,0.0,1,1,4,15,4,14.7071476,14.7071476,Tina Aminipour,4890,2026-09-18T13:49:00.546298,,,
DATA,41.801,3.059608,0.64,5.74086,0.0,56.50521,0.0,4.39390564,-0.160000026,6.623838,0.0,56.50521,0.0,3.059608,0.64,5.74086,0.0,56.50521,0.0,3.059608,0.64,5.74086,0.0,56.50521,0.0,0.0,0.0,1.0,0.0,0.0,0.0,0.0,1,1,4,15,4,14.7590122,14.7590122,Tina Aminipour,4890,2026-09-18T13:49:00.598954,,,
DATA,41.85,3.195695,0.64,5.8309164,0.0,56.50521,0.0,4.52999258,-0.160000026,6.71389437,0.0,56.50521,0.0,3.195695,0.64,5.8309164,0.0,56.50521,0.0,3.195695,0.64,5.8309164,0.0,56.50521,0.0,0.0,0.0,1.0,0.0,0.0,0.0,0.0,1,1,4,15,4,14.8063908,14.8063908,Tina Aminipour,4890,2026-09-18T13:49:00.641689,,,
DATA,41.899,3.341556,0.64,5.92744064,0.0,56.50521,0.0,4.67585373,-0.160000026,6.81041861,0.0,56.50521,0.0,3.341556,0.64,5.92744064,0.0,56.50521,0.0,3.341556,0.64,5.92744064,0.0,56.50521,0.0,0.0,0.0,1.0,0.0,0.0,0.0,0.0,1,1,4,15,4,14.856123,14.856123,Tina Aminipour,4890,2026-09-18T13:49:00.690656,,,
DATA,41.952,3.53510332,0.64,6.04120874,0.0,55.7520561,0.0,4.832377,-0.160000026,6.9139986,0.0,56.0102921,0.0,3.53510332,0.64,6.04120874,0.0,55.7520561,0.0,3.53510332,0.64,6.04120874,0.0,55.7520561,0.0,-1.0,0.0,1.0,0.0,0.0,0.0,0.0,1,1,4,15,4,14.9091663,14.9091663,Tina Aminipour,4890,2026-09-18T13:49:00.748061,,,
DATA,42.002,3.74919081,0.64,6.04543161,0.0,51.2548828,0.0,4.97363472,-0.160000026,7.01674366,0.0,51.51758,0.0,3.74919081,0.64,6.04543161,0.0,51.2548828,0.0,3.74919081,0.64,6.04543161,0.0,51.2548828,0.0,-1.0,0.0,1.0,0.0,0.0,0.0,0.0,1,1,4,15,4,14.9591618,14.9591618,Tina Aminipour,4890,2026-09-18T13:49:00.794372,,,
DATA,42.049,3.94935966,0.64,6.06413174,0.0,47.02442,0.0,5.098979,-0.160000026,7.12336636,0.0,47.2850952,0.0,3.94935966,0.64,6.06413174,0.0,47.02442,0.0,3.94935966,0.64,6.06413174,0.0,47.02442,0.0,-1.0,0.0,1.0,0.0,0.0,0.0,0.0,1,1,4,15,4,15.006155,15.006155,Tina Aminipour,4890,2026-09-18T13:49:00.846015,,,
DATA,42.1,4.16591024,0.64,6.104586,0.0,42.4349976,0.0,5.22469044,-0.160000026,7.24813557,0.0,42.7294464,0.0,4.16591024,0.64,6.104586,0.0,42.4349976,0.0,4.16591024,0.64,6.104586,0.0,42.4349976,0.0,-1.0,0.0,1.0,0.0,0.0,0.0,0.0,1,1,4,15,4,15.0573368,15.0573368,Tina Aminipour,4890,2026-09-18T13:49:00.892466,,,
DATA,42.148,4.36433172,0.6399999,6.152046,0.0,38.0974274,0.0,5.33566761,-0.160000086,7.376864,0.0,38.35794,0.0,4.36433172,0.6399999,6.152046,0.0,38.0974274,0.0,4.36433172,0.6399999,6.152046,0.0,38.0974274,0.0,-1.0,0.0,1.0,0.0,0.0,0.0,0.0,1,1,4,15,4,15.105341,15.105341,Tina Aminipour,4890,2026-09-18T13:49:00.944616,,,
DATA,42.199,4.468432,0.64,6.24928951,0.0,37.5769653,0.0,5.44415426,-0.160000026,7.51734543,0.0,37.5769653,0.0,4.468432,0.64,6.24928951,0.0,37.5769653,0.0,4.468432,0.64,6.24928951,0.0,37.5769653,0.0,0.0,0.0,1.0,0.0,0.0,0.0,0.0,1,1,4,15,4,15.1560154,15.1560154,Tina Aminipour,4890,2026-09-18T13:49:00.994053,,,
DATA,42.249,4.54817629,0.64,6.350227,0.0,37.8827171,0.0,5.548921,-0.160000026,7.653501,0.0,37.5769653,0.0,4.54817629,0.64,6.350227,0.0,37.8827171,0.0,4.54817629,0.64,6.350227,0.0,37.8827171,0.0,1.0,0.0,1.0,0.0,0.0,0.0,0.0,1,1,4,15,4,15.2058964,15.2058964,Tina Aminipour,4890,2026-09-18T13:49:01.045427,,,
DATA,42.301,4.567578,0.6399999,6.58916569,0.0,42.6352959,0.0,5.66860533,-0.160000086,7.797345,0.0,42.390152,0.0,4.567578,0.6399999,6.58916569,0.0,42.6352959,0.0,4.567578,0.6399999,6.58916569,0.0,42.6352959,0.0,1.0,0.0,1.0,0.0,0.0,0.0,0.0,1,1,4,15,4,15.2583637,15.2583637,Tina Aminipour,4890,2026-09-18T13:49:01.098063,,,
DATA,42.35,4.597434,0.64,6.79846859,0.0,47.02193,0.0,5.7878294,-0.160000026,7.919174,0.0,46.7744827,0.0,4.597434,0.64,6.79846859,0.0,47.02193,0.0,4.597434,0.64,6.79846859,0.0,47.02193,0.0,1.0,0.0,1.0,0.0,0.0,0.0,0.0,1,1,4,15,4,15.3071194,15.3071194,Tina Aminipour,4890,2026-09-18T13:49:01.147593,,,
DATA,42.399,4.641011,0.64,7.00385141,0.0,51.45433,0.0,5.91669941,-0.160000026,8.032101,0.0,51.1816673,0.0,4.641011,0.64,7.00385141,0.0,51.45433,0.0,4.641011,0.64,7.00385141,0.0,51.45433,0.0,1.0,0.0,1.0,0.0,0.0,0.0,0.0,1,1,4,15,4,15.3565083,15.3565083,Tina Aminipour,4890,2026-09-18T13:49:01.196528,,,
DATA,42.45,4.70908833,0.64,7.219177,0.0,56.0432243,0.0,6.06048727,-0.160000026,8.139364,0.0,55.7957764,0.0,4.70908833,0.64,7.219177,0.0,56.0432243,0.0,4.70908833,0.64,7.219177,0.0,56.0432243,0.0,1.0,0.0,1.0,0.0,0.0,0.0,0.0,1,1,4,15,4,15.4073544,15.4073544,Tina Aminipour,4890,2026-09-18T13:49:01.246288,,,
DATA,42.499,4.785312,0.64,7.41282558,0.0,60.36114,0.0,6.20240068,-0.160000026,8.228884,0.0,60.11138,0.0,4.785312,0.64,7.41282558,0.0,60.36114,0.0,4.785312,0.64,7.41282558,0.0,60.36114,0.0,1.0,0.0,1.0,0.0,0.0,0.0,0.0,1,1,4,15,4,15.4553432,15.4553432,Tina Aminipour,4890,2026-09-18T13:49:01.294269,,,
DATA,42.551,4.886041,0.64,7.618913,0.0,65.11483,0.0,6.36598539,-0.160000026,8.314808,0.0,64.86417,0.0,4.886041,0.64,7.618913,0.0,65.11483,0.0,4.886041,0.64,7.618913,0.0,65.11483,0.0,1.0,0.0,1.0,0.0,0.0,0.0,0.0,1,1,4,15,4,15.5081692,15.5081692,Tina Aminipour,4890,2026-09-18T13:49:01.347973,,,
DATA,42.6,5.059661,0.640000045,7.73639345,0.0,66.0899353,0.0,6.522353,-0.159999967,8.384877,0.0,66.0899353,0.0,5.059661,0.640000045,7.73639345,0.0,66.0899353,0.0,5.059661,0.640000045,7.73639345,0.0,66.0899353,0.0,0.0,0.0,1.0,0.0,0.0,0.0,0.0,1,1,4,15,4,15.5574245,15.5574245,Tina Aminipour,4890,2026-09-18T13:49:01.395995,,,
DATA,42.65,5.22173834,0.64,7.808251,0.0,66.0899353,0.0,6.6844306,-0.160000026,8.456735,0.0,66.0899353,0.0,5.22173834,0.64,7.808251,0.0,66.0899353,0.0,5.22173834,0.64,7.808251,0.0,66.0899353,0.0,0.0,0.0,1.0,0.0,0.0,0.0,0.0,1,1,4,15,4,15.6077213,15.6077213,Tina Aminipour,4890,2026-09-18T13:49:01.447009,,,
DATA,42.701,5.382467,0.64,7.87950945,0.0,66.0899353,0.0,6.845159,-0.160000026,8.527993,0.0,66.0899353,0.0,5.382467,0.64,7.87950945,0.0,66.0899353,0.0,5.382467,0.64,7.87950945,0.0,66.0899353,0.0,0.0,0.0,1.0,0.0,0.0,0.0,0.0,1,1,4,15,4,15.6578579,15.6578579,Tina Aminipour,4890,2026-09-18T13:49:01.492413,,,
DATA,42.752,5.545815,0.640000045,7.95192957,0.0,66.0899353,0.0,7.00850725,-0.159999967,8.600413,0.0,66.0899353,0.0,5.545815,0.640000045,7.95192957,0.0,66.0899353,0.0,5.545815,0.640000045,7.95192957,0.0,66.0899353,0.0,0.0,0.0,1.0,0.0,0.0,0.0,0.0,1,1,4,15,4,15.709528,15.709528,Tina Aminipour,4890,2026-09-18T13:49:01.549403,,,
DATA,42.798,5.691318,0.640000045,8.01643848,0.0,66.0899353,0.0,7.1540103,-0.159999967,8.664922,0.0,66.0899353,0.0,5.691318,0.640000045,8.01643848,0.0,66.0899353,0.0,5.691318,0.640000045,8.01643848,0.0,66.0899353,0.0,0.0,0.0,1.0,0.0,0.0,0.0,0.0,1,1,4,15,4,15.7551594,15.7551594,Tina Aminipour,4890,2026-09-18T13:49:01.595044,,,
DATA,42.848,5.854768,0.6399999,8.088904,0.0,66.0899353,0.0,7.31746,-0.160000086,8.737388,0.0,66.0899353,0.0,5.854768,0.6399999,8.088904,0.0,66.0899353,0.0,5.854768,0.6399999,8.088904,0.0,66.0899353,0.0,0.0,0.0,1.0,0.0,0.0,0.0,0.0,1,1,4,15,4,15.80607,15.80607,Tina Aminipour,4890,2026-09-18T13:49:01.645829,,,
DATA,42.903,6.02573,0.64,8.16470051,0.0,66.0899353,0.0,7.48842239,-0.160000026,8.813184,0.0,66.0899353,0.0,6.02573,0.64,8.16470051,0.0,66.0899353,0.0,6.02573,0.64,8.16470051,0.0,66.0899353,0.0,0.0,0.0,1.0,0.0,0.0,0.0,0.0,1,1,4,15,4,15.85969,15.85969,Tina Aminipour,4890,2026-09-18T13:49:01.700124,,,
DATA,42.952,6.18397474,0.6399999,8.234858,0.0,66.0899353,0.0,7.646667,-0.160000086,8.883341,0.0,66.0899353,0.0,6.18397474,0.6399999,8.234858,0.0,66.0899353,0.0,6.18397474,0.6399999,8.234858,0.0,66.0899353,0.0,0.0,0.0,1.0,0.0,0.0,0.0,0.0,1,1,4,15,4,15.9085522,15.9085522,Tina Aminipour,4890,2026-09-18T13:49:01.748798,,,
DATA,42.998,6.334336,0.64,8.30152,0.0,66.0899353,0.0,7.797028,-0.160000026,8.950004,0.0,66.0899353,0.0,6.334336,0.64,8.30152,0.0,66.0899353,0.0,6.334336,0.64,8.30152,0.0,66.0899353,0.0,0.0,0.0,1.0,0.0,0.0,0.0,0.0,1,1,4,15,4,15.9557934,15.9557934,Tina Aminipour,4890,2026-09-18T13:49:01.795142,,,
DATA,43.049,6.49329,0.64,8.371993,0.0,66.0899353,0.0,7.955982,-0.160000026,9.020476,0.0,66.0899353,0.0,6.49329,0.64,8.371993,0.0,66.0899353,0.0,6.49329,0.64,8.371993,0.0,66.0899353,0.0,0.0,0.0,1.0,0.0,0.0,0.0,0.0,1,1,4,15,4,16.0059,16.0059,Tina Aminipour,4890,2026-09-18T13:49:01.845210,,,
DATA,43.1,6.661145,0.64,8.446411,0.0,66.0899353,0.0,8.123837,-0.160000026,9.094894,0.0,66.0899353,0.0,6.661145,0.64,8.446411,0.0,66.0899353,0.0,6.661145,0.64,8.446411,0.0,66.0899353,0.0,0.0,0.0,1.0,0.0,0.0,0.0,0.0,1,1,4,15,4,16.0577717,16.0577717,Tina Aminipour,4890,2026-09-18T13:49:01.897775,,,
DATA,43.15,6.81849766,0.64,8.516173,0.0,66.0899353,0.0,8.28119,-0.160000026,9.164657,0.0,66.0899353,0.0,6.81849766,0.64,8.516173,0.0,66.0899353,0.0,6.81849766,0.64,8.516173,0.0,66.0899353,0.0,0.0,0.0,1.0,0.0,0.0,0.0,0.0,1,1,4,15,4,16.10697,16.10697,Tina Aminipour,4890,2026-09-18T13:49:01.947951,,,
DATA,43.199,6.976181,0.64,8.586082,0.0,66.0899353,0.0,8.438873,-0.160000026,9.234566,0.0,66.0899353,0.0,6.976181,0.64,8.586082,0.0,66.0899353,0.0,6.976181,0.64,8.586082,0.0,66.0899353,0.0,0.0,0.0,1.0,0.0,0.0,0.0,0.0,1,1,4,15,4,16.1564732,16.1564732,Tina Aminipour,4890,2026-09-18T13:49:01.996253,,,
DATA,43.25,7.135582,0.64,8.656753,0.0,66.0899353,0.0,8.598274,-0.160000026,9.305236,0.0,66.0899353,0.0,7.135582,0.64,8.656753,0.0,66.0899353,0.0,7.135582,0.64,8.656753,0.0,66.0899353,0.0,0.0,0.0,1.0,0.0,0.0,0.0,0.0,1,1,4,15,4,16.20638,16.20638,Tina Aminipour,4890,2026-09-18T13:49:02.046395,,,
DATA,43.301,7.305068,0.6399999,8.731894,0.0,66.0899353,0.0,8.76776,-0.160000086,9.380377,0.0,66.0899353,0.0,7.305068,0.6399999,8.731894,0.0,66.0899353,0.0,7.305068,0.6399999,8.731894,0.0,66.0899353,0.0,0.0,0.0,1.0,0.0,0.0,0.0,0.0,1,1,4,15,4,16.2590351,16.2590351,Tina Aminipour,4890,2026-09-18T13:49:02.098914,,,
DATA,43.353,7.464301,0.64,8.80249,0.0,66.0899353,0.0,8.926993,-0.160000026,9.45097351,0.0,66.0899353,0.0,7.464301,0.64,8.80249,0.0,66.0899353,0.0,7.464301,0.64,8.80249,0.0,66.0899353,0.0,0.0,0.0,1.0,0.0,0.0,0.0,0.0,1,1,4,15,4,16.309824,16.309824,Tina Aminipour,4890,2026-09-18T13:49:02.150439,,,
DATA,43.399,7.614375,0.64,8.869025,0.0,66.0899353,0.0,9.077067,-0.160000026,9.51750851,0.0,66.0899353,0.0,7.614375,0.64,8.869025,0.0,66.0899353,0.0,7.614375,0.64,8.869025,0.0,66.0899353,0.0,0.0,0.0,1.0,0.0,0.0,0.0,0.0,1,1,4,15,4,16.3561573,16.3561573,Tina Aminipour,4890,2026-09-18T13:49:02.195523,,,
DATA,43.449,7.7730093,0.64,8.939356,0.0,66.0899353,0.0,9.235702,-0.160000026,9.587839,0.0,66.0899353,0.0,7.7730093,0.64,8.939356,0.0,66.0899353,0.0,7.7730093,0.64,8.939356,0.0,66.0899353,0.0,0.0,0.0,1.0,0.0,0.0,0.0,0.0,1,1,4,15,4,16.4055271,16.4055271,Tina Aminipour,4890,2026-09-18T13:49:02.245992,,,
DATA,43.498,7.932247,0.64,9.0099535,0.0,66.0899353,0.0,9.394939,-0.160000026,9.658437,0.0,66.0899353,0.0,7.932247,0.64,9.0099535,0.0,66.0899353,0.0,7.932247,0.64,9.0099535,0.0,66.0899353,0.0,0.0,0.0,1.0,0.0,0.0,0.0,0.0,1,1,4,15,4,16.4553356,16.4553356,Tina Aminipour,4890,2026-09-18T13:49:02.295896,,,
DATA,43.549,8.093482,0.6399999,9.081437,0.0,66.0899353,0.0,9.556174,-0.160000086,9.72992,0.0,66.0899353,0.0,8.093482,0.6399999,9.081437,0.0,66.0899353,0.0,8.093482,0.6399999,9.081437,0.0,66.0899353,0.0,0.0,0.0,1.0,0.0,0.0,0.0,0.0,1,1,4,15,4,16.50617,16.50617,Tina Aminipour,4890,2026-09-18T13:49:02.346398,,,
DATA,43.599,8.254207,0.64,9.152694,0.0,66.0899353,0.0,9.716899,-0.160000026,9.801177,0.0,66.0899353,0.0,8.254207,0.64,9.152694,0.0,66.0899353,0.0,8.254207,0.64,9.152694,0.0,66.0899353,0.0,0.0,0.0,1.0,0.0,0.0,0.0,0.0,1,1,4,15,4,16.5561,16.5561,Tina Aminipour,4890,2026-09-18T13:49:02.395743,,,
EVENT,43.612,,,,,,,,,,,,,,,,,,,,,,,,,,,,,,,,1,1,,,,16.5648823,16.5648823,Tina Aminipour,4890,2026-09-18T13:49:02.424687,GAME_EVENT,MAZE_SUCCESS,Result=SUCCESS; MazeDuration=16.565; CollectedCoins=4; MazeScore=4; TotalScore=4; HighestCompletedMaze=1
EVENT,43.619,,,,,,,,,,,,,,,,,,,,,,,,,,,,,,,,1,1,,,,16.5648823,16.5648823,Tina Aminipour,4890,2026-09-18T13:49:02.442698,PANEL_OPENED,PANEL_OPENED_SUCCESS,
DATA,43.651,8.284846,0.6399999,9.166278,0.0,66.0899353,0.0,9.747539,-0.160000086,9.814761,0.0,66.0899353,0.0,8.284846,0.6399999,9.166278,0.0,66.0899353,0.0,8.284846,0.6399999,9.166278,0.0,66.0899353,0.0,0.0,0.0,1.0,0.0,0.0,0.0,0.0,1,1,4,15,4,16.6073856,16.6073856,Tina Aminipour,4890,2026-09-18T13:49:02.459449,,,
DATA,43.704,8.284846,0.6399999,9.166278,0.0,66.0899353,0.0,9.747539,-0.160000086,9.814761,0.0,66.0899353,0.0,8.284846,0.6399999,9.166278,0.0,66.0899353,0.0,8.284846,0.6399999,9.166278,0.0,66.0899353,0.0,0.0,0.0,1.0,0.0,0.0,0.0,0.0,1,1,4,15,4,16.6614552,16.6614552,Tina Aminipour,4890,2026-09-18T13:49:02.503043,,,
DATA,43.752,8.284846,0.6399999,9.166278,0.0,66.0899353,0.0,9.747539,-0.160000086,9.814761,0.0,66.0899353,0.0,8.284846,0.6399999,9.166278,0.0,66.0899353,0.0,8.284846,0.6399999,9.166278,0.0,66.0899353,0.0,0.0,0.0,1.0,0.0,0.0,0.0,0.0,1,1,4,15,4,16.7080669,16.7080669,Tina Aminipour,4890,2026-09-18T13:49:02.548256,,,
DATA,43.798,8.284846,0.6399999,9.166278,0.0,66.0899353,0.0,9.747539,-0.160000086,9.814761,0.0,66.0899353,0.0,8.284846,0.6399999,9.166278,0.0,66.0899353,0.0,8.284846,0.6399999,9.166278,0.0,66.0899353,0.0,0.0,0.0,1.0,0.0,0.0,0.0,0.0,1,1,4,15,4,16.7563572,16.7563572,Tina Aminipour,4890,2026-09-18T13:49:02.595883,,,
DATA,43.849,8.284846,0.6399999,9.166278,0.0,66.0899353,0.0,9.747539,-0.160000086,9.814761,0.0,66.0899353,0.0,8.284846,0.6399999,9.166278,0.0,66.0899353,0.0,8.284846,0.6399999,9.166278,0.0,66.0899353,0.0,0.0,0.0,1.0,0.0,0.0,0.0,0.0,1,1,4,15,4,16.8053,16.8053,Tina Aminipour,4890,2026-09-18T13:49:02.644352,,,
DATA,43.899,8.284846,0.6399999,9.166278,0.0,66.0899353,0.0,9.747539,-0.160000086,9.814761,0.0,66.0899353,0.0,8.284846,0.6399999,9.166278,0.0,66.0899353,0.0,8.284846,0.6399999,9.166278,0.0,66.0899353,0.0,0.0,0.0,1.0,0.0,0.0,0.0,0.0,1,1,4,15,4,16.8560429,16.8560429,Tina Aminipour,4890,2026-09-18T13:49:02.696861,,,
DATA,43.949,8.284846,0.6399999,9.166278,0.0,66.0899353,0.0,9.747539,-0.160000086,9.814761,0.0,66.0899353,0.0,8.284846,0.6399999,9.166278,0.0,66.0899353,0.0,8.284846,0.6399999,9.166278,0.0,66.0899353,0.0,0.0,0.0,1.0,0.0,0.0,0.0,0.0,1,1,4,15,4,16.9058819,16.9058819,Tina Aminipour,4890,2026-09-18T13:49:02.745268,,,
DATA,43.999,8.284846,0.6399999,9.166278,0.0,66.0899353,0.0,9.747539,-0.160000086,9.814761,0.0,66.0899353,0.0,8.284846,0.6399999,9.166278,0.0,66.0899353,0.0,8.284846,0.6399999,9.166278,0.0,66.0899353,0.0,0.0,0.0,1.0,0.0,0.0,0.0,0.0,1,1,4,15,4,16.9570866,16.9570866,Tina Aminipour,4890,2026-09-18T13:49:02.796689,,,
DATA,44.05,8.284846,0.6399999,9.166278,0.0,66.0899353,0.0,9.747539,-0.160000086,9.814761,0.0,66.0899353,0.0,8.284846,0.6399999,9.166278,0.0,66.0899353,0.0,8.284846,0.6399999,9.166278,0.0,66.0899353,0.0,0.0,0.0,1.0,0.0,0.0,0.0,0.0,1,1,4,15,4,17.00699,17.00699,Tina Aminipour,4890,2026-09-18T13:49:02.846529,,,
DATA,44.097,8.284846,0.6399999,9.166278,0.0,66.0899353,0.0,9.747539,-0.160000086,9.814761,0.0,66.0899353,0.0,8.284846,0.6399999,9.166278,0.0,66.0899353,0.0,8.284846,0.6399999,9.166278,0.0,66.0899353,0.0,0.0,0.0,1.0,0.0,0.0,0.0,0.0,1,1,4,15,4,17.05514,17.05514,Tina Aminipour,4890,2026-09-18T13:49:02.895246,,,
DATA,44.153,8.284846,0.6399999,9.166278,0.0,66.0899353,0.0,9.747539,-0.160000086,9.814761,0.0,66.0899353,0.0,8.284846,0.6399999,9.166278,0.0,66.0899353,0.0,8.284846,0.6399999,9.166278,0.0,66.0899353,0.0,0.0,0.0,1.0,0.0,0.0,0.0,0.0,1,1,4,15,4,17.1094532,17.1094532,Tina Aminipour,4890,2026-09-18T13:49:02.949988,,,
DATA,44.201,8.284846,0.6399999,9.166278,0.0,66.0899353,0.0,9.747539,-0.160000086,9.814761,0.0,66.0899353,0.0,8.284846,0.6399999,9.166278,0.0,66.0899353,0.0,8.284846,0.6399999,9.166278,0.0,66.0899353,0.0,0.0,0.0,1.0,0.0,0.0,0.0,0.0,1,1,4,15,4,17.1583767,17.1583767,Tina Aminipour,4890,2026-09-18T13:49:02.998634,,,
DATA,44.25,8.284846,0.6399999,9.166278,0.0,66.0899353,0.0,9.747539,-0.160000086,9.814761,0.0,66.0899353,0.0,8.284846,0.6399999,9.166278,0.0,66.0899353,0.0,8.284846,0.6399999,9.166278,0.0,66.0899353,0.0,0.0,0.0,1.0,0.0,0.0,0.0,0.0,1,1,4,15,4,17.2065067,17.2065067,Tina Aminipour,4890,2026-09-18T13:49:03.046732,,,
DATA,44.3,8.284846,0.6399999,9.166278,0.0,66.0899353,0.0,9.747539,-0.160000086,9.814761,0.0,66.0899353,0.0,8.284846,0.6399999,9.166278,0.0,66.0899353,0.0,8.284846,0.6399999,9.166278,0.0,66.0899353,0.0,0.0,0.0,1.0,0.0,0.0,0.0,0.0,1,1,4,15,4,17.2563686,17.2563686,Tina Aminipour,4890,2026-09-18T13:49:03.096888,,,
DATA,44.348,8.284846,0.6399999,9.166278,0.0,66.0899353,0.0,9.747539,-0.160000086,9.814761,0.0,66.0899353,0.0,8.284846,0.6399999,9.166278,0.0,66.0899353,0.0,8.284846,0.6399999,9.166278,0.0,66.0899353,0.0,0.0,0.0,1.0,0.0,0.0,0.0,0.0,1,1,4,15,4,17.3058224,17.3058224,Tina Aminipour,4890,2026-09-18T13:49:03.146087,,,
DATA,44.398,8.284846,0.6399999,9.166278,0.0,66.0899353,0.0,9.747539,-0.160000086,9.814761,0.0,66.0899353,0.0,8.284846,0.6399999,9.166278,0.0,66.0899353,0.0,8.284846,0.6399999,9.166278,0.0,66.0899353,0.0,0.0,0.0,1.0,0.0,0.0,0.0,0.0,1,1,4,15,4,17.3555355,17.3555355,Tina Aminipour,4890,2026-09-18T13:49:03.195516,,,
DATA,44.449,8.284846,0.6399999,9.166278,0.0,66.0899353,0.0,9.747539,-0.160000086,9.814761,0.0,66.0899353,0.0,8.284846,0.6399999,9.166278,0.0,66.0899353,0.0,8.284846,0.6399999,9.166278,0.0,66.0899353,0.0,0.0,0.0,1.0,0.0,0.0,0.0,0.0,1,1,4,15,4,17.40605,17.40605,Tina Aminipour,4890,2026-09-18T13:49:03.245539,,,
DATA,44.499,8.284846,0.6399999,9.166278,0.0,66.0899353,0.0,9.747539,-0.160000086,9.814761,0.0,66.0899353,0.0,8.284846,0.6399999,9.166278,0.0,66.0899353,0.0,8.284846,0.6399999,9.166278,0.0,66.0899353,0.0,0.0,0.0,1.0,0.0,0.0,0.0,0.0,1,1,4,15,4,17.45688,17.45688,Tina Aminipour,4890,2026-09-18T13:49:03.296603,,,
DATA,44.551,8.284846,0.6399999,9.166278,0.0,66.0899353,0.0,9.747539,-0.160000086,9.814761,0.0,66.0899353,0.0,8.284846,0.6399999,9.166278,0.0,66.0899353,0.0,8.284846,0.6399999,9.166278,0.0,66.0899353,0.0,0.0,0.0,1.0,0.0,0.0,0.0,0.0,1,1,4,15,4,17.50746,17.50746,Tina Aminipour,4890,2026-09-18T13:49:03.348366,,,
DATA,44.602,8.284846,0.6399999,9.166278,0.0,66.0899353,0.0,9.747539,-0.160000086,9.814761,0.0,66.0899353,0.0,8.284846,0.6399999,9.166278,0.0,66.0899353,0.0,8.284846,0.6399999,9.166278,0.0,66.0899353,0.0,0.0,0.0,1.0,0.0,0.0,0.0,0.0,1,1,4,15,4,17.5591221,17.5591221,Tina Aminipour,4890,2026-09-18T13:49:03.399855,,,
DATA,44.649,8.284846,0.6399999,9.166278,0.0,66.0899353,0.0,9.747539,-0.160000086,9.814761,0.0,66.0899353,0.0,8.284846,0.6399999,9.166278,0.0,66.0899353,0.0,8.284846,0.6399999,9.166278,0.0,66.0899353,0.0,0.0,0.0,1.0,0.0,0.0,0.0,0.0,1,1,4,15,4,17.6061535,17.6061535,Tina Aminipour,4890,2026-09-18T13:49:03.446962,,,
DATA,44.7,8.284846,0.6399999,9.166278,0.0,66.0899353,0.0,9.747539,-0.160000086,9.814761,0.0,66.0899353,0.0,8.284846,0.6399999,9.166278,0.0,66.0899353,0.0,8.284846,0.6399999,9.166278,0.0,66.0899353,0.0,0.0,0.0,1.0,0.0,0.0,0.0,0.0,1,1,4,15,4,17.6567631,17.6567631,Tina Aminipour,4890,2026-09-18T13:49:03.497024,,,
DATA,44.75,8.284846,0.6399999,9.166278,0.0,66.0899353,0.0,9.747539,-0.160000086,9.814761,0.0,66.0899353,0.0,8.284846,0.6399999,9.166278,0.0,66.0899353,0.0,8.284846,0.6399999,9.166278,0.0,66.0899353,0.0,0.0,0.0,1.0,0.0,0.0,0.0,0.0,1,1,4,15,4,17.7065487,17.7065487,Tina Aminipour,4890,2026-09-18T13:49:03.547036,,,
DATA,44.8,8.284846,0.6399999,9.166278,0.0,66.0899353,0.0,9.747539,-0.160000086,9.814761,0.0,66.0899353,0.0,8.284846,0.6399999,9.166278,0.0,66.0899353,0.0,8.284846,0.6399999,9.166278,0.0,66.0899353,0.0,0.0,0.0,1.0,0.0,0.0,0.0,0.0,1,1,4,15,4,17.7564144,17.7564144,Tina Aminipour,4890,2026-09-18T13:49:03.596288,,,
DATA,44.849,8.284846,0.6399999,9.166278,0.0,66.0899353,0.0,9.747539,-0.160000086,9.814761,0.0,66.0899353,0.0,8.284846,0.6399999,9.166278,0.0,66.0899353,0.0,8.284846,0.6399999,9.166278,0.0,66.0899353,0.0,0.0,0.0,1.0,0.0,0.0,0.0,0.0,1,1,4,15,4,17.8061047,17.8061047,Tina Aminipour,4890,2026-09-18T13:49:03.646992,,,
DATA,44.901,8.284846,0.6399999,9.166278,0.0,66.0899353,0.0,9.747539,-0.160000086,9.814761,0.0,66.0899353,0.0,8.284846,0.6399999,9.166278,0.0,66.0899353,0.0,8.284846,0.6399999,9.166278,0.0,66.0899353,0.0,0.0,0.0,1.0,0.0,0.0,0.0,0.0,1,1,4,15,4,17.8584461,17.8584461,Tina Aminipour,4890,2026-09-18T13:49:03.698663,,,
DATA,44.95,8.284846,0.6399999,9.166278,0.0,66.0899353,0.0,9.747539,-0.160000086,9.814761,0.0,66.0899353,0.0,8.284846,0.6399999,9.166278,0.0,66.0899353,0.0,8.284846,0.6399999,9.166278,0.0,66.0899353,0.0,0.0,0.0,1.0,0.0,0.0,0.0,0.0,1,1,4,15,4,17.9072971,17.9072971,Tina Aminipour,4890,2026-09-18T13:49:03.748102,,,
DATA,44.998,8.284846,0.6399999,9.166278,0.0,66.0899353,0.0,9.747539,-0.160000086,9.814761,0.0,66.0899353,0.0,8.284846,0.6399999,9.166278,0.0,66.0899353,0.0,8.284846,0.6399999,9.166278,0.0,66.0899353,0.0,0.0,0.0,1.0,0.0,0.0,0.0,0.0,1,1,4,15,4,17.95497,17.95497,Tina Aminipour,4890,2026-09-18T13:49:03.794841,,,
DATA,45.05,8.284846,0.6399999,9.166278,0.0,66.0899353,0.0,9.747539,-0.160000086,9.814761,0.0,66.0899353,0.0,8.284846,0.6399999,9.166278,0.0,66.0899353,0.0,8.284846,0.6399999,9.166278,0.0,66.0899353,0.0,0.0,0.0,1.0,0.0,0.0,0.0,0.0,1,1,4,15,4,18.006258,18.006258,Tina Aminipour,4890,2026-09-18T13:49:03.846898,,,
DATA,45.102,8.284846,0.6399999,9.166278,0.0,66.0899353,0.0,9.747539,-0.160000086,9.814761,0.0,66.0899353,0.0,8.284846,0.6399999,9.166278,0.0,66.0899353,0.0,8.284846,0.6399999,9.166278,0.0,66.0899353,0.0,0.0,0.0,1.0,0.0,0.0,0.0,0.0,1,1,4,15,4,18.0587788,18.0587788,Tina Aminipour,4890,2026-09-18T13:49:03.898771,,,
DATA,45.152,8.284846,0.6399999,9.166278,0.0,66.0899353,0.0,9.747539,-0.160000086,9.814761,0.0,66.0899353,0.0,8.284846,0.6399999,9.166278,0.0,66.0899353,0.0,8.284846,0.6399999,9.166278,0.0,66.0899353,0.0,0.0,0.0,1.0,0.0,0.0,0.0,0.0,1,1,4,15,4,18.1083927,18.1083927,Tina Aminipour,4890,2026-09-18T13:49:03.949220,,,
DATA,45.198,8.284846,0.6399999,9.166278,0.0,66.0899353,0.0,9.747539,-0.160000086,9.814761,0.0,66.0899353,0.0,8.284846,0.6399999,9.166278,0.0,66.0899353,0.0,8.284846,0.6399999,9.166278,0.0,66.0899353,0.0,0.0,0.0,1.0,0.0,0.0,0.0,0.0,1,1,4,15,4,18.1557789,18.1557789,Tina Aminipour,4890,2026-09-18T13:49:03.995750,,,
DATA,45.251,8.284846,0.6399999,9.166278,0.0,66.0899353,0.0,9.747539,-0.160000086,9.814761,0.0,66.0899353,0.0,8.284846,0.6399999,9.166278,0.0,66.0899353,0.0,8.284846,0.6399999,9.166278,0.0,66.0899353,0.0,0.0,0.0,1.0,0.0,0.0,0.0,0.0,1,1,4,15,4,18.208437,18.208437,Tina Aminipour,4890,2026-09-18T13:49:04.049422,,,
DATA,45.298,8.284846,0.6399999,9.166278,0.0,66.0899353,0.0,9.747539,-0.160000086,9.814761,0.0,66.0899353,0.0,8.284846,0.6399999,9.166278,0.0,66.0899353,0.0,8.284846,0.6399999,9.166278,0.0,66.0899353,0.0,0.0,0.0,1.0,0.0,0.0,0.0,0.0,1,1,4,15,4,18.2556019,18.2556019,Tina Aminipour,4890,2026-09-18T13:49:04.095246,,,
DATA,45.35,8.284846,0.6399999,9.166278,0.0,66.0899353,0.0,9.747539,-0.160000086,9.814761,0.0,66.0899353,0.0,8.284846,0.6399999,9.166278,0.0,66.0899353,0.0,8.284846,0.6399999,9.166278,0.0,66.0899353,0.0,0.0,0.0,0.0,0.0,0.0,0.0,0.0,1,1,4,15,4,18.3069477,18.3069477,Tina Aminipour,4890,2026-09-18T13:49:04.147005,,,
DATA,45.399,8.284846,0.6399999,9.166278,0.0,66.0899353,0.0,9.747539,-0.160000086,9.814761,0.0,66.0899353,0.0,8.284846,0.6399999,9.166278,0.0,66.0899353,0.0,8.284846,0.6399999,9.166278,0.0,66.0899353,0.0,0.0,0.0,0.0,0.0,0.0,0.0,0.0,1,1,4,15,4,18.3555546,18.3555546,Tina Aminipour,4890,2026-09-18T13:49:04.195249,,,
DATA,45.448,8.284846,0.6399999,9.166278,0.0,66.0899353,0.0,9.747539,-0.160000086,9.814761,0.0,66.0899353,0.0,8.284846,0.6399999,9.166278,0.0,66.0899353,0.0,8.284846,0.6399999,9.166278,0.0,66.0899353,0.0,0.0,0.0,0.0,0.0,0.0,0.0,0.0,1,1,4,15,4,18.40507,18.40507,Tina Aminipour,4890,2026-09-18T13:49:04.244949,,,
DATA,45.499,8.284846,0.6399999,9.166278,0.0,66.0899353,0.0,9.747539,-0.160000086,9.814761,0.0,66.0899353,0.0,8.284846,0.6399999,9.166278,0.0,66.0899353,0.0,8.284846,0.6399999,9.166278,0.0,66.0899353,0.0,0.0,0.0,0.0,0.0,0.0,0.0,0.0,1,1,4,15,4,18.4557552,18.4557552,Tina Aminipour,4890,2026-09-18T13:49:04.295520,,,
DATA,45.549,8.284846,0.6399999,9.166278,0.0,66.0899353,0.0,9.747539,-0.160000086,9.814761,0.0,66.0899353,0.0,8.284846,0.6399999,9.166278,0.0,66.0899353,0.0,8.284846,0.6399999,9.166278,0.0,66.0899353,0.0,0.0,0.0,0.0,0.0,0.0,0.0,0.0,1,1,4,15,4,18.5062084,18.5062084,Tina Aminipour,4890,2026-09-18T13:49:04.347496,,,
DATA,45.598,8.284846,0.6399999,9.166278,0.0,66.0899353,0.0,9.747539,-0.160000086,9.814761,0.0,66.0899353,0.0,8.284846,0.6399999,9.166278,0.0,66.0899353,0.0,8.284846,0.6399999,9.166278,0.0,66.0899353,0.0,0.0,0.0,0.0,0.0,0.0,0.0,0.0,1,1,4,15,4,18.5550518,18.5550518,Tina Aminipour,4890,2026-09-18T13:49:04.395255,,,
DATA,45.649,8.284846,0.6399999,9.166278,0.0,66.0899353,0.0,9.747539,-0.160000086,9.814761,0.0,66.0899353,0.0,8.284846,0.6399999,9.166278,0.0,66.0899353,0.0,8.284846,0.6399999,9.166278,0.0,66.0899353,0.0,0.0,0.0,0.0,0.0,0.0,0.0,0.0,1,1,4,15,4,18.60581,18.60581,Tina Aminipour,4890,2026-09-18T13:49:04.446356,,,
DATA,45.701,8.284846,0.6399999,9.166278,0.0,66.0899353,0.0,9.747539,-0.160000086,9.814761,0.0,66.0899353,0.0,8.284846,0.6399999,9.166278,0.0,66.0899353,0.0,8.284846,0.6399999,9.166278,0.0,66.0899353,0.0,0.0,0.0,0.0,0.0,0.0,0.0,0.0,1,1,4,15,4,18.657568,18.657568,Tina Aminipour,4890,2026-09-18T13:49:04.498420,,,
DATA,45.75,8.284846,0.6399999,9.166278,0.0,66.0899353,0.0,9.747539,-0.160000086,9.814761,0.0,66.0899353,0.0,8.284846,0.6399999,9.166278,0.0,66.0899353,0.0,8.284846,0.6399999,9.166278,0.0,66.0899353,0.0,0.0,0.0,0.0,0.0,0.0,0.0,0.0,1,1,4,15,4,18.7068424,18.7068424,Tina Aminipour,4890,2026-09-18T13:49:04.548096,,,
DATA,45.8,8.284846,0.6399999,9.166278,0.0,66.0899353,0.0,9.747539,-0.160000086,9.814761,0.0,66.0899353,0.0,8.284846,0.6399999,9.166278,0.0,66.0899353,0.0,8.284846,0.6399999,9.166278,0.0,66.0899353,0.0,0.0,0.0,0.0,0.0,0.0,0.0,0.0,1,1,4,15,4,18.7573261,18.7573261,Tina Aminipour,4890,2026-09-18T13:49:04.598064,,,
DATA,45.851,8.284846,0.6399999,9.166278,0.0,66.0899353,0.0,9.747539,-0.160000086,9.814761,0.0,66.0899353,0.0,8.284846,0.6399999,9.166278,0.0,66.0899353,0.0,8.284846,0.6399999,9.166278,0.0,66.0899353,0.0,0.0,0.0,0.0,0.0,0.0,0.0,0.0,1,1,4,15,4,18.80847,18.80847,Tina Aminipour,4890,2026-09-18T13:49:04.649455,,,
DATA,45.9,8.284846,0.6399999,9.166278,0.0,66.0899353,0.0,9.747539,-0.160000086,9.814761,0.0,66.0899353,0.0,8.284846,0.6399999,9.166278,0.0,66.0899353,0.0,8.284846,0.6399999,9.166278,0.0,66.0899353,0.0,0.0,0.0,0.0,0.0,0.0,0.0,0.0,1,1,4,15,4,18.8576145,18.8576145,Tina Aminipour,4890,2026-09-18T13:49:04.699524,,,
DATA,45.953,8.284846,0.6399999,9.166278,0.0,66.0899353,0.0,9.747539,-0.160000086,9.814761,0.0,66.0899353,0.0,8.284846,0.6399999,9.166278,0.0,66.0899353,0.0,8.284846,0.6399999,9.166278,0.0,66.0899353,0.0,0.0,0.0,0.0,0.0,0.0,0.0,0.0,1,1,4,15,4,18.9094486,18.9094486,Tina Aminipour,4890,2026-09-18T13:49:04.750784,,,
DATA,45.999,8.284846,0.6399999,9.166278,0.0,66.0899353,0.0,9.747539,-0.160000086,9.814761,0.0,66.0899353,0.0,8.284846,0.6399999,9.166278,0.0,66.0899353,0.0,8.284846,0.6399999,9.166278,0.0,66.0899353,0.0,0.0,0.0,0.0,0.0,0.0,0.0,0.0,1,1,4,15,4,18.9566517,18.9566517,Tina Aminipour,4890,2026-09-18T13:49:04.796763,,,
DATA,46.051,8.284846,0.6399999,9.166278,0.0,66.0899353,0.0,9.747539,-0.160000086,9.814761,0.0,66.0899353,0.0,8.284846,0.6399999,9.166278,0.0,66.0899353,0.0,8.284846,0.6399999,9.166278,0.0,66.0899353,0.0,0.0,0.0,0.0,0.0,0.0,0.0,0.0,1,1,4,15,4,19.0083675,19.0083675,Tina Aminipour,4890,2026-09-18T13:49:04.848728,,,
DATA,46.103,8.284846,0.6399999,9.166278,0.0,66.0899353,0.0,9.747539,-0.160000086,9.814761,0.0,66.0899353,0.0,8.284846,0.6399999,9.166278,0.0,66.0899353,0.0,8.284846,0.6399999,9.166278,0.0,66.0899353,0.0,0.0,0.0,0.0,0.0,0.0,0.0,0.0,1,1,4,15,4,19.05985,19.05985,Tina Aminipour,4890,2026-09-18T13:49:04.899978,,,
DATA,46.152,8.284846,0.6399999,9.166278,0.0,66.0899353,0.0,9.747539,-0.160000086,9.814761,0.0,66.0899353,0.0,8.284846,0.6399999,9.166278,0.0,66.0899353,0.0,8.284846,0.6399999,9.166278,0.0,66.0899353,0.0,0.0,0.0,0.0,0.0,0.0,0.0,0.0,1,1,4,15,4,19.1099148,19.1099148,Tina Aminipour,4890,2026-09-18T13:49:04.950614,,,
DATA,46.202,8.284846,0.6399999,9.166278,0.0,66.0899353,0.0,9.747539,-0.160000086,9.814761,0.0,66.0899353,0.0,8.284846,0.6399999,9.166278,0.0,66.0899353,0.0,8.284846,0.6399999,9.166278,0.0,66.0899353,0.0,0.0,0.0,0.0,0.0,0.0,0.0,0.0,1,1,4,15,4,19.159235,19.159235,Tina Aminipour,4890,2026-09-18T13:49:04.999597,,,
DATA,46.249,8.284846,0.6399999,9.166278,0.0,66.0899353,0.0,9.747539,-0.160000086,9.814761,0.0,66.0899353,0.0,8.284846,0.6399999,9.166278,0.0,66.0899353,0.0,8.284846,0.6399999,9.166278,0.0,66.0899353,0.0,0.0,0.0,0.0,0.0,0.0,0.0,0.0,1,1,4,15,4,19.2061863,19.2061863,Tina Aminipour,4890,2026-09-18T13:49:05.046178,,,
DATA,46.3,8.284846,0.6399999,9.166278,0.0,66.0899353,0.0,9.747539,-0.160000086,9.814761,0.0,66.0899353,0.0,8.284846,0.6399999,9.166278,0.0,66.0899353,0.0,8.284846,0.6399999,9.166278,0.0,66.0899353,0.0,0.0,0.0,0.0,0.0,0.0,0.0,0.0,1,1,4,15,4,19.2574749,19.2574749,Tina Aminipour,4890,2026-09-18T13:49:05.097306,,,
DATA,46.348,8.284846,0.6399999,9.166278,0.0,66.0899353,0.0,9.747539,-0.160000086,9.814761,0.0,66.0899353,0.0,8.284846,0.6399999,9.166278,0.0,66.0899353,0.0,8.284846,0.6399999,9.166278,0.0,66.0899353,0.0,0.0,0.0,0.0,0.0,0.0,0.0,0.0,1,1,4,15,4,19.3050251,19.3050251,Tina Aminipour,4890,2026-09-18T13:49:05.146240,,,
DATA,46.4,8.284846,0.6399999,9.166278,0.0,66.0899353,0.0,9.747539,-0.160000086,9.814761,0.0,66.0899353,0.0,8.284846,0.6399999,9.166278,0.0,66.0899353,0.0,8.284846,0.6399999,9.166278,0.0,66.0899353,0.0,0.0,0.0,0.0,0.0,0.0,0.0,0.0,1,1,4,15,4,19.3569355,19.3569355,Tina Aminipour,4890,2026-09-18T13:49:05.197642,,,
DATA,46.449,8.284846,0.6399999,9.166278,0.0,66.0899353,0.0,9.747539,-0.160000086,9.814761,0.0,66.0899353,0.0,8.284846,0.6399999,9.166278,0.0,66.0899353,0.0,8.284846,0.6399999,9.166278,0.0,66.0899353,0.0,0.0,0.0,0.0,0.0,0.0,0.0,0.0,1,1,4,15,4,19.40531,19.40531,Tina Aminipour,4890,2026-09-18T13:49:05.245443,,,
DATA,46.499,8.284846,0.6399999,9.166278,0.0,66.0899353,0.0,9.747539,-0.160000086,9.814761,0.0,66.0899353,0.0,8.284846,0.6399999,9.166278,0.0,66.0899353,0.0,8.284846,0.6399999,9.166278,0.0,66.0899353,0.0,0.0,0.0,0.0,0.0,0.0,0.0,0.0,1,1,4,15,4,19.4562588,19.4562588,Tina Aminipour,4890,2026-09-18T13:49:05.296604,,,
DATA,46.553,8.284846,0.6399999,9.166278,0.0,66.0899353,0.0,9.747539,-0.160000086,9.814761,0.0,66.0899353,0.0,8.284846,0.6399999,9.166278,0.0,66.0899353,0.0,8.284846,0.6399999,9.166278,0.0,66.0899353,0.0,0.0,0.0,0.0,0.0,0.0,0.0,0.0,1,1,4,15,4,19.5094128,19.5094128,Tina Aminipour,4890,2026-09-18T13:49:05.351402,,,
DATA,46.599,8.284846,0.6399999,9.166278,0.0,66.0899353,0.0,9.747539,-0.160000086,9.814761,0.0,66.0899353,0.0,8.284846,0.6399999,9.166278,0.0,66.0899353,0.0,8.284846,0.6399999,9.166278,0.0,66.0899353,0.0,0.0,0.0,0.0,0.0,0.0,0.0,0.0,1,1,4,15,4,19.5569363,19.5569363,Tina Aminipour,4890,2026-09-18T13:49:05.396457,,,
DATA,46.651,8.284846,0.6399999,9.166278,0.0,66.0899353,0.0,9.747539,-0.160000086,9.814761,0.0,66.0899353,0.0,8.284846,0.6399999,9.166278,0.0,66.0899353,0.0,8.284846,0.6399999,9.166278,0.0,66.0899353,0.0,0.0,0.0,0.0,0.0,0.0,0.0,0.0,1,1,4,15,4,19.6078129,19.6078129,Tina Aminipour,4890,2026-09-18T13:49:05.447269,,,
DATA,46.699,8.284846,0.6399999,9.166278,0.0,66.0899353,0.0,9.747539,-0.160000086,9.814761,0.0,66.0899353,0.0,8.284846,0.6399999,9.166278,0.0,66.0899353,0.0,8.284846,0.6399999,9.166278,0.0,66.0899353,0.0,0.0,0.0,0.0,0.0,0.0,0.0,0.0,1,1,4,15,4,19.6558666,19.6558666,Tina Aminipour,4890,2026-09-18T13:49:05.495462,,,
DATA,46.749,8.284846,0.6399999,9.166278,0.0,66.0899353,0.0,9.747539,-0.160000086,9.814761,0.0,66.0899353,0.0,8.284846,0.6399999,9.166278,0.0,66.0899353,0.0,8.284846,0.6399999,9.166278,0.0,66.0899353,0.0,0.0,0.0,0.0,0.0,0.0,0.0,0.0,1,1,4,15,4,19.70608,19.70608,Tina Aminipour,4890,2026-09-18T13:49:05.547065,,,
DATA,46.798,8.284846,0.6399999,9.166278,0.0,66.0899353,0.0,9.747539,-0.160000086,9.814761,0.0,66.0899353,0.0,8.284846,0.6399999,9.166278,0.0,66.0899353,0.0,8.284846,0.6399999,9.166278,0.0,66.0899353,0.0,0.0,0.0,0.0,0.0,0.0,0.0,0.0,1,1,4,15,4,19.7559223,19.7559223,Tina Aminipour,4890,2026-09-18T13:49:05.596381,,,
DATA,46.85,8.284846,0.6399999,9.166278,0.0,66.0899353,0.0,9.747539,-0.160000086,9.814761,0.0,66.0899353,0.0,8.284846,0.6399999,9.166278,0.0,66.0899353,0.0,8.284846,0.6399999,9.166278,0.0,66.0899353,0.0,0.0,0.0,0.0,0.0,0.0,0.0,0.0,1,1,4,15,4,19.8072453,19.8072453,Tina Aminipour,4890,2026-09-18T13:49:05.647570,,,
DATA,46.899,8.284846,0.6399999,9.166278,0.0,66.0899353,0.0,9.747539,-0.160000086,9.814761,0.0,66.0899353,0.0,8.284846,0.6399999,9.166278,0.0,66.0899353,0.0,8.284846,0.6399999,9.166278,0.0,66.0899353,0.0,0.0,0.0,0.0,0.0,0.0,0.0,0.0,1,1,4,15,4,19.8554935,19.8554935,Tina Aminipour,4890,2026-09-18T13:49:05.696305,,,
DATA,46.95,8.284846,0.6399999,9.166278,0.0,66.0899353,0.0,9.747539,-0.160000086,9.814761,0.0,66.0899353,0.0,8.284846,0.6399999,9.166278,0.0,66.0899353,0.0,8.284846,0.6399999,9.166278,0.0,66.0899353,0.0,0.0,0.0,0.0,0.0,0.0,0.0,0.0,1,1,4,15,4,19.90716,19.90716,Tina Aminipour,4890,2026-09-18T13:49:05.748637,,,
DATA,46.999,8.284846,0.6399999,9.166278,0.0,66.0899353,0.0,9.747539,-0.160000086,9.814761,0.0,66.0899353,0.0,8.284846,0.6399999,9.166278,0.0,66.0899353,0.0,8.284846,0.6399999,9.166278,0.0,66.0899353,0.0,0.0,0.0,0.0,0.0,0.0,0.0,0.0,1,1,4,15,4,19.95582,19.95582,Tina Aminipour,4890,2026-09-18T13:49:05.796228,,,
DATA,47.05,8.284846,0.6399999,9.166278,0.0,66.0899353,0.0,9.747539,-0.160000086,9.814761,0.0,66.0899353,0.0,8.284846,0.6399999,9.166278,0.0,66.0899353,0.0,8.284846,0.6399999,9.166278,0.0,66.0899353,0.0,0.0,0.0,0.0,0.0,0.0,0.0,0.0,1,1,4,15,4,20.00686,20.00686,Tina Aminipour,4890,2026-09-18T13:49:05.846636,,,
DATA,47.099,8.284846,0.6399999,9.166278,0.0,66.0899353,0.0,9.747539,-0.160000086,9.814761,0.0,66.0899353,0.0,8.284846,0.6399999,9.166278,0.0,66.0899353,0.0,8.284846,0.6399999,9.166278,0.0,66.0899353,0.0,0.0,0.0,0.0,0.0,0.0,0.0,0.0,1,1,4,15,4,20.0563526,20.0563526,Tina Aminipour,4890,2026-09-18T13:49:05.896087,,,
DATA,47.15,8.284846,0.6399999,9.166278,0.0,66.0899353,0.0,9.747539,-0.160000086,9.814761,0.0,66.0899353,0.0,8.284846,0.6399999,9.166278,0.0,66.0899353,0.0,8.284846,0.6399999,9.166278,0.0,66.0899353,0.0,0.0,0.0,0.0,0.0,0.0,0.0,0.0,1,1,4,15,4,20.106554,20.106554,Tina Aminipour,4890,2026-09-18T13:49:05.946070,,,
DATA,47.199,8.284846,0.6399999,9.166278,0.0,66.0899353,0.0,9.747539,-0.160000086,9.814761,0.0,66.0899353,0.0,8.284846,0.6399999,9.166278,0.0,66.0899353,0.0,8.284846,0.6399999,9.166278,0.0,66.0899353,0.0,0.0,0.0,0.0,0.0,0.0,0.0,0.0,1,1,4,15,4,20.1565838,20.1565838,Tina Aminipour,4890,2026-09-18T13:49:05.995811,,,
DATA,47.251,8.284846,0.6399999,9.166278,0.0,66.0899353,0.0,9.747539,-0.160000086,9.814761,0.0,66.0899353,0.0,8.284846,0.6399999,9.166278,0.0,66.0899353,0.0,8.284846,0.6399999,9.166278,0.0,66.0899353,0.0,0.0,0.0,0.0,0.0,0.0,0.0,0.0,1,1,4,15,4,20.2080059,20.2080059,Tina Aminipour,4890,2026-09-18T13:49:06.047833,,,
DATA,47.299,8.284846,0.6399999,9.166278,0.0,66.0899353,0.0,9.747539,-0.160000086,9.814761,0.0,66.0899353,0.0,8.284846,0.6399999,9.166278,0.0,66.0899353,0.0,8.284846,0.6399999,9.166278,0.0,66.0899353,0.0,0.0,0.0,0.0,0.0,0.0,0.0,0.0,1,1,4,15,4,20.2568836,20.2568836,Tina Aminipour,4890,2026-09-18T13:49:06.096784,,,
DATA,47.348,8.284846,0.6399999,9.166278,0.0,66.0899353,0.0,9.747539,-0.160000086,9.814761,0.0,66.0899353,0.0,8.284846,0.6399999,9.166278,0.0,66.0899353,0.0,8.284846,0.6399999,9.166278,0.0,66.0899353,0.0,0.0,0.0,0.0,0.0,0.0,0.0,0.0,1,1,4,15,4,20.3052883,20.3052883,Tina Aminipour,4890,2026-09-18T13:49:06.145473,,,
DATA,47.4,8.284846,0.6399999,9.166278,0.0,66.0899353,0.0,9.747539,-0.160000086,9.814761,0.0,66.0899353,0.0,8.284846,0.6399999,9.166278,0.0,66.0899353,0.0,8.284846,0.6399999,9.166278,0.0,66.0899353,0.0,0.0,0.0,0.0,0.0,0.0,0.0,0.0,1,1,4,15,4,20.3568859,20.3568859,Tina Aminipour,4890,2026-09-18T13:49:06.197362,,,
DATA,47.45,8.284846,0.6399999,9.166278,0.0,66.0899353,0.0,9.747539,-0.160000086,9.814761,0.0,66.0899353,0.0,8.284846,0.6399999,9.166278,0.0,66.0899353,0.0,8.284846,0.6399999,9.166278,0.0,66.0899353,0.0,0.0,0.0,0.0,0.0,0.0,0.0,0.0,1,1,4,15,4,20.406889,20.406889,Tina Aminipour,4890,2026-09-18T13:49:06.247750,,,
DATA,47.5,8.284846,0.6399999,9.166278,0.0,66.0899353,0.0,9.747539,-0.160000086,9.814761,0.0,66.0899353,0.0,8.284846,0.6399999,9.166278,0.0,66.0899353,0.0,8.284846,0.6399999,9.166278,0.0,66.0899353,0.0,0.0,0.0,0.0,0.0,0.0,0.0,0.0,1,1,4,15,4,20.4572239,20.4572239,Tina Aminipour,4890,2026-09-18T13:49:06.296884,,,
DATA,47.55,8.284846,0.6399999,9.166278,0.0,66.0899353,0.0,9.747539,-0.160000086,9.814761,0.0,66.0899353,0.0,8.284846,0.6399999,9.166278,0.0,66.0899353,0.0,8.284846,0.6399999,9.166278,0.0,66.0899353,0.0,0.0,0.0,0.0,0.0,0.0,0.0,0.0,1,1,4,15,4,20.5065937,20.5065937,Tina Aminipour,4890,2026-09-18T13:49:06.347464,,,
DATA,47.599,8.284846,0.6399999,9.166278,0.0,66.0899353,0.0,9.747539,-0.160000086,9.814761,0.0,66.0899353,0.0,8.284846,0.6399999,9.166278,0.0,66.0899353,0.0,8.284846,0.6399999,9.166278,0.0,66.0899353,0.0,0.0,0.0,0.0,0.0,0.0,0.0,0.0,1,1,4,15,4,20.55604,20.55604,Tina Aminipour,4890,2026-09-18T13:49:06.395910,,,
DATA,47.648,8.284846,0.6399999,9.166278,0.0,66.0899353,0.0,9.747539,-0.160000086,9.814761,0.0,66.0899353,0.0,8.284846,0.6399999,9.166278,0.0,66.0899353,0.0,8.284846,0.6399999,9.166278,0.0,66.0899353,0.0,0.0,0.0,0.0,0.0,0.0,0.0,0.0,1,1,4,15,4,20.6050167,20.6050167,Tina Aminipour,4890,2026-09-18T13:49:06.444583,,,
DATA,47.699,8.284846,0.6399999,9.166278,0.0,66.0899353,0.0,9.747539,-0.160000086,9.814761,0.0,66.0899353,0.0,8.284846,0.6399999,9.166278,0.0,66.0899353,0.0,8.284846,0.6399999,9.166278,0.0,66.0899353,0.0,0.0,0.0,0.0,0.0,0.0,0.0,0.0,1,1,4,15,4,20.6561565,20.6561565,Tina Aminipour,4890,2026-09-18T13:49:06.496582,,,
DATA,47.753,8.284846,0.6399999,9.166278,0.0,66.0899353,0.0,9.747539,-0.160000086,9.814761,0.0,66.0899353,0.0,8.284846,0.6399999,9.166278,0.0,66.0899353,0.0,8.284846,0.6399999,9.166278,0.0,66.0899353,0.0,0.0,0.0,0.0,0.0,0.0,0.0,0.0,1,1,4,15,4,20.70918,20.70918,Tina Aminipour,4890,2026-09-18T13:49:06.548684,,,
DATA,47.801,8.284846,0.6399999,9.166278,0.0,66.0899353,0.0,9.747539,-0.160000086,9.814761,0.0,66.0899353,0.0,8.284846,0.6399999,9.166278,0.0,66.0899353,0.0,8.284846,0.6399999,9.166278,0.0,66.0899353,0.0,0.0,0.0,0.0,0.0,0.0,0.0,0.0,1,1,4,15,4,20.7588978,20.7588978,Tina Aminipour,4890,2026-09-18T13:49:06.599144,,,
DATA,47.851,8.284846,0.6399999,9.166278,0.0,66.0899353,0.0,9.747539,-0.160000086,9.814761,0.0,66.0899353,0.0,8.284846,0.6399999,9.166278,0.0,66.0899353,0.0,8.284846,0.6399999,9.166278,0.0,66.0899353,0.0,0.0,0.0,0.0,0.0,0.0,0.0,0.0,1,1,4,15,4,20.8076611,20.8076611,Tina Aminipour,4890,2026-09-18T13:49:06.647898,,,
DATA,47.901,8.284846,0.6399999,9.166278,0.0,66.0899353,0.0,9.747539,-0.160000086,9.814761,0.0,66.0899353,0.0,8.284846,0.6399999,9.166278,0.0,66.0899353,0.0,8.284846,0.6399999,9.166278,0.0,66.0899353,0.0,0.0,0.0,0.0,0.0,0.0,0.0,0.0,1,1,4,15,4,20.8574352,20.8574352,Tina Aminipour,4890,2026-09-18T13:49:06.697851,,,
DATA,47.952,8.284846,0.6399999,9.166278,0.0,66.0899353,0.0,9.747539,-0.160000086,9.814761,0.0,66.0899353,0.0,8.284846,0.6399999,9.166278,0.0,66.0899353,0.0,8.284846,0.6399999,9.166278,0.0,66.0899353,0.0,0.0,0.0,0.0,0.0,0.0,0.0,0.0,1,1,4,15,4,20.9087543,20.9087543,Tina Aminipour,4890,2026-09-18T13:49:06.749022,,,
DATA,48.001,8.284846,0.6399999,9.166278,0.0,66.0899353,0.0,9.747539,-0.160000086,9.814761,0.0,66.0899353,0.0,8.284846,0.6399999,9.166278,0.0,66.0899353,0.0,8.284846,0.6399999,9.166278,0.0,66.0899353,0.0,0.0,0.0,0.0,0.0,0.0,0.0,0.0,1,1,4,15,4,20.9582767,20.9582767,Tina Aminipour,4890,2026-09-18T13:49:06.797684,,,
DATA,48.051,8.284846,0.6399999,9.166278,0.0,66.0899353,0.0,9.747539,-0.160000086,9.814761,0.0,66.0899353,0.0,8.284846,0.6399999,9.166278,0.0,66.0899353,0.0,8.284846,0.6399999,9.166278,0.0,66.0899353,0.0,0.0,0.0,0.0,0.0,0.0,0.0,0.0,1,1,4,15,4,21.0083218,21.0083218,Tina Aminipour,4890,2026-09-18T13:49:06.848668,,,
DATA,48.099,8.284846,0.6399999,9.166278,0.0,66.0899353,0.0,9.747539,-0.160000086,9.814761,0.0,66.0899353,0.0,8.284846,0.6399999,9.166278,0.0,66.0899353,0.0,8.284846,0.6399999,9.166278,0.0,66.0899353,0.0,0.0,0.0,0.0,0.0,0.0,0.0,0.0,1,1,4,15,4,21.0561657,21.0561657,Tina Aminipour,4890,2026-09-18T13:49:06.895501,,,
DATA,48.153,8.284846,0.6399999,9.166278,0.0,66.0899353,0.0,9.747539,-0.160000086,9.814761,0.0,66.0899353,0.0,8.284846,0.6399999,9.166278,0.0,66.0899353,0.0,8.284846,0.6399999,9.166278,0.0,66.0899353,0.0,0.0,0.0,0.0,0.0,0.0,0.0,0.0,1,1,4,15,4,21.1101437,21.1101437,Tina Aminipour,4890,2026-09-18T13:49:06.950499,,,
DATA,48.199,8.284846,0.6399999,9.166278,0.0,66.0899353,0.0,9.747539,-0.160000086,9.814761,0.0,66.0899353,0.0,8.284846,0.6399999,9.166278,0.0,66.0899353,0.0,8.284846,0.6399999,9.166278,0.0,66.0899353,0.0,0.0,0.0,0.0,0.0,0.0,0.0,0.0,1,1,4,15,4,21.1558857,21.1558857,Tina Aminipour,4890,2026-09-18T13:49:06.995931,,,
DATA,48.25,8.284846,0.6399999,9.166278,0.0,66.0899353,0.0,9.747539,-0.160000086,9.814761,0.0,66.0899353,0.0,8.284846,0.6399999,9.166278,0.0,66.0899353,0.0,8.284846,0.6399999,9.166278,0.0,66.0899353,0.0,0.0,0.0,0.0,0.0,0.0,0.0,0.0,1,1,4,15,4,21.2068577,21.2068577,Tina Aminipour,4890,2026-09-18T13:49:07.046891,,,
DATA,48.299,8.284846,0.6399999,9.166278,0.0,66.0899353,0.0,9.747539,-0.160000086,9.814761,0.0,66.0899353,0.0,8.284846,0.6399999,9.166278,0.0,66.0899353,0.0,8.284846,0.6399999,9.166278,0.0,66.0899353,0.0,0.0,0.0,0.0,0.0,0.0,0.0,0.0,1,1,4,15,4,21.2557011,21.2557011,Tina Aminipour,4890,2026-09-18T13:49:07.095337,,,
DATA,48.351,8.284846,0.6399999,9.166278,0.0,66.0899353,0.0,9.747539,-0.160000086,9.814761,0.0,66.0899353,0.0,8.284846,0.6399999,9.166278,0.0,66.0899353,0.0,8.284846,0.6399999,9.166278,0.0,66.0899353,0.0,0.0,0.0,0.0,0.0,0.0,0.0,0.0,1,1,4,15,4,21.308054,21.308054,Tina Aminipour,4890,2026-09-18T13:49:07.147918,,,
DATA,48.402,8.284846,0.6399999,9.166278,0.0,66.0899353,0.0,9.747539,-0.160000086,9.814761,0.0,66.0899353,0.0,8.284846,0.6399999,9.166278,0.0,66.0899353,0.0,8.284846,0.6399999,9.166278,0.0,66.0899353,0.0,0.0,0.0,0.0,0.0,0.0,0.0,0.0,1,1,4,15,4,21.358675,21.358675,Tina Aminipour,4890,2026-09-18T13:49:07.198379,,,
DATA,48.452,8.284846,0.6399999,9.166278,0.0,66.0899353,0.0,9.747539,-0.160000086,9.814761,0.0,66.0899353,0.0,8.284846,0.6399999,9.166278,0.0,66.0899353,0.0,8.284846,0.6399999,9.166278,0.0,66.0899353,0.0,0.0,0.0,0.0,0.0,0.0,0.0,0.0,1,1,4,15,4,21.4088078,21.4088078,Tina Aminipour,4890,2026-09-18T13:49:07.248474,,,
DATA,48.499,8.284846,0.6399999,9.166278,0.0,66.0899353,0.0,9.747539,-0.160000086,9.814761,0.0,66.0899353,0.0,8.284846,0.6399999,9.166278,0.0,66.0899353,0.0,8.284846,0.6399999,9.166278,0.0,66.0899353,0.0,0.0,0.0,0.0,0.0,0.0,0.0,0.0,1,1,4,15,4,21.4569683,21.4569683,Tina Aminipour,4890,2026-09-18T13:49:07.297325,,,
DATA,48.549,8.284846,0.6399999,9.166278,0.0,66.0899353,0.0,9.747539,-0.160000086,9.814761,0.0,66.0899353,0.0,8.284846,0.6399999,9.166278,0.0,66.0899353,0.0,8.284846,0.6399999,9.166278,0.0,66.0899353,0.0,0.0,0.0,0.0,0.0,0.0,0.0,0.0,1,1,4,15,4,21.5061131,21.5061131,Tina Aminipour,4890,2026-09-18T13:49:07.346451,,,
DATA,48.599,8.284846,0.6399999,9.166278,0.0,66.0899353,0.0,9.747539,-0.160000086,9.814761,0.0,66.0899353,0.0,8.284846,0.6399999,9.166278,0.0,66.0899353,0.0,8.284846,0.6399999,9.166278,0.0,66.0899353,0.0,0.0,0.0,0.0,0.0,0.0,0.0,0.0,1,1,4,15,4,21.5567,21.5567,Tina Aminipour,4890,2026-09-18T13:49:07.396720,,,
DATA,48.648,8.284846,0.6399999,9.166278,0.0,66.0899353,0.0,9.747539,-0.160000086,9.814761,0.0,66.0899353,0.0,8.284846,0.6399999,9.166278,0.0,66.0899353,0.0,8.284846,0.6399999,9.166278,0.0,66.0899353,0.0,0.0,0.0,0.0,0.0,0.0,0.0,0.0,1,1,4,15,4,21.6056957,21.6056957,Tina Aminipour,4890,2026-09-18T13:49:07.445501,,,
DATA,48.702,8.284846,0.6399999,9.166278,0.0,66.0899353,0.0,9.747539,-0.160000086,9.814761,0.0,66.0899353,0.0,8.284846,0.6399999,9.166278,0.0,66.0899353,0.0,8.284846,0.6399999,9.166278,0.0,66.0899353,0.0,0.0,0.0,0.0,0.0,0.0,0.0,0.0,1,1,4,15,4,21.6590862,21.6590862,Tina Aminipour,4890,2026-09-18T13:49:07.501028,,,
DATA,48.748,8.284846,0.6399999,9.166278,0.0,66.0899353,0.0,9.747539,-0.160000086,9.814761,0.0,66.0899353,0.0,8.284846,0.6399999,9.166278,0.0,66.0899353,0.0,8.284846,0.6399999,9.166278,0.0,66.0899353,0.0,0.0,0.0,0.0,0.0,0.0,0.0,0.0,1,1,4,15,4,21.7051754,21.7051754,Tina Aminipour,4890,2026-09-18T13:49:07.545178,,,
DATA,48.802,8.284846,0.6399999,9.166278,0.0,66.0899353,0.0,9.747539,-0.160000086,9.814761,0.0,66.0899353,0.0,8.284846,0.6399999,9.166278,0.0,66.0899353,0.0,8.284846,0.6399999,9.166278,0.0,66.0899353,0.0,0.0,0.0,0.0,0.0,0.0,0.0,0.0,1,1,4,15,4,21.7590237,21.7590237,Tina Aminipour,4890,2026-09-18T13:49:07.598961,,,
DATA,48.851,8.284846,0.6399999,9.166278,0.0,66.0899353,0.0,9.747539,-0.160000086,9.814761,0.0,66.0899353,0.0,8.284846,0.6399999,9.166278,0.0,66.0899353,0.0,8.284846,0.6399999,9.166278,0.0,66.0899353,0.0,0.0,0.0,0.0,0.0,0.0,0.0,0.0,1,1,4,15,4,21.8076649,21.8076649,Tina Aminipour,4890,2026-09-18T13:49:07.648191,,,
DATA,48.898,8.284846,0.6399999,9.166278,0.0,66.0899353,0.0,9.747539,-0.160000086,9.814761,0.0,66.0899353,0.0,8.284846,0.6399999,9.166278,0.0,66.0899353,0.0,8.284846,0.6399999,9.166278,0.0,66.0899353,0.0,0.0,0.0,0.0,0.0,0.0,0.0,0.0,1,1,4,15,4,21.8550472,21.8550472,Tina Aminipour,4890,2026-09-18T13:49:07.694785,,,
DATA,48.949,8.284846,0.6399999,9.166278,0.0,66.0899353,0.0,9.747539,-0.160000086,9.814761,0.0,66.0899353,0.0,8.284846,0.6399999,9.166278,0.0,66.0899353,0.0,8.284846,0.6399999,9.166278,0.0,66.0899353,0.0,0.0,0.0,0.0,0.0,0.0,0.0,0.0,1,1,4,15,4,21.90595,21.90595,Tina Aminipour,4890,2026-09-18T13:49:07.745618,,,
DATA,49.001,8.284846,0.6399999,9.166278,0.0,66.0899353,0.0,9.747539,-0.160000086,9.814761,0.0,66.0899353,0.0,8.284846,0.6399999,9.166278,0.0,66.0899353,0.0,8.284846,0.6399999,9.166278,0.0,66.0899353,0.0,0.0,0.0,0.0,0.0,0.0,0.0,0.0,1,1,4,15,4,21.9585438,21.9585438,Tina Aminipour,4890,2026-09-18T13:49:07.799016,,,
DATA,49.052,8.284846,0.6399999,9.166278,0.0,66.0899353,0.0,9.747539,-0.160000086,9.814761,0.0,66.0899353,0.0,8.284846,0.6399999,9.166278,0.0,66.0899353,0.0,8.284846,0.6399999,9.166278,0.0,66.0899353,0.0,0.0,0.0,0.0,0.0,0.0,0.0,0.0,1,1,4,15,4,22.009203,22.009203,Tina Aminipour,4890,2026-09-18T13:49:07.848488,,,
DATA,49.101,8.284846,0.6399999,9.166278,0.0,66.0899353,0.0,9.747539,-0.160000086,9.814761,0.0,66.0899353,0.0,8.284846,0.6399999,9.166278,0.0,66.0899353,0.0,8.284846,0.6399999,9.166278,0.0,66.0899353,0.0,0.0,0.0,0.0,0.0,0.0,0.0,0.0,1,1,4,15,4,22.0578938,22.0578938,Tina Aminipour,4890,2026-09-18T13:49:07.897359,,,
DATA,49.15,8.284846,0.6399999,9.166278,0.0,66.0899353,0.0,9.747539,-0.160000086,9.814761,0.0,66.0899353,0.0,8.284846,0.6399999,9.166278,0.0,66.0899353,0.0,8.284846,0.6399999,9.166278,0.0,66.0899353,0.0,0.0,0.0,0.0,0.0,0.0,0.0,0.0,1,1,4,15,4,22.106348,22.106348,Tina Aminipour,4890,2026-09-18T13:49:07.945524,,,
DATA,49.198,8.284846,0.6399999,9.166278,0.0,66.0899353,0.0,9.747539,-0.160000086,9.814761,0.0,66.0899353,0.0,8.284846,0.6399999,9.166278,0.0,66.0899353,0.0,8.284846,0.6399999,9.166278,0.0,66.0899353,0.0,0.0,0.0,0.0,0.0,0.0,0.0,0.0,1,1,4,15,4,22.1553783,22.1553783,Tina Aminipour,4890,2026-09-18T13:49:07.995469,,,
DATA,49.252,8.284846,0.6399999,9.166278,0.0,66.0899353,0.0,9.747539,-0.160000086,9.814761,0.0,66.0899353,0.0,8.284846,0.6399999,9.166278,0.0,66.0899353,0.0,8.284846,0.6399999,9.166278,0.0,66.0899353,0.0,0.0,0.0,0.0,0.0,0.0,0.0,0.0,1,1,4,15,4,22.2083874,22.2083874,Tina Aminipour,4890,2026-09-18T13:49:08.049401,,,
DATA,49.297,8.284846,0.6399999,9.166278,0.0,66.0899353,0.0,9.747539,-0.160000086,9.814761,0.0,66.0899353,0.0,8.284846,0.6399999,9.166278,0.0,66.0899353,0.0,8.284846,0.6399999,9.166278,0.0,66.0899353,0.0,0.0,0.0,0.0,0.0,0.0,0.0,0.0,1,1,4,15,4,22.2549839,22.2549839,Tina Aminipour,4890,2026-09-18T13:49:08.095778,,,
DATA,49.35,8.284846,0.6399999,9.166278,0.0,66.0899353,0.0,9.747539,-0.160000086,9.814761,0.0,66.0899353,0.0,8.284846,0.6399999,9.166278,0.0,66.0899353,0.0,8.284846,0.6399999,9.166278,0.0,66.0899353,0.0,0.0,0.0,0.0,0.0,0.0,0.0,0.0,1,1,4,15,4,22.3061085,22.3061085,Tina Aminipour,4890,2026-09-18T13:49:08.147159,,,
DATA,49.398,8.284846,0.6399999,9.166278,0.0,66.0899353,0.0,9.747539,-0.160000086,9.814761,0.0,66.0899353,0.0,8.284846,0.6399999,9.166278,0.0,66.0899353,0.0,8.284846,0.6399999,9.166278,0.0,66.0899353,0.0,0.0,0.0,0.0,0.0,0.0,0.0,0.0,1,1,4,15,4,22.3559475,22.3559475,Tina Aminipour,4890,2026-09-18T13:49:08.195616,,,
DATA,49.453,8.284846,0.6399999,9.166278,0.0,66.0899353,0.0,9.747539,-0.160000086,9.814761,0.0,66.0899353,0.0,8.284846,0.6399999,9.166278,0.0,66.0899353,0.0,8.284846,0.6399999,9.166278,0.0,66.0899353,0.0,0.0,0.0,0.0,0.0,0.0,0.0,0.0,1,1,4,15,4,22.4091167,22.4091167,Tina Aminipour,4890,2026-09-18T13:49:08.249496,,,
DATA,49.5,8.284846,0.6399999,9.166278,0.0,66.0899353,0.0,9.747539,-0.160000086,9.814761,0.0,66.0899353,0.0,8.284846,0.6399999,9.166278,0.0,66.0899353,0.0,8.284846,0.6399999,9.166278,0.0,66.0899353,0.0,0.0,0.0,0.0,0.0,0.0,0.0,0.0,1,1,4,15,4,22.4566479,22.4566479,Tina Aminipour,4890,2026-09-18T13:49:08.297601,,,
DATA,49.549,8.284846,0.6399999,9.166278,0.0,66.0899353,0.0,9.747539,-0.160000086,9.814761,0.0,66.0899353,0.0,8.284846,0.6399999,9.166278,0.0,66.0899353,0.0,8.284846,0.6399999,9.166278,0.0,66.0899353,0.0,0.0,0.0,0.0,0.0,0.0,0.0,0.0,1,1,4,15,4,22.5051365,22.5051365,Tina Aminipour,4890,2026-09-18T13:49:08.344808,,,
DATA,49.601,8.284846,0.6399999,9.166278,0.0,66.0899353,0.0,9.747539,-0.160000086,9.814761,0.0,66.0899353,0.0,8.284846,0.6399999,9.166278,0.0,66.0899353,0.0,8.284846,0.6399999,9.166278,0.0,66.0899353,0.0,0.0,0.0,0.0,0.0,0.0,0.0,0.0,1,1,4,15,4,22.5576878,22.5576878,Tina Aminipour,4890,2026-09-18T13:49:08.396879,,,
DATA,49.65,8.284846,0.6399999,9.166278,0.0,66.0899353,0.0,9.747539,-0.160000086,9.814761,0.0,66.0899353,0.0,8.284846,0.6399999,9.166278,0.0,66.0899353,0.0,8.284846,0.6399999,9.166278,0.0,66.0899353,0.0,0.0,0.0,0.0,0.0,0.0,0.0,0.0,1,1,4,15,4,22.6068935,22.6068935,Tina Aminipour,4890,2026-09-18T13:49:08.446847,,,
DATA,49.699,8.284846,0.6399999,9.166278,0.0,66.0899353,0.0,9.747539,-0.160000086,9.814761,0.0,66.0899353,0.0,8.284846,0.6399999,9.166278,0.0,66.0899353,0.0,8.284846,0.6399999,9.166278,0.0,66.0899353,0.0,0.0,0.0,0.0,0.0,0.0,0.0,0.0,1,1,4,15,4,22.6564465,22.6564465,Tina Aminipour,4890,2026-09-18T13:49:08.495145,,,
DATA,49.75,8.284846,0.6399999,9.166278,0.0,66.0899353,0.0,9.747539,-0.160000086,9.814761,0.0,66.0899353,0.0,8.284846,0.6399999,9.166278,0.0,66.0899353,0.0,8.284846,0.6399999,9.166278,0.0,66.0899353,0.0,0.0,0.0,0.0,0.0,0.0,0.0,0.0,1,1,4,15,4,22.70769,22.70769,Tina Aminipour,4890,2026-09-18T13:49:08.548107,,,
DATA,49.798,8.284846,0.6399999,9.166278,0.0,66.0899353,0.0,9.747539,-0.160000086,9.814761,0.0,66.0899353,0.0,8.284846,0.6399999,9.166278,0.0,66.0899353,0.0,8.284846,0.6399999,9.166278,0.0,66.0899353,0.0,0.0,0.0,0.0,0.0,0.0,0.0,0.0,1,1,4,15,4,22.7558041,22.7558041,Tina Aminipour,4890,2026-09-18T13:49:08.594859,,,
DATA,49.851,8.284846,0.6399999,9.166278,0.0,66.0899353,0.0,9.747539,-0.160000086,9.814761,0.0,66.0899353,0.0,8.284846,0.6399999,9.166278,0.0,66.0899353,0.0,8.284846,0.6399999,9.166278,0.0,66.0899353,0.0,0.0,0.0,0.0,0.0,0.0,0.0,0.0,1,1,4,15,4,22.8084888,22.8084888,Tina Aminipour,4890,2026-09-18T13:49:08.649161,,,
DATA,49.903,8.284846,0.6399999,9.166278,0.0,66.0899353,0.0,9.747539,-0.160000086,9.814761,0.0,66.0899353,0.0,8.284846,0.6399999,9.166278,0.0,66.0899353,0.0,8.284846,0.6399999,9.166278,0.0,66.0899353,0.0,0.0,0.0,0.0,0.0,0.0,0.0,0.0,1,1,4,15,4,22.86025,22.86025,Tina Aminipour,4890,2026-09-18T13:49:08.701339,,,
DATA,49.95,8.284846,0.6399999,9.166278,0.0,66.0899353,0.0,9.747539,-0.160000086,9.814761,0.0,66.0899353,0.0,8.284846,0.6399999,9.166278,0.0,66.0899353,0.0,8.284846,0.6399999,9.166278,0.0,66.0899353,0.0,0.0,0.0,0.0,0.0,0.0,0.0,0.0,1,1,4,15,4,22.9064121,22.9064121,Tina Aminipour,4890,2026-09-18T13:49:08.746997,,,
DATA,49.999,8.284846,0.6399999,9.166278,0.0,66.0899353,0.0,9.747539,-0.160000086,9.814761,0.0,66.0899353,0.0,8.284846,0.6399999,9.166278,0.0,66.0899353,0.0,8.284846,0.6399999,9.166278,0.0,66.0899353,0.0,0.0,0.0,0.0,0.0,0.0,0.0,0.0,1,1,4,15,4,22.956377,22.956377,Tina Aminipour,4890,2026-09-18T13:49:08.796058,,,
DATA,50.049,8.284846,0.6399999,9.166278,0.0,66.0899353,0.0,9.747539,-0.160000086,9.814761,0.0,66.0899353,0.0,8.284846,0.6399999,9.166278,0.0,66.0899353,0.0,8.284846,0.6399999,9.166278,0.0,66.0899353,0.0,0.0,0.0,0.0,0.0,0.0,0.0,0.0,1,1,4,15,4,23.0053463,23.0053463,Tina Aminipour,4890,2026-09-18T13:49:08.845410,,,
DATA,50.1,8.284846,0.6399999,9.166278,0.0,66.0899353,0.0,9.747539,-0.160000086,9.814761,0.0,66.0899353,0.0,8.284846,0.6399999,9.166278,0.0,66.0899353,0.0,8.284846,0.6399999,9.166278,0.0,66.0899353,0.0,0.0,0.0,0.0,0.0,0.0,0.0,0.0,1,1,4,15,4,23.057436,23.057436,Tina Aminipour,4890,2026-09-18T13:49:08.897560,,,
DATA,50.149,8.284846,0.6399999,9.166278,0.0,66.0899353,0.0,9.747539,-0.160000086,9.814761,0.0,66.0899353,0.0,8.284846,0.6399999,9.166278,0.0,66.0899353,0.0,8.284846,0.6399999,9.166278,0.0,66.0899353,0.0,0.0,0.0,0.0,0.0,0.0,0.0,0.0,1,1,4,15,4,23.10626,23.10626,Tina Aminipour,4890,2026-09-18T13:49:08.946252,,,
DATA,50.202,8.284846,0.6399999,9.166278,0.0,66.0899353,0.0,9.747539,-0.160000086,9.814761,0.0,66.0899353,0.0,8.284846,0.6399999,9.166278,0.0,66.0899353,0.0,8.284846,0.6399999,9.166278,0.0,66.0899353,0.0,0.0,0.0,0.0,0.0,0.0,0.0,0.0,1,1,4,15,4,23.1587734,23.1587734,Tina Aminipour,4890,2026-09-18T13:49:08.998395,,,
DATA,50.25,8.284846,0.6399999,9.166278,0.0,66.0899353,0.0,9.747539,-0.160000086,9.814761,0.0,66.0899353,0.0,8.284846,0.6399999,9.166278,0.0,66.0899353,0.0,8.284846,0.6399999,9.166278,0.0,66.0899353,0.0,0.0,0.0,0.0,0.0,0.0,0.0,0.0,1,1,4,15,4,23.2071133,23.2071133,Tina Aminipour,4890,2026-09-18T13:49:09.046480,,,
DATA,50.301,8.284846,0.6399999,9.166278,0.0,66.0899353,0.0,9.747539,-0.160000086,9.814761,0.0,66.0899353,0.0,8.284846,0.6399999,9.166278,0.0,66.0899353,0.0,8.284846,0.6399999,9.166278,0.0,66.0899353,0.0,0.0,0.0,0.0,0.0,0.0,0.0,0.0,1,1,4,15,4,23.2574825,23.2574825,Tina Aminipour,4890,2026-09-18T13:49:09.097905,,,
DATA,50.349,8.284846,0.6399999,9.166278,0.0,66.0899353,0.0,9.747539,-0.160000086,9.814761,0.0,66.0899353,0.0,8.284846,0.6399999,9.166278,0.0,66.0899353,0.0,8.284846,0.6399999,9.166278,0.0,66.0899353,0.0,0.0,0.0,0.0,0.0,0.0,0.0,0.0,1,1,4,15,4,23.3061123,23.3061123,Tina Aminipour,4890,2026-09-18T13:49:09.145670,,,
DATA,50.401,8.284846,0.6399999,9.166278,0.0,66.0899353,0.0,9.747539,-0.160000086,9.814761,0.0,66.0899353,0.0,8.284846,0.6399999,9.166278,0.0,66.0899353,0.0,8.284846,0.6399999,9.166278,0.0,66.0899353,0.0,0.0,0.0,0.0,0.0,0.0,0.0,0.0,1,1,4,15,4,23.35869,23.35869,Tina Aminipour,4890,2026-09-18T13:49:09.198722,,,
DATA,50.451,8.284846,0.6399999,9.166278,0.0,66.0899353,0.0,9.747539,-0.160000086,9.814761,0.0,66.0899353,0.0,8.284846,0.6399999,9.166278,0.0,66.0899353,0.0,8.284846,0.6399999,9.166278,0.0,66.0899353,0.0,0.0,0.0,0.0,0.0,0.0,0.0,0.0,1,1,4,15,4,23.4076557,23.4076557,Tina Aminipour,4890,2026-09-18T13:49:09.248341,,,
DATA,50.501,8.284846,0.6399999,9.166278,0.0,66.0899353,0.0,9.747539,-0.160000086,9.814761,0.0,66.0899353,0.0,8.284846,0.6399999,9.166278,0.0,66.0899353,0.0,8.284846,0.6399999,9.166278,0.0,66.0899353,0.0,0.0,0.0,0.0,0.0,0.0,0.0,0.0,1,1,4,15,4,23.4578228,23.4578228,Tina Aminipour,4890,2026-09-18T13:49:09.297834,,,
DATA,50.55,8.284846,0.6399999,9.166278,0.0,66.0899353,0.0,9.747539,-0.160000086,9.814761,0.0,66.0899353,0.0,8.284846,0.6399999,9.166278,0.0,66.0899353,0.0,8.284846,0.6399999,9.166278,0.0,66.0899353,0.0,0.0,0.0,0.0,0.0,0.0,0.0,0.0,1,1,4,15,4,23.5066929,23.5066929,Tina Aminipour,4890,2026-09-18T13:49:09.346009,,,
DATA,50.602,8.284846,0.6399999,9.166278,0.0,66.0899353,0.0,9.747539,-0.160000086,9.814761,0.0,66.0899353,0.0,8.284846,0.6399999,9.166278,0.0,66.0899353,0.0,8.284846,0.6399999,9.166278,0.0,66.0899353,0.0,0.0,0.0,0.0,0.0,0.0,0.0,0.0,1,1,4,15,4,23.558794,23.558794,Tina Aminipour,4890,2026-09-18T13:49:09.400298,,,
DATA,50.648,8.284846,0.6399999,9.166278,0.0,66.0899353,0.0,9.747539,-0.160000086,9.814761,0.0,66.0899353,0.0,8.284846,0.6399999,9.166278,0.0,66.0899353,0.0,8.284846,0.6399999,9.166278,0.0,66.0899353,0.0,0.0,0.0,0.0,0.0,0.0,0.0,0.0,1,1,4,15,4,23.6050358,23.6050358,Tina Aminipour,4890,2026-09-18T13:49:09.445545,,,
DATA,50.708,8.284846,0.6399999,9.166278,0.0,66.0899353,0.0,9.747539,-0.160000086,9.814761,0.0,66.0899353,0.0,8.284846,0.6399999,9.166278,0.0,66.0899353,0.0,8.284846,0.6399999,9.166278,0.0,66.0899353,0.0,0.0,0.0,0.0,0.0,0.0,0.0,0.0,1,1,4,15,4,23.66493,23.66493,Tina Aminipour,4890,2026-09-18T13:49:09.511721,,,
DATA,50.792,8.284846,0.6399999,9.166278,0.0,66.0899353,0.0,9.747539,-0.160000086,9.814761,0.0,66.0899353,0.0,8.284846,0.6399999,9.166278,0.0,66.0899353,0.0,8.284846,0.6399999,9.166278,0.0,66.0899353,0.0,0.0,0.0,0.0,0.0,0.0,0.0,0.0,1,1,4,15,4,23.7490559,23.7490559,Tina Aminipour,4890,2026-09-18T13:49:09.594856,,,
DATA,50.798,8.284846,0.6399999,9.166278,0.0,66.0899353,0.0,9.747539,-0.160000086,9.814761,0.0,66.0899353,0.0,8.284846,0.6399999,9.166278,0.0,66.0899353,0.0,8.284846,0.6399999,9.166278,0.0,66.0899353,0.0,0.0,0.0,0.0,0.0,0.0,0.0,0.0,1,1,4,15,4,23.7551861,23.7551861,Tina Aminipour,4890,2026-09-18T13:49:09.613155,,,
DATA,50.853,8.284846,0.6399999,9.166278,0.0,66.0899353,0.0,9.747539,-0.160000086,9.814761,0.0,66.0899353,0.0,8.284846,0.6399999,9.166278,0.0,66.0899353,0.0,8.284846,0.6399999,9.166278,0.0,66.0899353,0.0,0.0,0.0,0.0,0.0,0.0,0.0,0.0,1,1,4,15,4,23.8093281,23.8093281,Tina Aminipour,4890,2026-09-18T13:49:09.649702,,,
DATA,50.899,8.284846,0.6399999,9.166278,0.0,66.0899353,0.0,9.747539,-0.160000086,9.814761,0.0,66.0899353,0.0,8.284846,0.6399999,9.166278,0.0,66.0899353,0.0,8.284846,0.6399999,9.166278,0.0,66.0899353,0.0,0.0,0.0,0.0,0.0,0.0,0.0,0.0,1,1,4,15,4,23.85655,23.85655,Tina Aminipour,4890,2026-09-18T13:49:09.697643,,,
DATA,50.95,8.284846,0.6399999,9.166278,0.0,66.0899353,0.0,9.747539,-0.160000086,9.814761,0.0,66.0899353,0.0,8.284846,0.6399999,9.166278,0.0,66.0899353,0.0,8.284846,0.6399999,9.166278,0.0,66.0899353,0.0,0.0,0.0,0.0,0.0,0.0,0.0,0.0,1,1,4,15,4,23.9071445,23.9071445,Tina Aminipour,4890,2026-09-18T13:49:09.747942,,,
DATA,51.002,8.284846,0.6399999,9.166278,0.0,66.0899353,0.0,9.747539,-0.160000086,9.814761,0.0,66.0899353,0.0,8.284846,0.6399999,9.166278,0.0,66.0899353,0.0,8.284846,0.6399999,9.166278,0.0,66.0899353,0.0,0.0,0.0,0.0,0.0,0.0,0.0,0.0,1,1,4,15,4,23.9587765,23.9587765,Tina Aminipour,4890,2026-09-18T13:49:09.799165,,,
DATA,51.05,8.284846,0.6399999,9.166278,0.0,66.0899353,0.0,9.747539,-0.160000086,9.814761,0.0,66.0899353,0.0,8.284846,0.6399999,9.166278,0.0,66.0899353,0.0,8.284846,0.6399999,9.166278,0.0,66.0899353,0.0,0.0,0.0,0.0,0.0,0.0,0.0,0.0,1,1,4,15,4,24.006155,24.006155,Tina Aminipour,4890,2026-09-18T13:49:09.845989,,,
DATA,51.101,8.284846,0.6399999,9.166278,0.0,66.0899353,0.0,9.747539,-0.160000086,9.814761,0.0,66.0899353,0.0,8.284846,0.6399999,9.166278,0.0,66.0899353,0.0,8.284846,0.6399999,9.166278,0.0,66.0899353,0.0,0.0,0.0,0.0,0.0,0.0,0.0,0.0,1,1,4,15,4,24.0582943,24.0582943,Tina Aminipour,4890,2026-09-18T13:49:09.899127,,,
DATA,51.148,8.284846,0.6399999,9.166278,0.0,66.0899353,0.0,9.747539,-0.160000086,9.814761,0.0,66.0899353,0.0,8.284846,0.6399999,9.166278,0.0,66.0899353,0.0,8.284846,0.6399999,9.166278,0.0,66.0899353,0.0,0.0,0.0,0.0,0.0,0.0,0.0,0.0,1,1,4,15,4,24.1052456,24.1052456,Tina Aminipour,4890,2026-09-18T13:49:09.946058,,,
DATA,51.199,8.284846,0.6399999,9.166278,0.0,66.0899353,0.0,9.747539,-0.160000086,9.814761,0.0,66.0899353,0.0,8.284846,0.6399999,9.166278,0.0,66.0899353,0.0,8.284846,0.6399999,9.166278,0.0,66.0899353,0.0,0.0,0.0,0.0,0.0,0.0,0.0,0.0,1,1,4,15,4,24.1568127,24.1568127,Tina Aminipour,4890,2026-09-18T13:49:09.997048,,,
DATA,51.253,8.284846,0.6399999,9.166278,0.0,66.0899353,0.0,9.747539,-0.160000086,9.814761,0.0,66.0899353,0.0,8.284846,0.6399999,9.166278,0.0,66.0899353,0.0,8.284846,0.6399999,9.166278,0.0,66.0899353,0.0,0.0,0.0,0.0,0.0,0.0,0.0,0.0,1,1,4,15,4,24.2093029,24.2093029,Tina Aminipour,4890,2026-09-18T13:49:10.049371,,,
DATA,51.299,8.284846,0.6399999,9.166278,0.0,66.0899353,0.0,9.747539,-0.160000086,9.814761,0.0,66.0899353,0.0,8.284846,0.6399999,9.166278,0.0,66.0899353,0.0,8.284846,0.6399999,9.166278,0.0,66.0899353,0.0,0.0,0.0,0.0,0.0,0.0,0.0,0.0,1,1,4,15,4,24.2562389,24.2562389,Tina Aminipour,4890,2026-09-18T13:49:10.095894,,,
DATA,51.351,8.284846,0.6399999,9.166278,0.0,66.0899353,0.0,9.747539,-0.160000086,9.814761,0.0,66.0899353,0.0,8.284846,0.6399999,9.166278,0.0,66.0899353,0.0,8.284846,0.6399999,9.166278,0.0,66.0899353,0.0,0.0,0.0,0.0,0.0,0.0,0.0,0.0,1,1,4,15,4,24.3083019,24.3083019,Tina Aminipour,4890,2026-09-18T13:49:10.149110,,,
DATA,51.399,8.284846,0.6399999,9.166278,0.0,66.0899353,0.0,9.747539,-0.160000086,9.814761,0.0,66.0899353,0.0,8.284846,0.6399999,9.166278,0.0,66.0899353,0.0,8.284846,0.6399999,9.166278,0.0,66.0899353,0.0,0.0,0.0,0.0,0.0,0.0,0.0,0.0,1,1,4,15,4,24.3568745,24.3568745,Tina Aminipour,4890,2026-09-18T13:49:10.197130,,,
DATA,51.449,8.284846,0.6399999,9.166278,0.0,66.0899353,0.0,9.747539,-0.160000086,9.814761,0.0,66.0899353,0.0,8.284846,0.6399999,9.166278,0.0,66.0899353,0.0,8.284846,0.6399999,9.166278,0.0,66.0899353,0.0,0.0,0.0,0.0,0.0,0.0,0.0,0.0,1,1,4,15,4,24.4059238,24.4059238,Tina Aminipour,4890,2026-09-18T13:49:10.246577,,,
DATA,51.501,8.284846,0.6399999,9.166278,0.0,66.0899353,0.0,9.747539,-0.160000086,9.814761,0.0,66.0899353,0.0,8.284846,0.6399999,9.166278,0.0,66.0899353,0.0,8.284846,0.6399999,9.166278,0.0,66.0899353,0.0,0.0,0.0,0.0,0.0,0.0,0.0,0.0,1,1,4,15,4,24.4590015,24.4590015,Tina Aminipour,4890,2026-09-18T13:49:10.299158,,,
DATA,51.552,8.284846,0.6399999,9.166278,0.0,66.0899353,0.0,9.747539,-0.160000086,9.814761,0.0,66.0899353,0.0,8.284846,0.6399999,9.166278,0.0,66.0899353,0.0,8.284846,0.6399999,9.166278,0.0,66.0899353,0.0,0.0,0.0,0.0,0.0,0.0,0.0,0.0,1,1,4,15,4,24.5088978,24.5088978,Tina Aminipour,4890,2026-09-18T13:49:10.350129,,,
DATA,51.599,8.284846,0.6399999,9.166278,0.0,66.0899353,0.0,9.747539,-0.160000086,9.814761,0.0,66.0899353,0.0,8.284846,0.6399999,9.166278,0.0,66.0899353,0.0,8.284846,0.6399999,9.166278,0.0,66.0899353,0.0,0.0,0.0,0.0,0.0,0.0,0.0,0.0,1,1,4,15,4,24.556406,24.556406,Tina Aminipour,4890,2026-09-18T13:49:10.396487,,,
DATA,51.652,8.284846,0.6399999,9.166278,0.0,66.0899353,0.0,9.747539,-0.160000086,9.814761,0.0,66.0899353,0.0,8.284846,0.6399999,9.166278,0.0,66.0899353,0.0,8.284846,0.6399999,9.166278,0.0,66.0899353,0.0,0.0,0.0,0.0,0.0,0.0,0.0,0.0,1,1,4,15,4,24.6089115,24.6089115,Tina Aminipour,4890,2026-09-18T13:49:10.449066,,,
DATA,51.7,8.284846,0.6399999,9.166278,0.0,66.0899353,0.0,9.747539,-0.160000086,9.814761,0.0,66.0899353,0.0,8.284846,0.6399999,9.166278,0.0,66.0899353,0.0,8.284846,0.6399999,9.166278,0.0,66.0899353,0.0,0.0,0.0,0.0,0.0,0.0,0.0,0.0,1,1,4,15,4,24.6572857,24.6572857,Tina Aminipour,4890,2026-09-18T13:49:10.497972,,,
DATA,51.753,8.284846,0.6399999,9.166278,0.0,66.0899353,0.0,9.747539,-0.160000086,9.814761,0.0,66.0899353,0.0,8.284846,0.6399999,9.166278,0.0,66.0899353,0.0,8.284846,0.6399999,9.166278,0.0,66.0899353,0.0,0.0,0.0,0.0,0.0,0.0,0.0,0.0,1,1,4,15,4,24.7101154,24.7101154,Tina Aminipour,4890,2026-09-18T13:49:10.549578,,,
DATA,51.799,8.284846,0.6399999,9.166278,0.0,66.0899353,0.0,9.747539,-0.160000086,9.814761,0.0,66.0899353,0.0,8.284846,0.6399999,9.166278,0.0,66.0899353,0.0,8.284846,0.6399999,9.166278,0.0,66.0899353,0.0,0.0,0.0,0.0,0.0,0.0,0.0,0.0,1,1,4,15,4,24.75693,24.75693,Tina Aminipour,4890,2026-09-18T13:49:10.597116,,,
DATA,51.853,8.284846,0.6399999,9.166278,0.0,66.0899353,0.0,9.747539,-0.160000086,9.814761,0.0,66.0899353,0.0,8.284846,0.6399999,9.166278,0.0,66.0899353,0.0,8.284846,0.6399999,9.166278,0.0,66.0899353,0.0,0.0,0.0,0.0,0.0,0.0,0.0,0.0,1,1,4,15,4,24.8096256,24.8096256,Tina Aminipour,4890,2026-09-18T13:49:10.644510,,,
DATA,51.898,8.284846,0.6399999,9.166278,0.0,66.0899353,0.0,9.747539,-0.160000086,9.814761,0.0,66.0899353,0.0,8.284846,0.6399999,9.166278,0.0,66.0899353,0.0,8.284846,0.6399999,9.166278,0.0,66.0899353,0.0,0.0,0.0,0.0,0.0,0.0,0.0,0.0,1,1,4,15,4,24.8557949,24.8557949,Tina Aminipour,4890,2026-09-18T13:49:10.696631,,,
DATA,51.95,8.284846,0.6399999,9.166278,0.0,66.0899353,0.0,9.747539,-0.160000086,9.814761,0.0,66.0899353,0.0,8.284846,0.6399999,9.166278,0.0,66.0899353,0.0,8.284846,0.6399999,9.166278,0.0,66.0899353,0.0,0.0,0.0,0.0,0.0,0.0,0.0,0.0,1,1,4,15,4,24.9065151,24.9065151,Tina Aminipour,4890,2026-09-18T13:49:10.747240,,,
DATA,52.002,8.284846,0.6399999,9.166278,0.0,66.0899353,0.0,9.747539,-0.160000086,9.814761,0.0,66.0899353,0.0,8.284846,0.6399999,9.166278,0.0,66.0899353,0.0,8.284846,0.6399999,9.166278,0.0,66.0899353,0.0,0.0,0.0,0.0,0.0,0.0,0.0,0.0,1,1,4,15,4,24.9588757,24.9588757,Tina Aminipour,4890,2026-09-18T13:49:10.798740,,,
DATA,52.05,8.284846,0.6399999,9.166278,0.0,66.0899353,0.0,9.747539,-0.160000086,9.814761,0.0,66.0899353,0.0,8.284846,0.6399999,9.166278,0.0,66.0899353,0.0,8.284846,0.6399999,9.166278,0.0,66.0899353,0.0,0.0,0.0,0.0,0.0,0.0,0.0,0.0,1,1,4,15,4,25.0069752,25.0069752,Tina Aminipour,4890,2026-09-18T13:49:10.847692,,,
DATA,52.098,8.284846,0.6399999,9.166278,0.0,66.0899353,0.0,9.747539,-0.160000086,9.814761,0.0,66.0899353,0.0,8.284846,0.6399999,9.166278,0.0,66.0899353,0.0,8.284846,0.6399999,9.166278,0.0,66.0899353,0.0,0.0,0.0,0.0,0.0,0.0,0.0,0.0,1,1,4,15,4,25.0549679,25.0549679,Tina Aminipour,4890,2026-09-18T13:49:10.895265,,,
DATA,52.153,8.284846,0.6399999,9.166278,0.0,66.0899353,0.0,9.747539,-0.160000086,9.814761,0.0,66.0899353,0.0,8.284846,0.6399999,9.166278,0.0,66.0899353,0.0,8.284846,0.6399999,9.166278,0.0,66.0899353,0.0,0.0,0.0,0.0,0.0,0.0,0.0,0.0,1,1,4,15,4,25.1097965,25.1097965,Tina Aminipour,4890,2026-09-18T13:49:10.950857,,,
DATA,52.202,8.284846,0.6399999,9.166278,0.0,66.0899353,0.0,9.747539,-0.160000086,9.814761,0.0,66.0899353,0.0,8.284846,0.6399999,9.166278,0.0,66.0899353,0.0,8.284846,0.6399999,9.166278,0.0,66.0899353,0.0,0.0,0.0,0.0,0.0,0.0,0.0,0.0,1,1,4,15,4,25.1591434,25.1591434,Tina Aminipour,4890,2026-09-18T13:49:10.998892,,,
DATA,52.25,8.284846,0.6399999,9.166278,0.0,66.0899353,0.0,9.747539,-0.160000086,9.814761,0.0,66.0899353,0.0,8.284846,0.6399999,9.166278,0.0,66.0899353,0.0,8.284846,0.6399999,9.166278,0.0,66.0899353,0.0,0.0,0.0,0.0,0.0,0.0,0.0,0.0,1,1,4,15,4,25.2068539,25.2068539,Tina Aminipour,4890,2026-09-18T13:49:11.047335,,,
DATA,52.298,8.284846,0.6399999,9.166278,0.0,66.0899353,0.0,9.747539,-0.160000086,9.814761,0.0,66.0899353,0.0,8.284846,0.6399999,9.166278,0.0,66.0899353,0.0,8.284846,0.6399999,9.166278,0.0,66.0899353,0.0,0.0,0.0,0.0,0.0,0.0,0.0,0.0,1,1,4,15,4,25.2555752,25.2555752,Tina Aminipour,4890,2026-09-18T13:49:11.096291,,,
DATA,52.353,8.284846,0.6399999,9.166278,0.0,66.0899353,0.0,9.747539,-0.160000086,9.814761,0.0,66.0899353,0.0,8.284846,0.6399999,9.166278,0.0,66.0899353,0.0,8.284846,0.6399999,9.166278,0.0,66.0899353,0.0,0.0,0.0,0.0,0.0,0.0,0.0,0.0,1,1,4,15,4,25.3093853,25.3093853,Tina Aminipour,4890,2026-09-18T13:49:11.150814,,,
DATA,52.401,8.284846,0.6399999,9.166278,0.0,66.0899353,0.0,9.747539,-0.160000086,9.814761,0.0,66.0899353,0.0,8.284846,0.6399999,9.166278,0.0,66.0899353,0.0,8.284846,0.6399999,9.166278,0.0,66.0899353,0.0,0.0,0.0,0.0,0.0,0.0,0.0,0.0,1,1,4,15,4,25.3578968,25.3578968,Tina Aminipour,4890,2026-09-18T13:49:11.198433,,,
DATA,52.453,8.284846,0.6399999,9.166278,0.0,66.0899353,0.0,9.747539,-0.160000086,9.814761,0.0,66.0899353,0.0,8.284846,0.6399999,9.166278,0.0,66.0899353,0.0,8.284846,0.6399999,9.166278,0.0,66.0899353,0.0,0.0,0.0,0.0,0.0,0.0,0.0,0.0,1,1,4,15,4,25.4095745,25.4095745,Tina Aminipour,4890,2026-09-18T13:49:11.249603,,,
DATA,52.5,8.284846,0.6399999,9.166278,0.0,66.0899353,0.0,9.747539,-0.160000086,9.814761,0.0,66.0899353,0.0,8.284846,0.6399999,9.166278,0.0,66.0899353,0.0,8.284846,0.6399999,9.166278,0.0,66.0899353,0.0,0.0,0.0,0.0,0.0,0.0,0.0,0.0,1,1,4,15,4,25.4575825,25.4575825,Tina Aminipour,4890,2026-09-18T13:49:11.297598,,,
DATA,52.548,8.284846,0.6399999,9.166278,0.0,66.0899353,0.0,9.747539,-0.160000086,9.814761,0.0,66.0899353,0.0,8.284846,0.6399999,9.166278,0.0,66.0899353,0.0,8.284846,0.6399999,9.166278,0.0,66.0899353,0.0,0.0,0.0,0.0,0.0,0.0,0.0,0.0,1,1,4,15,4,25.50532,25.50532,Tina Aminipour,4890,2026-09-18T13:49:11.345925,,,
DATA,52.601,8.284846,0.6399999,9.166278,0.0,66.0899353,0.0,9.747539,-0.160000086,9.814761,0.0,66.0899353,0.0,8.284846,0.6399999,9.166278,0.0,66.0899353,0.0,8.284846,0.6399999,9.166278,0.0,66.0899353,0.0,0.0,0.0,0.0,0.0,0.0,0.0,0.0,1,1,4,15,4,25.5583668,25.5583668,Tina Aminipour,4890,2026-09-18T13:49:11.398026,,,
DATA,52.649,8.284846,0.6399999,9.166278,0.0,66.0899353,0.0,9.747539,-0.160000086,9.814761,0.0,66.0899353,0.0,8.284846,0.6399999,9.166278,0.0,66.0899353,0.0,8.284846,0.6399999,9.166278,0.0,66.0899353,0.0,0.0,0.0,0.0,0.0,0.0,0.0,0.0,1,1,4,15,4,25.6061687,25.6061687,Tina Aminipour,4890,2026-09-18T13:49:11.447545,,,
DATA,52.702,8.284846,0.6399999,9.166278,0.0,66.0899353,0.0,9.747539,-0.160000086,9.814761,0.0,66.0899353,0.0,8.284846,0.6399999,9.166278,0.0,66.0899353,0.0,8.284846,0.6399999,9.166278,0.0,66.0899353,0.0,0.0,0.0,0.0,0.0,0.0,0.0,0.0,1,1,4,15,4,25.6594067,25.6594067,Tina Aminipour,4890,2026-09-18T13:49:11.499592,,,
DATA,52.749,8.284846,0.6399999,9.166278,0.0,66.0899353,0.0,9.747539,-0.160000086,9.814761,0.0,66.0899353,0.0,8.284846,0.6399999,9.166278,0.0,66.0899353,0.0,8.284846,0.6399999,9.166278,0.0,66.0899353,0.0,0.0,0.0,0.0,0.0,0.0,0.0,0.0,1,1,4,15,4,25.7068424,25.7068424,Tina Aminipour,4890,2026-09-18T13:49:11.546629,,,
DATA,52.802,8.284846,0.6399999,9.166278,0.0,66.0899353,0.0,9.747539,-0.160000086,9.814761,0.0,66.0899353,0.0,8.284846,0.6399999,9.166278,0.0,66.0899353,0.0,8.284846,0.6399999,9.166278,0.0,66.0899353,0.0,0.0,0.0,0.0,0.0,0.0,0.0,0.0,1,1,4,15,4,25.7587223,25.7587223,Tina Aminipour,4890,2026-09-18T13:49:11.599749,,,
DATA,52.849,8.284846,0.6399999,9.166278,0.0,66.0899353,0.0,9.747539,-0.160000086,9.814761,0.0,66.0899353,0.0,8.284846,0.6399999,9.166278,0.0,66.0899353,0.0,8.284846,0.6399999,9.166278,0.0,66.0899353,0.0,0.0,0.0,0.0,0.0,0.0,0.0,0.0,1,1,4,15,4,25.80588,25.80588,Tina Aminipour,4890,2026-09-18T13:49:11.645819,,,
DATA,52.899,8.284846,0.6399999,9.166278,0.0,66.0899353,0.0,9.747539,-0.160000086,9.814761,0.0,66.0899353,0.0,8.284846,0.6399999,9.166278,0.0,66.0899353,0.0,8.284846,0.6399999,9.166278,0.0,66.0899353,0.0,0.0,0.0,0.0,0.0,0.0,0.0,0.0,1,1,4,15,4,25.8557,25.8557,Tina Aminipour,4890,2026-09-18T13:49:11.696428,,,
DATA,52.95,8.284846,0.6399999,9.166278,0.0,66.0899353,0.0,9.747539,-0.160000086,9.814761,0.0,66.0899353,0.0,8.284846,0.6399999,9.166278,0.0,66.0899353,0.0,8.284846,0.6399999,9.166278,0.0,66.0899353,0.0,0.0,0.0,0.0,0.0,0.0,0.0,0.0,1,1,4,15,4,25.9074879,25.9074879,Tina Aminipour,4890,2026-09-18T13:49:11.748939,,,
DATA,53.002,8.284846,0.6399999,9.166278,0.0,66.0899353,0.0,9.747539,-0.160000086,9.814761,0.0,66.0899353,0.0,8.284846,0.6399999,9.166278,0.0,66.0899353,0.0,8.284846,0.6399999,9.166278,0.0,66.0899353,0.0,0.0,0.0,0.0,0.0,0.0,0.0,0.0,1,1,4,15,4,25.95938,25.95938,Tina Aminipour,4890,2026-09-18T13:49:11.800666,,,
DATA,53.052,8.284846,0.6399999,9.166278,0.0,66.0899353,0.0,9.747539,-0.160000086,9.814761,0.0,66.0899353,0.0,8.284846,0.6399999,9.166278,0.0,66.0899353,0.0,8.284846,0.6399999,9.166278,0.0,66.0899353,0.0,0.0,0.0,0.0,0.0,0.0,0.0,0.0,1,1,4,15,4,26.0087757,26.0087757,Tina Aminipour,4890,2026-09-18T13:49:11.849785,,,
DATA,53.1,8.284846,0.6399999,9.166278,0.0,66.0899353,0.0,9.747539,-0.160000086,9.814761,0.0,66.0899353,0.0,8.284846,0.6399999,9.166278,0.0,66.0899353,0.0,8.284846,0.6399999,9.166278,0.0,66.0899353,0.0,0.0,0.0,0.0,0.0,0.0,0.0,0.0,1,1,4,15,4,26.0566311,26.0566311,Tina Aminipour,4890,2026-09-18T13:49:11.896850,,,
DATA,53.149,8.284846,0.6399999,9.166278,0.0,66.0899353,0.0,9.747539,-0.160000086,9.814761,0.0,66.0899353,0.0,8.284846,0.6399999,9.166278,0.0,66.0899353,0.0,8.284846,0.6399999,9.166278,0.0,66.0899353,0.0,0.0,0.0,0.0,0.0,0.0,0.0,0.0,1,1,4,15,4,26.1055737,26.1055737,Tina Aminipour,4890,2026-09-18T13:49:11.945695,,,
DATA,53.2,8.284846,0.6399999,9.166278,0.0,66.0899353,0.0,9.747539,-0.160000086,9.814761,0.0,66.0899353,0.0,8.284846,0.6399999,9.166278,0.0,66.0899353,0.0,8.284846,0.6399999,9.166278,0.0,66.0899353,0.0,0.0,0.0,0.0,0.0,0.0,0.0,0.0,1,1,4,15,4,26.1580563,26.1580563,Tina Aminipour,4890,2026-09-18T13:49:11.998759,,,
DATA,53.253,8.284846,0.6399999,9.166278,0.0,66.0899353,0.0,9.747539,-0.160000086,9.814761,0.0,66.0899353,0.0,8.284846,0.6399999,9.166278,0.0,66.0899353,0.0,8.284846,0.6399999,9.166278,0.0,66.0899353,0.0,0.0,0.0,0.0,0.0,0.0,0.0,0.0,1,1,4,15,4,26.2093868,26.2093868,Tina Aminipour,4890,2026-09-18T13:49:12.049836,,,
DATA,53.298,8.284846,0.6399999,9.166278,0.0,66.0899353,0.0,9.747539,-0.160000086,9.814761,0.0,66.0899353,0.0,8.284846,0.6399999,9.166278,0.0,66.0899353,0.0,8.284846,0.6399999,9.166278,0.0,66.0899353,0.0,0.0,0.0,0.0,0.0,0.0,0.0,0.0,1,1,4,15,4,26.25545,26.25545,Tina Aminipour,4890,2026-09-18T13:49:12.095110,,,
DATA,53.35,8.284846,0.6399999,9.166278,0.0,66.0899353,0.0,9.747539,-0.160000086,9.814761,0.0,66.0899353,0.0,8.284846,0.6399999,9.166278,0.0,66.0899353,0.0,8.284846,0.6399999,9.166278,0.0,66.0899353,0.0,0.0,0.0,0.0,0.0,0.0,0.0,0.0,1,1,4,15,4,26.306818,26.306818,Tina Aminipour,4890,2026-09-18T13:49:12.146816,,,
DATA,53.401,8.284846,0.6399999,9.166278,0.0,66.0899353,0.0,9.747539,-0.160000086,9.814761,0.0,66.0899353,0.0,8.284846,0.6399999,9.166278,0.0,66.0899353,0.0,8.284846,0.6399999,9.166278,0.0,66.0899353,0.0,0.0,0.0,0.0,0.0,0.0,0.0,0.0,1,1,4,15,4,26.3581867,26.3581867,Tina Aminipour,4890,2026-09-18T13:49:12.193584,,,
DATA,53.448,8.284846,0.6399999,9.166278,0.0,66.0899353,0.0,9.747539,-0.160000086,9.814761,0.0,66.0899353,0.0,8.284846,0.6399999,9.166278,0.0,66.0899353,0.0,8.284846,0.6399999,9.166278,0.0,66.0899353,0.0,0.0,0.0,0.0,0.0,0.0,0.0,0.0,1,1,4,15,4,26.4051,26.4051,Tina Aminipour,4890,2026-09-18T13:49:12.245320,,,
DATA,53.499,8.284846,0.6399999,9.166278,0.0,66.0899353,0.0,9.747539,-0.160000086,9.814761,0.0,66.0899353,0.0,8.284846,0.6399999,9.166278,0.0,66.0899353,0.0,8.284846,0.6399999,9.166278,0.0,66.0899353,0.0,0.0,0.0,0.0,0.0,0.0,0.0,0.0,1,1,4,15,4,26.4561939,26.4561939,Tina Aminipour,4890,2026-09-18T13:49:12.295940,,,
DATA,53.55,8.284846,0.6399999,9.166278,0.0,66.0899353,0.0,9.747539,-0.160000086,9.814761,0.0,66.0899353,0.0,8.284846,0.6399999,9.166278,0.0,66.0899353,0.0,8.284846,0.6399999,9.166278,0.0,66.0899353,0.0,0.0,0.0,0.0,0.0,0.0,0.0,0.0,1,1,4,15,4,26.5073032,26.5073032,Tina Aminipour,4890,2026-09-18T13:49:12.347597,,,
DATA,53.6,8.284846,0.6399999,9.166278,0.0,66.0899353,0.0,9.747539,-0.160000086,9.814761,0.0,66.0899353,0.0,8.284846,0.6399999,9.166278,0.0,66.0899353,0.0,8.284846,0.6399999,9.166278,0.0,66.0899353,0.0,0.0,0.0,0.0,0.0,0.0,0.0,0.0,1,1,4,15,4,26.5578327,26.5578327,Tina Aminipour,4890,2026-09-18T13:49:12.397689,,,
EVENT,53.612,,,,,,,,,,,,,,,,,,,,,,,,,,,,,,,,1,1,,,,26.5681858,26.5681858,Tina Aminipour,4890,2026-09-18T13:49:12.427645,PANEL_CLOSED,PANEL_CLOSED_SUCCESS,
EVENT,53.622,,,,,,,,,,,,,,,,,,,,,,,,,,,,,,,,2,1,,,,0.0,26.5681858,Tina Aminipour,4890,2026-09-18T13:49:12.450355,GAME_EVENT,MAZE_STARTED,Maze=2; Attempt=1
DATA,53.653,-12.0,0.798041,-13.6,0.0,0.0,0.0,-12.0,-0.00195902586,-12.0,0.0,0.0,0.0,-12.0,0.798041,-13.6,0.0,0.0,0.0,-12.0,0.798041,-13.6,0.0,0.0,0.0,0.0,0.0,0.0,0.0,0.0,0.0,0.0,2,1,0,20,4,0.04088974,26.6090755,Tina Aminipour,4890,2026-09-18T13:49:12.467032,,,
DATA,53.701,-12.0,0.7789251,-13.6,0.0,0.0,0.0,-12.0,-0.0210748911,-12.0,0.0,0.0,0.0,-12.0,0.7789251,-13.6,0.0,0.0,0.0,-12.0,0.7789251,-13.6,0.0,0.0,0.0,0.0,0.0,0.0,0.0,0.0,0.0,0.0,2,1,0,20,4,0.08938599,26.6575718,Tina Aminipour,4890,2026-09-18T13:49:12.500882,,,
DATA,53.749,-12.0,0.7341666,-13.6,0.0,0.0,0.0,-12.0,-0.06583339,-12.0,0.0,0.0,0.0,-12.0,0.7341666,-13.6,0.0,0.0,0.0,-12.0,0.7341666,-13.6,0.0,0.0,0.0,0.0,0.0,0.0,0.0,0.0,0.0,0.0,2,1,0,20,4,0.137043,26.7052288,Tina Aminipour,4890,2026-09-18T13:49:12.545840,,,
DATA,53.8,-12.0,0.6602206,-13.6,0.0,0.0,0.0,-12.0,-0.139779389,-12.0,0.0,0.0,0.0,-12.0,0.6602206,-13.6,0.0,0.0,0.0,-12.0,0.6602206,-13.6,0.0,0.0,0.0,0.0,0.0,0.0,0.0,0.0,0.0,0.0,2,1,0,20,4,0.190040588,26.7582264,Tina Aminipour,4890,2026-09-18T13:49:12.598666,,,
DATA,53.851,-12.0,0.6399999,-13.6,0.0,0.0,0.0,-12.0,-0.160000086,-12.0,0.0,0.0,0.0,-12.0,0.6399999,-13.6,0.0,0.0,0.0,-12.0,0.6399999,-13.6,0.0,0.0,0.0,0.0,0.0,0.0,0.0,0.0,0.0,0.0,2,1,0,20,4,0.239818573,26.8080044,Tina Aminipour,4890,2026-09-18T13:49:12.648867,,,
DATA,53.9,-12.0,0.6399999,-13.6,0.0,0.0,0.0,-12.0,-0.160000086,-12.0,0.0,0.0,0.0,-12.0,0.6399999,-13.6,0.0,0.0,0.0,-12.0,0.6399999,-13.6,0.0,0.0,0.0,0.0,0.0,0.0,0.0,0.0,0.0,0.0,2,1,0,20,4,0.28862,26.8568058,Tina Aminipour,4890,2026-09-18T13:49:12.697745,,,
DATA,53.951,-12.0,0.6399999,-13.6,0.0,0.0,0.0,-12.0,-0.160000086,-12.0,0.0,0.0,0.0,-12.0,0.6399999,-13.6,0.0,0.0,0.0,-12.0,0.6399999,-13.6,0.0,0.0,0.0,0.0,0.0,0.0,0.0,0.0,0.0,0.0,2,1,0,20,4,0.3394928,26.9076786,Tina Aminipour,4890,2026-09-18T13:49:12.749386,,,
DATA,54.0,-12.0,0.6399999,-13.6,0.0,0.0,0.0,-12.0,-0.160000086,-12.0,0.0,0.0,0.0,-12.0,0.6399999,-13.6,0.0,0.0,0.0,-12.0,0.6399999,-13.6,0.0,0.0,0.0,0.0,0.0,0.0,0.0,0.0,0.0,0.0,2,1,0,20,4,0.3890381,26.9572239,Tina Aminipour,4890,2026-09-18T13:49:12.797578,,,
DATA,54.048,-12.0,0.6399999,-13.6,0.0,0.0,0.0,-12.0,-0.160000086,-12.0,0.0,0.0,0.0,-12.0,0.6399999,-13.6,0.0,0.0,0.0,-12.0,0.6399999,-13.6,0.0,0.0,0.0,0.0,0.0,0.0,0.0,0.0,0.0,0.0,2,1,0,20,4,0.437072754,27.0052586,Tina Aminipour,4890,2026-09-18T13:49:12.846473,,,
DATA,54.103,-12.0,0.6399999,-13.6,0.0,0.0,0.0,-12.0,-0.160000086,-12.0,0.0,0.0,0.0,-12.0,0.6399999,-13.6,0.0,0.0,0.0,-12.0,0.6399999,-13.6,0.0,0.0,0.0,0.0,0.0,0.0,0.0,0.0,0.0,0.0,2,1,0,20,4,0.4915924,27.0597782,Tina Aminipour,4890,2026-09-18T13:49:12.900329,,,
DATA,54.152,-12.0,0.6399999,-13.6,0.0,0.0,0.0,-12.0,-0.160000086,-12.0,0.0,0.0,0.0,-12.0,0.6399999,-13.6,0.0,0.0,0.0,-12.0,0.6399999,-13.6,0.0,0.0,0.0,0.0,0.0,0.0,0.0,0.0,0.0,0.0,2,1,0,20,4,0.5413475,27.1095333,Tina Aminipour,4890,2026-09-18T13:49:12.950637,,,
DATA,54.204,-12.0,0.6399999,-13.6,0.0,0.0,0.0,-12.0,-0.160000086,-12.0,0.0,0.0,0.0,-12.0,0.6399999,-13.6,0.0,0.0,0.0,-12.0,0.6399999,-13.6,0.0,0.0,0.0,0.0,0.0,0.0,0.0,0.0,0.0,0.0,2,1,0,20,4,0.5929489,27.1611347,Tina Aminipour,4890,2026-09-18T13:49:13.002225,,,
DATA,54.252,-12.0,0.64,-13.5198135,0.0,0.0,0.0,-12.0,-0.160000026,-11.9198132,0.0,0.0,0.0,-12.0,0.64,-13.5198135,0.0,0.0,0.0,-12.0,0.64,-13.5198135,0.0,0.0,0.0,0.0,0.0,1.0,0.0,0.0,0.0,0.0,2,1,0,20,4,0.6405983,27.2087841,Tina Aminipour,4890,2026-09-18T13:49:13.048996,,,
DATA,54.3,-12.0,0.64,-13.3482647,0.0,0.0,0.0,-12.0,-0.160000026,-11.7482643,0.0,0.0,0.0,-12.0,0.64,-13.3482647,0.0,0.0,0.0,-12.0,0.64,-13.3482647,0.0,0.0,0.0,0.0,0.0,1.0,0.0,0.0,0.0,0.0,2,1,0,20,4,0.6894493,27.2576351,Tina Aminipour,4890,2026-09-18T13:49:13.097702,,,
DATA,54.348,-12.0,0.64,-13.1802511,0.0,0.0,0.0,-12.0,-0.160000026,-11.5802507,0.0,0.0,0.0,-12.0,0.64,-13.1802511,0.0,0.0,0.0,-12.0,0.64,-13.1802511,0.0,0.0,0.0,0.0,0.0,1.0,0.0,0.0,0.0,0.0,2,1,0,20,4,0.7376213,27.3058071,Tina Aminipour,4890,2026-09-18T13:49:13.146777,,,
DATA,54.4,-12.0,0.64,-12.9972916,0.0,0.0,0.0,-12.0,-0.160000026,-11.3972912,0.0,0.0,0.0,-12.0,0.64,-12.9972916,0.0,0.0,0.0,-12.0,0.64,-12.9972916,0.0,0.0,0.0,0.0,0.0,1.0,0.0,0.0,0.0,0.0,2,1,0,20,4,0.789829254,27.3580151,Tina Aminipour,4890,2026-09-18T13:49:13.198206,,,
DATA,54.451,-12.0,0.6399999,-12.8215408,0.0,0.0,0.0,-12.0,-0.160000086,-11.22154,0.0,0.0,0.0,-12.0,0.6399999,-12.8215408,0.0,0.0,0.0,-12.0,0.6399999,-12.8215408,0.0,0.0,0.0,0.0,0.0,1.0,0.0,0.0,0.0,0.0,2,1,0,20,4,0.840236664,27.4084225,Tina Aminipour,4890,2026-09-18T13:49:13.249642,,,
DATA,54.501,-12.0,0.6399999,-12.6476889,0.0,0.0,0.0,-12.0,-0.160000086,-11.0476885,0.0,0.0,0.0,-12.0,0.6399999,-12.6476889,0.0,0.0,0.0,-12.0,0.6399999,-12.6476889,0.0,0.0,0.0,0.0,0.0,1.0,0.0,0.0,0.0,0.0,2,1,0,20,4,0.889621735,27.4578075,Tina Aminipour,4890,2026-09-18T13:49:13.297765,,,
DATA,54.549,-12.0,0.64,-12.47936,0.0,0.0,0.0,-12.0,-0.160000026,-10.8793592,0.0,0.0,0.0,-12.0,0.64,-12.47936,0.0,0.0,0.0,-12.0,0.64,-12.47936,0.0,0.0,0.0,0.0,0.0,1.0,0.0,0.0,0.0,0.0,2,1,0,20,4,0.937976837,27.5061626,Tina Aminipour,4890,2026-09-18T13:49:13.346950,,,
DATA,54.603,-12.0,0.64,-12.2911654,0.0,0.0,0.0,-12.0,-0.160000026,-10.691165,0.0,0.0,0.0,-12.0,0.64,-12.2911654,0.0,0.0,0.0,-12.0,0.64,-12.2911654,0.0,0.0,0.0,0.0,0.0,1.0,0.0,0.0,0.0,0.0,2,1,0,20,4,0.991912842,27.5600986,Tina Aminipour,4890,2026-09-18T13:49:13.400233,,,
DATA,54.649,-12.0680056,0.64,-12.1789465,0.0,2.81798148,0.0,-11.9983253,-0.160000026,-10.5336552,0.0,2.48677182,0.0,-12.0680056,0.64,-12.1789465,0.0,2.81798148,0.0,-12.0680056,0.64,-12.1789465,0.0,2.81798148,0.0,1.0,0.0,1.0,0.0,0.0,0.0,0.0,2,1,0,20,4,1.03696823,27.605154,Tina Aminipour,4890,2026-09-18T13:49:13.445850,,,
DATA,54.701,-12.1905031,0.6399999,-11.9772644,0.0,7.610369,0.0,-11.9832373,-0.160000086,-10.3470144,0.0,7.30319357,0.0,-12.1905031,0.6399999,-11.9772644,0.0,7.610369,0.0,-12.1905031,0.6399999,-11.9772644,0.0,7.610369,0.0,1.0,0.0,1.0,0.0,0.0,0.0,0.0,2,1,0,20,4,1.09008026,27.6582661,Tina Aminipour,4890,2026-09-18T13:49:13.498467,,,
DATA,54.75,-12.2873869,0.6399999,-11.787281,0.0,12.0081587,0.0,-11.95571,-0.160000086,-10.1781473,0.0,11.7038879,0.0,-12.2873869,0.6399999,-11.787281,0.0,12.0081587,0.0,-12.2873869,0.6399999,-11.787281,0.0,12.0081587,0.0,1.0,0.0,1.0,0.0,0.0,0.0,0.0,2,1,0,20,4,1.13893127,27.7071171,Tina Aminipour,4890,2026-09-18T13:49:13.547535,,,
DATA,54.8,-12.370697,0.6399999,-11.5855618,0.0,16.4892235,0.0,-11.9143753,-0.160000086,-10.0085468,0.0,16.1938362,0.0,-12.370697,0.6399999,-11.5855618,0.0,16.4892235,0.0,-12.370697,0.6399999,-11.5855618,0.0,16.4892235,0.0,1.0,0.0,1.0,0.0,0.0,0.0,0.0,2,1,0,20,4,1.18867111,27.7568569,Tina Aminipour,4890,2026-09-18T13:49:13.597513,,,
DATA,54.849,-12.4391909,0.64,-11.3895969,0.0,20.93745,0.0,-11.8610773,-0.160000026,-9.845945,0.0,20.5949841,0.0,-12.4391909,0.64,-11.3895969,0.0,20.93745,0.0,-12.4391909,0.64,-11.3895969,0.0,20.93745,0.0,1.0,0.0,1.0,0.0,0.0,0.0,0.0,2,1,0,20,4,1.23835754,27.8065434,Tina Aminipour,4890,2026-09-18T13:49:13.647652,,,
DATA,54.899,-12.4916639,0.6399999,-11.1782,0.0,25.4509163,0.0,-11.7937212,-0.160000086,-9.684119,0.0,25.10345,0.0,-12.4916639,0.6399999,-11.1782,0.0,25.4509163,0.0,-12.4916639,0.6399999,-11.1782,0.0,25.4509163,0.0,1.0,0.0,1.0,0.0,0.0,0.0,0.0,2,1,0,20,4,1.28853226,27.8567181,Tina Aminipour,4890,2026-09-18T13:49:13.697609,,,
DATA,54.951,-12.5262413,0.640000045,-10.9510908,0.0,30.0987682,0.0,-11.7106762,-0.159999967,-9.522401,0.0,29.7794724,0.0,-12.5262413,0.640000045,-10.9510908,0.0,30.0987682,0.0,-12.5262413,0.640000045,-10.9510908,0.0,30.0987682,0.0,1.0,0.0,1.0,0.0,0.0,0.0,0.0,2,1,0,20,4,1.34001923,27.908205,Tina Aminipour,4890,2026-09-18T13:49:13.749237,,,
DATA,55.003,-12.545208,0.64,-10.7318668,0.0,34.7035942,0.0,-11.6166553,-0.160000026,-9.370859,0.0,34.3665428,0.0,-12.545208,0.64,-10.7318668,0.0,34.7035942,0.0,-12.545208,0.64,-10.7318668,0.0,34.7035942,0.0,1.0,0.0,1.0,0.0,0.0,0.0,0.0,2,1,0,20,4,1.391285,27.95947,Tina Aminipour,4890,2026-09-18T13:49:13.794744,,,
DATA,55.048,-12.54636,0.64,-10.5315685,0.0,38.852356,0.0,-11.5215311,-0.160000026,-9.24078,0.0,38.51132,0.0,-12.54636,0.64,-10.5315685,0.0,38.852356,0.0,-12.54636,0.64,-10.5315685,0.0,38.852356,0.0,1.0,0.0,1.0,0.0,0.0,0.0,0.0,2,1,0,20,4,1.43740463,28.00559,Tina Aminipour,4890,2026-09-18T13:49:13.845986,,,
DATA,55.101,-12.5262213,0.64,-10.2957458,0.0,43.6329079,0.0,-11.3996677,-0.160000026,-9.098831,0.0,43.32345,0.0,-12.5262213,0.64,-10.2957458,0.0,43.6329079,0.0,-12.5262213,0.64,-10.2957458,0.0,43.6329079,0.0,1.0,0.0,1.0,0.0,0.0,0.0,0.0,2,1,0,20,4,1.490345,28.05853,Tina Aminipour,4890,2026-09-18T13:49:13.893715,,,
DATA,55.151,-12.4937153,0.64,-10.08489,0.0,48.0678673,0.0,-11.2773418,-0.160000026,-8.977738,0.0,47.750618,0.0,-12.4937153,0.64,-10.08489,0.0,48.0678673,0.0,-12.4937153,0.64,-10.08489,0.0,48.0678673,0.0,1.0,0.0,1.0,0.0,0.0,0.0,0.0,2,1,0,20,4,1.53966522,28.107851,Tina Aminipour,4890,2026-09-18T13:49:13.943314,,,
DATA,55.199,-12.4535542,0.64,-9.8889,0.0,52.43103,0.0,-11.1501646,-0.160000026,-8.869606,0.0,52.0441628,0.0,-12.4535542,0.64,-9.8889,0.0,52.43103,0.0,-12.4535542,0.64,-9.8889,0.0,52.43103,0.0,1.0,0.0,1.0,0.0,0.0,0.0,0.0,2,1,0,20,4,1.58853149,28.1567173,Tina Aminipour,4890,2026-09-18T13:49:13.997930,,,
DATA,55.252,-12.3857346,0.64,-9.669613,0.0,57.2337341,0.0,-10.9994583,-0.160000026,-8.760781,0.0,56.8256,0.0,-12.3857346,0.64,-9.669613,0.0,57.2337341,0.0,-12.3857346,0.64,-9.669613,0.0,57.2337341,0.0,1.0,0.0,1.0,0.0,0.0,0.0,0.0,2,1,0,20,4,1.64201355,28.2102,Tina Aminipour,4890,2026-09-18T13:49:14.045553,,,
DATA,55.298,-12.3012486,0.6399999,-9.476951,0.0,61.33493,0.0,-10.8609762,-0.160000086,-8.676408,0.0,60.996376,0.0,-12.3012486,0.6399999,-9.476951,0.0,61.33493,0.0,-12.3012486,0.6399999,-9.476951,0.0,61.33493,0.0,1.0,0.0,1.0,0.0,0.0,0.0,0.0,2,1,0,20,4,1.68719482,28.25538,Tina Aminipour,4890,2026-09-18T13:49:14.095569,,,
DATA,55.353,-12.1969719,0.6399999,-9.267944,0.0,66.19229,0.0,-10.6928654,-0.160000086,-8.591293,0.0,65.8431244,0.0,-12.1969719,0.6399999,-9.267944,0.0,66.19229,0.0,-12.1969719,0.6399999,-9.267944,0.0,66.19229,0.0,1.0,0.0,1.0,0.0,0.0,0.0,0.0,2,1,0,20,4,1.7412262,28.309412,Tina Aminipour,4890,2026-09-18T13:49:14.150655,,,
DATA,55.403,-12.0867863,0.6399999,-9.083183,0.0,70.71477,0.0,-10.530961,-0.160000086,-8.525253,0.0,70.3405457,0.0,-12.0867863,0.6399999,-9.083183,0.0,70.71477,0.0,-12.0867863,0.6399999,-9.083183,0.0,70.71477,0.0,1.0,0.0,1.0,0.0,0.0,0.0,0.0,2,1,0,20,4,1.79161453,28.3598,Tina Aminipour,4890,2026-09-18T13:49:14.201653,,,
DATA,55.449,-11.9548769,0.64,-8.909,0.0,75.01239,0.0,-10.3695269,-0.160000026,-8.473569,0.0,74.700325,0.0,-11.9548769,0.64,-8.909,0.0,75.01239,0.0,-11.9548769,0.64,-8.909,0.0,75.01239,0.0,1.0,0.0,1.0,0.0,0.0,0.0,0.0,2,1,0,20,4,1.83901978,28.4072056,Tina Aminipour,4890,2026-09-18T13:49:14.243036,,,
DATA,55.501,-11.7537642,0.6399999,-8.792507,0.0,76.93915,0.0,-10.1951551,-0.160000086,-8.43093,0.0,76.93915,0.0,-11.7537642,0.6399999,-8.792507,0.0,76.93915,0.0,-11.7537642,0.6399999,-8.792507,0.0,76.93915,0.0,0.0,0.0,1.0,0.0,0.0,0.0,0.0,2,1,0,20,4,1.890049,28.4582348,Tina Aminipour,4890,2026-09-18T13:49:14.299048,,,
DATA,55.551,-11.583251,0.6399999,-8.752951,0.0,76.93915,0.0,-10.024642,-0.160000086,-8.391374,0.0,76.93915,0.0,-11.583251,0.6399999,-8.752951,0.0,76.93915,0.0,-11.583251,0.6399999,-8.752951,0.0,76.93915,0.0,0.0,0.0,1.0,0.0,0.0,0.0,0.0,2,1,0,20,4,1.94057465,28.50876,Tina Aminipour,4890,2026-09-18T13:49:14.349112,,,
DATA,55.601,-11.415309,0.6399999,-8.71399,0.0,76.93915,0.0,-9.8567,-0.160000086,-8.352413,0.0,76.93915,0.0,-11.415309,0.6399999,-8.71399,0.0,76.93915,0.0,-11.415309,0.6399999,-8.71399,0.0,76.93915,0.0,0.0,0.0,1.0,0.0,0.0,0.0,0.0,2,1,0,20,4,1.98932648,28.5575123,Tina Aminipour,4890,2026-09-18T13:49:14.398295,,,
DATA,55.651,-11.2448387,0.64,-8.674443,0.0,76.93915,0.0,-9.68623,-0.160000026,-8.312866,0.0,76.93915,0.0,-11.2448387,0.64,-8.674443,0.0,76.93915,0.0,-11.2448387,0.64,-8.674443,0.0,76.93915,0.0,0.0,0.0,1.0,0.0,0.0,0.0,0.0,2,1,0,20,4,2.03969574,28.6078815,Tina Aminipour,4890,2026-09-18T13:49:14.449487,,,
DATA,55.701,-11.07204,0.64,-8.634356,0.0,76.93915,0.0,-9.513431,-0.160000026,-8.27277851,0.0,76.93915,0.0,-11.07204,0.64,-8.634356,0.0,76.93915,0.0,-11.07204,0.64,-8.634356,0.0,76.93915,0.0,0.0,0.0,1.0,0.0,0.0,0.0,0.0,2,1,0,20,4,2.08998871,28.6581745,Tina Aminipour,4890,2026-09-18T13:49:14.498956,,,
DATA,55.75,-10.9041662,0.64,-8.595411,0.0,76.93915,0.0,-9.345557,-0.160000026,-8.233834,0.0,76.93915,0.0,-10.9041662,0.64,-8.595411,0.0,76.93915,0.0,-10.9041662,0.64,-8.595411,0.0,76.93915,0.0,0.0,0.0,1.0,0.0,0.0,0.0,0.0,2,1,0,20,4,2.139389,28.7075748,Tina Aminipour,4890,2026-09-18T13:49:14.543038,,,
DATA,55.8,-10.7364073,0.64,-8.556494,0.0,76.93915,0.0,-9.177798,-0.160000026,-8.194917,0.0,76.93915,0.0,-10.7364073,0.64,-8.556494,0.0,76.93915,0.0,-10.7364073,0.64,-8.556494,0.0,76.93915,0.0,0.0,0.0,1.0,0.0,0.0,0.0,0.0,2,1,0,20,4,2.18857956,28.7567654,Tina Aminipour,4890,2026-09-18T13:49:14.597203,,,
DATA,55.848,-10.5719,0.64,-8.518331,0.0,76.93915,0.0,-9.013291,-0.160000026,-8.156754,0.0,76.93915,0.0,-10.5719,0.64,-8.518331,0.0,76.93915,0.0,-10.5719,0.64,-8.518331,0.0,76.93915,0.0,0.0,0.0,1.0,0.0,0.0,0.0,0.0,2,1,0,20,4,2.236908,28.8050938,Tina Aminipour,4890,2026-09-18T13:49:14.644911,,,
DATA,55.901,-10.3944454,0.6399999,-8.477163,0.0,76.93915,0.0,-8.835836,-0.160000086,-8.115586,0.0,76.93915,0.0,-10.3944454,0.6399999,-8.477163,0.0,76.93915,0.0,-10.3944454,0.6399999,-8.477163,0.0,76.93915,0.0,0.0,0.0,1.0,0.0,0.0,0.0,0.0,2,1,0,20,4,2.28927612,28.8574619,Tina Aminipour,4890,2026-09-18T13:49:14.699430,,,
DATA,55.949,-10.2938147,0.64,-8.344779,0.0,81.18722,0.0,-8.667961,-0.160000026,-8.081208,0.0,80.85378,0.0,-10.2938147,0.64,-8.344779,0.0,81.18722,0.0,-10.2938147,0.64,-8.344779,0.0,81.18722,0.0,1.0,0.0,1.0,0.0,0.0,0.0,0.0,2,1,0,20,4,2.33832932,28.9065151,Tina Aminipour,4890,2026-09-18T13:49:14.747901,,,
DATA,55.999,-10.1311216,0.64,-8.193479,0.0,85.68054,0.0,-8.493526,-0.160000026,-8.059367,0.0,85.3754654,0.0,-10.1311216,0.64,-8.193479,0.0,85.68054,0.0,-10.1311216,0.64,-8.193479,0.0,85.68054,0.0,1.0,0.0,1.0,0.0,0.0,0.0,0.0,2,1,0,20,4,2.38809967,28.9562855,Tina Aminipour,4890,2026-09-18T13:49:14.796994,,,
DATA,56.05,-9.962666,0.64,-8.055973,0.0,90.21533,0.0,-8.317875,-0.160000026,-8.051343,0.0,89.89807,0.0,-9.962666,0.64,-8.055973,0.0,90.21533,0.0,-9.962666,0.64,-8.055973,0.0,90.21533,0.0,1.0,0.0,1.0,0.0,0.0,0.0,0.0,2,1,1,20,5,2.43855286,29.0067387,Tina Aminipour,4890,2026-09-18T13:49:14.848018,,,
DATA,56.1,-9.737791,0.6399999,-7.950216,0.0,93.83548,0.0,-8.141375,-0.160000086,-8.057243,0.0,93.83548,0.0,-9.737791,0.6399999,-7.950216,0.0,93.83548,0.0,-9.737791,0.6399999,-7.950216,0.0,93.83548,0.0,0.0,0.0,1.0,0.0,0.0,0.0,0.0,2,1,1,20,5,2.48934555,29.0575314,Tina Aminipour,4890,2026-09-18T13:49:14.897512,,,
DATA,56.15,-9.568137,0.64,-7.96159029,0.0,93.83548,0.0,-7.9717207,-0.160000026,-8.068618,0.0,93.83548,0.0,-9.568137,0.64,-7.96159029,0.0,93.83548,0.0,-9.568137,0.64,-7.96159029,0.0,93.83548,0.0,0.0,0.0,1.0,0.0,0.0,0.0,0.0,2,1,1,20,5,2.539585,29.10777,Tina Aminipour,4890,2026-09-18T13:49:14.950917,,,
DATA,56.201,-9.385472,0.64,-7.97383642,0.0,93.83548,0.0,-7.7890563,-0.160000026,-8.080864,0.0,93.83548,0.0,-9.385472,0.64,-7.97383642,0.0,93.83548,0.0,-9.385472,0.64,-7.97383642,0.0,93.83548,0.0,0.0,0.0,1.0,0.0,0.0,0.0,0.0,2,1,1,20,5,2.58968353,29.15787,Tina Aminipour,4890,2026-09-18T13:49:14.998385,,,
DATA,56.249,-9.219795,0.640000045,-7.984944,0.0,93.83548,0.0,-7.623379,-0.159999967,-8.091971,0.0,93.83548,0.0,-9.219795,0.640000045,-7.984944,0.0,93.83548,0.0,-9.219795,0.640000045,-7.984944,0.0,93.83548,0.0,0.0,0.0,1.0,0.0,0.0,0.0,0.0,2,1,1,20,5,2.637951,29.2061367,Tina Aminipour,4890,2026-09-18T13:49:15.047125,,,
DATA,56.303,-9.029909,0.6399999,-7.99767447,0.0,93.83548,0.0,-7.43349266,-0.160000086,-8.104702,0.0,93.83548,0.0,-9.029909,0.6399999,-7.99767447,0.0,93.83548,0.0,-9.029909,0.6399999,-7.99767447,0.0,93.83548,0.0,0.0,0.0,1.0,0.0,0.0,0.0,0.0,2,1,1,20,5,2.69139862,29.2595844,Tina Aminipour,4890,2026-09-18T13:49:15.100768,,,
DATA,56.353,-8.897589,0.6399999,-7.975617,0.0,95.28754,0.0,-7.25980139,-0.160000086,-8.116568,0.0,94.9770355,0.0,-8.897589,0.6399999,-7.975617,0.0,95.28754,0.0,-8.897589,0.6399999,-7.975617,0.0,95.28754,0.0,1.0,0.0,1.0,0.0,0.0,0.0,0.0,2,1,1,20,5,2.74135971,29.3095455,Tina Aminipour,4890,2026-09-18T13:49:15.150591,,,
DATA,56.401,-8.710659,0.64,-7.87174129,0.0,99.65245,0.0,-7.090705,-0.160000026,-8.1371,0.0,99.35822,0.0,-8.710659,0.64,-7.87174129,0.0,99.65245,0.0,-8.710659,0.64,-7.87174129,0.0,99.65245,0.0,1.0,0.0,1.0,0.0,0.0,0.0,0.0,2,1,1,20,5,2.78976822,29.357954,Tina Aminipour,4890,2026-09-18T13:49:15.198180,,,
DATA,56.449,-8.526689,0.64,-7.783045,0.0,103.9721,0.0,-6.92710161,-0.160000026,-8.169683,0.0,103.648781,0.0,-8.526689,0.64,-7.783045,0.0,103.9721,0.0,-8.526689,0.64,-7.783045,0.0,103.9721,0.0,1.0,0.0,1.0,0.0,0.0,0.0,0.0,2,1,1,20,5,2.837925,29.40611,Tina Aminipour,4890,2026-09-18T13:49:15.246668,,,
DATA,56.498,-8.331129,0.640000045,-7.70715,0.0,108.36586,0.0,-6.76324,-0.159999967,-8.21541,0.0,108.024406,0.0,-8.331129,0.640000045,-7.70715,0.0,108.36586,0.0,-8.331129,0.640000045,-7.70715,0.0,108.36586,0.0,1.0,0.0,1.0,0.0,0.0,0.0,0.0,2,1,1,20,5,2.88684464,29.45503,Tina Aminipour,4890,2026-09-18T13:49:15.295661,,,
DATA,56.551,-8.109919,0.64,-7.6435113,0.0,113.226379,0.0,-6.598483,-0.160000026,-8.281495,0.0,112.939079,0.0,-8.109919,0.64,-7.6435113,0.0,113.226379,0.0,-8.109919,0.64,-7.6435113,0.0,113.226379,0.0,1.0,0.0,1.0,0.0,0.0,0.0,0.0,2,1,1,20,5,2.94055176,29.5087376,Tina Aminipour,4890,2026-09-18T13:49:15.344264,,,
DATA,56.601,-8.057252,0.6399999,-7.60085726,0.0,117.632225,0.0,-6.59784126,-0.160000086,-8.353425,0.0,117.3346,0.0,-8.057252,0.6399999,-7.60085726,0.0,117.632225,0.0,-8.057252,0.6399999,-7.60085726,0.0,117.632225,0.0,1.0,0.0,1.0,0.0,0.0,0.0,0.0,2,1,1,20,5,2.989563,29.5577488,Tina Aminipour,4890,2026-09-18T13:49:15.392340,,,
DATA,56.65,-7.991,0.6399999,-7.57481766,0.0,122.172768,0.0,-6.59706354,-0.160000086,-8.440117,0.0,121.884712,0.0,-7.991,0.6399999,-7.57481766,0.0,122.172768,0.0,-7.991,0.6399999,-7.57481766,0.0,122.172768,0.0,1.0,0.0,1.0,0.0,0.0,0.0,0.0,2,1,1,20,5,3.039959,29.6081448,Tina Aminipour,4890,2026-09-18T13:49:15.443528,,,
DATA,56.701,-7.919496,0.64,-7.564541,0.0,126.691269,0.0,-6.59620667,-0.160000026,-8.537753,0.0,126.389336,0.0,-7.919496,0.64,-7.564541,0.0,126.691269,0.0,-7.919496,0.64,-7.564541,0.0,126.691269,0.0,1.0,0.0,1.0,0.0,0.0,0.0,0.0,2,1,1,20,5,3.09024048,29.6584263,Tina Aminipour,4890,2026-09-18T13:49:15.492993,,,
DATA,56.752,-7.83397245,0.64,-7.574698,0.0,131.25737,0.0,-6.595203,-0.160000026,-8.6486845,0.0,130.977539,0.0,-7.83397245,0.64,-7.574698,0.0,131.25737,0.0,-7.83397245,0.64,-7.574698,0.0,131.25737,0.0,1.0,0.0,1.0,0.0,0.0,0.0,0.0,2,1,1,20,5,3.140854,29.70904,Tina Aminipour,4890,2026-09-18T13:49:15.549086,,,
DATA,56.798,-7.74939346,0.6399999,-7.599326,0.0,135.448685,0.0,-6.594205,-0.160000086,-8.759881,0.0,135.183228,0.0,-7.74939346,0.6399999,-7.599326,0.0,135.448685,0.0,-7.74939346,0.6399999,-7.599326,0.0,135.448685,0.0,1.0,0.0,1.0,0.0,0.0,0.0,0.0,2,1,1,20,5,3.1873436,29.75553,Tina Aminipour,4890,2026-09-18T13:49:15.596170,,,
DATA,56.848,-7.65540838,0.6399999,-7.63831758,0.0,140.002655,0.0,-6.59304571,-0.160000086,-8.889108,0.0,139.711838,0.0,-7.65540838,0.6399999,-7.63831758,0.0,140.002655,0.0,-7.65540838,0.6399999,-7.63831758,0.0,140.002655,0.0,1.0,0.0,1.0,0.0,0.0,0.0,0.0,2,1,1,20,5,3.2380867,29.8062725,Tina Aminipour,4890,2026-09-18T13:49:15.641563,,,
DATA,56.9,-7.56338,0.6399999,-7.683657,0.0,144.5356,0.0,-6.591899,-0.160000086,-9.024236,0.0,144.142014,0.0,-7.56338,0.6399999,-7.683657,0.0,144.5356,0.0,-7.56338,0.6399999,-7.683657,0.0,144.5356,0.0,1.0,0.0,1.0,0.0,0.0,0.0,0.0,2,1,1,20,5,3.28902054,29.8572063,Tina Aminipour,4890,2026-09-18T13:49:15.692739,,,
DATA,56.952,-7.436576,0.760409534,-7.7771883,0.0,149.215012,0.0,-6.59045362,-0.0395904779,-9.179588,0.0,148.946732,0.0,-7.436576,0.760409534,-7.7771883,0.0,149.215012,0.0,-7.436576,0.760409534,-7.7771883,0.0,149.215012,0.0,1.0,0.0,1.0,0.0,0.0,0.0,0.0,2,1,1,20,5,3.34032059,29.9085064,Tina Aminipour,4890,2026-09-18T13:49:15.743828,,,
DATA,57.001,-7.333578,0.9063846,-7.85238171,0.0,153.637375,0.0,-6.58913136,0.106384575,-9.326513,0.0,153.273041,0.0,-7.333578,0.9063846,-7.85238171,0.0,153.637375,0.0,-7.333578,0.9063846,-7.85238171,0.0,153.637375,0.0,1.0,0.0,1.0,0.0,0.0,0.0,0.0,2,1,1,20,5,3.38999176,29.9581776,Tina Aminipour,4890,2026-09-18T13:49:15.798269,,,
DATA,57.05,-7.21077967,0.9640945,-7.96567059,0.0,158.050491,0.0,-6.587704,0.164094508,-9.48473549,0.0,157.75386,0.0,-7.21077967,0.9640945,-7.96567059,0.0,158.050491,0.0,-7.21077967,0.9640945,-7.96567059,0.0,158.050491,0.0,1.0,0.0,1.0,0.0,0.0,0.0,0.0,2,1,1,20,5,3.43864822,30.006834,Tina Aminipour,4890,2026-09-18T13:49:15.842387,,,
DATA,57.1,-7.08887434,1.02745092,-8.084978,0.0,162.5289,0.0,-6.586305,0.2274509,-9.648073,0.0,162.232132,0.0,-7.08887434,1.02745092,-8.084978,0.0,162.5289,0.0,-7.08887434,1.02745092,-8.084978,0.0,162.5289,0.0,1.0,0.0,1.0,0.0,0.0,0.0,0.0,2,1,1,20,5,3.488411,30.0565968,Tina Aminipour,4890,2026-09-18T13:49:15.891517,,,
DATA,57.153,-6.957361,1.08778238,-8.22205448,0.0,167.3074,0.0,-6.584669,0.287782371,-9.82577,0.0,166.978409,0.0,-6.957361,1.08778238,-8.22205448,0.0,167.3074,0.0,-6.957361,1.08778238,-8.22205448,0.0,167.3074,0.0,1.0,0.0,1.0,0.0,0.0,0.0,0.0,2,1,1,20,5,3.5416832,30.109869,Tina Aminipour,4890,2026-09-18T13:49:15.945689,,,
DATA,57.201,-6.82814264,1.084926,-8.375059,0.0,171.748779,0.0,-6.583138,0.284926,-9.996928,0.0,171.463562,0.0,-6.82814264,1.084926,-8.375059,0.0,171.748779,0.0,-6.82814264,1.084926,-8.375059,0.0,171.748779,0.0,1.0,0.0,1.0,0.0,0.0,0.0,0.0,2,1,1,20,5,3.59078979,30.1589756,Tina Aminipour,4890,2026-09-18T13:49:15.994324,,,
DATA,57.248,-6.694219,1.06843686,-8.511941,0.0,175.903931,0.0,-6.564836,0.268436849,-10.1551962,0.0,175.561569,0.0,-6.694219,1.06843686,-8.511941,0.0,175.903931,0.0,-6.694219,1.06843686,-8.511941,0.0,175.903931,0.0,1.0,0.0,1.0,0.0,0.0,0.0,0.0,2,1,1,20,5,3.6372757,30.2054615,Tina Aminipour,4890,2026-09-18T13:49:16.040888,,,
DATA,57.303,-6.543074,1.04373538,-8.74748,0.0,-179.49028,0.0,-6.557308,0.243735373,-10.3474169,0.0,-179.49028,0.0,-6.543074,1.04373538,-8.74748,0.0,-179.49028,0.0,-6.543074,1.04373538,-8.74748,0.0,-179.49028,0.0,0.0,0.0,1.0,0.0,0.0,0.0,0.0,2,1,1,20,5,3.69274521,30.260931,Tina Aminipour,4890,2026-09-18T13:49:16.096553,,,
DATA,57.351,-6.578563,0.991336,-8.901625,0.0,-179.49028,0.0,-6.59279728,0.191335976,-10.5015612,0.0,-179.49028,0.0,-6.578563,0.991336,-8.901625,0.0,-179.49028,0.0,-6.578563,0.991336,-8.901625,0.0,-179.49028,0.0,0.0,0.0,1.0,0.0,0.0,0.0,0.0,2,1,1,20,5,3.739235,30.30742,Tina Aminipour,4890,2026-09-18T13:49:16.143039,,,
DATA,57.401,-6.58822155,0.9173919,-9.080065,0.0,-179.49028,0.0,-6.60245562,0.117391884,-10.6800013,0.0,-179.49028,0.0,-6.58822155,0.9173919,-9.080065,0.0,-179.49028,0.0,-6.58822155,0.9173919,-9.080065,0.0,-179.49028,0.0,0.0,0.0,1.0,0.0,0.0,0.0,0.0,2,1,1,20,5,3.78984451,30.35803,Tina Aminipour,4890,2026-09-18T13:49:16.198340,,,
DATA,57.449,-6.58968544,0.8230731,-9.244597,0.0,-179.49028,0.0,-6.60391951,0.0230730772,-10.8445339,0.0,-179.49028,0.0,-6.58968544,0.8230731,-9.244597,0.0,-179.49028,0.0,-6.58968544,0.8230731,-9.244597,0.0,-179.49028,0.0,0.0,0.0,1.0,0.0,0.0,0.0,0.0,2,1,1,20,5,3.83709717,30.405283,Tina Aminipour,4890,2026-09-18T13:49:16.240355,,,
DATA,57.502,-6.63045549,0.702714145,-9.472701,0.0,178.7196,0.0,-6.605081,-0.09728587,-11.03234,0.0,179.004074,0.0,-6.63045549,0.702714145,-9.472701,0.0,178.7196,0.0,-6.63045549,0.702714145,-9.472701,0.0,178.7196,0.0,-1.0,0.0,1.0,0.0,0.0,0.0,0.0,2,1,1,20,5,3.89072037,30.4589062,Tina Aminipour,4890,2026-09-18T13:49:16.294348,,,
DATA,57.55,-6.73998356,0.6399999,-9.648186,0.0,174.369324,0.0,-6.59644842,-0.160000086,-11.2011986,0.0,174.6553,0.0,-6.73998356,0.6399999,-9.648186,0.0,174.369324,0.0,-6.73998356,0.6399999,-9.648186,0.0,174.369324,0.0,-1.0,0.0,1.0,0.0,0.0,0.0,0.0,2,1,1,20,5,3.93906784,30.5072536,Tina Aminipour,4890,2026-09-18T13:49:16.343024,,,
DATA,57.6,-6.840842,0.640000045,-9.840208,0.0,169.795609,0.0,-6.573496,-0.159999967,-11.377821,0.0,170.074142,0.0,-6.840842,0.640000045,-9.840208,0.0,169.795609,0.0,-6.840842,0.640000045,-9.840208,0.0,169.795609,0.0,-1.0,0.0,1.0,0.0,0.0,0.0,0.0,2,1,1,20,5,3.98984528,30.5580311,Tina Aminipour,4890,2026-09-18T13:49:16.393060,,,
DATA,57.652,-6.92553949,0.64,-10.0385361,0.0,165.250916,0.0,-6.536794,-0.160000026,-11.5508957,0.0,165.523483,0.0,-6.92553949,0.64,-10.0385361,0.0,165.250916,0.0,-6.92553949,0.64,-10.0385361,0.0,165.250916,0.0,-1.0,0.0,1.0,0.0,0.0,0.0,0.0,2,1,1,20,5,4.040306,30.6084919,Tina Aminipour,4890,2026-09-18T13:49:16.444157,,,
DATA,57.699,-6.9841733,0.640000045,-10.2392006,0.0,160.978241,0.0,-6.49111462,-0.159999967,-11.7067957,0.0,161.345169,0.0,-6.9841733,0.640000045,-10.2392006,0.0,160.978241,0.0,-6.9841733,0.640000045,-10.2392006,0.0,160.978241,0.0,-1.0,0.0,1.0,0.0,0.0,0.0,0.0,2,1,1,20,5,4.08830643,30.6564922,Tina Aminipour,4890,2026-09-18T13:49:16.497061,,,
DATA,57.75,-7.041406,0.64,-10.4419193,0.0,156.44545,0.0,-6.42778,-0.160000026,-11.8741922,0.0,156.741653,0.0,-7.041406,0.64,-10.4419193,0.0,156.44545,0.0,-7.041406,0.64,-10.4419193,0.0,156.44545,0.0,-1.0,0.0,1.0,0.0,0.0,0.0,0.0,2,1,1,20,5,4.138279,30.7064648,Tina Aminipour,4890,2026-09-18T13:49:16.547078,,,
DATA,57.8,-7.078877,0.64,-10.6509132,0.0,151.947678,0.0,-6.35270357,-0.160000026,-12.0330763,0.0,152.221741,0.0,-7.078877,0.64,-10.6509132,0.0,151.947678,0.0,-7.078877,0.64,-10.6509132,0.0,151.947678,0.0,-1.0,0.0,1.0,0.0,0.0,0.0,0.0,2,1,1,20,5,4.18812943,30.7563152,Tina Aminipour,4890,2026-09-18T13:49:16.595738,,,
DATA,57.849,-7.09677553,0.640000045,-10.8628664,0.0,147.492142,0.0,-6.266964,-0.159999967,-12.1829329,0.0,147.781052,0.0,-7.09677553,0.640000045,-10.8628664,0.0,147.492142,0.0,-7.09677553,0.640000045,-10.8628664,0.0,147.492142,0.0,-1.0,0.0,1.0,0.0,0.0,0.0,0.0,2,1,1,20,5,4.23771667,30.8059025,Tina Aminipour,4890,2026-09-18T13:49:16.645883,,,
DATA,57.901,-7.096283,0.64,-11.0850048,0.0,142.859283,0.0,-6.1662097,-0.160000026,-12.330699,0.0,143.1809,0.0,-7.096283,0.64,-11.0850048,0.0,142.859283,0.0,-7.096283,0.64,-11.0850048,0.0,142.859283,0.0,-1.0,0.0,1.0,0.0,0.0,0.0,0.0,2,1,1,20,5,4.28937531,30.8575611,Tina Aminipour,4890,2026-09-18T13:49:16.698444,,,
DATA,57.95,-7.080711,0.640000045,-11.2968674,0.0,138.39798,0.0,-6.057788,-0.159999967,-12.4655695,0.0,138.729965,0.0,-7.080711,0.640000045,-11.2968674,0.0,138.39798,0.0,-7.080711,0.640000045,-11.2968674,0.0,138.39798,0.0,-1.0,0.0,1.0,0.0,0.0,0.0,0.0,2,1,1,20,5,4.33900452,30.90719,Tina Aminipour,4890,2026-09-18T13:49:16.747785,,,
DATA,58.002,-7.05215836,0.64,-11.5158386,0.0,133.682709,0.0,-5.930488,-0.160000026,-12.6001225,0.0,133.965576,0.0,-7.05215836,0.64,-11.5158386,0.0,133.682709,0.0,-7.05215836,0.64,-11.5158386,0.0,133.682709,0.0,-1.0,0.0,1.0,0.0,0.0,0.0,0.0,2,1,1,20,5,4.391121,30.9593067,Tina Aminipour,4890,2026-09-18T13:49:16.799569,,,
DATA,58.049,-7.00572,0.64,-11.7100191,0.0,129.507324,0.0,-5.81064034,-0.160000026,-12.7084866,0.0,129.809891,0.0,-7.00572,0.64,-11.7100191,0.0,129.507324,0.0,-7.00572,0.64,-11.7100191,0.0,129.507324,0.0,-1.0,0.0,1.0,0.0,0.0,0.0,0.0,2,1,1,20,5,4.437626,31.0058117,Tina Aminipour,4890,2026-09-18T13:49:16.846143,,,
DATA,58.101,-6.928897,0.640000045,-11.9281025,0.0,124.75589,0.0,-5.667248,-0.159999967,-12.8193636,0.0,125.147644,0.0,-6.928897,0.640000045,-11.9281025,0.0,124.75589,0.0,-6.928897,0.640000045,-11.9281025,0.0,124.75589,0.0,-1.0,0.0,1.0,0.0,0.0,0.0,0.0,2,1,1,20,5,4.49091339,31.0591,Tina Aminipour,4890,2026-09-18T13:49:16.899894,,,
DATA,58.152,-6.857195,0.6399999,-12.12378,0.0,120.251877,0.0,-5.517853,-0.160000086,-12.9168,0.0,120.559982,0.0,-6.857195,0.6399999,-12.12378,0.0,120.251877,0.0,-6.857195,0.6399999,-12.12378,0.0,120.251877,0.0,-1.0,0.0,1.0,0.0,0.0,0.0,0.0,2,1,1,20,5,4.540493,31.1086788,Tina Aminipour,4890,2026-09-18T13:49:16.943944,,,
DATA,58.199,-6.766202,0.6399999,-12.3107777,0.0,115.843864,0.0,-5.36658239,-0.160000086,-12.9992542,0.0,116.128738,0.0,-6.766202,0.6399999,-12.3107777,0.0,115.843864,0.0,-6.766202,0.6399999,-12.3107777,0.0,115.843864,0.0,-1.0,0.0,1.0,0.0,0.0,0.0,0.0,2,1,1,20,5,4.589344,31.15753,Tina Aminipour,4890,2026-09-18T13:49:16.992550,,,
DATA,58.249,-6.65848446,0.6399999,-12.4888611,0.0,111.480621,0.0,-5.212281,-0.160000086,-13.0686045,0.0,111.7776,0.0,-6.65848446,0.6399999,-12.4888611,0.0,111.480621,0.0,-6.65848446,0.6399999,-12.4888611,0.0,111.480621,0.0,-1.0,0.0,1.0,0.0,0.0,0.0,0.0,2,1,1,20,5,4.63789,31.2060757,Tina Aminipour,4890,2026-09-18T13:49:17.046415,,,
DATA,58.299,-6.523081,0.6399999,-12.6618633,0.0,107.013184,0.0,-5.053229,-0.160000086,-13.1260157,0.0,107.428368,0.0,-6.523081,0.6399999,-12.6618633,0.0,107.013184,0.0,-6.523081,0.6399999,-12.6618633,0.0,107.013184,0.0,-1.0,0.0,1.0,0.0,0.0,0.0,0.0,2,1,1,20,5,4.688183,31.2563686,Tina Aminipour,4890,2026-09-18T13:49:17.097099,,,
DATA,58.35,-6.395175,0.6399999,-12.8269758,0.0,102.488457,0.0,-4.88024855,-0.160000086,-13.1735973,0.0,102.8138,0.0,-6.395175,0.6399999,-12.8269758,0.0,102.488457,0.0,-6.395175,0.6399999,-12.8269758,0.0,102.488457,0.0,-1.0,0.0,1.0,0.0,0.0,0.0,0.0,2,1,1,20,5,4.737961,31.3061466,Tina Aminipour,4890,2026-09-18T13:49:17.147300,,,
DATA,58.402,-6.240795,0.6399999,-12.990653,0.0,97.68544,0.0,-4.694796,-0.160000086,-13.2085114,0.0,97.95978,0.0,-6.240795,0.6399999,-12.990653,0.0,97.68544,0.0,-6.240795,0.6399999,-12.990653,0.0,97.68544,0.0,-1.0,0.0,1.0,0.0,0.0,0.0,0.0,2,1,1,20,5,4.79104233,31.3592281,Tina Aminipour,4890,2026-09-18T13:49:17.199663,,,
DATA,58.45,-6.077483,0.64,-13.1169643,0.0,93.52629,0.0,-4.53931332,-0.160000026,-13.2254133,0.0,93.93729,0.0,-6.077483,0.64,-13.1169643,0.0,93.52629,0.0,-6.077483,0.64,-13.1169643,0.0,93.52629,0.0,-1.0,0.0,1.0,0.0,0.0,0.0,0.0,2,1,1,20,5,4.83801651,31.4062023,Tina Aminipour,4890,2026-09-18T13:49:17.247356,,,
DATA,58.503,-5.90079641,0.64,-13.2573385,0.0,88.6463852,0.0,-4.346135,-0.160000026,-13.2312469,0.0,88.96602,0.0,-5.90079641,0.64,-13.2573385,0.0,88.6463852,0.0,-5.90079641,0.64,-13.2573385,0.0,88.6463852,0.0,-1.0,0.0,1.0,0.0,0.0,0.0,0.0,2,1,1,20,5,4.89172745,31.4599133,Tina Aminipour,4890,2026-09-18T13:49:17.304489,,,
DATA,58.551,-5.72629452,0.6399999,-13.3676414,0.0,84.27931,0.0,-4.175955,-0.160000086,-13.2225018,0.0,84.58309,0.0,-5.72629452,0.6399999,-13.3676414,0.0,84.27931,0.0,-5.72629452,0.6399999,-13.3676414,0.0,84.27931,0.0,-1.0,0.0,1.0,0.0,0.0,0.0,0.0,2,1,1,20,5,4.94016266,31.5083485,Tina Aminipour,4890,2026-09-18T13:49:17.344326,,,
DATA,58.599,-5.535606,0.6399999,-13.4562321,0.0,79.99994,0.0,-4.015152,-0.160000086,-13.2020836,0.0,80.41405,0.0,-5.535606,0.6399999,-13.4562321,0.0,79.99994,0.0,-5.535606,0.6399999,-13.4562321,0.0,79.99994,0.0,-1.0,0.0,1.0,0.0,0.0,0.0,0.0,2,1,1,20,5,4.988327,31.5565128,Tina Aminipour,4890,2026-09-18T13:49:17.397657,,,
DATA,58.649,-5.346202,0.6399999,-13.54532,0.0,75.46718,0.0,-3.83916783,-0.160000086,-13.1658392,0.0,75.7925,0.0,-5.346202,0.6399999,-13.54532,0.0,75.46718,0.0,-5.346202,0.6399999,-13.54532,0.0,75.46718,0.0,-1.0,0.0,1.0,0.0,0.0,0.0,0.0,2,1,1,20,5,5.03819656,31.6063824,Tina Aminipour,4890,2026-09-18T13:49:17.446687,,,
DATA,58.698,-5.14843655,0.6399999,-13.6105,0.0,71.1066055,0.0,-3.67700529,-0.160000086,-13.1190243,0.0,71.45132,0.0,-5.14843655,0.6399999,-13.6105,0.0,71.1066055,0.0,-5.14843655,0.6399999,-13.6105,0.0,71.1066055,0.0,-1.0,0.0,1.0,0.0,0.0,0.0,0.0,2,1,1,20,5,5.086754,31.65494,Tina Aminipour,4890,2026-09-18T13:49:17.494514,,,
DATA,58.752,-4.91879559,0.6399999,-13.6597681,0.0,66.27563,0.0,-3.50457,-0.160000086,-13.0540266,0.0,66.7113953,0.0,-4.91879559,0.6399999,-13.6597681,0.0,66.27563,0.0,-4.91879559,0.6399999,-13.6597681,0.0,66.27563,0.0,-1.0,0.0,1.0,0.0,0.0,0.0,0.0,2,1,1,20,5,5.140938,31.7091236,Tina Aminipour,4890,2026-09-18T13:49:17.544612,,,
DATA,58.803,-4.707272,0.6399999,-13.694912,0.0,61.7393837,0.0,-3.344867,-0.160000086,-12.9787636,0.0,62.1704025,0.0,-4.707272,0.6399999,-13.694912,0.0,61.7393837,0.0,-4.707272,0.6399999,-13.694912,0.0,61.7393837,0.0,-1.0,0.0,1.0,0.0,0.0,0.0,0.0,2,1,1,20,5,5.1913147,31.7595,Tina Aminipour,4890,2026-09-18T13:49:17.596489,,,
DATA,58.853,-4.560037,0.6399999,-13.77155,0.0,57.2359,0.0,-3.263377,-0.160000086,-12.95608,0.0,57.7193,0.0,-4.560037,0.6399999,-13.77155,0.0,57.2359,0.0,-4.560037,0.6399999,-13.77155,0.0,57.2359,0.0,-1.0,0.0,1.0,0.0,0.0,0.0,0.0,2,1,1,20,5,5.241646,31.8098316,Tina Aminipour,4890,2026-09-18T13:49:17.646860,,,
DATA,58.9,-4.47774363,0.6399999,-13.8462715,0.0,53.0493431,0.0,-3.25602174,-0.160000086,-12.9524632,0.0,53.660305,0.0,-4.47774363,0.6399999,-13.8462715,0.0,53.0493431,0.0,-4.47774363,0.6399999,-13.8462715,0.0,53.0493431,0.0,-1.0,0.0,1.0,0.0,0.0,0.0,0.0,2,1,1,20,5,5.288872,31.8570576,Tina Aminipour,4890,2026-09-18T13:49:17.695394,,,
DATA,58.949,-4.41241646,0.6399999,-13.9504547,0.0,48.5731659,0.0,-3.25403047,-0.160000086,-12.9499044,0.0,49.06434,0.0,-4.41241646,0.6399999,-13.9504547,0.0,48.5731659,0.0,-4.41241646,0.6399999,-13.9504547,0.0,48.5731659,0.0,-1.0,0.0,1.0,0.0,0.0,0.0,0.0,2,1,1,20,5,5.33794,31.906126,Tina Aminipour,4890,2026-09-18T13:49:17.744190,,,
DATA,59.002,-4.32424641,0.64,-14.0393677,0.0,43.84726,0.0,-3.25407624,-0.160000026,-12.9498577,0.0,44.3631477,0.0,-4.32424641,0.64,-14.0393677,0.0,43.84726,0.0,-4.32424641,0.64,-14.0393677,0.0,43.84726,0.0,-1.0,0.0,1.0,0.0,0.0,0.0,0.0,2,1,1,20,5,5.390587,31.9587727,Tina Aminipour,4890,2026-09-18T13:49:17.795838,,,
DATA,59.053,-4.23883247,0.6399999,-14.1055794,0.0,39.2997856,0.0,-3.26188,-0.160000086,-12.9416275,0.0,39.8693352,0.0,-4.23883247,0.6399999,-14.1055794,0.0,39.2997856,0.0,-4.23883247,0.6399999,-14.1055794,0.0,39.2997856,0.0,-1.0,0.0,1.0,0.0,0.0,0.0,0.0,2,1,1,20,5,5.441414,32.0095978,Tina Aminipour,4890,2026-09-18T13:49:17.847976,,,
DATA,59.102,-4.17061472,0.6399999,-14.1535892,0.0,34.77639,0.0,-3.286385,-0.160000086,-12.9109488,0.0,35.3068581,0.0,-4.17061472,0.6399999,-14.1535892,0.0,34.77639,0.0,-4.17061472,0.6399999,-14.1535892,0.0,34.77639,0.0,-1.0,0.0,1.0,0.0,0.0,0.0,0.0,2,1,1,20,5,5.491455,32.05964,Tina Aminipour,4890,2026-09-18T13:49:17.896578,,,
DATA,59.15,-4.117167,0.6399999,-14.1626568,0.0,30.4336185,0.0,-3.32453823,-0.160000086,-12.8406487,0.0,30.8486557,0.0,-4.117167,0.6399999,-14.1626568,0.0,30.4336185,0.0,-4.117167,0.6399999,-14.1626568,0.0,30.4336185,0.0,-1.0,0.0,1.0,0.0,0.0,0.0,0.0,2,1,1,20,5,5.53906631,32.107254,Tina Aminipour,4890,2026-09-18T13:49:17.944238,,,
DATA,59.2,-4.035462,0.6399999,-14.0871649,0.0,25.9645767,0.0,-3.350215,-0.160000086,-12.7159138,0.0,26.4397125,0.0,-4.035462,0.6399999,-14.0871649,0.0,25.9645767,0.0,-4.035462,0.6399999,-14.0871649,0.0,25.9645767,0.0,-1.0,0.0,1.0,0.0,0.0,0.0,0.0,2,1,1,20,5,5.589058,32.15724,Tina Aminipour,4890,2026-09-18T13:49:17.992900,,,
DATA,59.251,-3.88038445,0.64,-13.985508,0.0,21.3679943,0.0,-3.30469,-0.160000026,-12.5464535,0.0,21.7226563,0.0,-3.88038445,0.64,-13.985508,0.0,21.3679943,0.0,-3.88038445,0.64,-13.985508,0.0,21.3679943,0.0,-1.0,0.0,1.0,0.0,0.0,0.0,0.0,2,1,1,20,5,5.63946152,32.20765,Tina Aminipour,4890,2026-09-18T13:49:18.043825,,,
DATA,59.301,-3.70239115,0.64,-13.8618956,0.0,16.75958,0.0,-3.24388027,-0.160000026,-12.3765974,0.0,17.0822067,0.0,-3.70239115,0.64,-13.8618956,0.0,16.75958,0.0,-3.70239115,0.64,-13.8618956,0.0,16.75958,0.0,-1.0,0.0,1.0,0.0,0.0,0.0,0.0,2,1,1,20,5,5.690487,32.2586746,Tina Aminipour,4890,2026-09-18T13:49:18.094008,,,
DATA,59.352,-3.54102659,0.6399999,-13.7183485,0.0,12.3015633,0.0,-3.19922113,-0.160000086,-12.2118969,0.0,12.693038,0.0,-3.54102659,0.6399999,-13.7183485,0.0,12.3015633,0.0,-3.54102659,0.6399999,-13.7183485,0.0,12.3015633,0.0,-1.0,0.0,1.0,0.0,0.0,0.0,0.0,2,1,1,20,5,5.740402,32.3085861,Tina Aminipour,4890,2026-09-18T13:49:18.149207,,,
DATA,59.403,-3.38279819,0.6399999,-13.5719929,0.0,7.650105,0.0,-3.16539741,-0.160000086,-12.0310316,0.0,7.960244,0.0,-3.38279819,0.6399999,-13.5719929,0.0,7.650105,0.0,-3.38279819,0.6399999,-13.5719929,0.0,7.650105,0.0,-1.0,0.0,1.0,0.0,0.0,0.0,0.0,2,1,1,20,5,5.79163361,32.3598175,Tina Aminipour,4890,2026-09-18T13:49:18.202264,,,
DATA,59.451,-3.25015926,0.64,-13.42021,0.0,3.39768147,0.0,-3.14779329,-0.160000026,-11.8663616,0.0,3.70076036,0.0,-3.25015926,0.64,-13.42021,0.0,3.39768147,0.0,-3.25015926,0.64,-13.42021,0.0,3.39768147,0.0,-1.0,0.0,1.0,0.0,0.0,0.0,0.0,2,1,1,20,5,5.8388443,32.40703,Tina Aminipour,4890,2026-09-18T13:49:18.247795,,,
DATA,59.503,-3.11626244,0.64,-13.2311487,0.0,-1.4119873,0.0,-3.14266133,-0.160000026,-11.6814518,0.0,-1.05722046,0.0,-3.11626244,0.64,-13.2311487,0.0,-1.4119873,0.0,-3.11626244,0.64,-13.2311487,0.0,-1.4119873,0.0,-1.0,0.0,1.0,0.0,0.0,0.0,0.0,2,1,1,20,5,5.89257431,32.460762,Tina Aminipour,4890,2026-09-18T13:49:18.300857,,,
DATA,59.549,-3.036372,0.6399999,-13.1171207,0.0,-4.089203,0.0,-3.1504674,-0.160000086,-11.5211945,0.0,-4.089203,0.0,-3.036372,0.6399999,-13.1171207,0.0,-4.089203,0.0,-3.036372,0.6399999,-13.1171207,0.0,-4.089203,0.0,0.0,0.0,1.0,0.0,0.0,0.0,0.0,2,1,1,20,5,5.937851,32.5060349,Tina Aminipour,4890,2026-09-18T13:49:18.345964,,,
DATA,59.6,-3.0495646,0.64,-12.9325886,0.0,-4.089203,0.0,-3.16366,-0.160000026,-11.3366613,0.0,-4.089203,0.0,-3.0495646,0.64,-12.9325886,0.0,-4.089203,0.0,-3.0495646,0.64,-12.9325886,0.0,-4.089203,0.0,0.0,0.0,1.0,0.0,0.0,0.0,0.0,2,1,1,20,5,5.990246,32.5584335,Tina Aminipour,4890,2026-09-18T13:49:18.394002,,,
DATA,59.65,-3.06156182,0.6399999,-12.7647743,0.0,-4.089203,0.0,-3.17565727,-0.160000086,-11.168848,0.0,-4.089203,0.0,-3.06156182,0.6399999,-12.7647743,0.0,-4.089203,0.0,-3.06156182,0.6399999,-12.7647743,0.0,-4.089203,0.0,0.0,0.0,1.0,0.0,0.0,0.0,0.0,2,1,1,20,5,6.03865433,32.606842,Tina Aminipour,4890,2026-09-18T13:49:18.447656,,,
DATA,59.7,-3.07385778,0.64,-12.5927811,0.0,-4.089203,0.0,-3.18795323,-0.160000026,-10.9968548,0.0,-4.089203,0.0,-3.07385778,0.64,-12.5927811,0.0,-4.089203,0.0,-3.07385778,0.64,-12.5927811,0.0,-4.089203,0.0,0.0,0.0,1.0,0.0,0.0,0.0,0.0,2,1,1,20,5,6.088333,32.656517,Tina Aminipour,4890,2026-09-18T13:49:18.496804,,,
DATA,59.753,-3.08720016,0.64,-12.4061546,0.0,-4.089203,0.0,-3.20129561,-0.160000026,-10.8102274,0.0,-4.089203,0.0,-3.08720016,0.64,-12.4061546,0.0,-4.089203,0.0,-3.08720016,0.64,-12.4061546,0.0,-4.089203,0.0,0.0,0.0,1.0,0.0,0.0,0.0,0.0,2,1,1,20,5,6.14167,32.7098541,Tina Aminipour,4890,2026-09-18T13:49:18.551475,,,
DATA,59.799,-3.09891057,0.64,-12.2423534,0.0,-4.089203,0.0,-3.213006,-0.160000026,-10.6464262,0.0,-4.089203,0.0,-3.09891057,0.64,-12.2423534,0.0,-4.089203,0.0,-3.09891057,0.64,-12.2423534,0.0,-4.089203,0.0,0.0,0.0,1.0,0.0,0.0,0.0,0.0,2,1,1,20,5,6.188244,32.75643,Tina Aminipour,4890,2026-09-18T13:49:18.597124,,,
DATA,59.851,-3.04666615,0.64,-12.0113544,0.0,-7.07839966,0.0,-3.22776842,-0.160000026,-10.466877,0.0,-6.76001,0.0,-3.04666615,0.64,-12.0113544,0.0,-7.07839966,0.0,-3.04666615,0.64,-12.0113544,0.0,-7.07839966,0.0,-1.0,0.0,1.0,0.0,0.0,0.0,0.0,2,1,1,20,5,6.23986435,32.8080521,Tina Aminipour,4890,2026-09-18T13:49:18.643045,,,
DATA,59.9,-2.953354,0.64,-11.8221912,0.0,-11.5281677,0.0,-3.25408721,-0.160000026,-10.295661,0.0,-11.2155457,0.0,-2.953354,0.64,-11.8221912,0.0,-11.5281677,0.0,-2.953354,0.64,-11.8221912,0.0,-11.5281677,0.0,-1.0,0.0,1.0,0.0,0.0,0.0,0.0,2,1,1,20,5,6.289276,32.85746,Tina Aminipour,4890,2026-09-18T13:49:18.697682,,,
DATA,59.951,-2.87462521,0.64,-11.6257038,0.0,-15.9943848,0.0,-3.29381037,-0.160000026,-10.1263437,0.0,-15.6887512,0.0,-2.87462521,0.64,-11.6257038,0.0,-15.9943848,0.0,-2.87462521,0.64,-11.6257038,0.0,-15.9943848,0.0,-1.0,0.0,1.0,0.0,0.0,0.0,0.0,2,1,2,20,6,6.33886337,32.90705,Tina Aminipour,4890,2026-09-18T13:49:18.748257,,,
DATA,60.0,-2.8112855,0.640000045,-11.4219561,0.0,-20.4872437,0.0,-3.34678435,-0.159999967,-9.959816,0.0,-20.1834717,0.0,-2.8112855,0.640000045,-11.4219561,0.0,-20.4872437,0.0,-2.8112855,0.640000045,-11.4219561,0.0,-20.4872437,0.0,-1.0,0.0,1.0,0.0,0.0,0.0,0.0,2,1,2,20,6,6.388771,32.956955,Tina Aminipour,4890,2026-09-18T13:49:18.797844,,,
DATA,60.05,-2.76571083,0.640000045,-11.2151909,0.0,-24.9285278,0.0,-3.411706,-0.159999967,-9.800338,0.0,-24.6122131,0.0,-2.76571083,0.640000045,-11.2151909,0.0,-24.9285278,0.0,-2.76571083,0.640000045,-11.2151909,0.0,-24.9285278,0.0,-1.0,0.0,1.0,0.0,0.0,0.0,0.0,2,1,2,20,6,6.43819046,33.00638,Tina Aminipour,4890,2026-09-18T13:49:18.847486,,,
DATA,60.099,-2.73651886,0.640000045,-11.0036373,0.0,-29.40448,0.0,-3.489316,-0.159999967,-9.645309,0.0,-29.0714111,0.0,-2.73651886,0.640000045,-11.0036373,0.0,-29.40448,0.0,-2.73651886,0.640000045,-11.0036373,0.0,-29.40448,0.0,-1.0,0.0,1.0,0.0,0.0,0.0,0.0,2,1,2,20,6,6.488014,33.0562,Tina Aminipour,4890,2026-09-18T13:49:18.891106,,,
DATA,60.152,-2.77889562,0.640000045,-10.867403,0.0,-30.14618,0.0,-3.58242822,-0.159999967,-9.483808,0.0,-30.14618,0.0,-2.77889562,0.640000045,-10.867403,0.0,-30.14618,0.0,-2.77889562,0.640000045,-10.867403,0.0,-30.14618,0.0,0.0,0.0,1.0,0.0,0.0,0.0,0.0,2,1,2,20,6,6.540455,33.1086426,Tina Aminipour,4890,2026-09-18T13:49:18.944240,,,
DATA,60.2,-2.86298418,0.64,-10.7226114,0.0,-30.14618,0.0,-3.66651678,-0.160000026,-9.339016,0.0,-30.14618,0.0,-2.86298418,0.64,-10.7226114,0.0,-30.14618,0.0,-2.86298418,0.64,-10.7226114,0.0,-30.14618,0.0,0.0,0.0,1.0,0.0,0.0,0.0,0.0,2,1,2,20,6,6.588516,33.1567,Tina Aminipour,4890,2026-09-18T13:49:18.998059,,,
DATA,60.249,-3.02407312,0.6399999,-10.660162,0.0,-25.8621521,0.0,-3.74902582,-0.160000086,-9.187546,0.0,-26.1552734,0.0,-3.02407312,0.6399999,-10.660162,0.0,-25.8621521,0.0,-3.02407312,0.6399999,-10.660162,0.0,-25.8621521,0.0,1.0,0.0,1.0,0.0,0.0,0.0,0.0,2,1,2,20,6,6.637745,33.2059326,Tina Aminipour,4890,2026-09-18T13:49:19.046750,,,
DATA,60.299,-3.20989275,0.6399999,-10.5574,0.0,-21.3891,0.0,-3.81986332,-0.160000086,-9.029778,0.0,-21.7070923,0.0,-3.20989275,0.6399999,-10.5574,0.0,-21.3891,0.0,-3.20989275,0.6399999,-10.5574,0.0,-21.3891,0.0,1.0,0.0,1.0,0.0,0.0,0.0,0.0,2,1,2,20,6,6.687584,33.2557678,Tina Aminipour,4890,2026-09-18T13:49:19.096557,,,
DATA,60.353,-3.40477753,0.640000045,-10.4237919,0.0,-16.56073,0.0,-3.88282061,-0.159999967,-8.85227,0.0,-16.86258,0.0,-3.40477753,0.640000045,-10.4237919,0.0,-16.56073,0.0,-3.40477753,0.640000045,-10.4237919,0.0,-16.56073,0.0,1.0,0.0,1.0,0.0,0.0,0.0,0.0,2,1,2,20,6,6.74114227,33.3093262,Tina Aminipour,4890,2026-09-18T13:49:19.149699,,,
DATA,60.403,-3.57583618,0.64,-10.2865629,0.0,-12.0145874,0.0,-3.92806578,-0.160000026,-8.681571,0.0,-12.3204346,0.0,-3.57583618,0.64,-10.2865629,0.0,-12.0145874,0.0,-3.57583618,0.64,-10.2865629,0.0,-12.0145874,0.0,1.0,0.0,1.0,0.0,0.0,0.0,0.0,2,1,2,20,6,6.79167938,33.3598633,Tina Aminipour,4890,2026-09-18T13:49:19.200846,,,
DATA,60.451,-3.72821283,0.64,-10.14283,0.0,-7.69537354,0.0,-3.95840263,-0.160000026,-8.516284,0.0,-7.998169,0.0,-3.72821283,0.64,-10.14283,0.0,-7.69537354,0.0,-3.72821283,0.64,-10.14283,0.0,-7.69537354,0.0,1.0,0.0,1.0,0.0,0.0,0.0,0.0,2,1,2,20,6,6.839653,33.4078369,Tina Aminipour,4890,2026-09-18T13:49:19.248944,,,
DATA,60.503,-3.87595272,0.64,-9.986961,0.0,-3.08599854,0.0,-3.97684574,-0.160000026,-8.340037,0.0,-3.44018555,0.0,-3.87595272,0.64,-9.986961,0.0,-3.08599854,0.0,-3.87595272,0.64,-9.986961,0.0,-3.08599854,0.0,1.0,0.0,1.0,0.0,0.0,0.0,0.0,2,1,2,20,6,6.89115524,33.459343,Tina Aminipour,4890,2026-09-18T13:49:19.300790,,,
DATA,60.552,-3.959018,0.6399999,-9.765406,0.0,-0.8283081,0.0,-3.98214841,-0.160000086,-8.165573,0.0,-0.8283081,0.0,-3.959018,0.6399999,-9.765406,0.0,-0.8283081,0.0,-3.959018,0.6399999,-9.765406,0.0,-0.8283081,0.0,0.0,0.0,1.0,0.0,0.0,0.0,0.0,2,1,2,20,6,6.94031143,33.5085,Tina Aminipour,4890,2026-09-18T13:49:19.349459,,,
DATA,60.602,-3.96159983,0.6399999,-9.586828,0.0,-0.8283081,0.0,-3.98473024,-0.160000086,-7.9869957,0.0,-0.8283081,0.0,-3.96159983,0.6399999,-9.586828,0.0,-0.8283081,0.0,-3.96159983,0.6399999,-9.586828,0.0,-0.8283081,0.0,0.0,0.0,1.0,0.0,0.0,0.0,0.0,2,1,2,20,6,6.991165,33.55935,Tina Aminipour,4890,2026-09-18T13:49:19.399995,,,
DATA,60.65,-3.964003,0.64,-9.420604,0.0,-0.8283081,0.0,-3.9871335,-0.160000026,-7.82077074,0.0,-0.8283081,0.0,-3.964003,0.64,-9.420604,0.0,-0.8283081,0.0,-3.964003,0.64,-9.420604,0.0,-0.8283081,0.0,0.0,0.0,1.0,0.0,0.0,0.0,0.0,2,1,2,20,6,7.038536,33.60672,Tina Aminipour,4890,2026-09-18T13:49:19.446952,,,
DATA,60.7,-3.966545,0.6399999,-9.24478,0.0,-0.8283081,0.0,-3.98967552,-0.160000086,-7.644947,0.0,-0.8283081,0.0,-3.966545,0.6399999,-9.24478,0.0,-0.8283081,0.0,-3.966545,0.6399999,-9.24478,0.0,-0.8283081,0.0,0.0,0.0,1.0,0.0,0.0,0.0,0.0,2,1,2,20,6,7.08937073,33.6575546,Tina Aminipour,4890,2026-09-18T13:49:19.498324,,,
DATA,60.753,-3.96918941,0.6399999,-9.061893,0.0,-0.8283081,0.0,-3.99231982,-0.160000086,-7.46206045,0.0,-0.8283081,0.0,-3.96918941,0.6399999,-9.061893,0.0,-0.8283081,0.0,-3.96918941,0.6399999,-9.061893,0.0,-0.8283081,0.0,0.0,0.0,1.0,0.0,0.0,0.0,0.0,2,1,2,20,6,7.141716,33.7099,Tina Aminipour,4890,2026-09-18T13:49:19.550929,,,
DATA,60.798,-3.97142529,0.6399999,-8.907241,0.0,-0.8283081,0.0,-3.99455571,-0.160000086,-7.30740833,0.0,-0.8283081,0.0,-3.97142529,0.6399999,-8.907241,0.0,-0.8283081,0.0,-3.97142529,0.6399999,-8.907241,0.0,-0.8283081,0.0,0.0,0.0,1.0,0.0,0.0,0.0,0.0,2,1,2,20,6,7.186821,33.7550049,Tina Aminipour,4890,2026-09-18T13:49:19.595079,,,
DATA,60.853,-3.97425222,0.6399999,-8.711719,0.0,-0.8283081,0.0,-3.99738264,-0.160000086,-7.111886,0.0,-0.8283081,0.0,-3.97425222,0.6399999,-8.711719,0.0,-0.8283081,0.0,-3.97425222,0.6399999,-8.711719,0.0,-0.8283081,0.0,0.0,0.0,1.0,0.0,0.0,0.0,0.0,2,1,2,20,6,7.241173,33.8093567,Tina Aminipour,4890,2026-09-18T13:49:19.644283,,,
DATA,60.902,-3.97676635,0.6399999,-8.537831,0.0,-0.8283081,0.0,-3.99989676,-0.160000086,-6.93799829,0.0,-0.8283081,0.0,-3.97676635,0.6399999,-8.537831,0.0,-0.8283081,0.0,-3.97676635,0.6399999,-8.537831,0.0,-0.8283081,0.0,0.0,0.0,1.0,0.0,0.0,0.0,0.0,2,1,2,20,6,7.29149246,33.85968,Tina Aminipour,4890,2026-09-18T13:49:19.700701,,,
DATA,60.952,-3.99243832,0.64,-8.408235,0.0,0.0332608856,0.0,-4.002428,-0.160000026,-6.762918,0.0,-0.287902832,0.0,-3.99243832,0.64,-8.408235,0.0,0.0332608856,0.0,-3.99243832,0.64,-8.408235,0.0,0.0332608856,0.0,1.0,0.0,1.0,0.0,0.0,0.0,0.0,2,1,2,20,6,7.341282,33.90947,Tina Aminipour,4890,2026-09-18T13:49:19.750440,,,
DATA,60.999,-4.105321,0.64,-8.255583,0.0,4.16313934,0.0,-3.99831367,-0.160000026,-6.60483837,0.0,3.77921939,0.0,-4.105321,0.64,-8.255583,0.0,4.16313934,0.0,-4.105321,0.64,-8.255583,0.0,4.16313934,0.0,1.0,0.0,1.0,0.0,0.0,0.0,0.0,2,1,2,20,6,7.387516,33.9557037,Tina Aminipour,4890,2026-09-18T13:49:19.795544,,,
DATA,61.048,-4.216707,0.6399999,-8.058753,0.0,8.63627052,0.0,-3.98054123,-0.160000086,-6.429614,0.0,8.309299,0.0,-4.216707,0.6399999,-8.058753,0.0,8.63627052,0.0,-4.216707,0.6399999,-8.058753,0.0,8.63627052,0.0,1.0,0.0,1.0,0.0,0.0,0.0,0.0,2,1,2,20,6,7.436901,34.00509,Tina Aminipour,4890,2026-09-18T13:49:19.846091,,,
DATA,61.103,-4.321065,0.64,-7.84458351,0.0,13.5763216,0.0,-3.94548845,-0.160000026,-6.24101,0.0,13.2436829,0.0,-4.321065,0.64,-7.84458351,0.0,13.5763216,0.0,-4.321065,0.64,-7.84458351,0.0,13.5763216,0.0,1.0,0.0,1.0,0.0,0.0,0.0,0.0,2,1,2,20,6,7.49182129,34.0600052,Tina Aminipour,4890,2026-09-18T13:49:19.900332,,,
DATA,61.151,-4.3367424,0.64,-7.617204,0.0,15.7666636,0.0,-3.9019897,-0.160000026,-6.077402,0.0,15.7666636,0.0,-4.3367424,0.64,-7.617204,0.0,15.7666636,0.0,-4.3367424,0.64,-7.617204,0.0,15.7666636,0.0,0.0,0.0,1.0,0.0,0.0,0.0,0.0,2,1,2,20,6,7.539978,34.1081619,Tina Aminipour,4890,2026-09-18T13:49:19.948425,,,
DATA,61.2,-4.29046726,0.6399999,-7.45330763,0.0,15.7666636,0.0,-3.85571456,-0.160000086,-5.91350555,0.0,15.7666636,0.0,-4.29046726,0.6399999,-7.45330763,0.0,15.7666636,0.0,-4.29046726,0.6399999,-7.45330763,0.0,15.7666636,0.0,0.0,0.0,1.0,0.0,0.0,0.0,0.0,2,1,2,20,6,7.589073,34.1572571,Tina Aminipour,4890,2026-09-18T13:49:19.997927,,,
DATA,61.25,-4.24245358,0.6399999,-7.28325367,0.0,15.7666636,0.0,-3.807701,-0.160000086,-5.7434516,0.0,15.7666636,0.0,-4.24245358,0.6399999,-7.28325367,0.0,15.7666636,0.0,-4.24245358,0.6399999,-7.28325367,0.0,15.7666636,0.0,0.0,0.0,1.0,0.0,0.0,0.0,0.0,2,1,2,20,6,7.63875961,34.2069473,Tina Aminipour,4890,2026-09-18T13:49:20.047721,,,
DATA,61.301,-4.210479,0.6399999,-7.17858,0.0,16.213995,0.0,-3.76080561,-0.160000086,-5.577358,0.0,15.7666636,0.0,-4.210479,0.6399999,-7.17858,0.0,16.213995,0.0,-4.210479,0.6399999,-7.17858,0.0,16.213995,0.0,1.0,0.0,1.0,0.0,0.0,0.0,0.0,2,1,2,20,6,7.690563,34.25875,Tina Aminipour,4890,2026-09-18T13:49:20.100759,,,
DATA,61.353,-4.27981329,0.64,-6.94354725,0.0,20.8643036,0.0,-3.703895,-0.160000026,-5.400957,0.0,20.5343246,0.0,-4.27981329,0.64,-6.94354725,0.0,20.8643036,0.0,-4.27981329,0.64,-6.94354725,0.0,20.8643036,0.0,1.0,0.0,1.0,0.0,0.0,0.0,0.0,2,1,2,20,6,7.741585,34.30977,Tina Aminipour,4890,2026-09-18T13:49:20.144817,,,
DATA,61.398,-4.329609,0.6399999,-6.760109,0.0,24.9312782,0.0,-3.64453959,-0.160000086,-5.25618172,0.0,24.5586872,0.0,-4.329609,0.6399999,-6.760109,0.0,24.9312782,0.0,-4.329609,0.6399999,-6.760109,0.0,24.9312782,0.0,1.0,0.0,1.0,0.0,0.0,0.0,0.0,2,1,2,20,6,7.78701,34.3551941,Tina Aminipour,4890,2026-09-18T13:49:20.195498,,,
DATA,61.452,-4.3646493,0.64,-6.51197243,0.0,29.8151932,0.0,-3.5574553,-0.160000026,-5.083735,0.0,29.527956,0.0,-4.3646493,0.64,-6.51197243,0.0,29.8151932,0.0,-4.3646493,0.64,-6.51197243,0.0,29.8151932,0.0,1.0,0.0,1.0,0.0,0.0,0.0,0.0,2,1,2,20,6,7.84080124,34.40899,Tina Aminipour,4890,2026-09-18T13:49:20.248979,,,
DATA,61.502,-4.38504648,0.6399999,-6.300036,0.0,34.3232,0.0,-3.46647859,-0.160000086,-4.935368,0.0,34.00437,0.0,-4.38504648,0.6399999,-6.300036,0.0,34.3232,0.0,-4.38504648,0.6399999,-6.300036,0.0,34.3232,0.0,1.0,0.0,1.0,0.0,0.0,0.0,0.0,2,1,2,20,6,7.89106369,34.45925,Tina Aminipour,4890,2026-09-18T13:49:20.294484,,,
DATA,61.55,-4.38829136,0.64,-6.094343,0.0,38.6317024,0.0,-3.36871,-0.160000026,-4.800198,0.0,38.29507,0.0,-4.38829136,0.64,-6.094343,0.0,38.6317024,0.0,-4.38829136,0.64,-6.094343,0.0,38.6317024,0.0,1.0,0.0,1.0,0.0,0.0,0.0,0.0,2,1,2,20,6,7.93903351,34.5072174,Tina Aminipour,4890,2026-09-18T13:49:20.348454,,,
DATA,61.601,-4.369298,0.6399999,-5.865331,0.0,43.2524376,0.0,-3.251429,-0.160000086,-4.662218,0.0,42.95293,0.0,-4.369298,0.6399999,-5.865331,0.0,43.2524376,0.0,-4.369298,0.6399999,-5.865331,0.0,43.2524376,0.0,1.0,0.0,1.0,0.0,0.0,0.0,0.0,2,1,2,20,6,7.99016953,34.5583572,Tina Aminipour,4890,2026-09-18T13:49:20.398857,,,
DATA,61.652,-4.336332,0.64,-5.64993334,0.0,47.7454567,0.0,-3.1279242,-0.160000026,-4.53849649,0.0,47.4493446,0.0,-4.336332,0.64,-5.64993334,0.0,47.7454567,0.0,-4.336332,0.64,-5.64993334,0.0,47.7454567,0.0,1.0,0.0,1.0,0.0,0.0,0.0,0.0,2,1,2,20,6,8.040073,34.60826,Tina Aminipour,4890,2026-09-18T13:49:20.448892,,,
DATA,61.701,-4.28565073,0.6399999,-5.436567,0.0,52.2450447,0.0,-2.994694,-0.160000086,-4.424514,0.0,51.9591179,0.0,-4.28565073,0.6399999,-5.436567,0.0,52.2450447,0.0,-4.28565073,0.6399999,-5.436567,0.0,52.2450447,0.0,1.0,0.0,1.0,0.0,0.0,0.0,0.0,2,1,2,20,6,8.090012,34.6581955,Tina Aminipour,4890,2026-09-18T13:49:20.499327,,,
DATA,61.752,-4.22429848,0.64,-5.23404932,0.0,56.7362022,0.0,-2.8546288,-0.160000026,-4.32251835,0.0,56.415657,0.0,-4.22429848,0.64,-5.23404932,0.0,56.7362022,0.0,-4.22429848,0.64,-5.23404932,0.0,56.7362022,0.0,1.0,0.0,1.0,0.0,0.0,0.0,0.0,2,1,2,20,6,8.140106,34.70829,Tina Aminipour,4890,2026-09-18T13:49:20.548447,,,
DATA,61.8,-4.145289,0.64,-5.036539,0.0,61.15992,0.0,-2.70846319,-0.160000026,-4.23251534,0.0,60.8306847,0.0,-4.145289,0.64,-5.036539,0.0,61.15992,0.0,-4.145289,0.64,-5.036539,0.0,61.15992,0.0,1.0,0.0,1.0,0.0,0.0,0.0,0.0,2,1,2,20,6,8.189308,34.7574921,Tina Aminipour,4890,2026-09-18T13:49:20.597670,,,
DATA,61.85,-4.0463233,0.64,-4.84151936,0.0,65.60332,0.0,-2.554033,-0.160000026,-4.15319729,0.0,65.29604,0.0,-4.0463233,0.64,-4.84151936,0.0,65.60332,0.0,-4.0463233,0.64,-4.84151936,0.0,65.60332,0.0,1.0,0.0,1.0,0.0,0.0,0.0,0.0,2,1,2,20,6,8.238556,34.80674,Tina Aminipour,4890,2026-09-18T13:49:20.646351,,,
DATA,61.9,-3.93737984,0.6399999,-4.65744972,0.0,70.0694,0.0,-2.39436841,-0.160000086,-4.0863204,0.0,69.74844,0.0,-3.93737984,0.6399999,-4.65744972,0.0,70.0694,0.0,-3.93737984,0.6399999,-4.65744972,0.0,70.0694,0.0,1.0,0.0,1.0,0.0,0.0,0.0,0.0,2,1,2,20,6,8.288258,34.8564453,Tina Aminipour,4890,2026-09-18T13:49:20.698596,,,
DATA,61.95,-3.82948637,0.6399999,-4.48736238,0.0,74.62852,0.0,-2.23057365,-0.160000086,-4.032101,0.0,74.18616,0.0,-3.82948637,0.6399999,-4.48736238,0.0,74.62852,0.0,-3.82948637,0.6399999,-4.48736238,0.0,74.62852,0.0,1.0,0.0,1.0,0.0,0.0,0.0,0.0,2,1,2,20,6,8.339588,34.9077759,Tina Aminipour,4890,2026-09-18T13:49:20.749195,,,
DATA,62.003,-3.66166449,0.64,-4.301079,0.0,79.39321,0.0,-2.0461,-0.160000026,-3.9872992,0.0,79.06917,0.0,-3.66166449,0.64,-4.301079,0.0,79.39321,0.0,-3.66166449,0.64,-4.301079,0.0,79.39321,0.0,1.0,0.0,1.0,0.0,0.0,0.0,0.0,2,1,2,20,6,8.391872,34.96006,Tina Aminipour,4890,2026-09-18T13:49:20.800327,,,
DATA,62.048,-3.52269673,0.6399999,-4.1606226,0.0,83.44237,0.0,-1.890306,-0.160000086,-3.962185,0.0,83.12786,0.0,-3.52269673,0.6399999,-4.1606226,0.0,83.44237,0.0,-3.52269673,0.6399999,-4.1606226,0.0,83.44237,0.0,1.0,0.0,1.0,0.0,0.0,0.0,0.0,2,1,2,20,6,8.43681,35.0049973,Tina Aminipour,4890,2026-09-18T13:49:20.847079,,,
DATA,62.098,-3.35685563,0.64,-4.01608133,0.0,87.96541,0.0,-1.71483028,-0.160000026,-3.94725513,0.0,87.65757,0.0,-3.35685563,0.64,-4.01608133,0.0,87.96541,0.0,-3.35685563,0.64,-4.01608133,0.0,87.96541,0.0,1.0,0.0,1.0,0.0,0.0,0.0,0.0,2,1,2,20,6,8.487026,35.0552139,Tina Aminipour,4890,2026-09-18T13:49:20.890611,,,
DATA,62.149,-3.18006015,0.64,-3.88358164,0.0,92.5614853,0.0,-1.53649867,-0.160000026,-3.94629645,0.0,92.2445,0.0,-3.18006015,0.64,-3.88358164,0.0,92.5614853,0.0,-3.18006015,0.64,-3.88358164,0.0,92.5614853,0.0,1.0,0.0,1.0,0.0,0.0,0.0,0.0,2,1,2,20,6,8.538147,35.10633,Tina Aminipour,4890,2026-09-18T13:49:20.946995,,,
DATA,62.198,-2.96357322,0.6399999,-3.86493945,0.0,93.2425461,0.0,-1.36613476,-0.160000086,-3.95544,0.0,93.2425461,0.0,-2.96357322,0.6399999,-3.86493945,0.0,93.2425461,0.0,-2.96357322,0.6399999,-3.86493945,0.0,93.2425461,0.0,0.0,0.0,1.0,0.0,0.0,0.0,0.0,2,1,2,20,6,8.587204,35.1553879,Tina Aminipour,4890,2026-09-18T13:49:20.995170,,,
DATA,62.253,-2.77533913,0.64,-3.87560344,0.0,93.2425461,0.0,-1.17790067,-0.160000026,-3.966104,0.0,93.2425461,0.0,-2.77533913,0.64,-3.87560344,0.0,93.2425461,0.0,-2.77533913,0.64,-3.87560344,0.0,93.2425461,0.0,0.0,0.0,1.0,0.0,0.0,0.0,0.0,2,1,2,20,6,8.640755,35.20894,Tina Aminipour,4890,2026-09-18T13:49:21.049751,,,
DATA,62.3,-2.604547,0.64,-3.88527966,0.0,93.2425461,0.0,-1.00710857,-0.160000026,-3.97578025,0.0,93.2425461,0.0,-2.604547,0.64,-3.88527966,0.0,93.2425461,0.0,-2.604547,0.64,-3.88527966,0.0,93.2425461,0.0,0.0,0.0,1.0,0.0,0.0,0.0,0.0,2,1,2,20,6,8.689316,35.2575,Tina Aminipour,4890,2026-09-18T13:49:21.097081,,,
DATA,62.348,-2.43796253,0.64,-3.89471722,0.0,93.2425461,0.0,-0.840523958,-0.160000026,-3.98521781,0.0,93.2425461,0.0,-2.43796253,0.64,-3.89471722,0.0,93.2425461,0.0,-2.43796253,0.64,-3.89471722,0.0,93.2425461,0.0,0.0,0.0,1.0,0.0,0.0,0.0,0.0,2,1,2,20,6,8.73711,35.3052979,Tina Aminipour,4890,2026-09-18T13:49:21.148130,,,
DATA,62.402,-2.24878764,0.6399999,-3.90543461,0.0,93.2425461,0.0,-0.651349247,-0.160000086,-3.9959352,0.0,93.2425461,0.0,-2.24878764,0.6399999,-3.90543461,0.0,93.2425461,0.0,-2.24878764,0.6399999,-3.90543461,0.0,93.2425461,0.0,0.0,0.0,1.0,0.0,0.0,0.0,0.0,2,1,2,20,6,8.791328,35.3595123,Tina Aminipour,4890,2026-09-18T13:49:21.199676,,,
DATA,62.453,-2.03343773,0.64,-3.99706316,0.0,89.8691254,0.0,-0.4747854,-0.160000026,-4.00326157,0.0,90.16196,0.0,-2.03343773,0.64,-3.99706316,0.0,89.8691254,0.0,-2.03343773,0.64,-3.99706316,0.0,89.8691254,0.0,-1.0,0.0,1.0,0.0,0.0,0.0,0.0,2,1,2,20,6,8.841537,35.40972,Tina Aminipour,4890,2026-09-18T13:49:21.245176,,,
DATA,62.501,-1.858767,0.640000045,-4.11082554,0.0,85.4851761,0.0,-0.30451,-0.159999967,-3.99796081,0.0,85.78023,0.0,-1.858767,0.640000045,-4.11082554,0.0,85.4851761,0.0,-1.858767,0.640000045,-4.11082554,0.0,85.4851761,0.0,-1.0,0.0,1.0,0.0,0.0,0.0,0.0,2,1,3,20,7,8.890263,35.45845,Tina Aminipour,4890,2026-09-18T13:49:21.293569,,,
DATA,62.552,-1.67039478,0.64,-4.213987,0.0,80.9637756,0.0,-0.129716873,-0.160000026,-3.978886,0.0,81.25769,0.0,-1.67039478,0.64,-4.213987,0.0,80.9637756,0.0,-1.67039478,0.64,-4.213987,0.0,80.9637756,0.0,-1.0,0.0,1.0,0.0,0.0,0.0,0.0,2,1,3,20,7,8.940495,35.5086823,Tina Aminipour,4890,2026-09-18T13:49:21.350164,,,
DATA,62.599,-1.48210812,0.6399999,-4.29821348,0.0,76.63287,0.0,0.0355142131,-0.160000086,-3.94788647,0.0,76.93372,0.0,-1.48210812,0.6399999,-4.29821348,0.0,76.63287,0.0,-1.48210812,0.6399999,-4.29821348,0.0,76.63287,0.0,-1.0,0.0,1.0,0.0,0.0,0.0,0.0,2,1,3,20,7,8.988651,35.55684,Tina Aminipour,4890,2026-09-18T13:49:21.396622,,,
DATA,62.648,-1.289083,0.64,-4.368401,0.0,72.3055649,0.0,0.1981454,-0.160000026,-3.90434337,0.0,72.60348,0.0,-1.289083,0.64,-4.368401,0.0,72.3055649,0.0,-1.289083,0.64,-4.368401,0.0,72.3055649,0.0,-1.0,0.0,1.0,0.0,0.0,0.0,0.0,2,1,3,20,7,9.036716,35.6049042,Tina Aminipour,4890,2026-09-18T13:49:21.440054,,,
DATA,62.7,-1.07451916,0.639999866,-4.428233,0.0,67.6063,0.0,0.370645821,-0.160000145,-3.843213,0.0,67.89614,0.0,-1.07451916,0.639999866,-4.428233,0.0,67.6063,0.0,-1.07451916,0.639999866,-4.428233,0.0,67.6063,0.0,-1.0,0.0,1.0,0.0,0.0,0.0,0.0,2,1,3,20,7,9.088886,35.657074,Tina Aminipour,4890,2026-09-18T13:49:21.497304,,,
DATA,62.753,-0.8550937,0.64,-4.470707,0.0,62.8885574,0.0,0.538300753,-0.160000026,-3.76775622,0.0,63.1671753,0.0,-0.8550937,0.64,-4.470707,0.0,62.8885574,0.0,-0.8550937,0.64,-4.470707,0.0,62.8885574,0.0,-1.0,0.0,1.0,0.0,0.0,0.0,0.0,2,1,3,20,7,9.141243,35.7094269,Tina Aminipour,4890,2026-09-18T13:49:21.552848,,,
DATA,62.803,-0.6404257,0.64,-4.49126863,0.0,58.38773,0.0,0.6906928,-0.160000026,-3.683932,0.0,58.6936722,0.0,-0.6404257,0.64,-4.49126863,0.0,58.38773,0.0,-0.6404257,0.64,-4.49126863,0.0,58.38773,0.0,-1.0,0.0,1.0,0.0,0.0,0.0,0.0,2,1,3,20,7,9.191406,35.75959,Tina Aminipour,4890,2026-09-18T13:49:21.599354,,,
DATA,62.85,-0.4406886,0.64,-4.497918,0.0,54.1699371,0.0,0.828192651,-0.160000026,-3.59401035,0.0,54.4680519,0.0,-0.4406886,0.64,-4.497918,0.0,54.1699371,0.0,-0.4406886,0.64,-4.497918,0.0,54.1699371,0.0,-1.0,0.0,1.0,0.0,0.0,0.0,0.0,2,1,3,20,7,9.238224,35.80641,Tina Aminipour,4890,2026-09-18T13:49:21.646522,,,
DATA,62.899,-0.230717182,0.64,-4.48825264,0.0,49.7478867,0.0,0.964546561,-0.160000026,-3.489398,0.0,50.0476952,0.0,-0.230717182,0.64,-4.48825264,0.0,49.7478867,0.0,-0.230717182,0.64,-4.48825264,0.0,49.7478867,0.0,-1.0,0.0,1.0,0.0,0.0,0.0,0.0,2,1,3,20,7,9.287369,35.8555527,Tina Aminipour,4890,2026-09-18T13:49:21.695424,,,
DATA,62.953,-0.003136158,0.64,-4.460242,0.0,44.9088631,0.0,1.10433626,-0.160000026,-3.3629427,0.0,45.1991272,0.0,-0.003136158,0.64,-4.460242,0.0,44.9088631,0.0,-0.003136158,0.64,-4.460242,0.0,44.9088631,0.0,-1.0,0.0,1.0,0.0,0.0,0.0,0.0,2,1,3,20,7,9.341084,35.90927,Tina Aminipour,4890,2026-09-18T13:49:21.744501,,,
DATA,63.0,0.19797802,0.6399999,-4.443995,0.0,40.60851,0.0,1.21878958,-0.160000086,-3.26916838,0.0,40.91763,0.0,0.19797802,0.6399999,-4.443995,0.0,40.60851,0.0,0.19797802,0.6399999,-4.443995,0.0,40.60851,0.0,-1.0,0.0,1.0,0.0,0.0,0.0,0.0,2,1,3,20,7,9.388969,35.9571533,Tina Aminipour,4890,2026-09-18T13:49:21.791876,,,
DATA,63.053,0.4415865,0.6399999,-4.47807264,0.0,35.8885651,0.0,1.35805273,-0.160000086,-3.23324418,0.0,36.2725143,0.0,0.4415865,0.6399999,-4.47807264,0.0,35.8885651,0.0,0.4415865,0.6399999,-4.47807264,0.0,35.8885651,0.0,-1.0,0.0,1.0,0.0,0.0,0.0,0.0,2,1,3,20,7,9.44183,36.0100174,Tina Aminipour,4890,2026-09-18T13:49:21.845490,,,
DATA,63.099,0.569045544,0.6399999,-4.55959654,0.0,31.64553,0.0,1.39547586,-0.160000086,-3.23674345,0.0,31.9304276,0.0,0.569045544,0.6399999,-4.55959654,0.0,31.64553,0.0,0.569045544,0.6399999,-4.55959654,0.0,31.64553,0.0,-1.0,0.0,0.0,0.0,0.0,0.0,0.0,2,1,3,20,7,9.488422,36.05661,Tina Aminipour,4890,2026-09-18T13:49:21.897159,,,
DATA,63.151,0.6784544,0.6399999,-4.61578,0.0,27.07467,0.0,1.39547586,-0.160000086,-3.23674345,0.0,27.39839,0.0,0.6784544,0.6399999,-4.61578,0.0,27.07467,0.0,0.6784544,0.6399999,-4.61578,0.0,27.07467,0.0,-1.0,0.0,0.0,0.0,0.0,0.0,0.0,2,1,3,20,7,9.539425,36.1076126,Tina Aminipour,4890,2026-09-18T13:49:21.943129,,,
DATA,63.199,0.7882328,0.6399999,-4.65580559,0.0,22.6740551,0.0,1.39547586,-0.160000086,-3.23674345,0.0,23.0741215,0.0,0.7882328,0.6399999,-4.65580559,0.0,22.6740551,0.0,0.7882328,0.6399999,-4.65580559,0.0,22.6740551,0.0,-1.0,0.0,0.0,0.0,0.0,0.0,0.0,2,1,3,20,7,9.588745,36.15693,Tina Aminipour,4890,2026-09-18T13:49:21.992039,,,
DATA,63.249,0.8989415,0.6399999,-4.71269035,0.0,18.2224751,0.0,1.39547586,-0.160000086,-3.23674345,0.0,18.5254669,0.0,0.8989415,0.6399999,-4.71269035,0.0,18.2224751,0.0,0.8989415,0.6399999,-4.71269035,0.0,18.2224751,0.0,-1.0,0.0,0.0,0.0,0.0,0.0,0.0,2,1,3,20,7,9.637669,36.2058563,Tina Aminipour,4890,2026-09-18T13:49:22.046028,,,
DATA,63.297,1.01537323,0.6399999,-4.749195,0.0,13.7556849,0.0,1.39547586,-0.160000086,-3.23674345,0.0,14.0427027,0.0,1.01537323,0.6399999,-4.749195,0.0,13.7556849,0.0,1.01537323,0.6399999,-4.749195,0.0,13.7556849,0.0,-1.0,0.0,0.0,0.0,0.0,0.0,0.0,2,1,3,20,7,9.68721,36.255394,Tina Aminipour,4890,2026-09-18T13:49:22.095483,,,
DATA,63.352,1.139813,0.6399999,-4.756384,0.0,9.03440952,0.0,1.39547586,-0.160000086,-3.23674345,0.0,9.452426,0.0,1.139813,0.6399999,-4.756384,0.0,9.03440952,0.0,1.139813,0.6399999,-4.756384,0.0,9.03440952,0.0,-1.0,0.0,0.0,0.0,0.0,0.0,0.0,2,1,3,20,7,9.740398,36.3085861,Tina Aminipour,4890,2026-09-18T13:49:22.144444,,,
DATA,63.4,1.25576019,0.6399999,-4.7750535,0.0,4.70661,0.0,1.39547586,-0.160000086,-3.23674345,0.0,5.09879255,0.0,1.25576019,0.6399999,-4.7750535,0.0,4.70661,0.0,1.25576019,0.6399999,-4.7750535,0.0,4.70661,0.0,-1.0,0.0,0.0,0.0,0.0,0.0,0.0,2,1,3,20,7,9.78834152,36.35653,Tina Aminipour,4890,2026-09-18T13:49:22.197464,,,
DATA,63.452,1.389216,0.6399999,-4.79156876,0.0,-0.1618042,0.0,1.39547586,-0.160000086,-3.23674345,0.0,0.158124924,0.0,1.389216,0.6399999,-4.79156876,0.0,-0.1618042,0.0,1.389216,0.6399999,-4.79156876,0.0,-0.1618042,0.0,-1.0,0.0,0.0,0.0,0.0,0.0,0.0,2,1,3,20,7,9.842033,36.4102173,Tina Aminipour,4890,2026-09-18T13:49:22.245486,,,
DATA,63.499,1.49839211,0.6399999,-4.78048372,0.0,-4.274597,0.0,1.39547586,-0.160000086,-3.23674345,0.0,-3.900299,0.0,1.49839211,0.6399999,-4.78048372,0.0,-4.274597,0.0,1.49839211,0.6399999,-4.78048372,0.0,-4.274597,0.0,-1.0,0.0,0.0,0.0,0.0,0.0,0.0,2,1,3,20,7,9.888031,36.4562149,Tina Aminipour,4890,2026-09-18T13:49:22.290949,,,
DATA,63.55,1.62458181,0.6399999,-4.773157,0.0,-8.886475,0.0,1.39547586,-0.160000086,-3.23674345,0.0,-8.556366,0.0,1.62458181,0.6399999,-4.773157,0.0,-8.886475,0.0,1.62458181,0.6399999,-4.773157,0.0,-8.886475,0.0,-1.0,0.0,0.0,0.0,0.0,0.0,0.0,2,1,3,20,7,9.93903,36.5072174,Tina Aminipour,4890,2026-09-18T13:49:22.348942,,,
DATA,63.598,1.73734188,0.6399999,-4.74564934,0.0,-13.22644,0.0,1.39547586,-0.160000086,-3.23674345,0.0,-12.85199,0.0,1.73734188,0.6399999,-4.74564934,0.0,-13.22644,0.0,1.73734188,0.6399999,-4.74564934,0.0,-13.22644,0.0,-1.0,0.0,0.0,0.0,0.0,0.0,0.0,2,1,3,20,7,9.987499,36.555687,Tina Aminipour,4890,2026-09-18T13:49:22.395356,,,
DATA,63.653,1.85785484,0.6399999,-4.704741,0.0,-18.0155334,0.0,1.39547586,-0.160000086,-3.23674345,0.0,-17.5840454,0.0,1.85785484,0.6399999,-4.704741,0.0,-18.0155334,0.0,1.85785484,0.6399999,-4.704741,0.0,-18.0155334,0.0,-1.0,0.0,1.0,0.0,0.0,0.0,0.0,2,1,3,20,7,10.0410271,36.6092148,Tina Aminipour,4890,2026-09-18T13:49:22.444438,,,
DATA,63.7,1.95382261,0.6399999,-4.67735147,0.0,-22.5013733,0.0,1.36712372,-0.160000086,-3.2347362,0.0,-22.19928,0.0,1.95382261,0.6399999,-4.67735147,0.0,-22.5013733,0.0,1.95382261,0.6399999,-4.67735147,0.0,-22.5013733,0.0,-1.0,0.0,1.0,0.0,0.0,0.0,0.0,2,1,3,20,7,10.0901527,36.65834,Tina Aminipour,4890,2026-09-18T13:49:22.494123,,,
DATA,63.751,2.04660988,0.6399999,-4.63020229,0.0,-26.9095154,0.0,1.35300958,-0.160000086,-3.23961973,0.0,-26.583374,0.0,2.04660988,0.6399999,-4.63020229,0.0,-26.9095154,0.0,2.04660988,0.6399999,-4.63020229,0.0,-26.9095154,0.0,-1.0,0.0,1.0,0.0,0.0,0.0,0.0,2,1,3,20,7,10.1392632,36.70745,Tina Aminipour,4890,2026-09-18T13:49:22.543003,,,
DATA,63.802,2.118384,0.6399999,-4.568558,0.0,-31.5245972,0.0,1.32574522,-0.160000086,-3.24905348,0.0,-31.09436,0.0,2.118384,0.6399999,-4.568558,0.0,-31.5245972,0.0,2.118384,0.6399999,-4.568558,0.0,-31.5245972,0.0,-1.0,0.0,1.0,0.0,0.0,0.0,0.0,2,1,3,20,7,10.19112,36.7593079,Tina Aminipour,4890,2026-09-18T13:49:22.595100,,,
DATA,63.849,2.188284,0.6399999,-4.530673,0.0,-35.7922668,0.0,1.2866888,-0.160000086,-3.26248169,0.0,-35.48065,0.0,2.188284,0.6399999,-4.530673,0.0,-35.7922668,0.0,2.188284,0.6399999,-4.530673,0.0,-35.7922668,0.0,-1.0,0.0,1.0,0.0,0.0,0.0,0.0,2,1,3,20,7,10.2378807,36.80607,Tina Aminipour,4890,2026-09-18T13:49:22.641019,,,
DATA,63.901,2.20770955,0.6399999,-4.46632957,0.0,-40.4726868,0.0,1.20576155,-0.160000086,-3.27602673,0.0,-40.1600342,0.0,2.20770955,0.6399999,-4.46632957,0.0,-40.4726868,0.0,2.20770955,0.6399999,-4.46632957,0.0,-40.4726868,0.0,-1.0,0.0,1.0,0.0,0.0,0.0,0.0,2,1,3,20,7,10.28989,36.858078,Tina Aminipour,4890,2026-09-18T13:49:22.693530,,,
DATA,63.954,2.15780354,0.6399999,-4.35538673,0.0,-45.1528625,0.0,1.069979,-0.160000086,-3.25569987,0.0,-44.7761536,0.0,2.15780354,0.6399999,-4.35538673,0.0,-45.1528625,0.0,2.15780354,0.6399999,-4.35538673,0.0,-45.1528625,0.0,-1.0,0.0,1.0,0.0,0.0,0.0,0.0,2,1,3,20,7,10.342247,36.91043,Tina Aminipour,4890,2026-09-18T13:49:22.745464,,,
DATA,64.003,2.09934378,0.6399999,-4.233747,0.0,-49.64441,0.0,0.9199374,-0.160000086,-3.2180872,0.0,-49.3359375,0.0,2.09934378,0.6399999,-4.233747,0.0,-49.64441,0.0,2.09934378,0.6399999,-4.233747,0.0,-49.64441,0.0,-1.0,0.0,1.0,0.0,0.0,0.0,0.0,2,1,3,20,7,10.391777,36.95996,Tina Aminipour,4890,2026-09-18T13:49:22.795078,,,
DATA,64.05,2.03086233,0.6399999,-4.05637169,0.0,-53.8055725,0.0,0.78922987,-0.160000086,-3.13253975,0.0,-53.43445,0.0,2.03086233,0.6399999,-4.05637169,0.0,-53.8055725,0.0,2.03086233,0.6399999,-4.05637169,0.0,-53.8055725,0.0,-1.0,0.0,1.0,0.0,0.0,0.0,0.0,2,1,3,20,7,10.4383583,37.006546,Tina Aminipour,4890,2026-09-18T13:49:22.841670,,,
DATA,64.098,1.95960736,0.64,-3.86217785,0.0,-58.19568,0.0,0.6480914,-0.160000026,-3.03514719,0.0,-57.84503,0.0,1.95960736,0.64,-3.86217785,0.0,-58.19568,0.0,1.95960736,0.64,-3.86217785,0.0,-58.19568,0.0,-1.0,0.0,1.0,0.0,0.0,0.0,0.0,2,1,3,20,7,10.4870262,37.0552139,Tina Aminipour,4890,2026-09-18T13:49:22.890291,,,
DATA,64.153,1.92447066,0.640000045,-3.73992443,0.0,-60.556488,0.0,0.483574033,-0.159999967,-2.939917,0.0,-60.8970642,0.0,1.92447066,0.640000045,-3.73992443,0.0,-60.556488,0.0,1.92447066,0.640000045,-3.73992443,0.0,-60.556488,0.0,1.0,0.0,1.0,0.0,0.0,0.0,0.0,2,1,3,20,7,10.5411835,37.1093674,Tina Aminipour,4890,2026-09-18T13:49:22.944512,,,
DATA,64.201,1.70311832,0.64,-3.75614119,0.0,-56.1503,0.0,0.3351077,-0.160000026,-2.85042167,0.0,-56.4382935,0.0,1.70311832,0.64,-3.75614119,0.0,-56.1503,0.0,1.70311832,0.64,-3.75614119,0.0,-56.1503,0.0,1.0,0.0,1.0,0.0,0.0,0.0,0.0,2,1,3,20,7,10.5898476,37.1580353,Tina Aminipour,4890,2026-09-18T13:49:22.997894,,,
DATA,64.249,1.50477743,0.64,-3.76354456,0.0,-51.87146,0.0,0.201227963,-0.160000026,-2.75514054,0.0,-52.211853,0.0,1.50477743,0.64,-3.76354456,0.0,-51.87146,0.0,1.50477743,0.64,-3.76354456,0.0,-51.87146,0.0,1.0,0.0,1.0,0.0,0.0,0.0,0.0,2,1,3,20,7,10.63768,37.205864,Tina Aminipour,4890,2026-09-18T13:49:23.046303,,,
DATA,64.3,1.27045012,0.640000045,-3.74453926,0.0,-47.2026062,0.0,0.0603484847,-0.159999967,-2.637291,0.0,-47.48752,0.0,1.27045012,0.640000045,-3.74453926,0.0,-47.2026062,0.0,1.27045012,0.640000045,-3.74453926,0.0,-47.2026062,0.0,1.0,0.0,1.0,0.0,0.0,0.0,0.0,2,1,3,20,7,10.6892509,37.25744,Tina Aminipour,4890,2026-09-18T13:49:23.097493,,,
DATA,64.353,1.04512548,0.64,-3.71064043,0.0,-42.5256958,0.0,-0.06936954,-0.160000026,-2.50927687,0.0,-42.7998352,0.0,1.04512548,0.64,-3.71064043,0.0,-42.5256958,0.0,1.04512548,0.64,-3.71064043,0.0,-42.5256958,0.0,1.0,0.0,1.0,0.0,0.0,0.0,0.0,2,1,3,20,7,10.7411537,37.30934,Tina Aminipour,4890,2026-09-18T13:49:23.148957,,,
DATA,64.399,0.850832462,0.64,-3.66859341,0.0,-38.33435,0.0,-0.17557168,-0.160000026,-2.38688445,0.0,-38.63205,0.0,0.850832462,0.64,-3.66859341,0.0,-38.33435,0.0,0.850832462,0.64,-3.66859341,0.0,-38.33435,0.0,1.0,0.0,1.0,0.0,0.0,0.0,0.0,2,1,3,20,7,10.7878571,37.35604,Tina Aminipour,4890,2026-09-18T13:49:23.195806,,,
DATA,64.452,0.6340871,0.640000045,-3.60301685,0.0,-33.60092,0.0,-0.2847027,-0.159999967,-2.23945856,0.0,-33.9141235,0.0,0.6340871,0.640000045,-3.60301685,0.0,-33.60092,0.0,0.6340871,0.640000045,-3.60301685,0.0,-33.60092,0.0,1.0,0.0,1.0,0.0,0.0,0.0,0.0,2,1,3,20,7,10.840538,37.4087219,Tina Aminipour,4890,2026-09-18T13:49:23.243928,,,
DATA,64.499,0.440350056,0.6783515,-3.525226,0.0,-29.3226624,0.0,-0.3730965,-0.12164849,-2.09806013,0.0,-29.6251526,0.0,0.440350056,0.6783515,-3.525226,0.0,-29.3226624,0.0,0.440350056,0.6783515,-3.525226,0.0,-29.3226624,0.0,1.0,0.0,1.0,0.0,0.0,0.0,0.0,2,1,3,20,7,10.8880119,37.4562,Tina Aminipour,4890,2026-09-18T13:49:23.290916,,,
DATA,64.551,0.233264446,0.7177809,-3.42240024,0.0,-24.5794067,0.0,-0.45840475,-0.0822191238,-1.93409574,0.0,-24.8710327,0.0,0.233264446,0.7177809,-3.42240024,0.0,-24.5794067,0.0,0.233264446,0.7177809,-3.42240024,0.0,-24.5794067,0.0,1.0,0.0,1.0,0.0,0.0,0.0,0.0,2,1,3,20,7,10.9406548,37.5088425,Tina Aminipour,4890,2026-09-18T13:49:23.349362,,,
DATA,64.598,0.06673288,0.703636646,-3.33033919,0.0,-20.4261475,0.0,-0.520719349,-0.0963633657,-1.7879107,0.0,-20.7838745,0.0,0.06673288,0.703636646,-3.33033919,0.0,-20.4261475,0.0,0.06673288,0.703636646,-3.33033919,0.0,-20.4261475,0.0,1.0,0.0,1.0,0.0,0.0,0.0,0.0,2,1,3,20,7,10.9871712,37.55536,Tina Aminipour,4890,2026-09-18T13:49:23.395986,,,
DATA,64.65,-0.125738144,0.64,-3.189505,0.0,-15.716217,0.0,-0.580027163,-0.160000026,-1.61206627,0.0,-16.010498,0.0,-0.125738144,0.64,-3.189505,0.0,-15.716217,0.0,-0.125738144,0.64,-3.189505,0.0,-15.716217,0.0,1.0,0.0,1.0,0.0,0.0,0.0,0.0,2,1,3,20,7,11.03915,37.607338,Tina Aminipour,4890,2026-09-18T13:49:23.448521,,,
DATA,64.699,-0.286278725,0.64,-3.06060743,0.0,-11.3401489,0.0,-0.6210852,-0.160000026,-1.4483912,0.0,-11.6702881,0.0,-0.286278725,0.64,-3.06060743,0.0,-11.3401489,0.0,-0.286278725,0.64,-3.06060743,0.0,-11.3401489,0.0,1.0,0.0,1.0,0.0,0.0,0.0,0.0,2,1,3,20,7,11.0879707,37.65616,Tina Aminipour,4890,2026-09-18T13:49:23.490996,,,
DATA,64.749,-0.445049763,0.640000045,-2.905861,0.0,-6.80905151,0.0,-0.650716364,-0.159999967,-1.27417338,0.0,-7.12490845,0.0,-0.445049763,0.640000045,-2.905861,0.0,-6.80905151,0.0,-0.445049763,0.640000045,-2.905861,0.0,-6.80905151,0.0,1.0,0.0,1.0,0.0,0.0,0.0,0.0,2,1,3,20,7,11.138237,37.70642,Tina Aminipour,4890,2026-09-18T13:49:23.547544,,,
DATA,64.801,-0.5914116,0.64,-2.74882627,0.0,-2.14962769,0.0,-0.666551,-0.160000026,-1.09636152,0.0,-2.53326416,0.0,-0.5914116,0.64,-2.74882627,0.0,-2.14962769,0.0,-0.5914116,0.64,-2.74882627,0.0,-2.14962769,0.0,1.0,0.0,1.0,0.0,0.0,0.0,0.0,2,1,3,20,7,11.1903877,37.7585754,Tina Aminipour,4890,2026-09-18T13:49:23.598468,,,
DATA,64.853,-0.7305403,0.6399999,-2.598692,0.0,2.5138092,0.0,-0.6689726,-0.160000086,-0.956195056,0.0,2.204668,0.0,-0.7305403,0.6399999,-2.598692,0.0,2.5138092,0.0,-0.7305403,0.6399999,-2.598692,0.0,2.5138092,0.0,1.0,0.0,0.0,0.0,0.0,0.0,0.0,2,1,3,20,7,11.241787,37.8099747,Tina Aminipour,4890,2026-09-18T13:49:23.650097,,,
DATA,64.9,-0.852376,0.6399999,-2.59020233,0.0,6.776401,0.0,-0.6689726,-0.160000086,-0.956195056,0.0,6.46288347,0.0,-0.852376,0.6399999,-2.59020233,0.0,6.776401,0.0,-0.852376,0.6399999,-2.59020233,0.0,6.776401,0.0,1.0,0.0,0.0,0.0,0.0,0.0,0.0,2,1,3,20,7,11.2891769,37.85736,Tina Aminipour,4890,2026-09-18T13:49:23.697533,,,
DATA,64.949,-0.9760494,0.6399999,-2.56945562,0.0,11.132391,0.0,-0.6689726,-0.160000086,-0.956195056,0.0,10.8333349,0.0,-0.9760494,0.6399999,-2.56945562,0.0,11.132391,0.0,-0.9760494,0.6399999,-2.56945562,0.0,11.132391,0.0,1.0,0.0,0.0,0.0,0.0,0.0,0.0,2,1,3,20,7,11.3374939,37.9056778,Tina Aminipour,4890,2026-09-18T13:49:23.741052,,,
DATA,64.998,-1.10186434,0.6399999,-2.54758048,0.0,15.63057,0.0,-0.6689726,-0.160000086,-0.956195056,0.0,15.282033,0.0,-1.10186434,0.6399999,-2.54758048,0.0,15.63057,0.0,-1.10186434,0.6399999,-2.54758048,0.0,15.63057,0.0,1.0,0.0,1.0,0.0,0.0,0.0,0.0,2,1,3,20,7,11.3877487,37.9559326,Tina Aminipour,4890,2026-09-18T13:49:23.795588,,,
DATA,65.049,-1.17421341,0.64,-2.33993,0.0,20.17974,0.0,-0.6164146,-0.160000026,-0.787444532,0.0,19.8281021,0.0,-1.17421341,0.64,-2.33993,0.0,20.17974,0.0,-1.17421341,0.64,-2.33993,0.0,20.17974,0.0,1.0,0.0,1.0,0.0,0.0,0.0,0.0,2,1,3,20,7,11.4383125,38.0065,Tina Aminipour,4890,2026-09-18T13:49:23.841966,,,
DATA,65.098,-1.22764015,0.64,-2.12452,0.0,24.6556263,0.0,-0.551248968,-0.160000026,-0.624773562,0.0,24.33538,0.0,-1.22764015,0.64,-2.12452,0.0,24.6556263,0.0,-1.22764015,0.64,-2.12452,0.0,24.6556263,0.0,1.0,0.0,1.0,0.0,0.0,0.0,0.0,2,1,3,20,7,11.4878693,38.0560532,Tina Aminipour,4890,2026-09-18T13:49:23.896982,,,
DATA,65.148,-1.26569748,0.6399999,-1.91386509,0.0,29.1035385,0.0,-0.474739879,-0.160000086,-0.4700198,0.0,28.7756348,0.0,-1.26569748,0.6399999,-1.91386509,0.0,29.1035385,0.0,-1.26569748,0.6399999,-1.91386509,0.0,29.1035385,0.0,1.0,0.0,1.0,0.0,0.0,0.0,0.0,2,1,3,20,7,11.5373344,38.1055222,Tina Aminipour,4890,2026-09-18T13:49:23.941122,,,
DATA,65.202,-1.28559351,0.6399999,-1.67362571,0.0,33.9658661,0.0,-0.376839638,-0.160000086,-0.3067389,0.0,33.67261,0.0,-1.28559351,0.6399999,-1.67362571,0.0,33.9658661,0.0,-1.28559351,0.6399999,-1.67362571,0.0,33.9658661,0.0,1.0,0.0,1.0,0.0,0.0,0.0,0.0,2,1,3,20,7,11.5911674,38.1593552,Tina Aminipour,4890,2026-09-18T13:49:24.000613,,,
DATA,65.252,-1.29409266,0.6399999,-1.46691632,0.0,38.4822655,0.0,-0.276144236,-0.160000086,-0.166323125,0.0,38.1168747,0.0,-1.29409266,0.6399999,-1.46691632,0.0,38.4822655,0.0,-1.29409266,0.6399999,-1.46691632,0.0,38.4822655,0.0,1.0,0.0,1.0,0.0,0.0,0.0,0.0,2,1,3,20,7,11.64175,38.209938,Tina Aminipour,4890,2026-09-18T13:49:24.050200,,,
DATA,65.303,-1.2737174,0.6399999,-1.2380867,0.0,42.9983826,0.0,-0.161254957,-0.160000086,-0.0301370043,0.0,42.69973,0.0,-1.2737174,0.6399999,-1.2380867,0.0,42.9983826,0.0,-1.2737174,0.6399999,-1.2380867,0.0,42.9983826,0.0,1.0,0.0,1.0,0.0,0.0,0.0,0.0,2,1,3,20,7,11.6915588,38.2597427,Tina Aminipour,4890,2026-09-18T13:49:24.094261,,,
DATA,65.35,-1.24749422,0.64,-1.04000378,0.0,47.22052,0.0,-0.046894595,-0.160000026,0.08612388,0.0,46.89412,0.0,-1.24749422,0.64,-1.04000378,0.0,47.22052,0.0,-1.24749422,0.64,-1.04000378,0.0,47.22052,0.0,1.0,0.0,1.0,0.0,0.0,0.0,0.0,2,1,3,20,7,11.7386246,38.30681,Tina Aminipour,4890,2026-09-18T13:49:24.148026,,,
DATA,65.403,-1.20682287,0.640000045,-0.8282552,0.0,51.92078,0.0,0.0887155458,-0.159999967,0.204234868,0.0,51.51966,0.0,-1.20682287,0.640000045,-0.8282552,0.0,51.92078,0.0,-1.20682287,0.640000045,-0.8282552,0.0,51.92078,0.0,1.0,0.0,1.0,0.0,0.0,0.0,0.0,2,1,3,20,7,11.7912674,38.35945,Tina Aminipour,4890,2026-09-18T13:49:24.194192,,,
DATA,65.449,-1.13831282,0.64,-0.623913765,0.0,56.1071167,0.0,0.221716538,-0.160000026,0.3030947,0.0,55.7819557,0.0,-1.13831282,0.64,-0.623913765,0.0,56.1071167,0.0,-1.13831282,0.64,-0.623913765,0.0,56.1071167,0.0,1.0,0.0,1.0,0.0,0.0,0.0,0.0,2,1,3,20,7,11.83736,38.40555,Tina Aminipour,4890,2026-09-18T13:49:24.246918,,,
DATA,65.502,-1.052814,0.64,-0.40672493,0.0,60.9371529,0.0,0.380739063,-0.160000026,0.402754217,0.0,60.60918,0.0,-1.052814,0.64,-0.40672493,0.0,60.9371529,0.0,-1.052814,0.64,-0.40672493,0.0,60.9371529,0.0,1.0,0.0,1.0,0.0,0.0,0.0,0.0,2,1,3,20,7,11.8910408,38.45923,Tina Aminipour,4890,2026-09-18T13:49:24.294481,,,
DATA,65.548,-0.9655528,0.640000045,-0.2266159,0.0,65.09553,0.0,0.523786545,-0.159999967,0.4774685,0.0,64.759964,0.0,-0.9655528,0.640000045,-0.2266159,0.0,65.09553,0.0,-0.9655528,0.640000045,-0.2266159,0.0,65.09553,0.0,1.0,0.0,1.0,0.0,0.0,0.0,0.0,2,1,3,20,7,11.9372864,38.50547,Tina Aminipour,4890,2026-09-18T13:49:24.347067,,,
DATA,65.602,-0.8413563,0.64,-0.0215773582,0.0,69.93254,0.0,0.6979896,-0.160000026,0.551698565,0.0,69.63063,0.0,-0.8413563,0.64,-0.0215773582,0.0,69.93254,0.0,-0.8413563,0.64,-0.0215773582,0.0,69.93254,0.0,1.0,0.0,1.0,0.0,0.0,0.0,0.0,2,1,3,20,7,11.9908447,38.55903,Tina Aminipour,4890,2026-09-18T13:49:24.394118,,,
DATA,65.649,-0.7270956,0.640000045,0.14248848,0.0,74.10102,0.0,0.8512315,-0.159999967,0.603140235,0.0,73.78815,0.0,-0.7270956,0.640000045,0.14248848,0.0,74.10102,0.0,-0.7270956,0.640000045,0.14248848,0.0,74.10102,0.0,1.0,0.0,1.0,0.0,0.0,0.0,0.0,2,1,3,20,7,12.0372238,38.6054077,Tina Aminipour,4890,2026-09-18T13:49:24.446038,,,
DATA,65.698,-0.589834452,0.639999866,0.3096876,0.0,78.57582,0.0,1.01981592,-0.160000145,0.645883858,0.0,78.26147,0.0,-0.589834452,0.639999866,0.3096876,0.0,78.57582,0.0,-0.589834452,0.639999866,0.3096876,0.0,78.57582,0.0,1.0,0.0,1.0,0.0,0.0,0.0,0.0,2,1,3,20,7,12.0869522,38.6551361,Tina Aminipour,4890,2026-09-18T13:49:24.490484,,,
DATA,65.753,-0.3809309,0.64,0.470063746,0.0,82.5590439,0.0,1.20559537,-0.160000026,0.677270532,0.0,82.5590439,0.0,-0.3809309,0.64,0.470063746,0.0,82.5590439,0.0,-0.3809309,0.64,0.470063746,0.0,82.5590439,0.0,0.0,0.0,1.0,0.0,0.0,0.0,0.0,2,1,3,20,7,12.1418762,38.71006,Tina Aminipour,4890,2026-09-18T13:49:24.544999,,,
DATA,65.802,-0.206507564,0.6399999,0.492844164,0.0,82.5590439,0.0,1.38001871,-0.160000086,0.70005095,0.0,82.5590439,0.0,-0.206507564,0.6399999,0.492844164,0.0,82.5590439,0.0,-0.206507564,0.6399999,0.492844164,0.0,82.5590439,0.0,0.0,0.0,1.0,0.0,0.0,0.0,0.0,2,1,3,20,7,12.190567,38.75875,Tina Aminipour,4890,2026-09-18T13:49:24.593879,,,
DATA,65.849,-0.0430401564,0.64,0.514193654,0.0,82.5590439,0.0,1.54348612,-0.160000026,0.72140044,0.0,82.5590439,0.0,-0.0430401564,0.64,0.514193654,0.0,82.5590439,0.0,-0.0430401564,0.64,0.514193654,0.0,82.5590439,0.0,0.0,0.0,1.0,0.0,0.0,0.0,0.0,2,1,3,20,7,12.2379646,38.8061523,Tina Aminipour,4890,2026-09-18T13:49:24.646494,,,
DATA,65.903,0.143473864,0.64,0.5385531,0.0,82.5590439,0.0,1.73000014,-0.160000026,0.7457599,0.0,82.5590439,0.0,0.143473864,0.64,0.5385531,0.0,82.5590439,0.0,0.143473864,0.64,0.5385531,0.0,82.5590439,0.0,0.0,0.0,1.0,0.0,0.0,0.0,0.0,2,1,3,20,7,12.2919426,38.86013,Tina Aminipour,4890,2026-09-18T13:49:24.700939,,,
DATA,65.952,0.311098218,0.640000045,0.560445547,0.0,82.5590439,0.0,1.89762449,-0.159999967,0.767652333,0.0,82.5590439,0.0,0.311098218,0.640000045,0.560445547,0.0,82.5590439,0.0,0.311098218,0.640000045,0.560445547,0.0,82.5590439,0.0,0.0,0.0,1.0,0.0,0.0,0.0,0.0,2,1,3,20,7,12.3399429,38.9081268,Tina Aminipour,4890,2026-09-18T13:49:24.743650,,,
DATA,65.999,0.39926517,0.64,0.627907753,0.0,85.03974,0.0,2.05561066,-0.160000026,0.7872386,0.0,84.58656,0.0,0.39926517,0.64,0.627907753,0.0,85.03974,0.0,0.39926517,0.64,0.627907753,0.0,85.03974,0.0,1.0,0.0,1.0,0.0,0.0,0.0,0.0,2,1,3,20,7,12.3880005,38.9561844,Tina Aminipour,4890,2026-09-18T13:49:24.790688,,,
DATA,66.05,0.593322456,0.6399999,0.7760267,0.0,89.62108,0.0,2.238542,-0.160000086,0.7978571,0.0,89.29979,0.0,0.593322456,0.6399999,0.7760267,0.0,89.62108,0.0,0.593322456,0.6399999,0.7760267,0.0,89.62108,0.0,1.0,0.0,1.0,0.0,0.0,0.0,0.0,2,1,3,20,7,12.4381714,39.0063553,Tina Aminipour,4890,2026-09-18T13:49:24.847276,,,
DATA,66.099,0.769342959,0.64,0.900371552,0.0,94.0947342,0.0,2.41217828,-0.160000026,0.793964565,0.0,93.76698,0.0,0.769342959,0.64,0.900371552,0.0,94.0947342,0.0,0.769342959,0.64,0.900371552,0.0,94.0947342,0.0,1.0,0.0,1.0,0.0,0.0,0.0,0.0,2,1,3,20,7,12.487915,39.0561,Tina Aminipour,4890,2026-09-18T13:49:24.895859,,,
DATA,66.151,0.972565353,0.64,1.01631927,0.0,98.80119,0.0,2.59565139,-0.160000026,0.7750026,0.0,98.51134,0.0,0.972565353,0.64,1.01631927,0.0,98.80119,0.0,0.972565353,0.64,1.01631927,0.0,98.80119,0.0,1.0,0.0,1.0,0.0,0.0,0.0,0.0,2,1,3,20,7,12.5399971,39.1081848,Tina Aminipour,4890,2026-09-18T13:49:24.943875,,,
DATA,66.2,1.20183861,0.64,1.10037637,0.0,102.855011,0.0,2.76173639,-0.160000026,0.7444006,0.0,102.855011,0.0,1.20183861,0.64,1.10037637,0.0,102.855011,0.0,1.20183861,0.64,1.10037637,0.0,102.855011,0.0,0.0,0.0,1.0,0.0,0.0,0.0,0.0,2,1,3,20,7,12.5892944,39.15748,Tina Aminipour,4890,2026-09-18T13:49:24.998438,,,
DATA,66.249,1.37106526,0.64,1.061758,0.0,102.855011,0.0,2.930963,-0.160000026,0.7057823,0.0,102.855011,0.0,1.37106526,0.64,1.061758,0.0,102.855011,0.0,1.37106526,0.64,1.061758,0.0,102.855011,0.0,0.0,0.0,1.0,0.0,0.0,0.0,0.0,2,1,3,20,7,12.6381035,39.20629,Tina Aminipour,4890,2026-09-18T13:49:25.046494,,,
DATA,66.3,1.54664457,0.640000045,1.02169,0.0,102.855011,0.0,3.10654235,-0.159999967,0.6657143,0.0,102.855011,0.0,1.54664457,0.640000045,1.02169,0.0,102.855011,0.0,1.54664457,0.640000045,1.02169,0.0,102.855011,0.0,0.0,0.0,1.0,0.0,0.0,0.0,0.0,2,1,3,20,7,12.6893005,39.2574844,Tina Aminipour,4890,2026-09-18T13:49:25.098128,,,
DATA,66.349,1.70773685,0.64,0.984928,0.0,102.855011,0.0,3.26763463,-0.160000026,0.6289523,0.0,102.855011,0.0,1.70773685,0.64,0.984928,0.0,102.855011,0.0,1.70773685,0.64,0.984928,0.0,102.855011,0.0,0.0,0.0,1.0,0.0,0.0,0.0,0.0,2,1,3,20,7,12.7374,39.3055878,Tina Aminipour,4890,2026-09-18T13:49:25.146625,,,
DATA,66.405,1.89460266,0.64,0.9422844,0.0,102.855011,0.0,3.45450044,-0.160000026,0.5863087,0.0,102.855011,0.0,1.89460266,0.64,0.9422844,0.0,102.855011,0.0,1.89460266,0.64,0.9422844,0.0,102.855011,0.0,0.0,0.0,1.0,0.0,0.0,0.0,0.0,2,1,3,20,7,12.7932472,39.3614349,Tina Aminipour,4890,2026-09-18T13:49:25.201769,,,
DATA,66.451,2.061862,0.64,0.90411514,0.0,102.855011,0.0,3.62175965,-0.160000026,0.548139453,0.0,102.855011,0.0,2.061862,0.64,0.90411514,0.0,102.855011,0.0,2.061862,0.64,0.90411514,0.0,102.855011,0.0,0.0,0.0,1.0,0.0,0.0,0.0,0.0,2,1,3,20,7,12.8403893,39.408577,Tina Aminipour,4890,2026-09-18T13:49:25.248312,,,
DATA,66.499,2.222022,0.640000045,0.86756593,0.0,102.855011,0.0,3.78191972,-0.159999967,0.511590242,0.0,102.855011,0.0,2.222022,0.640000045,0.86756593,0.0,102.855011,0.0,2.222022,0.640000045,0.86756593,0.0,102.855011,0.0,0.0,0.0,1.0,0.0,0.0,0.0,0.0,2,1,3,20,7,12.8873711,39.45556,Tina Aminipour,4890,2026-09-18T13:49:25.296247,,,
DATA,66.549,2.3961587,0.64,0.8278271,0.0,102.855011,0.0,3.95605659,-0.160000026,0.471851379,0.0,102.855011,0.0,2.3961587,0.64,0.8278271,0.0,102.855011,0.0,2.3961587,0.64,0.8278271,0.0,102.855011,0.0,0.0,0.0,1.0,0.0,0.0,0.0,0.0,2,1,3,20,7,12.9382248,39.50641,Tina Aminipour,4890,2026-09-18T13:49:25.346774,,,
DATA,66.599,2.569285,0.64,0.788318932,0.0,102.855011,0.0,4.129183,-0.160000026,0.432343245,0.0,102.855011,0.0,2.569285,0.64,0.788318932,0.0,102.855011,0.0,2.569285,0.64,0.788318932,0.0,102.855011,0.0,0.0,0.0,1.0,0.0,0.0,0.0,0.0,2,1,3,20,7,12.9890747,39.55726,Tina Aminipour,4890,2026-09-18T13:49:25.397290,,,
DATA,66.649,2.732449,0.640000045,0.751084149,0.0,102.855011,0.0,4.292347,-0.159999967,0.395108461,0.0,102.855011,0.0,2.732449,0.640000045,0.751084149,0.0,102.855011,0.0,2.732449,0.640000045,0.751084149,0.0,102.855011,0.0,0.0,0.0,1.0,0.0,0.0,0.0,0.0,2,1,3,20,7,13.0369263,39.60511,Tina Aminipour,4890,2026-09-18T13:49:25.444834,,,
DATA,66.698,2.89869165,0.64,0.7131468,0.0,102.855011,0.0,4.45858955,-0.160000026,0.357171148,0.0,102.855011,0.0,2.89869165,0.64,0.7131468,0.0,102.855011,0.0,2.89869165,0.64,0.7131468,0.0,102.855011,0.0,0.0,0.0,1.0,0.0,0.0,0.0,0.0,2,1,3,20,7,13.0868378,39.65502,Tina Aminipour,4890,2026-09-18T13:49:25.489971,,,
DATA,66.752,3.08709335,0.64,0.670152664,0.0,102.855011,0.0,4.64699125,-0.160000026,0.314176947,0.0,102.855011,0.0,3.08709335,0.64,0.670152664,0.0,102.855011,0.0,3.08709335,0.64,0.670152664,0.0,102.855011,0.0,0.0,0.0,1.0,0.0,0.0,0.0,0.0,2,1,3,20,7,13.1408768,39.70906,Tina Aminipour,4890,2026-09-18T13:49:25.549051,,,
DATA,66.801,3.27436876,0.640000045,0.5363903,0.0,99.1326141,0.0,4.814242,-0.159999967,0.279547542,0.0,99.40787,0.0,3.27436876,0.640000045,0.5363903,0.0,99.1326141,0.0,3.27436876,0.640000045,0.5363903,0.0,99.1326141,0.0,-1.0,0.0,1.0,0.0,0.0,0.0,0.0,2,1,3,20,7,13.1893158,39.7575,Tina Aminipour,4890,2026-09-18T13:49:25.597447,,,
DATA,66.852,3.43946362,0.64,0.3888178,0.0,94.50182,0.0,4.99198437,-0.160000026,0.256669283,0.0,94.79839,0.0,3.43946362,0.64,0.3888178,0.0,94.50182,0.0,3.43946362,0.64,0.3888178,0.0,94.50182,0.0,-1.0,0.0,1.0,0.0,0.0,0.0,0.0,2,1,3,20,7,13.2408905,39.8090744,Tina Aminipour,4890,2026-09-18T13:49:25.649147,,,
DATA,66.9,3.60064268,0.64,0.2637596,0.0,90.20744,0.0,5.15874863,-0.160000026,0.248247012,0.0,90.503685,0.0,3.60064268,0.64,0.2637596,0.0,90.20744,0.0,3.60064268,0.64,0.2637596,0.0,90.20744,0.0,-1.0,0.0,1.0,0.0,0.0,0.0,0.0,2,1,3,20,7,13.2886047,39.85679,Tina Aminipour,4890,2026-09-18T13:49:25.697083,,,
DATA,66.952,3.78424954,0.64,0.141516685,0.0,85.54586,0.0,5.34047842,-0.160000026,0.253323376,0.0,85.82752,0.0,3.78424954,0.64,0.141516685,0.0,85.54586,0.0,3.78424954,0.64,0.141516685,0.0,85.54586,0.0,-1.0,0.0,1.0,0.0,0.0,0.0,0.0,2,1,3,20,7,13.3403168,39.9085,Tina Aminipour,4890,2026-09-18T13:49:25.749268,,,
DATA,67.002,3.92448664,0.64,0.112562105,0.0,84.3622,0.0,5.516747,-0.160000026,0.26974526,0.0,84.3622,0.0,3.92448664,0.64,0.112562105,0.0,84.3622,0.0,3.92448664,0.64,0.112562105,0.0,84.3622,0.0,0.0,0.0,1.0,0.0,0.0,0.0,0.0,2,1,3,20,7,13.3908081,39.958992,Tina Aminipour,4890,2026-09-18T13:49:25.794358,,,
DATA,67.051,4.09574127,0.64,0.12946786,0.0,84.3622,0.0,5.68800163,-0.160000026,0.286651015,0.0,84.3622,0.0,4.09574127,0.64,0.12946786,0.0,84.3622,0.0,4.09574127,0.64,0.12946786,0.0,84.3622,0.0,0.0,0.0,1.0,0.0,0.0,0.0,0.0,2,1,3,20,7,13.4401855,40.00837,Tina Aminipour,4890,2026-09-18T13:49:25.848931,,,
DATA,67.099,4.26246166,0.6399999,0.145925984,0.0,84.3622,0.0,5.854722,-0.160000086,0.303109139,0.0,84.3622,0.0,4.26246166,0.6399999,0.145925984,0.0,84.3622,0.0,4.26246166,0.6399999,0.145925984,0.0,84.3622,0.0,0.0,0.0,1.0,0.0,0.0,0.0,0.0,2,1,3,20,7,13.4880371,40.05622,Tina Aminipour,4890,2026-09-18T13:49:25.895985,,,
DATA,67.15,4.436205,0.6399999,0.163077429,0.0,84.3622,0.0,6.02846527,-0.160000086,0.320260584,0.0,84.3622,0.0,4.436205,0.6399999,0.163077429,0.0,84.3622,0.0,4.436205,0.6399999,0.163077429,0.0,84.3622,0.0,0.0,0.0,1.0,0.0,0.0,0.0,0.0,2,1,3,20,7,13.5382385,40.1064224,Tina Aminipour,4890,2026-09-18T13:49:25.941284,,,
DATA,67.201,4.6166544,0.64,0.180890873,0.0,84.3622,0.0,6.20891476,-0.160000026,0.338074028,0.0,84.3622,0.0,4.6166544,0.64,0.180890873,0.0,84.3622,0.0,4.6166544,0.64,0.180890873,0.0,84.3622,0.0,0.0,0.0,1.0,0.0,0.0,0.0,0.0,2,1,3,20,7,13.5897369,40.15792,Tina Aminipour,4890,2026-09-18T13:49:25.997972,,,
DATA,67.252,4.79504538,0.6399999,0.198501065,0.0,84.3622,0.0,6.38730574,-0.160000086,0.355684221,0.0,84.3622,0.0,4.79504538,0.6399999,0.198501065,0.0,84.3622,0.0,4.79504538,0.6399999,0.198501065,0.0,84.3622,0.0,0.0,0.0,1.0,0.0,0.0,0.0,0.0,2,1,3,20,7,13.64064,40.2088242,Tina Aminipour,4890,2026-09-18T13:49:26.043994,,,
DATA,67.302,4.91333437,0.64,0.279699326,0.0,87.22378,0.0,6.557653,-0.160000026,0.370758235,0.0,86.89206,0.0,4.91333437,0.64,0.279699326,0.0,87.22378,0.0,4.91333437,0.64,0.279699326,0.0,87.22378,0.0,1.0,0.0,1.0,0.0,0.0,0.0,0.0,2,1,3,20,7,13.6905365,40.25872,Tina Aminipour,4890,2026-09-18T13:49:26.099137,,,
DATA,67.348,5.07465839,0.6399999,0.403846741,0.0,91.4183,0.0,6.720813,-0.160000086,0.3743005,0.0,91.08954,0.0,5.07465839,0.6399999,0.403846741,0.0,91.4183,0.0,5.07465839,0.6399999,0.403846741,0.0,91.4183,0.0,1.0,0.0,1.0,0.0,0.0,0.0,0.0,2,1,3,20,7,13.7371292,40.3053131,Tina Aminipour,4890,2026-09-18T13:49:26.146162,,,
DATA,67.399,5.27132,0.6399999,0.5273962,0.0,96.04512,0.0,6.902394,-0.160000086,0.364169061,0.0,95.76735,0.0,5.27132,0.6399999,0.5273962,0.0,96.04512,0.0,5.27132,0.6399999,0.5273962,0.0,96.04512,0.0,1.0,0.0,1.0,0.0,0.0,0.0,0.0,2,1,3,20,7,13.7882538,40.3564377,Tina Aminipour,4890,2026-09-18T13:49:26.196060,,,
DATA,67.453,5.51190138,0.64,0.6307002,0.0,100.510666,0.0,7.085055,-0.160000026,0.338830441,0.0,100.510666,0.0,5.51190138,0.64,0.6307002,0.0,100.510666,0.0,5.51190138,0.64,0.6307002,0.0,100.510666,0.0,0.0,0.0,1.0,0.0,0.0,0.0,0.0,2,1,3,20,7,13.8417664,40.40995,Tina Aminipour,4890,2026-09-18T13:49:26.250562,,,
DATA,67.498,5.67184448,0.6399999,0.601025641,0.0,100.510666,0.0,7.244998,-0.160000086,0.3091559,0.0,100.510666,0.0,5.67184448,0.6399999,0.601025641,0.0,100.510666,0.0,5.67184448,0.6399999,0.601025641,0.0,100.510666,0.0,0.0,0.0,1.0,0.0,0.0,0.0,0.0,2,1,3,20,7,13.8874664,40.45565,Tina Aminipour,4890,2026-09-18T13:49:26.296062,,,
DATA,67.55,5.84626627,0.64,0.568664849,0.0,100.510666,0.0,7.41942,-0.160000026,0.276795119,0.0,100.510666,0.0,5.84626627,0.64,0.568664849,0.0,100.510666,0.0,5.84626627,0.64,0.568664849,0.0,100.510666,0.0,0.0,0.0,1.0,0.0,0.0,0.0,0.0,2,1,3,20,7,13.93837,40.5065536,Tina Aminipour,4890,2026-09-18T13:49:26.346579,,,
DATA,67.599,6.008392,0.6399999,0.5385855,0.0,100.510666,0.0,7.58154535,-0.160000086,0.246715754,0.0,100.510666,0.0,6.008392,0.6399999,0.5385855,0.0,100.510666,0.0,6.008392,0.6399999,0.5385855,0.0,100.510666,0.0,0.0,0.0,1.0,0.0,0.0,0.0,0.0,2,1,4,20,8,13.9871979,40.55538,Tina Aminipour,4890,2026-09-18T13:49:26.390358,,,
DATA,67.653,6.199274,0.6399999,0.5031707,0.0,100.510666,0.0,7.77242756,-0.160000086,0.211301,0.0,100.510666,0.0,6.199274,0.6399999,0.5031707,0.0,100.510666,0.0,6.199274,0.6399999,0.5031707,0.0,100.510666,0.0,0.0,0.0,1.0,0.0,0.0,0.0,0.0,2,1,4,20,8,14.0411758,40.60936,Tina Aminipour,4890,2026-09-18T13:49:26.450435,,,
DATA,67.7,6.36523151,0.64,0.47238043,0.0,100.510666,0.0,7.938385,-0.160000026,0.1805107,0.0,100.510666,0.0,6.36523151,0.64,0.47238043,0.0,100.510666,0.0,6.36523151,0.64,0.47238043,0.0,100.510666,0.0,0.0,0.0,1.0,0.0,0.0,0.0,0.0,2,1,4,20,8,14.0890961,40.65728,Tina Aminipour,4890,2026-09-18T13:49:26.496964,,,
DATA,67.751,6.53943729,0.6399999,0.440059662,0.0,100.510666,0.0,8.112591,-0.160000086,0.148189947,0.0,100.510666,0.0,6.53943729,0.6399999,0.440059662,0.0,100.510666,0.0,6.53943729,0.6399999,0.440059662,0.0,100.510666,0.0,0.0,0.0,1.0,0.0,0.0,0.0,0.0,2,1,4,20,8,14.1397476,40.70793,Tina Aminipour,4890,2026-09-18T13:49:26.543596,,,
DATA,67.801,6.711794,0.6399999,0.408082157,0.0,100.510666,0.0,8.284947,-0.160000086,0.11621242,0.0,100.510666,0.0,6.711794,0.6399999,0.408082157,0.0,100.510666,0.0,6.711794,0.6399999,0.408082157,0.0,100.510666,0.0,0.0,0.0,1.0,0.0,0.0,0.0,0.0,2,1,4,20,8,14.1898956,40.75808,Tina Aminipour,4890,2026-09-18T13:49:26.598541,,,
DATA,67.849,6.878973,0.64,0.377065122,0.0,100.510666,0.0,8.4521265,-0.160000026,0.0851954,0.0,100.510666,0.0,6.878973,0.64,0.377065122,0.0,100.510666,0.0,6.878973,0.64,0.377065122,0.0,100.510666,0.0,0.0,0.0,1.0,0.0,0.0,0.0,0.0,2,1,4,20,8,14.2380676,40.80625,Tina Aminipour,4890,2026-09-18T13:49:26.645589,,,
DATA,67.898,7.05061054,0.64,0.345220923,0.0,100.510666,0.0,8.623764,-0.160000026,0.0533511937,0.0,100.510666,0.0,7.05061054,0.64,0.345220923,0.0,100.510666,0.0,7.05061054,0.64,0.345220923,0.0,100.510666,0.0,0.0,0.0,1.0,0.0,0.0,0.0,0.0,2,1,4,20,8,14.2879181,40.856102,Tina Aminipour,4890,2026-09-18T13:49:26.695838,,,
DATA,67.948,7.21888447,0.64,0.314000756,0.0,100.510666,0.0,8.792038,-0.160000026,0.0221310165,0.0,100.510666,0.0,7.21888447,0.64,0.314000756,0.0,100.510666,0.0,7.21888447,0.64,0.314000756,0.0,100.510666,0.0,0.0,0.0,1.0,0.0,0.0,0.0,0.0,2,1,4,20,8,14.337265,40.90545,Tina Aminipour,4890,2026-09-18T13:49:26.740833,,,
DATA,68.0,7.397463,0.6397838,0.2808689,0.0,100.510666,0.0,8.970616,-0.160216212,-0.0110008493,0.0,100.510666,0.0,7.397463,0.6397838,0.2808689,0.0,100.510666,0.0,7.397463,0.6397838,0.2808689,0.0,100.510666,0.0,0.0,0.0,1.0,0.0,0.0,0.0,0.0,2,1,4,20,8,14.3892822,40.9574661,Tina Aminipour,4890,2026-09-18T13:49:26.791626,,,
DATA,68.052,7.57490349,0.64,0.2479481,0.0,100.510666,0.0,9.148057,-0.160000026,-0.04392164,0.0,100.510666,0.0,7.57490349,0.64,0.2479481,0.0,100.510666,0.0,7.57490349,0.64,0.2479481,0.0,100.510666,0.0,0.0,0.0,1.0,0.0,0.0,0.0,0.0,2,1,4,20,8,14.4402313,41.0084152,Tina Aminipour,4890,2026-09-18T13:49:26.848300,,,
DATA,68.099,7.73668861,0.6399999,0.217931747,0.0,100.510666,0.0,9.309842,-0.160000086,-0.07393799,0.0,100.510666,0.0,7.73668861,0.6399999,0.217931747,0.0,100.510666,0.0,7.73668861,0.6399999,0.217931747,0.0,100.510666,0.0,0.0,0.0,1.0,0.0,0.0,0.0,0.0,2,1,4,20,8,14.4877853,41.05597,Tina Aminipour,4890,2026-09-18T13:49:26.895371,,,
DATA,68.149,7.90813637,0.6399999,0.186122715,0.0,100.510666,0.0,9.48129,-0.160000086,-0.105747014,0.0,100.510666,0.0,7.90813637,0.6399999,0.186122715,0.0,100.510666,0.0,7.90813637,0.6399999,0.186122715,0.0,100.510666,0.0,0.0,0.0,1.0,0.0,0.0,0.0,0.0,2,1,4,20,8,14.5373,41.105484,Tina Aminipour,4890,2026-09-18T13:49:26.945743,,,
DATA,68.2,8.083101,0.6399999,0.153661236,0.0,100.510666,0.0,9.656255,-0.160000086,-0.1382085,0.0,100.510666,0.0,8.083101,0.6399999,0.153661236,0.0,100.510666,0.0,8.083101,0.6399999,0.153661236,0.0,100.510666,0.0,0.0,0.0,1.0,0.0,0.0,0.0,0.0,2,1,4,20,8,14.5882874,41.15647,Tina Aminipour,4890,2026-09-18T13:49:26.996870,,,
DATA,68.251,8.286883,0.64,0.0193223953,0.0,96.513504,0.0,9.83377552,-0.160000026,-0.16724667,0.0,96.81032,0.0,8.286883,0.64,0.0193223953,0.0,96.513504,0.0,8.286883,0.64,0.0193223953,0.0,96.513504,0.0,-1.0,0.0,1.0,0.0,0.0,0.0,0.0,2,1,4,20,8,14.6398468,41.20803,Tina Aminipour,4890,2026-09-18T13:49:27.047499,,,
DATA,68.302,8.451015,0.6399999,-0.119856358,0.0,91.94995,0.0,10.01162,-0.160000086,-0.182009026,0.0,92.22026,0.0,8.451015,0.6399999,-0.119856358,0.0,91.94995,0.0,8.451015,0.6399999,-0.119856358,0.0,91.94995,0.0,-1.0,0.0,1.0,0.0,0.0,0.0,0.0,2,1,4,20,8,14.6904068,41.25859,Tina Aminipour,4890,2026-09-18T13:49:27.098042,,,
DATA,68.351,8.625007,0.6399999,-0.243237972,0.0,87.45457,0.0,10.1866684,-0.160000086,-0.182605058,0.0,87.71783,0.0,8.625007,0.6399999,-0.243237972,0.0,87.45457,0.0,8.625007,0.6399999,-0.243237972,0.0,87.45457,0.0,-1.0,0.0,1.0,0.0,0.0,0.0,0.0,2,1,4,20,8,14.7403107,41.3084946,Tina Aminipour,4890,2026-09-18T13:49:27.148110,,,
DATA,68.399,8.80087948,0.6399999,-0.345133781,0.0,83.21874,0.0,10.3497868,-0.160000086,-0.170772552,0.0,83.51138,0.0,8.80087948,0.6399999,-0.345133781,0.0,83.21874,0.0,8.80087948,0.6399999,-0.345133781,0.0,83.21874,0.0,-1.0,0.0,1.0,0.0,0.0,0.0,0.0,2,1,4,20,8,14.7875443,41.35573,Tina Aminipour,4890,2026-09-18T13:49:27.195747,,,
DATA,68.449,8.991952,0.6399999,-0.441542149,0.0,78.69409,0.0,10.5243587,-0.160000086,-0.144588247,0.0,78.9709854,0.0,8.991952,0.6399999,-0.441542149,0.0,78.69409,0.0,8.991952,0.6399999,-0.441542149,0.0,78.69409,0.0,-1.0,0.0,1.0,0.0,0.0,0.0,0.0,2,1,4,20,8,14.83773,41.4059143,Tina Aminipour,4890,2026-09-18T13:49:27.246294,,,
DATA,68.499,9.193205,0.6399999,-0.5213952,0.0,74.15233,0.0,10.6959734,-0.160000086,-0.104755707,0.0,74.43956,0.0,9.193205,0.6399999,-0.5213952,0.0,74.15233,0.0,9.193205,0.6399999,-0.5213952,0.0,74.15233,0.0,-1.0,0.0,1.0,0.0,0.0,0.0,0.0,2,1,4,20,8,14.8882523,41.4564362,Tina Aminipour,4890,2026-09-18T13:49:27.290810,,,
DATA,68.552,9.409452,0.6399999,-0.5854192,0.0,69.44969,0.0,10.8689413,-0.160000086,-0.0496844463,0.0,69.770546,0.0,9.409452,0.6399999,-0.5854192,0.0,69.44969,0.0,9.409452,0.6399999,-0.5854192,0.0,69.44969,0.0,-1.0,0.0,1.0,0.0,0.0,0.0,0.0,2,1,4,20,8,14.9406891,41.508873,Tina Aminipour,4890,2026-09-18T13:49:27.349320,,,
DATA,68.599,9.605277,0.6399999,-0.631316662,0.0,65.18979,0.0,11.0230207,-0.160000086,0.0129722338,0.0,65.4924545,0.0,9.605277,0.6399999,-0.631316662,0.0,65.18979,0.0,9.605277,0.6399999,-0.631316662,0.0,65.18979,0.0,-1.0,0.0,1.0,0.0,0.0,0.0,0.0,2,1,4,20,8,14.9879227,41.5561066,Tina Aminipour,4890,2026-09-18T13:49:27.396258,,,
DATA,68.653,9.832268,0.64,-0.663684368,0.0,60.36877,0.0,11.1903486,-0.160000026,0.09701575,0.0,60.6761169,0.0,9.832268,0.64,-0.663684368,0.0,60.36877,0.0,9.832268,0.64,-0.663684368,0.0,60.36877,0.0,-1.0,0.0,1.0,0.0,0.0,0.0,0.0,2,1,4,20,8,15.0415115,41.6096954,Tina Aminipour,4890,2026-09-18T13:49:27.449299,,,
DATA,68.7,10.0342655,0.64,-0.678463,0.0,56.07739,0.0,11.3337069,-0.160000026,0.183972627,0.0,56.3636,0.0,10.0342655,0.64,-0.678463,0.0,56.07739,0.0,10.0342655,0.64,-0.678463,0.0,56.07739,0.0,-1.0,0.0,1.0,0.0,0.0,0.0,0.0,2,1,4,20,8,15.0890732,41.6572571,Tina Aminipour,4890,2026-09-18T13:49:27.497240,,,
DATA,68.752,10.25264,0.64,-0.6750598,0.0,51.48843,0.0,11.4784241,-0.160000026,0.2879558,0.0,51.7800865,0.0,10.25264,0.64,-0.6750598,0.0,51.48843,0.0,10.25264,0.64,-0.6750598,0.0,51.48843,0.0,-1.0,0.0,1.0,0.0,0.0,0.0,0.0,2,1,4,20,8,15.1400986,41.7082825,Tina Aminipour,4890,2026-09-18T13:49:27.548294,,,
DATA,68.798,10.4530029,0.64,-0.653308868,0.0,47.3001442,0.0,11.6018353,-0.160000026,0.391736,0.0,47.6328125,0.0,10.4530029,0.64,-0.653308868,0.0,47.3001442,0.0,10.4530029,0.64,-0.653308868,0.0,47.3001442,0.0,-1.0,0.0,1.0,0.0,0.0,0.0,0.0,2,1,4,20,8,15.1868591,41.755043,Tina Aminipour,4890,2026-09-18T13:49:27.594289,,,
DATA,68.848,10.6633148,0.6399999,-0.6213541,0.0,42.7697144,0.0,11.72876,-0.160000086,0.5159963,0.0,43.06412,0.0,10.6633148,0.6399999,-0.6213541,0.0,42.7697144,0.0,10.6633148,0.6399999,-0.6213541,0.0,42.7697144,0.0,-1.0,0.0,1.0,0.0,0.0,0.0,0.0,2,1,4,20,8,15.2369843,41.80517,Tina Aminipour,4890,2026-09-18T13:49:27.645499,,,
DATA,68.899,10.8752537,0.64,-0.56333065,0.0,38.21563,0.0,11.84369,-0.160000026,0.6479027,0.0,38.5642281,0.0,10.8752537,0.64,-0.56333065,0.0,38.21563,0.0,10.8752537,0.64,-0.56333065,0.0,38.21563,0.0,-1.0,0.0,1.0,0.0,0.0,0.0,0.0,2,1,4,20,8,15.2878876,41.85607,Tina Aminipour,4890,2026-09-18T13:49:27.691405,,,
DATA,68.949,11.0748816,0.64,-0.5015373,0.0,33.73591,0.0,11.9487772,-0.160000026,0.7896627,0.0,34.025425,0.0,11.0748816,0.64,-0.5015373,0.0,33.73591,0.0,11.0748816,0.64,-0.5015373,0.0,33.73591,0.0,-1.0,0.0,1.0,0.0,0.0,0.0,0.0,2,1,4,20,8,15.3373337,41.9055176,Tina Aminipour,4890,2026-09-18T13:49:27.745054,,,
DATA,69.001,11.2856274,0.64,-0.4107206,0.0,28.9120884,0.0,12.0476828,-0.160000026,0.9488087,0.0,29.2057877,0.0,11.2856274,0.64,-0.4107206,0.0,28.9120884,0.0,11.2856274,0.64,-0.4107206,0.0,28.9120884,0.0,-1.0,0.0,1.0,0.0,0.0,0.0,0.0,2,1,4,20,8,15.3909531,41.959137,Tina Aminipour,4890,2026-09-18T13:49:27.799193,,,
DATA,69.049,11.4630623,0.6399999,-0.3059759,0.0,24.729126,0.0,12.120553,-0.160000086,1.08919668,0.0,25.1376476,0.0,11.4630623,0.6399999,-0.3059759,0.0,24.729126,0.0,11.4630623,0.6399999,-0.3059759,0.0,24.729126,0.0,-1.0,0.0,1.0,0.0,0.0,0.0,0.0,2,1,4,20,8,15.4380722,42.0062561,Tina Aminipour,4890,2026-09-18T13:49:27.841625,,,
DATA,69.1,11.6527805,0.639999866,-0.200118542,0.0,19.9727478,0.0,12.1946878,-0.160000145,1.26435018,0.0,20.2453632,0.0,11.6527805,0.639999866,-0.200118542,0.0,19.9727478,0.0,11.6527805,0.639999866,-0.200118542,0.0,19.9727478,0.0,-1.0,0.0,1.0,0.0,0.0,0.0,0.0,2,1,4,20,8,15.4901657,42.05835,Tina Aminipour,4890,2026-09-18T13:49:27.899467,,,
DATA,69.15,11.8198347,0.6399999,-0.0724777,0.0,15.5852108,0.0,12.2479553,-0.160000086,1.42532372,0.0,15.8842659,0.0,11.8198347,0.6399999,-0.0724777,0.0,15.5852108,0.0,11.8198347,0.6399999,-0.0724777,0.0,15.5852108,0.0,-1.0,0.0,1.0,0.0,0.0,0.0,0.0,2,1,4,20,8,15.5390625,42.1072464,Tina Aminipour,4890,2026-09-18T13:49:27.947439,,,
DATA,69.201,11.981699,0.64,0.07471025,0.0,11.0382118,0.0,12.2899637,-0.160000026,1.59525383,0.0,11.3819628,0.0,11.981699,0.64,0.07471025,0.0,11.0382118,0.0,11.981699,0.64,0.07471025,0.0,11.0382118,0.0,-1.0,0.0,1.0,0.0,0.0,0.0,0.0,2,1,4,20,8,15.5898285,42.1580124,Tina Aminipour,4890,2026-09-18T13:49:27.999162,,,
DATA,69.248,12.1252222,0.64,0.213287592,0.0,6.747641,0.0,12.3177748,-0.160000026,1.76240492,0.0,7.023651,0.0,12.1252222,0.64,0.213287592,0.0,6.747641,0.0,12.1252222,0.64,0.213287592,0.0,6.747641,0.0,-1.0,0.0,1.0,0.0,0.0,0.0,0.0,2,1,4,20,8,15.6371307,42.2053146,Tina Aminipour,4890,2026-09-18T13:49:28.045707,,,
DATA,69.298,12.2585526,0.6399999,0.3817265,0.0,2.31954455,0.0,12.3328094,-0.160000086,1.93120587,0.0,2.66485238,0.0,12.2585526,0.6399999,0.3817265,0.0,2.31954455,0.0,12.2585526,0.6399999,0.3817265,0.0,2.31954455,0.0,-1.0,0.0,1.0,0.0,0.0,0.0,0.0,2,1,4,20,8,15.6867142,42.2548981,Tina Aminipour,4890,2026-09-18T13:49:28.094867,,,
DATA,69.351,12.3891068,0.64,0.5681658,0.0,-2.46127319,0.0,12.3344965,-0.160000026,2.11653328,0.0,-2.102295,0.0,12.3891068,0.64,0.5681658,0.0,-2.46127319,0.0,12.3891068,0.64,0.5681658,0.0,-2.46127319,0.0,-1.0,0.0,1.0,0.0,0.0,0.0,0.0,2,1,4,20,8,15.7399139,42.3080978,Tina Aminipour,4890,2026-09-18T13:49:28.148439,,,
DATA,69.4,12.5005322,0.64,0.745337844,0.0,-6.952667,0.0,12.321763,-0.160000026,2.293097,0.0,-6.655487,0.0,12.5005322,0.64,0.745337844,0.0,-6.952667,0.0,12.5005322,0.64,0.745337844,0.0,-6.952667,0.0,-1.0,0.0,1.0,0.0,0.0,0.0,0.0,2,1,4,20,8,15.7894745,42.35766,Tina Aminipour,4890,2026-09-18T13:49:28.198067,,,
DATA,69.447,12.5822372,0.6399999,0.936533451,0.0,-11.1500244,0.0,12.2986012,-0.160000086,2.44940233,0.0,-10.7194824,0.0,12.5822372,0.6399999,0.936533451,0.0,-11.1500244,0.0,12.5822372,0.6399999,0.936533451,0.0,-11.1500244,0.0,-1.0,0.0,1.0,0.0,0.0,0.0,0.0,2,1,4,20,8,15.836853,42.4050369,Tina Aminipour,4890,2026-09-18T13:49:28.245651,,,
DATA,69.499,12.66312,0.64,1.13504922,0.0,-15.6979065,0.0,12.2594852,-0.160000026,2.62236881,0.0,-15.2807617,0.0,12.66312,0.64,1.13504922,0.0,-15.6979065,0.0,12.66312,0.64,1.13504922,0.0,-15.6979065,0.0,-1.0,0.0,1.0,0.0,0.0,0.0,0.0,2,1,4,20,8,15.8873062,42.45549,Tina Aminipour,4890,2026-09-18T13:49:28.290238,,,
DATA,69.548,12.7325935,0.63992995,1.33307981,0.0,-20.23291,0.0,12.2061167,-0.160070062,2.7937417,0.0,-19.89746,0.0,12.7325935,0.63992995,1.33307981,0.0,-20.23291,0.0,12.7325935,0.63992995,1.33307981,0.0,-20.23291,0.0,-1.0,0.0,1.0,0.0,0.0,0.0,0.0,2,1,4,20,8,15.9372406,42.5054245,Tina Aminipour,4890,2026-09-18T13:49:28.345972,,,
DATA,69.598,12.7768755,0.640000045,1.54424524,0.0,-24.7174988,0.0,12.1419544,-0.159999967,2.9539094,0.0,-24.3353271,0.0,12.7768755,0.640000045,1.54424524,0.0,-24.7174988,0.0,12.7768755,0.640000045,1.54424524,0.0,-24.7174988,0.0,-1.0,0.0,1.0,0.0,0.0,0.0,0.0,2,1,4,20,8,15.9873276,42.55551,Tina Aminipour,4890,2026-09-18T13:49:28.396160,,,
DATA,69.651,12.8086548,0.640000045,1.76383352,0.0,-29.39682,0.0,12.06107,-0.159999967,3.11676455,0.0,-29.01239,0.0,12.8086548,0.640000045,1.76383352,0.0,-29.39682,0.0,12.8086548,0.640000045,1.76383352,0.0,-29.39682,0.0,-1.0,0.0,1.0,0.0,0.0,0.0,0.0,2,1,4,20,8,16.0393372,42.60752,Tina Aminipour,4890,2026-09-18T13:49:28.442727,,,
DATA,69.698,12.8241529,0.64,1.96757364,0.0,-33.73755,0.0,11.9739,-0.160000026,3.2623086,0.0,-33.3759155,0.0,12.8241529,0.64,1.96757364,0.0,-33.73755,0.0,12.8241529,0.64,1.96757364,0.0,-33.73755,0.0,-1.0,0.0,1.0,0.0,0.0,0.0,0.0,2,1,4,20,8,16.08744,42.6556244,Tina Aminipour,4890,2026-09-18T13:49:28.496286,,,
DATA,69.752,12.82514,0.64,2.19391775,0.0,-38.56772,0.0,11.8637209,-0.160000026,3.41654754,0.0,-38.2514954,0.0,12.82514,0.64,2.19391775,0.0,-38.56772,0.0,12.82514,0.64,2.19391775,0.0,-38.56772,0.0,-1.0,0.0,1.0,0.0,0.0,0.0,0.0,2,1,4,20,8,16.1408539,42.7090378,Tina Aminipour,4890,2026-09-18T13:49:28.549678,,,
DATA,69.803,12.7915058,0.640000045,2.41364264,0.0,-43.053894,0.0,11.7549067,-0.159999967,3.54555464,0.0,-42.5923157,0.0,12.7915058,0.640000045,2.41364264,0.0,-43.053894,0.0,12.7915058,0.640000045,2.41364264,0.0,-43.053894,0.0,-1.0,0.0,1.0,0.0,0.0,0.0,0.0,2,1,4,20,8,16.1915131,42.759697,Tina Aminipour,4890,2026-09-18T13:49:28.601542,,,
DATA,69.852,12.7595387,0.64,2.62057924,0.0,-47.5491028,0.0,11.630825,-0.160000026,3.67148829,0.0,-47.13965,0.0,12.7595387,0.64,2.62057924,0.0,-47.5491028,0.0,12.7595387,0.64,2.62057924,0.0,-47.5491028,0.0,-1.0,0.0,1.0,0.0,0.0,0.0,0.0,2,1,4,20,8,16.2411652,42.80935,Tina Aminipour,4890,2026-09-18T13:49:28.651234,,,
DATA,69.9,12.7133074,0.640000045,2.81710577,0.0,-51.87097,0.0,11.5025721,-0.159999967,3.78279448,0.0,-51.5074463,0.0,12.7133074,0.640000045,2.81710577,0.0,-51.87097,0.0,12.7133074,0.640000045,2.81710577,0.0,-51.87097,0.0,-1.0,0.0,1.0,0.0,0.0,0.0,0.0,2,1,4,20,8,16.2889328,42.8571167,Tina Aminipour,4890,2026-09-18T13:49:28.697461,,,
DATA,69.953,12.6365891,0.640000045,3.02875972,0.0,-56.5569763,0.0,11.3574886,-0.159999967,3.88989687,0.0,-56.1458435,0.0,12.6365891,0.640000045,3.02875972,0.0,-56.5569763,0.0,12.6365891,0.640000045,3.02875972,0.0,-56.5569763,0.0,-1.0,0.0,1.0,0.0,0.0,0.0,0.0,2,1,4,20,8,16.3412628,42.9094467,Tina Aminipour,4890,2026-09-18T13:49:28.744589,,,
DATA,69.999,12.5673141,0.64,3.21159315,0.0,-60.81198,0.0,11.2137995,-0.160000026,3.97951651,0.0,-60.5015564,0.0,12.5673141,0.64,3.21159315,0.0,-60.81198,0.0,12.5673141,0.64,3.21159315,0.0,-60.81198,0.0,-1.0,0.0,1.0,0.0,0.0,0.0,0.0,2,1,4,20,8,16.3879852,42.95617,Tina Aminipour,4890,2026-09-18T13:49:28.796785,,,
DATA,70.05,12.4637661,0.64,3.40604067,0.0,-65.4307861,0.0,11.0549755,-0.160000026,4.062037,0.0,-65.10516,0.0,12.4637661,0.64,3.40604067,0.0,-65.4307861,0.0,12.4637661,0.64,3.40604067,0.0,-65.4307861,0.0,-1.0,0.0,1.0,0.0,0.0,0.0,0.0,2,1,4,20,8,16.4393845,43.00757,Tina Aminipour,4890,2026-09-18T13:49:28.848096,,,
DATA,70.102,12.3404226,0.6399999,3.59043741,0.0,-70.0209961,0.0,10.8928461,-0.160000086,4.130471,0.0,-69.63156,0.0,12.3404226,0.6399999,3.59043741,0.0,-70.0209961,0.0,12.3404226,0.6399999,3.59043741,0.0,-70.0209961,0.0,-1.0,0.0,1.0,0.0,0.0,0.0,0.0,2,1,4,20,8,16.4907455,43.05893,Tina Aminipour,4890,2026-09-18T13:49:28.899220,,,
DATA,70.153,12.2209978,0.64,3.76533842,0.0,-74.6282043,0.0,10.71868,-0.160000026,4.187992,0.0,-74.3493652,0.0,12.2209978,0.64,3.76533842,0.0,-74.6282043,0.0,12.2209978,0.64,3.76533842,0.0,-74.6282043,0.0,-1.0,0.0,1.0,0.0,0.0,0.0,0.0,2,1,4,20,8,16.54132,43.1095047,Tina Aminipour,4890,2026-09-18T13:49:28.950207,,,
DATA,70.198,12.08507,0.64,3.91299629,0.0,-78.7767944,0.0,10.56418,-0.160000026,4.22612667,0.0,-78.44232,0.0,12.08507,0.64,3.91299629,0.0,-78.7767944,0.0,12.08507,0.64,3.91299629,0.0,-78.7767944,0.0,-1.0,0.0,1.0,0.0,0.0,0.0,0.0,2,1,4,20,8,16.5877228,43.1559067,Tina Aminipour,4890,2026-09-18T13:49:28.996203,,,
DATA,70.25,11.9259205,0.6399999,4.06347132,0.0,-83.33914,0.0,10.3908205,-0.160000086,4.25529146,0.0,-82.96393,0.0,11.9259205,0.6399999,4.06347132,0.0,-83.33914,0.0,11.9259205,0.6399999,4.06347132,0.0,-83.33914,0.0,-1.0,0.0,1.0,0.0,0.0,0.0,0.0,2,1,4,20,8,16.6386414,43.2068253,Tina Aminipour,4890,2026-09-18T13:49:29.047152,,,
DATA,70.301,11.7640858,0.639999866,4.20892954,0.0,-88.05078,0.0,10.20454,-0.160000145,4.271272,0.0,-87.77304,0.0,11.7640858,0.639999866,4.20892954,0.0,-88.05078,0.0,11.7640858,0.639999866,4.20892954,0.0,-88.05078,0.0,-1.0,0.0,1.0,0.0,0.0,0.0,0.0,2,1,4,20,8,16.6904526,43.2586365,Tina Aminipour,4890,2026-09-18T13:49:29.099150,,,
DATA,70.351,11.5871973,0.6399999,4.33030748,0.0,-92.52356,0.0,10.0318384,-0.160000086,4.27204275,0.0,-92.21506,0.0,11.5871973,0.6399999,4.33030748,0.0,-92.52356,0.0,11.5871973,0.6399999,4.33030748,0.0,-92.52356,0.0,-1.0,0.0,1.0,0.0,0.0,0.0,0.0,2,1,4,20,8,16.7403259,43.30851,Tina Aminipour,4890,2026-09-18T13:49:29.149032,,,
DATA,70.401,11.3979368,0.64,4.43572044,0.0,-96.9986,0.0,9.860879,-0.160000026,4.25957155,0.0,-96.62396,0.0,11.3979368,0.64,4.43572044,0.0,-96.9986,0.0,11.3979368,0.64,4.43572044,0.0,-96.9986,0.0,-1.0,0.0,1.0,0.0,0.0,0.0,0.0,2,1,4,20,8,16.7904129,43.3585968,Tina Aminipour,4890,2026-09-18T13:49:29.199379,,,
DATA,70.449,11.2735767,0.64,4.534753,0.0,-100.762207,0.0,9.701719,-0.160000026,4.23597956,0.0,-100.762207,0.0,11.2735767,0.64,4.534753,0.0,-100.762207,0.0,11.2735767,0.64,4.534753,0.0,-100.762207,0.0,0.0,0.0,1.0,0.0,0.0,0.0,0.0,2,1,4,20,8,16.837204,43.4053879,Tina Aminipour,4890,2026-09-18T13:49:29.245800,,,
DATA,70.501,11.0871506,0.64,4.49931765,0.0,-100.762207,0.0,9.515294,-0.160000026,4.20054436,0.0,-100.762207,0.0,11.0871506,0.64,4.49931765,0.0,-100.762207,0.0,11.0871506,0.64,4.49931765,0.0,-100.762207,0.0,0.0,0.0,1.0,0.0,0.0,0.0,0.0,2,1,4,20,8,16.8892365,43.45742,Tina Aminipour,4890,2026-09-18T13:49:29.296714,,,
DATA,70.552,10.908884,0.64,4.465433,0.0,-100.762207,0.0,9.337028,-0.160000026,4.16666,0.0,-100.762207,0.0,10.908884,0.64,4.465433,0.0,-100.762207,0.0,10.908884,0.64,4.465433,0.0,-100.762207,0.0,0.0,0.0,1.0,0.0,0.0,0.0,0.0,2,1,4,20,8,16.9407883,43.5089722,Tina Aminipour,4890,2026-09-18T13:49:29.343987,,,
DATA,70.599,10.7485447,0.6399999,4.43495655,0.0,-100.762207,0.0,9.176688,-0.160000086,4.13618326,0.0,-100.762207,0.0,10.7485447,0.6399999,4.43495655,0.0,-100.762207,0.0,10.7485447,0.6399999,4.43495655,0.0,-100.762207,0.0,0.0,0.0,1.0,0.0,0.0,0.0,0.0,2,1,4,20,8,16.9879074,43.55609,Tina Aminipour,4890,2026-09-18T13:49:29.396386,,,
DATA,70.65,10.5759735,0.6399999,4.402155,0.0,-100.762207,0.0,9.004116,-0.160000086,4.10338163,0.0,-100.762207,0.0,10.5759735,0.6399999,4.402155,0.0,-100.762207,0.0,10.5759735,0.6399999,4.402155,0.0,-100.762207,0.0,0.0,0.0,1.0,0.0,0.0,0.0,0.0,2,1,4,20,8,17.0382233,43.6064072,Tina Aminipour,4890,2026-09-18T13:49:29.447276,,,
DATA,70.699,10.4073734,0.6399999,4.37010765,0.0,-100.762207,0.0,8.835516,-0.160000086,4.07133436,0.0,-100.762207,0.0,10.4073734,0.6399999,4.37010765,0.0,-100.762207,0.0,10.4073734,0.6399999,4.37010765,0.0,-100.762207,0.0,0.0,0.0,1.0,0.0,0.0,0.0,0.0,2,1,4,20,8,17.0872269,43.65541,Tina Aminipour,4890,2026-09-18T13:49:29.495879,,,
DATA,70.751,10.2246513,0.6399999,4.33537674,0.0,-100.762207,0.0,8.652794,-0.160000086,4.03660345,0.0,-100.762207,0.0,10.2246513,0.6399999,4.33537674,0.0,-100.762207,0.0,10.2246513,0.6399999,4.33537674,0.0,-100.762207,0.0,0.0,0.0,1.0,0.0,0.0,0.0,0.0,2,1,4,20,8,17.1404114,43.7085953,Tina Aminipour,4890,2026-09-18T13:49:29.550047,,,
DATA,70.799,10.0598354,0.6399999,4.304049,0.0,-100.762207,0.0,8.487978,-0.160000086,4.00527573,0.0,-100.762207,0.0,10.0598354,0.6399999,4.304049,0.0,-100.762207,0.0,10.0598354,0.6399999,4.304049,0.0,-100.762207,0.0,0.0,0.0,1.0,0.0,0.0,0.0,0.0,2,1,4,20,8,17.1880569,43.75624,Tina Aminipour,4890,2026-09-18T13:49:29.596616,,,
DATA,70.85,9.884987,0.64,4.27081442,0.0,-100.762207,0.0,8.31313,-0.160000026,3.97204137,0.0,-100.762207,0.0,9.884987,0.64,4.27081442,0.0,-100.762207,0.0,9.884987,0.64,4.27081442,0.0,-100.762207,0.0,0.0,0.0,1.0,0.0,0.0,0.0,0.0,2,1,4,20,8,17.2390671,43.80725,Tina Aminipour,4890,2026-09-18T13:49:29.647998,,,
DATA,70.902,9.706533,0.64,4.23689461,0.0,-100.762207,0.0,8.134677,-0.160000026,3.93812156,0.0,-100.762207,0.0,9.706533,0.64,4.23689461,0.0,-100.762207,0.0,9.706533,0.64,4.23689461,0.0,-100.762207,0.0,0.0,0.0,1.0,0.0,0.0,0.0,0.0,2,1,4,20,8,17.2909088,43.8590927,Tina Aminipour,4890,2026-09-18T13:49:29.699735,,,
DATA,70.949,9.54542,0.6399999,4.20627069,0.0,-100.762207,0.0,7.973563,-0.160000086,3.90749741,0.0,-100.762207,0.0,9.54542,0.6399999,4.20627069,0.0,-100.762207,0.0,9.54542,0.6399999,4.20627069,0.0,-100.762207,0.0,0.0,0.0,1.0,0.0,0.0,0.0,0.0,2,1,4,20,8,17.3374786,43.9056625,Tina Aminipour,4890,2026-09-18T13:49:29.745663,,,
DATA,71.002,9.414581,0.64,4.08908224,0.0,-97.14438,0.0,7.78889465,-0.160000026,3.87568665,0.0,-97.42508,0.0,9.414581,0.64,4.08908224,0.0,-97.14438,0.0,9.414581,0.64,4.08908224,0.0,-97.14438,0.0,1.0,0.0,1.0,0.0,0.0,0.0,0.0,2,1,4,20,8,17.390976,43.95916,Tina Aminipour,4890,2026-09-18T13:49:29.799007,,,
DATA,71.049,9.263445,0.64,3.95310545,0.0,-92.91904,0.0,7.625615,-0.160000026,3.85981917,0.0,-93.20575,0.0,9.263445,0.64,3.95310545,0.0,-92.91904,0.0,9.263445,0.64,3.95310545,0.0,-92.91904,0.0,1.0,0.0,1.0,0.0,0.0,0.0,0.0,2,1,4,20,8,17.4379578,44.00614,Tina Aminipour,4890,2026-09-18T13:49:29.846960,,,
DATA,71.098,9.106671,0.64,3.82488155,0.0,-88.4931,0.0,7.456364,-0.160000026,3.856062,0.0,-88.85147,0.0,9.106671,0.64,3.82488155,0.0,-88.4931,0.0,9.106671,0.64,3.82488155,0.0,-88.4931,0.0,1.0,0.0,1.0,0.0,0.0,0.0,0.0,2,1,4,20,8,17.4875336,44.0557175,Tina Aminipour,4890,2026-09-18T13:49:29.895925,,,
DATA,71.151,8.900896,0.6399999,3.6986227,0.0,-83.7811,0.0,7.27034473,-0.160000086,3.86679864,0.0,-84.05875,0.0,8.900896,0.6399999,3.6986227,0.0,-83.7811,0.0,8.900896,0.6399999,3.6986227,0.0,-83.7811,0.0,1.0,0.0,1.0,0.0,0.0,0.0,0.0,2,1,4,20,8,17.5394363,44.10762,Tina Aminipour,4890,2026-09-18T13:49:29.947795,,,
DATA,71.203,8.674472,0.640000045,3.661509,0.0,-81.76831,0.0,7.090956,-0.159999967,3.89059067,0.0,-81.76831,0.0,8.674472,0.640000045,3.661509,0.0,-81.76831,0.0,8.674472,0.640000045,3.661509,0.0,-81.76831,0.0,0.0,0.0,1.0,0.0,0.0,0.0,0.0,2,1,4,20,8,17.5913086,44.1594925,Tina Aminipour,4890,2026-09-18T13:49:29.999443,,,
DATA,71.249,8.514921,0.640000045,3.68459082,0.0,-81.76831,0.0,6.93140554,-0.159999967,3.91367245,0.0,-81.76831,0.0,8.514921,0.640000045,3.68459082,0.0,-81.76831,0.0,8.514921,0.640000045,3.68459082,0.0,-81.76831,0.0,0.0,0.0,1.0,0.0,0.0,0.0,0.0,2,1,4,20,8,17.63749,44.2056732,Tina Aminipour,4890,2026-09-18T13:49:30.045953,,,
DATA,71.298,8.343657,0.64,3.709367,0.0,-81.76831,0.0,6.760141,-0.160000026,3.93844867,0.0,-81.76831,0.0,8.343657,0.64,3.709367,0.0,-81.76831,0.0,8.343657,0.64,3.709367,0.0,-81.76831,0.0,0.0,0.0,1.0,0.0,0.0,0.0,0.0,2,1,4,20,8,17.6871872,44.25537,Tina Aminipour,4890,2026-09-18T13:49:30.095513,,,
DATA,71.349,8.166954,0.64,3.7349298,0.0,-81.76831,0.0,6.583439,-0.160000026,3.96401143,0.0,-81.76831,0.0,8.166954,0.64,3.7349298,0.0,-81.76831,0.0,8.166954,0.64,3.7349298,0.0,-81.76831,0.0,0.0,0.0,1.0,0.0,0.0,0.0,0.0,2,1,4,20,8,17.7384872,44.30667,Tina Aminipour,4890,2026-09-18T13:49:30.146935,,,
DATA,71.4,7.98944473,0.64,3.76060963,0.0,-81.76831,0.0,6.405929,-0.160000026,3.98969126,0.0,-81.76831,0.0,7.98944473,0.64,3.76060963,0.0,-81.76831,0.0,7.98944473,0.64,3.76060963,0.0,-81.76831,0.0,0.0,0.0,1.0,0.0,0.0,0.0,0.0,2,1,4,20,8,17.78939,44.3575745,Tina Aminipour,4890,2026-09-18T13:49:30.198400,,,
DATA,71.449,7.821429,0.64,3.784916,0.0,-81.76831,0.0,6.237913,-0.160000026,4.01399755,0.0,-81.76831,0.0,7.821429,0.64,3.784916,0.0,-81.76831,0.0,7.821429,0.64,3.784916,0.0,-81.76831,0.0,0.0,0.0,1.0,0.0,0.0,0.0,0.0,2,1,4,20,8,17.8374481,44.405632,Tina Aminipour,4890,2026-09-18T13:49:30.245746,,,
DATA,71.5,7.642742,0.640000045,3.81076574,0.0,-81.76831,0.0,6.05922651,-0.159999967,4.03984737,0.0,-81.76831,0.0,7.642742,0.640000045,3.81076574,0.0,-81.76831,0.0,7.642742,0.640000045,3.81076574,0.0,-81.76831,0.0,0.0,0.0,1.0,0.0,0.0,0.0,0.0,2,1,4,20,8,17.8895874,44.45777,Tina Aminipour,4890,2026-09-18T13:49:30.298676,,,
DATA,71.549,7.47350645,0.640000045,3.83524847,0.0,-81.76831,0.0,5.889991,-0.159999967,4.06433,0.0,-81.76831,0.0,7.47350645,0.640000045,3.83524847,0.0,-81.76831,0.0,7.47350645,0.640000045,3.83524847,0.0,-81.76831,0.0,0.0,0.0,1.0,0.0,0.0,0.0,0.0,2,1,4,20,8,17.93814,44.5063248,Tina Aminipour,4890,2026-09-18T13:49:30.346793,,,
DATA,71.601,7.29479361,0.640000045,3.861102,0.0,-81.76831,0.0,5.711278,-0.159999967,4.09018373,0.0,-81.76831,0.0,7.29479361,0.640000045,3.861102,0.0,-81.76831,0.0,7.29479361,0.640000045,3.861102,0.0,-81.76831,0.0,0.0,0.0,1.0,0.0,0.0,0.0,0.0,2,1,4,20,8,17.9895935,44.5577774,Tina Aminipour,4890,2026-09-18T13:49:30.398261,,,
DATA,71.65,7.12544966,0.64,3.88560057,0.0,-81.76831,0.0,5.541934,-0.160000026,4.114682,0.0,-81.76831,0.0,7.12544966,0.64,3.88560057,0.0,-81.76831,0.0,7.12544966,0.64,3.88560057,0.0,-81.76831,0.0,0.0,0.0,1.0,0.0,0.0,0.0,0.0,2,1,4,20,8,18.0385513,44.6067352,Tina Aminipour,4890,2026-09-18T13:49:30.446698,,,
DATA,71.699,6.95403433,0.64,3.910399,0.0,-81.76831,0.0,5.37051868,-0.160000026,4.13948059,0.0,-81.76831,0.0,6.95403433,0.64,3.910399,0.0,-81.76831,0.0,6.95403433,0.64,3.910399,0.0,-81.76831,0.0,0.0,0.0,1.0,0.0,0.0,0.0,0.0,2,1,4,20,8,18.08854,44.656723,Tina Aminipour,4890,2026-09-18T13:49:30.496662,,,
DATA,71.75,6.780705,0.640000045,3.935474,0.0,-81.76831,0.0,5.19718933,-0.159999967,4.16455555,0.0,-81.76831,0.0,6.780705,0.640000045,3.935474,0.0,-81.76831,0.0,6.780705,0.640000045,3.935474,0.0,-81.76831,0.0,0.0,0.0,1.0,0.0,0.0,0.0,0.0,2,1,4,20,8,18.1383514,44.7065353,Tina Aminipour,4890,2026-09-18T13:49:30.546777,,,
DATA,71.801,6.601975,0.640000045,3.96133,0.0,-81.76831,0.0,5.01845932,-0.159999967,4.19041157,0.0,-81.76831,0.0,6.601975,0.640000045,3.96133,0.0,-81.76831,0.0,6.601975,0.640000045,3.96133,0.0,-81.76831,0.0,0.0,0.0,1.0,0.0,0.0,0.0,0.0,2,1,4,20,8,18.1893921,44.757576,Tina Aminipour,4890,2026-09-18T13:49:30.597803,,,
DATA,71.852,6.424642,0.64,3.98698425,0.0,-81.76831,0.0,4.84112644,-0.160000026,4.216066,0.0,-81.76831,0.0,6.424642,0.64,3.98698425,0.0,-81.76831,0.0,6.424642,0.64,3.98698425,0.0,-81.76831,0.0,0.0,0.0,1.0,0.0,0.0,0.0,0.0,2,1,5,20,9,18.2406921,44.808876,Tina Aminipour,4890,2026-09-18T13:49:30.649419,,,
DATA,71.898,6.270253,0.64,4.009319,0.0,-81.76831,0.0,4.68673754,-0.160000026,4.23840046,0.0,-81.76831,0.0,6.270253,0.64,4.009319,0.0,-81.76831,0.0,6.270253,0.64,4.009319,0.0,-81.76831,0.0,0.0,0.0,1.0,0.0,0.0,0.0,0.0,2,1,5,20,9,18.2874222,44.8556061,Tina Aminipour,4890,2026-09-18T13:49:30.696529,,,
DATA,71.951,6.08416462,0.640000045,4.03623962,0.0,-81.76831,0.0,4.500649,-0.159999967,4.26532125,0.0,-81.76831,0.0,6.08416462,0.640000045,4.03623962,0.0,-81.76831,0.0,6.08416462,0.640000045,4.03623962,0.0,-81.76831,0.0,0.0,0.0,1.0,0.0,0.0,0.0,0.0,2,1,5,20,9,18.3391647,44.90735,Tina Aminipour,4890,2026-09-18T13:49:30.747286,,,
DATA,72.0,5.9078064,0.64,4.061753,0.0,-81.76831,0.0,4.32429075,-0.160000026,4.29083443,0.0,-81.76831,0.0,5.9078064,0.64,4.061753,0.0,-81.76831,0.0,5.9078064,0.64,4.061753,0.0,-81.76831,0.0,0.0,0.0,1.0,0.0,0.0,0.0,0.0,2,1,5,20,9,18.3899841,44.958168,Tina Aminipour,4890,2026-09-18T13:49:30.797784,,,
DATA,72.05,5.73841143,0.64,4.08625841,0.0,-81.76831,0.0,4.154896,-0.160000026,4.31534,0.0,-81.76831,0.0,5.73841143,0.64,4.08625841,0.0,-81.76831,0.0,5.73841143,0.64,4.08625841,0.0,-81.76831,0.0,0.0,0.0,1.0,0.0,0.0,0.0,0.0,2,1,5,20,9,18.4388657,45.00705,Tina Aminipour,4890,2026-09-18T13:49:30.842331,,,
DATA,72.101,5.564966,0.640000045,4.11135054,0.0,-81.76831,0.0,3.98145056,-0.159999967,4.340432,0.0,-81.76831,0.0,5.564966,0.640000045,4.11135054,0.0,-81.76831,0.0,5.564966,0.640000045,4.11135054,0.0,-81.76831,0.0,0.0,0.0,1.0,0.0,0.0,0.0,0.0,2,1,5,20,9,18.4893875,45.05757,Tina Aminipour,4890,2026-09-18T13:49:30.897478,,,
DATA,72.152,5.385792,0.640000045,4.137271,0.0,-81.76831,0.0,3.80227613,-0.159999967,4.36635256,0.0,-81.76831,0.0,5.385792,0.640000045,4.137271,0.0,-81.76831,0.0,5.385792,0.640000045,4.137271,0.0,-81.76831,0.0,0.0,0.0,1.0,0.0,0.0,0.0,0.0,2,1,5,20,9,18.5409622,45.1091461,Tina Aminipour,4890,2026-09-18T13:49:30.948977,,,
DATA,72.2,5.22302246,0.64,4.160818,0.0,-81.76831,0.0,3.639507,-0.160000026,4.38989973,0.0,-81.76831,0.0,5.22302246,0.64,4.160818,0.0,-81.76831,0.0,5.22302246,0.64,4.160818,0.0,-81.76831,0.0,0.0,0.0,1.0,0.0,0.0,0.0,0.0,2,1,5,20,9,18.588356,45.15654,Tina Aminipour,4890,2026-09-18T13:49:30.996888,,,
DATA,72.25,5.045713,0.640000045,4.186469,0.0,-81.76831,0.0,3.4621973,-0.159999967,4.41555071,0.0,-81.76831,0.0,5.045713,0.640000045,4.186469,0.0,-81.76831,0.0,5.045713,0.640000045,4.186469,0.0,-81.76831,0.0,0.0,0.0,1.0,0.0,0.0,0.0,0.0,2,1,5,20,9,18.6387939,45.2069778,Tina Aminipour,4890,2026-09-18T13:49:31.041781,,,
DATA,72.3,4.867159,0.64,4.2123,0.0,-81.76831,0.0,3.28364325,-0.160000026,4.44138145,0.0,-81.76831,0.0,4.867159,0.64,4.2123,0.0,-81.76831,0.0,4.867159,0.64,4.2123,0.0,-81.76831,0.0,0.0,0.0,1.0,0.0,0.0,0.0,0.0,2,1,5,20,9,18.6902084,45.2583923,Tina Aminipour,4890,2026-09-18T13:49:31.093356,,,
DATA,72.354,4.69288063,0.64,4.237512,0.0,-81.76831,0.0,3.10936522,-0.160000026,4.46659374,0.0,-81.76831,0.0,4.69288063,0.64,4.237512,0.0,-81.76831,0.0,4.69288063,0.64,4.237512,0.0,-81.76831,0.0,0.0,0.0,1.0,0.0,0.0,0.0,0.0,2,1,5,20,9,18.7430038,45.3111877,Tina Aminipour,4890,2026-09-18T13:49:31.151564,,,
DATA,72.401,4.52360725,0.640000045,4.262,0.0,-81.76831,0.0,2.94009137,-0.159999967,4.49108171,0.0,-81.76831,0.0,4.52360725,0.640000045,4.262,0.0,-81.76831,0.0,4.52360725,0.640000045,4.262,0.0,-81.76831,0.0,0.0,0.0,1.0,0.0,0.0,0.0,0.0,2,1,5,20,9,18.7896423,45.3578262,Tina Aminipour,4890,2026-09-18T13:49:31.198209,,,
DATA,72.449,4.36025333,0.640000045,4.285632,0.0,-81.76831,0.0,2.776738,-0.159999967,4.514714,0.0,-81.76831,0.0,4.36025333,0.640000045,4.285632,0.0,-81.76831,0.0,4.36025333,0.640000045,4.285632,0.0,-81.76831,0.0,0.0,0.0,1.0,0.0,0.0,0.0,0.0,2,1,5,20,9,18.8376389,45.4058228,Tina Aminipour,4890,2026-09-18T13:49:31.245749,,,
DATA,72.499,4.192215,0.6399999,4.30994129,0.0,-81.76831,0.0,2.60869956,-0.160000086,4.539023,0.0,-81.76831,0.0,4.192215,0.6399999,4.30994129,0.0,-81.76831,0.0,4.192215,0.6399999,4.30994129,0.0,-81.76831,0.0,0.0,0.0,1.0,0.0,0.0,0.0,0.0,2,1,5,20,9,18.88771,45.4558945,Tina Aminipour,4890,2026-09-18T13:49:31.291192,,,
DATA,72.551,4.00251436,0.64,4.3373847,0.0,-81.76831,0.0,2.41899872,-0.160000026,4.56646633,0.0,-81.76831,0.0,4.00251436,0.64,4.3373847,0.0,-81.76831,0.0,4.00251436,0.64,4.3373847,0.0,-81.76831,0.0,0.0,0.0,1.0,0.0,0.0,0.0,0.0,2,1,5,20,9,18.9401627,45.5083466,Tina Aminipour,4890,2026-09-18T13:49:31.349248,,,
DATA,72.599,3.83794522,0.64,4.361192,0.0,-81.76831,0.0,2.25442958,-0.160000026,4.590274,0.0,-81.76831,0.0,3.83794522,0.64,4.361192,0.0,-81.76831,0.0,3.83794522,0.64,4.361192,0.0,-81.76831,0.0,0.0,0.0,1.0,0.0,0.0,0.0,0.0,2,1,5,20,9,18.98796,45.5561447,Tina Aminipour,4890,2026-09-18T13:49:31.395324,,,
DATA,72.653,3.65333,0.640000045,4.3879,0.0,-81.76831,0.0,2.06981444,-0.159999967,4.61698151,0.0,-81.76831,0.0,3.65333,0.640000045,4.3879,0.0,-81.76831,0.0,3.65333,0.640000045,4.3879,0.0,-81.76831,0.0,0.0,0.0,1.0,0.0,0.0,0.0,0.0,2,1,5,20,9,19.0415649,45.60975,Tina Aminipour,4890,2026-09-18T13:49:31.449390,,,
DATA,72.698,3.52988482,0.640000045,4.32127333,0.0,-78.36505,0.0,1.9134618,-0.159999967,4.64227152,0.0,-78.7049255,0.0,3.52988482,0.640000045,4.32127333,0.0,-78.36505,0.0,3.52988482,0.640000045,4.32127333,0.0,-78.36505,0.0,1.0,0.0,1.0,0.0,0.0,0.0,0.0,2,1,5,20,9,19.08699,45.6551743,Tina Aminipour,4890,2026-09-18T13:49:31.495493,,,
DATA,72.75,3.308927,0.64,4.23230553,0.0,-73.61606,0.0,1.73198056,-0.160000026,4.68568659,0.0,-73.90521,0.0,3.308927,0.64,4.23230553,0.0,-73.61606,0.0,3.308927,0.64,4.23230553,0.0,-73.61606,0.0,1.0,0.0,1.0,0.0,0.0,0.0,0.0,2,1,5,20,9,19.139473,45.7076569,Tina Aminipour,4890,2026-09-18T13:49:31.542840,,,
DATA,72.801,3.11281586,0.640000045,4.16226959,0.0,-69.10748,0.0,1.56759155,-0.159999967,4.739313,0.0,-69.4577,0.0,3.11281586,0.640000045,4.16226959,0.0,-69.10748,0.0,3.11281586,0.640000045,4.16226959,0.0,-69.10748,0.0,1.0,0.0,1.0,0.0,0.0,0.0,0.0,2,1,5,20,9,19.18991,45.7580948,Tina Aminipour,4890,2026-09-18T13:49:31.593260,,,
DATA,72.85,2.90110922,0.640000045,4.1131134,0.0,-64.7532043,0.0,1.40976489,-0.159999967,4.80466747,0.0,-65.0640259,0.0,2.90110922,0.640000045,4.1131134,0.0,-64.7532043,0.0,2.90110922,0.640000045,4.1131134,0.0,-64.7532043,0.0,1.0,0.0,1.0,0.0,0.0,0.0,0.0,2,1,5,20,9,19.2380676,45.80625,Tina Aminipour,4890,2026-09-18T13:49:31.646410,,,
DATA,72.903,2.690234,0.64,4.06879425,0.0,-59.9255066,0.0,1.24654841,-0.160000026,4.88803339,0.0,-60.3499451,0.0,2.690234,0.64,4.06879425,0.0,-59.9255066,0.0,2.690234,0.64,4.06879425,0.0,-59.9255066,0.0,1.0,0.0,1.0,0.0,0.0,0.0,0.0,2,1,5,20,9,19.2923431,45.860527,Tina Aminipour,4890,2026-09-18T13:49:31.701032,,,
DATA,72.953,2.456861,0.640000045,4.058245,0.0,-55.493042,0.0,1.09614074,-0.159999967,4.980808,0.0,-55.8045349,0.0,2.456861,0.640000045,4.058245,0.0,-55.493042,0.0,2.456861,0.640000045,4.058245,0.0,-55.493042,0.0,1.0,0.0,1.0,0.0,0.0,0.0,0.0,2,1,5,20,9,19.3409653,45.90915,Tina Aminipour,4890,2026-09-18T13:49:31.744731,,,
DATA,73.001,2.24299455,0.640000045,4.056585,0.0,-51.0351868,0.0,0.956587136,-0.159999967,5.08283043,0.0,-51.3581848,0.0,2.24299455,0.640000045,4.056585,0.0,-51.0351868,0.0,2.24299455,0.640000045,4.056585,0.0,-51.0351868,0.0,1.0,0.0,1.0,0.0,0.0,0.0,0.0,2,1,5,20,9,19.390564,45.9587479,Tina Aminipour,4890,2026-09-18T13:49:31.793972,,,
DATA,73.05,2.02741838,0.64,4.074507,0.0,-46.645874,0.0,0.8263194,-0.160000026,5.194494,0.0,-46.94516,0.0,2.02741838,0.64,4.074507,0.0,-46.645874,0.0,2.02741838,0.64,4.074507,0.0,-46.645874,0.0,1.0,0.0,1.0,0.0,0.0,0.0,0.0,2,1,5,20,9,19.4392014,46.0073853,Tina Aminipour,4890,2026-09-18T13:49:31.842753,,,
DATA,73.099,1.81671453,0.64,4.106836,0.0,-42.2449036,0.0,0.705302835,-0.160000026,5.31555033,0.0,-42.54251,0.0,1.81671453,0.64,4.106836,0.0,-42.2449036,0.0,1.81671453,0.64,4.106836,0.0,-42.2449036,0.0,1.0,0.0,1.0,0.0,0.0,0.0,0.0,2,1,5,20,9,19.48809,46.0562744,Tina Aminipour,4890,2026-09-18T13:49:31.891449,,,
DATA,73.148,1.60966015,0.640000045,4.154238,0.0,-37.82422,0.0,0.5937155,-0.159999967,5.44582129,0.0,-38.1306763,0.0,1.60966015,0.640000045,4.154238,0.0,-37.82422,0.0,1.60966015,0.640000045,4.154238,0.0,-37.82422,0.0,1.0,0.0,1.0,0.0,0.0,0.0,0.0,2,1,5,20,9,19.5372543,46.10544,Tina Aminipour,4890,2026-09-18T13:49:31.946432,,,
DATA,73.201,1.38699436,0.64,4.22595072,0.0,-33.01468,0.0,0.483729661,-0.160000026,5.59740353,0.0,-33.313446,0.0,1.38699436,0.64,4.22595072,0.0,-33.01468,0.0,1.38699436,0.64,4.22595072,0.0,-33.01468,0.0,1.0,0.0,1.0,0.0,0.0,0.0,0.0,2,1,5,20,9,19.5906525,46.1588364,Tina Aminipour,4890,2026-09-18T13:49:31.994407,,,
DATA,73.25,1.19448614,0.64,4.303916,0.0,-28.6879883,0.0,0.3962941,-0.160000026,5.740666,0.0,-28.9966431,0.0,1.19448614,0.64,4.303916,0.0,-28.6879883,0.0,1.19448614,0.64,4.303916,0.0,-28.6879883,0.0,1.0,0.0,1.0,0.0,0.0,0.0,0.0,2,1,5,20,9,19.6387863,46.20697,Tina Aminipour,4890,2026-09-18T13:49:32.041942,,,
DATA,73.302,0.990582466,0.6399999,4.40726662,0.0,-23.98407,0.0,0.31342867,-0.160000086,5.903953,0.0,-24.2868042,0.0,0.990582466,0.6399999,4.40726662,0.0,-23.98407,0.0,0.990582466,0.6399999,4.40726662,0.0,-23.98407,0.0,1.0,0.0,1.0,0.0,0.0,0.0,0.0,2,1,5,20,9,19.6910172,46.2592,Tina Aminipour,4890,2026-09-18T13:49:32.101581,,,
DATA,73.349,0.81627655,0.6399999,4.512849,0.0,-19.7697449,0.0,0.250871569,-0.160000086,6.05535746,0.0,-20.0733337,0.0,0.81627655,0.6399999,4.512849,0.0,-19.7697449,0.0,0.81627655,0.6399999,4.512849,0.0,-19.7697449,0.0,1.0,0.0,1.0,0.0,0.0,0.0,0.0,2,1,5,20,9,19.7378464,46.30603,Tina Aminipour,4890,2026-09-18T13:49:32.147601,,,
DATA,73.399,0.638412952,0.6399999,4.641614,0.0,-15.2780762,0.0,0.196527541,-0.160000086,6.2218895,0.0,-15.5677185,0.0,0.638412952,0.6399999,4.641614,0.0,-15.2780762,0.0,0.638412952,0.6399999,4.641614,0.0,-15.2780762,0.0,1.0,0.0,1.0,0.0,0.0,0.0,0.0,2,1,5,20,9,19.787674,46.3558578,Tina Aminipour,4890,2026-09-18T13:49:32.191238,,,
DATA,73.451,0.6394372,0.6399999,4.920766,0.0,-18.9433289,0.0,0.146994352,-0.160000086,6.391264,0.0,-18.5945129,0.0,0.6394372,0.6399999,4.920766,0.0,-18.9433289,0.0,0.6394372,0.6399999,4.920766,0.0,-18.9433289,0.0,-1.0,0.0,1.0,0.0,0.0,0.0,0.0,2,1,5,20,9,19.8390884,46.4072723,Tina Aminipour,4890,2026-09-18T13:49:32.247533,,,
DATA,73.498,0.6928363,0.64,5.117964,0.0,-23.2961426,0.0,0.08711548,-0.160000026,6.551041,0.0,-22.9832153,0.0,0.6928363,0.64,5.117964,0.0,-23.2961426,0.0,0.6928363,0.64,5.117964,0.0,-23.2961426,0.0,-1.0,0.0,1.0,0.0,0.0,0.0,0.0,2,1,5,20,9,19.8872528,46.4554367,Tina Aminipour,4890,2026-09-18T13:49:32.295675,,,
DATA,73.549,0.732028961,0.64,5.32703,0.0,-27.8162231,0.0,0.0122395651,-0.160000026,6.711388,0.0,-27.5350037,0.0,0.732028961,0.64,5.32703,0.0,-27.8162231,0.0,0.732028961,0.64,5.32703,0.0,-27.8162231,0.0,-1.0,0.0,1.0,0.0,0.0,0.0,0.0,2,1,5,20,9,19.9373016,46.5054855,Tina Aminipour,4890,2026-09-18T13:49:32.345950,,,
DATA,73.6,0.7512312,0.64,5.54943943,0.0,-32.49225,0.0,-0.0773297,-0.160000026,6.86886024,0.0,-32.1947327,0.0,0.7512312,0.64,5.54943943,0.0,-32.49225,0.0,0.7512312,0.64,5.54943943,0.0,-32.49225,0.0,-1.0,0.0,1.0,0.0,0.0,0.0,0.0,2,1,5,20,9,19.98935,46.5575333,Tina Aminipour,4890,2026-09-18T13:49:32.398085,,,
DATA,73.653,0.7533374,0.6399999,5.77253866,0.0,-37.1854248,0.0,-0.180107489,-0.160000086,7.0194993,0.0,-36.8853149,0.0,0.7533374,0.6399999,5.77253866,0.0,-37.1854248,0.0,0.7533374,0.6399999,5.77253866,0.0,-37.1854248,0.0,-1.0,0.0,1.0,0.0,0.0,0.0,0.0,2,1,5,20,9,20.0415115,46.6096954,Tina Aminipour,4890,2026-09-18T13:49:32.450162,,,
DATA,73.703,0.738588333,0.6399999,5.986398,0.0,-41.7002869,0.0,-0.290367335,-0.160000086,7.156187,0.0,-41.4022827,0.0,0.738588333,0.6399999,5.986398,0.0,-41.7002869,0.0,0.738588333,0.6399999,5.986398,0.0,-41.7002869,0.0,-1.0,0.0,1.0,0.0,0.0,0.0,0.0,2,1,5,20,9,20.0916672,46.65985,Tina Aminipour,4890,2026-09-18T13:49:32.500241,,,
DATA,73.752,0.707613945,0.64,6.19186449,0.0,-46.06427,0.0,-0.406558037,-0.160000026,7.279481,0.0,-45.7597351,0.0,0.707613945,0.64,6.19186449,0.0,-46.06427,0.0,0.707613945,0.64,6.19186449,0.0,-46.06427,0.0,-1.0,0.0,1.0,0.0,0.0,0.0,0.0,2,1,5,20,9,20.14019,46.708374,Tina Aminipour,4890,2026-09-18T13:49:32.549852,,,
DATA,73.802,0.6607108,0.64,6.401237,0.0,-50.5950623,0.0,-0.537318647,-0.160000026,7.39814425,0.0,-50.3014526,0.0,0.6607108,0.64,6.401237,0.0,-50.5950623,0.0,0.6607108,0.64,6.401237,0.0,-50.5950623,0.0,-1.0,0.0,1.0,0.0,0.0,0.0,0.0,2,1,5,20,9,20.1904678,46.75865,Tina Aminipour,4890,2026-09-18T13:49:32.598935,,,
DATA,73.851,0.596964836,0.64,6.60005569,0.0,-54.9656067,0.0,-0.6710854,-0.160000026,7.501775,0.0,-54.6536865,0.0,0.596964836,0.64,6.60005569,0.0,-54.9656067,0.0,0.596964836,0.64,6.60005569,0.0,-54.9656067,0.0,-1.0,0.0,1.0,0.0,0.0,0.0,0.0,2,1,5,20,9,20.2391357,46.80732,Tina Aminipour,4890,2026-09-18T13:49:32.642448,,,
DATA,73.9,0.515229464,0.6399999,6.797618,0.0,-59.4293823,0.0,-0.815046668,-0.160000086,7.596617,0.0,-59.0878,0.0,0.515229464,0.6399999,6.797618,0.0,-59.4293823,0.0,0.515229464,0.6399999,6.797618,0.0,-59.4293823,0.0,-1.0,0.0,1.0,0.0,0.0,0.0,0.0,2,1,5,20,9,20.2888947,46.85708,Tina Aminipour,4890,2026-09-18T13:49:32.698178,,,
DATA,73.952,0.421829,0.6399999,6.996221,0.0,-64.1189,0.0,-0.97654134,-0.160000086,7.68542528,0.0,-63.82837,0.0,0.421829,0.6399999,6.996221,0.0,-64.1189,0.0,0.421829,0.6399999,6.996221,0.0,-64.1189,0.0,-1.0,0.0,1.0,0.0,0.0,0.0,0.0,2,1,5,20,9,20.3407211,46.908905,Tina Aminipour,4890,2026-09-18T13:49:32.749432,,,
DATA,74.0,0.315460443,0.6399999,7.17366648,0.0,-68.4672546,0.0,-1.13054919,-0.160000086,7.754775,0.0,-68.17261,0.0,0.315460443,0.6399999,7.17366648,0.0,-68.4672546,0.0,0.315460443,0.6399999,7.17366648,0.0,-68.4672546,0.0,-1.0,0.0,1.0,0.0,0.0,0.0,0.0,2,1,5,20,9,20.3890533,46.9572372,Tina Aminipour,4890,2026-09-18T13:49:32.799217,,,
DATA,74.05,0.192215681,0.64,7.34790468,0.0,-72.9578857,0.0,-1.29475784,-0.160000026,7.814006,0.0,-72.66257,0.0,0.192215681,0.64,7.34790468,0.0,-72.9578857,0.0,0.192215681,0.64,7.34790468,0.0,-72.9578857,0.0,-1.0,0.0,1.0,0.0,0.0,0.0,0.0,2,1,5,20,9,20.4389572,47.00714,Tina Aminipour,4890,2026-09-18T13:49:32.847998,,,
DATA,74.102,0.082461834,0.64,7.46738052,0.0,-75.7231445,0.0,-1.46812284,-0.160000026,7.861953,0.0,-75.7231445,0.0,0.082461834,0.64,7.46738052,0.0,-75.7231445,0.0,0.082461834,0.64,7.46738052,0.0,-75.7231445,0.0,0.0,0.0,1.0,0.0,0.0,0.0,0.0,2,1,5,20,9,20.4909286,47.0591125,Tina Aminipour,4890,2026-09-18T13:49:32.899468,,,
DATA,74.149,-0.05775833,0.640000045,7.42739773,0.0,-72.74646,0.0,-1.62823474,-0.159999967,7.904697,0.0,-73.03967,0.0,-0.05775833,0.640000045,7.42739773,0.0,-72.74646,0.0,-0.05775833,0.640000045,7.42739773,0.0,-72.74646,0.0,1.0,0.0,1.0,0.0,0.0,0.0,0.0,2,1,5,20,9,20.537674,47.1058578,Tina Aminipour,4890,2026-09-18T13:49:32.946162,,,
DATA,74.199,-0.2697158,0.6399999,7.36291265,0.0,-68.22516,0.0,-1.79509664,-0.160000086,7.962159,0.0,-68.50043,0.0,-0.2697158,0.6399999,7.36291265,0.0,-68.22516,0.0,-0.2697158,0.6399999,7.36291265,0.0,-68.22516,0.0,1.0,0.0,1.0,0.0,0.0,0.0,0.0,2,1,5,20,9,20.5878143,47.156,Tina Aminipour,4890,2026-09-18T13:49:32.995285,,,
DATA,74.249,-0.479436874,0.64,7.31497669,0.0,-63.75833,0.0,-1.95418453,-0.160000026,8.031353,0.0,-64.0383,0.0,-0.479436874,0.64,7.31497669,0.0,-63.75833,0.0,-0.479436874,0.64,7.31497669,0.0,-63.75833,0.0,1.0,0.0,1.0,0.0,0.0,0.0,0.0,2,1,5,20,9,20.6374741,47.205658,Tina Aminipour,4890,2026-09-18T13:49:33.044915,,,
DATA,74.298,-0.69078064,0.6399999,7.28324032,0.0,-59.305542,0.0,-2.10677171,-0.160000086,8.11234951,0.0,-59.595,0.0,-0.69078064,0.6399999,7.28324032,0.0,-59.305542,0.0,-0.69078064,0.6399999,7.28324032,0.0,-59.305542,0.0,1.0,0.0,1.0,0.0,0.0,0.0,0.0,2,1,5,20,9,20.6869965,47.25518,Tina Aminipour,4890,2026-09-18T13:49:33.094493,,,
DATA,74.351,-0.9252286,0.64,7.26970768,0.0,-54.5157166,0.0,-2.26432824,-0.160000026,8.213075,0.0,-54.7850037,0.0,-0.9252286,0.64,7.26970768,0.0,-54.5157166,0.0,-0.9252286,0.64,7.26970768,0.0,-54.5157166,0.0,1.0,0.0,1.0,0.0,0.0,0.0,0.0,2,1,5,20,9,20.7401047,47.30829,Tina Aminipour,4890,2026-09-18T13:49:33.147886,,,
DATA,74.399,-1.13420057,0.6399999,7.27316236,0.0,-50.19809,0.0,-2.398184,-0.160000086,8.314522,0.0,-50.46515,0.0,-1.13420057,0.6399999,7.27316236,0.0,-50.19809,0.0,-1.13420057,0.6399999,7.27316236,0.0,-50.19809,0.0,1.0,0.0,1.0,0.0,0.0,0.0,0.0,2,1,5,20,9,20.78807,47.3562546,Tina Aminipour,4890,2026-09-18T13:49:33.195855,,,
DATA,74.45,-1.3624419,0.64,7.33916855,0.0,-46.914,0.0,-2.53096867,-0.160000026,8.432121,0.0,-46.914,0.0,-1.3624419,0.64,7.33916855,0.0,-46.914,0.0,-1.3624419,0.64,7.33916855,0.0,-46.914,0.0,0.0,0.0,1.0,0.0,0.0,0.0,0.0,2,1,5,20,9,20.8386688,47.4068527,Tina Aminipour,4890,2026-09-18T13:49:33.247320,,,
DATA,74.499,-1.4873215,0.64,7.45597172,0.0,-46.914,0.0,-2.65584826,-0.160000026,8.548924,0.0,-46.914,0.0,-1.4873215,0.64,7.45597172,0.0,-46.914,0.0,-1.4873215,0.64,7.45597172,0.0,-46.914,0.0,0.0,0.0,1.0,0.0,0.0,0.0,0.0,2,1,5,20,9,20.8878479,47.45603,Tina Aminipour,4890,2026-09-18T13:49:33.296023,,,
DATA,74.553,-1.62412846,0.64,7.583931,0.0,-46.914,0.0,-2.79265523,-0.160000026,8.676884,0.0,-46.914,0.0,-1.62412846,0.64,7.583931,0.0,-46.914,0.0,-1.62412846,0.64,7.583931,0.0,-46.914,0.0,0.0,0.0,1.0,0.0,0.0,0.0,0.0,2,1,5,20,9,20.9412079,47.50939,Tina Aminipour,4890,2026-09-18T13:49:33.349243,,,
DATA,74.6,-1.745515,0.64,7.697467,0.0,-46.914,0.0,-2.91404176,-0.160000026,8.79042,0.0,-46.914,0.0,-1.745515,0.64,7.697467,0.0,-46.914,0.0,-1.745515,0.64,7.697467,0.0,-46.914,0.0,0.0,0.0,1.0,0.0,0.0,0.0,0.0,2,1,5,20,9,20.9886856,47.55687,Tina Aminipour,4890,2026-09-18T13:49:33.396722,,,
DATA,74.65,-1.90910625,0.64,7.730285,0.0,-43.4166565,0.0,-3.04143262,-0.160000026,8.913712,0.0,-43.6849365,0.0,-1.90910625,0.64,7.730285,0.0,-43.4166565,0.0,-1.90910625,0.64,7.730285,0.0,-43.4166565,0.0,1.0,0.0,1.0,0.0,0.0,0.0,0.0,2,1,5,20,9,21.039299,47.6074829,Tina Aminipour,4890,2026-09-18T13:49:33.446835,,,
DATA,74.7,-2.11692333,0.64,7.7730875,0.0,-38.9653,0.0,-3.15607429,-0.160000026,9.042421,0.0,-39.25168,0.0,-2.11692333,0.64,7.7730875,0.0,-38.9653,0.0,-2.11692333,0.64,7.7730875,0.0,-38.9653,0.0,1.0,0.0,1.0,0.0,0.0,0.0,0.0,2,1,5,20,9,21.08886,47.6570435,Tina Aminipour,4890,2026-09-18T13:49:33.496501,,,
DATA,74.749,-2.32504749,0.64,7.83454037,0.0,-34.4743958,0.0,-3.26169848,-0.160000026,9.181414,0.0,-34.7615356,0.0,-2.32504749,0.64,7.83454037,0.0,-34.4743958,0.0,-2.32504749,0.64,7.83454037,0.0,-34.4743958,0.0,1.0,0.0,1.0,0.0,0.0,0.0,0.0,2,1,5,20,9,21.1387634,47.7069473,Tina Aminipour,4890,2026-09-18T13:49:33.547588,,,
DATA,74.802,-2.533782,0.64,7.91193,0.0,-29.7633362,0.0,-3.35985851,-0.160000026,9.334566,0.0,-30.0826111,0.0,-2.533782,0.64,7.91193,0.0,-29.7633362,0.0,-2.533782,0.64,7.91193,0.0,-29.7633362,0.0,1.0,0.0,1.0,0.0,0.0,0.0,0.0,2,1,5,20,9,21.1912918,47.7594757,Tina Aminipour,4890,2026-09-18T13:49:33.593930,,,
DATA,74.853,-2.73197269,0.64,8.006781,0.0,-25.2224731,0.0,-3.44284749,-0.160000026,9.490377,0.0,-25.5419617,0.0,-2.73197269,0.64,8.006781,0.0,-25.2224731,0.0,-2.73197269,0.64,8.006781,0.0,-25.2224731,0.0,1.0,0.0,1.0,0.0,0.0,0.0,0.0,2,1,5,20,9,21.241745,47.80993,Tina Aminipour,4890,2026-09-18T13:49:33.644459,,,
DATA,74.899,-2.90860128,0.64,8.110384,0.0,-21.0563354,0.0,-3.50821543,-0.160000026,9.639402,0.0,-21.3565063,0.0,-2.90860128,0.64,8.110384,0.0,-21.0563354,0.0,-2.90860128,0.64,8.110384,0.0,-21.0563354,0.0,1.0,0.0,1.0,0.0,0.0,0.0,0.0,2,1,5,20,9,21.2879257,47.85611,Tina Aminipour,4890,2026-09-18T13:49:33.697135,,,
DATA,74.949,-3.07496643,0.64,8.212635,0.0,-16.6724548,0.0,-3.56371117,-0.160000026,9.796214,0.0,-17.0781555,0.0,-3.07496643,0.64,8.212635,0.0,-16.6724548,0.0,-3.07496643,0.64,8.212635,0.0,-16.6724548,0.0,1.0,0.0,1.0,0.0,0.0,0.0,0.0,2,1,5,20,9,21.33722,47.9054031,Tina Aminipour,4890,2026-09-18T13:49:33.746685,,,
DATA,74.998,-3.25331783,0.64,8.361666,0.0,-12.1184387,0.0,-3.61031842,-0.160000026,9.969858,0.0,-12.4537048,0.0,-3.25331783,0.64,8.361666,0.0,-12.1184387,0.0,-3.25331783,0.64,8.361666,0.0,-12.1184387,0.0,1.0,0.0,1.0,0.0,0.0,0.0,0.0,2,1,5,20,9,21.3874283,47.9556122,Tina Aminipour,4890,2026-09-18T13:49:33.795881,,,
DATA,75.052,-3.427444,0.64,8.53009,0.0,-7.231079,0.0,-3.64433622,-0.160000026,10.1581612,0.0,-7.53173828,0.0,-3.427444,0.64,8.53009,0.0,-7.231079,0.0,-3.427444,0.64,8.53009,0.0,-7.231079,0.0,1.0,0.0,1.0,0.0,0.0,0.0,0.0,2,1,5,20,9,21.4415436,48.0097275,Tina Aminipour,4890,2026-09-18T13:49:33.850591,,,
DATA,75.102,-3.569686,0.6399999,8.685985,0.0,-2.79943848,0.0,-3.660988,-0.160000086,10.3288412,0.0,-3.12091064,0.0,-3.569686,0.6399999,8.685985,0.0,-2.79943848,0.0,-3.569686,0.6399999,8.685985,0.0,-2.79943848,0.0,1.0,0.0,1.0,0.0,0.0,0.0,0.0,2,1,5,20,9,21.4908981,48.059082,Tina Aminipour,4890,2026-09-18T13:49:33.894159,,,
DATA,75.153,-3.704548,0.64,8.866064,0.0,1.74984622,0.0,-3.66437244,-0.160000026,10.50682,0.0,1.45772147,0.0,-3.704548,0.64,8.866064,0.0,1.74984622,0.0,-3.704548,0.64,8.866064,0.0,1.74984622,0.0,1.0,0.0,1.0,0.0,0.0,0.0,0.0,2,1,5,20,9,21.5412827,48.1094666,Tina Aminipour,4890,2026-09-18T13:49:33.944332,,,
DATA,75.2,-3.8178072,0.6399999,9.043346,0.0,6.04659557,0.0,-3.654509,-0.160000086,10.674202,0.0,5.77030659,0.0,-3.8178072,0.6399999,9.043346,0.0,6.04659557,0.0,-3.8178072,0.6399999,9.043346,0.0,6.04659557,0.0,1.0,0.0,1.0,0.0,0.0,0.0,0.0,2,1,5,20,9,21.5889359,48.15712,Tina Aminipour,4890,2026-09-18T13:49:33.992391,,,
DATA,75.25,-3.92060661,0.639999866,9.230902,0.0,10.500701,0.0,-3.631222,-0.160000145,10.8454494,0.0,10.2154531,0.0,-3.92060661,0.639999866,9.230902,0.0,10.500701,0.0,-3.92060661,0.639999866,9.230902,0.0,10.500701,0.0,1.0,0.0,1.0,0.0,0.0,0.0,0.0,2,1,5,20,9,21.6384811,48.206665,Tina Aminipour,4890,2026-09-18T13:49:34.047032,,,
DATA,75.302,-4.015083,0.64,9.433504,0.0,15.2847958,0.0,-3.59186053,-0.160000026,11.0253086,0.0,14.9511814,0.0,-4.015083,0.64,9.433504,0.0,15.2847958,0.0,-4.015083,0.64,9.433504,0.0,15.2847958,0.0,1.0,0.0,1.0,0.0,0.0,0.0,0.0,2,1,5,20,9,21.6919022,48.2600861,Tina Aminipour,4890,2026-09-18T13:49:34.100614,,,
DATA,75.349,-4.08213139,0.6393315,9.6264,0.0,19.4402161,0.0,-3.544944,-0.160668492,11.180665,0.0,19.125206,0.0,-4.08213139,0.6393315,9.6264,0.0,19.4402161,0.0,-4.08213139,0.6393315,9.6264,0.0,19.4402161,0.0,1.0,0.0,1.0,0.0,0.0,0.0,0.0,2,1,5,20,9,21.7379684,48.3061523,Tina Aminipour,4890,2026-09-18T13:49:34.145667,,,
DATA,75.399,-4.139118,0.640000045,9.835303,0.0,23.9155045,0.0,-3.482281,-0.159999967,11.3429689,0.0,23.6000977,0.0,-4.139118,0.640000045,9.835303,0.0,23.9155045,0.0,-4.139118,0.640000045,9.835303,0.0,23.9155045,0.0,1.0,0.0,1.0,0.0,0.0,0.0,0.0,2,1,5,20,9,21.7876968,48.35588,Tina Aminipour,4890,2026-09-18T13:49:34.195852,,,
DATA,75.45,-4.17869139,0.64,10.0645885,0.0,28.5865936,0.0,-3.40278268,-0.160000026,11.5080137,0.0,28.3121262,0.0,-4.17869139,0.64,10.0645885,0.0,28.5865936,0.0,-4.17869139,0.64,10.0645885,0.0,28.5865936,0.0,1.0,0.0,1.0,0.0,0.0,0.0,0.0,2,1,5,20,9,21.83937,48.4075546,Tina Aminipour,4890,2026-09-18T13:49:34.249083,,,
DATA,75.5,-4.201553,0.6399999,10.2792091,0.0,33.0684967,0.0,-3.31497383,-0.160000086,11.6582928,0.0,32.78888,0.0,-4.201553,0.6399999,10.2792091,0.0,33.0684967,0.0,-4.201553,0.6399999,10.2792091,0.0,33.0684967,0.0,1.0,0.0,1.0,0.0,0.0,0.0,0.0,2,1,5,20,9,21.8891983,48.4573822,Tina Aminipour,4890,2026-09-18T13:49:34.297284,,,
DATA,75.553,-4.213007,0.64,10.4950275,0.0,37.77583,0.0,-3.21200252,-0.160000026,11.8062067,0.0,37.42451,0.0,-4.213007,0.64,10.4950275,0.0,37.77583,0.0,-4.213007,0.64,10.4950275,0.0,37.77583,0.0,1.0,0.0,1.0,0.0,0.0,0.0,0.0,2,1,5,20,9,21.9419022,48.5100861,Tina Aminipour,4890,2026-09-18T13:49:34.350389,,,
DATA,75.597,-4.19959736,0.64,10.6988192,0.0,41.85115,0.0,-3.11078739,-0.160000026,11.930213,0.0,41.5414658,0.0,-4.19959736,0.64,10.6988192,0.0,41.85115,0.0,-4.19959736,0.64,10.6988192,0.0,41.85115,0.0,1.0,0.0,1.0,0.0,0.0,0.0,0.0,2,1,5,20,9,21.9869537,48.5551376,Tina Aminipour,4890,2026-09-18T13:49:34.396607,,,
DATA,75.648,-4.171951,0.64,10.9149675,0.0,46.3386574,0.0,-2.99049354,-0.160000026,12.0568314,0.0,46.0335922,0.0,-4.171951,0.64,10.9149675,0.0,46.3386574,0.0,-4.171951,0.64,10.9149675,0.0,46.3386574,0.0,1.0,0.0,1.0,0.0,0.0,0.0,0.0,2,1,5,20,9,22.0367889,48.6049728,Tina Aminipour,4890,2026-09-18T13:49:34.444955,,,
DATA,75.701,-4.122329,0.6399999,11.1459541,0.0,51.181778,0.0,-2.849748,-0.160000086,12.1826067,0.0,50.88874,0.0,-4.122329,0.6399999,11.1459541,0.0,51.181778,0.0,-4.122329,0.6399999,11.1459541,0.0,51.181778,0.0,1.0,0.0,1.0,0.0,0.0,0.0,0.0,2,1,5,20,9,22.09053,48.6587143,Tina Aminipour,4890,2026-09-18T13:49:34.499041,,,
DATA,75.749,-4.06701231,0.6399999,11.3395748,0.0,55.4149857,0.0,-2.719368,-0.160000086,12.2817221,0.0,55.1011,0.0,-4.06701231,0.6399999,11.3395748,0.0,55.4149857,0.0,-4.06701231,0.6399999,11.3395748,0.0,55.4149857,0.0,1.0,0.0,1.0,0.0,0.0,0.0,0.0,2,1,5,20,9,22.1376877,48.70587,Tina Aminipour,4890,2026-09-18T13:49:34.547603,,,
DATA,75.8,-3.98910475,0.64,11.5465431,0.0,60.0073051,0.0,-2.56962633,-0.160000026,12.3784628,0.0,59.68648,0.0,-3.98910475,0.64,11.5465431,0.0,60.0073051,0.0,-3.98910475,0.64,11.5465431,0.0,60.0073051,0.0,1.0,0.0,1.0,0.0,0.0,0.0,0.0,2,1,5,20,9,22.1887512,48.7569351,Tina Aminipour,4890,2026-09-18T13:49:34.597292,,,
DATA,75.852,-3.8925302,0.6399999,11.75089,0.0,64.69082,0.0,-2.40936255,-0.160000086,12.4645348,0.0,64.3655548,0.0,-3.8925302,0.6399999,11.75089,0.0,64.69082,0.0,-3.8925302,0.6399999,11.75089,0.0,64.69082,0.0,1.0,0.0,1.0,0.0,0.0,0.0,0.0,2,1,5,20,9,22.2408142,48.809,Tina Aminipour,4890,2026-09-18T13:49:34.649489,,,
DATA,75.901,-3.77791953,0.64,11.9413242,0.0,69.11636,0.0,-2.24999857,-0.160000026,12.5343294,0.0,68.840416,0.0,-3.77791953,0.64,11.9413242,0.0,69.11636,0.0,-3.77791953,0.64,11.9413242,0.0,69.11636,0.0,1.0,0.0,1.0,0.0,0.0,0.0,0.0,2,1,5,20,9,22.289711,48.8578949,Tina Aminipour,4890,2026-09-18T13:49:34.698705,,,
DATA,75.948,-3.67376876,0.64,12.1033669,0.0,73.31946,0.0,-2.09823513,-0.160000026,12.58764,0.0,72.97753,0.0,-3.67376876,0.64,12.1033669,0.0,73.31946,0.0,-3.67376876,0.64,12.1033669,0.0,73.31946,0.0,1.0,0.0,1.0,0.0,0.0,0.0,0.0,2,1,5,20,9,22.3367767,48.90496,Tina Aminipour,4890,2026-09-18T13:49:34.739785,,,
DATA,76.003,-3.52347326,0.64,12.289505,0.0,78.23359,0.0,-1.91324914,-0.160000026,12.6365547,0.0,77.89931,0.0,-3.52347326,0.64,12.289505,0.0,78.23359,0.0,-3.52347326,0.64,12.289505,0.0,78.23359,0.0,1.0,0.0,1.0,0.0,0.0,0.0,0.0,2,1,5,20,9,22.3913345,48.95952,Tina Aminipour,4890,2026-09-18T13:49:34.794852,,,
DATA,76.051,-3.38583016,0.64,12.4364014,0.0,82.6057739,0.0,-1.75764239,-0.160000026,12.6582146,0.0,82.29963,0.0,-3.38583016,0.64,12.4364014,0.0,82.6057739,0.0,-3.38583016,0.64,12.4364014,0.0,82.6057739,0.0,1.0,0.0,1.0,0.0,0.0,0.0,0.0,2,1,5,20,9,22.4397583,49.0079422,Tina Aminipour,4890,2026-09-18T13:49:34.843261,,,
DATA,76.103,-3.3341825,0.6399999,12.4913855,0.0,87.22645,0.0,-1.693411,-0.160000086,12.581315,0.0,86.92025,0.0,-3.3341825,0.6399999,12.4913855,0.0,87.22645,0.0,-3.3341825,0.6399999,12.4913855,0.0,87.22645,0.0,1.0,0.0,1.0,0.0,0.0,0.0,0.0,2,1,5,20,9,22.4911041,49.059288,Tina Aminipour,4890,2026-09-18T13:49:34.894792,,,
DATA,76.15,-3.19225,0.83002615,12.5949364,0.0,91.44773,0.0,-1.55027676,0.0300261378,12.5636377,0.0,91.1483459,0.0,-3.19225,0.83002615,12.5949364,0.0,91.44773,0.0,-3.19225,0.83002615,12.5949364,0.0,91.44773,0.0,1.0,0.0,1.0,0.0,0.0,0.0,0.0,2,1,5,20,9,22.5379715,49.1061554,Tina Aminipour,4890,2026-09-18T13:49:34.946914,,,
DATA,76.199,-3.014448,0.9015578,12.713459,0.0,95.93757,0.0,-1.37682366,0.101557791,12.5541477,0.0,95.6163559,0.0,-3.014448,0.9015578,12.713459,0.0,95.93757,0.0,-3.014448,0.9015578,12.713459,0.0,95.93757,0.0,1.0,0.0,1.0,0.0,0.0,0.0,0.0,2,1,5,20,9,22.5879745,49.15616,Tina Aminipour,4890,2026-09-18T13:49:34.997545,,,
DATA,76.248,-2.81918025,0.918751836,12.8185434,0.0,100.448067,0.0,-1.20220208,0.118751824,12.5307646,0.0,100.147865,0.0,-2.81918025,0.918751836,12.8185434,0.0,100.448067,0.0,-2.81918025,0.918751836,12.8185434,0.0,100.448067,0.0,1.0,0.0,1.0,0.0,0.0,0.0,0.0,2,1,5,20,9,22.6379776,49.20616,Tina Aminipour,4890,2026-09-18T13:49:35.041519,,,
DATA,76.298,-2.64344645,0.937738061,12.907692,0.0,104.875244,0.0,-1.03795266,0.137738049,12.4956551,0.0,104.467857,0.0,-2.64344645,0.937738061,12.907692,0.0,104.875244,0.0,-2.64344645,0.937738061,12.907692,0.0,104.875244,0.0,1.0,0.0,1.0,0.0,0.0,0.0,0.0,2,1,5,20,9,22.68776,49.2559433,Tina Aminipour,4890,2026-09-18T13:49:35.091368,,,
DATA,76.349,-2.43816829,0.9005885,12.982975,0.0,109.384895,0.0,-0.86986196,0.1005885,12.445962,0.0,108.976257,0.0,-2.43816829,0.9005885,12.982975,0.0,109.384895,0.0,-2.43816829,0.9005885,12.982975,0.0,109.384895,0.0,1.0,0.0,1.0,0.0,0.0,0.0,0.0,2,1,5,20,9,22.7378769,49.30606,Tina Aminipour,4890,2026-09-18T13:49:35.141491,,,
DATA,76.399,-2.201318,0.7960984,13.0388365,0.0,114.028236,0.0,-0.697415352,-0.00390160084,12.3794823,0.0,113.730118,0.0,-2.201318,0.7960984,13.0388365,0.0,114.028236,0.0,-2.201318,0.7960984,13.0388365,0.0,114.028236,0.0,1.0,0.0,1.0,0.0,0.0,0.0,0.0,2,1,5,20,9,22.7888565,49.35704,Tina Aminipour,4890,2026-09-18T13:49:35.197292,,,
DATA,76.451,-1.98570931,0.665911,12.9853735,0.0,115.151093,0.0,-0.5374049,-0.134089,12.3053627,0.0,115.151093,0.0,-1.98570931,0.665911,12.9853735,0.0,115.151093,0.0,-1.98570931,0.665911,12.9853735,0.0,115.151093,0.0,0.0,0.0,1.0,0.0,0.0,0.0,0.0,2,1,5,20,9,22.8395081,49.407692,Tina Aminipour,4890,2026-09-18T13:49:35.248476,,,
DATA,76.499,-1.83162177,0.640000045,12.9130268,0.0,115.151093,0.0,-0.383317322,-0.159999967,12.233016,0.0,115.151093,0.0,-1.83162177,0.640000045,12.9130268,0.0,115.151093,0.0,-1.83162177,0.640000045,12.9130268,0.0,115.151093,0.0,0.0,0.0,1.0,0.0,0.0,0.0,0.0,2,1,5,20,9,22.887825,49.45601,Tina Aminipour,4890,2026-09-18T13:49:35.290664,,,
DATA,76.55,-1.66725576,0.640000045,12.8358526,0.0,115.151093,0.0,-0.218951315,-0.159999967,12.1558418,0.0,115.151093,0.0,-1.66725576,0.640000045,12.8358526,0.0,115.151093,0.0,-1.66725576,0.640000045,12.8358526,0.0,115.151093,0.0,0.0,0.0,1.0,0.0,0.0,0.0,0.0,2,1,5,20,9,22.9395065,49.50769,Tina Aminipour,4890,2026-09-18T13:49:35.348585,,,
DATA,76.6,-1.51058519,0.640000045,12.7622929,0.0,115.151093,0.0,-0.06228079,-0.159999967,12.0822821,0.0,115.151093,0.0,-1.51058519,0.640000045,12.7622929,0.0,115.151093,0.0,-1.51058519,0.640000045,12.7622929,0.0,115.151093,0.0,0.0,0.0,1.0,0.0,0.0,0.0,0.0,2,1,5,20,9,22.9894562,49.55764,Tina Aminipour,4890,2026-09-18T13:49:35.397857,,,
DATA,76.649,-1.3604933,0.6399999,12.6918211,0.0,115.151093,0.0,0.08781106,-0.160000086,12.01181,0.0,115.151093,0.0,-1.3604933,0.6399999,12.6918211,0.0,115.151093,0.0,-1.3604933,0.6399999,12.6918211,0.0,115.151093,0.0,0.0,0.0,1.0,0.0,0.0,0.0,0.0,2,1,5,20,9,23.0371246,49.60531,Tina Aminipour,4890,2026-09-18T13:49:35.445435,,,
DATA,76.7,-1.17655432,0.6399999,12.5495262,0.0,112.928558,0.0,0.2584916,-0.160000086,11.9327431,0.0,113.197891,0.0,-1.17655432,0.6399999,12.5495262,0.0,112.928558,0.0,-1.17655432,0.6399999,12.5495262,0.0,112.928558,0.0,-1.0,0.0,1.0,0.0,0.0,0.0,0.0,2,1,5,20,9,23.0898514,49.6580353,Tina Aminipour,4890,2026-09-18T13:49:35.497454,,,
DATA,76.748,-1.05945611,0.64,12.3813753,0.0,108.678406,0.0,0.410767227,-0.160000026,11.8732805,0.0,108.99334,0.0,-1.05945611,0.64,12.3813753,0.0,108.678406,0.0,-1.05945611,0.64,12.3813753,0.0,108.678406,0.0,-1.0,0.0,1.0,0.0,0.0,0.0,0.0,2,1,5,20,9,23.13733,49.705513,Tina Aminipour,4890,2026-09-18T13:49:35.547694,,,
DATA,76.8,-0.9235922,0.6399999,12.207489,0.0,104.019989,0.0,0.584375143,-0.160000086,11.8204556,0.0,104.325722,0.0,-0.9235922,0.6399999,12.207489,0.0,104.019989,0.0,-0.9235922,0.6399999,12.207489,0.0,104.019989,0.0,-1.0,0.0,1.0,0.0,0.0,0.0,0.0,2,1,5,20,9,23.1890411,49.757225,Tina Aminipour,4890,2026-09-18T13:49:35.592755,,,
DATA,76.849,-0.779385865,0.64,12.0536118,0.0,99.6007462,0.0,0.751593649,-0.160000026,11.7837811,0.0,99.92254,0.0,-0.779385865,0.64,12.0536118,0.0,99.6007462,0.0,-0.779385865,0.64,12.0536118,0.0,99.6007462,0.0,-1.0,0.0,1.0,0.0,0.0,0.0,0.0,2,1,5,20,9,23.2382278,49.80641,Tina Aminipour,4890,2026-09-18T13:49:35.641830,,,
DATA,76.898,-0.626623,0.6399999,11.9107418,0.0,95.18042,0.0,0.922239,-0.160000086,11.7599392,0.0,95.4908,0.0,-0.626623,0.6399999,11.9107418,0.0,95.18042,0.0,-0.626623,0.6399999,11.9107418,0.0,95.18042,0.0,-1.0,0.0,1.0,0.0,0.0,0.0,0.0,2,1,5,20,9,23.2872772,49.85546,Tina Aminipour,4890,2026-09-18T13:49:35.695029,,,
DATA,76.952,-0.487166047,0.6399999,11.8065405,0.0,92.07743,0.0,1.11178231,-0.160000086,11.7485409,0.0,92.07743,0.0,-0.487166047,0.6399999,11.8065405,0.0,92.07743,0.0,-0.487166047,0.6399999,11.8065405,0.0,92.07743,0.0,0.0,0.0,1.0,0.0,0.0,0.0,0.0,2,1,5,20,9,23.34092,49.9091034,Tina Aminipour,4890,2026-09-18T13:49:35.749142,,,
DATA,76.999,-0.320503831,0.6399999,11.8004951,0.0,92.07743,0.0,1.27844453,-0.160000086,11.7424955,0.0,92.07743,0.0,-0.320503831,0.6399999,11.8004951,0.0,92.07743,0.0,-0.320503831,0.6399999,11.8004951,0.0,92.07743,0.0,0.0,0.0,1.0,0.0,0.0,0.0,0.0,2,1,5,20,9,23.3887024,49.9568863,Tina Aminipour,4890,2026-09-18T13:49:35.797189,,,
DATA,77.053,-0.138118982,0.64,11.7938795,0.0,92.07743,0.0,1.46082938,-0.160000026,11.73588,0.0,92.07743,0.0,-0.138118982,0.64,11.7938795,0.0,92.07743,0.0,-0.138118982,0.64,11.7938795,0.0,92.07743,0.0,0.0,0.0,1.0,0.0,0.0,0.0,0.0,2,1,5,20,9,23.4414444,50.00963,Tina Aminipour,4890,2026-09-18T13:49:35.844668,,,
DATA,77.101,0.0321751833,0.6399999,11.7877016,0.0,92.07743,0.0,1.63112354,-0.160000086,11.729702,0.0,92.07743,0.0,0.0321751833,0.6399999,11.7877016,0.0,92.07743,0.0,0.0321751833,0.6399999,11.7877016,0.0,92.07743,0.0,0.0,0.0,1.0,0.0,0.0,0.0,0.0,2,1,5,20,9,23.48967,50.0578537,Tina Aminipour,4890,2026-09-18T13:49:35.898213,,,
DATA,77.152,0.209763169,0.64,11.7812605,0.0,92.07743,0.0,1.80871153,-0.160000026,11.7232609,0.0,92.07743,0.0,0.209763169,0.64,11.7812605,0.0,92.07743,0.0,0.209763169,0.64,11.7812605,0.0,92.07743,0.0,0.0,0.0,1.0,0.0,0.0,0.0,0.0,2,1,5,20,9,23.5402145,50.1084,Tina Aminipour,4890,2026-09-18T13:49:35.949361,,,
DATA,77.201,0.424803764,0.64,11.747036,0.0,90.75855,0.0,1.98501539,-0.160000026,11.7170486,0.0,91.03837,0.0,0.424803764,0.64,11.747036,0.0,90.75855,0.0,0.424803764,0.64,11.747036,0.0,90.75855,0.0,-1.0,0.0,1.0,0.0,0.0,0.0,0.0,2,1,5,20,9,23.59069,50.1588745,Tina Aminipour,4890,2026-09-18T13:49:35.998453,,,
DATA,77.249,0.592746735,0.6399999,11.6368151,0.0,86.57595,0.0,2.14631462,-0.160000086,11.7193136,0.0,86.88938,0.0,0.592746735,0.6399999,11.6368151,0.0,86.57595,0.0,0.592746735,0.6399999,11.6368151,0.0,86.57595,0.0,-1.0,0.0,1.0,0.0,0.0,0.0,0.0,2,1,5,20,9,23.637352,50.2055359,Tina Aminipour,4890,2026-09-18T13:49:36.046091,,,
DATA,77.301,0.787253737,0.6399999,11.5232525,0.0,81.79509,0.0,2.33254075,-0.160000086,11.7365074,0.0,82.07893,0.0,0.787253737,0.6399999,11.5232525,0.0,81.79509,0.0,0.787253737,0.6399999,11.5232525,0.0,81.79509,0.0,-1.0,0.0,1.0,0.0,0.0,0.0,0.0,2,1,5,20,9,23.6903076,50.25849,Tina Aminipour,4890,2026-09-18T13:49:36.098634,,,
DATA,77.349,0.969441056,0.64,11.4395466,0.0,77.60081,0.0,2.49252772,-0.160000026,11.7640734,0.0,77.9034653,0.0,0.969441056,0.64,11.4395466,0.0,77.60081,0.0,0.969441056,0.64,11.4395466,0.0,77.60081,0.0,-1.0,0.0,1.0,0.0,0.0,0.0,0.0,2,1,5,20,9,23.7370148,50.3052,Tina Aminipour,4890,2026-09-18T13:49:36.145164,,,
DATA,77.398,1.16897535,0.6399999,11.3648882,0.0,73.1318359,0.0,2.66059661,-0.160000086,11.8062134,0.0,73.4468,0.0,1.16897535,0.6399999,11.3648882,0.0,73.1318359,0.0,1.16897535,0.6399999,11.3648882,0.0,73.1318359,0.0,-1.0,0.0,1.0,0.0,0.0,0.0,0.0,2,1,5,20,9,23.7867432,50.3549271,Tina Aminipour,4890,2026-09-18T13:49:36.195240,,,
DATA,77.447,1.31453824,0.6399999,11.3392229,0.0,70.96744,0.0,2.82707167,-0.160000086,11.8609915,0.0,70.96744,0.0,1.31453824,0.6399999,11.3392229,0.0,70.96744,0.0,1.31453824,0.6399999,11.3392229,0.0,70.96744,0.0,0.0,0.0,1.0,0.0,0.0,0.0,0.0,2,1,5,20,9,23.8367233,50.4049072,Tina Aminipour,4890,2026-09-18T13:49:36.245317,,,
DATA,77.503,1.44375694,0.64,11.3999357,0.0,71.89652,0.0,3.006052,-0.160000026,11.9227324,0.0,71.5605,0.0,1.44375694,0.64,11.3999357,0.0,71.89652,0.0,1.44375694,0.64,11.3999357,0.0,71.89652,0.0,1.0,0.0,1.0,0.0,0.0,0.0,0.0,2,1,5,20,9,23.8912659,50.45945,Tina Aminipour,4890,2026-09-18T13:49:36.294375,,,
DATA,77.549,1.57401335,0.64,11.5663633,0.0,76.11284,0.0,3.164838,-0.160000026,11.96991,0.0,75.82097,0.0,1.57401335,0.64,11.5663633,0.0,76.11284,0.0,1.57401335,0.64,11.5663633,0.0,76.11284,0.0,1.0,0.0,1.0,0.0,0.0,0.0,0.0,2,1,5,20,9,23.9378662,50.50605,Tina Aminipour,4890,2026-09-18T13:49:36.346592,,,
DATA,77.603,1.73207951,0.6399999,11.7414179,0.0,80.9254,0.0,3.3485744,-0.160000086,12.0089951,0.0,80.65279,0.0,1.73207951,0.6399999,11.7414179,0.0,80.9254,0.0,1.73207951,0.6399999,11.7414179,0.0,80.9254,0.0,1.0,0.0,1.0,0.0,0.0,0.0,0.0,2,1,5,20,9,23.9912338,50.5594177,Tina Aminipour,4890,2026-09-18T13:49:36.399221,,,
DATA,77.653,1.88555288,0.6399999,11.8907337,0.0,85.4474258,0.0,3.52189326,-0.160000086,12.0312767,0.0,85.14738,0.0,1.88555288,0.6399999,11.8907337,0.0,85.4474258,0.0,1.88555288,0.6399999,11.8907337,0.0,85.4474258,0.0,1.0,0.0,1.0,0.0,0.0,0.0,0.0,2,1,6,20,10,24.0416336,50.6098175,Tina Aminipour,4890,2026-09-18T13:49:36.450284,,,
DATA,77.702,2.08108854,0.64,12.0186882,0.0,89.2440643,0.0,3.68094921,-0.160000026,12.0397978,0.0,89.2440643,0.0,2.08108854,0.64,12.0186882,0.0,89.2440643,0.0,2.08108854,0.64,12.0186882,0.0,89.2440643,0.0,0.0,0.0,1.0,0.0,0.0,0.0,0.0,2,1,6,20,10,24.0905151,50.6587,Tina Aminipour,4890,2026-09-18T13:49:36.500256,,,
DATA,77.75,2.2584157,0.64,12.0210285,0.0,89.2440643,0.0,3.85827637,-0.160000026,12.0421371,0.0,89.2440643,0.0,2.2584157,0.64,12.0210285,0.0,89.2440643,0.0,2.2584157,0.64,12.0210285,0.0,89.2440643,0.0,0.0,0.0,1.0,0.0,0.0,0.0,0.0,2,1,6,20,10,24.1381073,50.70629,Tina Aminipour,4890,2026-09-18T13:49:36.546322,,,
DATA,77.799,2.43881083,0.6399999,12.0234089,0.0,89.2440643,0.0,4.03867149,-0.160000086,12.0445175,0.0,89.2440643,0.0,2.43881083,0.6399999,12.0234089,0.0,89.2440643,0.0,2.43881083,0.6399999,12.0234089,0.0,89.2440643,0.0,0.0,0.0,1.0,0.0,0.0,0.0,0.0,2,1,6,20,10,24.189003,50.7571869,Tina Aminipour,4890,2026-09-18T13:49:36.597365,,,
DATA,77.852,2.61829,0.64,12.0257759,0.0,89.2440643,0.0,4.21815062,-0.160000026,12.0468855,0.0,89.2440643,0.0,2.61829,0.64,12.0257759,0.0,89.2440643,0.0,2.61829,0.64,12.0257759,0.0,89.2440643,0.0,0.0,0.0,1.0,0.0,0.0,0.0,0.0,2,1,6,20,10,24.2403336,50.8085175,Tina Aminipour,4890,2026-09-18T13:49:36.649441,,,
DATA,77.9,2.78564072,0.64,12.0279846,0.0,89.2440643,0.0,4.38550138,-0.160000026,12.0490942,0.0,89.2440643,0.0,2.78564072,0.64,12.0279846,0.0,89.2440643,0.0,2.78564072,0.64,12.0279846,0.0,89.2440643,0.0,0.0,0.0,1.0,0.0,0.0,0.0,0.0,2,1,6,20,10,24.2885284,50.8567123,Tina Aminipour,4890,2026-09-18T13:49:36.697488,,,
DATA,77.952,2.96891832,0.64,12.0304031,0.0,89.2440643,0.0,4.568779,-0.160000026,12.0515118,0.0,89.2440643,0.0,2.96891832,0.64,12.0304031,0.0,89.2440643,0.0,2.96891832,0.64,12.0304031,0.0,89.2440643,0.0,0.0,0.0,1.0,0.0,0.0,0.0,0.0,2,1,6,20,10,24.340744,50.9089279,Tina Aminipour,4890,2026-09-18T13:49:36.749970,,,
DATA,78.003,3.145719,0.640000045,12.0327358,0.0,89.2440643,0.0,4.74557972,-0.159999967,12.0538454,0.0,89.2440643,0.0,3.145719,0.640000045,12.0327358,0.0,89.2440643,0.0,3.145719,0.640000045,12.0327358,0.0,89.2440643,0.0,0.0,0.0,1.0,0.0,0.0,0.0,0.0,2,1,6,20,10,24.3914261,50.95961,Tina Aminipour,4890,2026-09-18T13:49:36.799844,,,
DATA,78.05,3.310801,0.64,12.034914,0.0,89.2440643,0.0,4.9106617,-0.160000026,12.0560226,0.0,89.2440643,0.0,3.310801,0.64,12.034914,0.0,89.2440643,0.0,3.310801,0.64,12.034914,0.0,89.2440643,0.0,0.0,0.0,1.0,0.0,0.0,0.0,0.0,2,1,6,20,10,24.43853,51.0067139,Tina Aminipour,4890,2026-09-18T13:49:36.847107,,,
DATA,78.097,3.4777832,0.64,12.037117,0.0,89.2440643,0.0,5.077644,-0.160000026,12.0582266,0.0,89.2440643,0.0,3.4777832,0.64,12.037117,0.0,89.2440643,0.0,3.4777832,0.64,12.037117,0.0,89.2440643,0.0,0.0,0.0,1.0,0.0,0.0,0.0,0.0,2,1,6,20,10,24.4867249,51.05491,Tina Aminipour,4890,2026-09-18T13:49:36.895571,,,
DATA,78.152,3.65797567,0.6399999,12.0394955,0.0,89.2440643,0.0,5.25783634,-0.160000086,12.0606041,0.0,89.2440643,0.0,3.65797567,0.6399999,12.0394955,0.0,89.2440643,0.0,3.65797567,0.6399999,12.0394955,0.0,89.2440643,0.0,0.0,0.0,1.0,0.0,0.0,0.0,0.0,2,1,6,20,10,24.53994,51.1081238,Tina Aminipour,4890,2026-09-18T13:49:36.949263,,,
DATA,78.199,3.83575916,0.64,12.04184,0.0,89.2440643,0.0,5.43562,-0.160000026,12.0629492,0.0,89.2440643,0.0,3.83575916,0.64,12.04184,0.0,89.2440643,0.0,3.83575916,0.64,12.04184,0.0,89.2440643,0.0,0.0,0.0,1.0,0.0,0.0,0.0,0.0,2,1,6,20,10,24.5883255,51.15651,Tina Aminipour,4890,2026-09-18T13:49:36.996292,,,
DATA,78.25,4.00968027,0.64,12.044136,0.0,89.2440643,0.0,5.609541,-0.160000026,12.0652447,0.0,89.2440643,0.0,4.00968027,0.64,12.044136,0.0,89.2440643,0.0,4.00968027,0.64,12.044136,0.0,89.2440643,0.0,0.0,0.0,1.0,0.0,0.0,0.0,0.0,2,1,6,20,10,24.6379776,51.20616,Tina Aminipour,4890,2026-09-18T13:49:37.046403,,,
DATA,78.298,4.13133,0.64,12.1014595,0.0,91.61674,0.0,5.77833557,-0.160000026,12.0664186,0.0,91.2812,0.0,4.13133,0.64,12.1014595,0.0,91.61674,0.0,4.13133,0.64,12.1014595,0.0,91.61674,0.0,1.0,0.0,1.0,0.0,0.0,0.0,0.0,2,1,6,20,10,24.68705,51.2552338,Tina Aminipour,4890,2026-09-18T13:49:37.095469,,,
DATA,78.352,4.33997774,0.64,12.2306833,0.0,96.49344,0.0,5.969795,-0.160000026,12.0547075,0.0,96.21517,0.0,4.33997774,0.64,12.2306833,0.0,96.49344,0.0,4.33997774,0.64,12.2306833,0.0,96.49344,0.0,1.0,0.0,1.0,0.0,0.0,0.0,0.0,2,1,6,20,10,24.7409134,51.3090973,Tina Aminipour,4890,2026-09-18T13:49:37.148952,,,
DATA,78.402,4.529976,0.6399999,12.3330908,0.0,100.996277,0.0,6.14262438,-0.160000086,12.0297832,0.0,100.706444,0.0,4.529976,0.6399999,12.3330908,0.0,100.996277,0.0,4.529976,0.6399999,12.3330908,0.0,100.996277,0.0,1.0,0.0,1.0,0.0,0.0,0.0,0.0,2,1,6,20,10,24.791008,51.35919,Tina Aminipour,4890,2026-09-18T13:49:37.198483,,,
DATA,78.448,4.71316,0.6399999,12.4147129,0.0,105.180878,0.0,6.301004,-0.160000086,11.9944963,0.0,104.879822,0.0,4.71316,0.6399999,12.4147129,0.0,105.180878,0.0,4.71316,0.6399999,12.4147129,0.0,105.180878,0.0,1.0,0.0,1.0,0.0,0.0,0.0,0.0,2,1,6,20,10,24.83757,51.4057541,Tina Aminipour,4890,2026-09-18T13:49:37.245672,,,
DATA,78.5,4.925318,0.64,12.4886646,0.0,109.80172,0.0,6.473109,-0.160000026,11.9420061,0.0,109.507874,0.0,4.925318,0.64,12.4886646,0.0,109.80172,0.0,4.925318,0.64,12.4886646,0.0,109.80172,0.0,1.0,0.0,1.0,0.0,0.0,0.0,0.0,2,1,6,20,10,24.88887,51.4570541,Tina Aminipour,4890,2026-09-18T13:49:37.291801,,,
DATA,78.55,5.138179,0.6399999,12.5441933,0.0,114.327705,0.0,6.637026,-0.160000086,11.877285,0.0,114.040733,0.0,5.138179,0.6399999,12.5441933,0.0,114.327705,0.0,5.138179,0.6399999,12.5441933,0.0,114.327705,0.0,1.0,0.0,1.0,0.0,0.0,0.0,0.0,2,1,6,20,10,24.9391251,51.50731,Tina Aminipour,4890,2026-09-18T13:49:37.347662,,,
DATA,78.602,5.35375834,0.6399999,12.5859756,0.0,118.988266,0.0,6.798466,-0.160000086,11.7981224,0.0,118.665535,0.0,5.35375834,0.6399999,12.5859756,0.0,118.988266,0.0,5.35375834,0.6399999,12.5859756,0.0,118.988266,0.0,1.0,0.0,1.0,0.0,0.0,0.0,0.0,2,1,6,20,10,24.9911041,51.559288,Tina Aminipour,4890,2026-09-18T13:49:37.399063,,,
DATA,78.65,5.56596756,0.6399999,12.6048822,0.0,123.286079,0.0,6.943345,-0.160000086,11.7124786,0.0,122.994247,0.0,5.56596756,0.6399999,12.6048822,0.0,123.286079,0.0,5.56596756,0.6399999,12.6048822,0.0,123.286079,0.0,1.0,0.0,1.0,0.0,0.0,0.0,0.0,2,1,6,20,10,25.0386887,51.6068726,Tina Aminipour,4890,2026-09-18T13:49:37.447315,,,
DATA,78.698,5.769633,0.6399999,12.6124458,0.0,127.60054,0.0,7.0799675,-0.160000086,11.6171818,0.0,127.27861,0.0,5.769633,0.6399999,12.6124458,0.0,127.60054,0.0,5.769633,0.6399999,12.6124458,0.0,127.60054,0.0,1.0,0.0,1.0,0.0,0.0,0.0,0.0,2,1,6,20,10,25.086792,51.6549759,Tina Aminipour,4890,2026-09-18T13:49:37.495253,,,
DATA,78.749,5.994904,0.640000045,12.59771,0.0,132.142059,0.0,7.21763229,-0.159999967,11.5043516,0.0,131.856827,0.0,5.994904,0.640000045,12.59771,0.0,132.142059,0.0,5.994904,0.640000045,12.59771,0.0,132.142059,0.0,1.0,0.0,1.0,0.0,0.0,0.0,0.0,2,1,6,20,10,25.1370468,51.70523,Tina Aminipour,4890,2026-09-18T13:49:37.545292,,,
DATA,78.8,6.21820259,0.6399999,12.5680313,0.0,136.815231,0.0,7.348302,-0.160000086,11.3783541,0.0,136.525787,0.0,6.21820259,0.6399999,12.5680313,0.0,136.815231,0.0,6.21820259,0.6399999,12.5680313,0.0,136.815231,0.0,1.0,0.0,1.0,0.0,0.0,0.0,0.0,2,1,6,20,10,25.1889954,51.75718,Tina Aminipour,4890,2026-09-18T13:49:37.597464,,,
DATA,78.851,6.43651247,0.6399999,12.5204773,0.0,141.4375,0.0,7.467119,-0.160000086,11.2435579,0.0,141.147552,0.0,6.43651247,0.6399999,12.5204773,0.0,141.4375,0.0,6.43651247,0.6399999,12.5204773,0.0,141.4375,0.0,1.0,0.0,1.0,0.0,0.0,0.0,0.0,2,1,6,20,10,25.2403564,51.80854,Tina Aminipour,4890,2026-09-18T13:49:37.649404,,,
DATA,78.904,6.641253,0.64,12.4664011,0.0,146.117172,0.0,7.574023,-0.160000026,11.10074,0.0,145.736084,0.0,6.641253,0.64,12.4664011,0.0,146.117172,0.0,6.641253,0.64,12.4664011,0.0,146.117172,0.0,1.0,0.0,1.0,0.0,0.0,0.0,0.0,2,1,6,20,10,25.2928619,51.8610458,Tina Aminipour,4890,2026-09-18T13:49:37.701530,,,
DATA,78.949,6.83506155,0.64,12.3864155,0.0,150.240814,0.0,7.66126537,-0.160000026,10.9634771,0.0,149.919235,0.0,6.83506155,0.64,12.3864155,0.0,150.240814,0.0,6.83506155,0.64,12.3864155,0.0,150.240814,0.0,1.0,0.0,1.0,0.0,0.0,0.0,0.0,2,1,6,20,10,25.3383484,51.9065323,Tina Aminipour,4890,2026-09-18T13:49:37.746411,,,
DATA,78.999,7.014833,0.64,12.3116322,0.0,154.636475,0.0,7.73996449,-0.160000026,10.8167667,0.0,154.201233,0.0,7.014833,0.64,12.3116322,0.0,154.636475,0.0,7.014833,0.64,12.3116322,0.0,154.636475,0.0,1.0,0.0,1.0,0.0,0.0,0.0,0.0,2,1,6,20,10,25.3878174,51.956,Tina Aminipour,4890,2026-09-18T13:49:37.790568,,,
DATA,79.049,7.21898031,0.64,12.18263,0.0,159.1678,0.0,7.81292057,-0.160000026,10.6508255,0.0,158.863815,0.0,7.21898031,0.64,12.18263,0.0,159.1678,0.0,7.21898031,0.64,12.18263,0.0,159.1678,0.0,1.0,0.0,1.0,0.0,0.0,0.0,0.0,2,1,6,20,10,25.437439,52.0056229,Tina Aminipour,4890,2026-09-18T13:49:37.847601,,,
DATA,79.102,7.41312456,0.64,12.0465956,0.0,164.018417,0.0,7.87434626,-0.160000026,10.4719229,0.0,163.729248,0.0,7.41312456,0.64,12.0465956,0.0,164.018417,0.0,7.41312456,0.64,12.0465956,0.0,164.018417,0.0,1.0,0.0,1.0,0.0,0.0,0.0,0.0,2,1,6,20,10,25.4912567,52.05944,Tina Aminipour,4890,2026-09-18T13:49:37.899707,,,
DATA,79.151,7.577527,0.64,11.9105787,0.0,168.397,0.0,7.9165616,-0.160000026,10.3066015,0.0,168.117844,0.0,7.577527,0.64,11.9105787,0.0,168.397,0.0,7.577527,0.64,11.9105787,0.0,168.397,0.0,1.0,0.0,1.0,0.0,0.0,0.0,0.0,2,1,6,20,10,25.5398483,52.1080322,Tina Aminipour,4890,2026-09-18T13:49:37.944114,,,
DATA,79.2,7.63287973,0.64,11.7061138,0.0,168.536591,0.0,7.950867,-0.160000026,10.138031,0.0,168.536591,0.0,7.63287973,0.64,11.7061138,0.0,168.536591,0.0,7.63287973,0.64,11.7061138,0.0,168.536591,0.0,0.0,0.0,1.0,0.0,0.0,0.0,0.0,2,1,6,20,10,25.5890427,52.1572266,Tina Aminipour,4890,2026-09-18T13:49:37.997025,,,
DATA,79.248,7.61244726,0.64,11.4858265,0.0,165.760971,0.0,7.985907,-0.160000026,9.97355652,0.0,166.060623,0.0,7.61244726,0.64,11.4858265,0.0,165.760971,0.0,7.61244726,0.64,11.4858265,0.0,165.760971,0.0,-1.0,0.0,1.0,0.0,0.0,0.0,0.0,2,1,6,20,10,25.63739,52.205574,Tina Aminipour,4890,2026-09-18T13:49:38.046423,,,
DATA,79.303,7.538388,0.64,11.2667484,0.0,160.898392,0.0,8.038358,-0.160000026,9.79211,0.0,161.202377,0.0,7.538388,0.64,11.2667484,0.0,160.898392,0.0,7.538388,0.64,11.2667484,0.0,160.898392,0.0,-1.0,0.0,1.0,0.0,0.0,0.0,0.0,2,1,6,20,10,25.6914444,52.25963,Tina Aminipour,4890,2026-09-18T13:49:38.099700,,,
DATA,79.35,7.48784733,0.64,11.0740719,0.0,156.680862,0.0,8.09652,-0.160000026,9.63802,0.0,156.9662,0.0,7.48784733,0.64,11.0740719,0.0,156.680862,0.0,7.48784733,0.64,11.0740719,0.0,156.680862,0.0,-1.0,0.0,1.0,0.0,0.0,0.0,0.0,2,1,6,20,10,25.738205,52.30639,Tina Aminipour,4890,2026-09-18T13:49:38.147307,,,
DATA,79.401,7.452243,0.64,10.8549576,0.0,152.04451,0.0,8.172492,-0.160000026,9.475684,0.0,152.356171,0.0,7.452243,0.64,10.8549576,0.0,152.04451,0.0,7.452243,0.64,10.8549576,0.0,152.04451,0.0,-1.0,0.0,1.0,0.0,0.0,0.0,0.0,2,1,6,20,10,25.7898636,52.3580475,Tina Aminipour,4890,2026-09-18T13:49:38.192432,,,
DATA,79.451,7.43194437,0.64,10.6448374,0.0,147.585083,0.0,8.258423,-0.160000026,9.324595,0.0,147.885483,0.0,7.43194437,0.64,10.6448374,0.0,147.585083,0.0,7.43194437,0.64,10.6448374,0.0,147.585083,0.0,-1.0,0.0,1.0,0.0,0.0,0.0,0.0,2,1,6,20,10,25.8393478,52.40753,Tina Aminipour,4890,2026-09-18T13:49:38.247689,,,
DATA,79.5,7.429021,0.6399999,10.4328365,0.0,143.1226,0.0,8.355676,-0.160000086,9.180937,0.0,143.42337,0.0,7.429021,0.6399999,10.4328365,0.0,143.1226,0.0,7.429021,0.6399999,10.4328365,0.0,143.1226,0.0,-1.0,0.0,1.0,0.0,0.0,0.0,0.0,2,1,6,20,10,25.8889389,52.4571228,Tina Aminipour,4890,2026-09-18T13:49:38.298123,,,
DATA,79.55,7.44301462,0.64,10.2218151,0.0,138.6782,0.0,8.463219,-0.160000026,9.045971,0.0,138.984711,0.0,7.44301462,0.64,10.2218151,0.0,138.6782,0.0,7.44301462,0.64,10.2218151,0.0,138.6782,0.0,-1.0,0.0,1.0,0.0,0.0,0.0,0.0,2,1,6,20,10,25.9383469,52.50653,Tina Aminipour,4890,2026-09-18T13:49:38.347751,,,
DATA,79.599,7.472932,0.64,10.0106144,0.0,134.183685,0.0,8.582499,-0.160000026,8.91811848,0.0,134.48732,0.0,7.472932,0.64,10.0106144,0.0,134.183685,0.0,7.472932,0.64,10.0106144,0.0,134.183685,0.0,-1.0,0.0,1.0,0.0,0.0,0.0,0.0,2,1,6,20,10,25.9882736,52.5564575,Tina Aminipour,4890,2026-09-18T13:49:38.397061,,,
DATA,79.649,7.521992,0.64,9.803927,0.0,129.7525,0.0,8.708545,-0.160000026,8.802485,0.0,130.087769,0.0,7.521992,0.64,9.803927,0.0,129.7525,0.0,7.521992,0.64,9.803927,0.0,129.7525,0.0,-1.0,0.0,1.0,0.0,0.0,0.0,0.0,2,1,6,20,10,26.0376816,52.6058655,Tina Aminipour,4890,2026-09-18T13:49:38.446139,,,
DATA,79.698,7.588064,0.64,9.601952,0.0,125.331306,0.0,8.84239,-0.160000026,8.69737148,0.0,125.71048,0.0,7.588064,0.64,9.601952,0.0,125.331306,0.0,7.588064,0.64,9.601952,0.0,125.331306,0.0,-1.0,0.0,1.0,0.0,0.0,0.0,0.0,2,1,6,20,10,26.0870514,52.6552353,Tina Aminipour,4890,2026-09-18T13:49:38.495468,,,
DATA,79.751,7.66305161,0.64,9.391556,0.0,120.501534,0.0,9.001995,-0.160000026,8.591746,0.0,120.787483,0.0,7.66305161,0.64,9.391556,0.0,120.501534,0.0,7.66305161,0.64,9.391556,0.0,120.501534,0.0,-1.0,0.0,1.0,0.0,0.0,0.0,0.0,2,1,6,20,10,26.1401978,52.70838,Tina Aminipour,4890,2026-09-18T13:49:38.544045,,,
DATA,79.798,7.759775,0.64,9.212937,0.0,116.351372,0.0,9.139935,-0.160000026,8.515227,0.0,116.730461,0.0,7.759775,0.64,9.212937,0.0,116.351372,0.0,7.759775,0.64,9.212937,0.0,116.351372,0.0,-1.0,0.0,1.0,0.0,0.0,0.0,0.0,2,1,6,20,10,26.1868286,52.7550125,Tina Aminipour,4890,2026-09-18T13:49:38.596173,,,
DATA,79.854,7.880458,0.64,9.008188,0.0,111.317711,0.0,9.318567,-0.160000026,8.433968,0.0,111.682472,0.0,7.880458,0.64,9.008188,0.0,111.317711,0.0,7.880458,0.64,9.008188,0.0,111.317711,0.0,-1.0,0.0,1.0,0.0,0.0,0.0,0.0,2,1,6,20,10,26.2426758,52.81086,Tina Aminipour,4890,2026-09-18T13:49:38.645740,,,
DATA,79.9,7.99557066,0.640000045,8.845554,0.0,107.109406,0.0,9.472653,-0.159999967,8.378365,0.0,107.469231,0.0,7.99557066,0.640000045,8.845554,0.0,107.109406,0.0,7.99557066,0.640000045,8.845554,0.0,107.109406,0.0,-1.0,0.0,1.0,0.0,0.0,0.0,0.0,2,1,6,20,10,26.2894135,52.8575974,Tina Aminipour,4890,2026-09-18T13:49:38.697785,,,
DATA,79.953,8.132048,0.640000045,8.673111,0.0,102.390305,0.0,9.652023,-0.159999967,8.329141,0.0,102.684944,0.0,8.132048,0.640000045,8.673111,0.0,102.390305,0.0,8.132048,0.640000045,8.673111,0.0,102.390305,0.0,-1.0,0.0,1.0,0.0,0.0,0.0,0.0,2,1,6,20,10,26.3414841,52.909668,Tina Aminipour,4890,2026-09-18T13:49:38.749849,,,
DATA,80.004,8.296312,0.64,8.519721,0.0,97.80629,0.0,9.822919,-0.160000026,8.296855,0.0,98.2116,0.0,8.296312,0.64,8.519721,0.0,97.80629,0.0,8.296312,0.64,8.519721,0.0,97.80629,0.0,-1.0,0.0,1.0,0.0,0.0,0.0,0.0,2,1,6,20,10,26.3930283,52.9612122,Tina Aminipour,4890,2026-09-18T13:49:38.801567,,,
DATA,80.049,8.389693,0.6399999,8.405325,0.0,94.5369339,0.0,9.98468,-0.160000086,8.278762,0.0,94.5369339,0.0,8.389693,0.6399999,8.405325,0.0,94.5369339,0.0,8.389693,0.6399999,8.405325,0.0,94.5369339,0.0,0.0,0.0,1.0,0.0,0.0,0.0,0.0,2,1,6,20,10,26.4384918,53.0066757,Tina Aminipour,4890,2026-09-18T13:49:38.848145,,,
DATA,80.098,8.561877,0.64,8.391662,0.0,94.5369339,0.0,10.1568642,-0.160000026,8.265099,0.0,94.5369339,0.0,8.561877,0.64,8.391662,0.0,94.5369339,0.0,8.561877,0.64,8.391662,0.0,94.5369339,0.0,0.0,0.0,1.0,0.0,0.0,0.0,0.0,2,1,6,20,10,26.4874115,53.0555954,Tina Aminipour,4890,2026-09-18T13:49:38.890679,,,
DATA,80.152,8.74733,0.6399999,8.3769455,0.0,94.5369339,0.0,10.3423166,-0.160000086,8.250382,0.0,94.5369339,0.0,8.74733,0.6399999,8.3769455,0.0,94.5369339,0.0,8.74733,0.6399999,8.3769455,0.0,94.5369339,0.0,0.0,0.0,1.0,0.0,0.0,0.0,0.0,2,1,6,20,10,26.5401154,53.1083,Tina Aminipour,4890,2026-09-18T13:49:38.948801,,,
DATA,80.2,8.920279,0.64,8.363222,0.0,94.5369339,0.0,10.5152655,-0.160000026,8.236659,0.0,94.5369339,0.0,8.920279,0.64,8.363222,0.0,94.5369339,0.0,8.920279,0.64,8.363222,0.0,94.5369339,0.0,0.0,0.0,1.0,0.0,0.0,0.0,0.0,2,1,6,20,10,26.5899582,53.1581421,Tina Aminipour,4890,2026-09-18T13:49:38.993251,,,
DATA,80.249,9.089994,0.64,8.349755,0.0,94.5369339,0.0,10.6849813,-0.160000026,8.223192,0.0,94.5369339,0.0,9.089994,0.64,8.349755,0.0,94.5369339,0.0,9.089994,0.64,8.349755,0.0,94.5369339,0.0,0.0,0.0,1.0,0.0,0.0,0.0,0.0,2,1,6,20,10,26.6381073,53.20629,Tina Aminipour,4890,2026-09-18T13:49:39.046882,,,
DATA,80.302,9.27201,0.64,8.335313,0.0,94.5369339,0.0,10.8669968,-0.160000026,8.20875,0.0,94.5369339,0.0,9.27201,0.64,8.335313,0.0,94.5369339,0.0,9.27201,0.64,8.335313,0.0,94.5369339,0.0,0.0,0.0,1.0,0.0,0.0,0.0,0.0,2,1,6,20,10,26.690712,53.2588959,Tina Aminipour,4890,2026-09-18T13:49:39.099344,,,
DATA,80.349,9.434316,0.64,8.322433,0.0,94.5369339,0.0,11.0293026,-0.160000026,8.19587,0.0,94.5369339,0.0,9.434316,0.64,8.322433,0.0,94.5369339,0.0,9.434316,0.64,8.322433,0.0,94.5369339,0.0,0.0,0.0,1.0,0.0,0.0,0.0,0.0,2,1,6,20,10,26.7377243,53.30591,Tina Aminipour,4890,2026-09-18T13:49:39.147789,,,
DATA,80.403,9.658789,0.6399999,8.192705,0.0,89.87487,0.0,11.2186422,-0.160000086,8.186634,0.0,90.15918,0.0,9.658789,0.6399999,8.192705,0.0,89.87487,0.0,9.658789,0.6399999,8.192705,0.0,89.87487,0.0,-1.0,0.0,1.0,0.0,0.0,0.0,0.0,2,1,6,20,10,26.7911072,53.35929,Tina Aminipour,4890,2026-09-18T13:49:39.198784,,,
DATA,80.449,9.828338,0.64,8.085471,0.0,85.70133,0.0,11.3794165,-0.160000026,8.191345,0.0,86.02232,0.0,9.828338,0.64,8.085471,0.0,85.70133,0.0,9.828338,0.64,8.085471,0.0,85.70133,0.0,-1.0,0.0,1.0,0.0,0.0,0.0,0.0,2,1,6,20,10,26.8376846,53.40587,Tina Aminipour,4890,2026-09-18T13:49:39.246797,,,
DATA,80.501,10.0202732,0.64,7.9779253,0.0,81.03998,0.0,11.5604286,-0.160000026,8.210639,0.0,81.34007,0.0,10.0202732,0.64,7.9779253,0.0,81.03998,0.0,10.0202732,0.64,7.9779253,0.0,81.03998,0.0,-1.0,0.0,1.0,0.0,0.0,0.0,0.0,2,1,7,20,11,26.8893585,53.4575424,Tina Aminipour,4890,2026-09-18T13:49:39.297482,,,
DATA,80.55,10.2151823,0.64,7.89329052,0.0,76.61008,0.0,11.728446,-0.160000026,8.242119,0.0,76.9434,0.0,10.2151823,0.64,7.89329052,0.0,76.61008,0.0,10.2151823,0.64,7.89329052,0.0,76.61008,0.0,-1.0,0.0,1.0,0.0,0.0,0.0,0.0,2,1,7,20,11,26.9387665,53.50695,Tina Aminipour,4890,2026-09-18T13:49:39.347647,,,
DATA,80.604,10.4409418,0.64,7.822503,0.0,71.75837,0.0,11.9066992,-0.160000026,8.290425,0.0,72.19312,0.0,10.4409418,0.64,7.822503,0.0,71.75837,0.0,10.4409418,0.64,7.822503,0.0,71.75837,0.0,-1.0,0.0,1.0,0.0,0.0,0.0,0.0,2,1,7,20,11,26.99324,53.5614243,Tina Aminipour,4890,2026-09-18T13:49:39.401781,,,
DATA,80.652,10.6290064,0.64,7.759087,0.0,67.38067,0.0,12.0722427,-0.160000026,8.350073,0.0,67.66722,0.0,10.6290064,0.64,7.759087,0.0,67.38067,0.0,10.6290064,0.64,7.759087,0.0,67.38067,0.0,-1.0,0.0,1.0,0.0,0.0,0.0,0.0,2,1,7,20,11,27.0410538,53.6092377,Tina Aminipour,4890,2026-09-18T13:49:39.445104,,,
DATA,80.699,10.8285961,0.640000045,7.722452,0.0,63.1266441,0.0,12.2226486,-0.159999967,8.417718,0.0,63.4255066,0.0,10.8285961,0.640000045,7.722452,0.0,63.1266441,0.0,10.8285961,0.640000045,7.722452,0.0,63.1266441,0.0,-1.0,0.0,1.0,0.0,0.0,0.0,0.0,2,1,7,20,11,27.0883942,53.6565781,Tina Aminipour,4890,2026-09-18T13:49:39.496991,,,
DATA,80.75,11.0430489,0.64,7.69782066,0.0,58.56771,0.0,12.3786125,-0.160000026,8.502857,0.0,58.85514,0.0,11.0430489,0.64,7.69782066,0.0,58.56771,0.0,11.0430489,0.64,7.69782066,0.0,58.56771,0.0,-1.0,0.0,1.0,0.0,0.0,0.0,0.0,2,1,7,20,11,27.1389847,53.70717,Tina Aminipour,4890,2026-09-18T13:49:39.547602,,,
DATA,80.801,11.2602463,0.64,7.692459,0.0,54.01324,0.0,12.526351,-0.160000026,8.599487,0.0,54.31451,0.0,11.2602463,0.64,7.692459,0.0,54.01324,0.0,11.2602463,0.64,7.692459,0.0,54.01324,0.0,-1.0,0.0,1.0,0.0,0.0,0.0,0.0,2,1,7,20,11,27.1896667,53.75785,Tina Aminipour,4890,2026-09-18T13:49:39.598573,,,
DATA,80.851,11.47504,0.64,7.70433235,0.0,49.5048981,0.0,12.6645947,-0.160000026,8.706262,0.0,49.8216934,0.0,11.47504,0.64,7.70433235,0.0,49.5048981,0.0,11.47504,0.64,7.70433235,0.0,49.5048981,0.0,-1.0,0.0,1.0,0.0,0.0,0.0,0.0,2,1,7,20,11,27.2398453,53.80803,Tina Aminipour,4890,2026-09-18T13:49:39.644074,,,
DATA,80.901,11.690855,0.6399999,7.73292875,0.0,44.9308357,0.0,12.7960854,-0.160000086,8.825511,0.0,45.2559052,0.0,11.690855,0.6399999,7.73292875,0.0,44.9308357,0.0,11.690855,0.6399999,7.73292875,0.0,44.9308357,0.0,-1.0,0.0,1.0,0.0,0.0,0.0,0.0,2,1,7,20,11,27.29071,53.8588943,Tina Aminipour,4890,2026-09-18T13:49:39.699467,,,
DATA,80.951,11.8926144,0.64,7.7721386,0.0,40.5576172,0.0,12.9136019,-0.160000026,8.950223,0.0,40.8484764,0.0,11.8926144,0.64,7.7721386,0.0,40.5576172,0.0,11.8926144,0.64,7.7721386,0.0,40.5576172,0.0,-1.0,0.0,1.0,0.0,0.0,0.0,0.0,2,1,7,20,11,27.3391113,53.9072952,Tina Aminipour,4890,2026-09-18T13:49:39.742208,,,
DATA,81.001,12.0988731,0.64,7.83239174,0.0,36.0387154,0.0,13.023757,-0.160000026,9.086991,0.0,36.33155,0.0,12.0988731,0.64,7.83239174,0.0,36.0387154,0.0,12.0988731,0.64,7.83239174,0.0,36.0387154,0.0,-1.0,0.0,1.0,0.0,0.0,0.0,0.0,2,1,7,20,11,27.3893356,53.95752,Tina Aminipour,4890,2026-09-18T13:49:39.797836,,,
DATA,81.051,12.3014145,0.64,7.92275238,0.0,31.5652065,0.0,13.118968,-0.160000026,9.225785,0.0,32.0025177,0.0,12.3014145,0.64,7.92275238,0.0,31.5652065,0.0,12.3014145,0.64,7.92275238,0.0,31.5652065,0.0,-1.0,0.0,1.0,0.0,0.0,0.0,0.0,2,1,7,20,11,27.4398422,54.0080261,Tina Aminipour,4890,2026-09-18T13:49:39.850490,,,
DATA,81.104,12.5049114,0.64,8.014568,0.0,26.7757683,0.0,13.2127333,-0.160000026,9.389147,0.0,27.1575012,0.0,12.5049114,0.64,8.014568,0.0,26.7757683,0.0,12.5049114,0.64,8.014568,0.0,26.7757683,0.0,-1.0,0.0,1.0,0.0,0.0,0.0,0.0,2,1,7,20,11,27.4927521,54.060936,Tina Aminipour,4890,2026-09-18T13:49:39.895929,,,
DATA,81.153,12.6857452,0.64,8.115309,0.0,22.3568039,0.0,13.2864847,-0.160000026,9.546024,0.0,22.69884,0.0,12.6857452,0.64,8.115309,0.0,22.3568039,0.0,12.6857452,0.64,8.115309,0.0,22.3568039,0.0,-1.0,0.0,1.0,0.0,0.0,0.0,0.0,2,1,7,20,11,27.5416336,54.1098175,Tina Aminipour,4890,2026-09-18T13:49:39.945433,,,
DATA,81.198,12.8474464,0.640000045,8.225721,0.0,18.2313843,0.0,13.3436937,-0.159999967,9.695844,0.0,18.5741234,0.0,12.8474464,0.640000045,8.225721,0.0,18.2313843,0.0,12.8474464,0.640000045,8.225721,0.0,18.2313843,0.0,-1.0,0.0,1.0,0.0,0.0,0.0,0.0,2,1,7,20,11,27.587471,54.1556549,Tina Aminipour,4890,2026-09-18T13:49:39.989987,,,
DATA,81.254,13.0278072,0.640000045,8.373676,0.0,13.3454046,0.0,13.3970194,-0.159999967,9.877165,0.0,13.7126627,0.0,13.0278072,0.640000045,8.373676,0.0,13.3454046,0.0,13.0278072,0.640000045,8.373676,0.0,13.3454046,0.0,-1.0,0.0,1.0,0.0,0.0,0.0,0.0,2,1,7,20,11,27.6419,54.210083,Tina Aminipour,4890,2026-09-18T13:49:40.050683,,,
DATA,81.3,13.1615686,0.64,8.50432,0.0,9.06203,0.0,13.4165926,-0.160000026,10.04341,0.0,9.344852,0.0,13.1615686,0.64,8.50432,0.0,9.06203,0.0,13.1615686,0.64,8.50432,0.0,9.06203,0.0,-1.0,0.0,1.0,0.0,0.0,0.0,0.0,2,1,7,20,11,27.6890182,54.2572021,Tina Aminipour,4890,2026-09-18T13:49:40.097369,,,
DATA,81.351,13.284997,0.64,8.665321,0.0,4.535042,0.0,13.4181118,-0.160000026,10.2173223,0.0,4.83470869,0.0,13.284997,0.64,8.665321,0.0,4.535042,0.0,13.284997,0.64,8.665321,0.0,4.535042,0.0,-1.0,0.0,1.0,0.0,0.0,0.0,0.0,2,1,7,20,11,27.739418,54.3076019,Tina Aminipour,4890,2026-09-18T13:49:40.147184,,,
DATA,81.398,13.4028769,0.64,8.826518,0.0,0.246573,0.0,13.4196548,-0.160000026,10.383729,0.0,0.5490617,0.0,13.4028769,0.64,8.826518,0.0,0.246573,0.0,13.4028769,0.64,8.826518,0.0,0.246573,0.0,-1.0,0.0,1.0,0.0,0.0,0.0,0.0,2,1,7,20,11,27.7870789,54.3552628,Tina Aminipour,4890,2026-09-18T13:49:40.197258,,,
DATA,81.451,13.5260134,0.640000045,9.011109,0.0,-4.44366455,0.0,13.414731,-0.159999967,10.5666075,0.0,-4.156555,0.0,13.5260134,0.640000045,9.011109,0.0,-4.44366455,0.0,13.5260134,0.640000045,9.011109,0.0,-4.44366455,0.0,-1.0,0.0,1.0,0.0,0.0,0.0,0.0,2,1,7,20,11,27.8391113,54.4072952,Tina Aminipour,4890,2026-09-18T13:49:40.247531,,,
DATA,81.5,13.6270065,0.64,9.201327,0.0,-8.930695,0.0,13.39624,-0.160000026,10.7387362,0.0,-8.609283,0.0,13.6270065,0.64,9.201327,0.0,-8.930695,0.0,13.6270065,0.64,9.201327,0.0,-8.930695,0.0,-1.0,0.0,1.0,0.0,0.0,0.0,0.0,2,1,7,20,11,27.8891525,54.4573364,Tina Aminipour,4890,2026-09-18T13:49:40.292483,,,
DATA,81.549,13.7149391,0.64,9.388204,0.0,-13.3277283,0.0,13.3645954,-0.160000026,10.9081964,0.0,-13.0432739,0.0,13.7149391,0.64,9.388204,0.0,-13.3277283,0.0,13.7149391,0.64,9.388204,0.0,-13.3277283,0.0,-1.0,0.0,1.0,0.0,0.0,0.0,0.0,2,1,7,20,11,27.9378052,54.50599,Tina Aminipour,4890,2026-09-18T13:49:40.348605,,,
DATA,81.599,13.7876186,0.64,9.589712,0.0,-17.8311768,0.0,13.3191938,-0.160000026,11.0771952,0.0,-17.54422,0.0,13.7876186,0.64,9.589712,0.0,-17.8311768,0.0,13.7876186,0.64,9.589712,0.0,-17.8311768,0.0,-1.0,0.0,1.0,0.0,0.0,0.0,0.0,2,1,7,20,11,27.987854,54.5560379,Tina Aminipour,4890,2026-09-18T13:49:40.395495,,,
DATA,81.652,13.8469391,0.64,9.807194,0.0,-22.57492,0.0,13.2570953,-0.160000026,11.2508574,0.0,-22.2880859,0.0,13.8469391,0.64,9.807194,0.0,-22.57492,0.0,13.8469391,0.64,9.807194,0.0,-22.57492,0.0,-1.0,0.0,1.0,0.0,0.0,0.0,0.0,2,1,7,20,11,28.0405655,54.60875,Tina Aminipour,4890,2026-09-18T13:49:40.449031,,,
DATA,81.698,13.8852339,0.64,10.0037861,0.0,-26.802124,0.0,13.1896448,-0.160000026,11.4011612,0.0,-26.52533,0.0,13.8852339,0.64,10.0037861,0.0,-26.802124,0.0,13.8852339,0.64,10.0037861,0.0,-26.802124,0.0,-1.0,0.0,1.0,0.0,0.0,0.0,0.0,2,1,7,20,11,28.0874786,54.6556625,Tina Aminipour,4890,2026-09-18T13:49:40.497064,,,
DATA,81.753,13.9093056,0.640000045,10.2335711,0.0,-31.6466064,0.0,13.0994368,-0.159999967,11.5659533,0.0,-31.3576355,0.0,13.9093056,0.640000045,10.2335711,0.0,-31.6466064,0.0,13.9093056,0.640000045,10.2335711,0.0,-31.6466064,0.0,-1.0,0.0,1.0,0.0,0.0,0.0,0.0,2,1,7,20,11,28.1413727,54.7095566,Tina Aminipour,4890,2026-09-18T13:49:40.545989,,,
DATA,81.8,13.91126,0.640000045,10.4388933,0.0,-35.9059753,0.0,13.0097609,-0.159999967,11.703022,0.0,-35.5705261,0.0,13.91126,0.640000045,10.4388933,0.0,-35.9059753,0.0,13.91126,0.640000045,10.4388933,0.0,-35.9059753,0.0,-1.0,0.0,1.0,0.0,0.0,0.0,0.0,2,1,7,20,11,28.1889572,54.75714,Tina Aminipour,4890,2026-09-18T13:49:40.597380,,,
DATA,81.848,13.9030924,0.64,10.6423473,0.0,-40.2130737,0.0,12.9076118,-0.160000026,11.8363867,0.0,-39.8912659,0.0,13.9030924,0.64,10.6423473,0.0,-40.2130737,0.0,13.9030924,0.64,10.6423473,0.0,-40.2130737,0.0,-1.0,0.0,1.0,0.0,0.0,0.0,0.0,2,1,7,20,11,28.23674,54.804924,Tina Aminipour,4890,2026-09-18T13:49:40.646475,,,
DATA,81.898,13.8795719,0.6399999,10.855257,0.0,-44.76529,0.0,12.7885265,-0.160000086,11.9689922,0.0,-44.4755249,0.0,13.8795719,0.6399999,10.855257,0.0,-44.76529,0.0,13.8795719,0.6399999,10.855257,0.0,-44.76529,0.0,-1.0,0.0,1.0,0.0,0.0,0.0,0.0,2,1,7,20,11,28.28714,54.8553238,Tina Aminipour,4890,2026-09-18T13:49:40.695209,,,
DATA,81.95,13.8330564,0.640000045,11.0724239,0.0,-49.4118958,0.0,12.65801,-0.159999967,12.092742,0.0,-49.1016846,0.0,13.8330564,0.640000045,11.0724239,0.0,-49.4118958,0.0,13.8330564,0.640000045,11.0724239,0.0,-49.4118958,0.0,-1.0,0.0,1.0,0.0,0.0,0.0,0.0,2,1,7,20,11,28.3388824,54.9070663,Tina Aminipour,4890,2026-09-18T13:49:40.747596,,,
EVENT,81.99,,,,,,,,,,,,,,,,,,,,,,,,,,,,,,,,2,1,,,,28.3766861,54.94487,Tina Aminipour,4890,2026-09-18T13:49:40.784475,GAME_EVENT,MAZE_SUCCESS,Result=SUCCESS; MazeDuration=28.377; CollectedCoins=7; MazeScore=7; TotalScore=11; HighestCompletedMaze=2
EVENT,81.991,,,,,,,,,,,,,,,,,,,,,,,,,,,,,,,,2,1,,,,28.3766861,54.94487,Tina Aminipour,4890,2026-09-18T13:49:40.802201,PANEL_OPENED,PANEL_OPENED_SUCCESS,
DATA,81.998,13.757019,0.640000045,11.2540455,0.0,-53.1837463,0.0,12.5526562,-0.159999967,12.1792736,0.0,-52.60794,0.0,13.757019,0.640000045,11.2540455,0.0,-53.1837463,0.0,13.757019,0.640000045,11.2540455,0.0,-53.1837463,0.0,-1.0,0.0,1.0,0.0,0.0,0.0,0.0,2,1,7,20,11,28.3876343,54.95582,Tina Aminipour,4890,2026-09-18T13:49:40.822507,,,
DATA,82.049,13.7867279,0.640000045,11.2335434,0.0,-52.9282837,0.0,12.5526562,-0.159999967,12.1792736,0.0,-52.60794,0.0,13.7867279,0.640000045,11.2335434,0.0,-52.9282837,0.0,13.7867279,0.640000045,11.2335434,0.0,-52.9282837,0.0,-1.0,0.0,1.0,0.0,0.0,0.0,0.0,2,1,7,20,11,28.4379044,55.00609,Tina Aminipour,4890,2026-09-18T13:49:40.846864,,,
DATA,82.1,13.78366,0.640000045,11.23567,0.0,-52.9547119,0.0,12.5526562,-0.159999967,12.1792736,0.0,-52.60794,0.0,13.78366,0.640000045,11.23567,0.0,-52.9547119,0.0,13.78366,0.640000045,11.23567,0.0,-52.9547119,0.0,-1.0,0.0,1.0,0.0,0.0,0.0,0.0,2,1,7,20,11,28.4889069,55.05709,Tina Aminipour,4890,2026-09-18T13:49:40.897491,,,
DATA,82.148,13.78903,0.640000045,11.2319469,0.0,-52.9084778,0.0,12.5526562,-0.159999967,12.1792736,0.0,-52.60794,0.0,13.78903,0.640000045,11.2319469,0.0,-52.9084778,0.0,13.78903,0.640000045,11.2319469,0.0,-52.9084778,0.0,-1.0,0.0,1.0,0.0,0.0,0.0,0.0,2,1,7,20,11,28.536911,55.1050949,Tina Aminipour,4890,2026-09-18T13:49:40.947659,,,
DATA,82.197,13.7876225,0.640000045,11.2329235,0.0,-52.9205933,0.0,12.5526562,-0.159999967,12.1792736,0.0,-52.60794,0.0,13.7876225,0.640000045,11.2329235,0.0,-52.9205933,0.0,13.7876225,0.640000045,11.2329235,0.0,-52.9205933,0.0,-1.0,0.0,1.0,0.0,0.0,0.0,0.0,2,1,7,20,11,28.5868912,55.1550751,Tina Aminipour,4890,2026-09-18T13:49:40.995280,,,
DATA,82.249,13.788785,0.640000045,11.2321167,0.0,-52.9105835,0.0,12.5526562,-0.159999967,12.1792736,0.0,-52.60794,0.0,13.788785,0.640000045,11.2321167,0.0,-52.9105835,0.0,13.788785,0.640000045,11.2321167,0.0,-52.9105835,0.0,-1.0,0.0,1.0,0.0,0.0,0.0,0.0,2,1,7,20,11,28.6379852,55.20617,Tina Aminipour,4890,2026-09-18T13:49:41.046938,,,
DATA,82.299,13.7915134,0.640000045,11.2302227,0.0,-52.887085,0.0,12.5526562,-0.159999967,12.1792736,0.0,-52.60794,0.0,13.7915134,0.640000045,11.2302227,0.0,-52.887085,0.0,13.7915134,0.640000045,11.2302227,0.0,-52.887085,0.0,-1.0,0.0,1.0,0.0,0.0,0.0,0.0,2,1,7,20,11,28.6879883,55.2561722,Tina Aminipour,4890,2026-09-18T13:49:41.098733,,,
DATA,82.349,13.7908926,0.640000045,11.2306547,0.0,-52.8924255,0.0,12.5526562,-0.159999967,12.1792736,0.0,-52.60794,0.0,13.7908926,0.640000045,11.2306547,0.0,-52.8924255,0.0,13.7908926,0.640000045,11.2306547,0.0,-52.8924255,0.0,-1.0,0.0,1.0,0.0,0.0,0.0,0.0,2,1,7,20,11,28.73819,55.3063736,Tina Aminipour,4890,2026-09-18T13:49:41.147186,,,
DATA,82.401,13.8238544,0.640000045,11.2076483,0.0,-52.60794,0.0,12.5526562,-0.159999967,12.1792736,0.0,-52.60794,0.0,13.8238544,0.640000045,11.2076483,0.0,-52.60794,0.0,13.8238544,0.640000045,11.2076483,0.0,-52.60794,0.0,0.0,0.0,0.0,0.0,0.0,0.0,0.0,2,1,7,20,11,28.789978,55.3581619,Tina Aminipour,4890,2026-09-18T13:49:41.199165,,,
DATA,82.45,13.8238544,0.640000045,11.2076483,0.0,-52.60794,0.0,12.5526562,-0.159999967,12.1792736,0.0,-52.60794,0.0,13.8238544,0.640000045,11.2076483,0.0,-52.60794,0.0,13.8238544,0.640000045,11.2076483,0.0,-52.60794,0.0,0.0,0.0,0.0,0.0,0.0,0.0,0.0,2,1,7,20,11,28.8383255,55.40651,Tina Aminipour,4890,2026-09-18T13:49:41.246819,,,
DATA,82.5,13.8238544,0.640000045,11.2076483,0.0,-52.60794,0.0,12.5526562,-0.159999967,12.1792736,0.0,-52.60794,0.0,13.8238544,0.640000045,11.2076483,0.0,-52.60794,0.0,13.8238544,0.640000045,11.2076483,0.0,-52.60794,0.0,0.0,0.0,0.0,0.0,0.0,0.0,0.0,2,1,7,20,11,28.8888626,55.4570465,Tina Aminipour,4890,2026-09-18T13:49:41.297136,,,
DATA,82.55,13.8238544,0.640000045,11.2076483,0.0,-52.60794,0.0,12.5526562,-0.159999967,12.1792736,0.0,-52.60794,0.0,13.8238544,0.640000045,11.2076483,0.0,-52.60794,0.0,13.8238544,0.640000045,11.2076483,0.0,-52.60794,0.0,0.0,0.0,0.0,0.0,0.0,0.0,0.0,2,1,7,20,11,28.9397659,55.50795,Tina Aminipour,4890,2026-09-18T13:49:41.348165,,,
DATA,82.598,13.8238544,0.640000045,11.2076483,0.0,-52.60794,0.0,12.5526562,-0.159999967,12.1792736,0.0,-52.60794,0.0,13.8238544,0.640000045,11.2076483,0.0,-52.60794,0.0,13.8238544,0.640000045,11.2076483,0.0,-52.60794,0.0,0.0,0.0,0.0,0.0,0.0,0.0,0.0,2,1,7,20,11,28.9879761,55.55616,Tina Aminipour,4890,2026-09-18T13:49:41.396733,,,
DATA,82.651,13.8238544,0.640000045,11.2076483,0.0,-52.60794,0.0,12.5526562,-0.159999967,12.1792736,0.0,-52.60794,0.0,13.8238544,0.640000045,11.2076483,0.0,-52.60794,0.0,13.8238544,0.640000045,11.2076483,0.0,-52.60794,0.0,0.0,0.0,0.0,0.0,0.0,0.0,0.0,2,1,7,20,11,29.039093,55.6072769,Tina Aminipour,4890,2026-09-18T13:49:41.447776,,,
DATA,82.701,13.8238544,0.640000045,11.2076483,0.0,-52.60794,0.0,12.5526562,-0.159999967,12.1792736,0.0,-52.60794,0.0,13.8238544,0.640000045,11.2076483,0.0,-52.60794,0.0,13.8238544,0.640000045,11.2076483,0.0,-52.60794,0.0,0.0,0.0,0.0,0.0,0.0,0.0,0.0,2,1,7,20,11,29.0906143,55.6588,Tina Aminipour,4890,2026-09-18T13:49:41.498690,,,
DATA,82.75,13.8238544,0.640000045,11.2076483,0.0,-52.60794,0.0,12.5526562,-0.159999967,12.1792736,0.0,-52.60794,0.0,13.8238544,0.640000045,11.2076483,0.0,-52.60794,0.0,13.8238544,0.640000045,11.2076483,0.0,-52.60794,0.0,0.0,0.0,0.0,0.0,0.0,0.0,0.0,2,1,7,20,11,29.1387329,55.7069168,Tina Aminipour,4890,2026-09-18T13:49:41.547834,,,
DATA,82.802,13.8238544,0.640000045,11.2076483,0.0,-52.60794,0.0,12.5526562,-0.159999967,12.1792736,0.0,-52.60794,0.0,13.8238544,0.640000045,11.2076483,0.0,-52.60794,0.0,13.8238544,0.640000045,11.2076483,0.0,-52.60794,0.0,0.0,0.0,0.0,0.0,0.0,0.0,0.0,2,1,7,20,11,29.1917419,55.7599258,Tina Aminipour,4890,2026-09-18T13:49:41.600084,,,
DATA,82.876,13.8238544,0.640000045,11.2076483,0.0,-52.60794,0.0,12.5526562,-0.159999967,12.1792736,0.0,-52.60794,0.0,13.8238544,0.640000045,11.2076483,0.0,-52.60794,0.0,13.8238544,0.640000045,11.2076483,0.0,-52.60794,0.0,0.0,0.0,0.0,0.0,0.0,0.0,0.0,2,1,7,20,11,29.2398,55.8079834,Tina Aminipour,4890,2026-09-18T13:49:41.713909,,,
DATA,82.922,13.8238544,0.640000045,11.2076483,0.0,-52.60794,0.0,12.5526562,-0.159999967,12.1792736,0.0,-52.60794,0.0,13.8238544,0.640000045,11.2076483,0.0,-52.60794,0.0,13.8238544,0.640000045,11.2076483,0.0,-52.60794,0.0,0.0,0.0,0.0,0.0,0.0,0.0,0.0,2,1,7,20,11,29.3105087,55.8786926,Tina Aminipour,4890,2026-09-18T13:49:41.732725,,,
DATA,82.953,13.8238544,0.640000045,11.2076483,0.0,-52.60794,0.0,12.5526562,-0.159999967,12.1792736,0.0,-52.60794,0.0,13.8238544,0.640000045,11.2076483,0.0,-52.60794,0.0,13.8238544,0.640000045,11.2076483,0.0,-52.60794,0.0,0.0,0.0,0.0,0.0,0.0,0.0,0.0,2,1,7,20,11,29.3414688,55.9096527,Tina Aminipour,4890,2026-09-18T13:49:41.750928,,,
DATA,83.001,13.8238544,0.640000045,11.2076483,0.0,-52.60794,0.0,12.5526562,-0.159999967,12.1792736,0.0,-52.60794,0.0,13.8238544,0.640000045,11.2076483,0.0,-52.60794,0.0,13.8238544,0.640000045,11.2076483,0.0,-52.60794,0.0,0.0,0.0,0.0,0.0,0.0,0.0,0.0,2,1,7,20,11,29.3902588,55.9584427,Tina Aminipour,4890,2026-09-18T13:49:41.797552,,,
DATA,83.053,13.8238544,0.640000045,11.2076483,0.0,-52.60794,0.0,12.5526562,-0.159999967,12.1792736,0.0,-52.60794,0.0,13.8238544,0.640000045,11.2076483,0.0,-52.60794,0.0,13.8238544,0.640000045,11.2076483,0.0,-52.60794,0.0,0.0,0.0,0.0,0.0,0.0,0.0,0.0,2,1,7,20,11,29.4412613,56.0094452,Tina Aminipour,4890,2026-09-18T13:49:41.850890,,,
DATA,83.101,13.8238544,0.640000045,11.2076483,0.0,-52.60794,0.0,12.5526562,-0.159999967,12.1792736,0.0,-52.60794,0.0,13.8238544,0.640000045,11.2076483,0.0,-52.60794,0.0,13.8238544,0.640000045,11.2076483,0.0,-52.60794,0.0,0.0,0.0,0.0,0.0,0.0,0.0,0.0,2,1,7,20,11,29.48999,56.0581741,Tina Aminipour,4890,2026-09-18T13:49:41.900624,,,
DATA,83.155,13.8238544,0.640000045,11.2076483,0.0,-52.60794,0.0,12.5526562,-0.159999967,12.1792736,0.0,-52.60794,0.0,13.8238544,0.640000045,11.2076483,0.0,-52.60794,0.0,13.8238544,0.640000045,11.2076483,0.0,-52.60794,0.0,0.0,0.0,0.0,0.0,0.0,0.0,0.0,2,1,7,20,11,29.544014,56.1121979,Tina Aminipour,4890,2026-09-18T13:49:41.954740,,,
DATA,83.2,13.8238544,0.640000045,11.2076483,0.0,-52.60794,0.0,12.5526562,-0.159999967,12.1792736,0.0,-52.60794,0.0,13.8238544,0.640000045,11.2076483,0.0,-52.60794,0.0,13.8238544,0.640000045,11.2076483,0.0,-52.60794,0.0,0.0,0.0,0.0,0.0,0.0,0.0,0.0,2,1,7,20,11,29.5891876,56.15737,Tina Aminipour,4890,2026-09-18T13:49:41.999112,,,
DATA,83.249,13.8238544,0.640000045,11.2076483,0.0,-52.60794,0.0,12.5526562,-0.159999967,12.1792736,0.0,-52.60794,0.0,13.8238544,0.640000045,11.2076483,0.0,-52.60794,0.0,13.8238544,0.640000045,11.2076483,0.0,-52.60794,0.0,0.0,0.0,0.0,0.0,0.0,0.0,0.0,2,1,7,20,11,29.63784,56.2060242,Tina Aminipour,4890,2026-09-18T13:49:42.046484,,,
DATA,83.302,13.8238544,0.640000045,11.2076483,0.0,-52.60794,0.0,12.5526562,-0.159999967,12.1792736,0.0,-52.60794,0.0,13.8238544,0.640000045,11.2076483,0.0,-52.60794,0.0,13.8238544,0.640000045,11.2076483,0.0,-52.60794,0.0,0.0,0.0,0.0,0.0,0.0,0.0,0.0,2,1,7,20,11,29.69168,56.2598648,Tina Aminipour,4890,2026-09-18T13:49:42.101656,,,
DATA,83.354,13.8238544,0.640000045,11.2076483,0.0,-52.60794,0.0,12.5526562,-0.159999967,12.1792736,0.0,-52.60794,0.0,13.8238544,0.640000045,11.2076483,0.0,-52.60794,0.0,13.8238544,0.640000045,11.2076483,0.0,-52.60794,0.0,0.0,0.0,0.0,0.0,0.0,0.0,0.0,2,1,7,20,11,29.7422333,56.3104172,Tina Aminipour,4890,2026-09-18T13:49:42.152010,,,
DATA,83.404,13.8238544,0.640000045,11.2076483,0.0,-52.60794,0.0,12.5526562,-0.159999967,12.1792736,0.0,-52.60794,0.0,13.8238544,0.640000045,11.2076483,0.0,-52.60794,0.0,13.8238544,0.640000045,11.2076483,0.0,-52.60794,0.0,0.0,0.0,0.0,0.0,0.0,0.0,0.0,2,1,7,20,11,29.7924576,56.36064,Tina Aminipour,4890,2026-09-18T13:49:42.202411,,,
DATA,83.452,13.8238544,0.640000045,11.2076483,0.0,-52.60794,0.0,12.5526562,-0.159999967,12.1792736,0.0,-52.60794,0.0,13.8238544,0.640000045,11.2076483,0.0,-52.60794,0.0,13.8238544,0.640000045,11.2076483,0.0,-52.60794,0.0,0.0,0.0,0.0,0.0,0.0,0.0,0.0,2,1,7,20,11,29.8404922,56.4086761,Tina Aminipour,4890,2026-09-18T13:49:42.249502,,,
DATA,83.499,13.8238544,0.640000045,11.2076483,0.0,-52.60794,0.0,12.5526562,-0.159999967,12.1792736,0.0,-52.60794,0.0,13.8238544,0.640000045,11.2076483,0.0,-52.60794,0.0,13.8238544,0.640000045,11.2076483,0.0,-52.60794,0.0,0.0,0.0,0.0,0.0,0.0,0.0,0.0,2,1,7,20,11,29.8888474,56.45703,Tina Aminipour,4890,2026-09-18T13:49:42.298185,,,
DATA,83.554,13.8238544,0.640000045,11.2076483,0.0,-52.60794,0.0,12.5526562,-0.159999967,12.1792736,0.0,-52.60794,0.0,13.8238544,0.640000045,11.2076483,0.0,-52.60794,0.0,13.8238544,0.640000045,11.2076483,0.0,-52.60794,0.0,0.0,0.0,0.0,0.0,0.0,0.0,0.0,2,1,7,20,11,29.9425888,56.5107727,Tina Aminipour,4890,2026-09-18T13:49:42.350730,,,
DATA,83.6,13.8238544,0.640000045,11.2076483,0.0,-52.60794,0.0,12.5526562,-0.159999967,12.1792736,0.0,-52.60794,0.0,13.8238544,0.640000045,11.2076483,0.0,-52.60794,0.0,13.8238544,0.640000045,11.2076483,0.0,-52.60794,0.0,0.0,0.0,0.0,0.0,0.0,0.0,0.0,2,1,7,20,11,29.9893646,56.55755,Tina Aminipour,4890,2026-09-18T13:49:42.397573,,,
DATA,83.649,13.8238544,0.640000045,11.2076483,0.0,-52.60794,0.0,12.5526562,-0.159999967,12.1792736,0.0,-52.60794,0.0,13.8238544,0.640000045,11.2076483,0.0,-52.60794,0.0,13.8238544,0.640000045,11.2076483,0.0,-52.60794,0.0,0.0,0.0,0.0,0.0,0.0,0.0,0.0,2,1,7,20,11,30.0375748,56.60576,Tina Aminipour,4890,2026-09-18T13:49:42.447580,,,
DATA,83.698,13.8238544,0.640000045,11.2076483,0.0,-52.60794,0.0,12.5526562,-0.159999967,12.1792736,0.0,-52.60794,0.0,13.8238544,0.640000045,11.2076483,0.0,-52.60794,0.0,13.8238544,0.640000045,11.2076483,0.0,-52.60794,0.0,0.0,0.0,0.0,0.0,0.0,0.0,0.0,2,1,7,20,11,30.0869446,56.65513,Tina Aminipour,4890,2026-09-18T13:49:42.495582,,,
DATA,83.75,13.8238544,0.640000045,11.2076483,0.0,-52.60794,0.0,12.5526562,-0.159999967,12.1792736,0.0,-52.60794,0.0,13.8238544,0.640000045,11.2076483,0.0,-52.60794,0.0,13.8238544,0.640000045,11.2076483,0.0,-52.60794,0.0,0.0,0.0,0.0,0.0,0.0,0.0,0.0,2,1,7,20,11,30.1390457,56.70723,Tina Aminipour,4890,2026-09-18T13:49:42.548765,,,
DATA,83.803,13.8238544,0.640000045,11.2076483,0.0,-52.60794,0.0,12.5526562,-0.159999967,12.1792736,0.0,-52.60794,0.0,13.8238544,0.640000045,11.2076483,0.0,-52.60794,0.0,13.8238544,0.640000045,11.2076483,0.0,-52.60794,0.0,0.0,0.0,0.0,0.0,0.0,0.0,0.0,2,1,7,20,11,30.19197,56.7601547,Tina Aminipour,4890,2026-09-18T13:49:42.601954,,,
DATA,83.851,13.8238544,0.640000045,11.2076483,0.0,-52.60794,0.0,12.5526562,-0.159999967,12.1792736,0.0,-52.60794,0.0,13.8238544,0.640000045,11.2076483,0.0,-52.60794,0.0,13.8238544,0.640000045,11.2076483,0.0,-52.60794,0.0,0.0,0.0,0.0,0.0,0.0,0.0,0.0,2,1,7,20,11,30.23948,56.807663,Tina Aminipour,4890,2026-09-18T13:49:42.649310,,,
DATA,83.901,13.8238544,0.640000045,11.2076483,0.0,-52.60794,0.0,12.5526562,-0.159999967,12.1792736,0.0,-52.60794,0.0,13.8238544,0.640000045,11.2076483,0.0,-52.60794,0.0,13.8238544,0.640000045,11.2076483,0.0,-52.60794,0.0,0.0,0.0,0.0,0.0,0.0,0.0,0.0,2,1,7,20,11,30.2900543,56.85824,Tina Aminipour,4890,2026-09-18T13:49:42.698978,,,
DATA,83.951,13.8238544,0.640000045,11.2076483,0.0,-52.60794,0.0,12.5526562,-0.159999967,12.1792736,0.0,-52.60794,0.0,13.8238544,0.640000045,11.2076483,0.0,-52.60794,0.0,13.8238544,0.640000045,11.2076483,0.0,-52.60794,0.0,0.0,0.0,0.0,0.0,0.0,0.0,0.0,2,1,7,20,11,30.3402176,56.9084,Tina Aminipour,4890,2026-09-18T13:49:42.748446,,,
DATA,83.998,13.8238544,0.640000045,11.2076483,0.0,-52.60794,0.0,12.5526562,-0.159999967,12.1792736,0.0,-52.60794,0.0,13.8238544,0.640000045,11.2076483,0.0,-52.60794,0.0,13.8238544,0.640000045,11.2076483,0.0,-52.60794,0.0,0.0,0.0,0.0,0.0,0.0,0.0,0.0,2,1,7,20,11,30.3870239,56.9552078,Tina Aminipour,4890,2026-09-18T13:49:42.795445,,,
DATA,84.052,13.8238544,0.640000045,11.2076483,0.0,-52.60794,0.0,12.5526562,-0.159999967,12.1792736,0.0,-52.60794,0.0,13.8238544,0.640000045,11.2076483,0.0,-52.60794,0.0,13.8238544,0.640000045,11.2076483,0.0,-52.60794,0.0,0.0,0.0,0.0,0.0,0.0,0.0,0.0,2,1,7,20,11,30.4412155,57.0094,Tina Aminipour,4890,2026-09-18T13:49:42.849990,,,
DATA,84.101,13.8238544,0.640000045,11.2076483,0.0,-52.60794,0.0,12.5526562,-0.159999967,12.1792736,0.0,-52.60794,0.0,13.8238544,0.640000045,11.2076483,0.0,-52.60794,0.0,13.8238544,0.640000045,11.2076483,0.0,-52.60794,0.0,0.0,0.0,0.0,0.0,0.0,0.0,0.0,2,1,7,20,11,30.49038,57.0585632,Tina Aminipour,4890,2026-09-18T13:49:42.898454,,,
DATA,84.151,13.8238544,0.640000045,11.2076483,0.0,-52.60794,0.0,12.5526562,-0.159999967,12.1792736,0.0,-52.60794,0.0,13.8238544,0.640000045,11.2076483,0.0,-52.60794,0.0,13.8238544,0.640000045,11.2076483,0.0,-52.60794,0.0,0.0,0.0,0.0,0.0,0.0,0.0,0.0,2,1,7,20,11,30.5398483,57.1080322,Tina Aminipour,4890,2026-09-18T13:49:42.948089,,,
DATA,84.2,13.8238544,0.640000045,11.2076483,0.0,-52.60794,0.0,12.5526562,-0.159999967,12.1792736,0.0,-52.60794,0.0,13.8238544,0.640000045,11.2076483,0.0,-52.60794,0.0,13.8238544,0.640000045,11.2076483,0.0,-52.60794,0.0,0.0,0.0,0.0,0.0,0.0,0.0,0.0,2,1,7,20,11,30.5898056,57.15799,Tina Aminipour,4890,2026-09-18T13:49:42.997987,,,
DATA,84.25,13.8238544,0.640000045,11.2076483,0.0,-52.60794,0.0,12.5526562,-0.159999967,12.1792736,0.0,-52.60794,0.0,13.8238544,0.640000045,11.2076483,0.0,-52.60794,0.0,13.8238544,0.640000045,11.2076483,0.0,-52.60794,0.0,0.0,0.0,0.0,0.0,0.0,0.0,0.0,2,1,7,20,11,30.6386948,57.20688,Tina Aminipour,4890,2026-09-18T13:49:43.047887,,,
DATA,84.299,13.8238544,0.640000045,11.2076483,0.0,-52.60794,0.0,12.5526562,-0.159999967,12.1792736,0.0,-52.60794,0.0,13.8238544,0.640000045,11.2076483,0.0,-52.60794,0.0,13.8238544,0.640000045,11.2076483,0.0,-52.60794,0.0,0.0,0.0,0.0,0.0,0.0,0.0,0.0,2,1,7,20,11,30.68811,57.2562943,Tina Aminipour,4890,2026-09-18T13:49:43.096903,,,
DATA,84.35,13.8238544,0.640000045,11.2076483,0.0,-52.60794,0.0,12.5526562,-0.159999967,12.1792736,0.0,-52.60794,0.0,13.8238544,0.640000045,11.2076483,0.0,-52.60794,0.0,13.8238544,0.640000045,11.2076483,0.0,-52.60794,0.0,0.0,0.0,0.0,0.0,0.0,0.0,0.0,2,1,7,20,11,30.7386017,57.3067856,Tina Aminipour,4890,2026-09-18T13:49:43.147531,,,
DATA,84.398,13.8238544,0.640000045,11.2076483,0.0,-52.60794,0.0,12.5526562,-0.159999967,12.1792736,0.0,-52.60794,0.0,13.8238544,0.640000045,11.2076483,0.0,-52.60794,0.0,13.8238544,0.640000045,11.2076483,0.0,-52.60794,0.0,0.0,0.0,0.0,0.0,0.0,0.0,0.0,2,1,7,20,11,30.7873459,57.35553,Tina Aminipour,4890,2026-09-18T13:49:43.195554,,,
DATA,84.453,13.8238544,0.640000045,11.2076483,0.0,-52.60794,0.0,12.5526562,-0.159999967,12.1792736,0.0,-52.60794,0.0,13.8238544,0.640000045,11.2076483,0.0,-52.60794,0.0,13.8238544,0.640000045,11.2076483,0.0,-52.60794,0.0,0.0,0.0,0.0,0.0,0.0,0.0,0.0,2,1,7,20,11,30.8408813,57.4090652,Tina Aminipour,4890,2026-09-18T13:49:43.249702,,,
DATA,84.5,13.8238544,0.640000045,11.2076483,0.0,-52.60794,0.0,12.5526562,-0.159999967,12.1792736,0.0,-52.60794,0.0,13.8238544,0.640000045,11.2076483,0.0,-52.60794,0.0,13.8238544,0.640000045,11.2076483,0.0,-52.60794,0.0,0.0,0.0,0.0,0.0,0.0,0.0,0.0,2,1,7,20,11,30.8883667,57.45655,Tina Aminipour,4890,2026-09-18T13:49:43.296727,,,
DATA,84.548,13.8238544,0.640000045,11.2076483,0.0,-52.60794,0.0,12.5526562,-0.159999967,12.1792736,0.0,-52.60794,0.0,13.8238544,0.640000045,11.2076483,0.0,-52.60794,0.0,13.8238544,0.640000045,11.2076483,0.0,-52.60794,0.0,0.0,0.0,0.0,0.0,0.0,0.0,0.0,2,1,7,20,11,30.9369583,57.5051422,Tina Aminipour,4890,2026-09-18T13:49:43.345987,,,
DATA,84.599,13.8238544,0.640000045,11.2076483,0.0,-52.60794,0.0,12.5526562,-0.159999967,12.1792736,0.0,-52.60794,0.0,13.8238544,0.640000045,11.2076483,0.0,-52.60794,0.0,13.8238544,0.640000045,11.2076483,0.0,-52.60794,0.0,0.0,0.0,0.0,0.0,0.0,0.0,0.0,2,1,7,20,11,30.9887,57.5568848,Tina Aminipour,4890,2026-09-18T13:49:43.397132,,,
DATA,84.649,13.8238544,0.640000045,11.2076483,0.0,-52.60794,0.0,12.5526562,-0.159999967,12.1792736,0.0,-52.60794,0.0,13.8238544,0.640000045,11.2076483,0.0,-52.60794,0.0,13.8238544,0.640000045,11.2076483,0.0,-52.60794,0.0,0.0,0.0,0.0,0.0,0.0,0.0,0.0,2,1,7,20,11,31.0380249,57.60621,Tina Aminipour,4890,2026-09-18T13:49:43.446125,,,
DATA,84.701,13.8238544,0.640000045,11.2076483,0.0,-52.60794,0.0,12.5526562,-0.159999967,12.1792736,0.0,-52.60794,0.0,13.8238544,0.640000045,11.2076483,0.0,-52.60794,0.0,13.8238544,0.640000045,11.2076483,0.0,-52.60794,0.0,0.0,0.0,0.0,0.0,0.0,0.0,0.0,2,1,7,20,11,31.0903625,57.6585464,Tina Aminipour,4890,2026-09-18T13:49:43.498573,,,
DATA,84.748,13.8238544,0.640000045,11.2076483,0.0,-52.60794,0.0,12.5526562,-0.159999967,12.1792736,0.0,-52.60794,0.0,13.8238544,0.640000045,11.2076483,0.0,-52.60794,0.0,13.8238544,0.640000045,11.2076483,0.0,-52.60794,0.0,0.0,0.0,0.0,0.0,0.0,0.0,0.0,2,1,7,20,11,31.13704,57.7052231,Tina Aminipour,4890,2026-09-18T13:49:43.546098,,,
DATA,84.801,13.8238544,0.640000045,11.2076483,0.0,-52.60794,0.0,12.5526562,-0.159999967,12.1792736,0.0,-52.60794,0.0,13.8238544,0.640000045,11.2076483,0.0,-52.60794,0.0,13.8238544,0.640000045,11.2076483,0.0,-52.60794,0.0,0.0,0.0,0.0,0.0,0.0,0.0,0.0,2,1,7,20,11,31.1898727,57.7580566,Tina Aminipour,4890,2026-09-18T13:49:43.598361,,,
DATA,84.849,13.8238544,0.640000045,11.2076483,0.0,-52.60794,0.0,12.5526562,-0.159999967,12.1792736,0.0,-52.60794,0.0,13.8238544,0.640000045,11.2076483,0.0,-52.60794,0.0,13.8238544,0.640000045,11.2076483,0.0,-52.60794,0.0,0.0,0.0,0.0,0.0,0.0,0.0,0.0,2,1,7,20,11,31.2371445,57.80533,Tina Aminipour,4890,2026-09-18T13:49:43.645842,,,
DATA,84.9,13.8238544,0.640000045,11.2076483,0.0,-52.60794,0.0,12.5526562,-0.159999967,12.1792736,0.0,-52.60794,0.0,13.8238544,0.640000045,11.2076483,0.0,-52.60794,0.0,13.8238544,0.640000045,11.2076483,0.0,-52.60794,0.0,0.0,0.0,0.0,0.0,0.0,0.0,0.0,2,1,7,20,11,31.2889328,57.8571167,Tina Aminipour,4890,2026-09-18T13:49:43.696939,,,
DATA,84.949,13.8238544,0.640000045,11.2076483,0.0,-52.60794,0.0,12.5526562,-0.159999967,12.1792736,0.0,-52.60794,0.0,13.8238544,0.640000045,11.2076483,0.0,-52.60794,0.0,13.8238544,0.640000045,11.2076483,0.0,-52.60794,0.0,0.0,0.0,0.0,0.0,0.0,0.0,0.0,2,1,7,20,11,31.3380051,57.90619,Tina Aminipour,4890,2026-09-18T13:49:43.746663,,,
DATA,85.002,13.8238544,0.640000045,11.2076483,0.0,-52.60794,0.0,12.5526562,-0.159999967,12.1792736,0.0,-52.60794,0.0,13.8238544,0.640000045,11.2076483,0.0,-52.60794,0.0,13.8238544,0.640000045,11.2076483,0.0,-52.60794,0.0,0.0,0.0,0.0,0.0,0.0,0.0,0.0,2,1,7,20,11,31.39006,57.9582443,Tina Aminipour,4890,2026-09-18T13:49:43.798727,,,
DATA,85.049,13.8238544,0.640000045,11.2076483,0.0,-52.60794,0.0,12.5526562,-0.159999967,12.1792736,0.0,-52.60794,0.0,13.8238544,0.640000045,11.2076483,0.0,-52.60794,0.0,13.8238544,0.640000045,11.2076483,0.0,-52.60794,0.0,0.0,0.0,0.0,0.0,0.0,0.0,0.0,2,1,7,20,11,31.4380188,58.0062027,Tina Aminipour,4890,2026-09-18T13:49:43.846355,,,
DATA,85.101,13.8238544,0.640000045,11.2076483,0.0,-52.60794,0.0,12.5526562,-0.159999967,12.1792736,0.0,-52.60794,0.0,13.8238544,0.640000045,11.2076483,0.0,-52.60794,0.0,13.8238544,0.640000045,11.2076483,0.0,-52.60794,0.0,0.0,0.0,0.0,0.0,0.0,0.0,0.0,2,1,7,20,11,31.4904251,58.05861,Tina Aminipour,4890,2026-09-18T13:49:43.899047,,,
DATA,85.149,13.8238544,0.640000045,11.2076483,0.0,-52.60794,0.0,12.5526562,-0.159999967,12.1792736,0.0,-52.60794,0.0,13.8238544,0.640000045,11.2076483,0.0,-52.60794,0.0,13.8238544,0.640000045,11.2076483,0.0,-52.60794,0.0,0.0,0.0,0.0,0.0,0.0,0.0,0.0,2,1,7,20,11,31.5376663,58.10585,Tina Aminipour,4890,2026-09-18T13:49:43.946513,,,
DATA,85.201,13.8238544,0.640000045,11.2076483,0.0,-52.60794,0.0,12.5526562,-0.159999967,12.1792736,0.0,-52.60794,0.0,13.8238544,0.640000045,11.2076483,0.0,-52.60794,0.0,13.8238544,0.640000045,11.2076483,0.0,-52.60794,0.0,0.0,0.0,0.0,0.0,0.0,0.0,0.0,2,1,7,20,11,31.5906677,58.15885,Tina Aminipour,4890,2026-09-18T13:49:43.998661,,,
DATA,85.253,13.8238544,0.640000045,11.2076483,0.0,-52.60794,0.0,12.5526562,-0.159999967,12.1792736,0.0,-52.60794,0.0,13.8238544,0.640000045,11.2076483,0.0,-52.60794,0.0,13.8238544,0.640000045,11.2076483,0.0,-52.60794,0.0,0.0,0.0,0.0,0.0,0.0,0.0,0.0,2,1,7,20,11,31.6422119,58.2103958,Tina Aminipour,4890,2026-09-18T13:49:44.051281,,,
DATA,85.301,13.8238544,0.640000045,11.2076483,0.0,-52.60794,0.0,12.5526562,-0.159999967,12.1792736,0.0,-52.60794,0.0,13.8238544,0.640000045,11.2076483,0.0,-52.60794,0.0,13.8238544,0.640000045,11.2076483,0.0,-52.60794,0.0,0.0,0.0,0.0,0.0,0.0,0.0,0.0,2,1,7,20,11,31.69014,58.2583237,Tina Aminipour,4890,2026-09-18T13:49:44.098842,,,
DATA,85.35,13.8238544,0.640000045,11.2076483,0.0,-52.60794,0.0,12.5526562,-0.159999967,12.1792736,0.0,-52.60794,0.0,13.8238544,0.640000045,11.2076483,0.0,-52.60794,0.0,13.8238544,0.640000045,11.2076483,0.0,-52.60794,0.0,0.0,0.0,0.0,0.0,0.0,0.0,0.0,2,1,7,20,11,31.7383041,58.306488,Tina Aminipour,4890,2026-09-18T13:49:44.146767,,,
DATA,85.401,13.8238544,0.640000045,11.2076483,0.0,-52.60794,0.0,12.5526562,-0.159999967,12.1792736,0.0,-52.60794,0.0,13.8238544,0.640000045,11.2076483,0.0,-52.60794,0.0,13.8238544,0.640000045,11.2076483,0.0,-52.60794,0.0,0.0,0.0,0.0,0.0,0.0,0.0,0.0,2,1,7,20,11,31.7893372,58.35752,Tina Aminipour,4890,2026-09-18T13:49:44.197815,,,
DATA,85.449,13.8238544,0.640000045,11.2076483,0.0,-52.60794,0.0,12.5526562,-0.159999967,12.1792736,0.0,-52.60794,0.0,13.8238544,0.640000045,11.2076483,0.0,-52.60794,0.0,13.8238544,0.640000045,11.2076483,0.0,-52.60794,0.0,0.0,0.0,0.0,0.0,0.0,0.0,0.0,2,1,7,20,11,31.836998,58.40518,Tina Aminipour,4890,2026-09-18T13:49:44.245732,,,
DATA,85.501,13.8238544,0.640000045,11.2076483,0.0,-52.60794,0.0,12.5526562,-0.159999967,12.1792736,0.0,-52.60794,0.0,13.8238544,0.640000045,11.2076483,0.0,-52.60794,0.0,13.8238544,0.640000045,11.2076483,0.0,-52.60794,0.0,0.0,0.0,0.0,0.0,0.0,0.0,0.0,2,1,7,20,11,31.8892822,58.4574661,Tina Aminipour,4890,2026-09-18T13:49:44.297764,,,
DATA,85.549,13.8238544,0.640000045,11.2076483,0.0,-52.60794,0.0,12.5526562,-0.159999967,12.1792736,0.0,-52.60794,0.0,13.8238544,0.640000045,11.2076483,0.0,-52.60794,0.0,13.8238544,0.640000045,11.2076483,0.0,-52.60794,0.0,0.0,0.0,0.0,0.0,0.0,0.0,0.0,2,1,7,20,11,31.9369965,58.50518,Tina Aminipour,4890,2026-09-18T13:49:44.345824,,,
DATA,85.603,13.8238544,0.640000045,11.2076483,0.0,-52.60794,0.0,12.5526562,-0.159999967,12.1792736,0.0,-52.60794,0.0,13.8238544,0.640000045,11.2076483,0.0,-52.60794,0.0,13.8238544,0.640000045,11.2076483,0.0,-52.60794,0.0,0.0,0.0,0.0,0.0,0.0,0.0,0.0,2,1,7,20,11,31.9918137,58.5599976,Tina Aminipour,4890,2026-09-18T13:49:44.400447,,,
DATA,85.651,13.8238544,0.640000045,11.2076483,0.0,-52.60794,0.0,12.5526562,-0.159999967,12.1792736,0.0,-52.60794,0.0,13.8238544,0.640000045,11.2076483,0.0,-52.60794,0.0,13.8238544,0.640000045,11.2076483,0.0,-52.60794,0.0,0.0,0.0,0.0,0.0,0.0,0.0,0.0,2,1,7,20,11,32.0396042,58.6077881,Tina Aminipour,4890,2026-09-18T13:49:44.447908,,,
DATA,85.698,13.8238544,0.640000045,11.2076483,0.0,-52.60794,0.0,12.5526562,-0.159999967,12.1792736,0.0,-52.60794,0.0,13.8238544,0.640000045,11.2076483,0.0,-52.60794,0.0,13.8238544,0.640000045,11.2076483,0.0,-52.60794,0.0,0.0,0.0,0.0,0.0,0.0,0.0,0.0,2,1,7,20,11,32.0869751,58.65516,Tina Aminipour,4890,2026-09-18T13:49:44.494351,,,
DATA,85.75,13.8238544,0.640000045,11.2076483,0.0,-52.60794,0.0,12.5526562,-0.159999967,12.1792736,0.0,-52.60794,0.0,13.8238544,0.640000045,11.2076483,0.0,-52.60794,0.0,13.8238544,0.640000045,11.2076483,0.0,-52.60794,0.0,0.0,0.0,0.0,0.0,0.0,0.0,0.0,2,1,7,20,11,32.13893,58.7071152,Tina Aminipour,4890,2026-09-18T13:49:44.548426,,,
DATA,85.802,13.8238544,0.640000045,11.2076483,0.0,-52.60794,0.0,12.5526562,-0.159999967,12.1792736,0.0,-52.60794,0.0,13.8238544,0.640000045,11.2076483,0.0,-52.60794,0.0,13.8238544,0.640000045,11.2076483,0.0,-52.60794,0.0,0.0,0.0,0.0,0.0,0.0,0.0,0.0,2,1,7,20,11,32.19097,58.7591553,Tina Aminipour,4890,2026-09-18T13:49:44.598070,,,
DATA,85.853,13.8238544,0.640000045,11.2076483,0.0,-52.60794,0.0,12.5526562,-0.159999967,12.1792736,0.0,-52.60794,0.0,13.8238544,0.640000045,11.2076483,0.0,-52.60794,0.0,13.8238544,0.640000045,11.2076483,0.0,-52.60794,0.0,0.0,0.0,0.0,0.0,0.0,0.0,0.0,2,1,7,20,11,32.24141,58.8095932,Tina Aminipour,4890,2026-09-18T13:49:44.649738,,,
DATA,85.9,13.8238544,0.640000045,11.2076483,0.0,-52.60794,0.0,12.5526562,-0.159999967,12.1792736,0.0,-52.60794,0.0,13.8238544,0.640000045,11.2076483,0.0,-52.60794,0.0,13.8238544,0.640000045,11.2076483,0.0,-52.60794,0.0,0.0,0.0,0.0,0.0,0.0,0.0,0.0,2,1,7,20,11,32.28894,58.8571243,Tina Aminipour,4890,2026-09-18T13:49:44.697229,,,
DATA,85.951,13.8238544,0.640000045,11.2076483,0.0,-52.60794,0.0,12.5526562,-0.159999967,12.1792736,0.0,-52.60794,0.0,13.8238544,0.640000045,11.2076483,0.0,-52.60794,0.0,13.8238544,0.640000045,11.2076483,0.0,-52.60794,0.0,0.0,0.0,0.0,0.0,0.0,0.0,0.0,2,1,7,20,11,32.3392258,58.90741,Tina Aminipour,4890,2026-09-18T13:49:44.747505,,,
DATA,86.001,13.8238544,0.640000045,11.2076483,0.0,-52.60794,0.0,12.5526562,-0.159999967,12.1792736,0.0,-52.60794,0.0,13.8238544,0.640000045,11.2076483,0.0,-52.60794,0.0,13.8238544,0.640000045,11.2076483,0.0,-52.60794,0.0,0.0,0.0,0.0,0.0,0.0,0.0,0.0,2,1,7,20,11,32.39064,58.9588242,Tina Aminipour,4890,2026-09-18T13:49:44.799049,,,
DATA,86.049,13.8238544,0.640000045,11.2076483,0.0,-52.60794,0.0,12.5526562,-0.159999967,12.1792736,0.0,-52.60794,0.0,13.8238544,0.640000045,11.2076483,0.0,-52.60794,0.0,13.8238544,0.640000045,11.2076483,0.0,-52.60794,0.0,0.0,0.0,0.0,0.0,0.0,0.0,0.0,2,1,7,20,11,32.43804,59.0062256,Tina Aminipour,4890,2026-09-18T13:49:44.846655,,,
DATA,86.1,13.8238544,0.640000045,11.2076483,0.0,-52.60794,0.0,12.5526562,-0.159999967,12.1792736,0.0,-52.60794,0.0,13.8238544,0.640000045,11.2076483,0.0,-52.60794,0.0,13.8238544,0.640000045,11.2076483,0.0,-52.60794,0.0,0.0,0.0,0.0,0.0,0.0,0.0,0.0,2,1,7,20,11,32.4888535,59.0570374,Tina Aminipour,4890,2026-09-18T13:49:44.896511,,,
DATA,86.151,13.8238544,0.640000045,11.2076483,0.0,-52.60794,0.0,12.5526562,-0.159999967,12.1792736,0.0,-52.60794,0.0,13.8238544,0.640000045,11.2076483,0.0,-52.60794,0.0,13.8238544,0.640000045,11.2076483,0.0,-52.60794,0.0,0.0,0.0,0.0,0.0,0.0,0.0,0.0,2,1,7,20,11,32.53968,59.1078644,Tina Aminipour,4890,2026-09-18T13:49:44.948217,,,
DATA,86.199,13.8238544,0.640000045,11.2076483,0.0,-52.60794,0.0,12.5526562,-0.159999967,12.1792736,0.0,-52.60794,0.0,13.8238544,0.640000045,11.2076483,0.0,-52.60794,0.0,13.8238544,0.640000045,11.2076483,0.0,-52.60794,0.0,0.0,0.0,0.0,0.0,0.0,0.0,0.0,2,1,7,20,11,32.5877075,59.15589,Tina Aminipour,4890,2026-09-18T13:49:44.996260,,,
DATA,86.25,13.8238544,0.640000045,11.2076483,0.0,-52.60794,0.0,12.5526562,-0.159999967,12.1792736,0.0,-52.60794,0.0,13.8238544,0.640000045,11.2076483,0.0,-52.60794,0.0,13.8238544,0.640000045,11.2076483,0.0,-52.60794,0.0,0.0,0.0,0.0,0.0,0.0,0.0,0.0,2,1,7,20,11,32.639183,59.2073669,Tina Aminipour,4890,2026-09-18T13:49:45.047632,,,
DATA,86.301,13.8238544,0.640000045,11.2076483,0.0,-52.60794,0.0,12.5526562,-0.159999967,12.1792736,0.0,-52.60794,0.0,13.8238544,0.640000045,11.2076483,0.0,-52.60794,0.0,13.8238544,0.640000045,11.2076483,0.0,-52.60794,0.0,0.0,0.0,0.0,0.0,0.0,0.0,0.0,2,1,7,20,11,32.6905,59.2586823,Tina Aminipour,4890,2026-09-18T13:49:45.098633,,,
DATA,86.352,13.8238544,0.640000045,11.2076483,0.0,-52.60794,0.0,12.5526562,-0.159999967,12.1792736,0.0,-52.60794,0.0,13.8238544,0.640000045,11.2076483,0.0,-52.60794,0.0,13.8238544,0.640000045,11.2076483,0.0,-52.60794,0.0,0.0,0.0,0.0,0.0,0.0,0.0,0.0,2,1,7,20,11,32.74037,59.3085556,Tina Aminipour,4890,2026-09-18T13:49:45.148707,,,
DATA,86.399,13.8238544,0.640000045,11.2076483,0.0,-52.60794,0.0,12.5526562,-0.159999967,12.1792736,0.0,-52.60794,0.0,13.8238544,0.640000045,11.2076483,0.0,-52.60794,0.0,13.8238544,0.640000045,11.2076483,0.0,-52.60794,0.0,0.0,0.0,0.0,0.0,0.0,0.0,0.0,2,1,7,20,11,32.7883148,59.3565,Tina Aminipour,4890,2026-09-18T13:49:45.196478,,,
DATA,86.449,13.8238544,0.640000045,11.2076483,0.0,-52.60794,0.0,12.5526562,-0.159999967,12.1792736,0.0,-52.60794,0.0,13.8238544,0.640000045,11.2076483,0.0,-52.60794,0.0,13.8238544,0.640000045,11.2076483,0.0,-52.60794,0.0,0.0,0.0,0.0,0.0,0.0,0.0,0.0,2,1,7,20,11,32.8369522,59.4051361,Tina Aminipour,4890,2026-09-18T13:49:45.245749,,,
DATA,86.501,13.8238544,0.640000045,11.2076483,0.0,-52.60794,0.0,12.5526562,-0.159999967,12.1792736,0.0,-52.60794,0.0,13.8238544,0.640000045,11.2076483,0.0,-52.60794,0.0,13.8238544,0.640000045,11.2076483,0.0,-52.60794,0.0,0.0,0.0,0.0,0.0,0.0,0.0,0.0,2,1,7,20,11,32.88965,59.4578323,Tina Aminipour,4890,2026-09-18T13:49:45.297870,,,
DATA,86.549,13.8238544,0.640000045,11.2076483,0.0,-52.60794,0.0,12.5526562,-0.159999967,12.1792736,0.0,-52.60794,0.0,13.8238544,0.640000045,11.2076483,0.0,-52.60794,0.0,13.8238544,0.640000045,11.2076483,0.0,-52.60794,0.0,0.0,0.0,0.0,0.0,0.0,0.0,0.0,2,1,7,20,11,32.9376526,59.5058365,Tina Aminipour,4890,2026-09-18T13:49:45.346458,,,
DATA,86.598,13.8238544,0.640000045,11.2076483,0.0,-52.60794,0.0,12.5526562,-0.159999967,12.1792736,0.0,-52.60794,0.0,13.8238544,0.640000045,11.2076483,0.0,-52.60794,0.0,13.8238544,0.640000045,11.2076483,0.0,-52.60794,0.0,0.0,0.0,0.0,0.0,0.0,0.0,0.0,2,1,7,20,11,32.9870377,59.55522,Tina Aminipour,4890,2026-09-18T13:49:45.395766,,,
DATA,86.65,13.8238544,0.640000045,11.2076483,0.0,-52.60794,0.0,12.5526562,-0.159999967,12.1792736,0.0,-52.60794,0.0,13.8238544,0.640000045,11.2076483,0.0,-52.60794,0.0,13.8238544,0.640000045,11.2076483,0.0,-52.60794,0.0,0.0,0.0,0.0,0.0,0.0,0.0,0.0,2,1,7,20,11,33.03885,59.6070328,Tina Aminipour,4890,2026-09-18T13:49:45.447659,,,
DATA,86.701,13.8238544,0.640000045,11.2076483,0.0,-52.60794,0.0,12.5526562,-0.159999967,12.1792736,0.0,-52.60794,0.0,13.8238544,0.640000045,11.2076483,0.0,-52.60794,0.0,13.8238544,0.640000045,11.2076483,0.0,-52.60794,0.0,0.0,0.0,0.0,0.0,0.0,0.0,0.0,2,1,7,20,11,33.09014,59.6583252,Tina Aminipour,4890,2026-09-18T13:49:45.497393,,,
DATA,86.75,13.8238544,0.640000045,11.2076483,0.0,-52.60794,0.0,12.5526562,-0.159999967,12.1792736,0.0,-52.60794,0.0,13.8238544,0.640000045,11.2076483,0.0,-52.60794,0.0,13.8238544,0.640000045,11.2076483,0.0,-52.60794,0.0,0.0,0.0,0.0,0.0,0.0,0.0,0.0,2,1,7,20,11,33.1386566,59.70684,Tina Aminipour,4890,2026-09-18T13:49:45.547591,,,
DATA,86.803,13.8238544,0.640000045,11.2076483,0.0,-52.60794,0.0,12.5526562,-0.159999967,12.1792736,0.0,-52.60794,0.0,13.8238544,0.640000045,11.2076483,0.0,-52.60794,0.0,13.8238544,0.640000045,11.2076483,0.0,-52.60794,0.0,0.0,0.0,0.0,0.0,0.0,0.0,0.0,2,1,7,20,11,33.1912231,59.759407,Tina Aminipour,4890,2026-09-18T13:49:45.599878,,,
DATA,86.851,13.8238544,0.640000045,11.2076483,0.0,-52.60794,0.0,12.5526562,-0.159999967,12.1792736,0.0,-52.60794,0.0,13.8238544,0.640000045,11.2076483,0.0,-52.60794,0.0,13.8238544,0.640000045,11.2076483,0.0,-52.60794,0.0,0.0,0.0,0.0,0.0,0.0,0.0,0.0,2,1,7,20,11,33.2398376,59.80802,Tina Aminipour,4890,2026-09-18T13:49:45.643447,,,
DATA,86.899,13.8238544,0.640000045,11.2076483,0.0,-52.60794,0.0,12.5526562,-0.159999967,12.1792736,0.0,-52.60794,0.0,13.8238544,0.640000045,11.2076483,0.0,-52.60794,0.0,13.8238544,0.640000045,11.2076483,0.0,-52.60794,0.0,0.0,0.0,0.0,0.0,0.0,0.0,0.0,2,1,7,20,11,33.2884064,59.85659,Tina Aminipour,4890,2026-09-18T13:49:45.696625,,,
DATA,86.949,13.8238544,0.640000045,11.2076483,0.0,-52.60794,0.0,12.5526562,-0.159999967,12.1792736,0.0,-52.60794,0.0,13.8238544,0.640000045,11.2076483,0.0,-52.60794,0.0,13.8238544,0.640000045,11.2076483,0.0,-52.60794,0.0,0.0,0.0,0.0,0.0,0.0,0.0,0.0,2,1,7,20,11,33.33715,59.9053345,Tina Aminipour,4890,2026-09-18T13:49:45.745495,,,
DATA,87.001,13.8238544,0.640000045,11.2076483,0.0,-52.60794,0.0,12.5526562,-0.159999967,12.1792736,0.0,-52.60794,0.0,13.8238544,0.640000045,11.2076483,0.0,-52.60794,0.0,13.8238544,0.640000045,11.2076483,0.0,-52.60794,0.0,0.0,0.0,0.0,0.0,0.0,0.0,0.0,2,1,7,20,11,33.3898926,59.9580765,Tina Aminipour,4890,2026-09-18T13:49:45.799160,,,
DATA,87.05,13.8238544,0.640000045,11.2076483,0.0,-52.60794,0.0,12.5526562,-0.159999967,12.1792736,0.0,-52.60794,0.0,13.8238544,0.640000045,11.2076483,0.0,-52.60794,0.0,13.8238544,0.640000045,11.2076483,0.0,-52.60794,0.0,0.0,0.0,0.0,0.0,0.0,0.0,0.0,2,1,7,20,11,33.43869,60.0068741,Tina Aminipour,4890,2026-09-18T13:49:45.847238,,,
DATA,87.103,13.8238544,0.640000045,11.2076483,0.0,-52.60794,0.0,12.5526562,-0.159999967,12.1792736,0.0,-52.60794,0.0,13.8238544,0.640000045,11.2076483,0.0,-52.60794,0.0,13.8238544,0.640000045,11.2076483,0.0,-52.60794,0.0,0.0,0.0,0.0,0.0,0.0,0.0,0.0,2,1,7,20,11,33.49154,60.0597229,Tina Aminipour,4890,2026-09-18T13:49:45.899818,,,
DATA,87.151,13.8238544,0.640000045,11.2076483,0.0,-52.60794,0.0,12.5526562,-0.159999967,12.1792736,0.0,-52.60794,0.0,13.8238544,0.640000045,11.2076483,0.0,-52.60794,0.0,13.8238544,0.640000045,11.2076483,0.0,-52.60794,0.0,0.0,0.0,0.0,0.0,0.0,0.0,0.0,2,1,7,20,11,33.5403671,60.10855,Tina Aminipour,4890,2026-09-18T13:49:45.949275,,,
DATA,87.199,13.8238544,0.640000045,11.2076483,0.0,-52.60794,0.0,12.5526562,-0.159999967,12.1792736,0.0,-52.60794,0.0,13.8238544,0.640000045,11.2076483,0.0,-52.60794,0.0,13.8238544,0.640000045,11.2076483,0.0,-52.60794,0.0,0.0,0.0,0.0,0.0,0.0,0.0,0.0,2,1,7,20,11,33.58805,60.1562347,Tina Aminipour,4890,2026-09-18T13:49:45.996242,,,
DATA,87.25,13.8238544,0.640000045,11.2076483,0.0,-52.60794,0.0,12.5526562,-0.159999967,12.1792736,0.0,-52.60794,0.0,13.8238544,0.640000045,11.2076483,0.0,-52.60794,0.0,13.8238544,0.640000045,11.2076483,0.0,-52.60794,0.0,0.0,0.0,0.0,0.0,0.0,0.0,0.0,2,1,7,20,11,33.6390839,60.2072678,Tina Aminipour,4890,2026-09-18T13:49:46.048222,,,
DATA,87.303,13.8238544,0.640000045,11.2076483,0.0,-52.60794,0.0,12.5526562,-0.159999967,12.1792736,0.0,-52.60794,0.0,13.8238544,0.640000045,11.2076483,0.0,-52.60794,0.0,13.8238544,0.640000045,11.2076483,0.0,-52.60794,0.0,0.0,0.0,0.0,0.0,0.0,0.0,0.0,2,1,7,20,11,33.69127,60.2594528,Tina Aminipour,4890,2026-09-18T13:49:46.099189,,,
DATA,87.35,13.8238544,0.640000045,11.2076483,0.0,-52.60794,0.0,12.5526562,-0.159999967,12.1792736,0.0,-52.60794,0.0,13.8238544,0.640000045,11.2076483,0.0,-52.60794,0.0,13.8238544,0.640000045,11.2076483,0.0,-52.60794,0.0,0.0,0.0,0.0,0.0,0.0,0.0,0.0,2,1,7,20,11,33.7383881,60.306572,Tina Aminipour,4890,2026-09-18T13:49:46.147658,,,
DATA,87.404,13.8238544,0.640000045,11.2076483,0.0,-52.60794,0.0,12.5526562,-0.159999967,12.1792736,0.0,-52.60794,0.0,13.8238544,0.640000045,11.2076483,0.0,-52.60794,0.0,13.8238544,0.640000045,11.2076483,0.0,-52.60794,0.0,0.0,0.0,0.0,0.0,0.0,0.0,0.0,2,1,7,20,11,33.7920074,60.36019,Tina Aminipour,4890,2026-09-18T13:49:46.200171,,,
DATA,87.453,13.8238544,0.640000045,11.2076483,0.0,-52.60794,0.0,12.5526562,-0.159999967,12.1792736,0.0,-52.60794,0.0,13.8238544,0.640000045,11.2076483,0.0,-52.60794,0.0,13.8238544,0.640000045,11.2076483,0.0,-52.60794,0.0,0.0,0.0,0.0,0.0,0.0,0.0,0.0,2,1,7,20,11,33.8415451,60.40973,Tina Aminipour,4890,2026-09-18T13:49:46.250839,,,
DATA,87.501,13.8238544,0.640000045,11.2076483,0.0,-52.60794,0.0,12.5526562,-0.159999967,12.1792736,0.0,-52.60794,0.0,13.8238544,0.640000045,11.2076483,0.0,-52.60794,0.0,13.8238544,0.640000045,11.2076483,0.0,-52.60794,0.0,0.0,0.0,0.0,0.0,0.0,0.0,0.0,2,1,7,20,11,33.8893738,60.4575577,Tina Aminipour,4890,2026-09-18T13:49:46.298526,,,
DATA,87.549,13.8238544,0.640000045,11.2076483,0.0,-52.60794,0.0,12.5526562,-0.159999967,12.1792736,0.0,-52.60794,0.0,13.8238544,0.640000045,11.2076483,0.0,-52.60794,0.0,13.8238544,0.640000045,11.2076483,0.0,-52.60794,0.0,0.0,0.0,0.0,0.0,0.0,0.0,0.0,2,1,7,20,11,33.938324,60.5065079,Tina Aminipour,4890,2026-09-18T13:49:46.346496,,,
DATA,87.601,13.8238544,0.640000045,11.2076483,0.0,-52.60794,0.0,12.5526562,-0.159999967,12.1792736,0.0,-52.60794,0.0,13.8238544,0.640000045,11.2076483,0.0,-52.60794,0.0,13.8238544,0.640000045,11.2076483,0.0,-52.60794,0.0,0.0,0.0,0.0,0.0,0.0,0.0,0.0,2,1,7,20,11,33.9900131,60.558197,Tina Aminipour,4890,2026-09-18T13:49:46.397968,,,
DATA,87.652,13.8238544,0.640000045,11.2076483,0.0,-52.60794,0.0,12.5526562,-0.159999967,12.1792736,0.0,-52.60794,0.0,13.8238544,0.640000045,11.2076483,0.0,-52.60794,0.0,13.8238544,0.640000045,11.2076483,0.0,-52.60794,0.0,0.0,0.0,0.0,0.0,0.0,0.0,0.0,2,1,7,20,11,34.0407944,60.60898,Tina Aminipour,4890,2026-09-18T13:49:46.450215,,,
DATA,87.699,13.8238544,0.640000045,11.2076483,0.0,-52.60794,0.0,12.5526562,-0.159999967,12.1792736,0.0,-52.60794,0.0,13.8238544,0.640000045,11.2076483,0.0,-52.60794,0.0,13.8238544,0.640000045,11.2076483,0.0,-52.60794,0.0,0.0,0.0,0.0,0.0,0.0,0.0,0.0,2,1,7,20,11,34.0880966,60.65628,Tina Aminipour,4890,2026-09-18T13:49:46.496220,,,
DATA,87.75,13.8238544,0.640000045,11.2076483,0.0,-52.60794,0.0,12.5526562,-0.159999967,12.1792736,0.0,-52.60794,0.0,13.8238544,0.640000045,11.2076483,0.0,-52.60794,0.0,13.8238544,0.640000045,11.2076483,0.0,-52.60794,0.0,0.0,0.0,0.0,0.0,0.0,0.0,0.0,2,1,7,20,11,34.13871,60.7068939,Tina Aminipour,4890,2026-09-18T13:49:46.546855,,,
DATA,87.798,13.8238544,0.640000045,11.2076483,0.0,-52.60794,0.0,12.5526562,-0.159999967,12.1792736,0.0,-52.60794,0.0,13.8238544,0.640000045,11.2076483,0.0,-52.60794,0.0,13.8238544,0.640000045,11.2076483,0.0,-52.60794,0.0,0.0,0.0,0.0,0.0,0.0,0.0,0.0,2,1,7,20,11,34.18705,60.7552338,Tina Aminipour,4890,2026-09-18T13:49:46.594963,,,
DATA,87.853,13.8238544,0.640000045,11.2076483,0.0,-52.60794,0.0,12.5526562,-0.159999967,12.1792736,0.0,-52.60794,0.0,13.8238544,0.640000045,11.2076483,0.0,-52.60794,0.0,13.8238544,0.640000045,11.2076483,0.0,-52.60794,0.0,0.0,0.0,0.0,0.0,0.0,0.0,0.0,2,1,7,20,11,34.24128,60.8094635,Tina Aminipour,4890,2026-09-18T13:49:46.649016,,,
DATA,87.9,13.8238544,0.640000045,11.2076483,0.0,-52.60794,0.0,12.5526562,-0.159999967,12.1792736,0.0,-52.60794,0.0,13.8238544,0.640000045,11.2076483,0.0,-52.60794,0.0,13.8238544,0.640000045,11.2076483,0.0,-52.60794,0.0,0.0,0.0,0.0,0.0,0.0,0.0,0.0,2,1,7,20,11,34.28887,60.8570557,Tina Aminipour,4890,2026-09-18T13:49:46.697444,,,
DATA,87.952,13.8238544,0.640000045,11.2076483,0.0,-52.60794,0.0,12.5526562,-0.159999967,12.1792736,0.0,-52.60794,0.0,13.8238544,0.640000045,11.2076483,0.0,-52.60794,0.0,13.8238544,0.640000045,11.2076483,0.0,-52.60794,0.0,0.0,0.0,0.0,0.0,0.0,0.0,0.0,2,1,7,20,11,34.3406219,60.9088058,Tina Aminipour,4890,2026-09-18T13:49:46.749036,,,
DATA,87.999,13.8238544,0.640000045,11.2076483,0.0,-52.60794,0.0,12.5526562,-0.159999967,12.1792736,0.0,-52.60794,0.0,13.8238544,0.640000045,11.2076483,0.0,-52.60794,0.0,13.8238544,0.640000045,11.2076483,0.0,-52.60794,0.0,0.0,0.0,0.0,0.0,0.0,0.0,0.0,2,1,7,20,11,34.3888245,60.95701,Tina Aminipour,4890,2026-09-18T13:49:46.796578,,,
DATA,88.052,13.8238544,0.640000045,11.2076483,0.0,-52.60794,0.0,12.5526562,-0.159999967,12.1792736,0.0,-52.60794,0.0,13.8238544,0.640000045,11.2076483,0.0,-52.60794,0.0,13.8238544,0.640000045,11.2076483,0.0,-52.60794,0.0,0.0,0.0,0.0,0.0,0.0,0.0,0.0,2,1,7,20,11,34.4401474,61.00833,Tina Aminipour,4890,2026-09-18T13:49:46.848442,,,
DATA,88.101,13.8238544,0.640000045,11.2076483,0.0,-52.60794,0.0,12.5526562,-0.159999967,12.1792736,0.0,-52.60794,0.0,13.8238544,0.640000045,11.2076483,0.0,-52.60794,0.0,13.8238544,0.640000045,11.2076483,0.0,-52.60794,0.0,0.0,0.0,0.0,0.0,0.0,0.0,0.0,2,1,7,20,11,34.490387,61.05857,Tina Aminipour,4890,2026-09-18T13:49:46.898565,,,
DATA,88.153,13.8238544,0.640000045,11.2076483,0.0,-52.60794,0.0,12.5526562,-0.159999967,12.1792736,0.0,-52.60794,0.0,13.8238544,0.640000045,11.2076483,0.0,-52.60794,0.0,13.8238544,0.640000045,11.2076483,0.0,-52.60794,0.0,0.0,0.0,0.0,0.0,0.0,0.0,0.0,2,1,7,20,11,34.54171,61.1098938,Tina Aminipour,4890,2026-09-18T13:49:46.950228,,,
DATA,88.198,13.8238544,0.640000045,11.2076483,0.0,-52.60794,0.0,12.5526562,-0.159999967,12.1792736,0.0,-52.60794,0.0,13.8238544,0.640000045,11.2076483,0.0,-52.60794,0.0,13.8238544,0.640000045,11.2076483,0.0,-52.60794,0.0,0.0,0.0,0.0,0.0,0.0,0.0,0.0,2,1,7,20,11,34.5870361,61.15522,Tina Aminipour,4890,2026-09-18T13:49:46.994844,,,
DATA,88.249,13.8238544,0.640000045,11.2076483,0.0,-52.60794,0.0,12.5526562,-0.159999967,12.1792736,0.0,-52.60794,0.0,13.8238544,0.640000045,11.2076483,0.0,-52.60794,0.0,13.8238544,0.640000045,11.2076483,0.0,-52.60794,0.0,0.0,0.0,0.0,0.0,0.0,0.0,0.0,2,1,7,20,11,34.63772,61.2059021,Tina Aminipour,4890,2026-09-18T13:49:47.046080,,,
DATA,88.3,13.8238544,0.640000045,11.2076483,0.0,-52.60794,0.0,12.5526562,-0.159999967,12.1792736,0.0,-52.60794,0.0,13.8238544,0.640000045,11.2076483,0.0,-52.60794,0.0,13.8238544,0.640000045,11.2076483,0.0,-52.60794,0.0,0.0,0.0,0.0,0.0,0.0,0.0,0.0,2,1,7,20,11,34.68849,61.2566757,Tina Aminipour,4890,2026-09-18T13:49:47.096715,,,
DATA,88.349,13.8238544,0.640000045,11.2076483,0.0,-52.60794,0.0,12.5526562,-0.159999967,12.1792736,0.0,-52.60794,0.0,13.8238544,0.640000045,11.2076483,0.0,-52.60794,0.0,13.8238544,0.640000045,11.2076483,0.0,-52.60794,0.0,0.0,0.0,0.0,0.0,0.0,0.0,0.0,2,1,7,20,11,34.7379761,61.30616,Tina Aminipour,4890,2026-09-18T13:49:47.147134,,,
DATA,88.401,13.8238544,0.640000045,11.2076483,0.0,-52.60794,0.0,12.5526562,-0.159999967,12.1792736,0.0,-52.60794,0.0,13.8238544,0.640000045,11.2076483,0.0,-52.60794,0.0,13.8238544,0.640000045,11.2076483,0.0,-52.60794,0.0,0.0,0.0,0.0,0.0,0.0,0.0,0.0,2,1,7,20,11,34.7903442,61.35853,Tina Aminipour,4890,2026-09-18T13:49:47.198644,,,
DATA,88.447,13.8238544,0.640000045,11.2076483,0.0,-52.60794,0.0,12.5526562,-0.159999967,12.1792736,0.0,-52.60794,0.0,13.8238544,0.640000045,11.2076483,0.0,-52.60794,0.0,13.8238544,0.640000045,11.2076483,0.0,-52.60794,0.0,0.0,0.0,0.0,0.0,0.0,0.0,0.0,2,1,7,20,11,34.8370972,61.40528,Tina Aminipour,4890,2026-09-18T13:49:47.246215,,,
DATA,88.5,13.8238544,0.640000045,11.2076483,0.0,-52.60794,0.0,12.5526562,-0.159999967,12.1792736,0.0,-52.60794,0.0,13.8238544,0.640000045,11.2076483,0.0,-52.60794,0.0,13.8238544,0.640000045,11.2076483,0.0,-52.60794,0.0,0.0,0.0,0.0,0.0,0.0,0.0,0.0,2,1,7,20,11,34.88875,61.4569321,Tina Aminipour,4890,2026-09-18T13:49:47.296871,,,
DATA,88.551,13.8238544,0.640000045,11.2076483,0.0,-52.60794,0.0,12.5526562,-0.159999967,12.1792736,0.0,-52.60794,0.0,13.8238544,0.640000045,11.2076483,0.0,-52.60794,0.0,13.8238544,0.640000045,11.2076483,0.0,-52.60794,0.0,0.0,0.0,0.0,0.0,0.0,0.0,0.0,2,1,7,20,11,34.9401245,61.50831,Tina Aminipour,4890,2026-09-18T13:49:47.349001,,,
DATA,88.597,13.8238544,0.640000045,11.2076483,0.0,-52.60794,0.0,12.5526562,-0.159999967,12.1792736,0.0,-52.60794,0.0,13.8238544,0.640000045,11.2076483,0.0,-52.60794,0.0,13.8238544,0.640000045,11.2076483,0.0,-52.60794,0.0,0.0,0.0,0.0,0.0,0.0,0.0,0.0,2,1,7,20,11,34.986763,61.5549469,Tina Aminipour,4890,2026-09-18T13:49:47.394663,,,
DATA,88.649,13.8238544,0.640000045,11.2076483,0.0,-52.60794,0.0,12.5526562,-0.159999967,12.1792736,0.0,-52.60794,0.0,13.8238544,0.640000045,11.2076483,0.0,-52.60794,0.0,13.8238544,0.640000045,11.2076483,0.0,-52.60794,0.0,0.0,0.0,0.0,0.0,0.0,0.0,0.0,2,1,7,20,11,35.0374,61.6055832,Tina Aminipour,4890,2026-09-18T13:49:47.445706,,,
DATA,88.699,13.8238544,0.640000045,11.2076483,0.0,-52.60794,0.0,12.5526562,-0.159999967,12.1792736,0.0,-52.60794,0.0,13.8238544,0.640000045,11.2076483,0.0,-52.60794,0.0,13.8238544,0.640000045,11.2076483,0.0,-52.60794,0.0,0.0,0.0,0.0,0.0,0.0,0.0,0.0,2,1,7,20,11,35.08822,61.6564026,Tina Aminipour,4890,2026-09-18T13:49:47.497223,,,
DATA,88.753,13.8238544,0.640000045,11.2076483,0.0,-52.60794,0.0,12.5526562,-0.159999967,12.1792736,0.0,-52.60794,0.0,13.8238544,0.640000045,11.2076483,0.0,-52.60794,0.0,13.8238544,0.640000045,11.2076483,0.0,-52.60794,0.0,0.0,0.0,0.0,0.0,0.0,0.0,0.0,2,1,7,20,11,35.14096,61.7091446,Tina Aminipour,4890,2026-09-18T13:49:47.549724,,,
DATA,88.801,13.8238544,0.640000045,11.2076483,0.0,-52.60794,0.0,12.5526562,-0.159999967,12.1792736,0.0,-52.60794,0.0,13.8238544,0.640000045,11.2076483,0.0,-52.60794,0.0,13.8238544,0.640000045,11.2076483,0.0,-52.60794,0.0,0.0,0.0,0.0,0.0,0.0,0.0,0.0,2,1,7,20,11,35.1909866,61.75917,Tina Aminipour,4890,2026-09-18T13:49:47.598951,,,
DATA,88.848,13.8238544,0.640000045,11.2076483,0.0,-52.60794,0.0,12.5526562,-0.159999967,12.1792736,0.0,-52.60794,0.0,13.8238544,0.640000045,11.2076483,0.0,-52.60794,0.0,13.8238544,0.640000045,11.2076483,0.0,-52.60794,0.0,0.0,0.0,0.0,0.0,0.0,0.0,0.0,2,1,7,20,11,35.2368622,61.8050461,Tina Aminipour,4890,2026-09-18T13:49:47.645801,,,
DATA,88.898,13.8238544,0.640000045,11.2076483,0.0,-52.60794,0.0,12.5526562,-0.159999967,12.1792736,0.0,-52.60794,0.0,13.8238544,0.640000045,11.2076483,0.0,-52.60794,0.0,13.8238544,0.640000045,11.2076483,0.0,-52.60794,0.0,0.0,0.0,0.0,0.0,0.0,0.0,0.0,2,1,7,20,11,35.28769,61.8558731,Tina Aminipour,4890,2026-09-18T13:49:47.695718,,,
DATA,88.95,13.8238544,0.640000045,11.2076483,0.0,-52.60794,0.0,12.5526562,-0.159999967,12.1792736,0.0,-52.60794,0.0,13.8238544,0.640000045,11.2076483,0.0,-52.60794,0.0,13.8238544,0.640000045,11.2076483,0.0,-52.60794,0.0,0.0,0.0,0.0,0.0,0.0,0.0,0.0,2,1,7,20,11,35.3395157,61.9077,Tina Aminipour,4890,2026-09-18T13:49:47.748484,,,
DATA,89.001,13.8238544,0.640000045,11.2076483,0.0,-52.60794,0.0,12.5526562,-0.159999967,12.1792736,0.0,-52.60794,0.0,13.8238544,0.640000045,11.2076483,0.0,-52.60794,0.0,13.8238544,0.640000045,11.2076483,0.0,-52.60794,0.0,0.0,0.0,0.0,0.0,0.0,0.0,0.0,2,1,7,20,11,35.3898544,61.95804,Tina Aminipour,4890,2026-09-18T13:49:47.798207,,,
DATA,89.049,13.8238544,0.640000045,11.2076483,0.0,-52.60794,0.0,12.5526562,-0.159999967,12.1792736,0.0,-52.60794,0.0,13.8238544,0.640000045,11.2076483,0.0,-52.60794,0.0,13.8238544,0.640000045,11.2076483,0.0,-52.60794,0.0,0.0,0.0,0.0,0.0,0.0,0.0,0.0,2,1,7,20,11,35.4370651,62.00525,Tina Aminipour,4890,2026-09-18T13:49:47.845879,,,
DATA,89.099,13.8238544,0.640000045,11.2076483,0.0,-52.60794,0.0,12.5526562,-0.159999967,12.1792736,0.0,-52.60794,0.0,13.8238544,0.640000045,11.2076483,0.0,-52.60794,0.0,13.8238544,0.640000045,11.2076483,0.0,-52.60794,0.0,0.0,0.0,0.0,0.0,0.0,0.0,0.0,2,1,7,20,11,35.4879532,62.0561371,Tina Aminipour,4890,2026-09-18T13:49:47.896082,,,
DATA,89.15,13.8238544,0.640000045,11.2076483,0.0,-52.60794,0.0,12.5526562,-0.159999967,12.1792736,0.0,-52.60794,0.0,13.8238544,0.640000045,11.2076483,0.0,-52.60794,0.0,13.8238544,0.640000045,11.2076483,0.0,-52.60794,0.0,0.0,0.0,0.0,0.0,0.0,0.0,0.0,2,1,7,20,11,35.5380859,62.10627,Tina Aminipour,4890,2026-09-18T13:49:47.947009,,,
DATA,89.201,13.8238544,0.640000045,11.2076483,0.0,-52.60794,0.0,12.5526562,-0.159999967,12.1792736,0.0,-52.60794,0.0,13.8238544,0.640000045,11.2076483,0.0,-52.60794,0.0,13.8238544,0.640000045,11.2076483,0.0,-52.60794,0.0,0.0,0.0,0.0,0.0,0.0,0.0,0.0,2,1,7,20,11,35.5896072,62.15779,Tina Aminipour,4890,2026-09-18T13:49:47.998198,,,
DATA,89.251,13.8238544,0.640000045,11.2076483,0.0,-52.60794,0.0,12.5526562,-0.159999967,12.1792736,0.0,-52.60794,0.0,13.8238544,0.640000045,11.2076483,0.0,-52.60794,0.0,13.8238544,0.640000045,11.2076483,0.0,-52.60794,0.0,0.0,0.0,0.0,0.0,0.0,0.0,0.0,2,1,7,20,11,35.63999,62.2081757,Tina Aminipour,4890,2026-09-18T13:49:48.048858,,,
DATA,89.302,13.8238544,0.640000045,11.2076483,0.0,-52.60794,0.0,12.5526562,-0.159999967,12.1792736,0.0,-52.60794,0.0,13.8238544,0.640000045,11.2076483,0.0,-52.60794,0.0,13.8238544,0.640000045,11.2076483,0.0,-52.60794,0.0,0.0,0.0,0.0,0.0,0.0,0.0,0.0,2,1,7,20,11,35.6912842,62.2594681,Tina Aminipour,4890,2026-09-18T13:49:48.099511,,,
DATA,89.349,13.8238544,0.640000045,11.2076483,0.0,-52.60794,0.0,12.5526562,-0.159999967,12.1792736,0.0,-52.60794,0.0,13.8238544,0.640000045,11.2076483,0.0,-52.60794,0.0,13.8238544,0.640000045,11.2076483,0.0,-52.60794,0.0,0.0,0.0,0.0,0.0,0.0,0.0,0.0,2,1,7,20,11,35.73774,62.3059235,Tina Aminipour,4890,2026-09-18T13:49:48.147095,,,
DATA,89.401,13.8238544,0.640000045,11.2076483,0.0,-52.60794,0.0,12.5526562,-0.159999967,12.1792736,0.0,-52.60794,0.0,13.8238544,0.640000045,11.2076483,0.0,-52.60794,0.0,13.8238544,0.640000045,11.2076483,0.0,-52.60794,0.0,0.0,0.0,0.0,0.0,0.0,0.0,0.0,2,1,7,20,11,35.78942,62.357605,Tina Aminipour,4890,2026-09-18T13:49:48.197029,,,
DATA,89.451,13.8238544,0.640000045,11.2076483,0.0,-52.60794,0.0,12.5526562,-0.159999967,12.1792736,0.0,-52.60794,0.0,13.8238544,0.640000045,11.2076483,0.0,-52.60794,0.0,13.8238544,0.640000045,11.2076483,0.0,-52.60794,0.0,0.0,0.0,0.0,0.0,0.0,0.0,0.0,2,1,7,20,11,35.8399277,62.40811,Tina Aminipour,4890,2026-09-18T13:49:48.249155,,,
DATA,89.498,13.8238544,0.640000045,11.2076483,0.0,-52.60794,0.0,12.5526562,-0.159999967,12.1792736,0.0,-52.60794,0.0,13.8238544,0.640000045,11.2076483,0.0,-52.60794,0.0,13.8238544,0.640000045,11.2076483,0.0,-52.60794,0.0,0.0,0.0,0.0,0.0,0.0,0.0,0.0,2,1,7,20,11,35.8873825,62.4555664,Tina Aminipour,4890,2026-09-18T13:49:48.295701,,,
DATA,89.548,13.8238544,0.640000045,11.2076483,0.0,-52.60794,0.0,12.5526562,-0.159999967,12.1792736,0.0,-52.60794,0.0,13.8238544,0.640000045,11.2076483,0.0,-52.60794,0.0,13.8238544,0.640000045,11.2076483,0.0,-52.60794,0.0,0.0,0.0,0.0,0.0,0.0,0.0,0.0,2,1,7,20,11,35.9376144,62.5058,Tina Aminipour,4890,2026-09-18T13:49:48.346188,,,
DATA,89.599,13.8238544,0.640000045,11.2076483,0.0,-52.60794,0.0,12.5526562,-0.159999967,12.1792736,0.0,-52.60794,0.0,13.8238544,0.640000045,11.2076483,0.0,-52.60794,0.0,13.8238544,0.640000045,11.2076483,0.0,-52.60794,0.0,0.0,0.0,0.0,0.0,0.0,0.0,0.0,2,1,7,20,11,35.98812,62.5563049,Tina Aminipour,4890,2026-09-18T13:49:48.396639,,,
DATA,89.65,13.8238544,0.640000045,11.2076483,0.0,-52.60794,0.0,12.5526562,-0.159999967,12.1792736,0.0,-52.60794,0.0,13.8238544,0.640000045,11.2076483,0.0,-52.60794,0.0,13.8238544,0.640000045,11.2076483,0.0,-52.60794,0.0,0.0,0.0,0.0,0.0,0.0,0.0,0.0,2,1,7,20,11,36.03916,62.6073456,Tina Aminipour,4890,2026-09-18T13:49:48.448175,,,
DATA,89.701,13.8238544,0.640000045,11.2076483,0.0,-52.60794,0.0,12.5526562,-0.159999967,12.1792736,0.0,-52.60794,0.0,13.8238544,0.640000045,11.2076483,0.0,-52.60794,0.0,13.8238544,0.640000045,11.2076483,0.0,-52.60794,0.0,0.0,0.0,0.0,0.0,0.0,0.0,0.0,2,1,7,20,11,36.08998,62.658165,Tina Aminipour,4890,2026-09-18T13:49:48.498407,,,
DATA,89.753,13.8238544,0.640000045,11.2076483,0.0,-52.60794,0.0,12.5526562,-0.159999967,12.1792736,0.0,-52.60794,0.0,13.8238544,0.640000045,11.2076483,0.0,-52.60794,0.0,13.8238544,0.640000045,11.2076483,0.0,-52.60794,0.0,0.0,0.0,0.0,0.0,0.0,0.0,0.0,2,1,7,20,11,36.1412125,62.7093964,Tina Aminipour,4890,2026-09-18T13:49:48.549982,,,
DATA,89.8,13.8238544,0.640000045,11.2076483,0.0,-52.60794,0.0,12.5526562,-0.159999967,12.1792736,0.0,-52.60794,0.0,13.8238544,0.640000045,11.2076483,0.0,-52.60794,0.0,13.8238544,0.640000045,11.2076483,0.0,-52.60794,0.0,0.0,0.0,0.0,0.0,0.0,0.0,0.0,2,1,7,20,11,36.1882629,62.7564468,Tina Aminipour,4890,2026-09-18T13:49:48.596408,,,
DATA,89.849,13.8238544,0.640000045,11.2076483,0.0,-52.60794,0.0,12.5526562,-0.159999967,12.1792736,0.0,-52.60794,0.0,13.8238544,0.640000045,11.2076483,0.0,-52.60794,0.0,13.8238544,0.640000045,11.2076483,0.0,-52.60794,0.0,0.0,0.0,0.0,0.0,0.0,0.0,0.0,2,1,7,20,11,36.23777,62.805954,Tina Aminipour,4890,2026-09-18T13:49:48.645568,,,
DATA,89.899,13.8238544,0.640000045,11.2076483,0.0,-52.60794,0.0,12.5526562,-0.159999967,12.1792736,0.0,-52.60794,0.0,13.8238544,0.640000045,11.2076483,0.0,-52.60794,0.0,13.8238544,0.640000045,11.2076483,0.0,-52.60794,0.0,0.0,0.0,0.0,0.0,0.0,0.0,0.0,2,1,7,20,11,36.28791,62.8560944,Tina Aminipour,4890,2026-09-18T13:49:48.695664,,,
DATA,89.948,13.8238544,0.640000045,11.2076483,0.0,-52.60794,0.0,12.5526562,-0.159999967,12.1792736,0.0,-52.60794,0.0,13.8238544,0.640000045,11.2076483,0.0,-52.60794,0.0,13.8238544,0.640000045,11.2076483,0.0,-52.60794,0.0,0.0,0.0,0.0,0.0,0.0,0.0,0.0,2,1,7,20,11,36.3368,62.9049835,Tina Aminipour,4890,2026-09-18T13:49:48.746207,,,
DATA,90.002,13.8238544,0.640000045,11.2076483,0.0,-52.60794,0.0,12.5526562,-0.159999967,12.1792736,0.0,-52.60794,0.0,13.8238544,0.640000045,11.2076483,0.0,-52.60794,0.0,13.8238544,0.640000045,11.2076483,0.0,-52.60794,0.0,0.0,0.0,0.0,0.0,0.0,0.0,0.0,2,1,7,20,11,36.391037,62.95922,Tina Aminipour,4890,2026-09-18T13:49:48.798750,,,
DATA,90.048,13.8238544,0.640000045,11.2076483,0.0,-52.60794,0.0,12.5526562,-0.159999967,12.1792736,0.0,-52.60794,0.0,13.8238544,0.640000045,11.2076483,0.0,-52.60794,0.0,13.8238544,0.640000045,11.2076483,0.0,-52.60794,0.0,0.0,0.0,0.0,0.0,0.0,0.0,0.0,2,1,7,20,11,36.43672,63.0049057,Tina Aminipour,4890,2026-09-18T13:49:48.844916,,,
DATA,90.097,13.8238544,0.640000045,11.2076483,0.0,-52.60794,0.0,12.5526562,-0.159999967,12.1792736,0.0,-52.60794,0.0,13.8238544,0.640000045,11.2076483,0.0,-52.60794,0.0,13.8238544,0.640000045,11.2076483,0.0,-52.60794,0.0,0.0,0.0,0.0,0.0,0.0,0.0,0.0,2,1,7,20,11,36.48735,63.0555344,Tina Aminipour,4890,2026-09-18T13:49:48.895614,,,
DATA,90.151,13.8238544,0.640000045,11.2076483,0.0,-52.60794,0.0,12.5526562,-0.159999967,12.1792736,0.0,-52.60794,0.0,13.8238544,0.640000045,11.2076483,0.0,-52.60794,0.0,13.8238544,0.640000045,11.2076483,0.0,-52.60794,0.0,0.0,0.0,0.0,0.0,0.0,0.0,0.0,2,1,7,20,11,36.5392532,63.1074371,Tina Aminipour,4890,2026-09-18T13:49:48.947997,,,
DATA,90.202,13.8238544,0.640000045,11.2076483,0.0,-52.60794,0.0,12.5526562,-0.159999967,12.1792736,0.0,-52.60794,0.0,13.8238544,0.640000045,11.2076483,0.0,-52.60794,0.0,13.8238544,0.640000045,11.2076483,0.0,-52.60794,0.0,0.0,0.0,0.0,0.0,0.0,0.0,0.0,2,1,7,20,11,36.59056,63.1587448,Tina Aminipour,4890,2026-09-18T13:49:48.998860,,,
DATA,90.251,13.8238544,0.640000045,11.2076483,0.0,-52.60794,0.0,12.5526562,-0.159999967,12.1792736,0.0,-52.60794,0.0,13.8238544,0.640000045,11.2076483,0.0,-52.60794,0.0,13.8238544,0.640000045,11.2076483,0.0,-52.60794,0.0,0.0,0.0,0.0,0.0,0.0,0.0,0.0,2,1,7,20,11,36.6397324,63.2079163,Tina Aminipour,4890,2026-09-18T13:49:49.047515,,,
DATA,90.298,13.8238544,0.640000045,11.2076483,0.0,-52.60794,0.0,12.5526562,-0.159999967,12.1792736,0.0,-52.60794,0.0,13.8238544,0.640000045,11.2076483,0.0,-52.60794,0.0,13.8238544,0.640000045,11.2076483,0.0,-52.60794,0.0,0.0,0.0,0.0,0.0,0.0,0.0,0.0,2,1,7,20,11,36.68698,63.2551651,Tina Aminipour,4890,2026-09-18T13:49:49.095421,,,
DATA,90.348,13.8238544,0.640000045,11.2076483,0.0,-52.60794,0.0,12.5526562,-0.159999967,12.1792736,0.0,-52.60794,0.0,13.8238544,0.640000045,11.2076483,0.0,-52.60794,0.0,13.8238544,0.640000045,11.2076483,0.0,-52.60794,0.0,0.0,0.0,0.0,0.0,0.0,0.0,0.0,2,1,7,20,11,36.737114,63.3052979,Tina Aminipour,4890,2026-09-18T13:49:49.145206,,,
DATA,90.4,13.8238544,0.640000045,11.2076483,0.0,-52.60794,0.0,12.5526562,-0.159999967,12.1792736,0.0,-52.60794,0.0,13.8238544,0.640000045,11.2076483,0.0,-52.60794,0.0,13.8238544,0.640000045,11.2076483,0.0,-52.60794,0.0,0.0,0.0,0.0,0.0,0.0,0.0,0.0,2,1,7,20,11,36.7887344,63.35692,Tina Aminipour,4890,2026-09-18T13:49:49.196794,,,
DATA,90.45,13.8238544,0.640000045,11.2076483,0.0,-52.60794,0.0,12.5526562,-0.159999967,12.1792736,0.0,-52.60794,0.0,13.8238544,0.640000045,11.2076483,0.0,-52.60794,0.0,13.8238544,0.640000045,11.2076483,0.0,-52.60794,0.0,0.0,0.0,0.0,0.0,0.0,0.0,0.0,2,1,7,20,11,36.83864,63.4068222,Tina Aminipour,4890,2026-09-18T13:49:49.246864,,,
DATA,90.5,13.8238544,0.640000045,11.2076483,0.0,-52.60794,0.0,12.5526562,-0.159999967,12.1792736,0.0,-52.60794,0.0,13.8238544,0.640000045,11.2076483,0.0,-52.60794,0.0,13.8238544,0.640000045,11.2076483,0.0,-52.60794,0.0,0.0,0.0,0.0,0.0,0.0,0.0,0.0,2,1,7,20,11,36.8890762,63.45726,Tina Aminipour,4890,2026-09-18T13:49:49.297510,,,
DATA,90.551,13.8238544,0.640000045,11.2076483,0.0,-52.60794,0.0,12.5526562,-0.159999967,12.1792736,0.0,-52.60794,0.0,13.8238544,0.640000045,11.2076483,0.0,-52.60794,0.0,13.8238544,0.640000045,11.2076483,0.0,-52.60794,0.0,0.0,0.0,0.0,0.0,0.0,0.0,0.0,2,1,7,20,11,36.93994,63.5081253,Tina Aminipour,4890,2026-09-18T13:49:49.348589,,,
DATA,90.6,13.8238544,0.640000045,11.2076483,0.0,-52.60794,0.0,12.5526562,-0.159999967,12.1792736,0.0,-52.60794,0.0,13.8238544,0.640000045,11.2076483,0.0,-52.60794,0.0,13.8238544,0.640000045,11.2076483,0.0,-52.60794,0.0,0.0,0.0,0.0,0.0,0.0,0.0,0.0,2,1,7,20,11,36.9886475,63.55683,Tina Aminipour,4890,2026-09-18T13:49:49.396582,,,
DATA,90.651,13.8238544,0.640000045,11.2076483,0.0,-52.60794,0.0,12.5526562,-0.159999967,12.1792736,0.0,-52.60794,0.0,13.8238544,0.640000045,11.2076483,0.0,-52.60794,0.0,13.8238544,0.640000045,11.2076483,0.0,-52.60794,0.0,0.0,0.0,0.0,0.0,0.0,0.0,0.0,2,1,7,20,11,37.04016,63.608345,Tina Aminipour,4890,2026-09-18T13:49:49.449111,,,
DATA,90.698,13.8238544,0.640000045,11.2076483,0.0,-52.60794,0.0,12.5526562,-0.159999967,12.1792736,0.0,-52.60794,0.0,13.8238544,0.640000045,11.2076483,0.0,-52.60794,0.0,13.8238544,0.640000045,11.2076483,0.0,-52.60794,0.0,0.0,0.0,0.0,0.0,0.0,0.0,0.0,2,1,7,20,11,37.086792,63.6549759,Tina Aminipour,4890,2026-09-18T13:49:49.495032,,,
DATA,90.748,13.8238544,0.640000045,11.2076483,0.0,-52.60794,0.0,12.5526562,-0.159999967,12.1792736,0.0,-52.60794,0.0,13.8238544,0.640000045,11.2076483,0.0,-52.60794,0.0,13.8238544,0.640000045,11.2076483,0.0,-52.60794,0.0,0.0,0.0,0.0,0.0,0.0,0.0,0.0,2,1,7,20,11,37.1373062,63.70549,Tina Aminipour,4890,2026-09-18T13:49:49.545569,,,
DATA,90.801,13.8238544,0.640000045,11.2076483,0.0,-52.60794,0.0,12.5526562,-0.159999967,12.1792736,0.0,-52.60794,0.0,13.8238544,0.640000045,11.2076483,0.0,-52.60794,0.0,13.8238544,0.640000045,11.2076483,0.0,-52.60794,0.0,0.0,0.0,0.0,0.0,0.0,0.0,0.0,2,1,7,20,11,37.19005,63.7582321,Tina Aminipour,4890,2026-09-18T13:49:49.599090,,,
DATA,90.848,13.8238544,0.640000045,11.2076483,0.0,-52.60794,0.0,12.5526562,-0.159999967,12.1792736,0.0,-52.60794,0.0,13.8238544,0.640000045,11.2076483,0.0,-52.60794,0.0,13.8238544,0.640000045,11.2076483,0.0,-52.60794,0.0,0.0,0.0,0.0,0.0,0.0,0.0,0.0,2,1,7,20,11,37.2371826,63.8053665,Tina Aminipour,4890,2026-09-18T13:49:49.645664,,,
DATA,90.901,13.8238544,0.640000045,11.2076483,0.0,-52.60794,0.0,12.5526562,-0.159999967,12.1792736,0.0,-52.60794,0.0,13.8238544,0.640000045,11.2076483,0.0,-52.60794,0.0,13.8238544,0.640000045,11.2076483,0.0,-52.60794,0.0,0.0,0.0,0.0,0.0,0.0,0.0,0.0,2,1,7,20,11,37.2903137,63.8584976,Tina Aminipour,4890,2026-09-18T13:49:49.697836,,,
DATA,90.95,13.8238544,0.640000045,11.2076483,0.0,-52.60794,0.0,12.5526562,-0.159999967,12.1792736,0.0,-52.60794,0.0,13.8238544,0.640000045,11.2076483,0.0,-52.60794,0.0,13.8238544,0.640000045,11.2076483,0.0,-52.60794,0.0,0.0,0.0,0.0,0.0,0.0,0.0,0.0,2,1,7,20,11,37.3388062,63.90699,Tina Aminipour,4890,2026-09-18T13:49:49.747389,,,
DATA,91.002,13.8238544,0.640000045,11.2076483,0.0,-52.60794,0.0,12.5526562,-0.159999967,12.1792736,0.0,-52.60794,0.0,13.8238544,0.640000045,11.2076483,0.0,-52.60794,0.0,13.8238544,0.640000045,11.2076483,0.0,-52.60794,0.0,0.0,0.0,0.0,0.0,0.0,0.0,0.0,2,1,7,20,11,37.3900681,63.958252,Tina Aminipour,4890,2026-09-18T13:49:49.798670,,,
DATA,91.05,13.8238544,0.640000045,11.2076483,0.0,-52.60794,0.0,12.5526562,-0.159999967,12.1792736,0.0,-52.60794,0.0,13.8238544,0.640000045,11.2076483,0.0,-52.60794,0.0,13.8238544,0.640000045,11.2076483,0.0,-52.60794,0.0,0.0,0.0,0.0,0.0,0.0,0.0,0.0,2,1,7,20,11,37.43782,64.0060043,Tina Aminipour,4890,2026-09-18T13:49:49.845688,,,
DATA,91.1,13.8238544,0.640000045,11.2076483,0.0,-52.60794,0.0,12.5526562,-0.159999967,12.1792736,0.0,-52.60794,0.0,13.8238544,0.640000045,11.2076483,0.0,-52.60794,0.0,13.8238544,0.640000045,11.2076483,0.0,-52.60794,0.0,0.0,0.0,0.0,0.0,0.0,0.0,0.0,2,1,7,20,11,37.488884,64.05707,Tina Aminipour,4890,2026-09-18T13:49:49.897266,,,
DATA,91.151,13.8238544,0.640000045,11.2076483,0.0,-52.60794,0.0,12.5526562,-0.159999967,12.1792736,0.0,-52.60794,0.0,13.8238544,0.640000045,11.2076483,0.0,-52.60794,0.0,13.8238544,0.640000045,11.2076483,0.0,-52.60794,0.0,0.0,0.0,0.0,0.0,0.0,0.0,0.0,2,1,7,20,11,37.53961,64.1077957,Tina Aminipour,4890,2026-09-18T13:49:49.948438,,,
DATA,91.198,13.8238544,0.640000045,11.2076483,0.0,-52.60794,0.0,12.5526562,-0.159999967,12.1792736,0.0,-52.60794,0.0,13.8238544,0.640000045,11.2076483,0.0,-52.60794,0.0,13.8238544,0.640000045,11.2076483,0.0,-52.60794,0.0,0.0,0.0,0.0,0.0,0.0,0.0,0.0,2,1,7,20,11,37.5873947,64.15558,Tina Aminipour,4890,2026-09-18T13:49:49.996504,,,
DATA,91.251,13.8238544,0.640000045,11.2076483,0.0,-52.60794,0.0,12.5526562,-0.159999967,12.1792736,0.0,-52.60794,0.0,13.8238544,0.640000045,11.2076483,0.0,-52.60794,0.0,13.8238544,0.640000045,11.2076483,0.0,-52.60794,0.0,0.0,0.0,0.0,0.0,0.0,0.0,0.0,2,1,7,20,11,37.63958,64.20776,Tina Aminipour,4890,2026-09-18T13:49:50.048139,,,
DATA,91.302,13.8238544,0.640000045,11.2076483,0.0,-52.60794,0.0,12.5526562,-0.159999967,12.1792736,0.0,-52.60794,0.0,13.8238544,0.640000045,11.2076483,0.0,-52.60794,0.0,13.8238544,0.640000045,11.2076483,0.0,-52.60794,0.0,0.0,0.0,0.0,0.0,0.0,0.0,0.0,2,1,7,20,11,37.69088,64.25906,Tina Aminipour,4890,2026-09-18T13:49:50.098853,,,
DATA,91.348,13.8238544,0.640000045,11.2076483,0.0,-52.60794,0.0,12.5526562,-0.159999967,12.1792736,0.0,-52.60794,0.0,13.8238544,0.640000045,11.2076483,0.0,-52.60794,0.0,13.8238544,0.640000045,11.2076483,0.0,-52.60794,0.0,0.0,0.0,0.0,0.0,0.0,0.0,0.0,2,1,7,20,11,37.7370758,64.30526,Tina Aminipour,4890,2026-09-18T13:49:50.144500,,,
DATA,91.399,13.8238544,0.640000045,11.2076483,0.0,-52.60794,0.0,12.5526562,-0.159999967,12.1792736,0.0,-52.60794,0.0,13.8238544,0.640000045,11.2076483,0.0,-52.60794,0.0,13.8238544,0.640000045,11.2076483,0.0,-52.60794,0.0,0.0,0.0,0.0,0.0,0.0,0.0,0.0,2,1,7,20,11,37.78797,64.3561554,Tina Aminipour,4890,2026-09-18T13:49:50.196537,,,
DATA,91.45,13.8238544,0.640000045,11.2076483,0.0,-52.60794,0.0,12.5526562,-0.159999967,12.1792736,0.0,-52.60794,0.0,13.8238544,0.640000045,11.2076483,0.0,-52.60794,0.0,13.8238544,0.640000045,11.2076483,0.0,-52.60794,0.0,0.0,0.0,0.0,0.0,0.0,0.0,0.0,2,1,7,20,11,37.83851,64.40669,Tina Aminipour,4890,2026-09-18T13:49:50.246755,,,
DATA,91.5,13.8238544,0.640000045,11.2076483,0.0,-52.60794,0.0,12.5526562,-0.159999967,12.1792736,0.0,-52.60794,0.0,13.8238544,0.640000045,11.2076483,0.0,-52.60794,0.0,13.8238544,0.640000045,11.2076483,0.0,-52.60794,0.0,0.0,0.0,0.0,0.0,0.0,0.0,0.0,2,1,7,20,11,37.889534,64.45772,Tina Aminipour,4890,2026-09-18T13:49:50.297995,,,
DATA,91.553,13.8238544,0.640000045,11.2076483,0.0,-52.60794,0.0,12.5526562,-0.159999967,12.1792736,0.0,-52.60794,0.0,13.8238544,0.640000045,11.2076483,0.0,-52.60794,0.0,13.8238544,0.640000045,11.2076483,0.0,-52.60794,0.0,0.0,0.0,0.0,0.0,0.0,0.0,0.0,2,1,7,20,11,37.94094,64.5091248,Tina Aminipour,4890,2026-09-18T13:49:50.350357,,,
DATA,91.6,13.8238544,0.640000045,11.2076483,0.0,-52.60794,0.0,12.5526562,-0.159999967,12.1792736,0.0,-52.60794,0.0,13.8238544,0.640000045,11.2076483,0.0,-52.60794,0.0,13.8238544,0.640000045,11.2076483,0.0,-52.60794,0.0,0.0,0.0,0.0,0.0,0.0,0.0,0.0,2,1,7,20,11,37.9886856,64.55687,Tina Aminipour,4890,2026-09-18T13:49:50.397014,,,
DATA,91.651,13.8238544,0.640000045,11.2076483,0.0,-52.60794,0.0,12.5526562,-0.159999967,12.1792736,0.0,-52.60794,0.0,13.8238544,0.640000045,11.2076483,0.0,-52.60794,0.0,13.8238544,0.640000045,11.2076483,0.0,-52.60794,0.0,0.0,0.0,0.0,0.0,0.0,0.0,0.0,2,1,7,20,11,38.039,64.6071854,Tina Aminipour,4890,2026-09-18T13:49:50.447387,,,
DATA,91.701,13.8238544,0.640000045,11.2076483,0.0,-52.60794,0.0,12.5526562,-0.159999967,12.1792736,0.0,-52.60794,0.0,13.8238544,0.640000045,11.2076483,0.0,-52.60794,0.0,13.8238544,0.640000045,11.2076483,0.0,-52.60794,0.0,0.0,0.0,0.0,0.0,0.0,0.0,0.0,2,1,7,20,11,38.0892334,64.65742,Tina Aminipour,4890,2026-09-18T13:49:50.497396,,,
DATA,91.75,13.8238544,0.640000045,11.2076483,0.0,-52.60794,0.0,12.5526562,-0.159999967,12.1792736,0.0,-52.60794,0.0,13.8238544,0.640000045,11.2076483,0.0,-52.60794,0.0,13.8238544,0.640000045,11.2076483,0.0,-52.60794,0.0,0.0,0.0,0.0,0.0,0.0,0.0,0.0,2,1,7,20,11,38.138916,64.7071,Tina Aminipour,4890,2026-09-18T13:49:50.547596,,,
DATA,91.8,13.8238544,0.640000045,11.2076483,0.0,-52.60794,0.0,12.5526562,-0.159999967,12.1792736,0.0,-52.60794,0.0,13.8238544,0.640000045,11.2076483,0.0,-52.60794,0.0,13.8238544,0.640000045,11.2076483,0.0,-52.60794,0.0,0.0,0.0,0.0,0.0,0.0,0.0,0.0,2,1,7,20,11,38.18953,64.75771,Tina Aminipour,4890,2026-09-18T13:49:50.598001,,,
DATA,91.853,13.8238544,0.640000045,11.2076483,0.0,-52.60794,0.0,12.5526562,-0.159999967,12.1792736,0.0,-52.60794,0.0,13.8238544,0.640000045,11.2076483,0.0,-52.60794,0.0,13.8238544,0.640000045,11.2076483,0.0,-52.60794,0.0,0.0,0.0,0.0,0.0,0.0,0.0,0.0,2,1,7,20,11,38.2410965,64.80928,Tina Aminipour,4890,2026-09-18T13:49:50.649738,,,
DATA,91.9,13.8238544,0.640000045,11.2076483,0.0,-52.60794,0.0,12.5526562,-0.159999967,12.1792736,0.0,-52.60794,0.0,13.8238544,0.640000045,11.2076483,0.0,-52.60794,0.0,13.8238544,0.640000045,11.2076483,0.0,-52.60794,0.0,0.0,0.0,0.0,0.0,0.0,0.0,0.0,2,1,7,20,11,38.28881,64.8569946,Tina Aminipour,4890,2026-09-18T13:49:50.697275,,,
DATA,91.95,13.8238544,0.640000045,11.2076483,0.0,-52.60794,0.0,12.5526562,-0.159999967,12.1792736,0.0,-52.60794,0.0,13.8238544,0.640000045,11.2076483,0.0,-52.60794,0.0,13.8238544,0.640000045,11.2076483,0.0,-52.60794,0.0,0.0,0.0,0.0,0.0,0.0,0.0,0.0,2,1,7,20,11,38.33838,64.90656,Tina Aminipour,4890,2026-09-18T13:49:50.746897,,,
EVENT,91.991,,,,,,,,,,,,,,,,,,,,,,,,,,,,,,,,2,1,,,,38.37992,64.9481049,Tina Aminipour,4890,2026-09-18T13:49:50.816129,PANEL_CLOSED,PANEL_CLOSED_SUCCESS,
EVENT,92.023,,,,,,,,,,,,,,,,,,,,,,,,,,,,,,,,3,1,,,,0.0,64.9481049,Tina Aminipour,4890,2026-09-18T13:49:50.835789,GAME_EVENT,MAZE_STARTED,Maze=3; Attempt=1
DATA,92.032,-14.0,0.8,-15.6,0.0,0.0,0.0,-14.0,0.0,-14.0,0.0,0.0,0.0,-14.0,0.8,-15.6,0.0,0.0,0.0,-14.0,0.8,-15.6,0.0,0.0,0.0,0.0,0.0,0.0,0.0,0.0,0.0,0.0,3,1,0,25,11,0.0408859253,64.98899,Tina Aminipour,4890,2026-09-18T13:49:50.853865,,,
DATA,92.05,-14.0,0.798874736,-15.6,0.0,0.0,0.0,-14.0,-0.00112527609,-14.0,0.0,0.0,0.0,-14.0,0.798874736,-15.6,0.0,0.0,0.0,-14.0,0.798874736,-15.6,0.0,0.0,0.0,0.0,0.0,0.0,0.0,0.0,0.0,0.0,3,1,0,25,11,0.0592575073,65.00736,Tina Aminipour,4890,2026-09-18T13:49:50.871071,,,
DATA,92.099,-14.0,0.7811835,-15.6,0.0,0.0,0.0,-14.0,-0.01881653,-14.0,0.0,0.0,0.0,-14.0,0.7811835,-15.6,0.0,0.0,0.0,-14.0,0.7811835,-15.6,0.0,0.0,0.0,0.0,0.0,0.0,0.0,0.0,0.0,0.0,3,1,0,25,11,0.108139038,65.0562439,Tina Aminipour,4890,2026-09-18T13:49:50.897941,,,
DATA,92.15,-14.0,0.7352654,-15.6,0.0,0.0,0.0,-14.0,-0.06473464,-14.0,0.0,0.0,0.0,-14.0,0.7352654,-15.6,0.0,0.0,0.0,-14.0,0.7352654,-15.6,0.0,0.0,0.0,0.0,0.0,0.0,0.0,0.0,0.0,0.0,3,1,0,25,11,0.157974243,65.10608,Tina Aminipour,4890,2026-09-18T13:49:50.948357,,,
DATA,92.2,-14.0,0.6643702,-15.6,0.0,0.0,0.0,-14.0,-0.135629833,-14.0,0.0,0.0,0.0,-14.0,0.6643702,-15.6,0.0,0.0,0.0,-14.0,0.6643702,-15.6,0.0,0.0,0.0,0.0,0.0,0.0,0.0,0.0,0.0,0.0,3,1,0,25,11,0.20905304,65.15716,Tina Aminipour,4890,2026-09-18T13:49:50.997825,,,
DATA,92.253,-14.0,0.6399999,-15.6,0.0,0.0,0.0,-14.0,-0.160000086,-14.0,0.0,0.0,0.0,-14.0,0.6399999,-15.6,0.0,0.0,0.0,-14.0,0.6399999,-15.6,0.0,0.0,0.0,0.0,0.0,0.0,0.0,0.0,0.0,0.0,3,1,0,25,11,0.261222839,65.20933,Tina Aminipour,4890,2026-09-18T13:49:51.050361,,,
DATA,92.299,-14.0,0.6399999,-15.6,0.0,0.0,0.0,-14.0,-0.160000086,-14.0,0.0,0.0,0.0,-14.0,0.6399999,-15.6,0.0,0.0,0.0,-14.0,0.6399999,-15.6,0.0,0.0,0.0,0.0,0.0,0.0,0.0,0.0,0.0,0.0,3,1,0,25,11,0.3082199,65.2563248,Tina Aminipour,4890,2026-09-18T13:49:51.096610,,,
DATA,92.351,-14.0,0.6399999,-15.6,0.0,0.0,0.0,-14.0,-0.160000086,-14.0,0.0,0.0,0.0,-14.0,0.6399999,-15.6,0.0,0.0,0.0,-14.0,0.6399999,-15.6,0.0,0.0,0.0,0.0,0.0,0.0,0.0,0.0,0.0,0.0,3,1,0,25,11,0.3607483,65.30885,Tina Aminipour,4890,2026-09-18T13:49:51.148756,,,
DATA,92.399,-14.0,0.6399999,-15.6,0.0,0.0,0.0,-14.0,-0.160000086,-14.0,0.0,0.0,0.0,-14.0,0.6399999,-15.6,0.0,0.0,0.0,-14.0,0.6399999,-15.6,0.0,0.0,0.0,0.0,0.0,0.0,0.0,0.0,0.0,0.0,3,1,0,25,11,0.407867432,65.35597,Tina Aminipour,4890,2026-09-18T13:49:51.195877,,,
DATA,92.45,-14.0,0.6399999,-15.6,0.0,0.0,0.0,-14.0,-0.160000086,-14.0,0.0,0.0,0.0,-14.0,0.6399999,-15.6,0.0,0.0,0.0,-14.0,0.6399999,-15.6,0.0,0.0,0.0,0.0,0.0,0.0,0.0,0.0,0.0,0.0,3,1,0,25,11,0.45941925,65.4075241,Tina Aminipour,4890,2026-09-18T13:49:51.248995,,,
DATA,92.501,-14.0,0.6399999,-15.6,0.0,0.0,0.0,-14.0,-0.160000086,-14.0,0.0,0.0,0.0,-14.0,0.6399999,-15.6,0.0,0.0,0.0,-14.0,0.6399999,-15.6,0.0,0.0,0.0,0.0,0.0,0.0,0.0,0.0,0.0,0.0,3,1,0,25,11,0.5098343,65.45794,Tina Aminipour,4890,2026-09-18T13:49:51.293319,,,
DATA,92.551,-14.0,0.6399999,-15.6,0.0,0.0,0.0,-14.0,-0.160000086,-14.0,0.0,0.0,0.0,-14.0,0.6399999,-15.6,0.0,0.0,0.0,-14.0,0.6399999,-15.6,0.0,0.0,0.0,0.0,0.0,0.0,0.0,0.0,0.0,0.0,3,1,0,25,11,0.5591965,65.5073,Tina Aminipour,4890,2026-09-18T13:49:51.347703,,,
DATA,92.602,-14.0,0.6399999,-15.6,0.0,0.0,0.0,-14.0,-0.160000086,-14.0,0.0,0.0,0.0,-14.0,0.6399999,-15.6,0.0,0.0,0.0,-14.0,0.6399999,-15.6,0.0,0.0,0.0,0.0,0.0,0.0,0.0,0.0,0.0,0.0,3,1,0,25,11,0.61177063,65.5598755,Tina Aminipour,4890,2026-09-18T13:49:51.400832,,,
DATA,92.65,-14.0,0.6399999,-15.6,0.0,0.0,0.0,-14.0,-0.160000086,-14.0,0.0,0.0,0.0,-14.0,0.6399999,-15.6,0.0,0.0,0.0,-14.0,0.6399999,-15.6,0.0,0.0,0.0,0.0,0.0,0.0,0.0,0.0,0.0,0.0,3,1,0,25,11,0.6592331,65.60734,Tina Aminipour,4890,2026-09-18T13:49:51.448247,,,
DATA,92.698,-14.0,0.6399999,-15.6,0.0,0.0,0.0,-14.0,-0.160000086,-14.0,0.0,0.0,0.0,-14.0,0.6399999,-15.6,0.0,0.0,0.0,-14.0,0.6399999,-15.6,0.0,0.0,0.0,0.0,0.0,0.0,0.0,0.0,0.0,0.0,3,1,0,25,11,0.707016,65.65512,Tina Aminipour,4890,2026-09-18T13:49:51.495160,,,
DATA,92.75,-14.0,0.6399999,-15.6,0.0,0.0,0.0,-14.0,-0.160000086,-14.0,0.0,0.0,0.0,-14.0,0.6399999,-15.6,0.0,0.0,0.0,-14.0,0.6399999,-15.6,0.0,0.0,0.0,0.0,0.0,0.0,0.0,0.0,0.0,0.0,3,1,0,25,11,0.7589493,65.7070541,Tina Aminipour,4890,2026-09-18T13:49:51.548092,,,
DATA,92.797,-14.0,0.6399999,-15.6,0.0,0.0,0.0,-14.0,-0.160000086,-14.0,0.0,0.0,0.0,-14.0,0.6399999,-15.6,0.0,0.0,0.0,-14.0,0.6399999,-15.6,0.0,0.0,0.0,0.0,0.0,0.0,0.0,0.0,0.0,0.0,3,1,0,25,11,0.806907654,65.75501,Tina Aminipour,4890,2026-09-18T13:49:51.595624,,,
DATA,92.848,-14.0,0.6399999,-15.5397224,0.0,0.0,0.0,-14.0,-0.160000086,-13.9397221,0.0,0.0,0.0,-14.0,0.6399999,-15.5397224,0.0,0.0,0.0,-14.0,0.6399999,-15.5397224,0.0,0.0,0.0,0.0,0.0,1.0,0.0,0.0,0.0,0.0,3,1,0,25,11,0.857696533,65.8058,Tina Aminipour,4890,2026-09-18T13:49:51.646274,,,
DATA,92.902,-14.0,0.6399999,-15.3506994,0.0,0.0,0.0,-14.0,-0.160000086,-13.750699,0.0,0.0,0.0,-14.0,0.6399999,-15.3506994,0.0,0.0,0.0,-14.0,0.6399999,-15.3506994,0.0,0.0,0.0,0.0,0.0,1.0,0.0,0.0,0.0,0.0,3,1,0,25,11,0.911346436,65.85945,Tina Aminipour,4890,2026-09-18T13:49:51.700879,,,
DATA,92.951,-14.0,0.64,-15.1792765,0.0,0.0,0.0,-14.0,-0.160000026,-13.5792761,0.0,0.0,0.0,-14.0,0.64,-15.1792765,0.0,0.0,0.0,-14.0,0.64,-15.1792765,0.0,0.0,0.0,0.0,0.0,1.0,0.0,0.0,0.0,0.0,3,1,0,25,11,0.9599991,65.9081039,Tina Aminipour,4890,2026-09-18T13:49:51.748498,,,
DATA,92.999,-14.0,0.64,-15.0081043,0.0,0.0,0.0,-14.0,-0.160000026,-13.4081039,0.0,0.0,0.0,-14.0,0.64,-15.0081043,0.0,0.0,0.0,-14.0,0.64,-15.0081043,0.0,0.0,0.0,0.0,0.0,1.0,0.0,0.0,0.0,0.0,3,1,0,25,11,1.009079,65.9571838,Tina Aminipour,4890,2026-09-18T13:49:51.796855,,,
DATA,93.049,-14.0,0.64,-14.8378229,0.0,0.0,0.0,-14.0,-0.160000026,-13.2378225,0.0,0.0,0.0,-14.0,0.64,-14.8378229,0.0,0.0,0.0,-14.0,0.64,-14.8378229,0.0,0.0,0.0,0.0,0.0,1.0,0.0,0.0,0.0,0.0,3,1,0,25,11,1.05787659,66.00598,Tina Aminipour,4890,2026-09-18T13:49:51.846694,,,
DATA,93.101,-14.0,0.6399999,-14.652298,0.0,0.0,0.0,-14.0,-0.160000086,-13.0522976,0.0,0.0,0.0,-14.0,0.6399999,-14.652298,0.0,0.0,0.0,-14.0,0.6399999,-14.652298,0.0,0.0,0.0,0.0,0.0,1.0,0.0,0.0,0.0,0.0,3,1,0,25,11,1.110672,66.05878,Tina Aminipour,4890,2026-09-18T13:49:51.899039,,,
DATA,93.152,-14.0,0.6399999,-14.4791555,0.0,0.0,0.0,-14.0,-0.160000086,-12.8791552,0.0,0.0,0.0,-14.0,0.6399999,-14.4791555,0.0,0.0,0.0,-14.0,0.6399999,-14.4791555,0.0,0.0,0.0,0.0,0.0,1.0,0.0,0.0,0.0,0.0,3,1,0,25,11,1.160408,66.10851,Tina Aminipour,4890,2026-09-18T13:49:51.948872,,,
DATA,93.198,-14.0,0.64,-14.3123608,0.0,0.0,0.0,-14.0,-0.160000026,-12.71236,0.0,0.0,0.0,-14.0,0.64,-14.3123608,0.0,0.0,0.0,-14.0,0.64,-14.3123608,0.0,0.0,0.0,0.0,0.0,1.0,0.0,0.0,0.0,0.0,3,1,0,25,11,1.20796967,66.1560745,Tina Aminipour,4890,2026-09-18T13:49:51.996120,,,
DATA,93.25,-14.0,0.64,-14.1318808,0.0,0.0,0.0,-14.0,-0.160000026,-12.53188,0.0,0.0,0.0,-14.0,0.64,-14.1318808,0.0,0.0,0.0,-14.0,0.64,-14.1318808,0.0,0.0,0.0,0.0,0.0,1.0,0.0,0.0,0.0,0.0,3,1,0,25,11,1.259407,66.20751,Tina Aminipour,4890,2026-09-18T13:49:52.042769,,,
DATA,93.298,-14.0,0.64,-13.9639826,0.0,0.0,0.0,-14.0,-0.160000026,-12.3639822,0.0,0.0,0.0,-14.0,0.64,-13.9639826,0.0,0.0,0.0,-14.0,0.64,-13.9639826,0.0,0.0,0.0,0.0,0.0,1.0,0.0,0.0,0.0,0.0,3,1,0,25,11,1.30743408,66.25554,Tina Aminipour,4890,2026-09-18T13:49:52.096009,,,
DATA,93.349,-14.0,0.6399999,-13.7928486,0.0,0.0,0.0,-14.0,-0.160000086,-12.1928482,0.0,0.0,0.0,-14.0,0.6399999,-13.7928486,0.0,0.0,0.0,-14.0,0.6399999,-13.7928486,0.0,0.0,0.0,0.0,0.0,1.0,0.0,0.0,0.0,0.0,3,1,0,25,11,1.35707855,66.30518,Tina Aminipour,4890,2026-09-18T13:49:52.145256,,,
DATA,93.398,-14.0,0.64,-13.6168633,0.0,0.0,0.0,-14.0,-0.160000026,-12.0168629,0.0,0.0,0.0,-14.0,0.64,-13.6168633,0.0,0.0,0.0,-14.0,0.64,-13.6168633,0.0,0.0,0.0,0.0,0.0,1.0,0.0,0.0,0.0,0.0,3,1,0,25,11,1.40749359,66.3556,Tina Aminipour,4890,2026-09-18T13:49:52.196278,,,
DATA,93.454,-14.0,0.6399999,-13.4248161,0.0,0.0,0.0,-14.0,-0.160000086,-11.8248158,0.0,0.0,0.0,-14.0,0.6399999,-13.4248161,0.0,0.0,0.0,-14.0,0.6399999,-13.4248161,0.0,0.0,0.0,0.0,0.0,1.0,0.0,0.0,0.0,0.0,3,1,0,25,11,1.46244049,66.4105453,Tina Aminipour,4890,2026-09-18T13:49:52.245613,,,
DATA,93.501,-14.0,0.64,-13.257534,0.0,0.0,0.0,-14.0,-0.160000026,-11.6575336,0.0,0.0,0.0,-14.0,0.64,-13.257534,0.0,0.0,0.0,-14.0,0.64,-13.257534,0.0,0.0,0.0,0.0,0.0,1.0,0.0,0.0,0.0,0.0,3,1,0,25,11,1.50951385,66.45762,Tina Aminipour,4890,2026-09-18T13:49:52.292375,,,
DATA,93.553,-14.0,0.640000045,-13.0742245,0.0,0.0,0.0,-14.0,-0.159999967,-11.4742241,0.0,0.0,0.0,-14.0,0.640000045,-13.0742245,0.0,0.0,0.0,-14.0,0.640000045,-13.0742245,0.0,0.0,0.0,0.0,0.0,1.0,0.0,0.0,0.0,0.0,3,1,0,25,11,1.56225586,66.51036,Tina Aminipour,4890,2026-09-18T13:49:52.346020,,,
DATA,93.602,-14.0,0.64,-12.9007559,0.0,0.0,0.0,-14.0,-0.160000026,-11.3007555,0.0,0.0,0.0,-14.0,0.64,-12.9007559,0.0,0.0,0.0,-14.0,0.64,-12.9007559,0.0,0.0,0.0,0.0,0.0,1.0,0.0,0.0,0.0,0.0,3,1,0,25,11,1.61167908,66.5597839,Tina Aminipour,4890,2026-09-18T13:49:52.401122,,,
DATA,93.648,-14.0,0.64,-12.7397051,0.0,0.0,0.0,-14.0,-0.160000026,-11.1397047,0.0,0.0,0.0,-14.0,0.64,-12.7397051,0.0,0.0,0.0,-14.0,0.64,-12.7397051,0.0,0.0,0.0,0.0,0.0,1.0,0.0,0.0,0.0,0.0,3,1,0,25,11,1.65756989,66.6056747,Tina Aminipour,4890,2026-09-18T13:49:52.446567,,,
DATA,93.699,-14.0,0.640000045,-12.5633507,0.0,0.0,0.0,-14.0,-0.159999967,-10.96335,0.0,0.0,0.0,-14.0,0.640000045,-12.5633507,0.0,0.0,0.0,-14.0,0.640000045,-12.5633507,0.0,0.0,0.0,0.0,0.0,1.0,0.0,0.0,0.0,0.0,3,1,0,25,11,1.708168,66.65627,Tina Aminipour,4890,2026-09-18T13:49:52.496974,,,
DATA,93.75,-14.0,0.640000045,-12.382987,0.0,0.0,0.0,-14.0,-0.159999967,-10.7829866,0.0,0.0,0.0,-14.0,0.640000045,-12.382987,0.0,0.0,0.0,-14.0,0.640000045,-12.382987,0.0,0.0,0.0,0.0,0.0,1.0,0.0,0.0,0.0,0.0,3,1,0,25,11,1.75948334,66.70759,Tina Aminipour,4890,2026-09-18T13:49:52.548905,,,
DATA,93.8,-14.0,0.6399999,-12.296505,0.0,0.0,0.0,-14.0,-0.160000086,-10.6965046,0.0,0.0,0.0,-14.0,0.6399999,-12.296505,0.0,0.0,0.0,-14.0,0.6399999,-12.296505,0.0,0.0,0.0,0.0,0.0,0.0,0.0,0.0,0.0,0.0,3,1,0,25,11,1.80987549,66.75798,Tina Aminipour,4890,2026-09-18T13:49:52.598413,,,
DATA,93.852,-14.0,0.6399999,-12.296505,0.0,0.0,0.0,-14.0,-0.160000086,-10.6965046,0.0,0.0,0.0,-14.0,0.6399999,-12.296505,0.0,0.0,0.0,-14.0,0.6399999,-12.296505,0.0,0.0,0.0,0.0,0.0,0.0,0.0,0.0,0.0,0.0,3,1,0,25,11,1.86103058,66.8091354,Tina Aminipour,4890,2026-09-18T13:49:52.649644,,,
DATA,93.9,-14.0,0.6399999,-12.296505,0.0,0.0,0.0,-14.0,-0.160000086,-10.6965046,0.0,0.0,0.0,-14.0,0.6399999,-12.296505,0.0,0.0,0.0,-14.0,0.6399999,-12.296505,0.0,0.0,0.0,0.0,0.0,0.0,0.0,0.0,0.0,0.0,3,1,0,25,11,1.90997314,66.85808,Tina Aminipour,4890,2026-09-18T13:49:52.698922,,,
DATA,93.954,-14.0,0.639999866,-12.296505,0.0,0.0,0.0,-14.0,-0.160000145,-10.6965046,0.0,0.0,0.0,-14.0,0.639999866,-12.296505,0.0,0.0,0.0,-14.0,0.639999866,-12.296505,0.0,0.0,0.0,0.0,0.0,0.0,0.0,0.0,0.0,0.0,3,1,0,25,11,1.96315,66.9112549,Tina Aminipour,4890,2026-09-18T13:49:52.751853,,,
DATA,93.999,-14.0,0.639999866,-12.296505,0.0,0.0,0.0,-14.0,-0.160000145,-10.6965046,0.0,0.0,0.0,-14.0,0.639999866,-12.296505,0.0,0.0,0.0,-14.0,0.639999866,-12.296505,0.0,0.0,0.0,0.0,0.0,0.0,0.0,0.0,0.0,0.0,3,1,0,25,11,2.00740051,66.9555054,Tina Aminipour,4890,2026-09-18T13:49:52.795936,,,
DATA,94.053,-14.0,0.639999866,-12.296505,0.0,0.0,0.0,-14.0,-0.160000145,-10.6965046,0.0,0.0,0.0,-14.0,0.639999866,-12.296505,0.0,0.0,0.0,-14.0,0.639999866,-12.296505,0.0,0.0,0.0,0.0,0.0,0.0,0.0,0.0,0.0,0.0,3,1,0,25,11,2.061943,67.01005,Tina Aminipour,4890,2026-09-18T13:49:52.850063,,,
DATA,94.099,-14.0,0.639999866,-12.296505,0.0,0.0,0.0,-14.0,-0.160000145,-10.6965046,0.0,0.0,0.0,-14.0,0.639999866,-12.296505,0.0,0.0,0.0,-14.0,0.639999866,-12.296505,0.0,0.0,0.0,0.0,0.0,0.0,0.0,0.0,0.0,0.0,3,1,0,25,11,2.10882568,67.05693,Tina Aminipour,4890,2026-09-18T13:49:52.896155,,,
DATA,94.149,-14.0,0.639999866,-12.296505,0.0,0.0,0.0,-14.0,-0.160000145,-10.6965046,0.0,0.0,0.0,-14.0,0.639999866,-12.296505,0.0,0.0,0.0,-14.0,0.639999866,-12.296505,0.0,0.0,0.0,0.0,0.0,0.0,0.0,0.0,0.0,0.0,3,1,0,25,11,2.157837,67.10594,Tina Aminipour,4890,2026-09-18T13:49:52.946382,,,
DATA,94.198,-14.0,0.639999866,-12.296505,0.0,0.0,0.0,-14.0,-0.160000145,-10.6965046,0.0,0.0,0.0,-14.0,0.639999866,-12.296505,0.0,0.0,0.0,-14.0,0.639999866,-12.296505,0.0,0.0,0.0,0.0,0.0,0.0,0.0,0.0,0.0,0.0,3,1,0,25,11,2.20690155,67.15501,Tina Aminipour,4890,2026-09-18T13:49:52.994898,,,
DATA,94.251,-14.0,0.639999866,-12.296505,0.0,0.0,0.0,-14.0,-0.160000145,-10.6965046,0.0,0.0,0.0,-14.0,0.639999866,-12.296505,0.0,0.0,0.0,-14.0,0.639999866,-12.296505,0.0,0.0,0.0,0.0,0.0,0.0,0.0,0.0,0.0,0.0,3,1,0,25,11,2.26003265,67.20814,Tina Aminipour,4890,2026-09-18T13:49:53.048829,,,
EVENT,94.276,,,,,,,,,,,,,,,,,,,,,,,,,,,,,,,,3,1,,,,2.28321075,67.2313156,Tina Aminipour,4890,2026-09-18T13:49:53.068290,PANEL_EVENT,PANEL_OPENED_EXIT_CONFIRMATION,Exit confirmation panel opened.
DATA,94.298,-14.0,0.639999866,-12.296505,0.0,0.0,0.0,-14.0,-0.160000145,-10.6965046,0.0,0.0,0.0,-14.0,0.639999866,-12.296505,0.0,0.0,0.0,-14.0,0.639999866,-12.296505,0.0,0.0,0.0,0.0,0.0,0.0,0.0,0.0,0.0,1.0,3,1,0,25,11,2.30796051,67.2560654,Tina Aminipour,4890,2026-09-18T13:49:53.096065,,,
DATA,94.352,-14.0,0.639999866,-12.296505,0.0,0.0,0.0,-14.0,-0.160000145,-10.6965046,0.0,0.0,0.0,-14.0,0.639999866,-12.296505,0.0,0.0,0.0,-14.0,0.639999866,-12.296505,0.0,0.0,0.0,0.0,0.0,0.0,0.0,0.0,0.0,1.0,3,1,0,25,11,2.36090851,67.30901,Tina Aminipour,4890,2026-09-18T13:49:53.149543,,,
DATA,94.403,-14.0,0.639999866,-12.296505,0.0,0.0,0.0,-14.0,-0.160000145,-10.6965046,0.0,0.0,0.0,-14.0,0.639999866,-12.296505,0.0,0.0,0.0,-14.0,0.639999866,-12.296505,0.0,0.0,0.0,0.0,0.0,0.0,0.0,0.0,0.0,1.0,3,1,0,25,11,2.41189575,67.36,Tina Aminipour,4890,2026-09-18T13:49:53.201276,,,
DATA,94.452,-14.0,0.639999866,-12.296505,0.0,0.0,0.0,-14.0,-0.160000145,-10.6965046,0.0,0.0,0.0,-14.0,0.639999866,-12.296505,0.0,0.0,0.0,-14.0,0.639999866,-12.296505,0.0,0.0,0.0,0.0,0.0,0.0,0.0,0.0,0.0,1.0,3,1,0,25,11,2.46109,67.4091949,Tina Aminipour,4890,2026-09-18T13:49:53.249109,,,
DATA,94.498,-14.0,0.639999866,-12.296505,0.0,0.0,0.0,-14.0,-0.160000145,-10.6965046,0.0,0.0,0.0,-14.0,0.639999866,-12.296505,0.0,0.0,0.0,-14.0,0.639999866,-12.296505,0.0,0.0,0.0,0.0,0.0,0.0,0.0,0.0,0.0,1.0,3,1,0,25,11,2.50793457,67.45604,Tina Aminipour,4890,2026-09-18T13:49:53.297798,,,
DATA,94.548,-14.0,0.639999866,-12.296505,0.0,0.0,0.0,-14.0,-0.160000145,-10.6965046,0.0,0.0,0.0,-14.0,0.639999866,-12.296505,0.0,0.0,0.0,-14.0,0.639999866,-12.296505,0.0,0.0,0.0,0.0,0.0,0.0,0.0,0.0,0.0,0.0,3,1,0,25,11,2.55726624,67.50537,Tina Aminipour,4890,2026-09-18T13:49:53.345006,,,
DATA,94.599,-14.0,0.639999866,-12.296505,0.0,0.0,0.0,-14.0,-0.160000145,-10.6965046,0.0,0.0,0.0,-14.0,0.639999866,-12.296505,0.0,0.0,0.0,-14.0,0.639999866,-12.296505,0.0,0.0,0.0,0.0,0.0,0.0,0.0,0.0,0.0,0.0,3,1,0,25,11,2.60852051,67.5566254,Tina Aminipour,4890,2026-09-18T13:49:53.396357,,,
DATA,94.654,-14.0,0.639999866,-12.3163719,0.0,0.0,0.0,-14.0,-0.160000145,-10.6965046,0.0,0.0,0.0,-14.0,0.639999866,-12.3163719,0.0,0.0,0.0,-14.0,0.639999866,-12.3163719,0.0,0.0,0.0,0.0,0.0,0.0,0.0,0.0,-1.0,0.0,3,1,0,25,11,2.66251373,67.61062,Tina Aminipour,4890,2026-09-18T13:49:53.446321,,,
DATA,94.698,-14.0,0.639999866,-12.3142967,0.0,0.0,0.0,-14.0,-0.160000145,-10.6965046,0.0,0.0,0.0,-14.0,0.639999866,-12.3142967,0.0,0.0,0.0,-14.0,0.639999866,-12.3142967,0.0,0.0,0.0,0.0,0.0,0.0,0.0,0.0,-1.0,0.0,3,1,0,25,11,2.70755,67.6556549,Tina Aminipour,4890,2026-09-18T13:49:53.490815,,,
DATA,94.751,-14.0,0.639999866,-12.3120461,0.0,0.0,0.0,-14.0,-0.160000145,-10.6965046,0.0,0.0,0.0,-14.0,0.639999866,-12.3120461,0.0,0.0,0.0,-14.0,0.639999866,-12.3120461,0.0,0.0,0.0,0.0,0.0,0.0,0.0,0.0,-1.0,0.0,3,1,0,25,11,2.760292,67.7084,Tina Aminipour,4890,2026-09-18T13:49:53.544114,,,
DATA,94.803,-14.0,0.639999866,-12.296505,0.0,0.0,0.0,-14.0,-0.160000145,-10.6965046,0.0,0.0,0.0,-14.0,0.639999866,-12.296505,0.0,0.0,0.0,-14.0,0.639999866,-12.296505,0.0,0.0,0.0,0.0,0.0,0.0,0.0,0.0,0.0,0.0,3,1,0,25,11,2.812149,67.7602539,Tina Aminipour,4890,2026-09-18T13:49:53.601033,,,
DATA,94.85,-14.0,0.639999866,-12.296505,0.0,0.0,0.0,-14.0,-0.160000145,-10.6965046,0.0,0.0,0.0,-14.0,0.639999866,-12.296505,0.0,0.0,0.0,-14.0,0.639999866,-12.296505,0.0,0.0,0.0,0.0,0.0,0.0,0.0,0.0,0.0,0.0,3,1,0,25,11,2.85827637,67.80638,Tina Aminipour,4890,2026-09-18T13:49:53.647830,,,
DATA,94.902,-14.0,0.639999866,-12.296505,0.0,0.0,0.0,-14.0,-0.160000145,-10.6965046,0.0,0.0,0.0,-14.0,0.639999866,-12.296505,0.0,0.0,0.0,-14.0,0.639999866,-12.296505,0.0,0.0,0.0,0.0,0.0,0.0,0.0,0.0,0.0,0.0,3,1,0,25,11,2.91110229,67.85921,Tina Aminipour,4890,2026-09-18T13:49:53.698909,,,
DATA,94.951,-14.0,0.639999866,-12.296505,0.0,0.0,0.0,-14.0,-0.160000145,-10.6965046,0.0,0.0,0.0,-14.0,0.639999866,-12.296505,0.0,0.0,0.0,-14.0,0.639999866,-12.296505,0.0,0.0,0.0,0.0,0.0,0.0,0.0,0.0,0.0,0.0,3,1,0,25,11,2.95927429,67.90738,Tina Aminipour,4890,2026-09-18T13:49:53.747607,,,
DATA,95.001,-14.0,0.639999866,-12.296505,0.0,0.0,0.0,-14.0,-0.160000145,-10.6965046,0.0,0.0,0.0,-14.0,0.639999866,-12.296505,0.0,0.0,0.0,-14.0,0.639999866,-12.296505,0.0,0.0,0.0,0.0,0.0,0.0,0.0,0.0,0.0,0.0,3,1,0,25,11,3.00982666,67.95793,Tina Aminipour,4890,2026-09-18T13:49:53.798290,,,
DATA,95.049,-14.0,0.639999866,-12.296505,0.0,0.0,0.0,-14.0,-0.160000145,-10.6965046,0.0,0.0,0.0,-14.0,0.639999866,-12.296505,0.0,0.0,0.0,-14.0,0.639999866,-12.296505,0.0,0.0,0.0,0.0,0.0,0.0,0.0,0.0,0.0,0.0,3,1,0,25,11,3.058136,68.00624,Tina Aminipour,4890,2026-09-18T13:49:53.846556,,,
DATA,95.099,-14.0,0.639999866,-12.296505,0.0,0.0,0.0,-14.0,-0.160000145,-10.6965046,0.0,0.0,0.0,-14.0,0.639999866,-12.296505,0.0,0.0,0.0,-14.0,0.639999866,-12.296505,0.0,0.0,0.0,0.0,0.0,0.0,0.0,0.0,0.0,0.0,3,1,0,25,11,3.107872,68.05598,Tina Aminipour,4890,2026-09-18T13:49:53.896867,,,
DATA,95.148,-14.0,0.639999866,-12.296505,0.0,0.0,0.0,-14.0,-0.160000145,-10.6965046,0.0,0.0,0.0,-14.0,0.639999866,-12.296505,0.0,0.0,0.0,-14.0,0.639999866,-12.296505,0.0,0.0,0.0,0.0,0.0,0.0,0.0,0.0,0.0,0.0,3,1,0,25,11,3.1574707,68.1055756,Tina Aminipour,4890,2026-09-18T13:49:53.945322,,,
DATA,95.203,-14.0,0.639999866,-12.296505,0.0,0.0,0.0,-14.0,-0.160000145,-10.6965046,0.0,0.0,0.0,-14.0,0.639999866,-12.296505,0.0,0.0,0.0,-14.0,0.639999866,-12.296505,0.0,0.0,0.0,0.0,0.0,0.0,0.0,0.0,0.0,0.0,3,1,0,25,11,3.21121216,68.15932,Tina Aminipour,4890,2026-09-18T13:49:54.000477,,,
DATA,95.251,-14.0,0.639999866,-12.296505,0.0,0.0,0.0,-14.0,-0.160000145,-10.6965046,0.0,0.0,0.0,-14.0,0.639999866,-12.296505,0.0,0.0,0.0,-14.0,0.639999866,-12.296505,0.0,0.0,0.0,0.0,0.0,0.0,0.0,0.0,0.0,0.0,3,1,0,25,11,3.260109,68.20821,Tina Aminipour,4890,2026-09-18T13:49:54.048574,,,
DATA,95.298,-14.0,0.639999866,-12.296505,0.0,0.0,0.0,-14.0,-0.160000145,-10.6965046,0.0,0.0,0.0,-14.0,0.639999866,-12.296505,0.0,0.0,0.0,-14.0,0.639999866,-12.296505,0.0,0.0,0.0,0.0,0.0,0.0,0.0,0.0,0.0,0.0,3,1,0,25,11,3.307953,68.25606,Tina Aminipour,4890,2026-09-18T13:49:54.096184,,,
DATA,95.353,-14.0,0.639999866,-12.296505,0.0,0.0,0.0,-14.0,-0.160000145,-10.6965046,0.0,0.0,0.0,-14.0,0.639999866,-12.296505,0.0,0.0,0.0,-14.0,0.639999866,-12.296505,0.0,0.0,0.0,0.0,0.0,0.0,0.0,0.0,0.0,0.0,3,1,0,25,11,3.36122131,68.3093262,Tina Aminipour,4890,2026-09-18T13:49:54.149368,,,
DATA,95.4,-14.0,0.639999866,-12.296505,0.0,0.0,0.0,-14.0,-0.160000145,-10.6965046,0.0,0.0,0.0,-14.0,0.639999866,-12.296505,0.0,0.0,0.0,-14.0,0.639999866,-12.296505,0.0,0.0,0.0,0.0,0.0,0.0,0.0,0.0,0.0,0.0,3,1,0,25,11,3.40989685,68.358,Tina Aminipour,4890,2026-09-18T13:49:54.197140,,,
DATA,95.452,-14.0,0.639999866,-12.296505,0.0,0.0,0.0,-14.0,-0.160000145,-10.6965046,0.0,0.0,0.0,-14.0,0.639999866,-12.296505,0.0,0.0,0.0,-14.0,0.639999866,-12.296505,0.0,0.0,0.0,0.0,0.0,0.0,0.0,0.0,0.0,0.0,3,1,0,25,11,3.45991516,68.40802,Tina Aminipour,4890,2026-09-18T13:49:54.248304,,,
DATA,95.498,-14.0,0.639999866,-12.296505,0.0,0.0,0.0,-14.0,-0.160000145,-10.6965046,0.0,0.0,0.0,-14.0,0.639999866,-12.296505,0.0,0.0,0.0,-14.0,0.639999866,-12.296505,0.0,0.0,0.0,0.0,0.0,0.0,0.0,0.0,0.0,0.0,3,1,0,25,11,3.50748444,68.45559,Tina Aminipour,4890,2026-09-18T13:49:54.296053,,,
DATA,95.552,-14.0,0.639999866,-12.296505,0.0,0.0,0.0,-14.0,-0.160000145,-10.6965046,0.0,0.0,0.0,-14.0,0.639999866,-12.296505,0.0,0.0,0.0,-14.0,0.639999866,-12.296505,0.0,0.0,0.0,0.0,0.0,0.0,0.0,0.0,0.0,0.0,3,1,0,25,11,3.56098938,68.5090942,Tina Aminipour,4890,2026-09-18T13:49:54.349959,,,
DATA,95.6,-14.0,0.639999866,-12.296505,0.0,0.0,0.0,-14.0,-0.160000145,-10.6965046,0.0,0.0,0.0,-14.0,0.639999866,-12.296505,0.0,0.0,0.0,-14.0,0.639999866,-12.296505,0.0,0.0,0.0,0.0,0.0,0.0,0.0,0.0,0.0,0.0,3,1,0,25,11,3.60903168,68.55714,Tina Aminipour,4890,2026-09-18T13:49:54.397138,,,
DATA,95.653,-14.0,0.639999866,-12.296505,0.0,0.0,0.0,-14.0,-0.160000145,-10.6965046,0.0,0.0,0.0,-14.0,0.639999866,-12.296505,0.0,0.0,0.0,-14.0,0.639999866,-12.296505,0.0,0.0,0.0,0.0,0.0,0.0,0.0,0.0,0.0,0.0,3,1,0,25,11,3.6618042,68.60991,Tina Aminipour,4890,2026-09-18T13:49:54.450341,,,
DATA,95.702,-14.0,0.639999866,-12.296505,0.0,0.0,0.0,-14.0,-0.160000145,-10.6965046,0.0,0.0,0.0,-14.0,0.639999866,-12.296505,0.0,0.0,0.0,-14.0,0.639999866,-12.296505,0.0,0.0,0.0,0.0,0.0,0.0,0.0,0.0,0.0,0.0,3,1,0,25,11,3.71079254,68.6589,Tina Aminipour,4890,2026-09-18T13:49:54.499696,,,
DATA,95.751,-14.0,0.639999866,-12.296505,0.0,0.0,0.0,-14.0,-0.160000145,-10.6965046,0.0,0.0,0.0,-14.0,0.639999866,-12.296505,0.0,0.0,0.0,-14.0,0.639999866,-12.296505,0.0,0.0,0.0,0.0,0.0,0.0,0.0,0.0,0.0,0.0,3,1,0,25,11,3.75925446,68.70736,Tina Aminipour,4890,2026-09-18T13:49:54.547470,,,
DATA,95.802,-14.0,0.639999866,-12.296505,0.0,0.0,0.0,-14.0,-0.160000145,-10.6965046,0.0,0.0,0.0,-14.0,0.639999866,-12.296505,0.0,0.0,0.0,-14.0,0.639999866,-12.296505,0.0,0.0,0.0,0.0,0.0,0.0,0.0,0.0,0.0,0.0,3,1,0,25,11,3.81145477,68.75956,Tina Aminipour,4890,2026-09-18T13:49:54.599273,,,
DATA,95.848,-14.0,0.639999866,-12.296505,0.0,0.0,0.0,-14.0,-0.160000145,-10.6965046,0.0,0.0,0.0,-14.0,0.639999866,-12.296505,0.0,0.0,0.0,-14.0,0.639999866,-12.296505,0.0,0.0,0.0,0.0,0.0,0.0,0.0,0.0,0.0,0.0,3,1,0,25,11,3.85691071,68.8050156,Tina Aminipour,4890,2026-09-18T13:49:54.645163,,,
DATA,95.9,-14.0,0.639999866,-12.296505,0.0,0.0,0.0,-14.0,-0.160000145,-10.6965046,0.0,0.0,0.0,-14.0,0.639999866,-12.296505,0.0,0.0,0.0,-14.0,0.639999866,-12.296505,0.0,0.0,0.0,0.0,0.0,0.0,0.0,0.0,0.0,0.0,3,1,0,25,11,3.90869141,68.8568,Tina Aminipour,4890,2026-09-18T13:49:54.697101,,,
EVENT,95.939,,,,,,,,,,,,,,,,,,,,,,,,,,,,,,,,3,1,,,,3.94660187,68.89471,Tina Aminipour,4890,2026-09-18T13:49:54.730921,BUTTON_EVENT,EXIT_YES_SELECTED,YES option selected in Exit confirmation panel.
DATA,95.95,-14.0157242,0.639999866,-12.296505,0.0,0.0,0.0,-14.0,-0.160000145,-10.6965046,0.0,0.0,0.0,-14.0157242,0.639999866,-12.296505,0.0,0.0,0.0,-14.0157242,0.639999866,-12.296505,0.0,0.0,0.0,0.0,0.0,0.0,0.0,-1.0,0.0,0.0,3,1,0,25,11,3.95947266,68.90758,Tina Aminipour,4890,2026-09-18T13:49:54.743483,,,
DATA,96.003,-14.0158691,0.639999866,-12.296505,0.0,0.0,0.0,-14.0,-0.160000145,-10.6965046,0.0,0.0,0.0,-14.0158691,0.639999866,-12.296505,0.0,0.0,0.0,-14.0158691,0.639999866,-12.296505,0.0,0.0,0.0,0.0,0.0,0.0,0.0,-1.0,0.0,0.0,3,1,0,25,11,4.01200867,68.96011,Tina Aminipour,4890,2026-09-18T13:49:54.795384,,,
DATA,96.053,-14.0180016,0.639999866,-12.296505,0.0,0.0,0.0,-14.0,-0.160000145,-10.6965046,0.0,0.0,0.0,-14.0180016,0.639999866,-12.296505,0.0,0.0,0.0,-14.0180016,0.639999866,-12.296505,0.0,0.0,0.0,0.0,0.0,0.0,0.0,-1.0,0.0,0.0,3,1,0,25,11,4.06222534,69.01033,Tina Aminipour,4890,2026-09-18T13:49:54.845701,,,
DATA,96.1,-14.0,0.639999866,-12.296505,0.0,0.0,0.0,-14.0,-0.160000145,-10.6965046,0.0,0.0,0.0,-14.0,0.639999866,-12.296505,0.0,0.0,0.0,-14.0,0.639999866,-12.296505,0.0,0.0,0.0,0.0,0.0,0.0,0.0,0.0,0.0,0.0,3,1,0,25,11,4.10868835,69.05679,Tina Aminipour,4890,2026-09-18T13:49:54.896338,,,
DATA,96.153,-14.0,0.639999866,-12.296505,0.0,0.0,0.0,-14.0,-0.160000145,-10.6965046,0.0,0.0,0.0,-14.0,0.639999866,-12.296505,0.0,0.0,0.0,-14.0,0.639999866,-12.296505,0.0,0.0,0.0,0.0,0.0,0.0,0.0,0.0,0.0,0.0,3,1,0,25,11,4.16134644,69.10945,Tina Aminipour,4890,2026-09-18T13:49:54.950017,,,
DATA,96.198,-14.0,0.639999866,-12.296505,0.0,0.0,0.0,-14.0,-0.160000145,-10.6965046,0.0,0.0,0.0,-14.0,0.639999866,-12.296505,0.0,0.0,0.0,-14.0,0.639999866,-12.296505,0.0,0.0,0.0,0.0,0.0,0.0,0.0,0.0,0.0,0.0,3,1,0,25,11,4.20782471,69.15593,Tina Aminipour,4890,2026-09-18T13:49:54.995778,,,
DATA,96.249,-14.0,0.639999866,-12.296505,0.0,0.0,0.0,-14.0,-0.160000145,-10.6965046,0.0,0.0,0.0,-14.0,0.639999866,-12.296505,0.0,0.0,0.0,-14.0,0.639999866,-12.296505,0.0,0.0,0.0,0.0,0.0,0.0,0.0,0.0,0.0,0.0,3,1,0,25,11,4.25725555,69.20536,Tina Aminipour,4890,2026-09-18T13:49:55.045931,,,
DATA,96.299,-14.0,0.639999866,-12.296505,0.0,0.0,0.0,-14.0,-0.160000145,-10.6965046,0.0,0.0,0.0,-14.0,0.639999866,-12.296505,0.0,0.0,0.0,-14.0,0.639999866,-12.296505,0.0,0.0,0.0,0.0,0.0,0.0,0.0,0.0,0.0,0.0,3,1,0,25,11,4.307602,69.25571,Tina Aminipour,4890,2026-09-18T13:49:55.095285,,,
DATA,96.353,-14.0,0.639999866,-12.296505,0.0,0.0,0.0,-14.0,-0.160000145,-10.6965046,0.0,0.0,0.0,-14.0,0.639999866,-12.296505,0.0,0.0,0.0,-14.0,0.639999866,-12.296505,0.0,0.0,0.0,0.0,0.0,0.0,0.0,0.0,0.0,0.0,3,1,0,25,11,4.361145,69.30925,Tina Aminipour,4890,2026-09-18T13:49:55.149519,,,
DATA,96.4,-14.0,0.639999866,-12.296505,0.0,0.0,0.0,-14.0,-0.160000145,-10.6965046,0.0,0.0,0.0,-14.0,0.639999866,-12.296505,0.0,0.0,0.0,-14.0,0.639999866,-12.296505,0.0,0.0,0.0,0.0,0.0,0.0,0.0,0.0,0.0,0.0,3,1,0,25,11,4.40864563,69.35675,Tina Aminipour,4890,2026-09-18T13:49:55.197089,,,
DATA,96.45,-14.0,0.639999866,-12.296505,0.0,0.0,0.0,-14.0,-0.160000145,-10.6965046,0.0,0.0,0.0,-14.0,0.639999866,-12.296505,0.0,0.0,0.0,-14.0,0.639999866,-12.296505,0.0,0.0,0.0,0.0,0.0,0.0,0.0,0.0,0.0,0.0,3,1,0,25,11,4.459938,69.40804,Tina Aminipour,4890,2026-09-18T13:49:55.248631,,,
DATA,96.503,-14.0,0.639999866,-12.296505,0.0,0.0,0.0,-14.0,-0.160000145,-10.6965046,0.0,0.0,0.0,-14.0,0.639999866,-12.296505,0.0,0.0,0.0,-14.0,0.639999866,-12.296505,0.0,0.0,0.0,0.0,0.0,0.0,0.0,0.0,0.0,0.0,3,1,0,25,11,4.511589,69.4596939,Tina Aminipour,4890,2026-09-18T13:49:55.299189,,,
DATA,96.55,-14.0,0.639999866,-12.296505,0.0,0.0,0.0,-14.0,-0.160000145,-10.6965046,0.0,0.0,0.0,-14.0,0.639999866,-12.296505,0.0,0.0,0.0,-14.0,0.639999866,-12.296505,0.0,0.0,0.0,0.0,0.0,0.0,0.0,0.0,0.0,0.0,3,1,0,25,11,4.55845642,69.50656,Tina Aminipour,4890,2026-09-18T13:49:55.347292,,,
DATA,96.599,-14.0,0.639999866,-12.296505,0.0,0.0,0.0,-14.0,-0.160000145,-10.6965046,0.0,0.0,0.0,-14.0,0.639999866,-12.296505,0.0,0.0,0.0,-14.0,0.639999866,-12.296505,0.0,0.0,0.0,0.0,0.0,0.0,0.0,0.0,0.0,1.0,3,1,0,25,11,4.60800171,69.55611,Tina Aminipour,4890,2026-09-18T13:49:55.419040,,,
EVENT,96.599,,,,,,,,,,,,,,,,,,,,,,,,,,,,,,,,3,1,,,,4.60800171,69.55611,Tina Aminipour,4890,2026-09-18T13:49:55.442773,BUTTON_EVENT,EXIT_YES_CONFIRMED,YES confirmed. Game exit requested.
EVENT,96.6,,,,,,,,,,,,,,,,,,,,,,,,,,,,,,,,3,1,,,,4.60800171,69.55611,Tina Aminipour,4890,2026-09-18T13:49:55.459496,PANEL_EVENT,PANEL_CLOSED_EXIT_CONFIRMATION,Exit confirmation panel closed after YES.
EVENT,96.6,,,,,,,,,,,,,,,,,,,,,,,,,,,,,,,,3,1,,,,4.60800171,69.55611,Tina Aminipour,4890,2026-09-18T13:49:55.480338,GAME_EVENT,MAZE_EXIT,Result=FAILED - EXIT; MazeDuration=4.608; CollectedCoins=0
EVENT,96.612,,,,,,,,,,,,,,,,,,,,,,,,,,,,,,,,3,1,,,,4.60800171,69.55611,Tina Aminipour,4890,2026-09-18T13:49:55.495686,PANEL_OPENED,PANEL_OPENED_FINAL_GAME,
EVENT,96.626,,,,,,,,,,,,,,,,,,,,,,,,,,,,,,,,3,1,,,,4.60800171,69.55611,Tina Aminipour,4890,2026-09-18T13:49:55.528946,GAME_EVENT,GAME_FINISHED_FAILED,FinalResult=FAILED - EXIT; TotalGameTime=69.556; TotalScore=11; TotalCoinsCollected=11; HighestCompletedMaze=2
